,f_star_unscaled,choice_ev,choice_fair_odds,choice_real_odds,choice_idx,choice_decimal_odds,choice_proba,choice_risk_proba,pred_winner,choice_american_odds,moneyline_allowed,parlay_net,parlay_net_odds,parlay_ev,regular_parlay_net,heavy_parlay_net,uncertainty_multiplier,event_multiplier,event_total_fstar,bankroll_pct_change,bankroll_postevent,vegas_acc_choice,event_payout_money_line,event_ml_net_odds,avg_choice_edge,fight_payout,net_odds,choice_fstar,kelly_edge,choice_edge,date,fighter_red,fighter_blue,winner,red_proba,blue_proba,open_red,open_blue,real_odds_blue,real_odds_red,fstar_net
0,0.1687026697185439,0.1302281792303862,1.81919314179938,1.806451612903225,1,1.806451612903225,0.6256620277882498,0.6256620277882498,1,-124,True,74.33492359992562,1.666666666666666,0.20417664103516064,74.33492359992562,0.0,0.7281877157312685,0.7281877157312685,0.3259760565207,0.31193214558287596,655.966072791438,1.0,81.63114919151238,2.1373429437945566,0.04371823513297909,49.532142621512904,0.8064516129032251,0.12283971370135212,0.1687026697185439,0.07596778311289265,2024-05-11,joaquin buckley,nursulton ruziboev,1.0,0.6256620277882498,0.3743379722117502,-148.0,124.0,2.2,1.806451612903225,0.12283971370135212
1,0.0,-0.07852191593949309,1.6490988769273702,1.617283950617284,1,1.617283950617284,0.5697688916710004,0.5697688916710004,1,-162,True,74.33492359992562,1.666666666666666,0.20417664103516064,74.33492359992562,0.0,0.7281877157312685,0.7281877157312685,0.3259760565207,0.31193214558287596,655.966072791438,1.0,81.63114919151238,2.1373429437945566,0.04371823513297909,0.0,0.0,0.0,0.0,-0.03662288628182764,2024-05-11,derrick lewis,rodrigo nascimento,1.0,0.5697688916710004,0.4302311083289996,-162.0,136.0,2.45,1.617283950617284,0.0
2,0.03607825651546013,0.00730275259856733,1.901115029345693,1.8547008547008548,0,1.8547008547008548,0.5431079357328681,0.5431079357328681,0,-117,True,74.33492359992562,1.666666666666666,0.20417664103516064,74.33492359992562,0.0,0.7281877157312685,0.7281877157312685,0.3259760565207,0.31193214558287596,655.966072791438,1.0,81.63114919151238,2.1373429437945566,0.04371823513297909,11.22655542718313,0.8547008547008548,0.026270139699608522,0.03607825651546013,0.017100837496329513,2024-05-11,jj aldrich,veronica hardy,0.0,0.4568920642671319,0.5431079357328681,124.0,-148.0,1.8547008547008548,2.05,0.026270139699608522
3,0.1203942937190496,0.06542790488123279,1.4627252285663737,1.4761904761904765,0,1.4761904761904765,0.7217414839518027,0.7217414839518027,0,-210,True,74.33492359992562,1.666666666666666,0.20417664103516064,74.33492359992562,0.0,0.7281877157312685,0.7281877157312685,0.3259760565207,0.31193214558287596,655.966072791438,1.0,81.63114919151238,2.1373429437945566,0.04371823513297909,20.872451142816345,0.4761904761904765,0.0876642947998286,0.1203942937190496,0.03808608478971509,2024-05-11,alex caceres,sean woodson,0.0,0.2782585160481973,0.7217414839518027,150.0,-180.0,1.4761904761904765,3.25,0.0876642947998286
4,0.16137171796516364,0.18504505749964395,2.2663263584082056,2.23,1,2.23,0.531410339685939,0.531410339685939,1,123,True,-41.667233065999646,-1.0,0.4595945971921389,-41.667233065999646,0.0,0.724301311575164,0.724301311575164,0.6639751178006861,-0.03999382924937617,629.7314776828334,0.8333333333333334,15.432637957395016,0.22503608619445292,0.053166996782103036,-76.66578094954274,-1.0,0.11687461307761618,0.16137171796516364,0.09016762268274103,2024-05-18,luana pinheiro,angela hill,0.0,0.531410339685939,0.468589660314061,120.0,-142.0,1.7692307692307692,2.23,-0.11687461307761618
5,0.0,-0.15463477098231768,1.254650488262207,1.25,1,1.25,0.6762921832141459,0.6762921832141459,1,-400,True,-41.667233065999646,-1.0,0.4595945971921389,-41.667233065999646,0.0,0.724301311575164,0.724301311575164,0.6639751178006861,-0.03999382924937617,629.7314776828334,0.8333333333333334,15.432637957395016,0.22503608619445292,0.053166996782103036,0.0,0.0,0.0,0.0,-0.12074253629971765,2024-05-18,adrian yanez,vinicius salvador,1.0,0.6762921832141459,0.3237078167858541,-250.0,205.0,4.8,1.25,0.0
6,0.0,-0.02287966313462969,1.6650654165498298,1.6451612903225803,0,1.6451612903225803,0.5939358910358135,0.5939358910358135,0,-155,True,-41.667233065999646,-1.0,0.4595945971921389,-41.667233065999646,0.0,0.724301311575164,0.724301311575164,0.6639751178006861,-0.03999382924937617,629.7314776828334,0.8333333333333334,15.432637957395016,0.22503608619445292,0.053166996782103036,0.0,0.0,0.0,0.0,-0.006641113363264672,2024-05-18,edson barboza,lerone murphy,0.0,0.4060641089641865,0.5939358910358135,120.0,-142.0,1.6451612903225803,2.45,0.0
7,0.04239229423994684,0.022462882332481005,1.843319598147129,1.819672131147541,1,1.819672131147541,0.561894016416949,0.561894016416949,1,-122,True,-41.667233065999646,-1.0,0.4595945971921389,-41.667233065999646,0.0,0.724301311575164,0.724301311575164,0.6639751178006861,-0.03999382924937617,629.7314776828334,0.8333333333333334,15.432637957395016,0.22503608619445292,0.053166996782103036,16.50825739138733,0.819672131147541,0.0307029202467549,0.04239229423994684,0.019394494898715475,2024-05-18,khaos williams,carlston harris,1.0,0.561894016416949,0.438105983583051,105.0,-125.0,2.15,1.819672131147541,0.0307029202467549
8,0.03822412463373117,-0.0019167263761299957,1.2828187796128765,1.2666666666666666,0,1.2666666666666666,0.7879604791767395,0.7879604791767395,0,-375,True,-41.667233065999646,-1.0,0.4595945971921389,-41.667233065999646,0.0,0.724301311575164,0.724301311575164,0.6639751178006861,-0.03999382924937617,629.7314776828334,0.8333333333333334,15.432637957395016,0.22503608619445292,0.053166996782103036,0.0,0.0,0.0,0.03822412463373117,0.0084271453244118,2024-05-18,vanessa demopoulos,emily ducote,1.0,0.2120395208232605,0.7879604791767395,240.0,-298.0,1.2666666666666666,4.2,-0.0
9,0.27805647761344143,0.23167856610597903,1.8102355513998527,1.819672131147541,1,1.819672131147541,0.6768684011933759,0.6768684011933759,1,-122,True,-41.667233065999646,-1.0,0.4595945971921389,-41.667233065999646,0.0,0.724301311575164,0.724301311575164,0.6639751178006861,-0.03999382924937617,629.7314776828334,0.8333333333333334,15.432637957395016,0.22503608619445292,0.053166996782103036,108.27977074804755,0.819672131147541,0.20138437915007706,0.27805647761344143,0.12445410393426981,2024-05-18,themba gorimbo,ramiz brahimaj,1.0,0.6768684011933759,0.3231315988066241,-250.0,205.0,2.25,1.819672131147541,0.20138437915007706
10,0.05914095902510216,0.027866549540868812,1.3692824338260134,1.3773584905660377,1,1.3773584905660377,0.7462592756940555,0.7462592756940555,1,-265,True,-41.667233065999646,-1.0,0.4595945971921389,-41.667233065999646,0.0,0.724301311575164,0.724301311575164,0.6639751178006861,-0.03999382924937617,629.7314776828334,0.8333333333333334,15.432637957395016,0.22503608619445292,0.053166996782103036,10.602703829154946,0.37735849056603765,0.042833259695420255,0.05914095902510216,0.015949753497216945,2024-05-18,abus magomedov,warlley alves,1.0,0.7462592756940555,0.2537407243059445,-185.0,154.0,3.8,1.3773584905660377,0.042833259695420255
11,0.12508630553346545,0.050255616075489506,1.4706897435480977,1.4587155963302751,1,1.4587155963302751,0.7199865544165306,0.7199865544165306,1,-218,True,-41.667233065999646,-1.0,0.4595945971921389,-41.667233065999646,0.0,0.724301311575164,0.724301311575164,0.6639751178006861,-0.03999382924937617,629.7314776828334,0.8333333333333334,15.432637957395016,0.22503608619445292,0.053166996782103036,-59.42701373413189,-1.0,0.09059464536213367,0.12508630553346545,0.040033488593510635,2024-05-18,piera rodriguez,ariane carnelossi,0.0,0.7199865544165306,0.2800134455834694,-120.0,100.0,3.05,1.4587155963302751,-0.09059464536213367
12,0.16301516535531926,0.028399833351080178,1.216416267126628,1.2083333333333333,0,1.2083333333333333,0.8510895172560664,0.8510895172560664,0,-480,True,-41.667233065999646,-1.0,0.4595945971921389,-41.667233065999646,0.0,0.724301311575164,0.724301311575164,0.6639751178006861,-0.03999382924937617,629.7314776828334,0.8333333333333334,15.432637957395016,0.22503608619445292,0.053166996782103036,16.13470067247981,0.20833333333333326,0.11806489152454529,0.16301516535531926,0.029002517086164303,2024-05-18,victor martinez,tom nolan,0.0,0.1489104827439335,0.8510895172560664,330.0,-425.0,1.2083333333333333,5.3,0.11806489152454529
13,0.0,-0.010985655692478669,1.3717875290025088,1.3636363636363638,1,1.3636363636363638,0.7252771858255156,0.7252771858255156,1,-275,True,80.94946428168272,1.0391072891072892,0.2754294580753658,80.94946428168272,0.0,0.8285620919076178,0.7768562124616605,1.0,0.46725247027286737,923.9750662387204,1.0,213.29412427420422,2.119107509351412,0.06267289195667905,0.0,0.0,0.0,0.0,-0.0036986787729524906,2024-06-01,kevin holland,michal oleksiejczuk,1.0,0.7252771858255156,0.2747228141744844,-200.0,165.0,3.6,1.3636363636363638,0.0
14,0.0,-0.10217591426520328,1.3839637540516236,1.3636363636363638,0,1.3636363636363638,0.6584043295388509,0.6584043295388509,0,-275,True,80.94946428168272,1.0391072891072892,0.2754294580753658,80.94946428168272,0.0,0.8285620919076178,0.7768562124616605,1.0,0.46725247027286737,923.9750662387204,1.0,213.29412427420422,2.119107509351412,0.06267289195667905,0.0,0.0,0.0,0.0,-0.06415794644016204,2024-06-01,niko price,alex morono,1.0,0.3415956704611491,0.6584043295388509,225.0,-278.0,1.3636363636363638,3.4,-0.0
15,0.14959907780891582,0.05726000266979986,1.5158167222399663,1.4878048780487805,1,1.4878048780487805,0.710617378843636,0.710617378843636,1,-205,True,80.94946428168272,1.0391072891072892,0.2754294580753658,80.94946428168272,0.0,0.8285620919076178,0.7768562124616605,1.0,0.46725247027286737,923.9750662387204,1.0,213.29412427420422,2.119107509351412,0.06267289195667905,35.69805816361404,0.4878048780487805,0.11620987965328719,0.14959907780891582,0.05090701589007851,2024-06-01,ailin perez,joselyne edwards,1.0,0.710617378843636,0.289382621156364,-250.0,175.0,2.8,1.4878048780487805,0.11620987965328719
16,0.3540356949629593,0.08214649196577889,1.2624343596402232,1.25,1,1.25,0.8657171935726231,0.8657171935726231,1,-400,True,80.94946428168272,1.0391072891072892,0.2754294580753658,80.94946428168272,0.0,0.8285620919076178,0.7768562124616605,1.0,0.46725247027286737,923.9750662387204,1.0,213.29412427420422,2.119107509351412,0.06267289195667905,43.29687953725061,0.25,0.2750180422713901,0.3540356949629593,0.0735968014399292,2024-06-01,islam makhachev,dustin poirier,1.0,0.8657171935726231,0.1342828064273769,-400.0,280.0,4.5,1.25,0.2750180422713901
17,0.01484884495416076,0.011209611361824634,1.5073202972111872,1.5128205128205128,1,1.5128205128205128,0.6684266922561214,0.6684266922561214,1,-195,True,80.94946428168272,1.0391072891072892,0.2754294580753658,80.94946428168272,0.0,0.8285620919076178,0.7768562124616605,1.0,0.46725247027286737,923.9750662387204,1.0,213.29412427420422,2.119107509351412,0.06267289195667905,3.7250113355269203,0.5128205128205128,0.011534713384513265,0.01484884495416076,0.0049976905700303,2024-06-01,sean strickland,paulo costa,1.0,0.6684266922561214,0.3315733077438786,-185.0,154.0,3.0,1.5128205128205128,0.011534713384513265
18,0.2965107944257729,0.08940531196908663,1.2996296342675364,1.3003003003003002,1,1.3003003003003002,0.8378105516990898,0.8378105516990898,1,-333,True,80.94946428168272,1.0391072891072892,0.2754294580753658,80.94946428168272,0.0,0.8285620919076178,0.7768562124616605,1.0,0.46725247027286737,923.9750662387204,1.0,213.29412427420422,2.119107509351412,0.06267289195667905,43.55778755726564,0.3003003003003002,0.23033219349207812,0.2965107944257729,0.0683605686940515,2024-06-01,jailton almeida,alexandr romanov,1.0,0.8378105516990898,0.1621894483009102,-285.0,230.0,4.35,1.3003003003003002,0.23033219349207812
19,0.3130719661684469,0.1707575170255437,1.5846162220299875,1.5681818181818183,1,1.5681818181818183,0.7465700108568684,0.7465700108568684,1,-176,True,80.94946428168272,1.0391072891072892,0.2754294580753658,80.94946428168272,0.0,0.8285620919076178,0.7768562124616605,1.0,0.46725247027286737,923.9750662387204,1.0,213.29412427420422,2.119107509351412,0.06267289195667905,87.016387680547,0.5681818181818183,0.24319705738911254,0.3130719661684469,0.11550238318930572,2024-06-01,randy brown,elizeu zaleski dos santos,1.0,0.7465700108568684,0.2534299891431316,-163.0,120.0,2.65,1.5681818181818183,0.24319705738911254
20,0.010506852875050356,-0.00661624486891757,1.210666190371596,1.2,1,1.2,0.8278197959425687,0.8278197959425687,1,-500,True,80.94946428168272,1.0391072891072892,0.2754294580753658,80.94946428168272,0.0,0.8285620919076178,0.7768562124616605,1.0,0.46725247027286737,923.9750662387204,1.0,213.29412427420422,2.119107509351412,0.06267289195667905,0.0,0.0,0.0,0.010506852875050356,0.0018282815573649192,2024-06-01,grant dawson,joe solecki,1.0,0.8278197959425687,0.1721802040574312,-250.0,205.0,5.3,1.2,0.0
21,0.0,-0.10617135568320296,1.6448564451905534,1.6134969325153374,0,1.6134969325153374,0.5539698441963419,0.5539698441963419,0,-163,True,80.94946428168272,1.0391072891072892,0.2754294580753658,80.94946428168272,0.0,0.8285620919076178,0.7768562124616605,1.0,0.46725247027286737,923.9750662387204,1.0,213.29412427420422,2.119107509351412,0.06267289195667905,0.0,0.0,0.0,0.0,-0.05398594606361118,2024-06-01,phil rowe,jake matthews,0.0,0.4460301558036581,0.5539698441963419,136.0,-162.0,1.6134969325153374,2.46,0.0
22,0.0,-0.03355791025708241,1.285714285714611,1.2857142857142856,0,1.2857142857142856,0.7516771809111582,0.7516771809111582,0,-350,True,80.94946428168272,1.0391072891072892,0.2754294580753658,80.94946428168272,0.0,0.8285620919076178,0.7768562124616605,1.0,0.46725247027286737,923.9750662387204,1.0,213.29412427420422,2.119107509351412,0.06267289195667905,0.0,0.0,0.0,0.0,-0.026100596866422743,2024-06-01,mickey gall,bassil hafez,0.0,0.2483228190888418,0.7516771809111582,200.0,-275.0,1.2857142857142856,4.5,0.0
23,0.0,-0.0733817711183345,1.3916047490918808,1.3703703703703702,0,1.3703703703703702,0.6761808697244587,0.6761808697244587,0,-270,True,188.54945763012728,3.3083333333333336,0.38407356170360774,188.54945763012728,0.0,0.7213321024012008,0.7213321024012008,0.7535128190804838,0.3610561924247704,1257.5819855502978,0.8571428571428571,145.0574616814501,0.4307909604519773,0.05551275071755953,0.0,0.0,0.0,0.0,-0.04241397601214125,2024-06-08,cody stamann,taylor lapilus,0.0,0.3238191302755412,0.6761808697244587,150.0,-200.0,1.3703703703703702,3.35,0.0
24,0.09765565870333974,0.03508199512316745,1.5232036754268057,1.5,1,1.5,0.690054663415445,0.690054663415445,1,-200,True,188.54945763012728,3.3083333333333336,0.38407356170360774,188.54945763012728,0.0,0.7213321024012008,0.7213321024012008,0.7535128190804838,0.3610561924247704,1257.5819855502978,0.8571428571428571,145.0574616814501,0.4307909604519773,0.05551275071755953,-65.082828350855,-1.0,0.0704378621555141,0.09765565870333974,0.0335436425109048,2024-06-08,eduarda moura,denise gomes,0.0,0.690054663415445,0.309945336584555,-163.0,120.0,2.8,1.5,-0.0704378621555141
25,0.0,-0.0626261795362072,1.388255665063116,1.3703703703703702,1,1.3703703703703702,0.6840295446627678,0.6840295446627678,1,-270,True,188.54945763012728,3.3083333333333336,0.38407356170360774,188.54945763012728,0.0,0.7213321024012008,0.7213321024012008,0.7535128190804838,0.3610561924247704,1257.5819855502978,0.8571428571428571,145.0574616814501,0.4307909604519773,0.05551275071755953,0.0,0.0,0.0,0.0,-0.03629886829892959,2024-06-08,brunno ferreira,dustin stoltzfus,1.0,0.6840295446627678,0.3159704553372322,-225.0,163.0,3.4,1.3703703703703702,0.0
26,0.11798151397355879,0.04921501451829796,1.5422241470950997,1.5208333333333337,1,1.5208333333333337,0.6898948040668259,0.6898948040668259,1,-192,True,188.54945763012728,3.3083333333333336,0.38407356170360774,188.54945763012728,0.0,0.7213321024012008,0.7213321024012008,0.7535128190804838,0.3610561924247704,1257.5819855502978,0.8571428571428571,145.0574616814501,0.4307909604519773,0.05551275071755953,-78.62903926377926,-1.0,0.0850986591920268,0.11798151397355879,0.04148062777242767,2024-06-08,miguel baeza,punahele soriano,0.0,0.6898948040668259,0.3101051959331741,-150.0,110.0,2.75,1.5208333333333337,-0.0850986591920268
27,0.09025178009117305,0.054517392184115665,1.6770830572166804,1.6666666666666663,1,1.6666666666666663,0.6327104353104696,0.6327104353104696,1,-150,True,188.54945763012728,3.3083333333333336,0.38407356170360774,188.54945763012728,0.0,0.7213321024012008,0.7213321024012008,0.7535128190804838,0.3610561924247704,1257.5819855502978,0.8571428571428571,145.0574616814501,0.4307909604519773,0.05551275071755953,-60.14849717901751,-1.0,0.06509753279800887,0.09025178009117305,0.03643704521396507,2024-06-08,andrea lee,montana de la rosa,0.0,0.6327104353104696,0.3672895646895304,-138.0,105.0,2.45,1.6666666666666663,-0.06509753279800887
28,0.0,-0.11516243982615271,1.481045073115368,1.4761904761904765,0,1.4761904761904765,0.5994060891500255,0.5994060891500255,0,-210,True,188.54945763012728,3.3083333333333336,0.38407356170360774,188.54945763012728,0.0,0.7213321024012008,0.7213321024012008,0.7535128190804838,0.3610561924247704,1257.5819855502978,0.8571428571428571,145.0574616814501,0.4307909604519773,0.05551275071755953,0.0,0.0,0.0,0.0,-0.07579280800204236,2024-06-08,charles radtke,carlos prates,0.0,0.4005939108499745,0.5994060891500255,140.0,-188.0,1.4761904761904765,3.05,0.0
29,0.050509975341284236,0.027936551204753524,1.8768480774074083,1.847457627118644,0,1.847457627118644,0.5564060231291785,0.5564060231291785,0,-118,True,188.54945763012728,3.3083333333333336,0.38407356170360774,188.54945763012728,0.0,0.7213321024012008,0.7213321024012008,0.7535128190804838,0.3610561924247704,1257.5819855502978,0.8571428571428571,145.0574616814501,0.4307909604519773,0.05551275071755953,28.527528870244886,0.847457627118644,0.03643224292179314,0.050509975341284236,0.02359784753014227,2024-06-08,thiago moises,ludovit klein,0.0,0.4435939768708214,0.5564060231291785,-110.0,-120.0,1.847457627118644,2.1,0.03643224292179314
30,0.0,-0.03724206605413305,1.832669528032273,1.8,0,1.8,0.534865518858815,0.534865518858815,0,-125,True,188.54945763012728,3.3083333333333336,0.38407356170360774,188.54945763012728,0.0,0.7213321024012008,0.7213321024012008,0.7535128190804838,0.3610561924247704,1257.5819855502978,0.8571428571428571,145.0574616814501,0.4307909604519773,0.05551275071755953,0.0,0.0,0.0,0.0,-0.010786593922093468,2024-06-08,john castaneda,daniel marcos,0.0,0.4651344811411851,0.534865518858815,120.0,-163.0,1.8,2.15,0.0
31,0.25943411292545565,0.10377364517000592,1.4000000000003332,1.4,1,1.4,0.7884097465500043,0.7884097465500043,1,-250,True,188.54945763012728,3.3083333333333336,0.38407356170360774,188.54945763012728,0.0,0.7213321024012008,0.7213321024012008,0.7535128190804838,0.3610561924247704,1257.5819855502978,0.8571428571428571,145.0574616814501,0.4307909604519773,0.05551275071755953,69.1601738765654,0.3999999999999999,0.187126732104633,0.25943411292545565,0.07412403226445996,2024-06-08,raul rosas jr,ricky turcios,1.0,0.7884097465500043,0.2115902534499957,-250.0,175.0,3.5,1.4,0.187126732104633
32,0.0,-0.12585020836758987,1.1650960612789276,1.1540832049306626,1,1.1540832049306626,0.7574408741915009,0.7574408741915009,1,-649,True,188.54945763012728,3.3083333333333336,0.38407356170360774,188.54945763012728,0.0,0.7213321024012008,0.7213321024012008,0.7535128190804838,0.3610561924247704,1257.5819855502978,0.8571428571428571,145.0574616814501,0.4307909604519773,0.05551275071755953,0.0,0.0,0.0,0.0,-0.10085745264542845,2024-06-08,brad katona,jesse butler,1.0,0.7574408741915009,0.2425591258084991,-549.0,350.0,6.25,1.1540832049306626,0.0
33,0.16746953308927315,0.12356949968555264,1.8692312388290209,1.8333333333333333,0,1.8333333333333333,0.6128560907375742,0.6128560907375742,0,-120,True,188.54945763012728,3.3083333333333336,0.38407356170360774,188.54945763012728,0.0,0.7213321024012008,0.7213321024012008,0.7535128190804838,0.3610561924247704,1257.5819855502978,0.8571428571428571,145.0574616814501,0.4307909604519773,0.05551275071755953,93.00869863190567,0.8333333333333333,0.12079377727434354,0.16746953308927315,0.07787680126964858,2024-06-08,jared cannonier,nassourdine imavov,0.0,0.3871439092624258,0.6128560907375742,100.0,-125.0,1.8333333333333333,2.1,0.12079377727434354
34,0.0,-0.14021410266957435,1.466926010958188,1.4444444444444444,0,1.4444444444444444,0.5952363904595255,0.5952363904595255,0,-225,True,188.54945763012728,3.3083333333333336,0.38407356170360774,188.54945763012728,0.0,0.7213321024012008,0.7213321024012008,0.7535128190804838,0.3610561924247704,1257.5819855502978,0.8571428571428571,145.0574616814501,0.4307909604519773,0.05551275071755953,0.0,0.0,0.0,0.0,-0.08646124972807023,2024-06-08,dominick reyes,dustin jacoby,1.0,0.4047636095404746,0.5952363904595255,175.0,-225.0,1.4444444444444444,3.0,-0.0
35,0.17585815764299756,0.2318539815213575,2.365945945375469,2.35,0,2.35,0.5241931836261096,0.5241931836261096,0,135,True,188.54945763012728,3.3083333333333336,0.38407356170360774,188.54945763012728,0.0,0.7213321024012008,0.7213321024012008,0.7535128190804838,0.3610561924247704,1257.5819855502978,0.8571428571428571,145.0574616814501,0.4307909604519773,0.05551275071755953,158.2214250963859,1.35,0.1268443921371707,0.17585815764299756,0.1015292584613684,2024-06-08,julian marquez,zachary reese,0.0,0.4758068163738904,0.5241931836261096,-110.0,-120.0,2.35,1.7246376811594204,0.1268443921371707
36,0.17671302313300477,0.08231660419876713,1.5110858287410611,1.5,1,1.5,0.7215444027991781,0.7215444027991781,1,-200,True,160.2512863580167,1.1666666666666665,0.17609203185011246,160.2512863580167,0.0,0.7429626655352296,0.7429626655352296,0.4679783901375014,0.2806025294268844,1610.4626716573948,1.0,192.62939974908042,1.1976090014064695,0.04851815277502961,82.54967185879202,0.5,0.13128316532407963,0.17671302313300477,0.059768624759399036,2024-06-15,melquizael costa,shayilan nuerdanbieke,1.0,0.7215444027991781,0.2784555972008219,-185.0,154.0,2.9,1.5,0.13128316532407963
37,0.0,-0.04005113524149334,1.3068107485274632,1.2857142857142856,1,1.2857142857142856,0.7466268948121719,0.7466268948121719,1,-350,True,160.2512863580167,1.1666666666666665,0.17609203185011246,160.2512863580167,0.0,0.7429626655352296,0.7429626655352296,0.4679783901375014,0.2806025294268844,1610.4626716573948,1.0,192.62939974908042,1.1976090014064695,0.04851815277502961,0.0,0.0,0.0,0.0,-0.018594849137223313,2024-06-15,jeka saragih,westin wilson,0.0,0.7466268948121719,0.2533731051878281,-350.0,240.0,3.9,1.2857142857142856,-0.0
38,0.0,-0.12512780685564995,1.1770216545629153,1.1666666666666667,0,1.1666666666666667,0.7498904512665857,0.7498904512665857,0,-600,True,160.2512863580167,1.1666666666666665,0.17609203185011246,160.2512863580167,0.0,0.7429626655352296,0.7429626655352296,0.4679783901375014,0.2806025294268844,1610.4626716573948,1.0,192.62939974908042,1.1976090014064695,0.04851815277502961,0.0,0.0,0.0,0.0,-0.09971158971824912,2024-06-15,jimmy flick,nate maness,0.0,0.2501095487334143,0.7498904512665857,275.0,-400.0,1.1666666666666667,6.0,0.0
39,0.0,-0.03177452836285055,1.643502877733024,1.625,0,1.625,0.595831059469015,0.595831059469015,0,-160,True,160.2512863580167,1.1666666666666665,0.17609203185011246,160.2512863580167,0.0,0.7429626655352296,0.7429626655352296,0.4679783901375014,0.2806025294268844,1610.4626716573948,1.0,192.62939974908042,1.1976090014064695,0.04851815277502961,0.0,0.0,0.0,0.0,-0.012625435221980674,2024-06-15,douglas silva de andrade,miles johns,0.0,0.4041689405309849,0.595831059469015,-110.0,-110.0,1.625,2.5,0.0
40,0.21072576468837917,0.08664324956999697,1.4573932808325076,1.4444444444444444,0,1.4444444444444444,0.7522914804715364,0.7522914804715364,0,-225,True,160.2512863580167,1.1666666666666665,0.17609203185011246,160.2512863580167,0.0,0.7429626655352296,0.7429626655352296,0.4679783901375014,0.2806025294268844,1610.4626716573948,1.0,192.62939974908042,1.1976090014064695,0.04851815277502961,87.50077721776535,0.4444444444444444,0.15655182008179125,0.21072576468837917,0.06613489312349441,2024-06-15,alex perez,tatsuro taira,0.0,0.2477085195284636,0.7522914804715364,142.0,-170.0,1.4444444444444444,3.1,0.15655182008179125
41,0.0954605781194633,0.019821500783758772,1.259214277290866,1.2531645569620251,1,1.2531645569620251,0.8137969551708784,0.8137969551708784,1,-395,True,160.2512863580167,1.1666666666666665,0.17609203185011246,160.2512863580167,0.0,0.7429626655352296,0.7429626655352296,0.4679783901375014,0.2806025294268844,1610.4626716573948,1.0,192.62939974908042,1.1976090014064695,0.04851815277502961,22.578950672523067,0.2531645569620251,0.0709193167373811,0.0954605781194633,0.019650940442195397,2024-06-15,asu almabayev,jose johnson,1.0,0.8137969551708784,0.1862030448291216,-355.0,280.0,4.7,1.2531645569620251,0.0709193167373811
42,0.0,-0.13412375494471274,1.4404454269562283,1.4444444444444444,0,1.4444444444444444,0.5994527850382758,0.5994527850382758,0,-225,True,160.2512863580167,1.1666666666666665,0.17609203185011246,160.2512863580167,0.0,0.7429626655352296,0.7429626655352296,0.4679783901375014,0.2806025294268844,1610.4626716573948,1.0,192.62939974908042,1.1976090014064695,0.04851815277502961,0.0,0.0,0.0,0.0,-0.09477691730669724,2024-06-15,brady hiestand,garrett armfield,1.0,0.4005472149617241,0.5994527850382758,160.0,-192.0,1.4444444444444444,3.3,-0.0
43,0.0,-0.032039259843705314,1.466926010958188,1.4444444444444444,1,1.4444444444444444,0.6701266662620502,0.6701266662620502,1,-225,True,-46.68121417692707,-1.0,0.16135852733461498,-46.68121417692707,0.0,0.43769156377003116,0.43769156377003116,0.20691666571650486,0.0014902303650443645,1612.862632032469,1.0,49.08117455200139,1.7744537208822917,0.02546971422438184,0.0,0.0,0.0,0.0,-0.011570973925545514,2024-06-22,sergei pavlovich,alexander volkov,0.0,0.6701266662620502,0.3298733337379498,-225.0,185.0,3.0,1.4444444444444444,-0.0
44,0.046438057112818606,0.0034941029760712783,1.2990292034898785,1.2857142857142856,1,1.2857142857142856,0.7804954134258333,0.7804954134258333,1,-350,True,-46.68121417692707,-1.0,0.16135852733461498,-46.68121417692707,0.0,0.43769156377003116,0.43769156377003116,0.20691666571650486,0.0014902303650443645,1612.862632032469,1.0,49.08117455200139,1.7744537208822917,0.02546971422438184,9.351867129683257,0.2857142857142856,0.020324305263285616,0.046438057112818606,0.010689779100237051,2024-06-22,rinat fakhretdinov,nicolas dalby,1.0,0.7804954134258333,0.2195045865741667,-250.0,175.0,4.1,1.2857142857142856,0.020324305263285616
45,0.06607251274812644,0.0787961150774702,1.871556289323194,1.9090909090909087,1,1.9090909090909087,0.565083679326294,0.565083679326294,1,-110,True,-46.68121417692707,-1.0,0.16135852733461498,-46.68121417692707,0.0,0.43769156377003116,0.43769156377003116,0.20691666571650486,0.0014902303650443645,1612.862632032469,1.0,49.08117455200139,1.7744537208822917,0.02546971422438184,42.3370378632001,0.9090909090909087,0.02891761632797873,0.06607251274812644,0.030768999236374106,2024-06-22,robert whittaker,ikram aliskerov,1.0,0.565083679326294,0.434916320673706,-115.0,-105.0,2.2,1.9090909090909087,0.02891761632797873
46,0.10144965950426801,0.0765319888561296,1.8093184015359047,1.8,1,1.8,0.5980733271422942,0.5980733271422942,1,-125,True,-46.68121417692707,-1.0,0.16135852733461498,-46.68121417692707,0.0,0.43769156377003116,0.43769156377003116,0.20691666571650486,0.0014902303650443645,1612.862632032469,1.0,49.08117455200139,1.7744537208822917,0.02546971422438184,-71.50607244521696,-1.0,0.04440094992802724,0.10144965950426801,0.04537900913220039,2024-06-22,johnny walker,volkan oezdemir,0.0,0.5980733271422942,0.4019266728577058,-150.0,110.0,2.22,1.8,-0.04440094992802724
47,0.09633869044576165,0.034788228829276124,1.4573932808325076,1.4444444444444444,1,1.4444444444444444,0.7163918507279604,0.7163918507279604,1,-225,True,-46.68121417692707,-1.0,0.16135852733461498,-46.68121417692707,0.0,0.43769156377003116,0.43769156377003116,0.20691666571650486,0.0014902303650443645,1612.862632032469,1.0,49.08117455200139,1.7744537208822917,0.02546971422438184,30.179396524581623,0.4444444444444444,0.042164058425785286,0.09633869044576165,0.030235263379918442,2024-06-22,nasrat haqparast,jared gordon,1.0,0.7163918507279604,0.2836081492720396,-225.0,163.0,3.1,1.4444444444444444,0.042164058425785286
48,0.04548127064575975,0.007252375205561157,1.5358722835354208,1.510204081632653,1,1.510204081632653,0.6669644106090878,0.6669644106090878,1,-196,True,-46.68121417692707,-1.0,0.16135852733461498,-46.68121417692707,0.0,0.43769156377003116,0.43769156377003116,0.20691666571650486,0.0014902303650443645,1612.862632032469,1.0,49.08117455200139,1.7744537208822917,0.02546971422438184,16.35568918548015,0.510204081632653,0.019905553458466528,0.04548127064575975,0.015868606146686615,2024-06-22,kelvin gastelum,daniel rodriguez,1.0,0.6669644106090878,0.3330355893909121,-218.0,180.0,2.75,1.510204081632653,0.019905553458466528
49,0.05076480156448482,0.021041324943039008,1.643502877733024,1.625,0,1.625,0.6283331230418702,0.6283331230418702,0,-160,True,-46.68121417692707,-1.0,0.16135852733461498,-46.68121417692707,0.0,0.43769156377003116,0.43769156377003116,0.20691666571650486,0.0014902303650443645,1612.862632032469,1.0,49.08117455200139,1.7744537208822917,0.02546971422438184,22.36325629427322,0.625,0.02221796922123827,0.05076480156448482,0.019876628350874448,2024-06-22,kyung ho kang,muin gafurov,0.0,0.3716668769581298,0.6283331230418702,-105.0,-115.0,1.625,2.5,0.02221796922123827
50,0.3401331113156887,0.17985849385913338,1.5661304287228384,1.5494505494505495,1,1.5494505494505495,0.7614689570296534,0.7614689570296534,1,-182,True,-132.59885550610082,-1.0,0.29771880242403936,-132.59885550610082,0.0,0.7567867790938139,0.7567867790938139,0.5556360096067051,-0.07252165094126954,1495.895171215993,0.75,15.631394689624841,-0.7608942781356574,0.06389698051266215,228.0982388623572,0.5494505494505495,0.2573925308235009,0.3401331113156887,0.12295253358241309,2024-06-29,ian machado garry,michael page,1.0,0.7614689570296534,0.2385310429703465,-105.0,-115.0,2.7,1.5494505494505495,0.2573925308235009
51,0.0,-0.05098072877883897,1.466926010958188,1.4444444444444444,0,1.4444444444444444,0.65701334161465,0.65701334161465,0,-225,True,-132.59885550610082,-1.0,0.29771880242403936,-132.59885550610082,0.0,0.7567867790938139,0.7567867790938139,0.5556360096067051,-0.07252165094126954,1495.895171215993,0.75,15.631394689624841,-0.7608942781356574,0.06389698051266215,0.0,0.0,0.0,0.0,-0.02468429857294574,2024-06-29,cub swanson,andre fili,0.0,0.34298665838535,0.65701334161465,130.0,-155.0,1.4444444444444444,3.0,0.0
52,0.0,-0.028429958977953,1.3447885924106318,1.3333333333333333,1,1.3333333333333333,0.7286775307665353,0.7286775307665353,1,-300,True,-132.59885550610082,-1.0,0.29771880242403936,-132.59885550610082,0.0,0.7567867790938139,0.7567867790938139,0.5556360096067051,-0.07252165094126954,1495.895171215993,0.75,15.631394689624841,-0.7608942781356574,0.06389698051266215,0.0,0.0,0.0,0.0,-0.014933774120745924,2024-06-29,joe pyfer,marc andre barriault,1.0,0.7286775307665353,0.2713224692334647,-162.0,136.0,3.75,1.3333333333333333,0.0
53,0.02391476101745603,-0.0012479680610248955,1.3776719276921858,1.3636363636363638,0,1.3636363636363638,0.7324181567552484,0.7324181567552484,0,-275,True,-132.59885550610082,-1.0,0.29771880242403936,-132.59885550610082,0.0,0.7567867790938139,0.7567867790938139,0.5556360096067051,-0.07252165094126954,1495.895171215993,0.75,15.631394689624841,-0.7608942781356574,0.06389698051266215,0.0,0.0,0.0,0.02391476101745603,0.006555939561670887,2024-06-29,dan ige,diego lopes,0.0,0.2675818432447516,0.7324181567552484,175.0,-250.0,1.3636363636363638,3.5,0.0
54,0.0,-0.107730422047571,1.745169524793803,1.7246376811594204,0,1.7246376811594204,0.5173663939388033,0.5173663939388033,0,-138,True,-132.59885550610082,-1.0,0.29771880242403936,-132.59885550610082,0.0,0.7567867790938139,0.7567867790938139,0.5556360096067051,-0.07252165094126954,1495.895171215993,0.75,15.631394689624841,-0.7608942781356574,0.06389698051266215,0.0,0.0,0.0,0.0,-0.0556438413379976,2024-06-29,anthony smith,roman dolidze,0.0,0.4826336060611966,0.5173663939388033,142.0,-170.0,1.7246376811594204,2.3,0.0
55,0.11497378514500599,0.09989359671379172,2.0346692506734163,2.0,1,2.0,0.5499467983568959,0.5499467983568959,1,100,True,-132.59885550610082,-1.0,0.29771880242403936,-132.59885550610082,0.0,0.7567867790938139,0.7567867790938139,0.5556360096067051,-0.07252165094126954,1495.895171215993,0.75,15.631394689624841,-0.7608942781356574,0.06389698051266215,-140.32764527380954,-1.0,0.08700532983207249,0.11497378514500599,0.05846642646400513,2024-06-29,mayra bueno silva,macy chiasson,0.0,0.5499467983568959,0.4500532016431041,-238.0,195.0,1.9345794392523368,2.0,-0.08700532983207249
56,0.10457284317304759,0.06558705295632328,1.7990743162043694,1.7692307692307692,1,1.7692307692307692,0.602288334279661,0.602288334279661,1,-130,True,-132.59885550610082,-1.0,0.29771880242403936,-132.59885550610082,0.0,0.7567867790938139,0.7567867790938139,0.5556360096067051,-0.07252165094126954,1495.895171215993,0.75,15.631394689624841,-0.7608942781356574,0.06389698051266215,-127.63310195931683,-1.0,0.07913451488331551,0.10457284317304759,0.04644692684421459,2024-06-29,charles jourdain,jean silva,0.0,0.602288334279661,0.397711665720339,-198.0,164.0,2.2,1.7692307692307692,-0.07913451488331551
57,0.0,-0.11903007312016267,1.0783569540087736,1.0714285714285714,1,1.0714285714285714,0.8222385984211815,0.8222385984211815,1,-1400,True,-132.59885550610082,-1.0,0.29771880242403936,-132.59885550610082,0.0,0.7567867790938139,0.7567867790938139,0.5556360096067051,-0.07252165094126954,1495.895171215993,0.75,15.631394689624841,-0.7608942781356574,0.06389698051266215,0.0,0.0,0.0,0.0,-0.10509812091142634,2024-06-29,payton talbott,yanis ghemmouri,1.0,0.8222385984211815,0.1777614015788184,-298.0,240.0,11.0,1.0714285714285714,0.0
58,0.0,-0.03302478006066767,1.417546787705921,1.4,0,1.4,0.6906965856709517,0.6906965856709517,0,-250,True,-132.59885550610082,-1.0,0.29771880242403936,-132.59885550610082,0.0,0.7567867790938139,0.7567867790938139,0.5556360096067051,-0.07252165094126954,1495.895171215993,0.75,15.631394689624841,-0.7608942781356574,0.06389698051266215,0.0,0.0,0.0,0.0,-0.01474750172904482,2024-06-29,andrei arlovski,martin buday,0.0,0.3093034143290482,0.6906965856709517,225.0,-278.0,1.4,3.25,0.0
59,0.01222931461366316,-0.013288311599520375,1.5632395905105634,1.5319148936170213,0,1.5319148936170213,0.6441034632614242,0.6441034632614242,0,-188,True,-132.59885550610082,-1.0,0.29771880242403936,-132.59885550610082,0.0,0.7567867790938139,0.7567867790938139,0.5556360096067051,-0.07252165094126954,1495.895171215993,0.75,15.631394689624841,-0.7608942781356574,0.06389698051266215,0.0,0.0,0.0,0.01222931461366316,0.0044062562111638615,2024-06-29,michelle waterson gomez,gillian robertson,0.0,0.3558965367385757,0.6441034632614242,225.0,-278.0,1.5319148936170213,2.65,0.0
60,0.06592784271814331,0.026011811676189822,1.7255974138967924,1.6896551724137931,1,1.6896551724137931,0.6072314803797858,0.6072314803797858,1,-145,True,-132.59885550610082,-1.0,0.29771880242403936,-132.59885550610082,0.0,0.7567867790938139,0.7567867790938139,0.5556360096067051,-0.07252165094126954,1495.895171215993,0.75,15.631394689624841,-0.7608942781356574,0.06389698051266215,55.49390306039402,0.6896551724137931,0.049890274496700866,0.06592784271814331,0.027722035160015812,2024-06-29,alex pereira,jiri prochazka,1.0,0.6072314803797858,0.3927685196202142,-135.0,114.0,2.3,1.6896551724137931,0.049890274496700866
61,0.09735127064756642,0.042504994198534485,1.594613887766808,1.5714285714285714,1,1.5714285714285714,0.663412269035431,0.663412269035431,1,-175,True,-101.4867070002273,-1.0,0.19992523234661408,-101.4867070002273,0.0,0.7018158111025402,0.7018158111025402,0.34325274068358186,0.005856909041238198,1504.6564931690325,1.0,110.24802895326681,0.23809523809523792,0.037416958148332735,-102.19730062277213,-1.0,0.06831849088709693,0.09735127064756642,0.03630121245203488,2024-07-13,santiago ponzinibbio,muslim salikhov,0.0,0.663412269035431,0.3365877309645689,-148.0,124.0,2.6,1.5714285714285714,-0.06831849088709693
62,0.0,-0.04387595443784359,1.417546787705921,1.4,1,1.4,0.6829457468301118,0.6829457468301118,1,-250,True,-101.4867070002273,-1.0,0.19992523234661408,-101.4867070002273,0.0,0.7018158111025402,0.7018158111025402,0.34325274068358186,0.005856909041238198,1504.6564931690325,1.0,110.24802895326681,0.23809523809523792,0.037416958148332735,0.0,0.0,0.0,0.0,-0.022498340569884756,2024-07-13,rose namajunas,tracy cortez,1.0,0.6829457468301118,0.3170542531698882,-200.0,163.0,3.25,1.4,0.0
63,0.002236014520689107,-0.01624307797654878,1.961936290927201,1.925925925925926,0,1.925925925925926,0.5107968633583304,0.5107968633583304,0,-108,True,-101.4867070002273,-1.0,0.19992523234661408,-101.4867070002273,0.0,0.7018158111025402,0.7018158111025402,0.34325274068358186,0.005856909041238198,1504.6564931690325,1.0,110.24802895326681,0.23809523809523792,0.037416958148332735,0.0,0.0,0.0,0.002236014520689107,0.0010963166971514893,2024-07-13,drew dober,jean silva,0.0,0.4892031366416696,0.5107968633583304,-155.0,130.0,1.925925925925926,2.0,0.0
64,0.0,-0.024151261755621933,1.952985658427972,1.9090909090909087,0,1.9090909090909087,0.5111588628899124,0.5111588628899124,0,-110,True,-101.4867070002273,-1.0,0.19992523234661408,-101.4867070002273,0.0,0.7018158111025402,0.7018158111025402,0.34325274068358186,0.005856909041238198,1504.6564931690325,1.0,110.24802895326681,0.23809523809523792,0.037416958148332735,0.0,0.0,0.0,0.0,-0.0008776672733125102,2024-07-13,josh fremd,andre petroski,0.0,0.4888411371100876,0.5111588628899124,120.0,-142.0,1.9090909090909087,2.0,0.0
65,0.11800923225223225,0.02709306901962938,1.2954432167529777,1.2857142857142856,1,1.2857142857142856,0.7988501647930452,0.7988501647930452,1,-350,True,-101.4867070002273,-1.0,0.19992523234661408,-101.4867070002273,0.0,0.7018158111025402,0.7018158111025402,0.34325274068358186,0.005856909041238198,1504.6564931690325,1.0,110.24802895326681,0.23809523809523792,0.037416958148332735,35.39531168056538,0.2857142857142856,0.08281569007357352,0.11800923225223225,0.026913589675152116,2024-07-13,gabriel bonfim,ange loosa,1.0,0.7988501647930452,0.2011498352069548,-430.0,300.0,4.2,1.2857142857142856,0.08281569007357352
66,0.0,-0.09314436372767207,1.269615834413263,1.2564102564102564,1,1.2564102564102564,0.7217830574412406,0.7217830574412406,1,-390,True,-101.4867070002273,-1.0,0.19992523234661408,-101.4867070002273,0.0,0.7018158111025402,0.7018158111025402,0.34325274068358186,0.005856909041238198,1504.6564931690325,1.0,110.24802895326681,0.23809523809523792,0.037416958148332735,0.0,0.0,0.0,0.0,-0.06585677257248745,2024-07-13,luana santos,mariya agapova,1.0,0.7217830574412406,0.2782169425587594,-170.0,142.0,4.4,1.2564102564102564,0.0
67,0.0,6.537782318699614e-05,1.4404454269562283,1.4444444444444444,0,1.4444444444444444,0.692352953877591,0.692352953877591,0,-225,True,-101.4867070002273,-1.0,0.19992523234661408,-101.4867070002273,0.0,0.7018158111025402,0.7018158111025402,0.34325274068358186,0.005856909041238198,1504.6564931690325,1.0,110.24802895326681,0.23809523809523792,0.037416958148332735,0.0,0.0,0.0,0.0,-0.0018767484673820611,2024-07-13,julian erosa,christian rodriguez,1.0,0.307647046122409,0.692352953877591,142.0,-170.0,1.4444444444444444,3.3,-0.0
68,0.0,-0.0838859383654586,1.2205425362041873,1.2222222222222223,1,1.2222222222222223,0.7495478686100793,0.7495478686100793,1,-450,True,-101.4867070002273,-1.0,0.19992523234661408,-101.4867070002273,0.0,0.7018158111025402,0.7018158111025402,0.34325274068358186,0.005856909041238198,1504.6564931690325,1.0,110.24802895326681,0.23809523809523792,0.037416958148332735,0.0,0.0,0.0,0.0,-0.06975991488588873,2024-07-13,evan elder,darrius flowers,1.0,0.7495478686100793,0.2504521313899207,-425.0,330.0,5.6,1.2222222222222223,0.0
69,0.17708732334933128,0.15100190313150708,1.9951805169341408,1.9523809523809523,1,1.9523809523809523,0.589537560140528,0.589537560140528,1,-105,True,-101.4867070002273,-1.0,0.19992523234661408,-101.4867070002273,0.0,0.7018158111025402,0.7018158111025402,0.34325274068358186,0.005856909041238198,1504.6564931690325,1.0,110.24802895326681,0.23809523809523792,0.037416958148332735,177.05001789547356,0.9523809523809523,0.12427509785938383,0.17708732334933128,0.088329778933526,2024-07-13,montel jackson,damon blackshear,1.0,0.589537560140528,0.4104624398594719,-150.0,120.0,1.9615384615384617,1.9523809523809523,0.12427509785938383
70,0.0,-0.031661313902905275,1.4115850693811554,1.4081632653061225,1,1.4081632653061225,0.6876608060689513,0.6876608060689513,1,-245,True,-101.4867070002273,-1.0,0.19992523234661408,-101.4867070002273,0.0,0.7018158111025402,0.7018158111025402,0.34325274068358186,0.005856909041238198,1504.6564931690325,1.0,110.24802895326681,0.23809523809523792,0.037416958148332735,0.0,0.0,0.0,0.0,-0.020762668853749666,2024-07-13,joshua van,charles johnson,0.0,0.6876608060689513,0.3123391939310487,-210.0,170.0,3.4,1.4081632653061225,-0.0
71,0.0904395520038705,0.07448657076722359,1.80337557352201,1.806451612903225,1,1.806451612903225,0.5948050659604276,0.5948050659604276,1,-124,True,-89.51344130892247,-1.0,0.5008995835780918,-89.51344130892247,0.0,0.7569403291147626,0.7569403291147626,0.668391194928679,-0.09613815140055607,1360.0015994229184,0.5,-55.14145243719173,-0.48650306748466243,0.06505918301809527,-102.9985006308111,-1.0,0.06845316595409813,0.0904395520038705,0.040289403952768144,2024-07-20,loik radzhabov,trey ogden,0.0,0.5948050659604276,0.4051949340395724,-163.0,120.0,2.25,1.806451612903225,-0.06845316595409813
72,0.09460036937064091,0.07568029549643096,1.8000000000001626,1.8,1,1.8,0.5976001641646839,0.5976001641646839,1,-125,True,-89.51344130892247,-1.0,0.5008995835780918,-89.51344130892247,0.0,0.7569403291147626,0.7569403291147626,0.668391194928679,-0.09613815140055607,1360.0015994229184,0.5,-55.14145243719173,-0.48650306748466243,0.06505918301809527,86.18969013804866,0.8,0.07160246419144498,0.09460036937064091,0.04204460860917847,2024-07-20,luana carolina,lucie pudilova,1.0,0.5976001641646839,0.4023998358353161,105.0,-138.0,2.25,1.8,0.07160246419144498
73,0.18604705098106816,0.10712352047157253,1.6275252003527356,1.6134969325153374,1,1.6134969325153374,0.6861640069842826,0.6861640069842826,1,-163,True,-89.51344130892247,-1.0,0.5008995835780918,-89.51344130892247,0.0,0.7569403291147626,0.7569403291147626,0.668391194928679,-0.09613815140055607,1360.0015994229184,0.5,-55.14145243719173,-0.48650306748466243,0.06505918301809527,129.98932431506086,0.6134969325153374,0.14081792063203252,0.18604705098106816,0.07173419675260773,2024-07-20,steve garcia,seungwoo choi,1.0,0.6861640069842826,0.3138359930157174,-138.0,105.0,2.55,1.6134969325153374,0.14081792063203252
74,0.05158362836859724,0.03318331383412443,2.0395698856897373,2.0,1,2.0,0.5165916569170622,0.5165916569170622,1,100,True,-89.51344130892247,-1.0,0.5008995835780918,-89.51344130892247,0.0,0.7569403291147626,0.7569403291147626,0.668391194928679,-0.09613815140055607,1360.0015994229184,0.5,-55.14145243719173,-0.48650306748466243,0.06505918301809527,-58.746823279654336,-1.0,0.03904334547211152,0.05158362836859724,0.026292203578241136,2024-07-20,amanda lemos,virna jandiroba,0.0,0.5165916569170622,0.4834083430829378,110.0,-150.0,1.925925925925926,2.0,-0.03904334547211152
75,0.02312045022765111,-0.0033210388758048714,1.5232036754268057,1.5,0,1.5,0.6644526407494634,0.6644526407494634,0,-200,True,-89.51344130892247,-1.0,0.5008995835780918,-89.51344130892247,0.0,0.7569403291147626,0.7569403291147626,0.668391194928679,-0.09613815140055607,1360.0015994229184,0.5,-55.14145243719173,-0.48650306748466243,0.06505918301809527,0.0,0.0,0.0,0.02312045022765111,0.007941619844923253,2024-07-20,brian kelleher,cody gibson,0.0,0.3355473592505366,0.6644526407494634,175.0,-250.0,1.5,2.8,0.0
76,0.1359939361948835,0.16248295806182123,2.069131768390509,2.1,0,2.1,0.553563313362772,0.553563313362772,0,110,True,-89.51344130892247,-1.0,0.5008995835780918,-89.51344130892247,0.0,0.7569403291147626,0.7569403291147626,0.668391194928679,-0.09613815140055607,1360.0015994229184,0.5,-55.14145243719173,-0.48650306748466243,0.06505918301809527,170.3667071967728,1.1,0.10293301190502348,0.1359939361948835,0.07026881502453508,2024-07-20,mohammed usman,thomas petersen,0.0,0.446436686637228,0.553563313362772,-150.0,110.0,2.1,1.9615384615384617,0.10293301190502348
77,0.2458076123637621,0.29111534338576817,2.317152860894803,2.26,1,2.26,0.571289974949455,0.571289974949455,1,126,True,-89.51344130892247,-1.0,0.5008995835780918,-89.51344130892247,0.0,0.7569403291147626,0.7569403291147626,0.668391194928679,-0.09613815140055607,1360.0015994229184,0.5,-55.14145243719173,-0.48650306748466243,0.06505918301809527,-279.9418501766086,-1.0,0.1860503386969135,0.2458076123637621,0.13972587019124105,2024-07-20,cody durden,bruno silva,0.0,0.571289974949455,0.428710025050545,-150.0,110.0,1.72992700729927,2.26,-0.1860503386969135
78,0.0,-0.07165057553693252,1.2225486755823505,1.2173913043478262,1,1.2173913043478262,0.762572741523234,0.762572741523234,1,-460,True,135.33633220139734,0.875,0.1458090574259272,135.33633220139734,0.0,0.6825225249548709,0.6825225249548709,0.5606287952848242,0.1375033388215677,1547.006360146242,1.0,51.66842852192621,-0.16034482758620694,0.03232451245680986,0.0,0.0,0.0,0.0,-0.0553906001193053,2024-07-27,mick parkin,lukasz brzeski,1.0,0.762572741523234,0.237427258476766,-200.0,150.0,5.3,1.2173913043478262,0.0
79,0.12468541731409269,0.039039279998805854,1.417546787705921,1.4,1,1.4,0.7421709142848614,0.7421709142848614,1,-250,True,135.33633220139734,0.875,0.1458090574259272,135.33633220139734,0.0,0.6825225249548709,0.6825225249548709,0.5606287952848242,0.1375033388215677,1547.006360146242,1.0,51.66842852192621,-0.16034482758620694,0.03232451245680986,-115.72989604477989,-1.0,0.08509541172149128,0.12468541731409269,0.03672682688486484,2024-07-27,leon edwards,belal muhammad,0.0,0.7421709142848614,0.2578290857151386,-298.0,240.0,3.25,1.4,-0.08509541172149128
80,0.024636162229659142,0.0017986277433661435,1.8692312388290209,1.8333333333333333,1,1.8333333333333333,0.5464356151327452,0.5464356151327452,1,-120,True,135.33633220139734,0.875,0.1458090574259272,135.33633220139734,0.0,0.6825225249548709,0.6825225249548709,0.5606287952848242,0.1375033388215677,1547.006360146242,1.0,51.66842852192621,-0.16034482758620694,0.03232451245680986,-22.866671622059304,-1.0,0.016813709360167066,0.024636162229659142,0.011456325664819578,2024-07-27,christian leroy duncan,gregory rodrigues,0.0,0.5464356151327452,0.4535643848672548,-125.0,-105.0,2.1,1.8333333333333333,-0.016813709360167066
81,0.058839826344654796,0.016759702855352776,1.4101529128324606,1.4,1,1.4,0.7262569306109663,0.7262569306109663,1,-250,True,135.33633220139734,0.875,0.1458090574259272,135.33633220139734,0.0,0.6825225249548709,0.6825225249548709,0.5606287952848242,0.1375033388215677,1547.006360146242,1.0,51.66842852192621,-0.16034482758620694,0.03232451245680986,21.84546399361538,0.3999999999999999,0.040157055702884734,0.058839826344654796,0.01711397816946081,2024-07-27,arnold allen,giga chikadze,1.0,0.7262569306109663,0.2737430693890337,-218.0,180.0,3.35,1.4,0.040157055702884734
82,0.19509650907015746,0.045790671498942614,1.254650488262207,1.25,1,1.25,0.8366325371991541,0.8366325371991541,1,-400,True,135.33633220139734,0.875,0.1458090574259272,135.33633220139734,0.0,0.6825225249548709,0.6825225249548709,0.5606287952848242,0.1375033388215677,1547.006360146242,1.0,51.66842852192621,-0.16034482758620694,0.03232451245680986,45.27092903036068,0.25,0.13314963467563637,0.19509650907015746,0.03959781768529058,2024-07-27,nathaniel wood,daniel pineda,1.0,0.8366325371991541,0.1633674628008459,-350.0,240.0,4.8,1.25,0.13314963467563637
83,0.0,-0.11017758283271181,1.2714031532802414,1.25,1,1.25,0.7118579337338306,0.7118579337338306,1,-400,True,135.33633220139734,0.875,0.1458090574259272,135.33633220139734,0.0,0.6825225249548709,0.6825225249548709,0.5606287952848242,0.1375033388215677,1547.006360146242,1.0,51.66842852192621,-0.16034482758620694,0.03232451245680986,0.0,0.0,0.0,0.0,-0.07467464440236737,2024-07-27,tom aspinall,curtis blaydes,1.0,0.7118579337338306,0.2881420662661694,-198.0,164.0,4.2,1.25,0.0
84,0.0,-0.06246860020667622,1.3197061430998496,1.2985074626865671,1,1.2985074626865671,0.7220069400707206,0.7220069400707206,1,-335,True,135.33633220139734,0.875,0.1458090574259272,135.33633220139734,0.0,0.6825225249548709,0.6825225249548709,0.5606287952848242,0.1375033388215677,1547.006360146242,1.0,51.66842852192621,-0.16034482758620694,0.03232451245680986,0.0,0.0,0.0,0.0,-0.03573750571257028,2024-07-27,molly mccann,bruna brasil,0.0,0.7220069400707206,0.2779930599292793,-250.0,175.0,3.8,1.2985074626865671,-0.0
85,0.21518881587759608,0.09563901137464476,1.5232036754268057,1.5,1,1.5,0.7304260075830965,0.7304260075830965,1,-200,True,135.33633220139734,0.875,0.1458090574259272,135.33633220139734,0.0,0.6825225249548709,0.6825225249548709,0.5606287952848242,0.1375033388215677,1547.006360146242,1.0,51.66842852192621,-0.16034482758620694,0.03232451245680986,99.86644720761062,0.5,0.14686224964733333,0.21518881587759608,0.07391498667855634,2024-07-27,muhammad mokaev,manel kape,1.0,0.7304260075830965,0.2695739924169035,120.0,-142.0,2.8,1.5,0.14686224964733333
86,0.03637150705670369,0.012028899047314967,1.712860400950592,1.6896551724137931,1,1.6896551724137931,0.5989558790280027,0.5989558790280027,1,-145,True,135.33633220139734,0.875,0.1458090574259272,135.33633220139734,0.0,0.6825225249548709,0.6825225249548709,0.5606287952848242,0.1375033388215677,1547.006360146242,1.0,51.66842852192621,-0.16034482758620694,0.03232451245680986,23.282155957178723,0.6896551724137931,0.024822857673280647,0.03637150705670369,0.015137139657867005,2024-07-27,modestas bukauskas,marcin prachnio,1.0,0.5989558790280027,0.4010441209719972,-150.0,110.0,2.35,1.6896551724137931,0.024822857673280647
87,0.025624660152353276,-0.000352083298689132,1.4620616849915289,1.4444444444444444,0,1.4444444444444444,0.6920639423316768,0.6920639423316768,0,-225,True,135.33633220139734,0.875,0.1458090574259272,135.33633220139734,0.0,0.6825225249548709,0.6825225249548709,0.5606287952848242,0.1375033388215677,1547.006360146242,1.0,51.66842852192621,-0.16034482758620694,0.03232451245680986,0.0,0.0,0.0,0.025624660152353276,0.008098272301965359,2024-07-27,jake hadley,caolan loughran,1.0,0.3079360576683231,0.6920639423316768,150.0,-186.0,1.4444444444444444,3.05,-0.0
88,0.2155221105701601,0.21680669498702687,2.075107045845322,2.05,0,2.05,0.5935642414570863,0.5935642414570863,0,105,True,-120.90765920694969,-1.0,0.31623152572461755,-120.90765920694969,0.0,0.6960960633729851,0.6960960633729851,0.6065932189214436,-0.15651217159246913,1304.8810352523924,0.8333333333333334,-121.21766568690006,-0.39472952301487974,0.03978319124523106,-232.07406009931555,-1.0,0.15001493599378418,0.2155221105701601,0.11166139119104762,2024-08-03,jai herbert,rolando bedoya,1.0,0.4064357585429136,0.5935642414570863,-145.0,120.0,2.05,1.9090909090909087,-0.15001493599378418
89,0.0,0.009763710358336064,1.258071353586433,1.3636363636363638,1,1.3636363636363638,0.740493387596113,0.740493387596113,1,-275,True,-120.90765920694969,-1.0,0.31623152572461755,-120.90765920694969,0.0,0.6960960633729851,0.6960960633729851,0.6065932189214436,-0.15651217159246913,1304.8810352523924,0.8333333333333334,-121.21766568690006,-0.39472952301487974,0.03978319124523106,0.0,0.0,0.0,0.0,-0.05437408724882409,2024-08-03,shamil gaziev,dontale mayes,1.0,0.740493387596113,0.2595066124038869,-275.0,220.0,8.5,1.3636363636363638,0.0
90,0.2028283758268241,0.07265337076966982,1.4503787708004643,1.425531914893617,1,1.425531914893617,0.7524583347190221,0.7524583347190221,1,-235,True,-120.90765920694969,-1.0,0.31623152572461755,-120.90765920694969,0.0,0.6960960633729851,0.6960960633729851,0.6065932189214436,-0.15651217159246913,1304.8810352523924,0.8333333333333334,-121.21766568690006,-0.39472952301487974,0.03978319124523106,92.93849160752067,0.42553191489361697,0.1411794165196756,0.2028283758268241,0.06298326783832042,2024-08-03,sedriques dumas,denis tiuliulin,1.0,0.7524583347190221,0.2475416652809778,-275.0,220.0,3.05,1.425531914893617,0.1411794165196756
91,0.0,-0.05212501329500241,1.8093184015359047,1.8,1,1.8,0.5265972148361098,0.5265972148361098,1,-125,True,-120.90765920694969,-1.0,0.31623152572461755,-120.90765920694969,0.0,0.6960960633729851,0.6960960633729851,0.6065932189214436,-0.15651217159246913,1304.8810352523924,0.8333333333333334,-121.21766568690006,-0.39472952301487974,0.03978319124523106,0.0,0.0,0.0,0.0,-0.02609710317398406,2024-08-03,mackenzie dern,loopy godinez,1.0,0.5265972148361098,0.4734027851638902,124.0,-148.0,2.22,1.8,0.0
92,0.07356259876533412,0.038456109640030156,1.76508062551834,1.7352941176470589,0,1.7352941176470589,0.5984323343688309,0.5984323343688309,0,-136,True,-120.90765920694969,-1.0,0.31623152572461755,-120.90765920694969,0.0,0.6960960633729851,0.6960960633729851,0.6065932189214436,-0.15651217159246913,1304.8810352523924,0.8333333333333334,-121.21766568690006,-0.39472952301487974,0.03978319124523106,58.24423209022489,0.7352941176470589,0.05120351000704208,0.07356259876533412,0.03188597634830914,2024-08-03,marlon vera,deiveson figueiredo,0.0,0.4015676656311691,0.5984323343688309,-105.0,-115.0,1.7352941176470589,2.25,0.05120351000704208
93,0.15911122695741162,0.08170963485588878,1.425803901073876,1.4444444444444444,1,1.4444444444444444,0.7488759010540769,0.7488759010540769,1,-225,True,-120.90765920694969,-1.0,0.31623152572461755,-120.90765920694969,0.0,0.6960960633729851,0.6960960633729851,0.6065932189214436,-0.15651217159246913,1304.8810352523924,0.8333333333333334,-121.21766568690006,-0.39472952301487974,0.03978319124523106,76.1470486711016,0.4444444444444444,0.11074993867108748,0.15911122695741162,0.04751718037248254,2024-08-03,azamat murzakanov,alonzo menifield,1.0,0.7488759010540769,0.2511240989459231,-200.0,165.0,3.5,1.4444444444444444,0.11074993867108748
94,0.0,-0.08172510048937945,1.2329886473634857,1.2272727272727273,0,1.2272727272727273,0.748223992193839,0.748223992193839,0,-440,True,-120.90765920694969,-1.0,0.31623152572461755,-120.90765920694969,0.0,0.6960960633729851,0.6960960633729851,0.6065932189214436,-0.15651217159246913,1304.8810352523924,0.8333333333333334,-121.21766568690006,-0.39472952301487974,0.03978319124523106,0.0,0.0,0.0,0.0,-0.0628134834052364,2024-08-03,tony ferguson,michael chiesa,0.0,0.251776007806161,0.748223992193839,350.0,-455.0,1.2272727272727273,5.1,0.0
95,0.0,-0.026380238195241157,1.702194105551042,1.6578947368421053,1,1.6578947368421053,0.5872627134695371,0.5872627134695371,1,-152,True,-120.90765920694969,-1.0,0.31623152572461755,-120.90765920694969,0.0,0.6960960633729851,0.6960960633729851,0.6065932189214436,-0.15651217159246913,1304.8810352523924,0.8333333333333334,-121.21766568690006,-0.39472952301487974,0.03978319124523106,0.0,0.0,0.0,0.0,-0.00021435318161056038,2024-08-03,joel alvarez,elves brener,1.0,0.5872627134695371,0.4127372865304629,-120.0,-110.0,2.3200000000000003,1.6578947368421053,0.0
96,0.108166282055235,0.06579697458897094,1.5644334945887195,1.5714285714285714,1,1.5714285714285714,0.6782344383747997,0.6782344383747997,1,-175,True,-120.90765920694969,-1.0,0.31623152572461755,-120.90765920694969,0.0,0.6960960633729851,0.6960960633729851,0.6065932189214436,-0.15651217159246913,1304.8810352523924,0.8333333333333334,-121.21766568690006,-0.39472952301487974,0.03978319124523106,-116.4733779564317,-1.0,0.07528952753977121,0.108166282055235,0.03902541897005074,2024-08-03,viktoriia dudakova,sam hughes,0.0,0.6782344383747997,0.3217655616252003,-190.0,160.0,2.8,1.5714285714285714,-0.07528952753977121
97,0.04012679509880137,-0.0016031388832950244,1.3124466594376611,1.2941176470588236,0,1.2941176470588236,0.7714884835901811,0.7714884835901811,0,-340,True,-120.90765920694969,-1.0,0.31623152572461755,-120.90765920694969,0.0,0.6960960633729851,0.6960960633729851,0.6065932189214436,-0.15651217159246913,1304.8810352523924,0.8333333333333334,-121.21766568690006,-0.39472952301487974,0.03978319124523106,0.0,0.0,0.0,0.04012679509880137,0.009552756291011377,2024-08-03,cory sandhagen,umar nurmagomedov,0.0,0.2285115164098189,0.7714884835901811,225.0,-278.0,1.2941176470588236,3.9,0.0
98,0.0,-0.02108511370142191,1.30556483685112,1.289855072463768,0,1.289855072463768,0.758934012973055,0.758934012973055,0,-345,True,-120.90765920694969,-1.0,0.31623152572461755,-120.90765920694969,0.0,0.6960960633729851,0.6960960633729851,0.6065932189214436,-0.15651217159246913,1304.8810352523924,0.8333333333333334,-121.21766568690006,-0.39472952301487974,0.03978319124523106,0.0,0.0,0.0,0.0,-0.007017988623350679,2024-08-03,mohammad yahya,kaue fernandes,0.0,0.241065987026945,0.758934012973055,260.0,-350.0,1.289855072463768,4.0,0.0
99,0.17433357511487269,0.10547301693631922,1.720403737665986,1.6896551724137931,1,1.6896551724137931,0.6542595406357807,0.6542595406357807,1,-145,True,-75.0303631383516,-1.0,0.17321850478427558,-75.0303631383516,0.0,0.5795159453043667,0.5795159453043667,0.25135970672030783,-0.02583726877511444,1271.1664732250267,1.0,41.31580111098596,0.10632183908045989,0.04287759864421792,90.91233983891986,0.6896551724137931,0.10102292025489999,0.17433357511487269,0.07300063140051805,2024-08-10,yana santos,chelsea chandler,1.0,0.6542595406357807,0.3457404593642192,-105.0,-115.0,2.3200000000000003,1.6896551724137931,0.10102292025489999
100,0.09341903496698149,0.06128190087868862,1.6198273712559943,1.625,0,1.625,0.6530965543868853,0.6530965543868853,0,-160,True,-75.0303631383516,-1.0,0.17321850478427558,-75.0303631383516,0.0,0.5795159453043667,0.5795159453043667,0.25135970672030783,-0.02583726877511444,1271.1664732250267,1.0,41.31580111098596,0.10632183908045989,0.04287759864421792,-70.63910334358499,-1.0,0.054134516047987365,0.09341903496698149,0.03574681839334404,2024-08-10,jhonata diniz,karl williams,1.0,0.3469034456131147,0.6530965543868853,200.0,-245.0,1.625,2.63,-0.054134516047987365
101,0.014472187080810132,-0.005788242708796604,1.210666190371596,1.2,1,1.2,0.8285097977426695,0.8285097977426695,1,-500,True,-75.0303631383516,-1.0,0.17321850478427558,-75.0303631383516,0.0,0.5795159453043667,0.5795159453043667,0.25135970672030783,-0.02583726877511444,1271.1664732250267,1.0,41.31580111098596,0.10632183908045989,0.04287759864421792,0.0,0.0,0.0,0.014472187080810132,0.0025182833574657337,2024-08-10,youssef zalal,jarno errens,1.0,0.8285097977426695,0.1714902022573304,-258.0,210.0,5.3,1.2,0.0
102,0.06678825703875797,0.023043260160231838,1.4239682731249408,1.4166666666666667,1,1.4166666666666667,0.7221481836425165,0.7221481836425165,1,-240,True,-75.0303631383516,-1.0,0.17321850478427558,-75.0303631383516,0.0,0.5795159453043667,0.5795159453043667,0.25135970672030783,-0.02583726877511444,1271.1664732250267,1.0,41.31580111098596,0.10632183908045989,0.04287759864421792,21.042564615651084,0.41666666666666674,0.03870249755587442,0.06678825703875797,0.01988534613879167,2024-08-10,karol rosa,pannie kianzad,1.0,0.7221481836425165,0.2778518163574834,-155.0,130.0,3.3,1.4166666666666667,0.03870249755587442
103,0.0,-0.09023997482188295,1.5852718164581514,1.5555555555555556,0,1.5555555555555556,0.5848457304716467,0.5848457304716467,0,-180,True,-75.0303631383516,-1.0,0.17321850478427558,-75.0303631383516,0.0,0.5795159453043667,0.5795159453043667,0.25135970672030783,-0.02583726877511444,1271.1664732250267,1.0,41.31580111098596,0.10632183908045989,0.04287759864421792,0.0,0.0,0.0,0.0,-0.04596091708121375,2024-08-10,damon jackson,chepe mariscal,0.0,0.4151542695283533,0.5848457304716467,190.0,-245.0,1.5555555555555556,2.6,0.0
104,0.0,-0.10386297434795516,1.471999876823863,1.4444444444444444,0,1.4444444444444444,0.6204025562206464,0.6204025562206464,0,-225,True,270.3113896308165,2.8867924528301887,0.6454204312255547,270.3113896308165,0.0,0.8330367087204532,0.8330367087204532,0.6785683935345572,0.5434329072572485,1961.9601653776463,0.75,420.4823025218031,-0.05660377358490565,0.0786068044953778,0.0,0.0,0.0,0.0,-0.05894532671376118,2024-08-17,tai tuivasa,jairzinho rozenstruik,0.0,0.3795974437793535,0.6204025562206464,132.0,-170.0,1.4444444444444444,2.95,0.0
105,0.33920782670711436,0.33142466364391465,1.9103882127983327,1.9433962264150944,0,1.9433962264150944,0.6851020113895872,0.6851020113895872,0,-106,True,270.3113896308165,2.8867924528301887,0.6454204312255547,270.3113896308165,0.0,0.8330367087204532,0.8330367087204532,0.6785683935345572,0.5434329072572485,1961.9601653776463,0.75,420.4823025218031,-0.05660377358490565,0.0786068044953778,338.8442033521831,0.9433962264150944,0.28255532467125694,0.33920782670711436,0.161648195405661,2024-08-17,junior tafa,valter walker,0.0,0.3148979886104128,0.6851020113895872,-105.0,-115.0,1.9433962264150944,2.14,0.28255532467125694
106,0.0,-0.029563122792103713,1.4066506366850398,1.4,0,1.4,0.6931691980056403,0.6931691980056403,0,-250,True,270.3113896308165,2.8867924528301887,0.6454204312255547,270.3113896308165,0.0,0.8330367087204532,0.8330367087204532,0.6785683935345572,0.5434329072572485,1961.9601653776463,0.75,420.4823025218031,-0.05660377358490565,0.0786068044953778,0.0,0.0,0.0,0.0,-0.017739377244169963,2024-08-17,kai kara france,steve erceg,1.0,0.3068308019943597,0.6931691980056403,172.0,-205.0,1.4,3.4,-0.0
107,0.1375852149907714,0.027526212890252477,1.2718482816834795,1.2597402597402598,1,1.2597402597402598,0.81566513806752,0.81566513806752,1,-385,True,270.3113896308165,2.8867924528301887,0.6454204312255547,270.3113896308165,0.0,0.8330367087204532,0.8330367087204532,0.6785683935345572,0.5434329072572485,1961.9601653776463,0.75,420.4823025218031,-0.05660377358490565,0.0786068044953778,-145.68399025548052,-1.0,0.11460653920951154,0.1375852149907714,0.02940783489583032,2024-08-17,mateusz gamrot,dan hooker,0.0,0.81566513806752,0.18433486193248,-295.0,220.0,4.4,1.2597402597402598,-0.11460653920951154
108,0.0,-0.07675281268513795,1.2954432167529777,1.2857142857142856,0,1.2857142857142856,0.7180811456893372,0.7180811456893372,0,-350,True,270.3113896308165,2.8867924528301887,0.6454204312255547,270.3113896308165,0.0,0.8330367087204532,0.8330367087204532,0.6785683935345572,0.5434329072572485,1961.9601653776463,0.75,420.4823025218031,-0.05660377358490565,0.0786068044953778,0.0,0.0,0.0,0.0,-0.05385542942855581,2024-08-17,li jingliang,carlos prates,0.0,0.2819188543106627,0.7180811456893372,200.0,-265.0,1.2857142857142856,4.2,0.0
109,0.0,-0.07580041027682775,1.0983850657420613,1.0896860986547086,1,1.0896860986547086,0.8481337798694132,0.8481337798694132,1,-1115,True,270.3113896308165,2.8867924528301887,0.6454204312255547,270.3113896308165,0.0,0.8330367087204532,0.8330367087204532,0.6785683935345572,0.5434329072572485,1961.9601653776463,0.75,420.4823025218031,-0.05660377358490565,0.0786068044953778,0.0,0.0,0.0,0.0,-0.06229374795245046,2024-08-17,tom nolan,alex reyes,1.0,0.8481337798694132,0.1518662201305868,-1100.0,700.0,9.1,1.0896860986547086,0.0
110,0.0,-0.06789484039950211,1.7866429451831127,1.7692307692307692,0,1.7692307692307692,0.5268420467307162,0.5268420467307162,0,-130,True,270.3113896308165,2.8867924528301887,0.6454204312255547,270.3113896308165,0.0,0.8330367087204532,0.8330367087204532,0.6785683935345572,0.5434329072572485,1961.9601653776463,0.75,420.4823025218031,-0.05660377358490565,0.0786068044953778,0.0,0.0,0.0,0.0,-0.032866877033852826,2024-08-17,casey oneill,luana santos,1.0,0.4731579532692838,0.5268420467307162,140.0,-166.0,1.7692307692307692,2.24,-0.0
111,0.0,-0.01851483572275539,1.176961138978878,1.1821493624772312,1,1.1821493624772312,0.830254784573509,0.830254784573509,1,-549,True,270.3113896308165,2.8867924528301887,0.6454204312255547,270.3113896308165,0.0,0.8330367087204532,0.8330367087204532,0.6785683935345572,0.5434329072572485,1961.9601653776463,0.75,420.4823025218031,-0.05660377358490565,0.0786068044953778,0.0,0.0,0.0,0.0,-0.01939094023571608,2024-08-17,jack jenkins,herbert burns,1.0,0.830254784573509,0.169745215426491,-535.0,400.0,7.0,1.1821493624772312,0.0
112,0.017355953152475193,0.010852697975232473,1.840094518643533,1.8333333333333333,1,1.8333333333333333,0.5513741988955814,0.5513741988955814,1,-120,True,270.3113896308165,2.8867924528301887,0.6454204312255547,270.3113896308165,0.0,0.8330367087204532,0.8330367087204532,0.6785683935345572,0.5434329072572485,1961.9601653776463,0.75,420.4823025218031,-0.05660377358490565,0.0786068044953778,-18.377588828199105,-1.0,0.014457263635638568,0.017355953152475193,0.007923854433291133,2024-08-17,josh culibao,ricardo ramos,0.0,0.5513741988955814,0.4486258011044186,-166.0,140.0,2.18,1.8333333333333333,-0.014457263635638568
113,0.23204089204559575,0.2358344231976892,1.990169049097168,2.0,1,2.0,0.6179172115988446,0.6179172115988446,1,100,True,270.3113896308165,2.8867924528301887,0.6454204312255547,270.3113896308165,0.0,0.8330367087204532,0.8330367087204532,0.6785683935345572,0.5434329072572485,1961.9601653776463,0.75,420.4823025218031,-0.05660377358490565,0.0786068044953778,245.6996782532996,1.0,0.19328678298912694,0.23204089204559575,0.11544733324672873,2024-08-17,dricus du plessis,israel adesanya,1.0,0.6179172115988446,0.3820827884011554,144.0,-186.0,2.02,2.0,0.19328678298912694
114,0.10989754125087457,0.06677852455060701,1.5644334945887195,1.5714285714285714,0,1.5714285714285714,0.678859061077659,0.678859061077659,0,-175,True,59.004860046542525,1.153439153439153,0.07657009759198963,59.004860046542525,0.0,0.39279405547513957,0.39279405547513957,0.10729358346352574,0.03570614250950903,2032.0141946406004,1.0,11.049169216411613,-0.058201058201058364,0.021578529503581596,48.3925504296554,0.5714285714285714,0.04316446620392828,0.10989754125087457,0.039650041672910086,2024-08-24,dennis buzukja,francis marshall,0.0,0.3211409389223409,0.678859061077659,114.0,-146.0,1.5714285714285714,2.8,0.04316446620392828
115,0.06154926070367165,0.007519683394046239,1.3345534016899032,1.3174603174603174,1,1.3174603174603174,0.7647438560701797,0.7647438560701797,1,-315,True,59.004860046542525,1.153439153439153,0.07657009759198963,59.004860046542525,0.0,0.39279405547513957,0.39279405547513957,0.10729358346352574,0.03570614250950903,2032.0141946406004,1.0,11.049169216411613,-0.058201058201058364,0.021578529503581596,-47.42981435311943,-1.0,0.02417470812614075,0.06154926070367165,0.015429517105750579,2024-08-24,edmen shahbazyan,gerald meerschaert,0.0,0.7647438560701797,0.2352561439298203,-148.0,124.0,3.75,1.3174603174603174,-0.02417470812614075
116,0.035340508510970564,0.009178637192295724,1.3759480507746067,1.3703703703703702,0,1.3703703703703702,0.736427654167351,0.736427654167351,0,-270,True,59.004860046542525,1.153439153439153,0.07657009759198963,59.004860046542525,0.0,0.39279405547513957,0.39279405547513957,0.10729358346352574,0.03570614250950903,2032.0141946406004,1.0,11.049169216411613,-0.058201058201058364,0.021578529503581596,10.086433139875645,0.37037037037037024,0.013880694398513568,0.035340508510970564,0.009656029732084126,2024-08-24,jared cannonier,caio borralho,0.0,0.263572345832649,0.736427654167351,122.0,-145.0,1.3703703703703702,3.6,0.013880694398513568
117,0.0,-0.028887622803554946,1.6475095019501071,1.6666666666666663,0,1.6666666666666663,0.5826674263178672,0.5826674263178672,0,-150,True,59.004860046542525,1.153439153439153,0.07657009759198963,59.004860046542525,0.0,0.39279405547513957,0.39279405547513957,0.10729358346352574,0.03570614250950903,2032.0141946406004,1.0,11.049169216411613,-0.058201058201058364,0.021578529503581596,0.0,0.0,0.0,0.0,-0.024309346086984096,2024-08-24,angela hill,tabatha ricci,0.0,0.4173325736821328,0.5826674263178672,124.0,-148.0,1.6666666666666663,2.6,0.0
118,0.0,-0.0857876123260177,1.1310885736577072,1.1176470588235294,0,1.1176470588235294,0.8179795047609315,0.8179795047609315,0,-850,True,59.004860046542525,1.153439153439153,0.07657009759198963,59.004860046542525,0.0,0.39279405547513957,0.39279405547513957,0.10729358346352574,0.03570614250950903,2032.0141946406004,1.0,11.049169216411613,-0.058201058201058364,0.021578529503581596,0.0,0.0,0.0,0.0,-0.06612455507074566,2024-08-24,neil magny,michael morales,0.0,0.1820204952390684,0.8179795047609315,180.0,-218.0,1.1176470588235294,7.0,0.0
119,0.10596204252772656,0.12249443878233468,2.024559804608903,2.05,1,2.05,0.5475582628206511,0.5475582628206511,1,105,True,-198.76975392957138,-1.0,0.3335802585311345,-198.76975392957138,0.0,0.8444969784321095,0.8444969784321095,0.7204251659232512,0.03289296050649164,2098.853157293544,0.6666666666666666,265.60871658251506,-0.11240310077519378,0.08059388796877508,-181.82292941189712,-1.0,0.08947916303510658,0.10596204252772656,0.05362373062085951,2024-09-07,trevor peek,yanal ashmouz,0.0,0.5475582628206511,0.4524417371793489,-110.0,-110.0,2.0,2.05,-0.08947916303510658
120,0.4927904912980282,0.18805065972334128,1.3957239956003644,1.3875968992248062,1,1.3875968992248062,0.856192933543637,0.856192933543637,1,-258,True,-198.76975392957138,-1.0,0.3335802585311345,-198.76975392957138,0.0,0.8444969784321095,0.8444969784321095,0.7204251659232512,0.03289296050649164,2098.853157293544,0.6666666666666666,265.60871658251506,-0.11240310077519378,0.08059388796877508,324.92791034838547,0.3875968992248062,0.412553224731339,0.4927904912980282,0.13971890060286607,2024-09-07,jaqueline amorim,vanessa demopoulos,1.0,0.856192933543637,0.143807066456363,-500.0,380.0,3.45,1.3875968992248062,0.412553224731339
121,0.0,-0.09355376505375268,1.05382947713087,1.0476190476190477,1,1.0476190476190477,0.8652441333577815,0.8652441333577815,1,-2100,True,-198.76975392957138,-1.0,0.3335802585311345,-198.76975392957138,0.0,0.8444969784321095,0.8444969784321095,0.7204251659232512,0.03289296050649164,2098.853157293544,0.6666666666666666,265.60871658251506,-0.11240310077519378,0.08059388796877508,0.0,0.0,0.0,0.0,-0.08367599243199542,2024-09-07,isaac dulgarian,brendon marotte,1.0,0.8652441333577815,0.1347558666422185,-900.0,600.0,14.0,1.0476190476190477,0.0
122,0.0,-0.023034185786394767,1.3839637540516236,1.3636363636363638,0,1.3636363636363638,0.7164415970899771,0.7164415970899771,0,-275,True,-198.76975392957138,-1.0,0.3335802585311345,-198.76975392957138,0.0,0.8444969784321095,0.8444969784321095,0.7204251659232512,0.03289296050649164,2098.853157293544,0.6666666666666666,265.60871658251506,-0.11240310077519378,0.08059388796877508,0.0,0.0,0.0,0.0,-0.00612067888903578,2024-09-07,matt schnell,cody durden,0.0,0.2835584029100229,0.7164415970899771,240.0,-305.0,1.3636363636363638,3.4,0.0
123,0.0,-0.04164988899059552,1.5521066658499365,1.5376344086021505,0,1.5376344086021505,0.6232626596075148,0.6232626596075148,0,-186,True,-198.76975392957138,-1.0,0.3335802585311345,-198.76975392957138,0.0,0.8444969784321095,0.8444969784321095,0.7204251659232512,0.03289296050649164,2098.853157293544,0.6666666666666666,265.60871658251506,-0.11240310077519378,0.08059388796877508,0.0,0.0,0.0,0.0,-0.021022956840371587,2024-09-07,gilbert burns,sean brady,0.0,0.3767373403924852,0.6232626596075148,-110.0,-110.0,1.5376344086021505,2.75,0.0
124,0.14278447815482498,0.0637898683181864,1.5134220569964854,1.5,1,1.5,0.7091932455454576,0.7091932455454576,1,-200,True,-198.76975392957138,-1.0,0.3335802585311345,-198.76975392957138,0.0,0.8444969784321095,0.8444969784321095,0.7204251659232512,0.03289296050649164,2098.853157293544,0.6666666666666666,265.60871658251506,-0.11240310077519378,0.08059388796877508,122.5037356460267,0.5,0.12057370068489484,0.14278447815482498,0.048439032682599636,2024-09-07,steve garcia,kyle nelson,1.0,0.7091932455454576,0.2908067544545424,-150.0,110.0,2.88,1.5,0.12057370068489484
125,0.0,-0.04932744502720243,1.3839637540516236,1.3636363636363638,0,1.3636363636363638,0.6971598736467182,0.6971598736467182,0,-275,True,-198.76975392957138,-1.0,0.3335802585311345,-198.76975392957138,0.0,0.8444969784321095,0.8444969784321095,0.7204251659232512,0.03289296050649164,2098.853157293544,0.6666666666666666,265.60871658251506,-0.11240310077519378,0.08059388796877508,0.0,0.0,0.0,0.0,-0.025402402332294738,2024-09-07,jessica andrade,natalia silva,0.0,0.3028401263532818,0.6971598736467182,124.0,-148.0,1.3636363636363638,3.4,0.0
126,0.0,-0.02162815128378337,1.1133425868723377,1.1,1,1.1,0.8894289533783787,0.8894289533783787,1,-1000,True,390.5009127588986,2.9136363636363627,0.4241940688232029,390.5009127588986,0.0,0.7063928607639122,0.7063928607639122,0.39580407812018614,0.4847291859545317,3116.228539666542,0.6666666666666666,626.8744696140996,2.49100580270793,0.07257503180019641,0.0,0.0,0.0,0.0,-0.008767174023209479,2024-09-14,raul rosas jr,aoriqileng,1.0,0.8894289533783787,0.1105710466216213,-455.0,350.0,7.6,1.1,0.0
127,0.006901402683121014,-0.008675859389539187,1.5454698960735946,1.526315789473684,1,1.526315789473684,0.6494882300551296,0.6494882300551296,1,-190,True,390.5009127588986,2.9136363636363627,0.4241940688232029,390.5009127588986,0.0,0.7063928607639122,0.7063928607639122,0.39580407812018614,0.4847291859545317,3116.228539666542,0.6666666666666666,626.8744696140996,2.49100580270793,0.07257503180019641,0.0,0.0,0.0,0.006901402683121014,0.0024358335376755136,2024-09-14,daniel zellhuber,esteban ribovics,0.0,0.6494882300551296,0.3505117699448704,-175.0,130.0,2.75,1.526315789473684,-0.0
128,0.0,-0.028600488525069634,1.850897633258621,1.8,1,1.8,0.5396663952638502,0.5396663952638502,1,-125,True,390.5009127588986,2.9136363636363627,0.4241940688232029,390.5009127588986,0.0,0.7063928607639122,0.7063928607639122,0.39580407812018614,0.4847291859545317,3116.228539666542,0.6666666666666666,626.8744696140996,2.49100580270793,0.07257503180019641,0.0,0.0,0.0,0.0,-0.0006119983280404862,2024-09-14,alexa grasso,valentina shevchenko,0.0,0.5396663952638502,0.4603336047361498,-117.0,-107.0,2.1,1.8,-0.0
129,0.23002432832350955,0.2512008981124271,2.024559804608903,2.05,0,2.05,0.6103419015182572,0.6103419015182572,0,105,True,390.5009127588986,2.9136363636363627,0.4241940688232029,390.5009127588986,0.0,0.7063928607639122,0.7063928607639122,0.39580407812018614,0.4847291859545317,3116.228539666542,0.6666666666666666,626.8744696140996,2.49100580270793,0.07257503180019641,358.06751196489625,1.0499999999999998,0.16247762587714548,0.23002432832350955,0.11640736931846557,2024-09-14,sean omalley,merab dvalishvili,0.0,0.3896580984817428,0.6103419015182572,164.0,-198.0,2.05,2.0,0.16247762587714548
130,0.09755489802768137,0.0459655082472577,1.542039825302491,1.5319148936170213,0,1.5319148936170213,0.6827830401058488,0.6827830401058488,0,-188,True,390.5009127588986,2.9136363636363627,0.4241940688232029,390.5009127588986,0.0,0.7063928607639122,0.7063928607639122,0.39580407812018614,0.4847291859545317,3116.228539666542,0.6666666666666666,626.8744696140996,2.49100580270793,0.07257503180019641,76.92952985443438,0.5319148936170213,0.06890787743952168,0.09755489802768137,0.0342913581197255,2024-09-14,brian ortega,diego lopes,0.0,0.3172169598941513,0.6827830401058488,120.0,-150.0,1.5319148936170213,2.8,0.06890787743952168
131,0.007078278352849916,-0.012009921706525484,1.3839637540516236,1.3636363636363638,0,1.3636363636363638,0.7245260574152146,0.7245260574152146,0,-275,True,390.5009127588986,2.9136363636363627,0.4241940688232029,390.5009127588986,0.0,0.7063928607639122,0.7063928607639122,0.39580407812018614,0.4847291859545317,3116.228539666542,0.6666666666666666,626.8744696140996,2.49100580270793,0.07257503180019641,0.0,0.0,0.0,0.007078278352849916,0.0019637814362016837,2024-09-14,edgar chairez,joshua van,0.0,0.2754739425847854,0.7245260574152146,180.0,-230.0,1.3636363636363638,3.4,0.0
132,0.0,-0.09180337018785453,1.216152188343092,1.2,1,1.2,0.7568305248434546,0.7568305248434546,1,-500,True,390.5009127588986,2.9136363636363627,0.4241940688232029,390.5009127588986,0.0,0.7063928607639122,0.7063928607639122,0.39580407812018614,0.4847291859545317,3116.228539666542,0.6666666666666666,626.8744696140996,2.49100580270793,0.07257503180019641,0.0,0.0,0.0,0.0,-0.06543498566178763,2024-09-14,yazmin jauregui,ketlen souza,0.0,0.7568305248434546,0.2431694751565454,-400.0,275.0,5.0,1.2,-0.0
133,0.0,-0.006066830857261674,1.529496678790902,1.5319148936170213,1,1.5319148936170213,0.6488174854126209,0.6488174854126209,1,-188,True,390.5009127588986,2.9136363636363627,0.4241940688232029,390.5009127588986,0.0,0.7063928607639122,0.7063928607639122,0.39580407812018614,0.4847291859545317,3116.228539666542,0.6666666666666666,626.8744696140996,2.49100580270793,0.07257503180019641,0.0,0.0,0.0,0.0,-0.004992368421465443,2024-09-14,ronaldo rodriguez,ode osbourne,1.0,0.6488174854126209,0.3511825145873791,-163.0,120.0,2.9,1.5319148936170213,0.0
134,0.14236876732764553,0.1382617059912239,1.8896234859400405,1.9090909090909087,0,1.9090909090909087,0.5962323221858793,0.5962323221858793,0,-110,True,390.5009127588986,2.9136363636363627,0.4241940688232029,390.5009127588986,0.0,0.7063928607639122,0.7063928607639122,0.39580407812018614,0.4847291859545317,3116.228539666542,0.6666666666666666,626.8744696140996,2.49100580270793,0.07257503180019641,191.87742779476883,0.9090909090909087,0.10056214263527269,0.14236876732764553,0.06702636796239814,2024-09-14,irene aldana,norma dumont,0.0,0.4037676778141207,0.5962323221858793,-110.0,-120.0,1.9090909090909087,2.15,0.10056214263527269
135,0.0,-0.026882975204356896,1.7990743162043694,1.7692307692307692,1,1.7692307692307692,0.5500226661888418,0.5500226661888418,1,-130,True,390.5009127588986,2.9136363636363627,0.4241940688232029,390.5009127588986,0.0,0.7063928607639122,0.7063928607639122,0.39580407812018614,0.4847291859545317,3116.228539666542,0.6666666666666666,626.8744696140996,2.49100580270793,0.07257503180019641,0.0,0.0,0.0,0.0,-0.005818741246604642,2024-09-14,manuel torres,ignacio bahamondes,0.0,0.5500226661888418,0.4499773338111582,130.0,-175.0,2.2,1.7692307692307692,-0.0
136,0.0,-0.07850503774444334,1.5170062735414969,1.5,1,1.5,0.6143299748370378,0.6143299748370378,1,-200,True,236.94932864044654,1.3805970149253728,0.11708716281102594,236.94932864044654,0.0,0.6494465399009386,0.6494465399009386,0.24917112261383956,0.19210055558041517,3714.8577734520304,1.0,361.67990514504197,1.6196456740686809,0.03700921563844658,0.0,0.0,0.0,0.0,-0.044863080222299456,2024-09-28,nassourdine imavov,brendan allen,1.0,0.6143299748370378,0.3856700251629622,-188.0,140.0,2.85,1.5,0.0
137,0.0,-0.02111779181157114,1.4024838947270473,1.3875968992248062,0,1.3875968992248062,0.7054514237782532,0.7054514237782532,0,-258,True,236.94932864044654,1.3805970149253728,0.11708716281102594,236.94932864044654,0.0,0.6494465399009386,0.6494465399009386,0.24917112261383956,0.19210055558041517,3714.8577734520304,1.0,361.67990514504197,1.6196456740686809,0.03700921563844658,0.0,0.0,0.0,0.0,-0.007569241742202526,2024-09-28,renato moicano,benoit st denis,1.0,0.2945485762217468,0.7054514237782532,200.0,-250.0,1.3875968992248062,3.35,-0.0
138,0.08818393722372737,0.01746059144424586,1.3112530142307657,1.2985074626865671,1,1.2985074626865671,0.7835616049053388,0.7835616049053388,1,-335,True,236.94932864044654,1.3805970149253728,0.11708716281102594,236.94932864044654,0.0,0.6494465399009386,0.6494465399009386,0.24917112261383956,0.19210055558041517,3714.8577734520304,1.0,361.67990514504197,1.6196456740686809,0.03700921563844658,53.271003528887455,0.29850746268656714,0.05726725737543922,0.08818393722372737,0.020932280780093127,2024-09-28,taylor lapilus,vince morales,1.0,0.7835616049053388,0.2164383950946612,-345.0,265.0,4.0,1.2985074626865671,0.05726725737543922
139,0.0,-0.04949531657975639,1.352532483325487,1.3333333333333333,0,1.3333333333333333,0.7128785125651828,0.7128785125651828,0,-300,True,236.94932864044654,1.3805970149253728,0.11708716281102594,236.94932864044654,0.0,0.6494465399009386,0.6494465399009386,0.24917112261383956,0.19210055558041517,3714.8577734520304,1.0,361.67990514504197,1.6196456740686809,0.03700921563844658,0.0,0.0,0.0,0.0,-0.026475264389059894,2024-09-28,william gomis,joanderson brito,1.0,0.2871214874348172,0.7128785125651828,200.0,-275.0,1.3333333333333333,3.6,-0.0
140,0.0,-0.06355582754426894,1.198285828261752,1.1923076923076923,1,1.1923076923076923,0.7854047898015809,0.7854047898015809,1,-520,True,236.94932864044654,1.3805970149253728,0.11708716281102594,236.94932864044654,0.0,0.6494465399009386,0.6494465399009386,0.24917112261383956,0.19210055558041517,3714.8577734520304,1.0,361.67990514504197,1.6196456740686809,0.03700921563844658,0.0,0.0,0.0,0.0,-0.04912064345887268,2024-09-28,morgan charriere,gabriel miranda,1.0,0.7854047898015809,0.2145952101984191,-549.0,350.0,5.75,1.1923076923076923,0.0
141,0.0,-0.04337725716502788,1.6000212251896937,1.5952380952380951,0,1.5952380952380951,0.5996739581950572,0.5996739581950572,0,-168,True,236.94932864044654,1.3805970149253728,0.11708716281102594,236.94932864044654,0.0,0.6494465399009386,0.6494465399009386,0.24917112261383956,0.19210055558041517,3714.8577734520304,1.0,361.67990514504197,1.6196456740686809,0.03700921563844658,0.0,0.0,0.0,0.0,-0.02531775082520471,2024-09-28,kevin jousset,bryan battle,0.0,0.4003260418049428,0.5996739581950572,110.0,-150.0,1.5952380952380951,2.65,0.0
142,0.06709304713710909,0.01548847142300569,1.5158167222399663,1.4878048780487805,0,1.4878048780487805,0.6825414316121842,0.6825414316121842,0,-205,True,236.94932864044654,1.3805970149253728,0.11708716281102594,236.94932864044654,0.0,0.6494465399009386,0.6494465399009386,0.24917112261383956,0.19210055558041517,3714.8577734520304,1.0,361.67990514504197,1.6196456740686809,0.03700921563844658,66.23230284970101,0.4878048780487805,0.04357068780854439,0.06709304713710909,0.02283106865862672,2024-09-28,nora cornolle,jacqueline cavalcanti,0.0,0.3174585683878158,0.6825414316121842,163.0,-225.0,1.4878048780487805,2.8,0.04357068780854439
143,0.0,-0.05441607669963741,1.1153786166105013,1.1052631578947367,1,1.1052631578947367,0.855528311557471,0.855528311557471,1,-950,True,236.94932864044654,1.3805970149253728,0.11708716281102594,236.94932864044654,0.0,0.6494465399009386,0.6494465399009386,0.24917112261383956,0.19210055558041517,3714.8577734520304,1.0,361.67990514504197,1.6196456740686809,0.03700921563844658,0.0,0.0,0.0,0.0,-0.041028234450984136,2024-09-28,ludovit klein,roosevelt roberts,1.0,0.855528311557471,0.144471688442529,-649.0,400.0,8.0,1.1052631578947367,0.0
144,0.0267041214020072,-0.004526953090563446,1.885205043536684,1.8333333333333333,0,1.8333333333333333,0.5429852983142381,0.5429852983142381,0,-120,True,236.94932864044654,1.3805970149253728,0.11708716281102594,236.94932864044654,0.0,0.6494465399009386,0.6494465399009386,0.24917112261383956,0.19210055558041517,3714.8577734520304,1.0,361.67990514504197,1.6196456740686809,0.03700921563844658,0.0,0.0,0.0,0.0267041214020072,0.012539019577375021,2024-09-28,daniel barez,victor altamirano,1.0,0.4570147016857618,0.5429852983142381,-138.0,105.0,1.8333333333333333,2.06,-0.0
145,0.1436042263288252,0.0979168846484404,1.8811155379361708,1.8333333333333333,1,1.8333333333333333,0.5988637552627857,0.5988637552627857,1,-120,True,236.94932864044654,1.3805970149253728,0.11708716281102594,236.94932864044654,0.0,0.6494465399009386,0.6494465399009386,0.24917112261383956,0.19210055558041517,3714.8577734520304,1.0,361.67990514504197,1.6196456740686809,0.03700921563844658,242.17659876645348,0.8333333333333333,0.09325757556627785,0.1436042263288252,0.06726429747661988,2024-09-28,fares ziam,matt frevola,1.0,0.5988637552627857,0.4011362447372143,105.0,-138.0,2.0700000000000003,1.8333333333333333,0.09325757556627785
146,0.02618632487064687,-0.01182057605048814,2.0,1.925925925925926,1,1.925925925925926,0.5130931624353234,0.5130931624353234,1,-108,True,-209.7079966814843,-1.0,0.5241387955377754,-209.7079966814843,0.0,0.7872948118733434,0.6734480195279522,0.9999999999999998,-0.10675062599574403,3318.29438065087,0.8571428571428571,-186.8553961196758,-0.6788617886178863,0.08422664816403937,0.0,0.0,0.0,0.02618632487064687,0.013093162435323435,2024-10-05,austin hubbard,alexander hernandez,0.0,0.5130931624353234,0.4869068375646765,170.0,-215.0,1.925925925925926,1.925925925925926,-0.0
147,0.017103708237518285,-0.00735855359022955,1.2497677203052204,1.2352941176470589,1,1.2352941176470589,0.8035668851888618,0.8035668851888618,1,-425,True,-209.7079966814843,-1.0,0.5241387955377754,-209.7079966814843,0.0,0.7872948118733434,0.6734480195279522,0.9999999999999998,-0.10675062599574403,3318.29438065087,0.8571428571428571,-186.8553961196758,-0.6788617886178863,0.08422664816403937,0.0,0.0,0.0,0.017103708237518285,0.003418198554694052,2024-10-05,alex pereira,khalil rountree jr,1.0,0.8035668851888618,0.1964331148111382,-535.0,400.0,4.6,1.2352941176470589,0.0
148,0.1698715720056532,0.055837985142897895,1.4794840631061863,1.4444444444444444,0,1.4444444444444444,0.7309647589450832,0.7309647589450832,0,-225,True,-209.7079966814843,-1.0,0.5241387955377754,-209.7079966814843,0.0,0.7872948118733434,0.6734480195279522,0.9999999999999998,-0.10675062599574403,3318.29438065087,0.8571428571428571,-186.8553961196758,-0.6788617886178863,0.08422664816403937,188.86781273247362,0.4444444444444444,0.11439269133934532,0.1698715720056532,0.05505345652760829,2024-10-05,stephen thompson,joaquin buckley,0.0,0.2690352410549168,0.7309647589450832,110.0,-150.0,1.4444444444444444,2.88,0.11439269133934532
149,0.24987317683105323,0.12086059462726279,1.5937085141648666,1.5555555555555556,0,1.5555555555555556,0.7205532394032403,0.7205532394032403,0,-180,True,-209.7079966814843,-1.0,0.5241387955377754,-209.7079966814843,0.0,0.7872948118733434,0.6734480195279522,0.9999999999999998,-0.10675062599574403,3318.29438065087,0.8571428571428571,-186.8553961196758,-0.6788617886178863,0.08422664816403937,347.2697036016207,0.5555555555555556,0.16826632528169624,0.24987317683105323,0.09308592583114783,2024-10-05,marina rodriguez,iasmin lucindo,0.0,0.2794467605967597,0.7205532394032403,-110.0,-120.0,1.5555555555555556,2.55,0.16826632528169624
150,0.0,-0.15828505331268983,1.530854695975155,1.5128205128205128,0,1.5128205128205128,0.5563878461153406,0.5563878461153406,0,-195,True,-209.7079966814843,-1.0,0.5241387955377754,-209.7079966814843,0.0,0.7872948118733434,0.6734480195279522,0.9999999999999998,-0.10675062599574403,3318.29438065087,0.8571428571428571,-186.8553961196758,-0.6788617886178863,0.08422664816403937,0.0,0.0,0.0,0.0,-0.09684201471282872,2024-10-05,court mcgee,tim means,1.0,0.4436121538846594,0.5563878461153406,190.0,-230.0,1.5128205128205128,2.8,-0.0
151,0.2548475505554266,0.11350672055672423,1.5097046050968186,1.4878048780487805,1,1.4878048780487805,0.7484225498823884,0.7484225498823884,1,-205,True,-209.7079966814843,-1.0,0.5241387955377754,-209.7079966814843,0.0,0.7872948118733434,0.6734480195279522,0.9999999999999998,-0.10675062599574403,3318.29438065087,0.8571428571428571,-186.8553961196758,-0.6788617886178863,0.08422664816403937,310.9899580908466,0.4878048780487805,0.17161610294808446,0.2548475505554266,0.08604131541839921,2024-10-05,ryan spann,ovince st preux,1.0,0.7484225498823884,0.2515774501176115,-330.0,260.0,2.85,1.4878048780487805,0.17161610294808446
152,0.0,-0.09126895955162675,1.254650488262207,1.25,1,1.25,0.7269848323586986,0.7269848323586986,1,-400,True,-209.7079966814843,-1.0,0.5241387955377754,-209.7079966814843,0.0,0.7872948118733434,0.6734480195279522,0.9999999999999998,-0.10675062599574403,3318.29438065087,0.8571428571428571,-186.8553961196758,-0.6788617886178863,0.08422664816403937,0.0,0.0,0.0,0.0,-0.07004988715516491,2024-10-05,cesar almeida,ihor potieria,1.0,0.7269848323586986,0.2730151676413014,-333.0,250.0,4.8,1.25,0.0
153,0.10779051338653346,0.062369064966816046,1.736621886751258,1.7092198581560285,0,1.7092198581560285,0.6215520255614981,0.6215520255614981,0,-141,True,-209.7079966814843,-1.0,0.5241387955377754,-209.7079966814843,0.0,0.7872948118733434,0.6734480195279522,0.9999999999999998,-0.10675062599574403,3318.29438065087,0.8571428571428571,-186.8553961196758,-0.6788617886178863,0.08422664816403937,-269.6499248024964,-1.0,0.0725868771422504,0.10779051338653346,0.04572143881775681,2024-10-05,roman dolidze,kevin holland,1.0,0.3784479744385018,0.6215520255614981,120.0,-163.0,1.7092198581560285,2.3,-0.0725868771422504
154,0.0,-0.1232211177218436,1.11125064410829,1.1,0,1.1,0.7970717111619603,0.7970717111619603,0,-1000,True,-209.7079966814843,-1.0,0.5241387955377754,-209.7079966814843,0.0,0.7872948118733434,0.6734480195279522,0.9999999999999998,-0.10675062599574403,3318.29438065087,0.8571428571428571,-186.8553961196758,-0.6788617886178863,0.08422664816403937,0.0,0.0,0.0,0.0,-0.10281528130177697,2024-10-05,ketlen vieira,kayla harrison,0.0,0.2029282888380397,0.7970717111619603,400.0,-649.0,1.1,8.0,0.0
155,0.1708570576077077,0.1264574929594826,1.8692312388290209,1.8333333333333333,0,1.8333333333333333,0.6144313597960814,0.6144313597960814,0,-120,True,-209.7079966814843,-1.0,0.5241387955377754,-209.7079966814843,0.0,0.7872948118733434,0.6734480195279522,0.9999999999999998,-0.10675062599574403,3318.29438065087,0.8571428571428571,-186.8553961196758,-0.6788617886178863,0.08422664816403937,356.1815668221412,0.8333333333333333,0.11505632415891702,0.1708570576077077,0.07945207032815582,2024-10-05,jose aldo,mario bautista,0.0,0.3855686402039185,0.6144313597960814,130.0,-175.0,1.8333333333333333,2.1,0.11505632415891702
156,0.22114921856852626,0.14137789813192164,1.693169861636774,1.6756756756756757,1,1.6756756756756757,0.6811448746916307,0.6811448746916307,1,-148,True,-209.7079966814843,-1.0,0.5241387955377754,-209.7079966814843,0.0,0.7872948118733434,0.6734480195279522,0.9999999999999998,-0.10675062599574403,3318.29438065087,0.8571428571428571,-186.8553961196758,-0.6788617886178863,0.08422664816403937,-553.229298976361,-1.0,0.14892341314652074,0.22114921856852626,0.09053667721680214,2024-10-05,raquel pennington,julianna pena,0.0,0.6811448746916307,0.3188551253083693,-175.0,130.0,2.4,1.6756756756756757,-0.14892341314652074
157,0.22676796388508752,0.3353498416539461,2.6043636788996256,2.55,1,2.55,0.523666604570175,0.523666604570175,1,155,True,-209.7079966814843,-1.0,0.5241387955377754,-209.7079966814843,0.0,0.7872948118733434,0.6734480195279522,0.9999999999999998,-0.10675062599574403,3318.29438065087,0.8571428571428571,-186.8553961196758,-0.6788617886178863,0.08422664816403937,-567.2852135879004,-1.0,0.15270711509925475,0.22676796388508752,0.13969565300840547,2024-10-05,carla esparza,tecia pennington,0.0,0.523666604570175,0.476333395429825,-150.0,110.0,1.606060606060606,2.55,-0.15270711509925475
158,0.0,-0.022085731043122392,1.7255974138967924,1.6896551724137931,1,1.6896551724137931,0.5787655877499888,0.5787655877499888,1,-145,True,-260.7191314757277,-1.0,0.32019766300505803,-260.7191314757277,0.0,0.8269545168017354,0.7120242695272565,1.0,-0.22400386588019397,2574.9836112565513,1.0,-482.59163791859123,-0.2747010333217228,0.08588154699303541,0.0,0.0,0.0,0.0,-0.0007438574697812284,2024-10-12,chidi njokuani,jared gooden,1.0,0.5787655877499888,0.4212344122500112,-188.0,140.0,2.3,1.6896551724137931,0.0
159,0.26792600288165785,0.13457175169362456,1.6122342839525097,1.5714285714285714,1,1.5714285714285714,0.7220002056232157,0.7220002056232157,1,-175,True,-260.7191314757277,-1.0,0.32019766300505803,-260.7191314757277,0.0,0.8269545168017354,0.7120242695272565,1.0,-0.22400386588019397,2574.9836112565513,1.0,-482.59163791859123,-0.2747010333217228,0.08588154699303541,-632.9917729438221,-1.0,0.19075817282361285,0.26792600288165785,0.1017429576825335,2024-10-12,jonathan pearce,pat sabatini,0.0,0.7220002056232157,0.2779997943767843,-175.0,130.0,2.5,1.5714285714285714,-0.19075817282361285
160,0.018101104887569285,-0.0012519616791835664,1.3073687627036903,1.2985074626865671,1,1.2985074626865671,0.769150788132123,0.769150788132123,1,-335,True,-260.7191314757277,-1.0,0.32019766300505803,-260.7191314757277,0.0,0.8269545168017354,0.7120242695272565,1.0,-0.22400386588019397,2574.9836112565513,1.0,-482.59163791859123,-0.2747010333217228,0.08588154699303541,0.0,0.0,0.0,0.018101104887569285,0.00425565790738025,2024-10-12,grant dawson,rafa garcia,1.0,0.769150788132123,0.230849211867877,-350.0,240.0,4.1,1.2985074626865671,0.0
161,0.0,-0.039045279693376234,1.466926010958188,1.4444444444444444,0,1.4444444444444444,0.6652763448276626,0.6652763448276626,0,-225,True,-260.7191314757277,-1.0,0.32019766300505803,-260.7191314757277,0.0,0.8269545168017354,0.7120242695272565,1.0,-0.22400386588019397,2574.9836112565513,1.0,-482.59163791859123,-0.2747010333217228,0.08588154699303541,0.0,0.0,0.0,0.0,-0.016421295359933086,2024-10-12,brad tavares,junyong park,0.0,0.3347236551723374,0.6652763448276626,130.0,-175.0,1.4444444444444444,3.0,0.0
162,0.3156896081190768,0.09842690658191566,1.3656453874294556,1.3448275862068966,0,1.3448275862068966,0.8167789818173219,0.8167789818173219,0,-290,True,-260.7191314757277,-1.0,0.32019766300505803,-260.7191314757277,0.0,0.8269545168017354,0.7120242695272565,1.0,-0.22400386588019397,2574.9836112565513,1.0,-482.59163791859123,-0.2747010333217228,0.08588154699303541,-745.8362480460647,-1.0,0.22476494321753696,0.3156896081190768,0.08452446742812691,2024-10-12,brandon royval,tatsuro taira,1.0,0.1832210181826781,0.8167789818173219,150.0,-195.0,1.3448275862068966,3.5,-0.22476494321753696
163,0.14072972778046444,0.05313831447353984,1.473111699094626,1.4545454545454546,1,1.4545454545454546,0.7240325912005586,0.7240325912005586,1,-220,True,-260.7191314757277,-1.0,0.32019766300505803,-260.7191314757277,0.0,0.8269545168017354,0.7120242695272565,1.0,-0.22400386588019397,2574.9836112565513,1.0,-482.59163791859123,-0.2747010333217228,0.08588154699303541,151.12849839738018,0.4545454545454546,0.10019686571901473,0.14072972778046444,0.0451974420298612,2024-10-12,daniel rodriguez,alex morono,1.0,0.7240325912005586,0.2759674087994413,-200.0,150.0,3.0,1.4545454545454546,0.10019686571901473
164,0.20459076520918354,0.16360878986660976,1.9905598186421247,1.925925925925926,1,1.925925925925926,0.6041814870461243,0.6041814870461243,1,-108,True,-260.7191314757277,-1.0,0.32019766300505803,-260.7191314757277,0.0,0.8269545168017354,0.7120242695272565,1.0,-0.22400386588019397,2574.9836112565513,1.0,-482.59163791859123,-0.2747010333217228,0.08588154699303541,447.55402958425003,0.925925925925926,0.14566469893975506,0.20459076520918354,0.10181024924923276,2024-10-12,julia polastri,cory mckenna,1.0,0.6041814870461243,0.3958185129538757,-148.0,124.0,1.9433962264150944,1.925925925925926,0.14566469893975506
165,0.3652417195404915,0.1201470882831886,1.3572254458532822,1.3448275862068966,1,1.3448275862068966,0.8329298861592941,0.8329298861592941,1,-290,True,-260.7191314757277,-1.0,0.32019766300505803,-260.7191314757277,0.0,0.8269545168017354,0.7120242695272565,1.0,-0.22400386588019397,2574.9836112565513,1.0,-482.59163791859123,-0.2747010333217228,0.08588154699303541,297.55385508966526,0.3448275862068966,0.26004509569484713,0.3652417195404915,0.09613261857542266,2024-10-12,themba gorimbo,niko price,1.0,0.8329298861592941,0.1670701138407059,-275.0,200.0,3.65,1.3448275862068966,0.26004509569484713
166,0.0,-0.018809613472931197,1.474508959759973,1.4651162790697674,0,1.4651162790697674,0.669701374931174,0.669701374931174,0,-215,True,415.09904302764824,1.8313140726933832,0.3809397682450206,415.09904302764824,0.0,0.7580706663633365,0.7580706663633365,0.5073794996386036,0.44803290204100854,3728.66099131586,1.0,738.5783370316607,2.069556200202145,0.07593419459934074,0.0,0.0,0.0,0.0,-0.008490502697554914,2024-10-19,matheus nicolau,asu almabayev,0.0,0.330298625068826,0.669701374931174,180.0,-218.0,1.4651162790697674,3.05,0.0
167,0.0,-0.0397416898415342,1.1822056282148268,1.1694915254237288,0,1.1694915254237288,0.821090439121007,0.821090439121007,0,-590,True,415.09904302764824,1.8313140726933832,0.3809397682450206,415.09904302764824,0.0,0.7580706663633365,0.7580706663633365,0.5073794996386036,0.44803290204100854,3728.66099131586,1.0,738.5783370316607,2.069556200202145,0.07593419459934074,0.0,0.0,0.0,0.0,-0.024786095496778682,2024-10-19,rob font,kyler phillips,1.0,0.178909560878993,0.821090439121007,185.0,-225.0,1.1694915254237288,5.75,-0.0
168,0.0,-0.04729351664365605,1.3776719276921858,1.3636363636363638,1,1.3636363636363638,0.6986514211279855,0.6986514211279855,1,-275,True,415.09904302764824,1.8313140726933832,0.3809397682450206,415.09904302764824,0.0,0.7580706663633365,0.7580706663633365,0.5073794996386036,0.44803290204100854,3728.66099131586,1.0,738.5783370316607,2.069556200202145,0.07593419459934074,0.0,0.0,0.0,0.0,-0.027210796065591958,2024-10-19,charles johnson,sumudaerji,1.0,0.6986514211279855,0.3013485788720145,-198.0,164.0,3.5,1.3636363636363638,0.0
169,0.0,-0.02928419351108158,1.5097046050968186,1.4878048780487805,0,1.4878048780487805,0.6524483289515681,0.6524483289515681,0,-205,True,415.09904302764824,1.8313140726933832,0.3809397682450206,415.09904302764824,0.0,0.7580706663633365,0.7580706663633365,0.5073794996386036,0.44803290204100854,3728.66099131586,1.0,738.5783370316607,2.069556200202145,0.07593419459934074,0.0,0.0,0.0,0.0,-0.009932905512421097,2024-10-19,brad katona,jean matsumoto,0.0,0.3475516710484318,0.6524483289515681,185.0,-225.0,1.4878048780487805,2.85,0.0
170,0.2865189824670673,0.18894194507109402,1.7104092167561402,1.6896551724137931,1,1.6896551724137931,0.7036595185114638,0.7036595185114638,1,-145,True,415.09904302764824,1.8313140726933832,0.3809397682450206,415.09904302764824,0.0,0.7580706663633365,0.7580706663633365,0.5073794996386036,0.44803290204100854,3728.66099131586,1.0,738.5783370316607,2.069556200202145,0.07593419459934074,385.6941493478955,0.6896551724137931,0.217188379028766,0.2865189824670673,0.1190041096166613,2024-10-19,anthony hernandez,michel pereira,1.0,0.7036595185114638,0.2963404814885362,-170.0,142.0,2.3600000000000003,1.6896551724137931,0.217188379028766
171,0.24610449323511677,0.1614862895281618,1.686414142733662,1.6756756756756757,1,1.6756756756756757,0.6931450437506772,0.6931450437506772,1,-148,True,415.09904302764824,1.8313140726933832,0.3809397682450206,415.09904302764824,0.0,0.7580706663633365,0.7580706663633365,0.5073794996386036,0.44803290204100854,3728.66099131586,1.0,738.5783370316607,2.069556200202145,0.07593419459934074,324.5753100317711,0.6756756756756757,0.1865532101824165,0.24610449323511677,0.10017088950229724,2024-10-19,darren elkins,daniel pineda,1.0,0.6931450437506772,0.3068549562493228,124.0,-148.0,2.43,1.6756756756756757,0.1865532101824165
172,0.0,-0.06336603025300724,1.5110858287410611,1.5,0,1.5,0.6244226464979952,0.6244226464979952,0,-200,True,415.09904302764824,1.8313140726933832,0.3809397682450206,415.09904302764824,0.0,0.7580706663633365,0.7580706663633365,0.5073794996386036,0.44803290204100854,3728.66099131586,1.0,738.5783370316607,2.069556200202145,0.07593419459934074,0.0,0.0,0.0,0.0,-0.03735313154178388,2024-10-19,jessica penne,elise reed,0.0,0.3755773535020048,0.6244226464979952,130.0,-155.0,1.5,2.9,0.0
173,0.0,-0.11763831044325415,1.2887994248028642,1.2857142857142856,0,1.2857142857142856,0.6862813140996913,0.6862813140996913,0,-350,True,415.09904302764824,1.8313140726933832,0.3809397682450206,415.09904302764824,0.0,0.7580706663633365,0.7580706663633365,0.5073794996386036,0.44803290204100854,3728.66099131586,1.0,738.5783370316607,2.069556200202145,0.07593419459934074,0.0,0.0,0.0,0.0,-0.08963461257987004,2024-10-19,austen lane,robelis despaigne,1.0,0.3137186859003087,0.6862813140996913,300.0,-380.0,1.2857142857142856,4.4,-0.0
174,0.020594599120346613,0.004986736951952231,1.72094712690417,1.704225352112676,1,1.704225352112676,0.589702961351972,0.589702961351972,1,-142,True,415.09904302764824,1.8313140726933832,0.3809397682450206,415.09904302764824,0.0,0.7580706663633365,0.7580706663633365,0.5073794996386036,0.44803290204100854,3728.66099131586,1.0,738.5783370316607,2.069556200202145,0.07593419459934074,28.30887765199411,0.704225352112676,0.015611208587931693,0.020594599120346613,0.00862758467906366,2024-10-19,melissa martinez,alice ardelean,1.0,0.589702961351972,0.410297038648028,-155.0,130.0,2.35,1.704225352112676,0.015611208587931693
175,0.1717956847125635,0.061710743575421445,1.4226090516003085,1.4081632653061225,1,1.4081632653061225,0.7539684990608065,0.7539684990608065,1,-245,True,426.7838980393475,1.2850122850122854,0.24981175507943898,426.7838980393475,0.0,0.7296501801148478,0.6336563724481052,1.0,0.511660461893372,5636.469396376331,1.0,1481.0245070211236,2.6608986673936497,0.050223480072510124,165.6633213958409,0.40816326530612246,0.10885278612485906,0.1717956847125635,0.051034689610424455,2024-10-26,geoff neal,rafael dos anjos,1.0,0.7539684990608065,0.2460315009391934,-170.0,142.0,3.25,1.4081632653061225,0.10885278612485906
176,0.30241890708804986,0.10997051166821076,1.3636363636366982,1.3636363636363638,1,1.3636363636363638,0.8139783752233545,0.8139783752233545,1,-275,True,426.7838980393475,1.2850122850122854,0.24981175507943898,426.7838980393475,0.0,0.7296501801148478,0.6336563724481052,1.0,0.511660461893372,5636.469396376331,1.0,1481.0245070211236,2.6608986673936497,0.050223480072510124,259.8103474497062,0.36363636363636376,0.1916179714784286,0.30241890708804986,0.08064504189020105,2024-10-26,lerone murphy,dan ige,1.0,0.8139783752233545,0.1860216247766455,-170.0,142.0,3.75,1.3636363636363638,0.1916179714784286
177,0.2378801738712883,0.09654129201115746,1.4620616849915289,1.4444444444444444,0,1.4444444444444444,0.7591439713923398,0.7591439713923398,0,-225,True,426.7838980393475,1.2850122850122854,0.24981175507943898,426.7838980393475,0.0,0.7296501801148478,0.6336563724481052,1.0,0.511660461893372,5636.469396376331,1.0,1481.0245070211236,2.6608986673936497,0.050223480072510124,249.7790026203318,0.4444444444444444,0.15072508796178155,0.2378801738712883,0.07517830136262837,2024-10-26,robert whittaker,khamzat chimaev,0.0,0.2408560286076602,0.7591439713923398,155.0,-195.0,1.4444444444444444,3.05,0.15072508796178155
178,0.13379174800238433,0.07794908976072457,1.607323877415364,1.6024096385542168,1,1.6024096385542168,0.6727050710536853,0.6727050710536853,1,-166,True,426.7838980393475,1.2850122850122854,0.24981175507943898,426.7838980393475,0.0,0.7296501801148478,0.6336563724481052,1.0,0.511660461893372,5636.469396376331,1.0,1481.0245070211236,2.6608986673936497,0.050223480072510124,190.4151230817742,0.6024096385542168,0.08477281926458968,0.13379174800238433,0.050552924836560154,2024-10-26,shara magomedov,armen petrosyan,1.0,0.6727050710536853,0.3272949289463147,-250.0,205.0,2.63,1.6024096385542168,0.08477281926458968
179,0.1715313708876475,0.09708456600221499,1.6783185748834013,1.6493506493506491,1,1.6493506493506491,0.6651615085210281,0.6651615085210281,1,-154,True,426.7838980393475,1.2850122850122854,0.24981175507943898,426.7838980393475,0.0,0.7296501801148478,0.6336563724481052,1.0,0.511660461893372,5636.469396376331,1.0,1481.0245070211236,2.6608986673936497,0.050223480072510124,263.149794778047,0.6493506493506491,0.1086853122077955,0.1715313708876475,0.06932707341118993,2024-10-26,abus magomedov,brunno ferreira,1.0,0.6651615085210281,0.3348384914789719,100.0,-120.0,2.4,1.6493506493506491,0.1086853122077955
180,0.1864599447220948,0.1259864491364336,1.6756756756759166,1.6756756756756757,1,1.6756756756756757,0.6719596551298072,0.6719596551298072,1,-148,True,426.7838980393475,1.2850122850122854,0.24981175507943898,426.7838980393475,0.0,0.7296501801148478,0.6336563724481052,1.0,0.511660461893372,5636.469396376331,1.0,1481.0245070211236,2.6608986673936497,0.050223480072510124,297.6487298961349,0.6756756756756757,0.11814432078224905,0.1864599447220948,0.07518546158150585,2024-10-26,ismail naurdiev,bruno silva,1.0,0.6719596551298072,0.3280403448701928,124.0,-148.0,2.48,1.6756756756756757,0.11814432078224905
181,0.10424379843708963,0.005051276082624803,1.1521153417887933,1.1398601398601398,1,1.1398601398601398,0.8817321011031617,0.8817321011031617,1,-715,True,426.7838980393475,1.2850122850122854,0.24981175507943898,426.7838980393475,0.0,0.7296501801148478,0.6336563724481052,1.0,0.511660461893372,5636.469396376331,1.0,1481.0245070211236,2.6608986673936497,0.050223480072510124,34.444856832990894,0.1398601398601398,0.06605071550604323,0.10424379843708963,0.013763449242851,2024-10-26,kennedy nzechukwu,chris barnett,1.0,0.8817321011031617,0.1182678988968383,-752.0,475.0,6.5,1.1398601398601398,0.06605071550604323
182,0.029308914285564303,0.007028764667491472,1.3906955532056045,1.3846153846153846,0,1.3846153846153846,0.727298552259855,0.727298552259855,0,-260,True,426.7838980393475,1.2850122850122854,0.24981175507943898,426.7838980393475,0.0,0.7296501801148478,0.6336563724481052,1.0,0.511660461893372,5636.469396376331,1.0,1481.0245070211236,2.6608986673936497,0.050223480072510124,-69.2436462137102,-1.0,0.018570646775070275,0.029308914285564303,0.008233910329445981,2024-10-26,mateusz rebecki,myktybek orolbai,1.0,0.2727014477401451,0.727298552259855,100.0,-120.0,1.3846153846153846,3.5,-0.018570646775070275
183,0.10022917249032291,0.030027340087217302,1.389395245413007,1.3773584905660377,1,1.3773584905660377,0.7478280688304455,0.7478280688304455,1,-265,True,426.7838980393475,1.2850122850122854,0.24981175507943898,426.7838980393475,0.0,0.7296501801148478,0.6336563724481052,1.0,0.511660461893372,5636.469396376331,1.0,1481.0245070211236,2.6608986673936497,0.050223480072510124,89.35697718000807,0.37735849056603765,0.0635069774588049,0.10022917249032291,0.028090468387784284,2024-10-26,ilia topuria,max holloway,1.0,0.7478280688304455,0.2521719311695545,-188.0,146.0,3.45,1.3773584905660377,0.0635069774588049
184,0.0,-0.006354703976593434,1.7246376811596325,1.7246376811594204,1,1.7246376811594204,0.5761472724841601,0.5761472724841601,1,-138,True,726.5322085848168,1.7698726394378568,0.23323205456013163,726.5322085848168,0.0,0.6115636656136684,0.6115636656136684,0.4470088772794005,0.34909472385440904,7604.131123818154,1.0,1241.1295188570061,3.2433773442099065,0.03729464476932617,0.0,0.0,0.0,0.0,-0.003684660288877817,2024-11-02,erin blanchfield,rose namajunas,1.0,0.5761472724841601,0.4238527275158399,-120.0,-110.0,2.38,1.7246376811594204,0.0
185,0.13549183923740493,0.06803795644727728,1.6326478885674982,1.606060606060606,1,1.606060606060606,0.6650047653350972,0.6650047653350972,1,-165,True,726.5322085848168,1.7698726394378568,0.23323205456013163,726.5322085848168,0.0,0.6115636656136684,0.6115636656136684,0.4470088772794005,0.34909472385440904,7604.131123818154,1.0,1241.1295188570061,3.2433773442099065,0.03729464476932617,283.04241056096504,0.606060606060606,0.08285682837661429,0.13549183923740493,0.05250282477434953,2024-11-02,brandon moreno,amir albazi,1.0,0.6650047653350972,0.3349952346649028,-150.0,125.0,2.5,1.606060606060606,0.08285682837661429
186,0.054721671169419006,0.030949360150241745,1.7773301860316095,1.7575757575757576,1,1.7575757575757576,0.5865746359475513,0.5865746359475513,1,-132,True,726.5322085848168,1.7698726394378568,0.23323205456013163,726.5322085848168,0.0,0.6115636656136684,0.6115636656136684,0.4470088772794005,0.34909472385440904,7604.131123818154,1.0,1241.1295188570061,3.2433773442099065,0.03729464476932617,142.89194283666617,0.7575757575757576,0.03346374321940981,0.054721671169419006,0.023932979456710024,2024-11-02,alexandr romanov,rodrigo nascimento,1.0,0.5865746359475513,0.4134253640524487,105.0,-138.0,2.25,1.7575757575757576,0.03346374321940981
187,0.10888983034421088,0.059329014647212186,1.529496678790902,1.5319148936170213,1,1.5319148936170213,0.6915064401169302,0.6915064401169302,1,-188,True,726.5322085848168,1.7698726394378568,0.23323205456013163,726.5322085848168,0.0,0.6115636656136684,0.6115636656136684,0.4470088772794005,0.34909472385440904,7604.131123818154,1.0,1241.1295188570061,3.2433773442099065,0.03729464476932617,199.64194497370582,0.5319148936170213,0.06658899927530226,0.10888983034421088,0.03769658628284389,2024-11-02,aiemann zahabi,pedro munhoz,1.0,0.6915064401169302,0.3084935598830698,115.0,-140.0,2.9,1.5319148936170213,0.06658899927530226
188,0.0,-0.071546590452705,1.4573932808325076,1.4444444444444444,0,1.4444444444444444,0.6427754373788965,0.6427754373788965,0,-225,True,726.5322085848168,1.7698726394378568,0.23323205456013163,726.5322085848168,0.0,0.6115636656136684,0.6115636656136684,0.4470088772794005,0.34909472385440904,7604.131123818154,1.0,1241.1295188570061,3.2433773442099065,0.03729464476932617,0.0,0.0,0.0,0.0,-0.04338114996914544,2024-11-02,ariane da silva,jasmine jasudavicius,0.0,0.3572245626211034,0.6427754373788965,140.0,-165.0,1.4444444444444444,3.1,0.0
189,0.0,-0.04690058777077566,1.4365896916364451,1.4444444444444444,1,1.4444444444444444,0.6598380546202323,0.6598380546202323,1,-225,True,726.5322085848168,1.7698726394378568,0.23323205456013163,726.5322085848168,0.0,0.6115636656136684,0.6115636656136684,0.4470088772794005,0.34909472385440904,7604.131123818154,1.0,1241.1295188570061,3.2433773442099065,0.03729464476932617,0.0,0.0,0.0,0.0,-0.03625492573582334,2024-11-02,marc andre barriault,dustin stoltzfus,0.0,0.6598380546202323,0.3401619453797677,-210.0,175.0,3.35,1.4444444444444444,-0.0
190,0.05109016570004015,0.006138840161292264,1.3017487590290782,1.289855072463768,1,1.289855072463768,0.7800402243947098,0.7800402243947098,1,-345,True,726.5322085848168,1.7698726394378568,0.23323205456013163,726.5322085848168,0.0,0.6115636656136684,0.6115636656136684,0.4470088772794005,0.34909472385440904,7604.131123818154,1.0,1241.1295188570061,3.2433773442099065,0.03729464476932617,51.043510654275714,0.28985507246376807,0.03124298197564338,0.05109016570004015,0.011842833720137835,2024-11-02,mike malott,trevin giles,1.0,0.7800402243947098,0.2199597756052902,-275.0,210.0,4.1,1.289855072463768,0.03124298197564338
191,0.19562093420308066,0.15467062487400368,1.6973819538125057,1.7246376811594204,1,1.7246376811594204,0.6695149001370273,0.6695149001370273,1,-138,True,726.5322085848168,1.7698726394378568,0.23323205456013163,726.5322085848168,0.0,0.6115636656136684,0.6115636656136684,0.4470088772794005,0.34909472385440904,7604.131123818154,1.0,1241.1295188570061,3.2433773442099065,0.03729464476932617,488.6057376393709,0.7246376811594204,0.11962735367210928,0.19562093420308066,0.08037231042474091,2024-11-02,charles jourdain,victor henry,1.0,0.6695149001370273,0.3304850998629727,100.0,-120.0,2.5,1.7246376811594204,0.11962735367210928
192,0.06606378288834899,0.004974282216894943,1.3581229197342266,1.3333333333333333,0,1.3333333333333333,0.7537307116626712,0.7537307116626712,0,-300,True,726.5322085848168,1.7698726394378568,0.23323205456013163,726.5322085848168,0.0,0.6115636656136684,0.6115636656136684,0.4470088772794005,0.34909472385440904,7604.131123818154,1.0,1241.1295188570061,3.2433773442099065,0.03729464476932617,75.9039721920227,0.33333333333333326,0.040399743272351206,0.06606378288834899,0.017420333957174794,2024-11-02,jack shore,youssef zalal,0.0,0.2462692883373287,0.7537307116626712,200.0,-250.0,1.3333333333333333,3.5,0.040399743272351206
193,0.0,-0.05603259189230031,1.3678017696691953,1.4,0,1.4,0.6742624343626427,0.6742624343626427,0,-250,True,726.5322085848168,1.7698726394378568,0.23323205456013163,726.5322085848168,0.0,0.6115636656136684,0.6115636656136684,0.4470088772794005,0.34909472385440904,7604.131123818154,1.0,1241.1295188570061,3.2433773442099065,0.03729464476932617,0.0,0.0,0.0,0.0,-0.056837657898424765,2024-11-02,chad anheliger,cody gibson,0.0,0.3257375656373573,0.6742624343626427,110.0,-130.0,1.4,4.1,0.0
194,0.10344714960325505,0.04206105580786851,1.622234545357273,1.5882352941176472,1,1.5882352941176472,0.656112516619769,0.656112516619769,1,-170,True,141.1735728420019,1.223529411764706,0.052259502319897067,141.1735728420019,0.0,0.35527532666219735,0.35527532666219735,0.07101826996321448,0.04782087852517973,7967.767354579801,1.0,222.46265791964447,0.9882352941176471,0.027755521894936852,164.38331855805058,0.5882352941176472,0.036749976690087484,0.10344714960325505,0.03967884316488346,2024-11-09,tresean gore,antonio trocoli,1.0,0.656112516619769,0.343887483380231,-175.0,150.0,2.5,1.5882352941176472,0.036749976690087484
195,0.05374939000626956,0.009786803234981434,1.417546787705921,1.4,0,1.4,0.7212762880249868,0.7212762880249868,0,-250,True,141.1735728420019,1.223529411764706,0.052259502319897067,141.1735728420019,0.0,0.35527532666219735,0.35527532666219735,0.07101826996321448,0.04782087852517973,7967.767354579801,1.0,222.46265791964447,0.9882352941176471,0.027755521894936852,58.07933936159391,0.3999999999999999,0.01909466657527578,0.05374939000626956,0.015832200624990245,2024-11-09,cody stamann,damon blackshear,0.0,0.2787237119750132,0.7212762880249868,190.0,-230.0,1.4,3.25,0.01909466657527578
196,0.0,-0.17461392970069128,1.6344072415347786,1.6024096385542168,0,1.6024096385542168,0.5150905551491927,0.5150905551491927,0,-166,True,141.1735728420019,1.223529411764706,0.052259502319897067,141.1735728420019,0.0,0.35527532666219735,0.35527532666219735,0.07101826996321448,0.04782087852517973,7967.767354579801,1.0,222.46265791964447,0.9882352941176471,0.027755521894936852,0.0,0.0,0.0,0.0,-0.0967520594619351,2024-11-09,matthew semelsberger,charles radtke,0.0,0.4849094448508073,0.5150905551491927,155.0,-180.0,1.6024096385542168,2.48,0.0
197,0.0,-0.11761637777692822,1.1428216394199942,1.12987012987013,0,1.12987012987013,0.7809602173698451,0.7809602173698451,0,-770,True,141.1735728420019,1.223529411764706,0.052259502319897067,141.1735728420019,0.0,0.35527532666219735,0.35527532666219735,0.07101826996321448,0.04782087852517973,7967.767354579801,1.0,222.46265791964447,0.9882352941176471,0.027755521894936852,0.0,0.0,0.0,0.0,-0.09406696579368068,2024-11-09,neil magny,carlos prates,0.0,0.2190397826301549,0.7809602173698451,430.0,-600.0,1.12987012987013,6.7,0.0
198,0.0,-0.005822220382821236,1.187923058016691,1.1821493624772312,0,1.1821493624772312,0.840991681062914,0.840991681062914,0,-549,True,141.1735728420019,1.223529411764706,0.052259502319897067,141.1735728420019,0.0,0.35527532666219735,0.35527532666219735,0.07101826996321448,0.04782087852517973,7967.767354579801,1.0,222.46265791964447,0.9882352941176471,0.027755521894936852,0.0,0.0,0.0,0.0,-0.0008136810365135805,2024-11-09,karolina kowalkiewicz,denise gomes,0.0,0.159008318937086,0.840991681062914,320.0,-420.0,1.1821493624772312,6.0,0.0
199,0.0,-0.038552734493982554,1.2500000000003153,1.25,0,1.25,0.769157812404814,0.769157812404814,0,-400,True,141.1735728420019,1.223529411764706,0.052259502319897067,141.1735728420019,0.0,0.35527532666219735,0.35527532666219735,0.07101826996321448,0.04782087852517973,7967.767354579801,1.0,222.46265791964447,0.9882352941176471,0.027755521894936852,0.0,0.0,0.0,0.0,-0.03084218759498425,2024-11-09,luana pinheiro,gillian robertson,0.0,0.230842187595186,0.769157812404814,200.0,-240.0,1.25,5.0,0.0
200,0.23454879214720448,0.0874340247590708,1.4359793125402875,1.4166666666666667,1,1.4166666666666667,0.7676004880652264,0.7676004880652264,1,-240,True,-481.0279582301972,-1.0,0.2743725636329135,-481.0279582301972,0.0,0.7041569650054117,0.7041569650054117,0.6295827840863166,-0.024559187057458323,7772.085465688366,0.6,285.34606933876205,-0.401183970856102,0.05592465415618288,548.278953736196,0.41666666666666674,0.16514908510858067,0.23454879214720448,0.07121162558852956,2024-11-16,charles oliveira,michael chandler,1.0,0.7676004880652264,0.2323995119347736,-198.0,164.0,3.15,1.4166666666666667,0.16514908510858067
201,0.0,-0.15686624184723025,1.121764740889078,1.10989010989011,1,1.10989010989011,0.7596551682366539,0.7596551682366539,1,-910,True,-481.0279582301972,-1.0,0.2743725636329135,-481.0279582301972,0.0,0.7041569650054117,0.7041569650054117,0.6295827840863166,-0.024559187057458323,7772.085465688366,0.6,285.34606933876205,-0.401183970856102,0.05592465415618288,0.0,0.0,0.0,0.0,-0.13179734720560288,2024-11-16,mauricio ruffy,james llontop,1.0,0.7596551682366539,0.2403448317633461,-700.0,500.0,7.5,1.10989010989011,0.0
202,0.0,-0.1014181623329583,1.368985027728446,1.3636363636363638,0,1.3636363636363638,0.6589600142891638,0.6589600142891638,0,-275,True,-481.0279582301972,-1.0,0.2743725636329135,-481.0279582301972,0.0,0.7041569650054117,0.7041569650054117,0.6295827840863166,-0.024559187057458323,7772.085465688366,0.6,285.34606933876205,-0.401183970856102,0.05592465415618288,0.0,0.0,0.0,0.0,-0.07150816450406794,2024-11-16,viviane araujo,karine silva,1.0,0.3410399857108362,0.6589600142891638,190.0,-230.0,1.3636363636363638,3.65,-0.0
203,0.12696550777027346,0.13966205854734037,2.099999999999905,2.1,1,2.1,0.5426962183558763,0.5426962183558763,1,110,True,-481.0279582301972,-1.0,0.2743725636329135,-481.0279582301972,0.0,0.7041569650054117,0.7041569650054117,0.6295827840863166,-0.024559187057458323,7772.085465688366,0.6,285.34606933876205,-0.401183970856102,0.05592465415618288,-712.303978616247,-1.0,0.0893981898463465,0.12696550777027346,0.06650574216537863,2024-11-16,jonathan martinez,marcus mcghee,0.0,0.5426962183558763,0.4573037816441236,124.0,-148.0,1.9090909090909087,2.1,-0.0893981898463465
204,0.21074366711606163,0.030970680697330832,1.1933626384428648,1.1821493624772312,1,1.1821493624772312,0.8721154140259394,0.8721154140259394,1,-549,True,-481.0279582301972,-1.0,0.2743725636329135,-481.0279582301972,0.0,0.7041569650054117,0.7041569650054117,0.6295827840863166,-0.024559187057458323,7772.085465688366,0.6,285.34606933876205,-0.401183970856102,0.05592465415618288,215.35839439597862,0.18214936247723124,0.14838756361960515,0.21074366711606163,0.034147165493515264,2024-11-16,jon jones,stipe miocic,1.0,0.8721154140259394,0.1278845859740606,-298.0,240.0,5.6,1.1821493624772312,0.14838756361960515
205,0.0,-0.015564709115127001,1.0997226822173591,1.0909090909090908,1,1.0909090909090908,0.902399016644467,0.902399016644467,1,-1100,True,-481.0279582301972,-1.0,0.2743725636329135,-481.0279582301972,0.0,0.7041569650054117,0.7041569650054117,0.6295827840863166,-0.024559187057458323,7772.085465688366,0.6,285.34606933876205,-0.401183970856102,0.05592465415618288,0.0,0.0,0.0,0.0,-0.006921138491108314,2024-11-16,bo nickal,paul craig,1.0,0.902399016644467,0.097600983355533,-910.0,600.0,9.0,1.0909090909090908,0.0
206,0.1389307222232947,0.11820214955412367,2.049333734622598,2.0,1,2.0,0.5591010747770618,0.5591010747770618,1,100,True,-481.0279582301972,-1.0,0.2743725636329135,-481.0279582301972,0.0,0.7041569650054117,0.7041569650054117,0.6295827840863166,-0.024559187057458323,7772.085465688366,0.6,285.34606933876205,-0.401183970856102,0.05592465415618288,779.4314214120069,1.0,0.09782306469628493,0.1389307222232947,0.07113760494028665,2024-11-16,marcin tybura,jhonata diniz,1.0,0.5591010747770618,0.4408989252229381,-130.0,110.0,1.9090909090909087,2.0,0.09782306469628493
207,0.0,-0.08514313928294759,1.481045073115368,1.4761904761904765,0,1.4761904761904765,0.6197417443567128,0.6197417443567128,0,-210,True,-481.0279582301972,-1.0,0.2743725636329135,-481.0279582301972,0.0,0.7041569650054117,0.7041569650054117,0.6295827840863166,-0.024559187057458323,7772.085465688366,0.6,285.34606933876205,-0.401183970856102,0.05592465415618288,0.0,0.0,0.0,0.0,-0.055457152795355014,2024-11-16,jim miller,damon jackson,1.0,0.3802582556432871,0.6197417443567128,-140.0,118.0,1.4761904761904765,3.05,-0.0
208,0.0,-0.1022644675374342,1.3618372804100416,1.3389830508474576,0,1.3389830508474576,0.6704607141176124,0.6704607141176124,0,-295,True,-481.0279582301972,-1.0,0.2743725636329135,-481.0279582301972,0.0,0.7041569650054117,0.7041569650054117,0.6295827840863166,-0.024559187057458323,7772.085465688366,0.6,285.34606933876205,-0.401183970856102,0.05592465415618288,0.0,0.0,0.0,0.0,-0.06384140434025909,2024-11-16,bassil hafez,oban elliott,0.0,0.3295392858823876,0.6704607141176124,120.0,-142.0,1.3389830508474576,3.5,0.0
209,0.0,-0.011153935430188944,1.825840479277752,1.806451612903225,0,1.806451612903225,0.5473969286011456,0.5473969286011456,0,-124,True,-481.0279582301972,-1.0,0.2743725636329135,-481.0279582301972,0.0,0.7041569650054117,0.7041569650054117,0.6295827840863166,-0.024559187057458323,7772.085465688366,0.6,285.34606933876205,-0.401183970856102,0.05592465415618288,0.0,0.0,0.0,0.0,-0.00029604422393392227,2024-11-16,veronica hardy,eduarda moura,0.0,0.4526030713988543,0.5473969286011456,-135.0,114.0,1.806451612903225,2.18,0.0
210,0.09721883776152639,0.04812969683670487,1.604332003851992,1.5882352941176472,1,1.5882352941176472,0.6599335128231104,0.6599335128231104,1,-170,True,-481.0279582301972,-1.0,0.2743725636329135,-481.0279582301972,0.0,0.7041569650054117,0.7041569650054117,0.6295827840863166,-0.024559187057458323,7772.085465688366,0.6,285.34606933876205,-0.401183970856102,0.05592465415618288,-545.4187215891724,-1.0,0.0684531434361811,0.09721883776152639,0.03662113259320432,2024-11-16,mickey gall,ramiz brahimaj,0.0,0.6599335128231104,0.3400664871768896,120.0,-142.0,2.6,1.5882352941176472,-0.0684531434361811
211,0.0,-0.03604784446395837,1.381895949678032,1.3703703703703702,1,1.3703703703703702,0.7034245459317061,0.7034245459317061,1,-270,True,0.0,0.0,-0.04557891279000281,0.0,0.0,0.0,0.0,0.0,0.0,7772.085465688366,0.0,0.0,0.0,,0.0,0.0,0.0,0.0,-0.020218938393571806,2024-11-23,petr yan,deiveson figueiredo,1.0,0.7034245459317061,0.2965754540682939,-260.0,196.0,3.5,1.3703703703703702,0.0
212,0.0028408368503802495,-0.009887491066135123,1.3926648913544886,1.3773584905660377,0,1.3773584905660377,0.7188488078560937,0.7188488078560937,0,-265,True,0.0,0.0,-0.04557891279000281,0.0,0.0,0.0,0.0,0.0,0.0,7772.085465688366,0.0,0.0,0.0,,0.0,0.0,0.0,0.0028408368503802495,0.000800980121014927,2024-11-23,volkan oezdemir,carlos ulberg,0.0,0.2811511921439063,0.7188488078560937,205.0,-265.0,1.3773584905660377,3.4,0.0
213,0.0,-0.09694805304311281,1.118707452705158,1.1052631578947367,1,1.1052631578947367,0.8170469996276599,0.8170469996276599,1,-950,True,0.0,0.0,-0.04557891279000281,0.0,0.0,0.0,0.0,0.0,0.0,7772.085465688366,0.0,0.0,0.0,,0.0,0.0,0.0,0.0,-0.07684174454928261,2024-11-23,wang cong,gabriella fernandes,0.0,0.8170469996276599,0.18295300037234,-549.0,350.0,7.4,1.1052631578947367,-0.0
214,0.0,-0.014935022420830918,1.2652783923191082,1.25,1,1.25,0.7880519820633353,0.7880519820633353,1,-400,True,-713.9683675678561,-1.0,0.2919031360810851,-713.9683675678561,0.0,0.7715847120193114,0.7715847120193114,0.6929487255769028,-0.20823949029745611,6153.630349765153,1.0,-904.486748355356,-0.797979797979798,0.07815404552197217,0.0,0.0,0.0,0.0,-0.0022879194717856377,2024-12-07,dominick reyes,anthony smith,1.0,0.7880519820633353,0.2119480179366647,-275.0,200.0,4.4,1.25,0.0
215,0.1687682654894919,0.1073493829697833,1.6770830572166804,1.6666666666666663,0,1.6666666666666663,0.6644096297818701,0.6644096297818701,0,-150,True,-713.9683675678561,-1.0,0.2919031360810851,-713.9683675678561,0.0,0.7715847120193114,0.7715847120193114,0.6929487255769028,-0.20823949029745611,6153.630349765153,1.0,-904.486748355356,-0.797979797979798,0.07815404552197217,-1012.0115303272869,-1.0,0.13021106558787102,0.1687682654894919,0.06813623968536564,2024-12-07,vicente luque,themba gorimbo,1.0,0.3355903702181299,0.6644096297818701,175.0,-250.0,1.6666666666666663,2.45,-0.13021106558787102
216,0.0,-0.05033555214514754,1.191932396397276,1.1821493624772312,1,1.1821493624772312,0.8033371061206688,0.8033371061206688,1,-549,True,-713.9683675678561,-1.0,0.2919031360810851,-713.9683675678561,0.0,0.7715847120193114,0.7715847120193114,0.6929487255769028,-0.20823949029745611,6153.630349765153,1.0,-904.486748355356,-0.797979797979798,0.07815404552197217,0.0,0.0,0.0,0.0,-0.0356366502958787,2024-12-07,kennedy nzechukwu,lukasz brzeski,1.0,0.8033371061206688,0.1966628938793312,-500.0,380.0,5.7,1.1821493624772312,0.0
217,0.0,-0.022368753450249468,1.27995955606001,1.2857142857142856,1,1.2857142857142856,0.7603798584275838,0.7603798584275838,1,-350,True,-713.9683675678561,-1.0,0.2919031360810851,-713.9683675678561,0.0,0.7715847120193114,0.7715847120193114,0.6929487255769028,-0.20823949029745611,6153.630349765153,1.0,-904.486748355356,-0.797979797979798,0.07815404552197217,0.0,0.0,0.0,0.0,-0.020894827374375757,2024-12-07,shavkat rakhmonov,ian machado garry,1.0,0.7603798584275838,0.2396201415724161,-290.0,215.0,4.7,1.2857142857142856,0.0
218,0.0,-0.0474743230164979,1.3192610210211464,1.3076923076923077,1,1.3076923076923077,0.7284019882815016,0.7284019882815016,1,-325,True,-713.9683675678561,-1.0,0.2919031360810851,-713.9683675678561,0.0,0.7715847120193114,0.7715847120193114,0.6929487255769028,-0.20823949029745611,6153.630349765153,1.0,-904.486748355356,-0.797979797979798,0.07815404552197217,0.0,0.0,0.0,0.0,-0.029598122436520602,2024-12-07,ciryl gane,alexander volkov,1.0,0.7284019882815016,0.2715980117184984,-240.0,188.0,3.95,1.3076923076923077,0.0
219,0.0,-0.012381898011217543,1.133283243285033,1.125,1,1.125,0.8778827573233622,0.8778827573233622,1,-800,True,-713.9683675678561,-1.0,0.2919031360810851,-713.9683675678561,0.0,0.7715847120193114,0.7715847120193114,0.6929487255769028,-0.20823949029745611,6153.630349765153,1.0,-904.486748355356,-0.797979797979798,0.07815404552197217,0.0,0.0,0.0,0.0,-0.004509183019206775,2024-12-07,bryce mitchell,kron gracie,1.0,0.8778827573233622,0.1221172426766378,-500.0,380.0,7.5,1.125,0.0
220,0.0053391048603587486,-0.021786408314688643,1.7927164089268623,1.7462686567164178,1,1.7462686567164178,0.5601735952385971,0.5601735952385971,1,-134,True,-713.9683675678561,-1.0,0.2919031360810851,-713.9683675678561,0.0,0.7715847120193114,0.7715847120193114,0.6929487255769028,-0.20823949029745611,6153.630349765153,1.0,-904.486748355356,-0.797979797979798,0.07815404552197217,0.0,0.0,0.0,0.0053391048603587486,0.002360884304239197,2024-12-07,nate landwehr,dooho choi,0.0,0.5601735952385971,0.4398264047614029,-163.0,120.0,2.18,1.7462686567164178,-0.0
221,0.0,-0.022183419239005242,1.594613887766808,1.5714285714285714,0,1.5714285714285714,0.622246915029724,0.622246915029724,0,-175,True,-713.9683675678561,-1.0,0.2919031360810851,-713.9683675678561,0.0,0.7715847120193114,0.7715847120193114,0.6929487255769028,-0.20823949029745611,6153.630349765153,1.0,-904.486748355356,-0.797979797979798,0.07815404552197217,0.0,0.0,0.0,0.0,-0.004864141553672208,2024-12-07,cody durden,joshua van,0.0,0.377753084970276,0.622246915029724,140.0,-188.0,1.5714285714285714,2.6,0.0
222,0.12417858209447996,0.08289184208918643,1.7803074414601967,1.7575757575757576,1,1.7575757575757576,0.616128117050744,0.616128117050744,1,-132,True,-713.9683675678561,-1.0,0.2919031360810851,-713.9683675678561,0.0,0.7715847120193114,0.7715847120193114,0.6929487255769028,-0.20823949029745611,6153.630349765153,1.0,-904.486748355356,-0.797979797979798,0.07815404552197217,564.1147288059605,0.7575757575757576,0.09580844746383867,0.12417858209447996,0.05442738114874357,2024-12-07,michael chiesa,max griffin,1.0,0.616128117050744,0.383871882949256,120.0,-163.0,2.24,1.7575757575757576,0.09580844746383867
223,0.2838355720360732,0.11517347148332874,1.466926010958188,1.4444444444444444,1,1.4444444444444444,0.7720431725653815,0.7720431725653815,1,-225,True,-713.9683675678561,-1.0,0.2919031360810851,-713.9683675678561,0.0,0.7715847120193114,0.7715847120193114,0.6929487255769028,-0.20823949029745611,6153.630349765153,1.0,-904.486748355356,-0.797979797979798,0.07815404552197217,756.447825160148,0.4444444444444444,0.2189898212164845,0.2838355720360732,0.09034553237778575,2024-12-07,movsar evloev,aljamain sterling,1.0,0.7720431725653815,0.2279568274346185,-230.0,180.0,3.0,1.4444444444444444,0.2189898212164845
224,0.0,-0.03174381271489804,1.1067649185035684,1.1,0,1.1,0.8802328975319108,0.8802328975319108,0,-1000,True,-713.9683675678561,-1.0,0.2919031360810851,-713.9683675678561,0.0,0.7715847120193114,0.7715847120193114,0.6929487255769028,-0.20823949029745611,6153.630349765153,1.0,-904.486748355356,-0.797979797979798,0.07815404552197217,0.0,0.0,0.0,0.0,-0.023301342920955315,2024-12-07,clay guida,chase hooper,0.0,0.1197671024680891,0.8802328975319108,500.0,-700.0,1.1,9.0,0.0
225,0.014470805541126352,-0.01205111347631549,1.5632395905105634,1.5319148936170213,0,1.5319148936170213,0.6449110787029607,0.6449110787029607,0,-188,True,-713.9683675678561,-1.0,0.2919031360810851,-713.9683675678561,0.0,0.7715847120193114,0.7715847120193114,0.6929487255769028,-0.20823949029745611,6153.630349765153,1.0,-904.486748355356,-0.797979797979798,0.07815404552197217,0.0,0.0,0.0,0.014470805541126352,0.005213871652700375,2024-12-07,randy brown,bryan battle,0.0,0.3550889212970393,0.6449110787029607,175.0,-250.0,1.5319148936170213,2.65,0.0
226,0.20229243898682397,0.15847728547800055,1.9719416120506137,1.9090909090909087,1,1.9090909090909087,0.6068214352503813,0.6068214352503813,1,-110,True,-713.9683675678561,-1.0,0.2919031360810851,-713.9683675678561,0.0,0.7715847120193114,0.7715847120193114,0.6929487255769028,-0.20823949029745611,6153.630349765153,1.0,-904.486748355356,-0.797979797979798,0.07815404552197217,-1213.0377719941775,-1.0,0.1560762265609929,0.20229243898682397,0.0997070288759937,2024-12-07,chris weidman,eryk anders,0.0,0.6068214352503813,0.3931785647496186,100.0,-120.0,1.9615384615384617,1.9090909090909087,-0.1560762265609929
227,0.034289847360790195,0.017920972147483838,1.4404454269562283,1.4444444444444444,0,1.4444444444444444,0.7047145191790273,0.7047145191790273,0,-225,True,-606.475055247395,-1.0,0.15489147676922266,-606.475055247395,0.0,0.7537668181645645,0.7537668181645645,0.6149564203942732,-0.27714573123513553,4448.177966728767,1.0,-1098.9773277889913,1.4259382621909122,0.027013087559053565,70.68462292415826,0.4444444444444444,0.0258449715923261,0.034289847360790195,0.010484816834054222,2024-12-14,adrian yanez,daniel marcos,0.0,0.2952854808209727,0.7047145191790273,110.0,-150.0,1.4444444444444444,3.3,0.0258449715923261
228,0.3732144440883344,0.1172053961118999,1.3388912389174703,1.3278688524590163,1,1.3278688524590163,0.8413522118867395,0.8413522118867395,1,-305,True,-606.475055247395,-1.0,0.15489147676922266,-606.475055247395,0.0,0.7537668181645645,0.7537668181645645,0.6149564203942732,-0.27714573123513553,4448.177966728767,1.0,-1098.9773277889913,1.4259382621909122,0.027013087559053565,-1731.0131024641869,-1.0,0.2812994938069768,0.3732144440883344,0.09446555602324536,2024-12-14,vitor petrino,dustin jacoby,0.0,0.8413522118867395,0.1586477881132605,-250.0,205.0,3.8,1.3278688524590163,-0.2812994938069768
229,0.054312740077493434,0.009017999006172062,1.5158167222399663,1.4878048780487805,0,1.4878048780487805,0.6781924255615255,0.6781924255615255,0,-205,True,-606.475055247395,-1.0,0.15489147676922266,-606.475055247395,0.0,0.7537668181645645,0.7537668181645645,0.6149564203942732,-0.27714573123513553,4448.177966728767,1.0,-1098.9773277889913,1.4259382621909122,0.027013087559053565,122.88242243682305,0.4878048780487805,0.040936642547126846,0.054312740077493434,0.01848206260796803,2024-12-14,colby covington,joaquin buckley,0.0,0.3218075744384745,0.6781924255615255,-115.0,-105.0,1.4878048780487805,2.8,0.040936642547126846
230,0.0,-0.05340441210968483,1.5945157904296254,1.6134969325153374,0,1.6134969325153374,0.5866733111259368,0.5866733111259368,0,-163,True,-606.475055247395,-1.0,0.15489147676922266,-606.475055247395,0.0,0.7537668181645645,0.7537668181645645,0.6149564203942732,-0.27714573123513553,4448.177966728767,1.0,-1098.9773277889913,1.4259382621909122,0.027013087559053565,0.0,0.0,0.0,0.0,-0.04047632640167942,2024-12-14,cub swanson,billy quarantillo,1.0,0.4133266888740632,0.5866733111259368,110.0,-150.0,1.6134969325153374,2.75,-0.0
231,0.09729879039716688,0.015433533158025259,1.2624343596402232,1.25,1,1.25,0.8123468265264202,0.8123468265264202,1,-400,True,-606.475055247395,-1.0,0.15489147676922266,-606.475055247395,0.0,0.7537668181645645,0.7537668181645645,0.6149564203942732,-0.27714573123513553,4448.177966728767,1.0,-1098.9773277889913,1.4259382621909122,0.027013087559053565,112.82084850897989,0.25,0.07333612329397432,0.09729879039716688,0.02022643439372629,2024-12-14,manel kape,bruno silva,1.0,0.8123468265264202,0.1876531734735798,-260.0,210.0,4.5,1.25,0.07333612329397432
232,0.0,-0.018390116679512958,1.2250695679571373,1.21978021978022,1,1.21978021978022,0.8047432376771558,0.8047432376771558,1,-455,True,-606.475055247395,-1.0,0.15489147676922266,-606.475055247395,0.0,0.7537668181645645,0.7537668181645645,0.6149564203942732,-0.27714573123513553,4448.177966728767,1.0,-1098.9773277889913,1.4259382621909122,0.027013087559053565,0.0,0.0,0.0,0.0,-0.01153693624598584,2024-12-14,joel alvarez,drakkar klose,1.0,0.8047432376771558,0.1952567623228441,-275.0,200.0,5.25,1.21978021978022,0.0
233,0.07849947897114022,0.0337324549169542,1.6759195716445834,1.6451612903225803,1,1.6451612903225803,0.6283471784789331,0.6283471784789331,1,-155,True,-606.475055247395,-1.0,0.15489147676922266,-606.475055247395,0.0,0.7537668181645645,0.7537668181645645,0.6149564203942732,-0.27714573123513553,4448.177966728767,1.0,-1098.9773277889913,1.4259382621909122,0.027013087559053565,234.8967390801784,0.6451612903225803,0.05916669102299456,0.07849947897114022,0.03165983326301802,2024-12-14,sean woodson,fernando padilla,1.0,0.6283471784789331,0.3716528215210669,-185.0,155.0,2.4,1.6451612903225803,0.05916669102299456
234,0.0,-0.05466016230076709,1.4078479055500224,1.3846153846153846,0,1.3846153846153846,0.6827454383383349,0.6827454383383349,0,-260,True,-606.475055247395,-1.0,0.15489147676922266,-606.475055247395,0.0,0.7537668181645645,0.7537668181645645,0.6149564203942732,-0.27714573123513553,4448.177966728767,1.0,-1098.9773277889913,1.4259382621909122,0.027013087559053565,0.0,0.0,0.0,0.0,-0.027558562582359003,2024-12-14,miles johns,felipe lima,0.0,0.3172545616616651,0.6827454383383349,200.0,-250.0,1.3846153846153846,3.25,0.0
235,0.005350757543988582,0.0008890369293938216,1.1540082838942556,1.1540832049306626,1,1.1540832049306626,0.867258991945496,0.867258991945496,1,-649,True,-606.475055247395,-1.0,0.15489147676922266,-606.475055247395,0.0,0.7537668181645645,0.7537668181645645,0.6149564203942732,-0.27714573123513553,4448.177966728767,1.0,-1098.9773277889913,1.4259382621909122,0.027013087559053565,3.823952486589824,0.15408320493066263,0.004032977320276489,0.005350757543988582,0.0007140858504959269,2024-12-14,miranda maverick,jamey lyn horth,1.0,0.867258991945496,0.1327410080545039,-350.0,240.0,7.5,1.1540832049306626,0.004032977320276489
236,0.04216928558404733,0.015997129482154537,1.4485955633728826,1.4444444444444444,1,1.4444444444444444,0.7033826281030301,0.7033826281030301,1,-225,True,-606.475055247395,-1.0,0.15489147676922266,-606.475055247395,0.0,0.7537668181645645,0.7537668181645645,0.6149564203942732,-0.27714573123513553,4448.177966728767,1.0,-1098.9773277889913,1.4259382621909122,0.027013087559053565,86.92718923846617,0.4444444444444444,0.03178386816718902,0.04216928558404733,0.013058823940867104,2024-12-14,michael johnson,ottman azaitar,1.0,0.7033826281030301,0.2966173718969699,-200.0,150.0,3.2,1.4444444444444444,0.03178386816718902
237,0.053944142798040995,0.012462474593763984,1.4318228908221546,1.4166666666666667,0,1.4166666666666667,0.7146793938308922,0.7146793938308922,0,-240,True,-50.336065880964945,-1.0,0.0539750823684515,-50.336065880964945,0.0,0.27679545709663506,0.27679545709663506,0.08045341226195443,-0.006294389972538847,4420.179399938922,1.0,22.337499091119152,0.45063270063270044,0.02160249208395415,27.67245303949281,0.41666666666666674,0.014930582317421115,0.053944142798040995,0.016268992369997348,2025-01-11,chris curtis,roman kopylov,0.0,0.2853206061691078,0.7146793938308922,185.0,-225.0,1.4166666666666667,3.2,0.014930582317421115
238,0.0,-0.11716352338435015,1.4689296068521274,1.4444444444444444,0,1.4444444444444444,0.6111944838108345,0.6111944838108345,0,-225,True,-50.336065880964945,-1.0,0.0539750823684515,-50.336065880964945,0.0,0.27679545709663506,0.27679545709663506,0.08045341226195443,-0.006294389972538847,4420.179399938922,1.0,22.337499091119152,0.45063270063270044,0.02160249208395415,0.0,0.0,0.0,0.0,-0.0695733319750903,2025-01-11,punahele soriano,uros medic,1.0,0.3888055161891655,0.6111944838108345,135.0,-165.0,1.4444444444444444,2.98,-0.0
239,0.0,-0.06837497335284762,1.1411589507815334,1.1333333333333333,1,1.1333333333333333,0.8220220823357227,0.8220220823357227,1,-750,True,-50.336065880964945,-1.0,0.0539750823684515,-50.336065880964945,0.0,0.27679545709663506,0.27679545709663506,0.08045341226195443,-0.006294389972538847,4420.179399938922,1.0,22.337499091119152,0.45063270063270044,0.02160249208395415,0.0,0.0,0.0,0.0,-0.054280030805606616,2025-01-11,fatima kline,viktoriia dudakova,1.0,0.8220220823357227,0.1779779176642772,-375.0,280.0,7.25,1.1333333333333333,0.0
240,0.0,-0.016104531289093726,1.7009042853545124,1.6896551724137931,1,1.6896551724137931,0.5823054814819649,0.5823054814819649,1,-145,True,-50.336065880964945,-1.0,0.0539750823684515,-50.336065880964945,0.0,0.27679545709663506,0.27679545709663506,0.08045341226195443,-0.006294389972538847,4420.179399938922,1.0,22.337499091119152,0.45063270063270044,0.02160249208395415,0.0,0.0,0.0,0.0,-0.005617077482941268,2025-01-11,thiago moises,trey ogden,1.0,0.5823054814819649,0.4176945185180351,-165.0,140.0,2.4,1.6896551724137931,0.0
241,0.06633862084397936,0.03887817905974583,1.686414142733662,1.6756756756756757,1,1.6756756756756757,0.6199756875033967,0.6199756875033967,1,-148,True,-50.336065880964945,-1.0,0.0539750823684515,-50.336065880964945,0.0,0.27679545709663506,0.27679545709663506,0.08045341226195443,-0.006294389972538847,4420.179399938922,1.0,22.337499091119152,0.45063270063270044,0.02160249208395415,-81.67347666489141,-1.0,0.018361108138160862,0.06633862084397936,0.027001533255016752,2025-01-11,jose johnson,felipe bunes,0.0,0.6199756875033967,0.3800243124966033,-210.0,175.0,2.43,1.6756756756756757,-0.018361108138160862
242,0.0,-0.02035393867836327,1.568402573252382,1.5405405405405406,0,1.5405405405405406,0.6359106012087817,0.6359106012087817,0,-185,True,-50.336065880964945,-1.0,0.0539750823684515,-50.336065880964945,0.0,0.27679545709663506,0.27679545709663506,0.08045341226195443,-0.006294389972538847,4420.179399938922,1.0,22.337499091119152,0.45063270063270044,0.02160249208395415,0.0,0.0,0.0,0.0,-0.0016808036091210399,2025-01-11,mackenzie dern,amanda ribas,1.0,0.3640893987912182,0.6359106012087817,140.0,-165.0,1.5405405405405406,2.65,-0.0
243,0.04606027674514684,0.007022101151550331,1.6898950500512064,1.6493506493506491,1,1.6493506493506491,0.6105567069973967,0.6105567069973967,1,-154,True,-50.336065880964945,-1.0,0.0539750823684515,-50.336065880964945,0.0,0.27679545709663506,0.27679545709663506,0.08045341226195443,-0.006294389972538847,4420.179399938922,1.0,22.337499091119152,0.45063270063270044,0.02160249208395415,36.82310672812603,0.6493506493506491,0.01274849720165702,0.04606027674514684,0.018803982489624227,2025-01-11,santiago ponzinibbio,carlston harris,1.0,0.6105567069973967,0.3894432930026033,105.0,-138.0,2.35,1.6493506493506491,0.01274849720165702
244,0.0,-0.029599639142344036,1.1371635378083722,1.1388888888888888,1,1.1388888888888888,0.8520588534359906,0.8520588534359906,1,-720,True,-50.336065880964945,-1.0,0.0539750823684515,-50.336065880964945,0.0,0.27679545709663506,0.27679545709663506,0.08045341226195443,-0.006294389972538847,4420.179399938922,1.0,22.337499091119152,0.45063270063270044,0.02160249208395415,0.0,0.0,0.0,0.0,-0.027322138613117608,2025-01-11,nurullo aliev,joe solecki,1.0,0.8520588534359906,0.1479411465640093,-425.0,330.0,8.5,1.1388888888888888,0.0
245,0.0834498002907902,0.014531928394500848,1.4116676290815602,1.3846153846153846,1,1.3846153846153846,0.7327175038404729,0.7327175038404729,1,-260,True,-50.336065880964945,-1.0,0.0539750823684515,-50.336065880964945,0.0,0.27679545709663506,0.27679545709663506,0.08045341226195443,-0.006294389972538847,4420.179399938922,1.0,22.337499091119152,0.45063270063270044,0.02160249208395415,39.51541598839172,0.3846153846153846,0.02309711579399206,0.0834498002907902,0.024335460221178273,2025-01-11,cesar almeida,abdul razak alhassan,1.0,0.7327175038404729,0.2672824961595271,-250.0,175.0,3.2,1.3846153846153846,0.02309711579399206
246,0.0515123112848495,0.059300452756283095,1.802221986149147,1.8333333333333333,0,1.8333333333333333,0.5778002469579726,0.5778002469579726,0,-120,True,688.4171209390296,1.5816326530612246,0.21303062334224654,688.4171209390296,0.0,0.7807422630952267,0.7807422630952267,0.6672913472629868,0.3626163774271169,6023.008841522741,1.0,914.4123206447894,1.6615573779816721,0.04731157916447212,148.1326758160158,0.8333333333333333,0.04021538378774293,0.0515123112848495,0.022929644065858845,2025-01-18,kevin holland,reinier de ridder,0.0,0.4221997530420274,0.5778002469579726,-148.0,124.0,1.8333333333333333,2.3,0.04021538378774293
247,0.0,-0.14568503708633665,1.4066506366850398,1.4,0,1.4,0.6102249735097596,0.6102249735097596,0,-250,True,688.4171209390296,1.5816326530612246,0.21303062334224654,688.4171209390296,0.0,0.7807422630952267,0.7807422630952267,0.6672913472629868,0.3626163774271169,6023.008841522741,1.0,914.4123206447894,1.6615573779816721,0.04731157916447212,0.0,0.0,0.0,0.0,-0.10068360174005064,2025-01-18,merab dvalishvili,umar nurmagomedov,1.0,0.3897750264902405,0.6102249735097596,142.0,-170.0,1.4,3.4,-0.0
248,0.0,-0.00133726796072825,1.824322588335784,1.9090909090909087,0,1.9090909090909087,0.5231090501158091,0.5231090501158091,0,-110,True,688.4171209390296,1.5816326530612246,0.21303062334224654,688.4171209390296,0.0,0.7807422630952267,0.7807422630952267,0.6672913472629868,0.3626163774271169,6023.008841522741,1.0,914.4123206447894,1.6615573779816721,0.04731157916447212,0.0,0.0,0.0,0.0,-0.025039619639049215,2025-01-18,jiri prochazka,jamahal hill,1.0,0.4768909498841909,0.5231090501158091,-145.0,125.0,1.9090909090909087,2.35,-0.0
249,0.019949248446134427,-0.0008950365491933177,1.2368020456087647,1.2298850574712643,1,1.2298850574712643,0.8123563721515905,0.8123563721515905,1,-435,True,688.4171209390296,1.5816326530612246,0.21303062334224654,688.4171209390296,0.0,0.7807422630952267,0.7807422630952267,0.6672913472629868,0.3626163774271169,6023.008841522741,1.0,914.4123206447894,1.6615573779816721,0.04731157916447212,0.0,0.0,0.0,0.019949248446134427,0.0038195464320055494,2025-01-18,jailton almeida,serghei spivac,1.0,0.8123563721515905,0.1876436278484095,-230.0,190.0,5.0,1.2298850574712643,0.0
250,0.11329206883804646,0.010458872816245468,1.123700479110903,1.1197604790419162,1,1.1197604790419162,0.9023884051353636,0.9023884051353636,1,-835,True,688.4171209390296,1.5816326530612246,0.21303062334224654,688.4171209390296,0.0,0.7807422630952267,0.7807422630952267,0.6672913472629868,0.3626163774271169,6023.008841522741,1.0,914.4123206447894,1.6615573779816721,0.04731157916447212,46.82029109250012,0.11976047904191622,0.08844650753944014,0.11329206883804646,0.012471546871476114,2025-01-18,islam makhachev,renato moicano,1.0,0.9023884051353636,0.0976115948646364,-600.0,440.0,8.5,1.1197604790419162,0.08844650753944014
251,0.0,-0.04049511861568003,1.1625565703652887,1.1540832049306626,1,1.1540832049306626,0.8314000908123146,0.8314000908123146,1,-649,True,688.4171209390296,1.5816326530612246,0.21303062334224654,688.4171209390296,0.0,0.7807422630952267,0.7807422630952267,0.6672913472629868,0.3626163774271169,6023.008841522741,1.0,914.4123206447894,1.6615573779816721,0.04731157916447212,0.0,0.0,0.0,0.0,-0.028773104618328826,2025-01-18,rinya nakamura,muin gafurov,0.0,0.8314000908123146,0.1685999091876854,-345.0,275.0,6.5,1.1540832049306626,-0.0
252,0.2005712818429442,0.05520811560686251,1.308522878834402,1.3003003003003002,1,1.3003003003003002,0.8115110912172869,0.8115110912172869,1,-333,True,688.4171209390296,1.5816326530612246,0.21303062334224654,688.4171209390296,0.0,0.7807422630952267,0.7807422630952267,0.6672913472629868,0.3626163774271169,6023.008841522741,1.0,914.4123206447894,1.6615573779816721,0.04731157916447212,207.8478775104564,0.3003003003003002,0.15658491872962985,0.2005712818429442,0.04729059788454992,2025-01-18,tagir ulanbekov,clayton carpenter,1.0,0.8115110912172869,0.188488908782713,-230.0,190.0,4.1,1.3003003003003002,0.15658491872962985
253,0.0,-0.043818434506723916,1.0955346065878575,1.0833333333333333,1,1.0833333333333333,0.8826291373784088,0.8826291373784088,1,-1200,True,688.4171209390296,1.5816326530612246,0.21303062334224654,688.4171209390296,0.0,0.7807422630952267,0.7807422630952267,0.6672913472629868,0.3626163774271169,6023.008841522741,1.0,914.4123206447894,1.6615573779816721,0.04731157916447212,0.0,0.0,0.0,0.0,-0.030167221574222802,2025-01-18,payton talbott,raoni barcelos,0.0,0.8826291373784088,0.1173708626215912,-600.0,440.0,8.5,1.0833333333333333,-0.0
254,0.36323298924380487,0.14512423759091192,1.41512843442954,1.4081632653061225,1,1.4081632653061225,0.8132041687239809,0.8132041687239809,1,-245,True,688.4171209390296,1.5816326530612246,0.21303062334224654,688.4171209390296,0.0,0.7807422630952267,0.7807422630952267,0.6672913472629868,0.3626163774271169,6023.008841522741,1.0,914.4123206447894,1.6615573779816721,0.04731157916447212,511.611476225817,0.40816326530612246,0.28357403701093487,0.36323298924380487,0.10655452783600361,2025-01-18,grant dawson,diego ferreira,1.0,0.8132041687239809,0.186795831276019,-298.0,240.0,3.35,1.4081632653061225,0.28357403701093487
255,0.0,-0.07298239633034759,1.4226090516003085,1.4081632653061225,1,1.4081632653061225,0.6583168489827966,0.6583168489827966,1,-245,True,688.4171209390296,1.5816326530612246,0.21303062334224654,688.4171209390296,0.0,0.7807422630952267,0.7807422630952267,0.6672913472629868,0.3626163774271169,6023.008841522741,1.0,914.4123206447894,1.6615573779816721,0.04731157916447212,0.0,0.0,0.0,0.0,-0.044616960467585454,2025-01-18,karol rosa,ailin perez,0.0,0.6583168489827966,0.3416831510172033,-170.0,142.0,3.25,1.4081632653061225,-0.0
256,0.18897129959043035,0.27475594572202755,2.527111751529042,2.5,0,2.5,0.509902378288811,0.509902378288811,0,150,True,1206.2312163056956,3.583333333333333,0.4547280100482094,1206.2312163056956,0.0,0.6893869713767833,0.6893869713767833,0.6538840101221678,0.42676673320541736,8593.428648886747,0.8571428571428571,1364.18859105831,1.3233147804576377,0.04827156637917042,1176.893523727465,1.5,0.13026640058635786,0.18897129959043035,0.1141937202150457,2025-02-01,israel adesanya,nassourdine imavov,0.0,0.490097621711189,0.509902378288811,-215.0,164.0,2.5,1.6451612903225803,0.13026640058635786
257,0.03154726509544619,0.010421663438272832,1.542039825302491,1.5319148936170213,1,1.5319148936170213,0.6595808080777614,0.6595808080777614,1,-188,True,1206.2312163056956,3.583333333333333,0.4547280100482094,1206.2312163056956,0.0,0.6893869713767833,0.6893869713767833,0.6538840101221678,0.42676673320541736,8593.428648886747,0.8571428571428571,1364.18859105831,1.3233147804576377,0.04827156637917042,-130.98204881769004,-1.0,0.021746946130096513,0.03154726509544619,0.011089126091638146,2025-02-01,shara magomedov,michael page,0.0,0.6595808080777614,0.3404191919222386,100.0,-120.0,2.8,1.5319148936170213,-0.021746946130096513
258,0.10131973561701743,0.009903468852930475,1.193127453302963,1.181818181818182,1,1.181818181818182,0.8545337044140179,0.8545337044140179,1,-550,True,1206.2312163056956,3.583333333333333,0.4547280100482094,1206.2312163056956,0.0,0.6893869713767833,0.6893869713767833,0.6538840101221678,0.42676673320541736,8593.428648886747,0.8571428571428571,1364.18859105831,1.3233147804576377,0.04827156637917042,76.4859072519343,0.1818181818181821,0.06984424246325419,0.10131973561701743,0.01640027849067971,2025-02-01,terrance mckinney,damir hadzovic,1.0,0.8545337044140179,0.1454662955859821,-455.0,350.0,5.6,1.181818181818182,0.06984424246325419
259,0.16426754181711412,0.1335600120472592,1.567073235188111,1.625,1,1.625,0.6975753920290826,0.6975753920290826,1,-160,True,1206.2312163056956,3.583333333333333,0.4547280100482094,1206.2312163056956,0.0,0.6893869713767833,0.6893869713767833,0.6538840101221678,0.42676673320541736,8593.428648886747,0.8571428571428571,1364.18859105831,1.3233147804576377,0.04827156637917042,-682.02739972401,-1.0,0.11323699128948636,0.16426754181711412,0.05944312255671147,2025-02-01,said nurmagomedov,vinicius oliveira,0.0,0.6975753920290826,0.3024246079709174,-278.0,225.0,3.0,1.625,-0.11323699128948636
260,0.0,-0.09190225775950145,1.7320933916789227,1.7246376811594204,0,1.7246376811594204,0.526544069030205,0.526544069030205,0,-138,True,1206.2312163056956,3.583333333333333,0.4547280100482094,1206.2312163056956,0.0,0.6893869713767833,0.6893869713767833,0.6538840101221678,0.42676673320541736,8593.428648886747,0.8571428571428571,1364.18859105831,1.3233147804576377,0.04827156637917042,0.0,0.0,0.0,0.0,-0.05079200580505394,2025-02-01,fares ziam,mike davis,1.0,0.473455930969795,0.526544069030205,200.0,-275.0,1.7246376811594204,2.35,-0.0
261,0.1587481213339584,0.14118158454577356,1.814158857957412,1.8333333333333333,1,1.8333333333333333,0.6224626824795129,0.6224626824795129,1,-120,True,1206.2312163056956,3.583333333333333,0.4547280100482094,1206.2312163056956,0.0,0.6893869713767833,0.6893869713767833,0.6538840101221678,0.42676673320541736,8593.428648886747,0.8571428571428571,1364.18859105831,1.3233147804576377,0.04827156637917042,549.2592917159769,0.8333333333333333,0.10943220695862957,0.1587481213339584,0.0712430383928232,2025-02-01,hamdy abdelwahab,jamal pogues,1.0,0.6224626824795129,0.3775373175204871,105.0,-138.0,2.26,1.8333333333333333,0.10943220695862957
262,0.08029291509051291,0.036221533095099734,1.3937799928002526,1.4,1,1.4,0.7401582379250713,0.7401582379250713,1,-250,True,1206.2312163056956,3.583333333333333,0.4547280100482094,1206.2312163056956,0.0,0.6893869713767833,0.6893869713767833,0.6538840101221678,0.42676673320541736,8593.428648886747,0.8571428571428571,1364.18859105831,1.3233147804576377,0.04827156637917042,133.3482378555637,0.3999999999999999,0.0553495110849989,0.08029291509051291,0.02268488835367055,2025-02-01,sergei pavlovich,jairzinho rozenstruik,1.0,0.7401582379250713,0.2598417620749287,-192.0,160.0,3.6,1.4,0.0553495110849989
263,0.0,-0.046346907252489744,1.3258082672970997,1.3076923076923077,1,1.3076923076923077,0.7292641297480961,0.7292641297480961,1,-325,True,1206.2312163056956,3.583333333333333,0.4547280100482094,1206.2312163056956,0.0,0.6893869713767833,0.6893869713767833,0.6538840101221678,0.42676673320541736,8593.428648886747,0.8571428571428571,1364.18859105831,1.3233147804576377,0.04827156637917042,0.0,0.0,0.0,0.0,-0.024992744844096082,2025-02-01,shamil gaziev,thomas petersen,1.0,0.7292641297480961,0.2707358702519039,-375.0,295.0,3.8,1.3076923076923077,0.0
264,0.14233551324282856,0.04460379396609132,1.4306698226237613,1.4081632653061225,1,1.4081632653061225,0.7418200855701228,0.7418200855701228,1,-245,True,1206.2312163056956,3.583333333333333,0.4547280100482094,1206.2312163056956,0.0,0.6893869713767833,0.6893869713767833,0.6538840101221678,0.42676673320541736,8593.428648886747,0.8571428571428571,1364.18859105831,1.3233147804576377,0.04827156637917042,241.21107904907038,0.40816326530612246,0.09811825936500097,0.14233551324282856,0.04284679055362417,2025-02-01,jasmine jasudavicius,mayra bueno silva,1.0,0.7418200855701228,0.2581799144298772,100.0,-120.0,3.15,1.4081632653061225,0.09811825936500097
265,0.27253537623597834,0.11696930323175497,1.5026496481346898,1.4761904761904765,1,1.4761904761904765,0.7566566247698984,0.7566566247698984,1,-210,True,1503.4402861953363,2.321428571428572,0.3013097593992904,1503.4402861953363,0.0,0.7299874224567987,0.7299874224567987,0.46289555960666984,0.42690104119781136,12261.972286555601,0.5,2165.1033514735177,2.2261904761904763,0.04459739804758717,814.0647196916461,0.4761904761904765,0.19893525404134485,0.27253537623597834,0.09116550297624049,2025-02-08,dricus du plessis,sean strickland,1.0,0.7566566247698984,0.2433433752301016,-130.0,110.0,2.85,1.4761904761904765,0.19893525404134485
266,0.0,0.02876226761890177,1.902069815191584,2.05,0,2.05,0.5018352524970253,0.5018352524970253,0,105,True,1503.4402861953363,2.321428571428572,0.3013097593992904,1503.4402861953363,0.0,0.7299874224567987,0.7299874224567987,0.46289555960666984,0.42690104119781136,12261.972286555601,0.5,2165.1033514735177,2.2261904761904763,0.04459739804758717,0.0,0.0,0.0,0.0,-0.023907804888739448,2025-02-08,zhang weili,tatiana suarez,1.0,0.4981647475029747,0.5018352524970253,-225.0,172.0,2.05,2.3,-0.0
267,0.14344070403345044,0.0654363478383787,1.5110858287410611,1.5,0,1.5,0.7102908985589191,0.7102908985589191,0,-200,True,1503.4402861953363,2.321428571428572,0.3013097593992904,1503.4402861953363,0.0,0.7299874224567987,0.7299874224567987,0.46289555960666984,0.42690104119781136,12261.972286555601,0.5,2165.1033514735177,2.2261904761904763,0.04459739804758717,449.88110916385807,0.5,0.10470351882706068,0.14344070403345044,0.04851512051914009,2025-02-08,jack jenkins,gabriel santos,0.0,0.2897091014410808,0.7102908985589191,150.0,-186.0,1.5,2.9,0.10470351882706068
268,0.0,-0.07066073208587015,1.4620616849915289,1.4444444444444444,1,1.4444444444444444,0.6433887239405515,0.6433887239405515,1,-225,True,1503.4402861953363,2.321428571428572,0.3013097593992904,1503.4402861953363,0.0,0.7299874224567987,0.7299874224567987,0.46289555960666984,0.42690104119781136,12261.972286555601,0.5,2165.1033514735177,2.2261904761904763,0.04459739804758717,0.0,0.0,0.0,0.0,-0.04057694608915996,2025-02-08,jake matthews,francisco prado,1.0,0.6433887239405515,0.3566112760594485,-225.0,172.0,3.05,1.4444444444444444,0.0
269,0.11493051551296601,0.16503627775103447,2.196946944999297,2.25,1,2.25,0.517793901222682,0.517793901222682,1,125,True,1503.4402861953363,2.321428571428572,0.3013097593992904,1503.4402861953363,0.0,0.7299874224567987,0.7299874224567987,0.46289555960666984,0.42690104119781136,12261.972286555601,0.5,2165.1033514735177,2.2261904761904763,0.04459739804758717,901.1575226180133,1.25,0.08389271006373043,0.11493051551296601,0.06261677358370754,2025-02-08,tom nolan,viacheslav borshchev,1.0,0.517793901222682,0.482206098777318,118.0,-148.0,1.869565217391304,2.25,0.08389271006373043
270,0.10642497569881261,0.025781672233418707,1.3916047490918808,1.3703703703703702,1,1.3703703703703702,0.7485433824406029,0.7485433824406029,1,-270,True,570.1089975735598,0.7851239669421488,0.07524418941856448,570.1089975735598,0.0,0.61794682465836,0.61794682465836,0.3651873905037105,0.05159727769333414,12894.656675692979,1.0,62.575391563816936,0.015151515151515138,0.03000291592597279,-806.3590913967757,-1.0,0.06576096182185082,0.10642497569881261,0.029948536704002993,2025-02-15,rodolfo vieira,andre petroski,0.0,0.7485433824406029,0.2514566175593971,-166.0,140.0,3.35,1.3703703703703702,-0.06576096182185082
271,0.0,-0.07321541708014562,1.466926010958188,1.4444444444444444,1,1.4444444444444444,0.6416200958675915,0.6416200958675915,1,-225,True,570.1089975735598,0.7851239669421488,0.07524418941856448,570.1089975735598,0.0,0.61794682465836,0.61794682465836,0.3651873905037105,0.05159727769333414,12894.656675692979,1.0,62.575391563816936,0.015151515151515138,0.03000291592597279,0.0,0.0,0.0,0.0,-0.04007754432000421,2025-02-15,ismael bonfim,nazim sadykhov,0.0,0.6416200958675915,0.3583799041324085,-166.0,140.0,3.0,1.4444444444444444,-0.0
272,0.0,-0.036835529011522594,1.952985658427972,1.9090909090909087,1,1.9090909090909087,0.5045147228987263,0.5045147228987263,1,-110,True,570.1089975735598,0.7851239669421488,0.07524418941856448,570.1089975735598,0.0,0.61794682465836,0.61794682465836,0.3651873905037105,0.05159727769333414,12894.656675692979,1.0,62.575391563816936,0.015151515151515138,0.03000291592597279,0.0,0.0,0.0,0.0,-0.007521807264498581,2025-02-15,angela hill,ketlen souza,1.0,0.5045147228987263,0.4954852771012736,-148.0,124.0,2.0,1.9090909090909087,0.0
273,0.23558615218819065,0.044617822906478505,1.2417703189672389,1.2272727272727273,0,1.2272727272727273,0.8511700779237973,0.8511700779237973,0,-440,True,570.1089975735598,0.7851239669421488,0.07524418941856448,570.1089975735598,0.0,0.61794682465836,0.61794682465836,0.3651873905037105,0.05159727769333414,12894.656675692979,1.0,62.575391563816936,0.015151515151515138,0.03000291592597279,405.67851667072074,0.2272727272727273,0.14557082919754136,0.23558615218819065,0.04586817569143886,2025-02-15,calvin kattar,youssef zalal,0.0,0.1488299220762027,0.8511700779237973,195.0,-238.0,1.2272727272727273,4.7,0.14557082919754136
274,0.06991973901863661,0.020257933781084647,1.3377181473169062,1.3333333333333333,0,1.3333333333333333,0.7651934503358135,0.7651934503358135,0,-300,True,570.1089975735598,0.7851239669421488,0.07524418941856448,570.1089975735598,0.0,0.61794682465836,0.61794682465836,0.3651873905037105,0.05159727769333414,12894.656675692979,1.0,62.575391563816936,0.015151515151515138,0.03000291592597279,176.58892835245294,0.33333333333333326,0.04320404358099971,0.06991973901863661,0.017651823569574066,2025-02-15,dontale mayes,valter walker,0.0,0.2348065496641864,0.7651934503358135,150.0,-180.0,1.3333333333333333,3.9,0.04320404358099971
275,0.08323682626960367,0.029318250024562176,1.468184797019174,1.4545454545454546,1,1.4545454545454546,0.7076562968918865,0.7076562968918865,1,-220,True,570.1089975735598,0.7851239669421488,0.07524418941856448,570.1089975735598,0.0,0.61794682465836,0.61794682465836,0.3651873905037105,0.05159727769333414,12894.656675692979,1.0,62.575391563816936,0.015151515151515138,0.03000291592597279,286.66703793741897,0.4545454545454546,0.0514327930877649,0.08323682626960367,0.02654312773887524,2025-02-15,gabriel bonfim,khaos williams,1.0,0.7076562968918865,0.2923437031081135,-198.0,164.0,3.05,1.4545454545454546,0.0514327930877649
276,0.0,-0.1309954342393676,1.2115838174100024,1.2222222222222223,1,1.2222222222222223,0.7110037356223355,0.7110037356223355,1,-450,True,570.1089975735598,0.7851239669421488,0.07524418941856448,570.1089975735598,0.0,0.61794682465836,0.61794682465836,0.3651873905037105,0.05159727769333414,12894.656675692979,1.0,62.575391563816936,0.015151515151515138,0.03000291592597279,0.0,0.0,0.0,0.0,-0.11436219088673238,2025-02-15,edmen shahbazyan,dylan budka,1.0,0.7110037356223355,0.2889962643776644,-310.0,250.0,6.2,1.2222222222222223,0.0
277,0.0,-0.057536745103138054,1.160196730744974,1.1540832049306626,0,1.1540832049306626,0.8166337148572275,0.8166337148572275,0,-649,True,570.1089975735598,0.7851239669421488,0.07524418941856448,570.1089975735598,0.0,0.61794682465836,0.61794682465836,0.3651873905037105,0.05159727769333414,12894.656675692979,1.0,62.575391563816936,0.015151515151515138,0.03000291592597279,0.0,0.0,0.0,0.0,-0.04528907245996305,2025-02-15,julia avila,jacqueline cavalcanti,0.0,0.1833662851427725,0.8166337148572275,300.0,-380.0,1.1540832049306626,6.75,0.0
278,0.015495708922540687,-0.001860269363244904,1.4573932808325076,1.4444444444444444,0,1.4444444444444444,0.6910198135177535,0.6910198135177535,0,-225,True,570.1089975735598,0.7851239669421488,0.07524418941856448,570.1089975735598,0.0,0.61794682465836,0.61794682465836,0.3651873905037105,0.05159727769333414,12894.656675692979,1.0,62.575391563816936,0.015151515151515138,0.03000291592597279,0.0,0.0,0.0,0.015495708922540687,0.004863226169711576,2025-02-15,jared cannonier,gregory rodrigues,1.0,0.3089801864822464,0.6910198135177535,-130.0,110.0,1.4444444444444444,3.1,-0.0
279,0.006642442267391251,-0.003426616161867041,1.205771911166538,1.2,1,1.2,0.8304778198651108,0.8304778198651108,1,-500,True,570.1089975735598,0.7851239669421488,0.07524418941856448,570.1089975735598,0.0,0.61794682465836,0.61794682465836,0.3651873905037105,0.05159727769333414,12894.656675692979,1.0,62.575391563816936,0.015151515151515138,0.03000291592597279,0.0,0.0,0.0,0.006642442267391251,0.0011335709743413025,2025-02-15,rafael estevam,jesus aguilar,1.0,0.8304778198651108,0.1695221801348891,-310.0,250.0,5.6,1.2,0.0
280,0.0,-0.04426166629238237,1.386235436254299,1.3773584905660377,1,1.3773584905660377,0.6938922148836129,0.6938922148836129,1,-265,True,1138.5726769426449,1.3005313005313002,0.1254251462632474,1138.5726769426449,0.0,0.7040327565622136,0.7040327565622136,0.3440508624871151,0.19427761940031246,15399.799877630958,1.0,1366.570524995334,1.0695310695310694,0.05510114649566333,0.0,0.0,0.0,0.0,-0.02748596796104663,2025-02-22,modestas bukauskas,rafael cerqueira,1.0,0.6938922148836129,0.3061077851163871,-298.0,240.0,3.5,1.3773584905660377,0.0
281,0.0,-0.016534837010341585,1.6021481679146006,1.6134969325153374,0,1.6134969325153374,0.609524036377621,0.609524036377621,0,-163,True,1138.5726769426449,1.3005313005313002,0.1254251462632474,1138.5726769426449,0.0,0.7040327565622136,0.7040327565622136,0.3440508624871151,0.19427761940031246,15399.799877630958,1.0,1366.570524995334,1.0695310695310694,0.05510114649566333,0.0,0.0,0.0,0.0,-0.014637960637690739,2025-02-22,rob font,jean matsumoto,1.0,0.390475963622379,0.609524036377621,130.0,-175.0,1.6134969325153374,2.7,-0.0
282,0.03532788508815151,-0.0022232981063575186,1.225135612043675,1.2127659574468086,1,1.2127659574468086,0.8227281577017753,0.8227281577017753,1,-470,True,1138.5726769426449,1.3005313005313002,0.1254251462632474,1138.5726769426449,0.0,0.7040327565622136,0.7040327565622136,0.3440508624871151,0.19427761940031246,15399.799877630958,1.0,1366.570524995334,1.0695310695310694,0.05510114649566333,0.0,0.0,0.0,0.03532788508815151,0.006491987461095916,2025-02-22,jean silva,melsik baghdasaryan,1.0,0.8227281577017753,0.1772718422982246,-380.0,300.0,5.0,1.2127659574468086,0.0
283,0.06982125651759209,0.03827859420091856,1.7990743162043694,1.7692307692307692,0,1.7692307692307692,0.5868531184613888,0.5868531184613888,0,-130,True,1138.5726769426449,1.3005313005313002,0.1254251462632474,1138.5726769426449,0.0,0.7040327565622136,0.7040327565622136,0.3440508624871151,0.19427761940031246,15399.799877630958,1.0,1366.570524995334,1.0695310695310694,0.05510114649566333,487.5514465378859,0.7692307692307692,0.04915345142100803,0.06982125651759209,0.031011711025942357,2025-02-22,andre fili,melquizael costa,0.0,0.4131468815386113,0.5868531184613888,-110.0,-110.0,1.7692307692307692,2.2,0.04915345142100803
284,0.3224529788266211,0.08393368846190918,1.3255356478730935,1.3003003003003002,0,1.3003003003003002,0.8336025825815607,0.8336025825815607,0,-333,True,1138.5726769426449,1.3005313005313002,0.1254251462632474,1138.5726769426449,0.0,0.7040327565622136,0.7040327565622136,0.3440508624871151,0.19427761940031246,15399.799877630958,1.0,1366.570524995334,1.0695310695310694,0.05510114649566333,879.019078457448,0.3003003003003002,0.22700360349888835,0.3224529788266211,0.07919058196538431,2025-02-22,brendan allen,anthony hernandez,0.0,0.1663974174184392,0.8336025825815607,164.0,-198.0,1.3003003003003002,3.7,0.22700360349888835
285,0.0,-0.021317381057223694,1.4255140923485123,1.4,0,1.4,0.6990590135305546,0.6990590135305546,0,-250,True,1138.5726769426449,1.3005313005313002,0.1254251462632474,1138.5726769426449,0.0,0.7040327565622136,0.7040327565622136,0.3440508624871151,0.19427761940031246,15399.799877630958,1.0,1366.570524995334,1.0695310695310694,0.05510114649566333,0.0,0.0,0.0,0.0,-0.002442294220472707,2025-02-22,henry cejudo,song yadong,0.0,0.3009409864694455,0.6990590135305546,165.0,-215.0,1.4,3.15,0.0
286,0.0,-0.07722954175025731,1.4359793125402875,1.4166666666666667,0,1.4166666666666667,0.651367382293936,0.651367382293936,0,-240,True,1138.5726769426449,1.3005313005313002,0.1254251462632474,1138.5726769426449,0.0,0.7040327565622136,0.7040327565622136,0.3440508624871151,0.19427761940031246,15399.799877630958,1.0,1366.570524995334,1.0695310695310694,0.05510114649566333,0.0,0.0,0.0,0.0,-0.045021480182760865,2025-02-22,ricky simon,javid basharat,1.0,0.348632617706064,0.651367382293936,180.0,-218.0,1.4166666666666667,3.15,-0.0
287,0.0,-0.12943149126681613,1.5455682976871354,1.5494505494505495,0,1.5494505494505495,0.561856271593757,0.561856271593757,0,-182,True,1138.5726769426449,1.3005313005313002,0.1254251462632474,1138.5726769426449,0.0,0.7040327565622136,0.7040327565622136,0.3440508624871151,0.19427761940031246,15399.799877630958,1.0,1366.570524995334,1.0695310695310694,0.05510114649566333,0.0,0.0,0.0,0.0,-0.0851549290736282,2025-02-22,ion cutelaba,ibo aslan,1.0,0.4381437284062431,0.561856271593757,130.0,-155.0,1.5494505494505495,2.85,-0.0
288,0.0,-0.05007552332344256,1.35959765267772,1.3355704697986577,0,1.3355704697986577,0.7112499850492817,0.7112499850492817,0,-298,True,1874.4744791769026,1.6068965517241374,0.1582420656941239,1874.4744791769026,0.0,0.7692526822227883,0.7692526822227883,0.36390119559795986,0.26527013679298744,19484.906897754754,1.0,2210.6325409468927,1.262068965517241,0.06293816509127514,0.0,0.0,0.0,0.0,-0.02426172904532964,2025-03-01,ricardo ramos,chepe mariscal,0.0,0.2887500149507183,0.7112499850492817,310.0,-420.0,1.3355704697986577,3.5,0.0
289,0.0,-0.03946720152724653,1.5026496481346898,1.4761904761904765,0,1.4761904761904765,0.6506835086428329,0.6506835086428329,0,-210,True,1874.4744791769026,1.6068965517241374,0.1582420656941239,1874.4744791769026,0.0,0.7692526822227883,0.7692526822227883,0.36390119559795986,0.26527013679298744,19484.906897754754,1.0,2210.6325409468927,1.262068965517241,0.06293816509127514,0.0,0.0,0.0,0.0,-0.014807613150825016,2025-03-01,hyder amil,william gomis,1.0,0.3493164913571672,0.6506835086428329,150.0,-186.0,1.4761904761904765,2.85,-0.0
290,0.07959046733200856,0.04781304067180242,1.905120922370789,1.862068965517241,1,1.862068965517241,0.5627144107311532,0.5627144107311532,1,-116,True,1874.4744791769026,1.6068965517241374,0.1582420656941239,1874.4744791769026,0.0,0.7692526822227883,0.7692526822227883,0.36390119559795986,0.26527013679298744,19484.906897754754,1.0,2210.6325409468927,1.262068965517241,0.06293816509127514,812.7568788318422,0.8620689655172411,0.06122144358605609,0.07959046733200856,0.037813346311803775,2025-03-01,cody brundage,julian marquez,1.0,0.5627144107311532,0.4372855892688467,116.0,-143.0,2.05,1.862068965517241,0.06122144358605609
291,0.0,-0.013652621492760975,1.4381478321876824,1.4201680672268908,0,1.4201680672268908,0.6945286274695943,0.6945286274695943,0,-238,True,1874.4744791769026,1.6068965517241374,0.1582420656941239,1874.4744791769026,0.0,0.7692526822227883,0.7692526822227883,0.36390119559795986,0.26527013679298744,19484.906897754754,1.0,2210.6325409468927,1.262068965517241,0.06293816509127514,0.0,0.0,0.0,0.0,-0.0008101809746109412,2025-03-01,nasrat haqparast,esteban ribovics,1.0,0.3054713725304057,0.6945286274695943,195.0,-250.0,1.4201680672268908,3.15,-0.0
292,0.0,-0.02704051093665716,1.5000000000003153,1.5,1,1.5,0.6486396593755619,0.6486396593755619,1,-200,True,1874.4744791769026,1.6068965517241374,0.1582420656941239,1874.4744791769026,0.0,0.7692526822227883,0.7692526822227883,0.36390119559795986,0.26527013679298744,19484.906897754754,1.0,2210.6325409468927,1.262068965517241,0.06293816509127514,0.0,0.0,0.0,0.0,-0.018027007290964625,2025-03-01,danny barlow,sam patterson,0.0,0.6486396593755619,0.3513603406244381,-345.0,260.0,3.0,1.5,-0.0
293,0.0,-0.1669193150796376,1.6260608874149585,1.5882352941176472,0,1.5882352941176472,0.5245322830980059,0.5245322830980059,0,-170,True,1874.4744791769026,1.6068965517241374,0.1582420656941239,1874.4744791769026,0.0,0.7692526822227883,0.7692526822227883,0.36390119559795986,0.26527013679298744,19484.906897754754,1.0,2210.6325409468927,1.262068965517241,0.06293816509127514,0.0,0.0,0.0,0.0,-0.0904508382227196,2025-03-01,andrea lee,jj aldrich,0.0,0.4754677169019941,0.5245322830980059,150.0,-190.0,1.5882352941176472,2.48,0.0
294,0.2950196639296988,0.10539000827048323,1.4255140923485123,1.4,1,1.4,0.7895642916217738,0.7895642916217738,1,-250,True,1874.4744791769026,1.6068965517241374,0.1582420656941239,1874.4744791769026,0.0,0.7692526822227883,0.7692526822227883,0.36390119559795986,0.26527013679298744,19484.906897754754,1.0,2210.6325409468927,1.262068965517241,0.06293816509127514,1397.8756621150505,0.3999999999999999,0.22693081618312796,0.2950196639296988,0.08806298387074651,2025-03-01,danny silva,lucas almeida,1.0,0.7895642916217738,0.2104357083782262,-190.0,150.0,3.15,1.4,0.22693081618312796
295,0.2192012915055355,0.15566427114262937,1.7990743162043694,1.7692307692307692,0,1.7692307692307692,0.6532015445588775,0.6532015445588775,0,-130,True,-1493.4525784766724,-1.0,0.2471756182459346,-1493.4525784766724,0.0,0.7340506255630292,0.7340506255630292,0.32657673411861077,-0.30100079544639585,13619.934422331607,1.0,-4371.519896946475,-1.2424242424242424,0.05125849037932325,-3135.024568826656,-1.0,0.1608950243014969,0.2192012915055355,0.09736013712343106,2025-03-08,amanda lemos,iasmin lucindo,1.0,0.3467984554411226,0.6532015445588775,-125.0,105.0,1.7692307692307692,2.2,-0.1608950243014969
296,0.028518054247026647,-0.0015973084832788809,1.712457197160523,1.6756756756756757,1,1.6756756756756757,0.5958209610664303,0.5958209610664303,1,-148,True,-1493.4525784766724,-1.0,0.2471756182459346,-1493.4525784766724,0.0,0.7340506255630292,0.7340506255630292,0.32657673411861077,-0.30100079544639585,13619.934422331607,1.0,-4371.519896946475,-1.2424242424242424,0.05125849037932325,0.0,0.0,0.0,0.028518054247026647,0.011864759616180831,2025-03-08,joshua van,rei tsuruya,1.0,0.5958209610664303,0.4041790389335696,-165.0,132.0,2.3200000000000003,1.6756756756756757,0.0
297,0.0,-0.0534214563063834,1.6875217106823208,1.6493506493506491,0,1.6493506493506491,0.5739098257040038,0.5739098257040038,0,-154,True,-1493.4525784766724,-1.0,0.2471756182459346,-1493.4525784766724,0.0,0.7340506255630292,0.7340506255630292,0.32657673411861077,-0.30100079544639585,13619.934422331607,1.0,-4371.519896946475,-1.2424242424242424,0.05125849037932325,0.0,0.0,0.0,0.0,-0.01867514293362449,2025-03-08,justin gaethje,rafael fiziev,1.0,0.4260901742959961,0.5739098257040038,112.0,-139.0,1.6493506493506491,2.3600000000000003,-0.0
298,0.019825220354068668,0.004124792649298548,1.7773301860316095,1.7575757575757576,0,1.7575757575757576,0.5713123820246009,0.5713123820246009,0,-132,True,-1493.4525784766724,-1.0,0.2471756182459346,-1493.4525784766724,0.0,0.7340506255630292,0.7340506255630292,0.32657673411861077,-0.30100079544639585,13619.934422331607,1.0,-4371.519896946475,-1.2424242424242424,0.05125849037932325,214.80378614258285,0.7575757575757576,0.014551827175570534,0.019825220354068668,0.008670725533759582,2025-03-08,jalin turner,ignacio bahamondes,0.0,0.4286876179753991,0.5713123820246009,-120.0,100.0,1.7575757575757576,2.25,0.014551827175570534
299,0.0,-0.08013712110569471,1.805559781529524,1.7692307692307692,0,1.7692307692307692,0.5199224967663465,0.5199224967663465,0,-130,True,-1493.4525784766724,-1.0,0.2471756182459346,-1493.4525784766724,0.0,0.7340506255630292,0.7340506255630292,0.32657673411861077,-0.30100079544639585,13619.934422331607,1.0,-4371.519896946475,-1.2424242424242424,0.05125849037932325,0.0,0.0,0.0,0.0,-0.03392236078408095,2025-03-08,brunno ferreira,armen petrosyan,1.0,0.4800775032336535,0.5199224967663465,105.0,-125.0,1.7692307692307692,2.18,-0.0
300,0.0,-0.08531875224017516,1.2133407949024415,1.196078431372549,0,1.196078431372549,0.7647335022254274,0.7647335022254274,0,-510,True,-1493.4525784766724,-1.0,0.2471756182459346,-1493.4525784766724,0.0,0.7340506255630292,0.7340506255630292,0.32657673411861077,-0.30100079544639585,13619.934422331607,1.0,-4371.519896946475,-1.2424242424242424,0.05125849037932325,0.0,0.0,0.0,0.0,-0.059437253592936834,2025-03-08,king green,mauricio ruffy,0.0,0.2352664977745726,0.7647335022254274,430.0,-600.0,1.196078431372549,5.0,0.0
301,0.10147500704475279,0.0791850621226059,1.8885958369345108,1.869565217391304,1,1.869565217391304,0.5772385216004637,0.5772385216004637,1,-115,True,-1493.4525784766724,-1.0,0.2471756182459346,-1493.4525784766724,0.0,0.7340506255630292,0.7340506255630292,0.32657673411861077,-0.30100079544639585,13619.934422331607,1.0,-4371.519896946475,-1.2424242424242424,0.05125849037932325,-1451.299114262401,-1.0,0.07448324602616573,0.10147500704475279,0.047744608480779105,2025-03-08,alex pereira,magomed ankalaev,0.0,0.5772385216004637,0.4227614783995362,-170.0,142.0,2.1,1.869565217391304,-0.07448324602616573
302,0.06392036261421134,-0.00018853870212640067,1.154350360905981,1.1428571428571428,0,1.1428571428571428,0.8748350286356394,0.8748350286356394,0,-700,True,-1493.4525784766724,-1.0,0.2471756182459346,-1493.4525784766724,0.0,0.7340506255630292,0.7340506255630292,0.32657673411861077,-0.30100079544639585,13619.934422331607,1.0,-4371.519896946475,-1.2424242424242424,0.05125849037932325,0.0,0.0,0.0,0.06392036261421134,0.00854691207529168,2025-03-08,alex morono,carlos leal,0.0,0.1251649713643605,0.8748350286356394,430.0,-600.0,1.1428571428571428,6.5,0.0
303,0.0,-0.040413093673136946,1.2337479654078298,1.2222222222222223,0,1.2222222222222223,0.7851165597219788,0.7851165597219788,0,-450,True,-877.9493893754102,-1.0,0.5426742716764543,-877.9493893754102,0.0,0.8013309137042935,0.8013309137042935,0.8068256943475272,0.17484325664056816,16001.28811196304,0.8333333333333334,3259.3030790068437,1.0437050975025655,0.0663569001945821,0.0,0.0,0.0,0.0,-0.025421757696391434,2025-03-15,daniel barez,andre lima,0.0,0.2148834402780212,0.7851165597219788,250.0,-310.0,1.2222222222222223,4.9,0.0
304,0.10520919833523944,0.05392058794452298,1.7255974138967924,1.6896551724137931,1,1.6896551724137931,0.6237489193957381,0.6237489193957381,1,-145,True,-877.9493893754102,-1.0,0.5426742716764543,-877.9493893754102,0.0,0.8013309137042935,0.8013309137042935,0.8068256943475272,0.17484325664056816,16001.28811196304,0.8333333333333334,3259.3030790068437,1.0437050975025655,0.0663569001945821,-1148.1909439239628,-1.0,0.08430223731777726,0.10520919833523944,0.044239474175968074,2025-03-15,marvin vettori,roman dolidze,0.0,0.6237489193957381,0.3762510806042619,-138.0,110.0,2.3,1.6896551724137931,-0.08430223731777726
305,0.23717574961202034,0.38415291033307786,2.86611629435748,2.75,1,2.75,0.5033283310302101,0.5033283310302101,1,175,True,-877.9493893754102,-1.0,0.5426742716764543,-877.9493893754102,0.0,0.8013309137042935,0.8013309137042935,0.8068256943475272,0.17484325664056816,16001.28811196304,0.8333333333333334,3259.3030790068437,1.0437050975025655,0.0663569001945821,4529.692662152427,1.75,0.19004466003156675,0.23717574961202034,0.15442413549261141,2025-03-15,chidi njokuani,elizeu zaleski dos santos,1.0,0.5033283310302101,0.4966716689697898,175.0,-225.0,1.510204081632653,2.75,0.19004466003156675
306,0.1395531065218155,0.06809308472597853,1.553796983853447,1.5405405405405406,1,1.5405405405405406,0.6933235813133545,0.6933235813133545,1,-185,True,-877.9493893754102,-1.0,0.5426742716764543,-877.9493893754102,0.0,0.8013309137042935,0.8013309137042935,0.8068256943475272,0.17484325664056816,16001.28811196304,0.8333333333333334,3259.3030790068437,1.0437050975025655,0.0663569001945821,823.2432640010367,0.5405405405405406,0.11182139290661829,0.1395531065218155,0.049738859247553835,2025-03-15,alexander hernandez,kurt holobaugh,1.0,0.6933235813133545,0.3066764186866455,-175.0,145.0,2.75,1.5405405405405406,0.11182139290661829
307,0.0,-0.003084656149660636,1.5905086484817192,1.606060606060606,1,1.606060606060606,0.6207208744728528,0.6207208744728528,1,-165,True,-877.9493893754102,-1.0,0.5426742716764543,-877.9493893754102,0.0,0.8013309137042935,0.8013309137042935,0.8068256943475272,0.17484325664056816,16001.28811196304,0.8333333333333334,3259.3030790068437,1.0437050975025655,0.0663569001945821,0.0,0.0,0.0,0.0,-0.008008809552812912,2025-03-15,stephanie luciano,sam hughes,0.0,0.6207208744728528,0.3792791255271471,-265.0,215.0,2.75,1.606060606060606,-0.0
308,0.09107387906193741,0.014865822963808895,1.2645602354916623,1.2531645569620251,1,1.2531645569620251,0.8098424243852618,0.8098424243852618,1,-395,True,-877.9493893754102,-1.0,0.5426742716764543,-877.9493893754102,0.0,0.8013309137042935,0.8013309137042935,0.8068256943475272,0.17484325664056816,16001.28811196304,0.8333333333333334,3259.3030790068437,1.0437050975025655,0.0663569001945821,251.62694493529682,0.2531645569620251,0.07297586035838433,0.09107387906193741,0.019053680651596183,2025-03-15,damon blackshear,cody gibson,1.0,0.8098424243852618,0.1901575756147382,-360.0,285.0,4.5,1.2531645569620251,0.07297586035838433
309,0.16251455713416912,0.07824043300573869,1.5054229342561678,1.5,1,1.5,0.7188269553371591,0.7188269553371591,1,-200,True,-877.9493893754102,-1.0,0.5426742716764543,-877.9493893754102,0.0,0.8013309137042935,0.8013309137042935,0.8068256943475272,0.17484325664056816,16001.28811196304,0.8333333333333334,3259.3030790068437,1.0437050975025655,0.0663569001945821,886.7938626558577,0.5,0.13021999007599433,0.16251455713416912,0.05456179951627893,2025-03-15,waldo cortes acosta,ryan spann,1.0,0.7188269553371591,0.2811730446628409,-210.0,162.0,2.95,1.5,0.13021999007599433
310,0.1909451789404977,0.11452590256464523,1.6629707997536043,1.6451612903225803,1,1.6451612903225803,0.6774569211667453,0.6774569211667453,1,-155,True,-877.9493893754102,-1.0,0.5426742716764543,-877.9493893754102,0.0,0.8013309137042935,0.8013309137042935,0.8068256943475272,0.17484325664056816,16001.28811196304,0.8333333333333334,3259.3030790068437,1.0437050975025655,0.0663569001945821,-2083.8627108138116,-1.0,0.1530009357017942,0.1909451789404977,0.07612345208348414,2025-03-15,josiane nunes,priscila cachoeira,0.0,0.6774569211667453,0.3225430788332547,-225.0,185.0,2.46,1.6451612903225803,-0.1530009357017942
311,0.0256529285039487,0.008550976167739532,1.3333333333336663,1.3333333333333333,1,1.3333333333333333,0.7564132321258047,0.7564132321258047,1,-300,True,-1308.2400194445192,-1.0,0.2263180528859301,-1308.2400194445192,0.0,0.7285117879862835,0.7285117879862835,0.35985389313386856,-0.08140002989746756,14698.782781251257,1.0,5.734688732735549,-1.9841269841269842,0.02933693528964303,-299.0211938945773,-1.0,0.01868732015837026,0.0256529285039487,0.0064132321259919856,2025-03-22,jordan vucenic,chris duncan,0.0,0.7564132321258047,0.2435867678741953,-275.0,200.0,4.0,1.3333333333333333,-0.01868732015837026
312,0.02371259816786003,-0.004035233486446743,1.843438938043528,1.8,0,1.8,0.5533137591741962,0.5533137591741962,0,-125,True,-1308.2400194445192,-1.0,0.2263180528859301,-1308.2400194445192,0.0,0.7285117879862835,0.7285117879862835,0.35985389313386856,-0.08140002989746756,14698.782781251257,1.0,5.734688732735549,-1.9841269841269842,0.02933693528964303,0.0,0.0,0.0,0.02371259816786003,0.010849357797649173,2025-03-22,leon edwards,sean brady,0.0,0.4466862408258037,0.5533137591741962,107.0,-132.0,1.8,2.12,0.0
313,0.00043461866599828214,0.032620247675901715,1.3990573678319953,1.4444444444444444,0,1.4444444444444444,0.7148909406987012,0.7148909406987012,0,-225,True,-1308.2400194445192,-1.0,0.2263180528859301,-1308.2400194445192,0.0,0.7285117879862835,0.7285117879862835,0.35985389313386856,-0.08140002989746756,14698.782781251257,1.0,5.734688732735549,-1.9841269841269842,0.02933693528964303,2.2515981167724353,0.4444444444444444,0.0003166054962131715,0.00043461866599828214,0.00012396759764943255,2025-03-22,jan blachowicz,carlos ulberg,0.0,0.2851090593012988,0.7148909406987012,164.0,-198.0,1.4444444444444444,3.95,0.0003166054962131715
314,0.040216956302703076,0.01146035459691247,1.832715290227085,1.7936507936507935,1,1.7936507936507935,0.5639115251292521,0.5639115251292521,1,-126,True,-1308.2400194445192,-1.0,0.2263180528859301,-1308.2400194445192,0.0,0.7285117879862835,0.7285117879862835,0.35985389313386856,-0.08140002989746756,14698.782781251257,1.0,5.734688732735549,-1.9841269841269842,0.02933693528964303,-468.78555353199636,-1.0,0.029296738503290766,0.040216956302703076,0.018273037071407816,2025-03-22,gunnar nelson,kevin holland,0.0,0.5639115251292521,0.4360884748707478,-163.0,120.0,2.14,1.7936507936507935,-0.029296738503290766
315,0.02735722611734151,-0.0011234415698008204,2.0389723019205688,1.9803921568627447,1,1.9803921568627447,0.5043832126726749,0.5043832126726749,1,-102,True,-1308.2400194445192,-1.0,0.2263180528859301,-1308.2400194445192,0.0,0.7285117879862835,0.7285117879862835,0.35985389313386856,-0.08140002989746756,14698.782781251257,1.0,5.734688732735549,-1.9841269841269842,0.02933693528964303,0.0,0.0,0.0,0.02735722611734151,0.013940061945188265,2025-03-22,nathaniel wood,morgan charriere,1.0,0.5043832126726749,0.495616787327325,140.0,-188.0,1.9090909090909087,1.9803921568627447,0.0
316,0.0,-0.015689948166732637,1.6666666666669123,1.6666666666666663,0,1.6666666666666663,0.5905860310999606,0.5905860310999606,0,-150,True,-1308.2400194445192,-1.0,0.2263180528859301,-1308.2400194445192,0.0,0.7285117879862835,0.7285117879862835,0.35985389313386856,-0.08140002989746756,14698.782781251257,1.0,5.734688732735549,-1.9841269841269842,0.02933693528964303,0.0,0.0,0.0,0.0,-0.009413968899951053,2025-03-22,marcin tybura,mick parkin,1.0,0.4094139689000394,0.5905860310999606,-145.0,122.0,1.6666666666666663,2.5,-0.0
317,0.07260163421133056,0.07368719328742268,1.89339957715207,1.9090909090909087,1,1.9090909090909087,0.5624075774362691,0.5624075774362691,1,-110,True,-1308.2400194445192,-1.0,0.2263180528859301,-1308.2400194445192,0.0,0.7285117879862835,0.7285117879862835,0.35985389313386856,-0.08140002989746756,14698.782781251257,1.0,5.734688732735549,-1.9841269841269842,0.02933693528964303,-846.2748156502978,-1.0,0.05288791813064084,0.07260163421133056,0.03425704224700088,2025-03-22,jai herbert,chris padilla,0.0,0.5624075774362691,0.4375924225637309,-138.0,105.0,2.14,1.9090909090909087,-0.05288791813064084
318,0.2428480813506187,0.14215579784572197,1.5644334945887195,1.5714285714285714,1,1.5714285714285714,0.726826416810914,0.726826416810914,1,-175,True,-1308.2400194445192,-1.0,0.2263180528859301,-1308.2400194445192,0.0,0.7285117879862835,0.7285117879862835,0.35985389313386856,-0.08140002989746756,14698.782781251257,1.0,5.734688732735549,-1.9841269841269842,0.02933693528964303,1617.5646536928346,0.5714285714285714,0.17690689175492794,0.2428480813506187,0.08761739740616503,2025-03-22,shauna bannon,puja tomar,1.0,0.726826416810914,0.273173583189086,-163.0,120.0,2.8,1.5714285714285714,0.17690689175492794
319,0.029314947766024366,0.009812523447768451,1.7234572903348402,1.704225352112676,1,1.704225352112676,0.5925346211966245,0.5925346211966245,1,-142,True,2198.549151612142,1.4162859446385379,0.24917838474576604,2198.549151612142,0.0,0.7914673997379277,0.7914673997379277,0.6719150710251354,0.40222527718931894,20611.004759785632,1.0,3713.6728269222326,2.0600996690525664,0.052790484175392144,240.15336446626267,0.704225352112676,0.023200409354784908,0.029314947766024366,0.012305563239687234,2025-03-29,marquel mederos,austin hubbard,1.0,0.5925346211966245,0.4074653788033755,-192.0,160.0,2.34,1.704225352112676,0.023200409354784908
320,0.20269025101339502,0.038060928596507115,1.2146804402101754,1.2083333333333333,1,1.2083333333333333,0.8590849064246956,0.8590849064246956,1,-480,True,2198.549151612142,1.4162859446385379,0.24917838474576604,2198.549151612142,0.0,0.7914673997379277,0.7914673997379277,0.6719150710251354,0.40222527718931894,20611.004759785632,1.0,3713.6728269222326,2.0600996690525664,0.052790484175392144,491.223933219739,0.20833333333333326,0.16041293449565694,0.20269025101339502,0.03582311106148828,2025-03-29,raul rosas jr,vince morales,1.0,0.8590849064246956,0.1409150935753044,-333.0,225.0,5.4,1.2083333333333333,0.16041293449565694
321,0.0,-0.012696933552186318,1.447090238958842,1.434782608695652,1,1.434782608695652,0.6881203190393853,0.6881203190393853,1,-230,True,2198.549151612142,1.4162859446385379,0.24917838474576604,2198.549151612142,0.0,0.7914673997379277,0.7914673997379277,0.6719150710251354,0.40222527718931894,20611.004759785632,1.0,3713.6728269222326,2.0600996690525664,0.052790484175392144,0.0,0.0,0.0,0.0,-0.0029215891138227867,2025-03-29,brandon moreno,steve erceg,1.0,0.6881203190393853,0.3118796809606147,-188.0,150.0,3.15,1.434782608695652,0.0
322,0.19891258826932182,0.14492524078349833,1.861779225802432,1.819672131147541,1,1.819672131147541,0.6291931503404811,0.6291931503404811,1,-122,True,2198.549151612142,1.4162859446385379,0.24917838474576604,2198.549151612142,0.0,0.7914673997379277,0.7914673997379277,0.6719150710251354,0.40222527718931894,20611.004759785632,1.0,3713.6728269222326,2.0600996690525664,0.052790484175392144,1896.663702141464,0.819672131147541,0.15742322007534348,0.19891258826932182,0.092072536821444,2025-03-29,manuel torres,drew dober,1.0,0.6291931503404811,0.3708068496595189,-110.0,-120.0,2.1,1.819672131147541,0.15742322007534348
323,0.04933643291105917,-0.0009657353132819235,1.3986752280106824,1.3703703703703702,1,1.3703703703703702,0.7290250039605781,0.7290250039605781,1,-270,True,2198.549151612142,1.4162859446385379,0.24917838474576604,2198.549151612142,0.0,0.7914673997379277,0.7914673997379277,0.6719150710251354,0.40222527718931894,20611.004759785632,1.0,3713.6728269222326,2.0600996690525664,0.052790484175392144,0.0,0.0,0.0,0.04933643291105917,0.014062745408042643,2025-03-29,edgar chairez,cj vergara,1.0,0.7290250039605781,0.2709749960394219,-250.0,175.0,3.25,1.3703703703703702,0.0
324,0.0,-0.01676762657473957,1.4573932808325076,1.4444444444444444,1,1.4444444444444444,0.6806993354482572,0.6806993354482572,1,-225,True,2198.549151612142,1.4162859446385379,0.24917838474576604,2198.549151612142,0.0,0.7914673997379277,0.7914673997379277,0.6719150710251354,0.40222527718931894,20611.004759785632,1.0,3713.6728269222326,2.0600996690525664,0.052790484175392144,0.0,0.0,0.0,0.0,-0.005457251899784743,2025-03-29,loopy godinez,julia polastri,1.0,0.6806993354482572,0.3193006645517428,-188.0,140.0,3.1,1.4444444444444444,0.0
325,0.28463906963468966,0.09105672601900616,1.332091330511426,1.3278688524590163,1,1.3278688524590163,0.8216600035451775,0.8216600035451775,1,-305,True,2198.549151612142,1.4162859446385379,0.24917838474576604,2198.549151612142,0.0,0.7914673997379277,0.7914673997379277,0.6719150710251354,0.40222527718931894,20611.004759785632,1.0,3713.6728269222326,2.0600996690525664,0.052790484175392144,1085.6318270947668,0.3278688524590163,0.22526879415229853,0.28463906963468966,0.07096072557894906,2025-03-29,rafa garcia,vinc pichel,1.0,0.8216600035451775,0.1783399964548224,-400.0,275.0,3.95,1.3278688524590163,0.22526879415229853
326,0.0,-0.08551079361182912,1.2261975905101838,1.2083333333333333,1,1.2083333333333333,0.7568186535626242,0.7568186535626242,1,-480,True,2198.549151612142,1.4162859446385379,0.24917838474576604,2198.549151612142,0.0,0.7914673997379277,0.7914673997379277,0.6719150710251354,0.40222527718931894,20611.004759785632,1.0,3713.6728269222326,2.0600996690525664,0.052790484175392144,0.0,0.0,0.0,0.0,-0.05871059534409573,2025-03-29,jamall emmers,gabriel miranda,1.0,0.7568186535626242,0.2431813464373757,-218.0,180.0,4.8,1.2083333333333333,0.0
327,0.0,-0.10346418088219123,1.5787707416345649,1.5714285714285714,1,1.5714285714285714,0.5705227939840601,0.5705227939840601,1,-175,True,2198.549151612142,1.4162859446385379,0.24917838474576604,2198.549151612142,0.0,0.7914673997379277,0.7914673997379277,0.6719150710251354,0.40222527718931894,20611.004759785632,1.0,3713.6728269222326,2.0600996690525664,0.052790484175392144,0.0,0.0,0.0,0.0,-0.06288139424193884,2025-03-29,ronaldo rodriguez,kevin borjas,0.0,0.5705227939840601,0.4294772060159398,-150.0,110.0,2.7,1.5714285714285714,-0.0
328,0.0,-0.04455763530877099,1.530854695975155,1.5128205128205128,1,1.5128205128205128,0.631563596999287,0.631563596999287,1,-195,True,2198.549151612142,1.4162859446385379,0.24917838474576604,2198.549151612142,0.0,0.7914673997379277,0.7914673997379277,0.6719150710251354,0.40222527718931894,20611.004759785632,1.0,3713.6728269222326,2.0600996690525664,0.052790484175392144,0.0,0.0,0.0,0.0,-0.02166626382888237,2025-03-29,christian rodriguez,melquizael costa,0.0,0.631563596999287,0.368436403000713,-175.0,130.0,2.8,1.5128205128205128,-0.0
329,0.0,-0.121520112932611,1.1088890563270288,1.1,0,1.1,0.7986180791521718,0.7986180791521718,0,-1000,True,1821.5185585876277,1.1990407673860908,0.12039464468334504,1821.5185585876277,0.0,0.7340975514894297,0.7340975514894297,0.31719892108885406,0.1895180433730624,24517.16205381308,1.0,2084.6387354398216,0.9769961808331111,0.048487112858153436,0.0,0.0,0.0,0.0,-0.10318539189325293,2025-04-05,diana belbita,dione barbosa,0.0,0.2013819208478282,0.7986180791521718,300.0,-450.0,1.1,8.5,0.0
330,0.0,-0.07996391621912209,1.136878696571815,1.12987012987013,1,1.12987012987013,0.8142848097830758,0.8142848097830758,1,-770,True,1821.5185585876277,1.1990407673860908,0.12039464468334504,1821.5185585876277,0.0,0.7340975514894297,0.7340975514894297,0.31719892108885406,0.1895180433730624,24517.16205381308,1.0,2084.6387354398216,0.9769961808331111,0.048487112858153436,0.0,0.0,0.0,0.0,-0.06531650829548097,2025-04-05,loma lookboonmee,istela nunes,1.0,0.8142848097830758,0.1857151902169241,-549.0,350.0,7.5,1.12987012987013,0.0
331,0.07168990489429673,0.024051163735071157,1.6532622065821083,1.617283950617284,1,1.617283950617284,0.6331919409354256,0.6331919409354256,1,-162,True,1821.5185585876277,1.1990407673860908,0.12039464468334504,1821.5185585876277,0.0,0.7340975514894297,0.7340975514894297,0.31719892108885406,0.1895180433730624,24517.16205381308,1.0,2084.6387354398216,0.9769961808331111,0.048487112858153436,669.5290431237501,0.617283950617284,0.05262417152882924,0.07168990489429673,0.028327209848780788,2025-04-05,brad tavares,gerald meerschaert,1.0,0.6331919409354256,0.3668080590645743,-210.0,162.0,2.43,1.617283950617284,0.05262417152882924
332,0.2600210276526323,0.09408072990891941,1.3587060501433694,1.359712230215827,0,1.359712230215827,0.8046413833721684,0.8046413833721684,0,-278,True,1821.5185585876277,1.1990407673860908,0.12039464468334504,1821.5185585876277,0.0,0.7340975514894297,0.7340975514894297,0.31719892108885406,0.1895180433730624,24517.16205381308,1.0,2084.6387354398216,0.9769961808331111,0.048487112858153436,1415.1096923160715,0.3597122302158271,0.1908691492961257,0.2600210276526323,0.06864701586752608,2025-04-05,josh emmett,lerone murphy,0.0,0.1953586166278315,0.8046413833721684,240.0,-298.0,1.359712230215827,3.8,0.1908691492961257
333,0.0,-0.08479160503113431,1.5255713699844209,1.5208333333333337,0,1.5208333333333337,0.6017808624452814,0.6017808624452814,0,-192,True,1821.5185585876277,1.1990407673860908,0.12039464468334504,1821.5185585876277,0.0,0.7340975514894297,0.7340975514894297,0.31719892108885406,0.1895180433730624,24517.16205381308,1.0,2084.6387354398216,0.9769961808331111,0.048487112858153436,0.0,0.0,0.0,0.0,-0.05371125000188126,2025-04-05,pat sabatini,joanderson brito,1.0,0.3982191375547185,0.6017808624452814,200.0,-265.0,1.5208333333333337,2.88,-0.0
334,0.0,-0.05206435346639943,1.7620827730598838,1.7142857142857144,1,1.7142857142857144,0.5529624604779336,0.5529624604779336,1,-140,True,-2446.272272475338,-1.0,0.20330021956476574,-2446.272272475338,0.0,0.7870317982886922,0.7870317982886922,0.3605526734832128,-0.3605526734832128,15677.433729089598,1.0,-6393.456052248144,-2.0,0.06417172702117929,0.0,0.0,0.0,0.0,-0.014547769625209983,2025-04-12,sumudaerji,mitch raposo,1.0,0.5529624604779336,0.4470375395220664,-200.0,150.0,2.22,1.7142857142857144,0.0
335,0.0,-0.07363430726662465,1.390710792927606,1.3636363636363638,0,1.3636363636363638,0.6793348413378085,0.6793348413378085,0,-275,True,-2446.272272475338,-1.0,0.20330021956476574,-2446.272272475338,0.0,0.7870317982886922,0.7870317982886922,0.3605526734832128,-0.3605526734832128,15677.433729089598,1.0,-6393.456052248144,-2.0,0.06417172702117929,0.0,0.0,0.0,0.0,-0.03972192092034954,2025-04-12,darren elkins,julian erosa,0.0,0.3206651586621915,0.6793348413378085,200.0,-275.0,1.3636363636363638,3.3,0.0
336,0.006406220286694842,-0.010075736152805312,1.142411570425972,1.12987012987013,0,1.12987012987013,0.876139865703839,0.876139865703839,0,-770,True,-2446.272272475338,-1.0,0.20330021956476574,-2446.272272475338,0.0,0.7870317982886922,0.7870317982886922,0.3605526734832128,-0.3605526734832128,15677.433729089598,1.0,-6393.456052248144,-2.0,0.06417172702117929,0.0,0.0,0.0,0.006406220286694842,0.0007985912565492415,2025-04-12,jim miller,chase hooper,0.0,0.123860134296161,0.876139865703839,300.0,-450.0,1.12987012987013,6.75,0.0
337,0.10744625777684273,0.0434375807233125,1.555821123733392,1.5319148936170213,0,1.5319148936170213,0.6811328651943845,0.6811328651943845,0,-188,True,-2446.272272475338,-1.0,0.20330021956476574,-2446.272272475338,0.0,0.7870317982886922,0.7870317982886922,0.3605526734832128,-0.3605526734832128,15677.433729089598,1.0,-6393.456052248144,-2.0,0.06417172702117929,-2073.1334698723927,-1.0,0.08455846012364897,0.10744625777684273,0.03838545371794699,2025-04-12,dan ige,sean woodson,1.0,0.3188671348056154,0.6811328651943845,-163.0,120.0,1.5319148936170213,2.7,-0.08455846012364897
338,0.0,-0.08170243823783518,1.5696723604298952,1.5555555555555556,0,1.5555555555555556,0.590334146847106,0.590334146847106,0,-180,True,-2446.272272475338,-1.0,0.20330021956476574,-2446.272272475338,0.0,0.7870317982886922,0.7870317982886922,0.3605526734832128,-0.3605526734832128,15677.433729089598,1.0,-6393.456052248144,-2.0,0.06417172702117929,0.0,0.0,0.0,0.0,-0.046741478110782886,2025-04-12,sedriques dumas,michal oleksiejczuk,0.0,0.409665853152894,0.590334146847106,130.0,-175.0,1.5555555555555556,2.7,0.0
339,0.0,-0.112691285828866,1.546368106087286,1.5208333333333337,0,1.5208333333333337,0.5834358668522523,0.5834358668522523,0,-192,True,-2446.272272475338,-1.0,0.20330021956476574,-2446.272272475338,0.0,0.7870317982886922,0.7870317982886922,0.3605526734832128,-0.3605526734832128,15677.433729089598,1.0,-6393.456052248144,-2.0,0.06417172702117929,0.0,0.0,0.0,0.0,-0.06324068840227914,2025-04-12,bryce mitchell,jean silva,0.0,0.4165641331477476,0.5834358668522523,285.0,-400.0,1.5208333333333337,2.72,0.0
340,0.0027368718826880525,-0.006461783265288901,1.8157516880162805,1.8,0,1.8,0.5519656759637284,0.5519656759637284,0,-125,True,-2446.272272475338,-1.0,0.20330021956476574,-2446.272272475338,0.0,0.7870317982886922,0.7870317982886922,0.3605526734832128,-0.3605526734832128,15677.433729089598,1.0,-6393.456052248144,-2.0,0.06417172702117929,0.0,0.0,0.0,0.0027368718826880525,0.00122957774068011,2025-04-12,yan xiaonan,virna jandiroba,0.0,0.4480343240362716,0.5519656759637284,140.0,-188.0,1.8,2.2,0.0
341,0.01066776656671816,-0.002857157580538894,1.6836317749430878,1.6666666666666663,0,1.6666666666666663,0.5982857054516768,0.5982857054516768,0,-150,True,-2446.272272475338,-1.0,0.20330021956476574,-2446.272272475338,0.0,0.7870317982886922,0.7870317982886922,0.3605526734832128,-0.3605526734832128,15677.433729089598,1.0,-6393.456052248144,-2.0,0.06417172702117929,0.0,0.0,0.0,0.01066776656671816,0.004331602848806182,2025-04-12,michael chandler,paddy pimblett,0.0,0.4017142945483232,0.5982857054516768,-135.0,114.0,1.6666666666666663,2.42,0.0
342,0.0,-0.08532019357580767,1.6974644059069028,1.6666666666666663,1,1.6666666666666663,0.5488078838545155,0.5488078838545155,1,-150,True,-2446.272272475338,-1.0,0.20330021956476574,-2446.272272475338,0.0,0.7870317982886922,0.7870317982886922,0.3605526734832128,-0.3605526734832128,15677.433729089598,1.0,-6393.456052248144,-2.0,0.06417172702117929,0.0,0.0,0.0,0.0,-0.04030608903361166,2025-04-12,alexander volkanovski,diego lopes,1.0,0.5488078838545155,0.4511921161454845,-130.0,110.0,2.3600000000000003,1.6666666666666663,0.0
343,0.0,-0.23931824436455032,1.2115364026732456,1.2,0,1.2,0.6339014630295414,0.6339014630295414,0,-500,True,-2446.272272475338,-1.0,0.20330021956476574,-2446.272272475338,0.0,0.7870317982886922,0.7870317982886922,0.3605526734832128,-0.3605526734832128,15677.433729089598,1.0,-6393.456052248144,-2.0,0.06417172702117929,0.0,0.0,0.0,0.0,-0.19149676503319601,2025-04-12,tresean gore,marco tulio,0.0,0.3660985369704585,0.6339014630295414,225.0,-333.0,1.2,5.25,0.0
344,0.22391346269356824,0.15320766837881783,1.671551564478228,1.6756756756756757,1,1.6756756756756757,0.6882045762905848,0.6882045762905848,1,-148,True,-2446.272272475338,-1.0,0.20330021956476574,-2446.272272475338,0.0,0.7870317982886922,0.7870317982886922,0.3605526734832128,-0.3605526734832128,15677.433729089598,1.0,-6393.456052248144,-2.0,0.06417172702117929,-4320.322582375751,-1.0,0.17621625916135852,0.22391346269356824,0.08995800032441159,2025-04-12,nikita krylov,dominick reyes,0.0,0.6882045762905848,0.3117954237094151,-188.0,140.0,2.5,1.6756756756756757,-0.17621625916135852
345,0.0,-0.040688423457597794,1.2597212651694265,1.25,1,1.25,0.7674492612339218,0.7674492612339218,1,-400,True,927.4705376875772,1.4760508308895401,0.09848647168667846,927.4705376875772,0.0,0.600724131247331,0.600724131247331,0.22974281397745985,0.15623784867902824,18126.842247730594,1.0,1521.9379809534166,1.4857822651717432,0.036236510227234474,0.0,0.0,0.0,0.0,-0.026377141200830123,2025-04-26,ikram aliskerov,andre muniz,1.0,0.7674492612339218,0.2325507387660782,-649.0,400.0,4.6,1.25,0.0
346,0.008759631477518976,-0.001591328010219939,1.8157516880162805,1.8,1,1.8,0.5546714844387667,0.5546714844387667,1,-125,True,927.4705376875772,1.4760508308895401,0.09848647168667846,927.4705376875772,0.0,0.600724131247331,0.600724131247331,0.22974281397745985,0.15623784867902824,18126.842247730594,1.0,1521.9379809534166,1.4857822651717432,0.036236510227234474,0.0,0.0,0.0,0.008759631477518976,0.003935386215718428,2025-04-26,michel pereira,abus magomedov,0.0,0.5546714844387667,0.4453285155612333,-175.0,130.0,2.2,1.8,-0.0
347,0.0763461032304013,0.02574016906659171,1.5262315467021603,1.5050505050505052,0,1.5050505050505052,0.6815320586415609,0.6815320586415609,0,-198,True,927.4705376875772,1.4760508308895401,0.09848647168667846,927.4705376875772,0.0,0.600724131247331,0.600724131247331,0.22974281397745985,0.15623784867902824,18126.842247730594,1.0,1521.9379809534166,1.4857822651717432,0.036236510227234474,363.11586862037774,0.5050505050505052,0.04586014728509388,0.0763461032304013,0.026323481567673945,2025-04-26,giga chikadze,david onama,0.0,0.3184679413584391,0.6815320586415609,130.0,-175.0,1.5050505050505052,2.8,0.04586014728509388
348,0.0,-0.014783818891281539,1.1360280149567925,1.125,1,1.125,0.8757477165410831,0.8757477165410831,1,-800,True,927.4705376875772,1.4760508308895401,0.09848647168667846,927.4705376875772,0.0,0.600724131247331,0.600724131247331,0.22974281397745985,0.15623784867902824,18126.842247730594,1.0,1521.9379809534166,1.4857822651717432,0.036236510227234474,0.0,0.0,0.0,0.0,-0.004512265461239173,2025-04-26,jaqueline amorim,polyana viana,1.0,0.8757477165410831,0.1242522834589169,-350.0,240.0,7.1,1.125,0.0
349,0.022196636741989368,-0.001921059044362572,1.65582425060686,1.6289308176100628,1,1.6289308176100628,0.6127202764940014,0.6127202764940014,1,-159,True,927.4705376875772,1.4760508308895401,0.09848647168667846,927.4705376875772,0.0,0.600724131247331,0.600724131247331,0.22974281397745985,0.15623784867902824,18126.842247730594,1.0,1521.9379809534166,1.4857822651717432,0.036236510227234474,0.0,0.0,0.0,0.022196636741989368,0.008791447916028927,2025-04-26,ian machado garry,carlos prates,1.0,0.6127202764940014,0.3872797235059986,-138.0,110.0,2.45,1.6289308176100628,0.0
350,0.1014133842682086,0.021810314196063108,1.353985035189772,1.3355704697986577,1,1.3355704697986577,0.7650740543478061,0.7650740543478061,1,-298,True,927.4705376875772,1.4760508308895401,0.09848647168667846,927.4705376875772,0.0,0.600724131247331,0.600724131247331,0.22974281397745985,0.15623784867902824,18126.842247730594,1.0,1521.9379809534166,1.4857822651717432,0.036236510227234474,320.48119795158897,0.3355704697986577,0.060917748810104186,0.1014133842682086,0.026513454333610298,2025-04-26,randy brown,nicolas dalby,1.0,0.7650740543478061,0.2349259456521939,-200.0,150.0,3.6,1.3355704697986577,0.060917748810104186
351,0.013597720269882239,-0.009543459260141218,1.3839637540516236,1.3636363636363638,0,1.3636363636363638,0.726334796542563,0.726334796542563,0,-275,True,927.4705376875772,1.4760508308895401,0.09848647168667846,927.4705376875772,0.0,0.600724131247331,0.600724131247331,0.22974281397745985,0.15623784867902824,18126.842247730594,1.0,1521.9379809534166,1.4857822651717432,0.036236510227234474,0.0,0.0,0.0,0.013597720269882239,0.0037725205635501524,2025-04-26,chelsea chandler,joselyne edwards,0.0,0.2736652034574369,0.726334796542563,150.0,-188.0,1.3636363636363638,3.4,0.0
352,0.025225824749704834,-0.0021907160403720205,1.208974380900362,1.2,1,1.2,0.8315077366330234,0.8315077366330234,1,-500,True,927.4705376875772,1.4760508308895401,0.09848647168667846,927.4705376875772,0.0,0.600724131247331,0.600724131247331,0.22974281397745985,0.15623784867902824,18126.842247730594,1.0,1521.9379809534166,1.4857822651717432,0.036236510227234474,0.0,0.0,0.0,0.025225824749704834,0.004360349725396784,2025-04-26,damon blackshear,alatengheili,1.0,0.8315077366330234,0.1684922633669766,200.0,-275.0,5.4,1.2,0.0
353,0.1379840273390216,0.07092078950781938,1.6804484228252037,1.6451612903225803,1,1.6451612903225803,0.6509518524459296,0.6509518524459296,1,-155,True,927.4705376875772,1.4760508308895401,0.09848647168667846,927.4705376875772,0.0,0.600724131247331,0.600724131247331,0.22974281397745985,0.15623784867902824,18126.842247730594,1.0,1521.9379809534166,1.4857822651717432,0.036236510227234474,838.3409143814499,0.6451612903225803,0.08288527572469649,0.1379840273390216,0.05587259478041917,2025-04-26,matt schnell,jimmy flick,1.0,0.6509518524459296,0.3490481475540704,-275.0,200.0,2.38,1.6451612903225803,0.08288527572469649
354,0.0,-0.039299119585929465,1.733826696596806,1.704225352112676,1,1.704225352112676,0.5637170455322232,0.5637170455322232,1,-142,True,927.4705376875772,1.4760508308895401,0.09848647168667846,927.4705376875772,0.0,0.600724131247331,0.600724131247331,0.22974281397745985,0.15623784867902824,18126.842247730594,1.0,1521.9379809534166,1.4857822651717432,0.036236510227234474,0.0,0.0,0.0,0.0,-0.013041866972020921,2025-04-26,chris gutierrez,john castaneda,1.0,0.5637170455322232,0.4362829544677767,-110.0,-110.0,2.3,1.704225352112676,0.0
355,0.0,-0.022877518405099745,1.189215177230748,1.1821493624772312,0,1.1821493624772312,0.8265643180209558,0.8265643180209558,0,-549,True,3274.8750777529635,2.3944444444444444,0.31047615064455836,3274.8750777529635,0.0,0.7431414266151194,0.7431414266151194,0.6800445858856456,0.5176795411035837,27510.73762419282,0.8333333333333334,6109.020298709264,2.282718489240229,0.05269958127917084,0.0,0.0,0.0,0.0,-0.014326396415298204,2025-05-03,jeremy stephens,mason jones,0.0,0.1734356819790442,0.8265643180209558,340.0,-440.0,1.1821493624772312,5.9,0.0
356,0.0,-0.009904073796612956,1.4573932808325076,1.4444444444444444,0,1.4444444444444444,0.6854510258331141,0.6854510258331141,0,-225,True,3274.8750777529635,2.3944444444444444,0.31047615064455836,3274.8750777529635,0.0,0.7431414266151194,0.7431414266151194,0.6800445858856456,0.5176795411035837,27510.73762419282,0.8333333333333334,6109.020298709264,2.282718489240229,0.05269958127917084,0.0,0.0,0.0,0.0,-0.0007055615149278438,2025-05-03,juliana miller,ivana petrovic,1.0,0.3145489741668858,0.6854510258331141,250.0,-310.0,1.4444444444444444,3.1,-0.0
357,0.1030679434689024,0.033974912687874614,1.368985027728446,1.3636363636363638,1,1.3636363636363638,0.7582482693044413,0.7582482693044413,1,-275,True,3274.8750777529635,2.3944444444444444,0.31047615064455836,3274.8750777529635,0.0,0.7431414266151194,0.7431414266151194,0.6800445858856456,0.5176795411035837,27510.73762419282,0.8333333333333334,6109.020298709264,2.282718489240229,0.05269958127917084,504.8449726124263,0.36363636363636376,0.07658938361743532,0.1030679434689024,0.027780090511209554,2025-05-03,thomas petersen,dontale mayes,1.0,0.7582482693044413,0.2417517306955586,-350.0,240.0,3.65,1.3636363636363638,0.07658938361743532
358,0.15046802145576343,0.0473650243978434,1.421454341731451,1.4,0,1.4,0.7481178745698882,0.7481178745698882,0,-250,True,3274.8750777529635,2.3944444444444444,0.31047615064455836,3274.8750777529635,0.0,0.7431414266151194,0.7431414266151194,0.6800445858856456,0.5176795411035837,27510.73762419282,0.8333333333333334,6109.020298709264,2.282718489240229,0.05269958127917084,810.7208097460525,0.3999999999999999,0.11181219523322541,0.15046802145576343,0.04461304107526054,2025-05-03,marina rodriguez,gillian robertson,0.0,0.2518821254301117,0.7481178745698882,200.0,-275.0,1.4,3.2,0.11181219523322541
359,0.0,-0.07102409456275122,1.832715290227085,1.7936507936507935,1,1.7936507936507935,0.5179246198455458,0.5179246198455458,1,-126,True,3274.8750777529635,2.3944444444444444,0.31047615064455836,3274.8750777529635,0.0,0.7431414266151194,0.7431414266151194,0.6800445858856456,0.5176795411035837,27510.73762419282,0.8333333333333334,6109.020298709264,2.282718489240229,0.05269958127917084,0.0,0.0,0.0,0.0,-0.027713868212298487,2025-05-03,gaston bolanos,quang le,0.0,0.5179246198455458,0.4820753801544541,-218.0,180.0,2.14,1.7936507936507935,-0.0
360,0.17157151455364472,0.2047329145289567,2.428833610529,2.35,1,2.35,0.5126523040548752,0.5126523040548752,1,135,True,3274.8750777529635,2.3944444444444444,0.31047615064455836,3274.8750777529635,0.0,0.7431414266151194,0.7431414266151194,0.6800445858856456,0.5176795411035837,27510.73762419282,0.8333333333333334,6109.020298709264,2.282718489240229,0.05269958127917084,3119.9387819157687,1.35,0.12749411799351798,0.17157151455364472,0.10093204637028225,2025-05-03,yana santos,miesha tate,1.0,0.5126523040548752,0.4873476959451248,-110.0,-120.0,1.6666666666666663,2.35,0.12749411799351798
361,0.05655885319278664,0.029885132125474556,1.745169524793803,1.7246376811594204,1,1.7246376811594204,0.5971602866946029,0.5971602866946029,1,-138,True,3274.8750777529635,2.3944444444444444,0.31047615064455836,3274.8750777529635,0.0,0.7431414266151194,0.7431414266151194,0.6800445858856456,0.5176795411035837,27510.73762419282,0.8333333333333334,6109.020298709264,2.282718489240229,0.05269958127917084,-761.8469162938501,-1.0,0.042028661466904434,0.05655885319278664,0.02415005141780191,2025-05-03,santiago ponzinibbio,daniel rodriguez,0.0,0.5971602866946029,0.4028397133053971,-105.0,-125.0,2.3,1.7246376811594204,-0.042028661466904434
362,0.0,-0.17930747548364295,1.2979815342233023,1.3003003003003002,0,1.3003003003003002,0.6311561447204317,0.6311561447204317,0,-333,True,3274.8750777529635,2.3944444444444444,0.31047615064455836,3274.8750777529635,0.0,0.7431414266151194,0.7431414266151194,0.6800445858856456,0.5176795411035837,27510.73762419282,0.8333333333333334,6109.020298709264,2.282718489240229,0.05269958127917084,0.0,0.0,0.0,0.0,-0.13927084028162295,2025-05-03,reinier de ridder,bo nickal,1.0,0.3688438552795683,0.6311561447204317,170.0,-205.0,1.3003003003003002,4.4,-0.0
363,0.0,-0.038457506897087906,1.2220449189386224,1.2083333333333333,1,1.2083333333333333,0.7957593046368928,0.7957593046368928,1,-480,True,3274.8750777529635,2.3944444444444444,0.31047615064455836,3274.8750777529635,0.0,0.7431414266151194,0.7431414266151194,0.6800445858856456,0.5176795411035837,27510.73762419282,0.8333333333333334,6109.020298709264,2.282718489240229,0.05269958127917084,0.0,0.0,0.0,0.0,-0.022541221393300725,2025-05-03,cory sandhagen,deiveson figueiredo,1.0,0.7957593046368928,0.2042406953631071,-400.0,300.0,5.0,1.2083333333333333,0.0
364,0.21321827484797787,0.08777317763991421,1.4573932808325076,1.4444444444444444,1,1.4444444444444444,0.7530737383660945,0.7530737383660945,1,-225,True,3274.8750777529635,2.3944444444444444,0.31047615064455836,3274.8750777529635,0.0,0.7431414266151194,0.7431414266151194,0.6800445858856456,0.5176795411035837,27510.73762419282,0.8333333333333334,6109.020298709264,2.282718489240229,0.05269958127917084,1276.4653376917686,0.4444444444444444,0.15844166184907624,0.21321827484797787,0.06691715101805251,2025-05-03,montel jackson,daniel marcos,1.0,0.7530737383660945,0.2469262616339055,-205.0,170.0,3.1,1.4444444444444444,0.15844166184907624
365,0.11872903098586814,0.06147055675854052,1.7740895096344709,1.7246376811594204,0,1.7246376811594204,0.6154745245070529,0.6154745245070529,0,-138,True,3274.8750777529635,2.3944444444444444,0.31047615064455836,3274.8750777529635,0.0,0.7431414266151194,0.7431414266151194,0.6800445858856456,0.5176795411035837,27510.73762419282,0.8333333333333334,6109.020298709264,2.282718489240229,0.05269958127917084,1158.8973130370987,0.7246376811594204,0.08822707618539677,0.11872903098586814,0.05180510728241827,2025-05-03,cameron smotherman,serhiy sidey,0.0,0.3845254754929471,0.6154745245070529,-138.0,105.0,1.7246376811594204,2.2,0.08822707618539677
366,0.0,-0.039237014330668424,1.103087192953612,1.1,1,1.1,0.8734208960630286,0.8734208960630286,1,-1000,True,4785.6198048675515,2.3000000000000003,0.29305518979314904,4785.6198048675515,0.0,0.7283290483420094,0.7283290483420094,0.679526028110765,0.47360090210132433,40539.84778048338,0.8333333333333334,8243.490351423012,2.4562919114256125,0.05800020191749545,0.0,0.0,0.0,0.0,-0.03312575445370247,2025-05-10,benoit st denis,kyle prepolec,1.0,0.8734208960630286,0.1265791039369713,-1205.0,650.0,10.0,1.1,0.0
367,0.23233824258603966,0.10447496998287831,1.5232036754268057,1.5,1,1.5,0.7363166466552522,0.7363166466552522,1,-200,True,4785.6198048675515,2.3000000000000003,0.29305518979314904,4785.6198048675515,0.0,0.7283290483420094,0.7283290483420094,0.679526028110765,0.47360090210132433,40539.84778048338,0.8333333333333334,8243.490351423012,2.4562919114256125,0.05800020191749545,2327.5234367749304,0.5,0.1692083628268925,0.23233824258603966,0.07980562575071204,2025-05-10,mike malott,charles radtke,1.0,0.7363166466552522,0.2636833533447478,-200.0,150.0,2.8,1.5,0.1692083628268925
368,0.0,-0.03786103307946048,1.555821123733392,1.5319148936170213,1,1.5319148936170213,0.6280629367397966,0.6280629367397966,1,-188,True,4785.6198048675515,2.3000000000000003,0.29305518979314904,4785.6198048675515,0.0,0.7283290483420094,0.7283290483420094,0.679526028110765,0.47360090210132433,40539.84778048338,0.8333333333333334,8243.490351423012,2.4562919114256125,0.05800020191749545,0.0,0.0,0.0,0.0,-0.014684474736640918,2025-05-10,belal muhammad,jack della maddalena,0.0,0.6280629367397966,0.3719370632602033,-230.0,176.0,2.7,1.5319148936170213,-0.0
369,0.08000837689471356,0.021299159857494088,1.456129488798584,1.434782608695652,0,1.434782608695652,0.7118145659612838,0.7118145659612838,0,-230,True,4785.6198048675515,2.3000000000000003,0.29305518979314904,4785.6198048675515,0.0,0.7283290483420094,0.7283290483420094,0.679526028110765,0.47360090210132433,40539.84778048338,0.8333333333333334,8243.490351423012,2.4562919114256125,0.05800020191749545,696.9650210719456,0.4347826086956521,0.05826886833655041,0.08000837689471356,0.025062455182265797,2025-05-10,alexa grasso,natalia silva,0.0,0.2881854340387162,0.7118145659612838,150.0,-186.0,1.434782608695652,3.05,0.05826886833655041
370,0.027298750107617568,-0.0030675216980090014,1.5852718164581514,1.5555555555555556,1,1.5555555555555556,0.6408851646227085,0.6408851646227085,1,-180,True,4785.6198048675515,2.3000000000000003,0.29305518979314904,4785.6198048675515,0.0,0.7283290483420094,0.7283290483420094,0.679526028110765,0.47360090210132433,40539.84778048338,0.8333333333333334,8243.490351423012,2.4562919114256125,0.05800020191749545,0.0,0.0,0.0,0.027298750107617568,0.01007851706984808,2025-05-10,jose aldo,aiemann zahabi,0.0,0.6408851646227085,0.3591148353772915,-188.0,140.0,2.6,1.5555555555555556,-0.0
371,0.1567844972387292,0.17074195879078558,2.2463526504255493,2.2,1,2.2,0.5321554358139934,0.5321554358139934,1,120,True,4785.6198048675515,2.3000000000000003,0.29305518979314904,4785.6198048675515,0.0,0.7283290483420094,0.7283290483420094,0.679526028110765,0.47360090210132433,40539.84778048338,0.8333333333333334,8243.490351423012,2.4562919114256125,0.05800020191749545,3769.5344971301934,1.2000000000000002,0.11418373402122332,0.1567844972387292,0.08698935745556652,2025-05-10,valentina shevchenko,manon fiorot,1.0,0.5321554358139934,0.4678445641860066,-107.0,-117.0,1.7751937984496124,2.2,0.11418373402122332
372,0.11750628031573992,0.055509398760173856,1.6490988769273702,1.617283950617284,1,1.617283950617284,0.652643216027283,0.652643216027283,1,-162,True,4785.6198048675515,2.3000000000000003,0.29305518979314904,4785.6198048675515,0.0,0.7283290483420094,0.7283290483420094,0.679526028110765,0.47360090210132433,40539.84778048338,0.8333333333333334,8243.490351423012,2.4562919114256125,0.05800020191749545,1453.2804210704546,0.617283950617284,0.08557801373031025,0.11750628031573992,0.046251438074454976,2025-05-10,marc andre barriault,bruno silva,1.0,0.652643216027283,0.3473567839727169,-150.0,110.0,2.45,1.617283950617284,0.08557801373031025
373,0.0,-0.039468790602420756,1.7990743162043694,1.7692307692307692,0,1.7692307692307692,0.54290894444211,0.54290894444211,0,-130,True,4785.6198048675515,2.3000000000000003,0.29305518979314904,4785.6198048675515,0.0,0.7283290483420094,0.7283290483420094,0.679526028110765,0.47360090210132433,40539.84778048338,0.8333333333333334,8243.490351423012,2.4562919114256125,0.05800020191749545,0.0,0.0,0.0,0.0,-0.012932462993336391,2025-05-10,daniel santos,jeongyeong lee,1.0,0.45709105555789,0.54290894444211,-143.0,116.0,1.7692307692307692,2.2,-0.0
374,0.14221845201525044,0.08550907296414295,1.733826696596806,1.704225352112676,0,1.704225352112676,0.6369516047971417,0.6369516047971417,0,-142,True,4785.6198048675515,2.3000000000000003,0.29305518979314904,4785.6198048675515,0.0,0.7283290483420094,0.7283290483420094,0.679526028110765,0.47360090210132433,40539.84778048338,0.8333333333333334,8243.490351423012,2.4562919114256125,0.05800020191749545,2006.6469127259331,0.704225352112676,0.10357550767977379,0.14221845201525044,0.06019269229289759,2025-05-10,brad katona,bekzat almakhan,0.0,0.3630483952028582,0.6369516047971417,140.0,-188.0,1.704225352112676,2.3,0.10357550767977379
375,0.0,-0.09122572087928221,1.34000607795107,1.3333333333333333,1,1.3333333333333333,0.6815807093405384,0.6815807093405384,1,-300,True,4785.6198048675515,2.3000000000000003,0.29305518979314904,4785.6198048675515,0.0,0.7283290483420094,0.7283290483420094,0.679526028110765,0.47360090210132433,40539.84778048338,0.8333333333333334,8243.490351423012,2.4562919114256125,0.05800020191749545,0.0,0.0,0.0,0.0,-0.06468456247751575,2025-05-10,navajo stirling,ivan erslan,1.0,0.6815807093405384,0.3184192906594616,-250.0,175.0,3.85,1.3333333333333333,0.0
376,0.0,-0.017007476640875263,1.3776719276921858,1.3636363636363638,0,1.3636363636363638,0.7208611837966914,0.7208611837966914,0,-275,True,4785.6198048675515,2.3000000000000003,0.29305518979314904,4785.6198048675515,0.0,0.7283290483420094,0.7283290483420094,0.679526028110765,0.47360090210132433,40539.84778048338,0.8333333333333334,8243.490351423012,2.4562919114256125,0.05800020191749545,0.0,0.0,0.0,0.0,-0.005001033396886068,2025-05-10,jessica andrade,jasmine jasudavicius,0.0,0.2791388162033086,0.7208611837966914,200.0,-275.0,1.3636363636363638,3.5,0.0
377,0.10034415148164436,0.058414832831298225,1.9813431701256656,1.9090909090909087,0,1.9090909090909087,0.5544077695782992,0.5544077695782992,0,-110,True,4785.6198048675515,2.3000000000000003,0.29305518979314904,4785.6198048675515,0.0,0.7283290483420094,0.7283290483420094,0.679526028110765,0.47360090210132433,40539.84778048338,0.8333333333333334,8243.490351423012,2.4562919114256125,0.05800020191749545,-2010.4599373504468,-1.0,0.07307909968878687,0.10034415148164436,0.04969964274907579,2025-05-10,modestas bukauskas,ion cutelaba,1.0,0.4455922304217009,0.5544077695782992,-110.0,-120.0,1.9090909090909087,1.9433962264150944,-0.07307909968878687
378,0.006344939266540586,-0.019458983066032887,1.6642328697074138,1.625,0,1.625,0.603409856574749,0.603409856574749,0,-160,True,3460.3523052040623,0.8944394885518883,0.10339386787834881,3460.3523052040623,0.0,0.8256004662763241,0.8256004662763241,0.2843218140658868,0.1920750670321875,48326.54176039441,1.0,4326.34167470696,0.5649717514124295,0.08590141556492026,0.0,0.0,0.0,0.006344939266540586,0.002532408350926496,2025-05-17,julian erosa,melquizael costa,0.0,0.396590143425251,0.603409856574749,170.0,-205.0,1.625,2.4,0.0
379,0.006640524295018916,-0.007617873320783369,1.2216138650318682,1.2105263157894737,0,1.2105263157894737,0.8197939307350051,0.8197939307350051,0,-475,True,3460.3523052040623,0.8944394885518883,0.10339386787834881,3460.3523052040623,0.0,0.8256004662763241,0.8256004662763241,0.2843218140658868,0.1920750670321875,48326.54176039441,1.0,4326.34167470696,0.5649717514124295,0.08590141556492026,0.0,0.0,0.0,0.006640524295018916,0.0012046623708047433,2025-05-17,gilbert burns,michael morales,0.0,0.1802060692649949,0.8197939307350051,300.0,-430.0,1.2105263157894737,5.1,0.0
380,0.0,-0.047332176512349444,1.7175943509250964,1.6756756756756757,0,1.6756756756756757,0.5685275720813399,0.5685275720813399,0,-148,True,3460.3523052040623,0.8944394885518883,0.10339386787834881,3460.3523052040623,0.0,0.8256004662763241,0.8256004662763241,0.2843218140658868,0.1920750670321875,48326.54176039441,1.0,4326.34167470696,0.5649717514124295,0.08590141556492026,0.0,0.0,0.0,0.0,-0.013682074487071372,2025-05-17,sodiq yusuff,mairon santos,0.0,0.4314724279186601,0.5685275720813399,114.0,-135.0,1.6756756756756757,2.3,0.0
381,0.0,-0.1139609887532575,1.4359793125402875,1.4166666666666667,0,1.4166666666666667,0.6254393020565241,0.6254393020565241,0,-240,True,3460.3523052040623,0.8944394885518883,0.10339386787834881,3460.3523052040623,0.0,0.8256004662763241,0.8256004662763241,0.2843218140658868,0.1920750670321875,48326.54176039441,1.0,4326.34167470696,0.5649717514124295,0.08590141556492026,0.0,0.0,0.0,0.0,-0.07094956042017275,2025-05-17,dustin stoltzfus,nursulton ruziboev,0.0,0.3745606979434758,0.6254393020565241,225.0,-278.0,1.4166666666666667,3.15,0.0
382,0.0,-0.029171765205870115,1.3677359505248123,1.3571428571428572,1,1.3571428571428572,0.715347120374622,0.715347120374622,1,-280,True,3460.3523052040623,0.8944394885518883,0.10339386787834881,3460.3523052040623,0.0,0.8256004662763241,0.8256004662763241,0.2843218140658868,0.1920750670321875,48326.54176039441,1.0,4326.34167470696,0.5649717514124295,0.08590141556492026,0.0,0.0,0.0,0.0,-0.01578815439554926,2025-05-17,tecia pennington,luana pinheiro,1.0,0.715347120374622,0.284652879625378,-395.0,310.0,3.6,1.3571428571428572,0.0
383,0.22880659924256316,0.11186390626623655,1.6011077649827707,1.5649717514124295,1,1.5649717514124295,0.7104689942567648,0.7104689942567648,1,-177,True,3460.3523052040623,0.8944394885518883,0.10339386787834881,3460.3523052040623,0.0,0.8256004662763241,0.8256004662763241,0.2843218140658868,0.1920750670321875,48326.54176039441,1.0,4326.34167470696,0.5649717514124295,0.08590141556492026,4326.34167470696,0.5649717514124295,0.18889130530770856,0.22880659924256316,0.08590141556492026,2025-05-17,luana santos,tainara lisboa,1.0,0.7104689942567648,0.2895310057432352,-105.0,-115.0,2.54,1.5649717514124295,0.18889130530770856
384,0.004294237548668416,-0.015543635415998291,1.8692312388290209,1.8333333333333333,1,1.8333333333333333,0.5369761988640009,0.5369761988640009,1,-120,True,3460.3523052040623,0.8944394885518883,0.10339386787834881,3460.3523052040623,0.0,0.8256004662763241,0.8256004662763241,0.2843218140658868,0.1920750670321875,48326.54176039441,1.0,4326.34167470696,0.5649717514124295,0.08590141556492026,0.0,0.0,0.0,0.004294237548668416,0.0019969093960753304,2025-05-17,jared gordon,thiago moises,1.0,0.5369761988640009,0.463023801135999,102.0,-122.0,2.1,1.8333333333333333,0.0
385,0.0,-0.03003953488672967,1.1982333277671204,1.1869158878504673,0,1.1869158878504673,0.8172107855678734,0.8172107855678734,0,-535,True,3460.3523052040623,0.8944394885518883,0.10339386787834881,3460.3523052040623,0.0,0.8256004662763241,0.8256004662763241,0.2843218140658868,0.1920750670321875,48326.54176039441,1.0,4326.34167470696,0.5649717514124295,0.08590141556492026,0.0,0.0,0.0,0.0,-0.0173512123557501,2025-05-17,elise reed,denise gomes,0.0,0.1827892144321265,0.8172107855678734,350.0,-455.0,1.1869158878504673,5.5,0.0
386,0.07004809385472256,0.02416784337186001,1.573683345412613,1.5494505494505495,1,1.5494505494505495,0.660987757069782,0.660987757069782,1,-182,True,-1211.9125255320353,-1.0,0.11035178008087287,-1211.9125255320353,0.0,0.53740814000501,0.53740814000501,0.15722422110035314,-0.041351482724434674,46328.167603657785,0.6666666666666666,-786.4616312045848,0.19880119880119862,0.03678736548476902,999.512855481206,0.5494505494505495,0.03764211819656074,0.07004809385472256,0.025535902721152248,2025-05-31,dustin jacoby,bruno lopes,1.0,0.660987757069782,0.339012242930218,-137.0,112.0,2.65,1.5494505494505495,0.03764211819656074
387,0.11093388916823115,0.08219051683099443,2.11908615601372,2.04,1,2.04,0.5304855474661737,0.5304855474661737,1,104,True,-1211.9125255320353,-1.0,0.11035178008087287,-1211.9125255320353,0.0,0.53740814000501,0.53740814000501,0.15722422110035314,-0.041351482724434674,46328.167603657785,0.6666666666666666,-786.4616312045848,0.19880119880119862,0.03678736548476902,-2880.896721944877,-1.0,0.05961313632224125,0.11093388916823115,0.05858401710030525,2025-05-31,jafel filho,allan nascimento,0.0,0.5304855474661737,0.4695144525338263,-110.0,-120.0,1.8333333333333333,2.04,-0.05961313632224125
388,0.0,-0.013147379522839092,1.2652783923191082,1.25,1,1.25,0.7894820963817287,0.7894820963817287,1,-400,True,-1211.9125255320353,-1.0,0.11035178008087287,-1211.9125255320353,0.0,0.53740814000501,0.53740814000501,0.15722422110035314,-0.041351482724434674,46328.167603657785,0.6666666666666666,-786.4616312045848,0.19880119880119862,0.03678736548476902,0.0,0.0,0.0,0.0,-0.0008578051533921771,2025-05-31,billy ray goff,ramiz brahimaj,0.0,0.7894820963817287,0.2105179036182712,-340.0,270.0,4.4,1.25,-0.0
389,0.0,-0.04727223958294052,1.739443805339353,1.7142857142857144,0,1.7142857142857144,0.5557578602432847,0.5557578602432847,0,-140,True,-1211.9125255320353,-1.0,0.11035178008087287,-1211.9125255320353,0.0,0.53740814000501,0.53740814000501,0.15722422110035314,-0.041351482724434674,46328.167603657785,0.6666666666666666,-786.4616312045848,0.19880119880119862,0.03678736548476902,0.0,0.0,0.0,0.0,-0.019138550281979305,2025-05-31,ketlen vieira,macy chiasson,1.0,0.4442421397567153,0.5557578602432847,-124.0,100.0,1.7142857142857144,2.3,-0.0
390,0.06492927382366497,0.02602246352365356,1.6783185748834013,1.6493506493506491,1,1.6493506493506491,0.6220766117426877,0.6220766117426877,1,-154,True,-1211.9125255320353,-1.0,0.11035178008087287,-1211.9125255320353,0.0,0.53740814000501,0.53740814000501,0.15722422110035314,-0.041351482724434674,46328.167603657785,0.6666666666666666,-786.4616312045848,0.19880119880119862,0.03678736548476902,1094.9222352590862,0.6493506493506491,0.034891390545989526,0.06492927382366497,0.026242176632849556,2025-05-31,mateusz gamrot,ludovit klein,1.0,0.6220766117426877,0.3779233882573123,-148.0,118.0,2.4,1.6493506493506491,0.034891390545989526
391,0.00474339259893348,-0.00941340128421031,1.451519263445204,1.434782608695652,0,1.434782608695652,0.6904088415291868,0.6904088415291868,0,-230,True,-1211.9125255320353,-1.0,0.11035178008087287,-1211.9125255320353,0.0,0.53740814000501,0.53740814000501,0.15722422110035314,-0.041351482724434674,46328.167603657785,0.6666666666666666,-786.4616312045848,0.19880119880119862,0.03678736548476902,0.0,0.0,0.0,0.00474339259893348,0.00147551133935242,2025-05-31,kurt holobaugh,jordan leavitt,0.0,0.3095911584708132,0.6904088415291868,132.0,-165.0,1.434782608695652,3.1,0.0
392,0.0,-0.04939439816839841,1.2645602354916623,1.2531645569620251,1,1.2531645569620251,0.7585640661080458,0.7585640661080458,1,-395,True,-5014.336512348724,-1.0,0.2455322038449559,-5014.336512348724,0.0,0.7847571381487343,0.7847571381487343,0.5683627224129685,-0.038350311710289936,44551.46793509095,1.0,3237.636843781892,0.0,0.06505659575813383,0.0,0.0,0.0,0.0,-0.03222467762561976,2025-06-07,quillan salkilld,yanal ashmouz,1.0,0.7585640661080458,0.2414359338919541,-305.0,230.0,4.5,1.2531645569620251,0.0
393,0.003930759078106168,-0.00880949744322293,1.1650960612789276,1.1540832049306626,0,1.1540832049306626,0.8588553219750978,0.8588553219750978,0,-649,True,-5014.336512348724,-1.0,0.2455322038449559,-5014.336512348724,0.0,0.7847571381487343,0.7847571381487343,0.5683627224129685,-0.038350311710289936,44551.46793509095,1.0,3237.636843781892,0.0,0.06505659575813383,0.0,0.0,0.0,0.003930759078106168,0.0005569951381685367,2025-06-07,bruno silva,joshua van,0.0,0.1411446780249021,0.8588553219750978,240.0,-350.0,1.1540832049306626,6.25,0.0
394,0.0,-0.1190668525392437,1.205771911166538,1.2,0,1.2,0.7341109562172969,0.7341109562172969,0,-500,True,-5014.336512348724,-1.0,0.2455322038449559,-5014.336512348724,0.0,0.7847571381487343,0.7847571381487343,0.5683627224129685,-0.038350311710289936,44551.46793509095,1.0,3237.636843781892,0.0,0.06505659575813383,0.0,0.0,0.0,0.0,-0.09523329267347258,2025-06-07,ariane da silva,wang cong,0.0,0.265889043782703,0.7341109562172969,280.0,-360.0,1.2,5.6,0.0
395,0.12442789163919389,0.06379935429565808,1.6369351952552995,1.6134969325153374,1,1.6134969325153374,0.6593129077954079,0.6593129077954079,1,-163,True,-5014.336512348724,-1.0,0.2455322038449559,-5014.336512348724,0.0,0.7847571381487343,0.7847571381487343,0.5683627224129685,-0.038350311710289936,44551.46793509095,1.0,3237.636843781892,0.0,0.06505659575813383,-4523.469142889168,-1.0,0.09763971632955375,0.12442789163919389,0.048415174703391295,2025-06-07,serghei spivac,waldo cortes acosta,0.0,0.6593129077954079,0.3406870922045921,-142.0,120.0,2.5,1.6134969325153374,-0.09763971632955375
396,0.388319863781711,0.1708337656113949,1.4485955633728826,1.4444444444444444,1,1.4444444444444444,0.8105772223463503,0.8105772223463503,1,-225,True,-5014.336512348724,-1.0,0.2455322038449559,-5014.336512348724,0.0,0.7847571381487343,0.7847571381487343,0.5683627224129685,-0.038350311710289936,44551.46793509095,1.0,3237.636843781892,0.0,0.06505659575813383,6274.23784971873,0.4444444444444444,0.30471818533035505,0.388319863781711,0.12025341818418733,2025-06-07,merab dvalishvili,sean omalley,1.0,0.8105772223463503,0.1894227776536496,-295.0,225.0,3.2,1.4444444444444444,0.30471818533035505
397,0.0,-0.03302494702481462,1.2837040818239602,1.2777777777777777,0,1.2777777777777777,0.7567630849371016,0.7567630849371016,0,-360,True,-5014.336512348724,-1.0,0.2455322038449559,-5014.336512348724,0.0,0.7847571381487343,0.7847571381487343,0.5683627224129685,-0.038350311710289936,44551.46793509095,1.0,3237.636843781892,0.0,0.06505659575813383,0.0,0.0,0.0,0.0,-0.022232646368155806,2025-06-07,kelvin gastelum,joe pyfer,0.0,0.2432369150628984,0.7567630849371016,295.0,-385.0,1.2777777777777777,4.4,0.0
398,0.0,-0.12733543384990353,1.185440630759936,1.1785714285714286,0,1.1785714285714286,0.7404426621879606,0.7404426621879606,0,-560,True,-5014.336512348724,-1.0,0.2455322038449559,-5014.336512348724,0.0,0.7847571381487343,0.7847571381487343,0.5683627224129685,-0.038350311710289936,44551.46793509095,1.0,3237.636843781892,0.0,0.06505659575813383,0.0,0.0,0.0,0.0,-0.10312552170239753,2025-06-07,julianna pena,kayla harrison,0.0,0.2595573378120394,0.7404426621879606,440.0,-590.0,1.1785714285714286,6.0,0.0
399,0.07361919598614881,0.03681589792580353,1.56244308942003,1.5555555555555556,0,1.5555555555555556,0.6665245058094451,0.6665245058094451,0,-180,True,-5014.336512348724,-1.0,0.2455322038449559,-5014.336512348724,0.0,0.7847571381487343,0.7847571381487343,0.5683627224129685,-0.038350311710289936,44551.46793509095,1.0,3237.636843781892,0.0,0.06505659575813383,1486.86813695233,0.5555555555555556,0.057769663359249386,0.07361919598614881,0.026501194386822857,2025-06-07,vicente luque,kevin holland,0.0,0.3334754941905548,0.6665245058094451,150.0,-200.0,1.5555555555555556,2.75,0.057769663359249386
400,0.06291510506422571,0.02255939205105867,1.5199991837986122,1.5050505050505052,0,1.5050505050505052,0.679418656463455,0.679418656463455,0,-198,True,4609.758191445164,1.1406173444390002,0.1367163685808459,4609.758191445164,0.0,0.7568714443179729,0.7568714443179729,0.6470458274978166,0.21046916404301352,53928.17814827866,1.0,4766.95202174255,0.36233556184244486,0.035979749704309685,-2121.351115056461,-1.0,0.04761574002785169,0.06291510506422571,0.021523566348398693,2025-06-14,kamaru usman,joaquin buckley,1.0,0.320581343536545,0.679418656463455,175.0,-225.0,1.5050505050505052,2.85,-0.04761574002785169
401,0.0,-0.11271548780991036,1.4349411123433191,1.4081632653061225,1,1.4081632653061225,0.630100595613252,0.630100595613252,1,-245,True,4609.758191445164,1.1406173444390002,0.1367163685808459,4609.758191445164,0.0,0.7568714443179729,0.7568714443179729,0.6470458274978166,0.21046916404301352,53928.17814827866,1.0,4766.95202174255,0.36233556184244486,0.035979749704309685,0.0,0.0,0.0,0.0,-0.06679211405826746,2025-06-14,rose namajunas,miranda maverick,1.0,0.630100595613252,0.3698994043867479,-200.0,150.0,3.1,1.4081632653061225,0.0
402,0.22785173744278928,0.026545240782273244,1.176843992717669,1.1612903225806452,1,1.1612903225806452,0.8839695128958464,0.8839695128958464,1,-620,True,4609.758191445164,1.1406173444390002,0.1367163685808459,4609.758191445164,0.0,0.7568714443179729,0.7568714443179729,0.6470458274978166,0.21046916404301352,53928.17814827866,1.0,4766.95202174255,0.36233556184244486,0.035979749704309685,1239.1340341990717,0.16129032258064524,0.17244394782294076,0.22785173744278928,0.034239212033525424,2025-06-14,jamey lyn horth,vanessa demopoulos,1.0,0.8839695128958464,0.1160304871041536,-395.0,310.0,5.7,1.1612903225806452,0.17244394782294076
403,0.0,-0.055560140712143935,1.417546787705921,1.4,0,1.4,0.6745998994913258,0.6745998994913258,0,-250,True,4609.758191445164,1.1406173444390002,0.1367163685808459,4609.758191445164,0.0,0.7568714443179729,0.7568714443179729,0.6470458274978166,0.21046916404301352,53928.17814827866,1.0,4766.95202174255,0.36233556184244486,0.035979749704309685,0.0,0.0,0.0,0.0,-0.030844187908670717,2025-06-14,cody garbrandt,raoni barcelos,0.0,0.3254001005086742,0.6745998994913258,130.0,-175.0,1.4,3.25,0.0
404,0.09788357245373568,0.046189441005114684,1.6667947441126083,1.6369426751592355,1,1.6369426751592355,0.6391118375011791,0.6391118375011791,1,-157,True,4609.758191445164,1.1406173444390002,0.1367163685808459,4609.758191445164,0.0,0.7568714443179729,0.7568714443179729,0.6470458274978166,0.21046916404301352,53928.17814827866,1.0,4766.95202174255,0.36233556184244486,0.035979749704309685,2102.1697843848783,0.6369426751592355,0.07408075905136886,0.09788357245373568,0.03915794183876253,2025-06-14,edmen shahbazyan,andre petroski,1.0,0.6391118375011791,0.3608881624988209,-200.0,150.0,2.42,1.6369426751592355,0.07408075905136886
405,0.0,-0.04918853566114739,1.1625565703652887,1.1540832049306626,0,1.1540832049306626,0.8238673435993529,0.8238673435993529,0,-649,True,4609.758191445164,1.1406173444390002,0.1367163685808459,4609.758191445164,0.0,0.7568714443179729,0.7568714443179729,0.6470458274978166,0.21046916404301352,53928.17814827866,1.0,4766.95202174255,0.36233556184244486,0.035979749704309685,0.0,0.0,0.0,0.0,-0.036305851831290537,2025-06-14,alonzo menifield,oumar sy,1.0,0.1761326564006471,0.8238673435993529,275.0,-400.0,1.1540832049306626,6.5,-0.0
406,0.3191654683941392,0.08653014839144091,1.3305071815096925,1.3076923076923077,1,1.3076923076923077,0.8308759958287489,0.8308759958287489,1,-325,True,4609.758191445164,1.1406173444390002,0.1367163685808459,4609.758191445164,0.0,0.7568714443179729,0.7568714443179729,0.6470458274978166,0.21046916404301352,53928.17814827866,1.0,4766.95202174255,0.36233556184244486,0.035979749704309685,3311.236242377767,0.3076923076923077,0.2415524849463251,0.3191654683941392,0.07928290869837695,2025-06-14,michael chiesa,court mcgee,1.0,0.8308759958287489,0.169124004171251,-275.0,200.0,3.7,1.3076923076923077,0.2415524849463251
407,0.0,-0.09520357174858038,1.0694110094838876,1.0606060606060606,1,1.0606060606060606,0.8530937752084814,0.8530937752084814,1,-1650,True,4609.758191445164,1.1406173444390002,0.1367163685808459,4609.758191445164,0.0,0.7568714443179729,0.7568714443179729,0.6470458274978166,0.21046916404301352,53928.17814827866,1.0,4766.95202174255,0.36233556184244486,0.035979749704309685,0.0,0.0,0.0,0.0,-0.08200039450893504,2025-06-14,malcolm wellmaker,kris moutinho,1.0,0.8530937752084814,0.1469062247915186,-1350.0,800.0,11.0,1.0606060606060606,0.0
408,0.02726985102420298,0.001173078924939286,1.263971749690097,1.2564102564102564,1,1.2564102564102564,0.7968520424096456,0.7968520424096456,1,-390,True,4609.758191445164,1.1406173444390002,0.1367163685808459,4609.758191445164,0.0,0.7568714443179729,0.7568714443179729,0.6470458274978166,0.21046916404301352,53928.17814827866,1.0,4766.95202174255,0.36233556184244486,0.035979749704309685,235.7630758372938,0.2564102564102564,0.020638511779344105,0.02726985102420298,0.0056951196024848105,2025-06-14,ricky simon,cameron smotherman,1.0,0.7968520424096456,0.2031479575903544,-500.0,350.0,4.6,1.2564102564102564,0.020638511779344105
409,0.0,-0.12760201868174081,1.629365572423897,1.6134969325153374,0,1.6134969325153374,0.5406877222618869,0.5406877222618869,0,-163,True,4609.758191445164,1.1406173444390002,0.1367163685808459,4609.758191445164,0.0,0.7568714443179729,0.7568714443179729,0.6470458274978166,0.21046916404301352,53928.17814827866,1.0,4766.95202174255,0.36233556184244486,0.035979749704309685,0.0,0.0,0.0,0.0,-0.0730480881200446,2025-06-14,phil rowe,ange loosa,1.0,0.4593122777381131,0.5406877222618869,124.0,-148.0,1.6134969325153374,2.54,-0.0
410,0.1524426033648979,0.03936146857761086,1.2520294539136003,1.2531645569620251,1,1.2531645569620251,0.8293894547235482,0.8293894547235482,1,-395,True,-3378.997229103357,-1.0,0.1819621593232097,-3378.997229103357,0.0,0.6557701153024622,0.6557701153024622,0.467245220034192,-0.17969405835616367,44237.604957060285,1.0,-6311.575962115019,-1.108740204942737,0.03889086367140693,1364.7406361798533,0.2531645569620251,0.09996120206561238,0.1524426033648979,0.030686199880625264,2025-06-21,tagir ulanbekov,azat maksum,1.0,0.8293894547235482,0.1706105452764518,-280.0,230.0,5.0,1.2531645569620251,0.09996120206561238
411,0.05397629007203965,0.002579590497670342,1.2516860206900022,1.238095238095238,1,1.238095238095238,0.8097758230942723,0.8097758230942723,1,-420,True,-3378.997229103357,-1.0,0.1819621593232097,-3378.997229103357,0.0,0.6557701153024622,0.6557701153024622,0.467245220034192,-0.17969405835616367,44237.604957060285,1.0,-6311.575962115019,-1.108740204942737,0.03889086367140693,454.4588891645977,0.23809523809523792,0.035393877561432814,0.05397629007203965,0.010853422851484829,2025-06-21,nazim sadykhov,nikolas motta,1.0,0.8097758230942723,0.1902241769057276,-380.0,300.0,4.6,1.238095238095238,0.035393877561432814
412,0.0813612170981299,0.06352829480267025,1.8030632308896788,1.8,0,1.8,0.5908490526681501,0.5908490526681501,0,-125,True,-3378.997229103357,-1.0,0.1819621593232097,-3378.997229103357,0.0,0.6557701153024622,0.6557701153024622,0.467245220034192,-0.17969405835616367,44237.604957060285,1.0,-6311.575962115019,-1.108740204942737,0.03889086367140693,-2877.1221370608378,-1.0,0.05335099823231602,0.0813612170981299,0.03623733253087369,2025-06-21,rafael fiziev,ignacio bahamondes,1.0,0.4091509473318498,0.5908490526681501,-130.0,110.0,1.8,2.24,-0.05335099823231602
413,0.12904082756561788,0.033501994276558034,1.4297358562641758,1.4,1,1.4,0.7382157101975415,0.7382157101975415,1,-250,True,-3378.997229103357,-1.0,0.1819621593232097,-3378.997229103357,0.0,0.6557701153024622,0.6557701153024622,0.467245220034192,-0.17969405835616367,44237.604957060285,1.0,-6311.575962115019,-1.108740204942737,0.03889086367140693,1825.2736859917165,0.3999999999999999,0.08461595350824855,0.12904082756561788,0.03878581507485279,2025-06-21,muhammad naimov,bogdan grad,1.0,0.7382157101975415,0.2617842898024585,-220.0,180.0,3.1,1.4,0.08461595350824855
414,0.0,-0.0827410669024311,1.417546787705921,1.4,0,1.4,0.6551849522125492,0.6551849522125492,0,-250,True,-3378.997229103357,-1.0,0.1819621593232097,-3378.997229103357,0.0,0.6557701153024622,0.6557701153024622,0.467245220034192,-0.17969405835616367,44237.604957060285,1.0,-6311.575962115019,-1.108740204942737,0.03889086367140693,0.0,0.0,0.0,0.0,-0.05025913518744729,2025-06-21,daria zhelezniakova,melissa mullins,1.0,0.3448150477874507,0.6551849522125492,175.0,-250.0,1.4,3.25,-0.0
415,0.0,-0.15395988238532815,1.4226090516003085,1.4081632653061225,1,1.4081632653061225,0.6008110980162162,0.6008110980162162,1,-245,True,-3378.997229103357,-1.0,0.1819621593232097,-3378.997229103357,0.0,0.6557701153024622,0.6557701153024622,0.467245220034192,-0.17969405835616367,44237.604957060285,1.0,-6311.575962115019,-1.108740204942737,0.03889086367140693,0.0,0.0,0.0,0.0,-0.10212271143416585,2025-06-21,irina alekseeva,klaudia sygula,0.0,0.6008110980162162,0.3991889019837837,-188.0,140.0,3.25,1.4081632653061225,-0.0
416,0.20018271452943806,0.11135939222238928,1.6369351952552995,1.6134969325153374,1,1.6134969325153374,0.6887892811112146,0.6887892811112146,1,-163,True,-3378.997229103357,-1.0,0.1819621593232097,-3378.997229103357,0.0,0.6557701153024622,0.6557701153024622,0.467245220034192,-0.17969405835616367,44237.604957060285,1.0,-6311.575962115019,-1.108740204942737,0.03889086367140693,-7078.927036390349,-1.0,0.13126582946908436,0.20018271452943806,0.07789154801919806,2025-06-21,hamdy abdelwahab,mohammed usman,0.0,0.6887892811112146,0.3112107188887854,-150.0,110.0,2.5,1.6134969325153374,-0.13126582946908436
417,0.0,-0.11528685755841123,1.594613887766808,1.5714285714285714,0,1.5714285714285714,0.5629992724628292,0.5629992724628292,0,-175,True,-3378.997229103357,-1.0,0.1819621593232097,-3378.997229103357,0.0,0.6557701153024622,0.6557701153024622,0.467245220034192,-0.17969405835616367,44237.604957060285,1.0,-6311.575962115019,-1.108740204942737,0.03889086367140693,0.0,0.0,0.0,0.0,-0.06411178412056695,2025-06-21,ismail naurdiev,junyong park,0.0,0.4370007275371707,0.5629992724628292,163.0,-225.0,1.5714285714285714,2.6,0.0
418,0.0,-0.15600703739912042,1.5026496481346898,1.4761904761904765,0,1.4761904761904765,0.571737168213499,0.571737168213499,0,-210,True,-2734.0128662536017,-1.0,0.5392713350453331,-2734.0128662536017,0.0,0.7569900750338514,0.7569900750338514,0.6914803922477796,0.19580351345160743,52899.48343433693,0.5,11395.891343530251,1.0716601978214597,0.08257942962700976,0.0,0.0,0.0,0.0,-0.09375395358015892,2025-06-28,viviane araujo,tracy cortez,0.0,0.428262831786501,0.571737168213499,154.0,-185.0,1.4761904761904765,2.85,0.0
419,0.1319328637053517,0.13494025886420824,2.206001907823179,2.16,1,2.16,0.525435305029726,0.525435305029726,1,116,True,-2734.0128662536017,-1.0,0.5392713350453331,-2734.0128662536017,0.0,0.7569900750338514,0.7569900750338514,0.6914803922477796,0.19580351345160743,52899.48343433693,0.5,11395.891343530251,1.0716601978214597,0.08257942962700976,-4417.822601463043,-1.0,0.09986577270065256,0.1319328637053517,0.07212654022146159,2025-06-28,hyder amil,jose delgado,0.0,0.525435305029726,0.474564694970274,105.0,-132.0,1.8,2.16,-0.09986577270065256
420,0.0,-0.015954359909308935,1.268264024946321,1.25,1,1.25,0.7872365120725529,0.7872365120725529,1,-400,True,-2734.0128662536017,-1.0,0.5392713350453331,-2734.0128662536017,0.0,0.7569900750338514,0.7569900750338514,0.6914803922477796,0.19580351345160743,52899.48343433693,0.5,11395.891343530251,1.0716601978214597,0.08257942962700976,0.0,0.0,0.0,0.0,-0.0012428426440841411,2025-06-28,ilia topuria,charles oliveira,1.0,0.7872365120725529,0.2127634879274471,-295.0,220.0,4.3,1.25,0.0
421,0.2270067934954488,0.35625758538670493,1.7787039539704772,2.05,0,2.05,0.6615890660422952,0.6615890660422952,0,105,True,-2734.0128662536017,-1.0,0.5392713350453331,-2734.0128662536017,0.0,0.7569900750338514,0.7569900750338514,0.6914803922477796,0.19580351345160743,52899.48343433693,0.5,11395.891343530251,1.0716601978214597,0.08257942962700976,7981.480129856571,1.0499999999999998,0.17183140124472923,0.2270067934954488,0.0993819613873752,2025-06-28,brandon royval,joshua van,0.0,0.3384109339577048,0.6615890660422952,105.0,-125.0,2.05,2.8,0.17183140124472923
422,0.0,-0.01673151236925985,1.8452242020573943,1.9615384615384617,0,1.9615384615384617,0.5012741309490047,0.5012741309490047,0,-104,True,-2734.0128662536017,-1.0,0.5392713350453331,-2734.0128662536017,0.0,0.7569900750338514,0.7569900750338514,0.6914803922477796,0.19580351345160743,52899.48343433693,0.5,11395.891343530251,1.0716601978214597,0.08257942962700976,0.0,0.0,0.0,0.0,-0.04066543329745187,2025-06-28,beneil dariush,renato moicano,1.0,0.4987258690509953,0.5012741309490047,133.0,-167.0,1.9615384615384617,2.3600000000000003,-0.0
423,0.2738960923177695,0.10442115093701504,1.4226090516003085,1.4081632653061225,1,1.4081632653061225,0.7842990782016483,0.7842990782016483,1,-245,True,-2734.0128662536017,-1.0,0.5392713350453331,-2734.0128662536017,0.0,0.7569900750338514,0.7569900750338514,0.6914803922477796,0.19580351345160743,52899.48343433693,0.5,11395.891343530251,1.0716601978214597,0.08257942962700976,3743.4758462663526,0.40816326530612246,0.20732396865189687,0.2738960923177695,0.08136526875126626,2025-06-28,alexandre pantoja,kai kara france,1.0,0.7842990782016483,0.2157009217983516,-215.0,164.0,3.25,1.4081632653061225,0.20732396865189687
424,0.1990323746077024,0.1106371912031136,1.6369351952552995,1.6134969325153374,1,1.6134969325153374,0.6883416812399525,0.6883416812399525,1,-163,True,-2734.0128662536017,-1.0,0.5392713350453331,-2734.0128662536017,0.0,0.7569900750338514,0.7569900750338514,0.6914803922477796,0.19580351345160743,52899.48343433693,0.5,11395.891343530251,1.0716601978214597,0.08257942962700976,4088.7579688703704,0.6134969325153374,0.15065633629415165,0.1990323746077024,0.07744394814793598,2025-06-28,terrance mckinney,viacheslav borshchev,1.0,0.6883416812399525,0.3116583187600474,-205.0,160.0,2.5,1.6134969325153374,0.15065633629415165
425,0.0,-0.1577788917369255,1.0531265098388247,1.0454545454545454,0,1.0454545454545454,0.8056027992081582,0.8056027992081582,0,-2200,True,-2734.0128662536017,-1.0,0.5392713350453331,-2734.0128662536017,0.0,0.7569900750338514,0.7569900750338514,0.6914803922477796,0.19580351345160743,52899.48343433693,0.5,11395.891343530251,1.0716601978214597,0.08257942962700976,0.0,0.0,0.0,0.0,-0.143950735583255,2025-06-28,niko price,jacobe smith,0.0,0.1943972007918418,0.8056027992081582,950.0,-1667.0,1.0454545454545454,13.0,0.0
426,0.0,-0.02699267789334686,1.517387843443608,1.5208333333333337,0,1.5208333333333337,0.6397856364536896,0.6397856364536896,0,-192,True,-2734.0128662536017,-1.0,0.5392713350453331,-2734.0128662536017,0.0,0.7569900750338514,0.7569900750338514,0.6914803922477796,0.19580351345160743,52899.48343433693,0.5,11395.891343530251,1.0716601978214597,0.08257942962700976,0.0,0.0,0.0,0.0,-0.019241654637932926,2025-06-28,jack hermansson,gregory rodrigues,0.0,0.3602143635463103,0.6397856364536896,164.0,-198.0,1.5208333333333337,2.95,0.0
427,0.0,-0.043204183136496044,1.674951207377292,1.6666666666666663,0,1.6666666666666663,0.5740774901181025,0.5740774901181025,0,-150,True,-2734.0128662536017,-1.0,0.5392713350453331,-2734.0128662536017,0.0,0.7569900750338514,0.7569900750338514,0.6914803922477796,0.19580351345160743,52899.48343433693,0.5,11395.891343530251,1.0716601978214597,0.08257942962700976,0.0,0.0,0.0,0.0,-0.022954826761050873,2025-06-28,payton talbott,felipe lima,1.0,0.4259225098818974,0.5740774901181025,125.0,-162.0,1.6666666666666663,2.46,-0.0
428,0.0,-0.03751788315847232,1.4403016049060724,1.4166666666666667,0,1.4166666666666667,0.6793991412999019,0.6793991412999019,0,-240,True,2126.6205419997846,1.175925925925926,0.07974707832840022,2126.6205419997846,0.0,0.5041390058178686,0.5041390058178686,0.13004392698294034,0.09727327651229678,58045.18951380285,1.0,3019.0855374661346,0.9907407407407407,0.03533103742819349,0.0,0.0,0.0,0.0,-0.014899883705498884,2025-07-12,nate landwehr,morgan charriere,0.0,0.3206008587000982,0.6793991412999019,190.0,-230.0,1.4166666666666667,3.1,0.0
429,0.0,-0.08152096546392416,1.1227171757590428,1.1111111111111112,0,1.1111111111111112,0.8266311310824682,0.8266311310824682,0,-900,True,2126.6205419997846,1.175925925925926,0.07974707832840022,2126.6205419997846,0.0,0.5041390058178686,0.5041390058178686,0.13004392698294034,0.09727327651229678,58045.18951380285,1.0,3019.0855374661346,0.9907407407407407,0.03533103742819349,0.0,0.0,0.0,0.0,-0.06406513828200766,2025-07-12,mitch ramirez,mike davis,0.0,0.1733688689175317,0.8266311310824682,600.0,-900.0,1.1111111111111112,7.5,0.0
430,0.0,-0.07122091059742808,1.466926010958188,1.4444444444444444,1,1.4444444444444444,0.6430009080479344,0.6430009080479344,1,-225,True,2126.6205419997846,1.175925925925926,0.07974707832840022,2126.6205419997846,0.0,0.5041390058178686,0.5041390058178686,0.13004392698294034,0.09727327651229678,58045.18951380285,1.0,3019.0855374661346,0.9907407407407407,0.03533103742819349,0.0,0.0,0.0,0.0,-0.038696732139661294,2025-07-12,kennedy nzechukwu,valter walker,0.0,0.6430009080479344,0.3569990919520656,-220.0,180.0,3.0,1.4444444444444444,-0.0
431,0.13383044640674505,0.0784967101303144,1.7832270817598843,1.7407407407407407,0,1.7407407407407407,0.6195619398620955,0.6195619398620955,0,-135,True,2126.6205419997846,1.175925925925926,0.07974707832840022,2126.6205419997846,0.0,0.5041390058178686,0.5041390058178686,0.13004392698294034,0.09727327651229678,58045.18951380285,1.0,3019.0855374661346,0.9907407407407407,0.03533103742819349,2643.6038873871967,0.7407407407407407,0.06746503020965558,0.13383044640674505,0.0587808647939162,2025-07-12,calvin kattar,steve garcia,0.0,0.3804380601379044,0.6195619398620955,110.0,-150.0,1.7407407407407407,2.2,0.06746503020965558
432,0.0,-0.15346965190782355,1.354498653232832,1.3278688524590163,0,1.3278688524590163,0.6375105090570712,0.6375105090570712,0,-305,True,2126.6205419997846,1.175925925925926,0.07974707832840022,2126.6205419997846,0.0,0.5041390058178686,0.5041390058178686,0.13004392698294034,0.09727327651229678,58045.18951380285,1.0,3019.0855374661346,0.9907407407407407,0.03533103742819349,0.0,0.0,0.0,0.0,-0.10077003305588184,2025-07-12,max griffin,chris curtis,0.0,0.3624894909429288,0.6375105090570712,200.0,-275.0,1.3278688524590163,3.5,0.0
433,0.0,-0.07146925586916157,1.1017135578187092,1.0909090909090908,1,1.0909090909090908,0.8511531821199353,0.8511531821199353,1,-1100,True,2126.6205419997846,1.175925925925926,0.07974707832840022,2126.6205419997846,0.0,0.5041390058178686,0.5041390058178686,0.13004392698294034,0.09727327651229678,58045.18951380285,1.0,3019.0855374661346,0.9907407407407407,0.03533103742819349,0.0,0.0,0.0,0.0,-0.056523766124132235,2025-07-12,fatima kline,melissa martinez,1.0,0.8511531821199353,0.1488468178800647,-800.0,450.0,8.5,1.0909090909090908,0.0
434,0.0,-0.029557674788194627,1.1727241030208473,1.1540832049306626,1,1.1540832049306626,0.8408772617656364,0.8408772617656364,1,-649,True,2126.6205419997846,1.175925925925926,0.07974707832840022,2126.6205419997846,0.0,0.5041390058178686,0.5041390058178686,0.13004392698294034,0.09727327651229678,58045.18951380285,1.0,3019.0855374661346,0.9907407407407407,0.03533103742819349,0.0,0.0,0.0,0.0,-0.011838221291356144,2025-07-12,vitor petrino,austen lane,1.0,0.8408772617656364,0.1591227382343636,-400.0,275.0,5.6,1.1540832049306626,0.0
435,0.05632140566377548,0.0011593620883040001,1.267352785056643,1.25,0,1.25,0.8009274896706432,0.8009274896706432,0,-400,True,2126.6205419997846,1.175925925925926,0.07974707832840022,2126.6205419997846,0.0,0.5041390058178686,0.5041390058178686,0.13004392698294034,0.09727327651229678,58045.18951380285,1.0,3019.0855374661346,0.9907407407407407,0.03533103742819349,375.4816500789379,0.25,0.028392084436515586,0.05632140566377548,0.011881210062470782,2025-07-12,stephen thompson,gabriel bonfim,0.0,0.1990725103293568,0.8009274896706432,310.0,-400.0,1.25,4.33,0.028392084436515586
436,0.006008169397607884,-0.016096852171327614,1.4349411123433191,1.4081632653061225,0,1.4081632653061225,0.698713829617463,0.698713829617463,0,-245,True,2126.6205419997846,1.175925925925926,0.07974707832840022,2126.6205419997846,0.0,0.5041390058178686,0.5041390058178686,0.13004392698294034,0.09727327651229678,58045.18951380285,1.0,3019.0855374661346,0.9907407407407407,0.03533103742819349,0.0,0.0,0.0,0.006008169397607884,0.0018211199459434724,2025-07-12,derrick lewis,tallison teixeira,1.0,0.301286170382537,0.698713829617463,175.0,-250.0,1.4081632653061225,3.1,-0.0
437,0.030545250044052643,-0.013635714143876376,2.0525939295963966,1.9615384615384617,1,1.9615384615384617,0.5028523810246904,0.5028523810246904,1,-104,True,2126.6205419997846,1.175925925925926,0.07974707832840022,2126.6205419997846,0.0,0.5041390058178686,0.5041390058178686,0.13004392698294034,0.09727327651229678,58045.18951380285,1.0,3019.0855374661346,0.9907407407407407,0.03533103742819349,0.0,0.0,0.0,0.030545250044052643,0.015663957839286757,2025-07-12,jake matthews,chidi njokuani,1.0,0.5028523810246904,0.4971476189753095,105.0,-138.0,1.869565217391304,1.9615384615384617,0.0
438,0.0,-0.05354147453958094,1.1821605629653955,1.1666666666666667,0,1.1666666666666667,0.8112501646803592,0.8112501646803592,0,-600,True,2126.6205419997846,1.175925925925926,0.07974707832840022,2126.6205419997846,0.0,0.5041390058178686,0.5041390058178686,0.13004392698294034,0.09727327651229678,58045.18951380285,1.0,3019.0855374661346,0.9907407407407407,0.03533103742819349,0.0,0.0,0.0,0.0,-0.034658615673086146,2025-07-12,lauren murphy,eduarda moura,0.0,0.1887498353196408,0.8112501646803592,240.0,-350.0,1.1666666666666667,5.6,0.0
439,0.06142944643347404,0.033259598752409913,2.0389723019205688,1.9803921568627447,0,1.9803921568627447,0.5217449459046823,0.5217449459046823,0,-102,True,-101.44790517574677,-1.0,0.01627188668639401,-101.44790517574677,0.0,0.18558218417645622,0.18558218417645622,0.013147255125646963,-0.013147255125646965,57282.054598448354,1.0,-661.6870101787472,-1.0,0.03130179517719567,-661.6870101787472,-1.0,0.011399515028224713,0.06142944643347404,0.03130179517719567,2025-07-19,max holloway,dustin poirier,1.0,0.4782550540953176,0.5217449459046823,-130.0,110.0,1.9803921568627447,1.9090909090909087,-0.011399515028224713
440,0.03923168499263623,-0.016440894511434934,1.4236574892604168,1.3773584905660377,0,1.3773584905660377,0.7140908574095062,0.7140908574095062,0,-265,True,-101.44790517574677,-1.0,0.01627188668639401,-101.44790517574677,0.0,0.18558218417645622,0.18558218417645622,0.013147255125646963,-0.013147255125646965,57282.054598448354,1.0,-661.6870101787472,-1.0,0.03130179517719567,0.0,0.0,0.0,0.03923168499263623,0.011674716207246139,2025-07-19,marvin vettori,brendan allen,0.0,0.2859091425904939,0.7140908574095062,200.0,-275.0,1.3773584905660377,3.0,0.0
441,0.0,-0.0550061165435998,1.2190520576333752,1.2040816326530612,0,1.2040816326530612,0.7848254286332815,0.7848254286332815,0,-490,True,-5455.689737019766,-1.0,0.2833290160969506,-5455.689737019766,0.0,0.7883111435045493,0.7883111435045493,0.8420603959938715,-0.18253724965900878,46825.94589723041,1.0,-5000.418964198174,-1.063722107200368,0.05709809132907715,0.0,0.0,0.0,0.0,-0.03548408459732233,2025-07-26,muslim salikhov,carlos leal,1.0,0.2151745713667184,0.7848254286332815,350.0,-500.0,1.2040816326530612,5.0,-0.0
442,0.09924572136196508,0.064726115904988,1.98582120692724,1.925925925925926,1,1.925925925925926,0.5528385601814361,0.5528385601814361,1,-108,True,-5455.689737019766,-1.0,0.2833290160969506,-5455.689737019766,0.0,0.7883111435045493,0.7883111435045493,0.8420603959938715,-0.18253724965900878,46825.94589723041,1.0,-5000.418964198174,-1.063722107200368,0.05709809132907715,4149.328144721623,0.925925925925926,0.07823173291728855,0.09924572136196508,0.04926855271467634,2025-07-26,asu almabayev,jose ochoa,1.0,0.5528385601814361,0.4471614398185639,-127.0,100.0,1.9523809523809523,1.925925925925926,0.07823173291728855
443,0.1499491514655246,0.05982998107500165,1.561381634360004,1.526315789473684,1,1.526315789473684,0.694371366911208,0.694371366911208,1,-190,True,-5455.689737019766,-1.0,0.2833290160969506,-5455.689737019766,0.0,0.7883111435045493,0.7883111435045493,0.8420603959938715,-0.18253724965900878,46825.94589723041,1.0,-5000.418964198174,-1.063722107200368,0.05709809132907715,-6770.702897694811,-1.0,0.11819937230181361,0.1499491514655246,0.053912956235786735,2025-07-26,nikita krylov,bogdan guskov,0.0,0.694371366911208,0.3056286330887919,-205.0,160.0,2.64,1.526315789473684,-0.11819937230181361
444,0.0,-0.08175222313169073,1.6974644059069028,1.6666666666666663,1,1.6666666666666663,0.5509486661209857,0.5509486661209857,1,-150,True,-5455.689737019766,-1.0,0.2833290160969506,-5455.689737019766,0.0,0.7883111435045493,0.7883111435045493,0.8420603959938715,-0.18253724965900878,46825.94589723041,1.0,-5000.418964198174,-1.063722107200368,0.05709809132907715,0.0,0.0,0.0,0.0,-0.03816530676714147,2025-07-26,robert whittaker,reinier de ridder,0.0,0.5509486661209857,0.4490513338790143,-196.0,152.0,2.3600000000000003,1.6666666666666663,-0.0
445,0.16876137594067495,0.03730843096924863,1.3028122833298308,1.2857142857142856,1,1.2857142857142856,0.8067954463094157,0.8067954463094157,1,-350,True,-5455.689737019766,-1.0,0.2833290160969506,-5455.689737019766,0.0,0.7883111435045493,0.7883111435045493,0.8420603959938715,-0.18253724965900878,46825.94589723041,1.0,-5000.418964198174,-1.063722107200368,0.05709809132907715,2177.182114132867,0.2857142857142856,0.13302835334526303,0.16876137594067495,0.03922515794513892,2025-07-26,petr yan,marcus mcghee,1.0,0.8067954463094157,0.1932045536905843,-400.0,285.0,4.0,1.2857142857142856,0.13302835334526303
446,0.19538943091558802,0.09571437283908801,1.6031824251559064,1.5714285714285714,1,1.5714285714285714,0.6972727827157833,0.6972727827157833,1,-175,True,-5455.689737019766,-1.0,0.2833290160969506,-5455.689737019766,0.0,0.7883111435045493,0.7883111435045493,0.8420603959938715,-0.18253724965900878,46825.94589723041,1.0,-5000.418964198174,-1.063722107200368,0.05709809132907715,-8822.482642612826,-1.0,0.1540182646111267,0.19538943091558802,0.07351344983590102,2025-07-26,amanda ribas,tabatha ricci,0.0,0.6972727827157833,0.3027272172842167,-186.0,148.0,2.55,1.5714285714285714,-0.1540182646111267
447,0.0,-0.15091693565543512,1.3847351884382444,1.359712230215827,1,1.359712230215827,0.624457915047061,0.624457915047061,1,-278,True,-5455.689737019766,-1.0,0.2833290160969506,-5455.689737019766,0.0,0.7883111435045493,0.7883111435045493,0.8420603959938715,-0.18253724965900878,46825.94589723041,1.0,-5000.418964198174,-1.063722107200368,0.05709809132907715,0.0,0.0,0.0,0.0,-0.09770182231603508,2025-07-26,ibo aslan,billy elekana,0.0,0.624457915047061,0.3755420849529389,-278.0,210.0,3.35,1.359712230215827,-0.0
448,0.24849289503278235,0.17122586680298557,1.745169524793803,1.7246376811594204,1,1.7246376811594204,0.6791141580622353,0.6791141580622353,1,-138,True,-5455.689737019766,-1.0,0.2833290160969506,-5455.689737019766,0.0,0.7883111435045493,0.7883111435045493,0.8420603959938715,-0.18253724965900878,46825.94589723041,1.0,-5000.418964198174,-1.063722107200368,0.05709809132907715,8130.638160787885,0.7246376811594204,0.1958777620764883,0.24849289503278235,0.10610392278543435,2025-07-26,bryce mitchell,said nurmagomedov,1.0,0.6791141580622353,0.3208858419377647,-143.0,112.0,2.3,1.7246376811594204,0.1958777620764883
449,0.0,-0.04906017079613406,1.3202767659735766,1.3125,0,1.3125,0.7245255841553264,0.7245255841553264,0,-320,True,-5455.689737019766,-1.0,0.2833290160969506,-5455.689737019766,0.0,0.7883111435045493,0.7883111435045493,0.8420603959938715,-0.18253724965900878,46825.94589723041,1.0,-5000.418964198174,-1.063722107200368,0.05709809132907715,0.0,0.0,0.0,0.0,-0.032891364905802134,2025-07-26,mohammad yahya,steven nguyen,0.0,0.2754744158446735,0.7245255841553264,295.0,-420.0,1.3125,4.0,0.0
450,0.08558354828622389,0.02411584946672568,1.3162844070245523,1.3125,0,1.3125,0.7802787424508386,0.7802787424508386,0,-320,True,-5455.689737019766,-1.0,0.2833290160969506,-5455.689737019766,0.0,0.7883111435045493,0.7883111435045493,0.8420603959938715,-0.18253724965900878,46825.94589723041,1.0,-5000.418964198174,-1.063722107200368,0.05709809132907715,-3864.3818435329126,-1.0,0.06746234698846837,0.08558354828622389,0.020564508457525554,2025-07-26,davey grant,damon blackshear,1.0,0.2197212575491614,0.7802787424508386,275.0,-375.0,1.3125,4.1,-0.06746234698846837
451,0.0,-0.13754425172923251,1.2764474324767618,1.2666666666666666,0,1.2666666666666666,0.6808861170558691,0.6808861170558691,0,-375,True,9896.857717347011,2.999999999999999,0.5302571748229317,9896.857717347011,0.0,0.8036507148657943,0.8036507148657943,0.9685777388794247,0.7162943615592147,80367.1069180934,0.8571428571428571,23644.30330351598,2.377694316041773,0.056911385654813004,0.0,0.0,0.0,0.0,-0.10253823286792252,2025-08-02,danny silva,kevin vallejos,0.0,0.3191138829441308,0.6808861170558691,320.0,-435.0,1.2666666666666666,4.4,0.0
452,0.15373946805347113,0.017520647757442193,1.1625565703652887,1.1540832049306626,1,1.1540832049306626,0.8816700939847529,0.8816700939847529,1,-649,True,9896.857717347011,2.999999999999999,0.5302571748229317,9896.857717347011,0.0,0.8036507148657943,0.8036507148657943,0.9685777388794247,0.7162943615592147,80367.1069180934,0.8571428571428571,23644.30330351598,2.377694316041773,0.056911385654813004,891.390627868382,0.15408320493066263,0.12354529233776707,0.15373946805347113,0.021496898554109523,2025-08-02,rafael estevam,felipe bunes,1.0,0.8816700939847529,0.118329906015247,-500.0,340.0,6.5,1.1540832049306626,0.12354529233776707
453,0.021054220868503233,-0.01007654710378586,1.850897633258621,1.8,0,1.8,0.5499574738312301,0.5499574738312301,0,-125,True,9896.857717347011,2.999999999999999,0.5302571748229317,9896.857717347011,0.0,0.8036507148657943,0.8036507148657943,0.9685777388794247,0.7162943615592147,80367.1069180934,0.8571428571428571,23644.30330351598,2.377694316041773,0.056911385654813004,0.0,0.0,0.0,0.021054220868503233,0.009679080239339388,2025-08-02,nick klein,andrey pulyaev,0.0,0.4500425261687699,0.5499574738312301,-113.0,-113.0,1.8,2.1,0.0
454,0.06181878751390552,0.02478654938223318,1.4485955633728826,1.4444444444444444,1,1.4444444444444444,0.7094676111107768,0.7094676111107768,1,-225,True,9896.857717347011,2.999999999999999,0.5302571748229317,9896.857717347011,0.0,0.8036507148657943,0.8036507148657943,0.9685777388794247,0.7162943615592147,80367.1069180934,0.8571428571428571,23644.30330351598,2.377694316041773,0.056911385654813004,1033.8686132220905,0.4444444444444444,0.049677680507619816,0.06181878751390552,0.01914380694861384,2025-08-02,rodolfo vieira,tresean gore,1.0,0.7094676111107768,0.2905323888892231,-215.0,165.0,3.2,1.4444444444444444,0.049677680507619816
455,0.1181158753535466,0.028904794631531394,1.4297358562641758,1.4,1,1.4,0.7349319961653796,0.7349319961653796,1,-250,True,9896.857717347011,2.999999999999999,0.5302571748229317,9896.857717347011,0.0,0.8036507148657943,0.8036507148657943,0.9685777388794247,0.7162943615592147,80367.1069180934,0.8571428571428571,23644.30330351598,2.377694316041773,0.056911385654813004,1777.8521877581968,0.3999999999999999,0.09491811396934059,0.1181158753535466,0.035502101042690914,2025-08-02,piera rodriguez,ketlen souza,1.0,0.7349319961653796,0.2650680038346203,-200.0,154.0,3.1,1.4,0.09491811396934059
456,0.0,-0.07993131879036774,1.2990292034898785,1.2857142857142856,1,1.2857142857142856,0.7156089742741585,0.7156089742741585,1,-350,True,9896.857717347011,2.999999999999999,0.5302571748229317,9896.857717347011,0.0,0.8036507148657943,0.8036507148657943,0.9685777388794247,0.7162943615592147,80367.1069180934,0.8571428571428571,23644.30330351598,2.377694316041773,0.056911385654813004,0.0,0.0,0.0,0.0,-0.05419666005143775,2025-08-02,rinya nakamura,nathan fletcher,1.0,0.7156089742741585,0.2843910257258415,-420.0,295.0,4.1,1.2857142857142856,0.0
457,0.2571869882058293,0.35512208147096613,2.416066829744595,2.4,1,2.4,0.5646342006129026,0.5646342006129026,1,140,True,9896.857717347011,2.999999999999999,0.5302571748229317,9896.857717347011,0.0,0.8036507148657943,0.8036507148657943,0.9685777388794247,0.7162943615592147,80367.1069180934,0.8571428571428571,23644.30330351598,2.377694316041773,0.056911385654813004,13548.911769617687,1.4,0.20667589166048003,0.2571869882058293,0.15073836474907798,2025-08-02,neil magny,elizeu zaleski dos santos,1.0,0.5646342006129026,0.4353657993870974,165.0,-220.0,1.6993006993006992,2.4,0.20667589166048003
458,0.0,-0.07247280235644266,1.4137824117293745,1.4,0,1.4,0.6625194268882553,0.6625194268882553,0,-250,True,9896.857717347011,2.999999999999999,0.5302571748229317,9896.857717347011,0.0,0.8036507148657943,0.8036507148657943,0.9685777388794247,0.7162943615592147,80367.1069180934,0.8571428571428571,23644.30330351598,2.377694316041773,0.056911385654813004,0.0,0.0,0.0,0.0,-0.044802995362545395,2025-08-02,elves brener,esteban ribovics,0.0,0.3374805731117447,0.6625194268882553,215.0,-295.0,1.4,3.3,0.0
459,0.22163267105851767,0.1292393473227585,1.707279350416875,1.6666666666666663,1,1.6666666666666663,0.6775436083936552,0.6775436083936552,1,-150,True,9896.857717347011,2.999999999999999,0.5302571748229317,9896.857717347011,0.0,0.8036507148657943,0.8036507148657943,0.9685777388794247,0.7162943615592147,80367.1069180934,0.8571428571428571,23644.30330351598,2.377694316041773,0.056911385654813004,5559.937475814323,0.6666666666666663,0.17810438324140218,0.22163267105851767,0.09181638117930102,2025-08-02,karol rosa,nora cornolle,1.0,0.6775436083936552,0.3224563916063447,-205.0,160.0,2.3200000000000003,1.6666666666666663,0.17810438324140218
460,0.2493348461445951,0.06731632085741973,1.3313004930113663,1.3125,1,1.3125,0.8131933873199388,0.8131933873199388,1,-320,True,9896.857717347011,2.999999999999999,0.5302571748229317,9896.857717347011,0.0,0.8036507148657943,0.8036507148657943,0.9685777388794247,0.7162943615592147,80367.1069180934,0.8571428571428571,23644.30330351598,2.377694316041773,0.056911385654813004,2931.975832363814,0.3125,0.20036589723474513,0.2493348461445951,0.062048168603744625,2025-08-02,tatsuro taira,hyunsung park,1.0,0.8131933873199388,0.1868066126800611,-375.0,265.0,3.75,1.3125,0.20036589723474513
461,0.055797667638863443,0.013421714551804298,1.4620616849915289,1.4444444444444444,1,1.4444444444444444,0.7015996485358645,0.7015996485358645,1,-225,True,9896.857717347011,2.999999999999999,0.5302571748229317,9896.857717347011,0.0,0.8036507148657943,0.8036507148657943,0.9685777388794247,0.7162943615592147,80367.1069180934,0.8571428571428571,23644.30330351598,2.377694316041773,0.056911385654813004,-2099.6332031285137,-1.0,0.04483909855738119,0.055797667638863443,0.017633978506153114,2025-08-02,mateusz rebecki,chris duncan,0.0,0.7015996485358645,0.2984003514641354,-240.0,180.0,3.05,1.4444444444444444,-0.04483909855738119
462,0.0,-0.07735481710714781,1.4901439907278489,1.4651162790697674,1,1.4651162790697674,0.6297419502284547,0.6297419502284547,1,-215,True,10337.390888855289,0.9767441860465118,0.266950430587803,10337.390888855289,0.0,0.7987101081749072,0.7987101081749072,0.7196621551112455,0.3231396461228739,106336.90540752528,1.0,15632.407600576582,0.27583979328165387,0.05495444158326801,0.0,0.0,0.0,0.0,-0.041334137869285414,2025-08-09,cody brundage,eric mcconico,0.0,0.6297419502284547,0.3702580497715453,-150.0,120.0,2.9,1.4651162790697674,-0.0
463,0.3374476906807361,0.1916963758058487,1.5921953292331363,1.5813953488372094,1,1.5813953488372094,0.753572708230169,0.753572708230169,1,-172,True,10337.390888855289,0.9767441860465118,0.266950430587803,10337.390888855289,0.0,0.7987101081749072,0.7987101081749072,0.7196621551112455,0.3231396461228739,106336.90540752528,1.0,15632.407600576582,0.27583979328165387,0.05495444158326801,12592.704748727716,0.5813953488372094,0.26950643115579637,0.3374476906807361,0.12550906450522525,2025-08-09,iasmin lucindo,angela hill,1.0,0.753572708230169,0.246427291769831,-175.0,130.0,2.65,1.5813953488372094,0.26950643115579637
464,0.0,-0.03619843596759681,1.1645727072941432,1.1540832049306626,1,1.1540832049306626,0.8351231175661277,0.8351231175661277,1,-649,True,10337.390888855289,0.9767441860465118,0.266950430587803,10337.390888855289,0.0,0.7987101081749072,0.7987101081749072,0.7196621551112455,0.3231396461228739,106336.90540752528,1.0,15632.407600576582,0.27583979328165387,0.05495444158326801,0.0,0.0,0.0,0.0,-0.023560924861310006,2025-08-09,julius walker,rafael cerqueira,1.0,0.8351231175661277,0.1648768824338723,-649.0,400.0,6.3,1.1540832049306626,0.0
465,0.0,-0.06840109205500985,1.2190520576333752,1.2040816326530612,0,1.2040816326530612,0.7737007879543139,0.7737007879543139,0,-490,True,10337.390888855289,0.9767441860465118,0.266950430587803,10337.390888855289,0.0,0.7987101081749072,0.7987101081749072,0.7196621551112455,0.3231396461228739,106336.90540752528,1.0,15632.407600576582,0.27583979328165387,0.05495444158326801,0.0,0.0,0.0,0.0,-0.04660872527629001,2025-08-09,eryk anders,christian leroy duncan,0.0,0.2262992120456861,0.7737007879543139,350.0,-500.0,1.2040816326530612,5.0,0.0
466,0.0,-0.022155181431648158,1.208974380900362,1.2,1,1.2,0.8148706821402932,0.8148706821402932,1,-500,True,10337.390888855289,0.9767441860465118,0.266950430587803,10337.390888855289,0.0,0.7987101081749072,0.7987101081749072,0.7196621551112455,0.3231396461228739,106336.90540752528,1.0,15632.407600576582,0.27583979328165387,0.05495444158326801,0.0,0.0,0.0,0.0,-0.012276704767333335,2025-08-09,steve erceg,ode osbourne,1.0,0.8148706821402932,0.1851293178597067,-385.0,295.0,5.4,1.2,0.0
467,0.0,-0.0321743886253171,1.160196730744974,1.1540832049306626,1,1.1540832049306626,0.8386099089214542,0.8386099089214542,1,-649,True,10337.390888855289,0.9767441860465118,0.266950430587803,10337.390888855289,0.0,0.7987101081749072,0.7987101081749072,0.7196621551112455,0.3231396461228739,106336.90540752528,1.0,15632.407600576582,0.27583979328165387,0.05495444158326801,0.0,0.0,0.0,0.0,-0.02331287839573637,2025-08-09,elijah smith,toshiomi kazama,1.0,0.8386099089214542,0.1613900910785458,-500.0,350.0,6.75,1.1540832049306626,0.0
468,0.2870314572938477,0.0631486814173334,1.2652783923191082,1.25,1,1.25,0.8505189451338667,0.8505189451338667,1,-400,True,10337.390888855289,0.9767441860465118,0.266950430587803,10337.390888855289,0.0,0.7987101081749072,0.7987101081749072,0.7196621551112455,0.3231396461228739,106336.90540752528,1.0,15632.407600576582,0.27583979328165387,0.05495444158326801,4605.857657057807,0.25,0.22924093369452225,0.2870314572938477,0.06017904359874582,2025-08-09,joselyne edwards,priscila cachoeira,1.0,0.8505189451338667,0.1494810548661332,-230.0,180.0,4.4,1.25,0.22924093369452225
469,0.0,-0.10384044892411667,1.34729006213058,1.3333333333333333,1,1.3333333333333333,0.6721196633069125,0.6721196633069125,1,-300,True,10337.390888855289,0.9767441860465118,0.266950430587803,10337.390888855289,0.0,0.7987101081749072,0.7987101081749072,0.7196621551112455,0.3231396461228739,106336.90540752528,1.0,15632.407600576582,0.27583979328165387,0.05495444158326801,0.0,0.0,0.0,0.0,-0.07011100261117365,2025-08-09,uros medic,gilbert urbina,1.0,0.6721196633069125,0.3278803366930874,-300.0,240.0,3.7,1.3333333333333333,0.0
470,0.0,-0.02719384140815076,1.2431923096202862,1.2222222222222223,1,1.2222222222222223,0.7959323115751493,0.7959323115751493,1,-450,True,10337.390888855289,0.9767441860465118,0.266950430587803,10337.390888855289,0.0,0.7987101081749072,0.7987101081749072,0.7196621551112455,0.3231396461228739,106336.90540752528,1.0,15632.407600576582,0.27583979328165387,0.05495444158326801,0.0,0.0,0.0,0.0,-0.008448468664260744,2025-08-09,gabriella fernandes,julija stoliarenko,1.0,0.7959323115751493,0.2040676884248506,-400.0,275.0,4.5,1.2222222222222223,0.0
471,0.060450992050462615,0.02417472071051735,1.4485955633728826,1.4444444444444444,0,1.4444444444444444,0.7090440374149736,0.7090440374149736,0,-225,True,10337.390888855289,0.9767441860465118,0.266950430587803,10337.390888855289,0.0,0.7987101081749072,0.7987101081749072,0.7196621551112455,0.3231396461228739,106336.90540752528,1.0,15632.407600576582,0.27583979328165387,0.05495444158326801,1724.4949292699428,0.4444444444444444,0.04827987145054022,0.060450992050462615,0.01872023325281058,2025-08-09,miles johns,jean matsumoto,0.0,0.2909559625850264,0.7090440374149736,240.0,-305.0,1.4444444444444444,3.2,0.04827987145054022
472,0.051267324082613995,0.0007750481385706554,1.4297358562641758,1.4,0,1.4,0.7148393200989791,0.7148393200989791,0,-250,True,10337.390888855289,0.9767441860465118,0.266950430587803,10337.390888855289,0.0,0.7987101081749072,0.7987101081749072,0.7196621551112455,0.3231396461228739,106336.90540752528,1.0,15632.407600576582,0.27583979328165387,0.05495444158326801,-3290.6497344788845,-1.0,0.04094523071276622,0.051267324082613995,0.015409424976290387,2025-08-09,andre fili,christian rodriguez,1.0,0.2851606799010209,0.7148393200989791,163.0,-200.0,1.4,3.1,-0.04094523071276622
473,0.0,-0.02449431123402032,1.3498699994877943,1.3333333333333333,0,1.3333333333333333,0.7316292665744848,0.7316292665744848,0,-300,True,-7448.674457187004,-1.0,0.14783535077576504,-7448.674457187004,0.0,0.7024349296132136,0.7024349296132136,0.47304113025931116,-0.23564623769914192,81279.01371967241,1.0,-17609.21723066587,-0.7647058823529411,0.048225213977918874,0.0,0.0,0.0,0.0,-0.009182811906737975,2025-08-16,tim elliott,kai asakura,1.0,0.2683707334255152,0.7316292665744848,225.0,-333.0,1.3333333333333333,3.65,-0.0
474,0.07626389664619425,0.03592385690302313,1.7739962160888485,1.7352941176470589,0,1.7352941176470589,0.5969730700797082,0.5969730700797082,0,-136,True,-7448.674457187004,-1.0,0.14783535077576504,-7448.674457187004,0.0,0.7024349296132136,0.7024349296132136,0.47304113025931116,-0.23564623769914192,81279.01371967241,1.0,-17609.21723066587,-0.7647058823529411,0.048225213977918874,4188.356996143922,0.7352941176470589,0.053567155193446375,0.07626389664619425,0.03327400977127515,2025-08-16,jessica andrade,loopy godinez,0.0,0.4030269299202918,0.5969730700797082,200.0,-275.0,1.7352941176470589,2.22,0.053567155193446375
475,0.0,-0.07856277074697848,1.5134220569964854,1.5,0,1.5,0.614291486168681,0.614291486168681,0,-200,True,-7448.674457187004,-1.0,0.14783535077576504,-7448.674457187004,0.0,0.7024349296132136,0.7024349296132136,0.47304113025931116,-0.23564623769914192,81279.01371967241,1.0,-17609.21723066587,-0.7647058823529411,0.048225213977918874,0.0,0.0,0.0,0.0,-0.04646272669417695,2025-08-16,jared cannonier,michael page,0.0,0.3857085138313189,0.614291486168681,150.0,-200.0,1.5,2.88,0.0
476,0.0,-0.021827221129039676,1.5101812288071832,1.5555555555555556,0,1.5555555555555556,0.6288253578456173,0.6288253578456173,0,-180,True,-7448.674457187004,-1.0,0.14783535077576504,-7448.674457187004,0.0,0.7024349296132136,0.7024349296132136,0.47304113025931116,-0.23564623769914192,81279.01371967241,1.0,-17609.21723066587,-0.7647058823529411,0.048225213977918874,0.0,0.0,0.0,0.0,-0.03334682448898241,2025-08-16,dricus du plessis,khamzat chimaev,0.0,0.3711746421543827,0.6288253578456173,185.0,-225.0,1.5555555555555556,3.2,0.0
477,0.0,-0.04325439961228861,1.568402573252382,1.5405405405405406,0,1.5405405405405406,0.6210453897253565,0.6210453897253565,0,-185,True,-7448.674457187004,-1.0,0.14783535077576504,-7448.674457187004,0.0,0.7024349296132136,0.7024349296132136,0.47304113025931116,-0.23564623769914192,81279.01371967241,1.0,-17609.21723066587,-0.7647058823529411,0.048225213977918874,0.0,0.0,0.0,0.0,-0.016546015092546273,2025-08-16,geoff neal,carlos prates,0.0,0.3789546102746435,0.6210453897253565,235.0,-290.0,1.5405405405405406,2.65,0.0
478,0.25266448891899373,0.07117906791314219,1.308522878834402,1.3003003003003002,1,1.3003003003003002,0.8237936018823935,0.8237936018823935,1,-333,True,-7448.674457187004,-1.0,0.14783535077576504,-7448.674457187004,0.0,0.7024349296132136,0.7024349296132136,0.47304113025931116,-0.23564623769914192,81279.01371967241,1.0,-17609.21723066587,-0.7647058823529411,0.048225213977918874,-18871.56061878953,-1.0,0.1774695299479161,0.25266448891899373,0.05957310854965647,2025-08-16,chase hooper,alexander hernandez,0.0,0.8237936018823935,0.1762063981176065,-278.0,210.0,4.1,1.3003003003003002,-0.1774695299479161
479,0.0,-0.07372379442779381,1.508679372471896,1.4761904761904765,0,1.4761904761904765,0.6274774295811718,0.6274774295811718,0,-210,True,-7448.674457187004,-1.0,0.14783535077576504,-7448.674457187004,0.0,0.7024349296132136,0.7024349296132136,0.47304113025931116,-0.23564623769914192,81279.01371967241,1.0,-17609.21723066587,-0.7647058823529411,0.048225213977918874,0.0,0.0,0.0,0.0,-0.03535393024682776,2025-08-16,gerald meerschaert,michal oleksiejczuk,0.0,0.3725225704188281,0.6274774295811718,163.0,-225.0,1.4761904761904765,2.8,0.0
480,0.13709354288236522,0.05540171298467511,1.5232036754268057,1.5,1,1.5,0.7036011419897834,0.7036011419897834,1,-200,True,-7448.674457187004,-1.0,0.14783535077576504,-7448.674457187004,0.0,0.7024349296132136,0.7024349296132136,0.47304113025931116,-0.23564623769914192,81279.01371967241,1.0,-17609.21723066587,-0.7647058823529411,0.048225213977918874,5119.771907833562,0.5,0.09629341550259643,0.13709354288236522,0.04709012108524324,2025-08-16,karine silva,dione barbosa,1.0,0.7036011419897834,0.2963988580102166,-163.0,120.0,2.8,1.5,0.09629341550259643
481,0.10772210769314973,0.07156252876744851,1.9672219843312009,1.9090909090909087,1,1.9090909090909087,0.5612946579258065,0.5612946579258065,1,-110,True,-7448.674457187004,-1.0,0.14783535077576504,-7448.674457187004,0.0,0.7024349296132136,0.7024349296132136,0.47304113025931116,-0.23564623769914192,81279.01371967241,1.0,-17609.21723066587,-0.7647058823529411,0.048225213977918874,-8045.785515853824,-1.0,0.07566315274099032,0.10772210769314973,0.05296361650550063,2025-08-16,edson barboza,drakkar klose,0.0,0.5612946579258065,0.4387053420741935,-150.0,110.0,1.970873786407767,1.9090909090909087,-0.07566315274099032
482,0.0,-0.030616290885463804,1.642541655317822,1.606060606060606,1,1.606060606060606,0.6035785358637679,0.6035785358637679,1,-165,True,-6645.54983366291,-1.0,0.42215468461236694,-6645.54983366291,0.0,0.7979144644128093,0.7979144644128093,0.6428689925732278,-0.06034864632301165,76373.93526722069,1.0,1740.4713812111877,0.08827404479578416,0.09618330630625956,0.0,0.0,0.0,0.0,-0.005234030175238269,2025-08-23,sumudaerji,kevin borjas,1.0,0.6035785358637679,0.3964214641362321,-166.0,130.0,2.45,1.606060606060606,0.0
483,0.018818696868084555,-0.007281719381677709,1.421454341731451,1.4,1,1.4,0.7090844861559445,0.7090844861559445,1,-250,True,-6645.54983366291,-1.0,0.42215468461236694,-6645.54983366291,0.0,0.7979144644128093,0.7979144644128093,0.6428689925732278,-0.06034864632301165,76373.93526722069,1.0,1740.4713812111877,0.08827404479578416,0.09618330630625956,0.0,0.0,0.0,0.018818696868084555,0.005579652661316881,2025-08-23,sergei pavlovich,waldo cortes acosta,1.0,0.7090844861559445,0.2909155138440554,-265.0,200.0,3.2,1.4,0.0
484,0.24117346293428515,0.1986011971293744,1.9624895660370083,1.9090909090909087,0,1.9090909090909087,0.6278387223058629,0.6278387223058629,0,-110,True,-6645.54983366291,-1.0,0.42215468461236694,-6645.54983366291,0.0,0.7979144644128093,0.7979144644128093,0.6428689925732278,-0.06034864632301165,76373.93526722069,1.0,1740.4713812111877,0.08827404479578416,0.09618330630625956,-15640.03693158983,-1.0,0.19242404915900677,0.24117346293428515,0.11828187303334958,2025-08-23,uran satybaldiev,diyar nurgozhay,1.0,0.3721612776941371,0.6278387223058629,-205.0,170.0,1.9090909090909087,1.9803921568627447,-0.19242404915900677
485,0.0,-0.02423602406396197,1.4306698226237613,1.4081632653061225,1,1.4081632653061225,0.6929338379835632,0.6929338379835632,1,-245,True,-6645.54983366291,-1.0,0.42215468461236694,-6645.54983366291,0.0,0.7979144644128093,0.7979144644128093,0.6428689925732278,-0.06034864632301165,76373.93526722069,1.0,1740.4713812111877,0.08827404479578416,0.09618330630625956,0.0,0.0,0.0,0.0,-0.0060394570329354025,2025-08-23,michel pereira,kyle daukaus,0.0,0.6929338379835632,0.3070661620164367,-295.0,220.0,3.15,1.4081632653061225,-0.0
486,0.0,-0.05774928030765569,1.2990292034898785,1.2857142857142856,0,1.2857142857142856,0.7328616708718234,0.7328616708718234,0,-350,True,-6645.54983366291,-1.0,0.42215468461236694,-6645.54983366291,0.0,0.7979144644128093,0.7979144644128093,0.6428689925732278,-0.06034864632301165,76373.93526722069,1.0,1740.4713812111877,0.08827404479578416,0.09618330630625956,0.0,0.0,0.0,0.0,-0.03694396345377282,2025-08-23,johnny walker,zhang mingyang,1.0,0.2671383291281766,0.7328616708718234,280.0,-390.0,1.2857142857142856,4.1,-0.0
487,0.0,-0.03335085862685844,1.1141227010502364,1.1052631578947367,1,1.1052631578947367,0.8745873183852234,0.8745873183852234,1,-950,True,-6645.54983366291,-1.0,0.42215468461236694,-6645.54983366291,0.0,0.7979144644128093,0.7979144644128093,0.6428689925732278,-0.06034864632301165,76373.93526722069,1.0,1740.4713812111877,0.08827404479578416,0.09618330630625956,0.0,0.0,0.0,0.0,-0.022979887684038358,2025-08-23,yizha,westin wilson,1.0,0.8745873183852234,0.1254126816147766,-1400.0,680.0,8.25,1.1052631578947367,0.0
488,0.18513252123853632,0.059019140124462965,1.3776719276921858,1.3636363636363638,1,1.3636363636363638,0.7766140360912728,0.7766140360912728,1,-275,True,-6645.54983366291,-1.0,0.42215468461236694,-6645.54983366291,0.0,0.7979144644128093,0.7979144644128093,0.6428689925732278,-0.06034864632301165,76373.93526722069,1.0,1740.4713812111877,0.08827404479578416,0.09618330630625956,4365.744109776074,0.36363636363636376,0.14771090042125315,0.18513252123853632,0.05075181889769531,2025-08-23,rongzhu,austin hubbard,1.0,0.7766140360912728,0.2233859639087272,-350.0,255.0,3.5,1.3636363636363638,0.14771090042125315
489,0.0,-0.0647140705015749,1.4255140923485123,1.4,0,1.4,0.6680613782131608,0.6680613782131608,0,-250,True,-6645.54983366291,-1.0,0.42215468461236694,-6645.54983366291,0.0,0.7979144644128093,0.7979144644128093,0.6428689925732278,-0.06034864632301165,76373.93526722069,1.0,1740.4713812111877,0.08827404479578416,0.09618330630625956,0.0,0.0,0.0,0.0,-0.03343992953786645,2025-08-23,charles johnson,loneer kavanagh,1.0,0.3319386217868392,0.6680613782131608,186.0,-245.0,1.4,3.15,-0.0
490,0.2769536770832121,0.1865119841515247,1.7591346716759757,1.7246376811594204,0,1.7246376811594204,0.6879775370290353,0.6879775370290353,0,-138,True,-6645.54983366291,-1.0,0.42215468461236694,-6645.54983366291,0.0,0.7979144644128093,0.7979144644128093,0.6428689925732278,-0.06034864632301165,76373.93526722069,1.0,1740.4713812111877,0.08827404479578416,0.09618330630625956,13014.764203024944,0.7246376811594204,0.22097185704195338,0.2769536770832121,0.11951622698773379,2025-08-23,maheshate,gauge young,0.0,0.3120224629709646,0.6879775370290353,-102.0,-125.0,1.7246376811594204,2.25,0.22097185704195338
491,0.21831297550956147,0.09819472864785894,1.5678765544990232,1.5319148936170213,1,1.5319148936170213,0.716877114534019,0.716877114534019,1,-188,True,-5624.299142916299,-1.0,0.18634830024882065,-5624.299142916299,0.0,0.6795365338647603,0.6795365338647603,0.40633149521361556,-0.05376070631943437,72268.01856286015,1.0,1518.3824385557568,0.5550600374630088,0.04429203852721303,6026.333624484497,0.5319148936170213,0.14834258800977906,0.21831297550956147,0.07907179935757924,2025-09-06,sam patterson,trey waters,1.0,0.716877114534019,0.2831228854659809,-210.0,170.0,2.62,1.5319148936170213,0.14834258800977906
492,0.0,-0.0350181724211317,1.1887115939342898,1.1785714285714286,1,1.1785714285714286,0.8187724597638882,0.8187724597638882,1,-560,True,-5624.299142916299,-1.0,0.18634830024882065,-5624.299142916299,0.0,0.6795365338647603,0.6795365338647603,0.40633149521361556,-0.05376070631943437,72268.01856286015,1.0,1518.3824385557568,0.5550600374630088,0.04429203852721303,0.0,0.0,0.0,0.0,-0.022474487858024528,2025-09-06,oumar sy,brendson ribeiro,1.0,0.8187724597638882,0.1812275402361117,-400.0,275.0,5.75,1.1785714285714286,0.0
493,0.0,-0.02830516048195819,1.4137824117293745,1.4,0,1.4,0.694067742512887,0.694067742512887,0,-250,True,-5624.299142916299,-1.0,0.18634830024882065,-5624.299142916299,0.0,0.6795365338647603,0.6795365338647603,0.40633149521361556,-0.05376070631943437,72268.01856286015,1.0,1518.3824385557568,0.5550600374630088,0.04429203852721303,0.0,0.0,0.0,0.0,-0.01325467973791361,2025-09-06,shauna bannon,sam hughes,0.0,0.3059322574871129,0.694067742512887,175.0,-250.0,1.4,3.3,0.0
494,0.13665458460997415,0.08027134833318667,1.8295769032290057,1.7751937984496124,1,1.7751937984496124,0.6085371350872536,0.6085371350872536,1,-129,True,-5624.299142916299,-1.0,0.18634830024882065,-5624.299142916299,0.0,0.6795365338647603,0.6795365338647603,0.40633149521361556,-0.05376070631943437,72268.01856286015,1.0,1518.3824385557568,0.5550600374630088,0.04429203852721303,-7091.786910766025,-1.0,0.09285611492916988,0.13665458460997415,0.06196267941113087,2025-09-06,andreas gustafsson,rinat fakhretdinov,0.0,0.6085371350872536,0.3914628649127464,110.0,-135.0,2.12,1.7751937984496124,-0.09285611492916988
495,0.11212641018080154,0.02484032227932395,1.3112530142307657,1.2985074626865671,1,1.2985074626865671,0.7892448458932725,0.7892448458932725,1,-335,True,-5624.299142916299,-1.0,0.18634830024882065,-5624.299142916299,0.0,0.6795365338647603,0.6795365338647603,0.40633149521361556,-0.05376070631943437,72268.01856286015,1.0,1518.3824385557568,0.5550600374630088,0.04429203852721303,1736.9790581162604,0.29850746268656714,0.07618934161674534,0.11212641018080154,0.02661552176802684,2025-09-06,modestas bukauskas,paul craig,1.0,0.7892448458932725,0.2107551541067275,-275.0,200.0,4.0,1.2985074626865671,0.07618934161674534
496,0.02251943685140691,0.012110915659094557,1.7320933916789227,1.7246376811594204,0,1.7246376811594204,0.5868542284073741,0.5868542284073741,0,-138,True,-5624.299142916299,-1.0,0.18634830024882065,-5624.299142916299,0.0,0.6795365338647603,0.6795365338647603,0.40633149521361556,-0.05376070631943437,72268.01856286015,1.0,1518.3824385557568,0.5550600374630088,0.04429203852721303,846.8566667210251,0.7246376811594204,0.015301846055019224,0.02251943685140691,0.009518153572115162,2025-09-06,bolaji oki,mason jones,0.0,0.4131457715926259,0.5868542284073741,163.0,-225.0,1.7246376811594204,2.35,0.015301846055019224
497,0.0,-0.04137484774840067,1.832669528032273,1.8,0,1.8,0.5325695290286663,0.5325695290286663,0,-125,True,-5624.299142916299,-1.0,0.18634830024882065,-5624.299142916299,0.0,0.6795365338647603,0.6795365338647603,0.40633149521361556,-0.05376070631943437,72268.01856286015,1.0,1518.3824385557568,0.5550600374630088,0.04429203852721303,0.0,0.0,0.0,0.0,-0.013082583752242138,2025-09-06,nassourdine imavov,caio borralho,1.0,0.4674304709713337,0.5325695290286663,-150.0,110.0,1.8,2.15,-0.0
498,0.0,-0.14840609320349984,1.6186177429493804,1.6134969325153374,0,1.6134969325153374,0.5277939422350932,0.5277939422350932,0,-163,True,-5624.299142916299,-1.0,0.18634830024882065,-5624.299142916299,0.0,0.6795365338647603,0.6795365338647603,0.40633149521361556,-0.05376070631943437,72268.01856286015,1.0,1518.3824385557568,0.5550600374630088,0.04429203852721303,0.0,0.0,0.0,0.0,-0.0900171526673017,2025-09-06,benoit st denis,mauricio ruffy,1.0,0.4722060577649068,0.5277939422350932,175.0,-225.0,1.6134969325153374,2.6,-0.0
499,0.03815459056104201,0.01175293682936912,1.4861034147075678,1.4761904761904765,0,1.4761904761904765,0.6853810217231209,0.6853810217231209,0,-210,True,-5297.620932653116,-1.0,0.5374618373380275,-5297.620932653116,0.0,0.8253934037461744,0.7851163023138096,1.0,-0.3561304402350661,46531.17729715283,0.8333333333333334,-20439.220333054196,-2.761904761904762,0.07663330356126666,-2164.7135325211725,-1.0,0.02995396270119489,0.03815459056104201,0.012480340583929883,2025-09-13,diego lopes,jean silva,1.0,0.3146189782768792,0.6853810217231209,150.0,-200.0,1.4761904761904765,3.0,-0.02995396270119489
500,0.22681274215145927,0.21733142774743142,2.024829751517357,2.0,1,2.0,0.6086657138737157,0.6086657138737157,1,100,True,-5297.620932653116,-1.0,0.5374618373380275,-5297.620932653116,0.0,0.8253934037461744,0.7851163023138096,1.0,-0.3561304402350661,46531.17729715283,0.8333333333333334,-20439.220333054196,-2.761904761904762,0.07663330356126666,12868.297236684864,1.0,0.17806351263791417,0.22681274215145927,0.11479703219782417,2025-09-13,alexander hernandez,diego ferreira,1.0,0.6086657138737157,0.3913342861262843,-150.0,120.0,1.9523809523809523,2.0,0.17806351263791417
501,0.1839616297647866,0.14568179018327054,1.850613000600279,1.8333333333333333,1,1.8333333333333333,0.6249173400999658,0.6249173400999658,1,-120,True,-5297.620932653116,-1.0,0.5374618373380275,-5297.620932653116,0.0,0.8253934037461744,0.7851163023138096,1.0,-0.3561304402350661,46531.17729715283,0.8333333333333334,-20439.220333054196,-2.761904761904762,0.07663330356126666,-10437.124958250575,-1.0,0.14442245914314308,0.1839616297647866,0.08455584924497217,2025-09-13,rob font,david martinez,0.0,0.6249173400999658,0.3750826599000342,-225.0,175.0,2.15,1.8333333333333333,-0.14442245914314308
502,0.0,-0.1821758193841997,1.6184940690177323,1.5882352941176472,0,1.5882352941176472,0.5149263359432816,0.5149263359432816,0,-170,True,-5297.620932653116,-1.0,0.5374618373380275,-5297.620932653116,0.0,0.8253934037461744,0.7851163023138096,1.0,-0.3561304402350661,46531.17729715283,0.8333333333333334,-20439.220333054196,-2.761904761904762,0.07663330356126666,0.0,0.0,0.0,0.0,-0.10293196773706625,2025-09-13,rafa garcia,jared gordon,1.0,0.4850736640567183,0.5149263359432816,150.0,-200.0,1.5882352941176472,2.52,-0.0
503,0.0,-0.06439243310730769,1.479305443263697,1.4545454545454546,1,1.4545454545454546,0.643230202238726,0.643230202238726,1,-220,True,-5297.620932653116,-1.0,0.5374618373380275,-5297.620932653116,0.0,0.8253934037461744,0.7851163023138096,1.0,-0.3561304402350661,46531.17729715283,0.8333333333333334,-20439.220333054196,-2.761904761904762,0.07663330356126666,0.0,0.0,0.0,0.0,-0.032762713594642445,2025-09-13,kelvin gastelum,dustin stoltzfus,1.0,0.643230202238726,0.356769797761274,-225.0,175.0,2.94,1.4545454545454546,0.0
504,0.11685931993579964,0.045765873973840854,1.5715053430794208,1.5405405405405406,0,1.5405405405405406,0.6788304795970546,0.6788304795970546,0,-185,True,-5297.620932653116,-1.0,0.5374618373380275,-5297.620932653116,0.0,0.8253934037461744,0.7851163023138096,1.0,-0.3561304402350661,46531.17729715283,0.8333333333333334,-20439.220333054196,-2.761904761904762,0.07663330356126666,-6630.052833656674,-1.0,0.09174255729579361,0.11685931993579964,0.042497931060843874,2025-09-13,jesus aguilar,luis gurule,1.0,0.3211695204029454,0.6788304795970546,163.0,-225.0,1.5405405405405406,2.63,-0.09174255729579361
505,0.29603463449621037,0.061379235717794356,1.2543187988344144,1.238095238095238,1,1.238095238095238,0.8572678442336032,0.8572678442336032,1,-420,True,-5297.620932653116,-1.0,0.5374618373380275,-5297.620932653116,0.0,0.8253934037461744,0.7851163023138096,1.0,-0.3561304402350661,46531.17729715283,0.8333333333333334,-20439.220333054196,-2.761904761904762,0.07663330356126666,3998.9582353429037,0.23809523809523792,0.2324074317027392,0.29603463449621037,0.060022358533111664,2025-09-13,tatiana suarez,amanda lemos,1.0,0.8572678442336032,0.1427321557663967,-275.0,200.0,4.5,1.238095238095238,0.2324074317027392
506,0.0,-0.061378231395441074,1.2698136055618872,1.25,0,1.25,0.7508974148836471,0.7508974148836471,0,-400,True,-5297.620932653116,-1.0,0.5374618373380275,-5297.620932653116,0.0,0.8253934037461744,0.7851163023138096,1.0,-0.3561304402350661,46531.17729715283,0.8333333333333334,-20439.220333054196,-2.761904761904762,0.07663330356126666,0.0,0.0,0.0,0.0,-0.03661974166587989,2025-09-13,jose daniel medina,dusko todorovic,0.0,0.2491025851163528,0.7508974148836471,200.0,-275.0,1.25,4.25,0.0
507,0.31857719742580065,0.2629771993835487,1.840094518643533,1.8333333333333333,1,1.8333333333333333,0.6888966542092084,0.6888966542092084,1,-120,True,-5297.620932653116,-1.0,0.5374618373380275,-5297.620932653116,0.0,0.8253934037461744,0.7851163023138096,1.0,-0.3561304402350661,46531.17729715283,0.8333333333333334,-20439.220333054196,-2.761904761904762,0.07663330356126666,-18074.584480653542,-1.0,0.25010488512192863,0.31857719742580065,0.1454463097469182,2025-09-13,claudio puelles,joaquim silva,0.0,0.6888966542092084,0.3111033457907916,-110.0,-120.0,2.18,1.8333333333333333,-0.25010488512192863
508,0.16079766637210857,0.05760931008423653,1.456129488798584,1.434782608695652,1,1.434782608695652,0.7371216403617407,0.7371216403617407,1,-230,True,-2207.37624882753,-1.0,0.19291103781770502,-2207.37624882753,0.0,0.6174572132765302,0.6174572132765302,0.4973151786556044,-0.025672393495665993,45336.61060376373,0.8571428571428571,1012.8095554384226,0.25986730648156753,0.03624202615027496,2008.5206767799314,0.4347826086956521,0.0992796190625615,0.16079766637210857,0.05036952958272267,2025-09-27,carlos ulberg,dominick reyes,1.0,0.7371216403617407,0.2628783596382593,-175.0,145.0,3.05,1.434782608695652,0.0992796190625615
509,0.10471597252724231,0.036327077490062865,1.4611127444729806,1.4444444444444444,1,1.4444444444444444,0.7174572074931205,0.7174572074931205,1,-225,True,-2207.37624882753,-1.0,0.19291103781770502,-2207.37624882753,0.0,0.6174572132765302,0.6174572132765302,0.4973151786556044,-0.025672393495665993,45336.61060376373,0.8571428571428571,1012.8095554384226,0.25986730648156753,0.03624202615027496,1337.0720600819907,0.4444444444444444,0.06465368619350532,0.10471597252724231,0.033047326200423055,2025-09-27,jimmy crute,ivan erslan,1.0,0.7174572074931205,0.2825427925068795,-235.0,195.0,3.06,1.4444444444444444,0.06465368619350532
510,0.08099278917747155,0.024678329976394575,1.386235436254299,1.3773584905660377,1,1.3773584905660377,0.743944540941766,0.743944540941766,1,-265,True,-2207.37624882753,-1.0,0.19291103781770502,-2207.37624882753,0.0,0.6174572132765302,0.6174572132765302,0.4973151786556044,-0.025672393495665993,45336.61060376373,0.8571428571428571,1012.8095554384226,0.25986730648156753,0.03624202615027496,878.0613935455914,0.37735849056603765,0.05000652955836977,0.08099278917747155,0.022566358097106498,2025-09-27,jack jenkins,ramon taveras,1.0,0.743944540941766,0.256055459058234,-300.0,240.0,3.5,1.3773584905660377,0.05000652955836977
511,0.14329504689177075,0.07444843367181331,1.664472725271931,1.6329113924050631,1,1.6329113924050631,0.6579955524036687,0.6579955524036687,1,-158,True,-2207.37624882753,-1.0,0.19291103781770502,-2207.37624882753,0.0,0.6174572132765302,0.6174572132765302,0.4973151786556044,-0.025672393495665993,45336.61060376373,0.8571428571428571,1012.8095554384226,0.25986730648156753,0.03624202615027496,2605.5444906790085,0.6329113924050631,0.08847316002736798,0.14329504689177075,0.05720469244131854,2025-09-27,tom nolan,charlie campbell,1.0,0.6579955524036687,0.3420044475963313,-160.0,135.0,2.42,1.6329113924050631,0.08847316002736798
512,0.10724987157137311,0.023961511820238868,1.3266981169370116,1.3125,1,1.3125,0.7801611518630391,0.7801611518630391,1,-320,True,-2207.37624882753,-1.0,0.19291103781770502,-2207.37624882753,0.0,0.6174572132765302,0.6174572132765302,0.4973151786556044,-0.025672393495665993,45336.61060376373,0.8571428571428571,1012.8095554384226,0.25986730648156753,0.03624202615027496,-3081.2091732076155,-1.0,0.06621816494198504,0.10724987157137311,0.02641017623888542,2025-09-27,jake matthews,neil magny,0.0,0.7801611518630391,0.2198388481369608,-480.0,360.0,3.85,1.3125,-0.06621816494198504
513,0.0,-0.17504938572155088,1.4620616849915289,1.4444444444444444,0,1.4444444444444444,0.5711196560389263,0.5711196560389263,0,-225,True,-2207.37624882753,-1.0,0.19291103781770502,-2207.37624882753,0.0,0.6174572132765302,0.6174572132765302,0.4973151786556044,-0.025672393495665993,45336.61060376373,0.8571428571428571,1012.8095554384226,0.25986730648156753,0.03624202615027496,0.0,0.0,0.0,0.0,-0.11284601399078509,2025-09-27,loma lookboonmee,alexia thainara,0.0,0.4288803439610736,0.5711196560389263,170.0,-205.0,1.4444444444444444,3.05,0.0
514,0.026549913778531824,0.0017143282065686938,1.381895949678032,1.3703703703703702,1,1.3703703703703702,0.7309807259885772,0.7309807259885772,1,-270,True,-2207.37624882753,-1.0,0.19291103781770502,-2207.37624882753,0.0,0.6174572132765302,0.6174572132765302,0.4973151786556044,-0.025672393495665993,45336.61060376373,0.8571428571428571,1012.8095554384226,0.25986730648156753,0.03624202615027496,282.50344761258447,0.37037037037037024,0.016392435198510448,0.026549913778531824,0.007337241663299299,2025-09-27,navajo stirling,rodolfo bellato,1.0,0.7309807259885772,0.2690192740114228,-210.0,175.0,3.5,1.3703703703703702,0.016392435198510448
515,0.105038682046646,0.11025434114232768,2.175622755935188,2.15,0,2.15,0.5163973679731757,0.5163973679731757,0,115,True,-2207.37624882753,-1.0,0.19291103781770502,-2207.37624882753,0.0,0.6174572132765302,0.6174572132765302,0.4973151786556044,-0.025672393495665993,45336.61060376373,0.8571428571428571,1012.8095554384226,0.25986730648156753,0.03624202615027496,-3017.6833400530677,-1.0,0.06485293335223037,0.105038682046646,0.05675885882816928,2025-09-27,jamie mullarkey,rolando bedoya,1.0,0.4836026320268242,0.5163973679731757,-105.0,-115.0,2.15,1.8333333333333333,-0.06485293335223037
516,0.0,-0.021833680411057294,1.210666190371596,1.2,0,1.2,0.8151385996574523,0.8151385996574523,0,-500,True,5195.909113831923,1.2115384615384617,0.2733069825170351,5195.909113831923,0.0,0.7715111703532744,0.6496827457506701,1.0,0.29147160322308285,58550.94518114336,1.0,8018.42546354771,0.46211453970074645,0.049216815444733455,0.0,0.0,0.0,0.0,-0.010852914727751517,2025-10-04,chris gutierrez,farid basharat,0.0,0.1848614003425476,0.8151385996574523,225.0,-333.0,1.2,5.3,0.0
517,0.0600375872336347,0.014767890981926851,1.3048276983209095,1.3003003003003002,1,1.3003003003003002,0.780410410385639,0.780410410385639,1,-333,True,5195.909113831923,1.2115384615384617,0.2733069825170351,5195.909113831923,0.0,0.7715111703532744,0.6496827457506701,1.0,0.29147160322308285,58550.94518114336,1.0,8018.42546354771,0.46211453970074645,0.049216815444733455,531.010209211927,0.3003003003003002,0.039003003822454266,0.0600375872336347,0.014025698222623673,2025-10-04,punahele soriano,nikolay veretennikov,1.0,0.780410410385639,0.219589589614361,-220.0,185.0,4.2,1.3003003003003002,0.039003003822454266
518,0.3118841166766146,0.06412419057407115,1.243571633559717,1.2298850574712643,0,1.2298850574712643,0.8652224727097588,0.8652224727097588,0,-435,True,5195.909113831923,1.2115384615384617,0.2733069825170351,5195.909113831923,0.0,0.7715111703532744,0.6496827457506701,1.0,0.29147160322308285,58550.94518114336,1.0,8018.42546354771,0.46211453970074645,0.049216815444733455,2111.678872517988,0.2298850574712643,0.20261336198543853,0.3118841166766146,0.06108705098298173,2025-10-04,josh emmett,youssef zalal,0.0,0.1347775272902411,0.8652224727097588,240.0,-350.0,1.2298850574712643,4.7,0.20261336198543853
519,0.12037674310006924,0.05032742767576831,1.5170062735414969,1.5,1,1.5,0.7002182851171789,0.7002182851171789,1,-200,True,5195.909113831923,1.2115384615384617,0.2733069825170351,5195.909113831923,0.0,0.7715111703532744,0.6496827457506701,1.0,0.29147160322308285,58550.94518114336,1.0,8018.42546354771,0.46211453970074645,0.049216815444733455,-3545.4099784623872,-1.0,0.07820191962405008,0.12037674310006924,0.041025230057841644,2025-10-04,macy chiasson,yana santos,0.0,0.7002182851171789,0.2997817148828211,-225.0,163.0,2.85,1.5,-0.07820191962405008
520,0.2250366625376534,0.16684378357271534,1.7836417607705488,1.7692307692307692,1,1.7692307692307692,0.6595203994106652,0.6595203994106652,1,-130,True,5195.909113831923,1.2115384615384617,0.2733069825170351,5195.909113831923,0.0,0.7715111703532744,0.6496827457506701,1.0,0.29147160322308285,58550.94518114336,1.0,8018.42546354771,0.46211453970074645,0.049216815444733455,5098.398758724314,0.7692307692307692,0.14619351332345465,0.2250366625376534,0.09886970037792264,2025-10-04,daniel santos,joosang yoo,1.0,0.6595203994106652,0.3404796005893348,102.0,-130.0,2.25,1.7692307692307692,0.14619351332345465
521,0.3839766761459516,0.09124031892113615,1.2597212651694265,1.25,1,1.25,0.8729922551369089,0.8729922551369089,1,-400,True,5195.909113831923,1.2115384615384617,0.2733069825170351,5195.909113831923,0.0,0.7715111703532744,0.6496827457506701,1.0,0.29147160322308285,58550.94518114336,1.0,8018.42546354771,0.46211453970074645,0.049216815444733455,2827.2793897841684,0.25,0.2494477952482363,0.3839766761459516,0.07916585270215704,2025-10-04,merab dvalishvili,cory sandhagen,1.0,0.8729922551369089,0.127007744863091,-385.0,285.0,4.6,1.25,0.2494477952482363
522,0.15888486129892346,0.07668886829985139,1.5772714777520536,1.5555555555555556,1,1.5555555555555556,0.692157129621333,0.692157129621333,1,-180,True,5195.909113831923,1.2115384615384617,0.2733069825170351,5195.909113831923,0.0,0.7715111703532744,0.6496827457506701,1.0,0.29147160322308285,58550.94518114336,1.0,8018.42546354771,0.46211453970074645,0.049216815444733455,2599.7637738948656,0.5555555555555556,0.10321845260797399,0.15888486129892346,0.05815086367071043,2025-10-04,jiri prochazka,khalil rountree jr,1.0,0.692157129621333,0.307842870378667,-215.0,165.0,2.65,1.5555555555555556,0.10321845260797399
523,0.05823013254143359,0.013502483126027587,1.3677359505248123,1.3571428571428572,1,1.3571428571428572,0.7467913033560203,0.7467913033560203,1,-280,True,5195.909113831923,1.2115384615384617,0.2733069825170351,5195.909113831923,0.0,0.7715111703532744,0.6496827457506701,1.0,0.29147160322308285,58550.94518114336,1.0,8018.42546354771,0.46211453970074645,0.049216815444733455,612.5106170928607,0.3571428571428572,0.03782880336708788,0.05823013254143359,0.015656028585849024,2025-10-04,edmen shahbazyan,andre muniz,1.0,0.7467913033560203,0.2532086966439797,-250.0,175.0,3.6,1.3571428571428572,0.03782880336708788
524,0.07526686886966592,0.06335233111407018,1.5201506399988292,1.5555555555555556,1,1.5555555555555556,0.6835836414304737,0.6835836414304737,1,-180,True,5195.909113831923,1.2115384615384617,0.2733069825170351,5195.909113831923,0.0,0.7715111703532744,0.6496827457506701,1.0,0.29147160322308285,58550.94518114336,1.0,8018.42546354771,0.46211453970074645,0.049216815444733455,-2216.8061792160256,-1.0,0.04889660143742621,0.07526686886966592,0.02575409895778147,2025-10-04,magomed ankalaev,alex pereira,0.0,0.6835836414304737,0.3164163585695263,-180.0,150.0,3.1,1.5555555555555556,-0.04889660143742621
525,0.0,-0.029357818182172035,1.2990292034898785,1.2857142857142856,1,1.2857142857142856,0.754943919191644,0.754943919191644,1,-350,True,-4986.455454305612,-1.0,0.3266397927570326,-4986.455454305612,0.0,0.7180791136640934,0.7180791136640934,0.7990519716180752,-0.11634700332709685,51738.71816734821,1.0,-1825.7715594895399,-0.5380952380952382,0.0500277277571172,0.0,0.0,0.0,0.0,-0.01486171513395218,2025-10-11,luan lacerda,saimon oliveira,1.0,0.754943919191644,0.2450560808083559,-200.0,150.0,4.1,1.2857142857142856,0.0
526,0.05122460569947053,0.048785338761379915,1.9523809523809947,1.9523809523809523,1,1.9523809523809523,0.5371827344875361,0.5371827344875361,1,-105,True,-4986.455454305612,-1.0,0.3266397927570326,-4986.455454305612,0.0,0.7180791136640934,0.7180791136640934,0.7990519716180752,-0.11634700332709685,51738.71816734821,1.0,-1825.7715594895399,-0.5380952380952382,0.0500277277571172,2051.015876087551,0.9523809523809523,0.03678107438281793,0.05122460569947053,0.02498761253632764,2025-10-11,charles oliveira,mateusz gamrot,1.0,0.5371827344875361,0.4628172655124639,-125.0,-102.0,2.05,1.9523809523809523,0.03678107438281793
527,0.30172840461812267,0.1290925262401943,1.409857648147778,1.4166666666666667,0,1.4166666666666667,0.7970064891107254,0.7970064891107254,0,-240,True,-4986.455454305612,-1.0,0.3266397927570326,-4986.455454305612,0.0,0.7180791136640934,0.7180791136640934,0.7990519716180752,-0.11634700332709685,51738.71816734821,1.0,-1825.7715594895399,-0.5380952380952382,0.0500277277571172,5285.482652594072,0.41666666666666674,0.2166516411815516,0.30172840461812267,0.08771502176736257,2025-10-11,lucas almeida,michael aswell jr,0.0,0.2029935108892746,0.7970064891107254,115.0,-140.0,1.4166666666666667,3.5,0.2166516411815516
528,0.0,-0.04757401354354884,1.1970271065630138,1.1904761904761905,0,1.1904761904761905,0.800037828623419,0.800037828623419,0,-525,True,-4986.455454305612,-1.0,0.3266397927570326,-4986.455454305612,0.0,0.7180791136640934,0.7180791136640934,0.7990519716180752,-0.11634700332709685,51738.71816734821,1.0,-1825.7715594895399,-0.5380952380952382,0.0500277277571172,0.0,0.0,0.0,0.0,-0.035365141382221466,2025-10-11,vicente luque,joel alvarez,0.0,0.199962171376581,0.800037828623419,330.0,-400.0,1.1904761904761905,5.75,0.0
529,0.07596206214925295,0.0076867247616052015,1.3250155992183357,1.303030303030303,0,1.303030303030303,0.7733409748170459,0.7733409748170459,0,-330,True,-4986.455454305612,-1.0,0.3266397927570326,-4986.455454305612,0.0,0.7180791136640934,0.7180791136640934,0.7990519716180752,-0.11634700332709685,51738.71816734821,1.0,-1825.7715594895399,-0.5380952380952382,0.0500277277571172,-3193.5700233722114,-1.0,0.05454344098958657,0.07596206214925295,0.018632878859588198,2025-10-11,deiveson figueiredo,montel jackson,1.0,0.226659025182954,0.7733409748170459,190.0,-225.0,1.303030303030303,3.75,-0.05454344098958657
530,0.11775617833409324,0.10694059110408582,1.8890006508189527,1.8928571428571428,1,1.8928571428571428,0.5847988028474416,0.5847988028474416,1,-112,True,-4986.455454305612,-1.0,0.3266397927570326,-4986.455454305612,0.0,0.7180791136640934,0.7180791136640934,0.7990519716180752,-0.11634700332709685,51738.71816734821,1.0,-1825.7715594895399,-0.5380952380952382,0.0500277277571172,4420.235182377375,0.8928571428571428,0.08455309114048337,0.11775617833409324,0.055418360566247826,2025-10-11,jafel filho,clayton carpenter,1.0,0.5847988028474416,0.4152011971525584,-150.0,130.0,2.13,1.8928571428571428,0.08455309114048337
531,0.1817465131306083,0.17496109656722114,1.9479311911288928,1.9523809523809523,0,1.9523809523809523,0.6018093421441865,0.6018093421441865,0,-105,True,-4986.455454305612,-1.0,0.3266397927570326,-4986.455454305612,0.0,0.7180791136640934,0.7180791136640934,0.7990519716180752,-0.11634700332709685,51738.71816734821,1.0,-1825.7715594895399,-0.5380952380952382,0.0500277277571172,-7640.922320485513,-1.0,0.13050040946130298,0.1817465131306083,0.08844418604723736,2025-10-11,lucas rocha,stewart nicoll,1.0,0.3981906578558135,0.6018093421441865,170.0,-200.0,1.9523809523809523,2.06,-0.13050040946130298
532,0.16703475591559436,0.02606837516853608,1.210666190371596,1.2,1,1.2,0.8550569793071134,0.8550569793071134,1,-500,True,-4986.455454305612,-1.0,0.3266397927570326,-4986.455454305612,0.0,0.7180791136640934,0.7180791136640934,0.7990519716180752,-0.11634700332709685,51738.71816734821,1.0,-1825.7715594895399,-0.5380952380952382,0.0500277277571172,1404.4831703099892,0.19999999999999996,0.11993684866784275,0.16703475591559436,0.029065464921909645,2025-10-11,julia polastri,karolina kowalkiewicz,1.0,0.8550569793071134,0.1449430206928865,-400.0,330.0,5.3,1.2,0.11993684866784275
533,0.09877101935652204,0.06500140829330003,1.8692312388290209,1.8333333333333333,1,1.8333333333333333,0.5809098590690728,0.5809098590690728,1,-120,True,-4986.455454305612,-1.0,0.3266397927570326,-4986.455454305612,0.0,0.7180791136640934,0.7180791136640934,0.7990519716180752,-0.11634700332709685,51738.71816734821,1.0,-1825.7715594895399,-0.5380952380952382,0.0500277277571172,-4152.4960970008015,-1.0,0.0709210770919909,0.09877101935652204,0.045930569601147164,2025-10-11,jhonata diniz,mario pinto,0.0,0.5809098590690728,0.4190901409309272,-170.0,145.0,2.1,1.8333333333333333,-0.0709210770919909
534,0.0,-0.02049896787754596,1.4948010421418512,1.5,1,1.5,0.653000688081636,0.653000688081636,1,-200,True,-4986.455454305612,-1.0,0.3266397927570326,-4986.455454305612,0.0,0.7180791136640934,0.7180791136640934,0.7990519716180752,-0.11634700332709685,51738.71816734821,1.0,-1825.7715594895399,-0.5380952380952382,0.0500277277571172,0.0,0.0,0.0,0.0,-0.015984663017084788,2025-10-11,ricardo ramos,kaan ofli,0.0,0.653000688081636,0.346999311918364,-155.0,135.0,3.05,1.5,-0.0
535,0.0,-0.01594248886037769,1.3589678611979388,1.3389830508474576,1,1.3389830508474576,0.7349290273068065,0.7349290273068065,1,-295,True,-4986.455454305612,-1.0,0.3266397927570326,-4986.455454305612,0.0,0.7180791136640934,0.7180791136640934,0.7990519716180752,-0.11634700332709685,51738.71816734821,1.0,-1825.7715594895399,-0.5380952380952382,0.0500277277571172,0.0,0.0,0.0,0.0,-0.0009235476897012651,2025-10-11,vitor petrino,thomas petersen,1.0,0.7349290273068065,0.2650709726931934,-225.0,190.0,3.55,1.3389830508474576,0.0
536,0.12156975994064792,0.05203086052882494,1.4861034147075678,1.4761904761904765,1,1.4761904761904765,0.712666066809849,0.712666066809849,1,-210,True,6716.092773806578,2.068027210884354,0.20273696404578345,6716.092773806578,0.0,0.6403163497909244,0.6403163497909244,0.4706957589537829,0.017579417297448136,52648.254684447085,1.0,-5806.556256707703,-1.4761904761904763,0.05072655097012717,-4027.256648010198,-1.0,0.07783835376408223,0.12156975994064792,0.039765385670658016,2025-10-18,reinier de ridder,brendan allen,0.0,0.712666066809849,0.287333933190151,-175.0,140.0,3.0,1.4761904761904765,-0.07783835376408223
537,0.1053374576340389,0.0790198991189427,2.0,1.9523809523809523,1,1.9523809523809523,0.5526687288170195,0.5526687288170195,1,-105,True,6716.092773806578,2.068027210884354,0.20273696404578345,6716.092773806578,0.0,0.6403163497909244,0.6403163497909244,0.4706957589537829,0.017579417297448136,52648.254684447085,1.0,-5806.556256707703,-1.4761904761904763,0.05072655097012717,-3489.527138560498,-1.0,0.06744517959014114,0.1053374576340389,0.05266872881701945,2025-10-18,kevin holland,mike malott,0.0,0.5526687288170195,0.4473312711829805,110.0,-150.0,1.9523809523809523,1.9523809523809523,-0.06744517959014114
538,0.0,-0.055479917732090434,1.4772982328894602,1.4444444444444444,1,1.4444444444444444,0.6538985184931682,0.6538985184931682,1,-225,True,6716.092773806578,2.068027210884354,0.20273696404578345,6716.092773806578,0.0,0.6403163497909244,0.6403163497909244,0.4706957589537829,0.017579417297448136,52648.254684447085,1.0,-5806.556256707703,-1.4761904761904763,0.05072655097012717,0.0,0.0,0.0,0.0,-0.02301287132423624,2025-10-18,manon fiorot,jasmine jasudavicius,1.0,0.6538985184931682,0.3461014815068318,-225.0,163.0,2.9,1.4444444444444444,0.0
539,0.09744430761173434,0.10674917177592891,1.9226743893347744,1.9523809523809523,1,1.9523809523809523,0.5668715270071831,0.5668715270071831,1,-105,True,6716.092773806578,2.068027210884354,0.20273696404578345,6716.092773806578,0.0,0.6403163497909244,0.6403163497909244,0.4706957589537829,0.017579417297448136,52648.254684447085,1.0,-5806.556256707703,-1.4761904761904763,0.05072655097012717,3074.33311447956,0.9523809523809523,0.06239137505808423,0.09744430761173434,0.04676265909534194,2025-10-18,kyle nelson,matt frevola,1.0,0.5668715270071831,0.4331284729928168,-170.0,145.0,2.12,1.9523809523809523,0.06239137505808423
540,0.0,-0.09438750080131267,1.3403539774681847,1.3448275862068966,0,1.3448275862068966,0.6734041660708188,0.6734041660708188,0,-290,True,6716.092773806578,2.068027210884354,0.20273696404578345,6716.092773806578,0.0,0.6403163497909244,0.6403163497909244,0.4706957589537829,0.017579417297448136,52648.254684447085,1.0,-5806.556256707703,-1.4761904761904763,0.05072655097012717,0.0,0.0,0.0,0.0,-0.07266740667067106,2025-10-18,kyle prepolec,drew dober,0.0,0.3265958339291812,0.6734041660708188,250.0,-300.0,1.3448275862068966,4.0,0.0
541,0.17282377274666721,0.08672949094312765,1.594613887766808,1.5714285714285714,1,1.5714285714285714,0.6915551306001722,0.6915551306001722,1,-175,True,6716.092773806578,2.068027210884354,0.20273696404578345,6716.092773806578,0.0,0.6403163497909244,0.6403163497909244,0.4706957589537829,0.017579417297448136,52648.254684447085,1.0,-5806.556256707703,-1.4761904761904763,0.05072655097012717,3271.5169959936425,0.5714285714285714,0.11065513305665857,0.17282377274666721,0.06444407401677599,2025-10-18,charles jourdain,davey grant,1.0,0.6915551306001722,0.3084448693998278,-200.0,170.0,2.6,1.5714285714285714,0.11065513305665857
542,0.0,-0.1346016423389268,1.3498699994877943,1.3333333333333333,1,1.3333333333333333,0.6490487682458049,0.6490487682458049,1,-300,True,6716.092773806578,2.068027210884354,0.20273696404578345,6716.092773806578,0.0,0.6403163497909244,0.6403163497909244,0.4706957589537829,0.017579417297448136,52648.254684447085,1.0,-5806.556256707703,-1.4761904761904763,0.05072655097012717,0.0,0.0,0.0,0.0,-0.09176331023541784,2025-10-18,stephanie luciano,ravena oliveira,1.0,0.6490487682458049,0.350951231754195,-325.0,275.0,3.65,1.3333333333333333,0.0
543,0.0,-0.03776281712771146,1.8090822589220128,1.7575757575757576,0,1.7575757575757576,0.5474797764618193,0.5474797764618193,0,-132,True,6716.092773806578,2.068027210884354,0.20273696404578345,6716.092773806578,0.0,0.6403163497909244,0.6403163497909244,0.4706957589537829,0.017579417297448136,52648.254684447085,1.0,-5806.556256707703,-1.4761904761904763,0.05072655097012717,0.0,0.0,0.0,0.0,-0.005286685686715087,2025-10-18,marlon vera,aiemann zahabi,0.0,0.4525202235381806,0.5474797764618193,105.0,-138.0,1.7575757575757576,2.15,0.0
544,0.13993434577323785,0.06121767975242587,1.555821123733392,1.5319148936170213,1,1.5319148936170213,0.692739318727278,0.692739318727278,1,-188,True,6716.092773806578,2.068027210884354,0.20273696404578345,6716.092773806578,0.0,0.6403163497909244,0.6403163497909244,0.4706957589537829,0.017579417297448136,52648.254684447085,1.0,-5806.556256707703,-1.4761904761904763,0.05072655097012717,-4635.622580610209,-1.0,0.0895967806086024,0.13993434577323785,0.04999190725084046,2025-10-18,cody gibson,aoriqileng,0.0,0.692739318727278,0.307260681272722,145.0,-170.0,2.7,1.5319148936170213,-0.0895967806086024
545,0.0,-0.029990244738665683,1.5054229342561678,1.5,0,1.5,0.6466731701742229,0.6466731701742229,0,-200,True,6716.092773806578,2.068027210884354,0.20273696404578345,6716.092773806578,0.0,0.6403163497909244,0.6403163497909244,0.4706957589537829,0.017579417297448136,52648.254684447085,1.0,-5806.556256707703,-1.4761904761904763,0.05072655097012717,0.0,0.0,0.0,0.0,-0.017591985646657315,2025-10-18,bruno silva,hyunsung park,1.0,0.3533268298257771,0.6466731701742229,250.0,-300.0,1.5,2.95,-0.0
546,0.1456836526440772,0.12787125114704284,1.7682967135817729,1.7936507936507935,1,1.7936507936507935,0.6288131754182629,0.6288131754182629,1,-126,True,-3402.10000655965,-1.0,0.4325534300837228,-3402.10000655965,0.0,0.7308215531724978,0.7308215531724978,0.9496805575664587,-0.3846346240007785,32397.913039597555,0.875,-16848.24163828988,-1.564700157723414,0.0562873814270792,4448.453899543515,0.7936507936507935,0.10646225496019393,0.1456836526440772,0.06329722307876529,2025-10-25,ludovit klein,mateusz rebecki,1.0,0.6288131754182629,0.3711868245817371,130.0,-150.0,2.35,1.7936507936507935,0.10646225496019393
547,0.17129112625005727,0.032076710950802056,1.244206494137872,1.2325581395348837,1,1.2325581395348837,0.8373452560544243,0.8373452560544243,1,-430,True,-3402.10000655965,-1.0,0.4325534300837228,-3402.10000655965,0.0,0.7308215531724978,0.7308215531724978,0.9496805575664587,-0.3846346240007785,32397.913039597555,0.875,-16848.24163828988,-1.564700157723414,0.0562873814270792,1532.6226054614492,0.2325581395348837,0.12517560635169694,0.17129112625005727,0.0336201471504447,2025-10-25,hamdy abdelwahab,chris barnett,1.0,0.8373452560544243,0.1626547439455756,-230.0,195.0,4.75,1.2325581395348837,0.12517560635169694
548,0.0,-0.1095139340478356,1.6974644059069028,1.6666666666666663,0,1.6666666666666663,0.5342916395712988,0.5342916395712988,0,-150,True,-3402.10000655965,-1.0,0.4325534300837228,-3402.10000655965,0.0,0.7308215531724978,0.7308215531724978,0.9496805575664587,-0.3846346240007785,32397.913039597555,0.875,-16848.24163828988,-1.564700157723414,0.0562873814270792,0.0,0.0,0.0,0.0,-0.0548223333168284,2025-10-25,nathaniel wood,jose delgado,1.0,0.4657083604287012,0.5342916395712988,-115.0,-105.0,1.6666666666666663,2.3600000000000003,-0.0
549,0.0,-0.10404231305312445,1.2289476578587235,1.21978021978022,1,1.21978021978022,0.7345238694789699,0.7345238694789699,1,-455,True,-3402.10000655965,-1.0,0.4325534300837228,-3402.10000655965,0.0,0.7308215531724978,0.7308215531724978,0.9496805575664587,-0.3846346240007785,32397.913039597555,0.875,-16848.24163828988,-1.564700157723414,0.0562873814270792,0.0,0.0,0.0,0.0,-0.07918043566805799,2025-10-25,azat maksum,mitch raposo,0.0,0.7345238694789699,0.2654761305210301,-250.0,210.0,5.05,1.21978021978022,-0.0
550,0.2872731484963037,0.05953240864819842,1.2412177226213643,1.2298850574712643,1,1.2298850574712643,0.8614889677793763,0.8614889677793763,1,-435,True,-3402.10000655965,-1.0,0.4325534300837228,-3402.10000655965,0.0,0.7308215531724978,0.7308215531724978,0.9496805575664587,-0.3846346240007785,32397.913039597555,0.875,-16848.24163828988,-1.564700157723414,0.0562873814270792,-11052.584702750753,-1.0,0.20993259451800628,0.2872731484963037,0.055828541107357466,2025-10-25,jaqueline amorim,mizuki,0.0,0.8614889677793763,0.1385110322206236,-400.0,330.0,4.8,1.2298850574712643,-0.20993259451800628
551,0.13442223254118937,0.12220202958286341,1.909090909090988,1.9090909090909087,0,1.9090909090909087,0.587820110733881,0.587820110733881,0,-110,True,-3402.10000655965,-1.0,0.4325534300837228,-3402.10000655965,0.0,0.7308215531724978,0.7308215531724978,0.9496805575664587,-0.3846346240007785,32397.913039597555,0.875,-16848.24163828988,-1.564700157723414,0.0562873814270792,4701.616875377504,0.9090909090909087,0.09823266875441287,0.13442223254118937,0.06401058692437878,2025-10-25,nasrat haqparast,quillan salkilld,0.0,0.412179889266119,0.587820110733881,130.0,-150.0,1.9090909090909087,2.1,0.09823266875441287
552,0.0,-0.0647495037489392,1.185440630759936,1.1785714285714286,1,1.1785714285714286,0.7935458756069607,0.7935458756069607,1,-560,True,-3402.10000655965,-1.0,0.4325534300837228,-3402.10000655965,0.0,0.7308215531724978,0.7308215531724978,0.9496805575664587,-0.3846346240007785,32397.913039597555,0.875,-16848.24163828988,-1.564700157723414,0.0562873814270792,0.0,0.0,0.0,0.0,-0.05002230828339749,2025-10-25,umar nurmagomedov,mario bautista,1.0,0.7935458756069607,0.2064541243930393,-430.0,300.0,6.0,1.1785714285714286,0.0
553,0.07473457987993022,0.027708226453292517,1.5721419086079755,1.5494505494505495,0,1.5494505494505495,0.6632726851577987,0.6632726851577987,0,-182,True,-3402.10000655965,-1.0,0.4325534300837228,-3402.10000655965,0.0,0.7308215531724978,0.7308215531724978,0.9496805575664587,-0.3846346240007785,32397.913039597555,0.875,-16848.24163828988,-1.564700157723414,0.0562873814270792,-2875.348004751127,-1.0,0.05461430814724688,0.07473457987993022,0.027197789803452554,2025-10-25,alexander volkov,jailton almeida,1.0,0.3367273148422013,0.6632726851577987,210.0,-250.0,1.5494505494505495,2.66,-0.05461430814724688
554,0.029437635477372576,0.0075984490931929605,1.5110858287410611,1.5,1,1.5,0.671732299395462,0.671732299395462,1,-200,True,-3402.10000655965,-1.0,0.4325534300837228,-3402.10000655965,0.0,0.7308215531724978,0.7308215531724978,0.9496805575664587,-0.3846346240007785,32397.913039597555,0.875,-16848.24163828988,-1.564700157723414,0.0562873814270792,566.2937195234371,0.5,0.021512345391792333,0.029437635477372576,0.009956521355682924,2025-10-25,ikram aliskerov,junyong park,1.0,0.671732299395462,0.328267700604538,-350.0,285.0,2.9,1.5,0.021512345391792333
555,0.22867770746674781,0.270139148086999,2.29677382198884,2.25,1,2.25,0.5645062880386662,0.5645062880386662,1,125,True,-3402.10000655965,-1.0,0.4325534300837228,-3402.10000655965,0.0,0.7308215531724978,0.7308215531724978,0.9496805575664587,-0.3846346240007785,32397.913039597555,0.875,-16848.24163828988,-1.564700157723414,0.0562873814270792,-8798.176037812353,-1.0,0.16711239699293276,0.22867770746674781,0.1291129591761523,2025-10-25,virna jandiroba,mackenzie dern,0.0,0.5645062880386662,0.4354937119613338,-215.0,164.0,1.7462686567164178,2.25,-0.16711239699293276
556,0.1396034133918479,0.11752918942196144,1.9301399371015493,1.9090909090909087,1,1.9090909090909087,0.5853724325543609,0.5853724325543609,1,-110,True,-3402.10000655965,-1.0,0.4325534300837228,-3402.10000655965,0.0,0.7308215531724978,0.7308215531724978,0.9496805575664587,-0.3846346240007785,32397.913039597555,0.875,-16848.24163828988,-1.564700157723414,0.0562873814270792,-5371.119992881553,-1.0,0.1020189562802021,0.1396034133918479,0.06727528282039963,2025-10-25,aleksandar rakic,azamat murzakanov,0.0,0.5853724325543609,0.4146275674456391,115.0,-135.0,2.05,1.9090909090909087,-0.1020189562802021
557,0.36703903501875695,0.373151272242644,1.6823941076438758,1.847457627118644,1,1.847457627118644,0.7432653675441835,0.7432653675441835,1,-118,True,-2322.0035688185003,-1.0,0.6087628077429315,-2322.0035688185003,0.0,0.815403066795581,0.806779952569411,1.0,0.09532495497578346,35486.24264140654,0.75,5410.333170627485,3.6025257001063453,0.059036736827246035,-9589.562578005565,-1.0,0.29599321926338146,0.36703903501875695,0.14887431763706083,2025-11-01,isaac dulgarian,yadier del valle,0.0,0.7432653675441835,0.2567346324558165,-240.0,205.0,2.9,1.847457627118644,-0.29599321926338146
558,0.08085288547893026,0.04370070218007582,1.805559781529524,1.7692307692307692,1,1.7692307692307692,0.5899177881887385,0.5899177881887385,1,-130,True,-2322.0035688185003,-1.0,0.6087628077429315,-2322.0035688185003,0.0,0.815403066795581,0.806779952569411,1.0,0.09532495497578346,35486.24264140654,0.75,5410.333170627485,3.6025257001063453,0.059036736827246035,1625.5405088084633,0.7692307692307692,0.06522650575881825,0.08085288547893026,0.036072930638311074,2025-11-01,steve garcia,david onama,1.0,0.5899177881887385,0.4100822118112615,-150.0,130.0,2.18,1.7692307692307692,0.06522650575881825
559,0.1736080132680109,0.17158454444387916,2.150441856354753,2.1,1,2.1,0.5578974021161329,0.5578974021161329,1,110,True,-2322.0035688185003,-1.0,0.6087628077429315,-2322.0035688185003,0.0,0.815403066795581,0.806779952569411,1.0,0.09532495497578346,35486.24264140654,0.75,5410.333170627485,3.6025257001063453,0.059036736827246035,4991.2356852256535,1.1,0.14005491591458202,0.1736080132680109,0.0928766915840587,2025-11-01,waldo cortes acosta,ante delija,1.0,0.5578974021161329,0.4421025978838671,145.0,-170.0,1.8333333333333333,2.1,0.14005491591458202
560,0.13797671996655195,0.06134335075176783,1.5134220569964854,1.5,1,1.5,0.7075622338345119,0.7075622338345119,1,-200,True,-2322.0035688185003,-1.0,0.6087628077429315,-2322.0035688185003,0.0,0.815403066795581,0.806779952569411,1.0,0.09532495497578346,35486.24264140654,0.75,5410.333170627485,3.6025257001063453,0.059036736827246035,1803.106779210615,0.5,0.11131005734886762,0.13797671996655195,0.04680802097165393,2025-11-01,talita alencar,ariane carnelossi,1.0,0.7075622338345119,0.2924377661654881,-310.0,230.0,2.88,1.5,0.11131005734886762
561,0.0,-0.15237878873391408,1.5772714777520536,1.5555555555555556,0,1.5555555555555556,0.5448993500996266,0.5448993500996266,0,-180,True,-2322.0035688185003,-1.0,0.6087628077429315,-2322.0035688185003,0.0,0.815403066795581,0.806779952569411,1.0,0.09532495497578346,35486.24264140654,0.75,5410.333170627485,3.6025257001063453,0.059036736827246035,0.0,0.0,0.0,0.0,-0.08910691585099595,2025-11-01,phil rowe,seokhyeon ko,0.0,0.4551006499003733,0.5448993500996266,170.0,-200.0,1.5555555555555556,2.65,0.0
562,0.0,-0.008972071044138219,1.7320933916789227,1.7246376811594204,0,1.7246376811594204,0.5746296394786089,0.5746296394786089,0,-138,True,-2322.0035688185003,-1.0,0.6087628077429315,-2322.0035688185003,0.0,0.815403066795581,0.806779952569411,1.0,0.09532495497578346,35486.24264140654,0.75,5410.333170627485,3.6025257001063453,0.059036736827246035,0.0,0.0,0.0,0.0,-0.00270643535665005,2025-11-01,jeremiah wells,themba gorimbo,1.0,0.4253703605213911,0.5746296394786089,155.0,-180.0,1.7246376811594204,2.35,-0.0
563,0.16973686741401975,0.15362885489660605,2.0395698856897373,2.0,1,2.0,0.576814427448303,0.576814427448303,1,100,True,-2322.0035688185003,-1.0,0.6087628077429315,-2322.0035688185003,0.0,0.815403066795581,0.806779952569411,1.0,0.09532495497578346,35486.24264140654,0.75,5410.333170627485,3.6025257001063453,0.059036736827246035,4436.309203326261,1.0,0.13693194366884345,0.16973686741401975,0.08651497410948195,2025-11-01,timmy cuamba,changho lee,1.0,0.576814427448303,0.423185572551697,155.0,-180.0,1.925925925925926,2.0,0.13693194366884345
564,0.1474596434577744,0.03468841807350287,1.3428671528729004,1.3225806451612905,1,1.3225806451612905,0.7823253892750874,0.7823253892750874,1,-310,True,-2322.0035688185003,-1.0,0.6087628077429315,-2322.0035688185003,0.0,0.815403066795581,0.806779952569411,1.0,0.09532495497578346,35486.24264140654,0.75,5410.333170627485,3.6025257001063453,0.059036736827246035,1243.2461156427569,0.3225806451612905,0.11896022295578144,0.1474596434577744,0.03765008921981239,2025-11-01,allan nascimento,cody durden,1.0,0.7823253892750874,0.2176746107249125,-300.0,250.0,3.65,1.3225806451612905,0.11896022295578144
565,0.0,-0.09497825185632536,1.6275252003527356,1.6134969325153374,1,1.6134969325153374,0.5609070150091976,0.5609070150091976,1,-163,True,-2322.0035688185003,-1.0,0.6087628077429315,-2322.0035688185003,0.0,0.815403066795581,0.806779952569411,1.0,0.09532495497578346,35486.24264140654,0.75,5410.333170627485,3.6025257001063453,0.059036736827246035,0.0,0.0,0.0,0.0,-0.05352279522247727,2025-11-01,charles radtke,daniel frunza,1.0,0.5609070150091976,0.4390929849908024,-175.0,150.0,2.55,1.6134969325153374,0.0
566,0.0390672728735834,0.008995411974732193,1.6515043474625624,1.625,0,1.625,0.6209202535229121,0.6209202535229121,0,-160,True,-2322.0035688185003,-1.0,0.6087628077429315,-2322.0035688185003,0.0,0.815403066795581,0.806779952569411,1.0,0.09532495497578346,35486.24264140654,0.75,5410.333170627485,3.6025257001063453,0.059036736827246035,638.1734594494068,0.625,0.031516768807640906,0.0390672728735834,0.0154117051885162,2025-11-01,ketlen vieira,norma dumont,0.0,0.3790797464770878,0.6209202535229121,110.0,-150.0,1.625,2.46,0.031516768807640906
567,0.035123210967331606,0.0001453137645749114,1.2990292034898785,1.2857142857142856,1,1.2857142857142856,0.7778907995946694,0.7778907995946694,1,-350,True,-2322.0035688185003,-1.0,0.6087628077429315,-2322.0035688185003,0.0,0.815403066795581,0.806779952569411,1.0,0.09532495497578346,35486.24264140654,0.75,5410.333170627485,3.6025257001063453,0.059036736827246035,262.2839969698937,0.2857142857142856,0.02833497294324584,0.035123210967331606,0.008085165269073213,2025-11-01,alice ardelean,montserrat conejo ruiz,1.0,0.7778907995946694,0.2221092004053305,-500.0,385.0,4.1,1.2857142857142856,0.02833497294324584
568,0.013205897849892284,0.0008945335766109008,1.9757718279737744,1.9523809523809523,1,1.9523809523809523,0.5126532976855812,0.5126532976855812,1,-105,True,-3561.85577648731,-1.0,0.24975398058184806,-3561.85577648731,0.0,0.7894972108272365,0.7894972108272365,0.7039192295124963,-0.08950890937482862,32309.907764763702,1.0,385.52089984447286,0.7043650793650793,0.0489762899837091,352.34064441042807,0.9523809523809523,0.010425383165228952,0.013205897849892284,0.006521979361472807,2025-11-08,chris padilla,ismael bonfim,1.0,0.5126532976855812,0.4873467023144188,170.0,-200.0,2.0,1.9523809523809523,0.010425383165228952
569,0.22617364040822213,0.12189641491873077,1.5864885572019942,1.5714285714285714,1,1.5714285714285714,0.7139340822210105,0.7139340822210105,1,-175,True,-3561.85577648731,-1.0,0.24975398058184806,-3561.85577648731,0.0,0.7894972108272365,0.7894972108272365,0.7039192295124963,-0.08950890937482862,32309.907764763702,1.0,385.52089984447286,0.7043650793650793,0.0489762899837091,-6336.159454790285,-1.0,0.17855255961635796,0.22617364040822213,0.08361122520422437,2025-11-08,ricky simon,raoni barcelos,0.0,0.7139340822210105,0.2860659177789895,-210.0,180.0,2.65,1.5714285714285714,-0.17855255961635796
570,0.21206475538548594,0.1139655711194863,1.6642328697074138,1.625,1,1.625,0.6855172745350685,0.6855172745350685,1,-160,True,-3561.85577648731,-1.0,0.24975398058184806,-3561.85577648731,0.0,0.7894972108272365,0.7894972108272365,0.7039192295124963,-0.08950890937482862,32309.907764763702,1.0,385.52089984447286,0.7043650793650793,0.0489762899837091,3713.06560757458,0.625,0.1674143141090762,0.21206475538548594,0.084639826311246,2025-11-08,gabriel bonfim,randy brown,1.0,0.6855172745350685,0.3144827254649315,-300.0,250.0,2.4,1.625,0.1674143141090762
571,0.0,-0.06902893257128306,1.242252717413857,1.238095238095238,0,1.238095238095238,0.7519381698462715,0.7519381698462715,0,-420,True,-3561.85577648731,-1.0,0.24975398058184806,-3561.85577648731,0.0,0.7894972108272365,0.7894972108272365,0.7039192295124963,-0.08950890937482862,32309.907764763702,1.0,385.52089984447286,0.7043650793650793,0.0489762899837091,0.0,0.0,0.0,0.0,-0.05305101309696825,2025-11-08,matt schnell,joseph morales,0.0,0.2480618301537285,0.7519381698462715,210.0,-250.0,1.238095238095238,5.0,0.0
572,0.0,-0.06907244588153566,1.850613000600279,1.8333333333333333,0,1.8333333333333333,0.5077786658827987,0.5077786658827987,0,-120,True,-3561.85577648731,-1.0,0.24975398058184806,-3561.85577648731,0.0,0.7894972108272365,0.7894972108272365,0.7039192295124963,-0.08950890937482862,32309.907764763702,1.0,385.52089984447286,0.7043650793650793,0.0489762899837091,0.0,0.0,0.0,0.0,-0.03258282497219489,2025-11-08,muslim salikhov,uros medic,0.0,0.4922213341172013,0.5077786658827987,170.0,-200.0,1.8333333333333333,2.15,0.0
573,0.0,-0.03777117651072198,1.5026496481346898,1.4761904761904765,0,1.4761904761904765,0.6518324288153172,0.6518324288153172,0,-210,True,-3561.85577648731,-1.0,0.24975398058184806,-3561.85577648731,0.0,0.7894972108272365,0.7894972108272365,0.7039192295124963,-0.08950890937482862,32309.907764763702,1.0,385.52089984447286,0.7043650793650793,0.0489762899837091,0.0,0.0,0.0,0.0,-0.013658692978340659,2025-11-08,mayra bueno silva,jacqueline cavalcanti,0.0,0.3481675711846827,0.6518324288153172,250.0,-300.0,1.4761904761904765,2.85,0.0
574,0.05123051917059592,0.020075222559188144,1.7620931449596176,1.72992700729927,1,1.72992700729927,0.5896637362472944,0.5896637362472944,1,-137,True,-3561.85577648731,-1.0,0.24975398058184806,-3561.85577648731,0.0,0.7894972108272365,0.7894972108272365,0.7039192295124963,-0.08950890937482862,32309.907764763702,1.0,385.52089984447286,0.7043650793650793,0.0489762899837091,-1435.2014577415182,-1.0,0.040443883345003026,0.05123051917059592,0.022156846580053013,2025-11-08,hyder amil,jamall emmers,0.0,0.5896637362472944,0.4103362637527056,160.0,-185.0,2.25,1.72992700729927,-0.040443883345003026
575,0.0,-0.1522814065731487,1.6759195716445834,1.6451612903225803,0,1.6451612903225803,0.5152799293378901,0.5152799293378901,0,-155,True,-3561.85577648731,-1.0,0.24975398058184806,-3561.85577648731,0.0,0.7894972108272365,0.7894972108272365,0.7039192295124963,-0.08950890937482862,32309.907764763702,1.0,385.52089984447286,0.7043650793650793,0.0489762899837091,0.0,0.0,0.0,0.0,-0.08140741587802491,2025-11-08,christian leroy duncan,marco tulio,1.0,0.4847200706621098,0.5152799293378901,-140.0,120.0,1.6451612903225803,2.4,-0.0
576,0.22525172417987538,0.11061702382917543,1.5852718164581514,1.5555555555555556,0,1.5555555555555556,0.713968086747327,0.713968086747327,0,-180,True,-3561.85577648731,-1.0,0.24975398058184806,-3561.85577648731,0.0,0.7894972108272365,0.7894972108272365,0.7039192295124963,-0.08950890937482862,32309.907764763702,1.0,385.52089984447286,0.7043650793650793,0.0489762899837091,3505.740199565534,0.5555555555555556,0.17782475374991807,0.22525172417987538,0.08316143919446661,2025-11-08,tecia pennington,denise gomes,0.0,0.2860319132526729,0.713968086747327,170.0,-200.0,1.5555555555555556,2.6,0.17782475374991807
577,0.03658940793446112,0.0018261882053449696,1.6031824251559064,1.5714285714285714,0,1.5714285714285714,0.6375257561306741,0.6375257561306741,0,-175,True,-3561.85577648731,-1.0,0.24975398058184806,-3561.85577648731,0.0,0.7894972108272365,0.7894972108272365,0.7039192295124963,-0.08950890937482862,32309.907764763702,1.0,385.52089984447286,0.7043650793650793,0.0489762899837091,585.7353608257337,0.5714285714285714,0.028885472373144018,0.03658940793446112,0.013766423250791804,2025-11-08,miles johns,daniel marcos,0.0,0.3624742438693259,0.6375257561306741,250.0,-300.0,1.5714285714285714,2.55,0.028885472373144018
578,0.0,-0.03959769065381197,1.5521066658499365,1.5376344086021505,0,1.5376344086021505,0.6245973060782901,0.6245973060782901,0,-186,True,3029.969166242602,0.956658786446021,0.15188811236855915,3029.969166242602,0.0,0.6174548609832703,0.6174548609832703,0.5349968591177809,0.2600342968553084,40711.5919118339,1.0,5371.714980827597,1.6491283694065286,0.03140205759737221,0.0,0.0,0.0,0.0,-0.019688310369596285,2025-11-15,roman kopylov,gregory rodrigues,0.0,0.3754026939217099,0.6245973060782901,109.0,-129.0,1.5376344086021505,2.75,0.0
579,0.16301986172185715,0.07477692687061177,1.4404454269562283,1.4444444444444444,1,1.4444444444444444,0.7440763339873466,0.7440763339873466,1,-225,True,3029.969166242602,0.956658786446021,0.15188811236855915,3029.969166242602,0.0,0.6174548609832703,0.6174548609832703,0.5349968591177809,0.2600342968553084,40711.5919118339,1.0,5371.714980827597,1.6491283694065286,0.03140205759737221,1445.3480022592576,0.4444444444444444,0.10065126241647485,0.16301986172185715,0.04984663164237357,2025-11-15,bo nickal,rodolfo vieira,1.0,0.7440763339873466,0.2559236660126534,-160.0,140.0,3.3,1.4444444444444444,0.10065126241647485
580,0.05384238897132823,0.034066217957155476,1.3430718128824846,1.3636363636363638,1,1.3636363636363638,0.758315226501914,0.758315226501914,1,-275,True,3029.969166242602,0.956658786446021,0.15188811236855915,3029.969166242602,0.0,0.6174548609832703,0.6174548609832703,0.5349968591177809,0.2600342968553084,40711.5919118339,1.0,5371.714980827597,1.6491283694065286,0.03140205759737221,390.5764480204443,0.36363636363636376,0.033243215668587865,0.05384238897132823,0.013753401580719249,2025-11-15,erin blanchfield,tracy cortez,1.0,0.758315226501914,0.241684773498086,-225.0,190.0,4.2,1.3636363636363638,0.033243215668587865
581,0.032435036495152135,0.013706050778028722,1.7595073814823348,1.7407407407407407,1,1.7407407407407407,0.582341773851208,0.582341773851208,1,-135,True,3029.969166242602,0.956658786446021,0.15188811236855915,3029.969166242602,0.0,0.6174548609832703,0.6174548609832703,0.5349968591177809,0.2600342968553084,40711.5919118339,1.0,5371.714980827597,1.6491283694065286,0.03140205759737221,-647.0365517993486,-1.0,0.020025948588593277,0.032435036495152135,0.01400087882323231,2025-11-15,sean brady,michael morales,0.0,0.582341773851208,0.417658226148792,-115.0,-105.0,2.28,1.7407407407407407,-0.020025948588593277
582,0.0,-0.0895446151576213,1.6674265110643975,1.6493506493506491,0,1.6493506493506491,0.5520083829359305,0.5520083829359305,0,-154,True,3029.969166242602,0.956658786446021,0.15188811236855915,3029.969166242602,0.0,0.6174548609832703,0.6174548609832703,0.5349968591177809,0.2600342968553084,40711.5919118339,1.0,5371.714980827597,1.6491283694065286,0.03140205759737221,0.0,0.0,0.0,0.0,-0.047718197734573864,2025-11-15,leon edwards,carlos prates,0.0,0.4479916170640695,0.5520083829359305,150.0,-188.0,1.6493506493506491,2.45,0.0
583,0.12057856894366364,0.06552794828434538,1.529496678790902,1.5319148936170213,0,1.5319148936170213,0.6955529662411699,0.6955529662411699,0,-188,True,3029.969166242602,0.956658786446021,0.15188811236855915,3029.969166242602,0.0,0.6174548609832703,0.6174548609832703,0.5349968591177809,0.2600342968553084,40711.5919118339,1.0,5371.714980827597,1.6491283694065286,0.03140205759737221,1279.459962237511,0.5319148936170213,0.07444727934598958,0.12057856894366364,0.041743112407083616,2025-11-15,beneil dariush,benoit st denis,0.0,0.3044470337588301,0.6955529662411699,215.0,-255.0,1.5319148936170213,2.9,0.07444727934598958
584,0.01116694583803486,-0.005106852788809707,1.208974380900362,1.2,0,1.2,0.8290776226759919,0.8290776226759919,0,-500,True,3029.969166242602,0.956658786446021,0.15188811236855915,3029.969166242602,0.0,0.6174548609832703,0.6174548609832703,0.5349968591177809,0.2600342968553084,40711.5919118339,1.0,5371.714980827597,1.6491283694065286,0.03140205759737221,0.0,0.0,0.0,0.01116694583803486,0.0019302357683653737,2025-11-15,angela hill,fatima kline,0.0,0.1709223773240081,0.8290776226759919,500.0,-700.0,1.2,5.4,0.0
585,0.21654157700428636,0.07174622339769526,1.3633833267395474,1.3546099290780145,0,1.3546099290780145,0.791184384811911,0.791184384811911,0,-282,True,3029.969166242602,0.956658786446021,0.15188811236855915,3029.969166242602,0.0,0.6174548609832703,0.6174548609832703,0.5349968591177809,0.2600342968553084,40711.5919118339,1.0,5371.714980827597,1.6491283694065286,0.03140205759737221,1531.8160342197073,0.3546099290780145,0.13369648864211678,0.21654157700428636,0.05771494860320925,2025-11-15,jack della maddalena,islam makhachev,0.0,0.2088156151880889,0.791184384811911,275.0,-385.0,1.3546099290780145,3.65,0.13369648864211678
586,0.08259486955517048,0.04764785924784709,1.7478884215167565,1.7246376811594204,1,1.7246376811594204,0.6074596830932895,0.6074596830932895,1,-138,True,3029.969166242602,0.956658786446021,0.15188811236855915,3029.969166242602,0.0,0.6174548609832703,0.6174548609832703,0.5349968591177809,0.2600342968553084,40711.5919118339,1.0,5371.714980827597,1.6491283694065286,0.03140205759737221,1193.95623938415,0.7246376811594204,0.05099549099137383,0.08259486955517048,0.035340783688809774,2025-11-15,valentina shevchenko,zhang weili,1.0,0.6074596830932895,0.3925403169067105,148.0,-195.0,2.29,1.7246376811594204,0.05099549099137383
587,0.0387262274536318,0.00352652322605293,1.2368020456087647,1.2298850574712643,1,1.2298850574712643,0.8159514721557627,0.8159514721557627,1,-435,True,3029.969166242602,0.956658786446021,0.15188811236855915,3029.969166242602,0.0,0.6174548609832703,0.6174548609832703,0.5349968591177809,0.2600342968553084,40711.5919118339,1.0,5371.714980827597,1.6491283694065286,0.03140205759737221,177.5948465058753,0.2298850574712643,0.023910237934602403,0.0387262274536318,0.00741464643617773,2025-11-15,kyle daukaus,gerald meerschaert,1.0,0.8159514721557627,0.1840485278442373,-260.0,220.0,5.0,1.2298850574712643,0.023910237934602403
588,0.12013467338218571,0.0758403854357344,1.8507123158472467,1.806451612903225,1,1.806451612903225,0.5955544990804961,0.5955544990804961,1,-124,True,-4032.1286459058483,-1.0,0.25929953995030575,-4032.1286459058483,0.0,0.818727802258306,0.818727802258306,0.765600785019479,-0.14987189960184652,34610.068296192185,1.0,-2069.3949697358694,2.010227452839483,0.04906278002813358,3229.07254223403,0.8064516129032251,0.09835159384190814,0.12013467338218571,0.05522200578198733,2025-11-22,ismail naurdiev,ryan loder,1.0,0.5955544990804961,0.4044455009195039,-155.0,135.0,2.1100000000000003,1.806451612903225,0.09835159384190814
589,0.034926992037213854,0.010383399120464765,1.5110858287410611,1.5,0,1.5,0.6735889327469765,0.6735889327469765,0,-200,True,-4032.1286459058483,-1.0,0.25929953995030575,-4032.1286459058483,0.0,0.818727802258306,0.818727802258306,0.765600785019479,-0.14987189960184652,34610.068296192185,1.0,-2069.3949697358694,2.010227452839483,0.04906278002813358,582.052694970652,0.5,0.02859395408713866,0.034926992037213854,0.01181315470719746,2025-11-22,alex perez,asu almabayev,0.0,0.3264110672530235,0.6735889327469765,140.0,-160.0,1.5,2.9,0.02859395408713866
590,0.3457661867253532,0.1705263689652876,1.5054229342561678,1.5,1,1.5,0.7803509126435251,0.7803509126435251,1,-200,True,-4032.1286459058483,-1.0,0.25929953995030575,-4032.1286459058483,0.0,0.818727802258306,0.818727802258306,0.765600785019479,-0.14987189960184652,34610.068296192185,1.0,-2069.3949697358694,2.010227452839483,0.04906278002813358,-11524.27558598726,-1.0,0.28307111180875794,0.3457661867253532,0.11608575682264488,2025-11-22,tagir ulanbekov,kyoji horiguchi,0.0,0.7803509126435251,0.2196490873564749,-180.0,155.0,2.95,1.5,-0.28307111180875794
591,0.06720434298248289,0.046347822746411305,1.689655172414026,1.6896551724137931,1,1.6896551724137931,0.6192670787682842,0.6192670787682842,1,-145,True,-4032.1286459058483,-1.0,0.25929953995030575,-4032.1286459058483,0.0,0.818727802258306,0.818727802258306,0.765600785019479,-0.14987189960184652,34610.068296192185,1.0,-2069.3949697358694,2.010227452839483,0.04906278002813358,1544.7579973049183,0.6896551724137931,0.05501870575198622,0.06720434298248289,0.0274303440744883,2025-11-22,waldo cortes acosta,shamil gaziev,1.0,0.6192670787682842,0.3807329212317157,-105.0,-115.0,2.45,1.6896551724137931,0.05501870575198622
592,0.0,-0.010678982109405377,1.3717875290025088,1.3636363636363638,0,1.3636363636363638,0.725502079786436,0.725502079786436,0,-275,True,-4032.1286459058483,-1.0,0.25929953995030575,-4032.1286459058483,0.0,0.818727802258306,0.818727802258306,0.765600785019479,-0.14987189960184652,34610.068296192185,1.0,-2069.3949697358694,2.010227452839483,0.04906278002813358,0.0,0.0,0.0,0.0,-0.003473784812032088,2025-11-22,belal muhammad,ian machado garry,0.0,0.274497920213564,0.725502079786436,155.0,-180.0,1.3636363636363638,3.6,0.0
593,0.17069066204495892,0.07440701033105251,1.5038656252960378,1.4878048780487805,1,1.4878048780487805,0.7221424167798878,0.7221424167798878,1,-205,True,-4032.1286459058483,-1.0,0.25929953995030575,-4032.1286459058483,0.0,0.818727802258306,0.818727802258306,0.765600785019479,-0.14987189960184652,34610.068296192185,1.0,-2069.3949697358694,2.010227452839483,0.04906278002813358,2775.153543243746,0.4878048780487805,0.13974066098840027,0.17069066204495892,0.05718938960822895,2025-11-22,volkan oezdemir,alonzo menifield,1.0,0.7221424167798878,0.2778575832201122,-350.0,285.0,2.9,1.4878048780487805,0.13974066098840027
594,0.0,-0.010231102594808389,1.176961138978878,1.1821493624772312,1,1.1821493624772312,0.8372621335523116,0.8372621335523116,1,-549,True,-4032.1286459058483,-1.0,0.25929953995030575,-4032.1286459058483,0.0,0.818727802258306,0.818727802258306,0.765600785019479,-0.14987189960184652,34610.068296192185,1.0,-2069.3949697358694,2.010227452839483,0.04906278002813358,0.0,0.0,0.0,0.0,-0.012383591256913462,2025-11-22,arman tsarukyan,dan hooker,1.0,0.8372621335523116,0.1627378664476884,-310.0,260.0,7.0,1.1821493624772312,0.0
595,0.07546737507617561,0.02826128131892358,1.5454698960735946,1.526315789473684,0,1.526315789473684,0.6736884256917086,0.6736884256917086,0,-190,True,-4032.1286459058483,-1.0,0.25929953995030575,-4032.1286459058483,0.0,0.818727802258306,0.818727802258306,0.765600785019479,-0.14987189960184652,34610.068296192185,1.0,-2069.3949697358694,2.010227452839483,0.04906278002813358,1323.843838498044,0.5263157894736841,0.06178346694458649,0.07546737507617561,0.02663602917425456,2025-11-22,jack hermansson,myktybek orolbai,0.0,0.3263115743082914,0.6736884256917086,180.0,-210.0,1.526315789473684,2.75,0.06178346694458649
596,0.2660037373278878,0.10510015375742499,1.427822288887721,1.4166666666666667,1,1.4166666666666667,0.780070696769947,0.780070696769947,1,-240,True,-1468.5347115563354,-1.0,1.2088302109123754,-1468.5347115563354,0.0,0.8052786161063913,0.6327040522284739,1.0,-0.4473690103954459,19126.59629280589,0.7777777777777778,-14014.937291829958,-2.6701231908560743,0.06664698920526747,-5824.575816220334,-1.0,0.16829137019822513,0.2660037373278878,0.07970342572881217,2025-12-06,grant dawson,manuel torres,0.0,0.780070696769947,0.219929303230053,-200.0,170.0,3.25,1.4166666666666667,-0.16829137019822513
597,0.1925571579540016,0.09481122726250613,1.550428948716533,1.53475935828877,0,1.53475935828877,0.7133439006902044,0.7133439006902044,0,-187,True,-1468.5347115563354,-1.0,1.2088302109123754,-1468.5347115563354,0.0,0.8052786161063913,0.6327040522284739,1.0,-0.4473690103954459,19126.59629280589,0.7777777777777778,-14014.937291829958,-2.6701231908560743,0.06664698920526747,2254.7304241725406,0.53475935828877,0.12182425810660813,0.1925571579540016,0.06836110362116476,2025-12-06,nazim sadykhov,fares ziam,0.0,0.2866560993097956,0.7133439006902044,110.0,-130.0,1.53475935828877,2.75,0.12182425810660813
598,0.26929974459031625,0.11537155214249495,1.5026496481346898,1.4761904761904765,1,1.4761904761904765,0.755574277257819,0.755574277257819,1,-210,True,-1468.5347115563354,-1.0,1.2088302109123754,-1468.5347115563354,0.0,0.8052786161063913,0.6327040522284739,1.0,-0.4473690103954459,19126.59629280589,0.7777777777777778,-14014.937291829958,-2.6701231908560743,0.06664698920526747,2807.9748327560033,0.4761904761904765,0.17037664006679712,0.26929974459031625,0.09008315546416112,2025-12-06,maycee barber,karine silva,1.0,0.755574277257819,0.244425722742181,-135.0,115.0,2.85,1.4761904761904765,0.17037664006679712
599,0.03496531168559569,0.004973260348876962,1.4236393914731789,1.4098360655737705,0,1.4098360655737705,0.7128298707125755,0.7128298707125755,0,-244,True,-1468.5347115563354,-1.0,1.2088302109123754,-1468.5347115563354,0.0,0.8052786161063913,0.6327040522284739,1.0,-0.4473690103954459,19126.59629280589,0.7777777777777778,-14014.937291829958,-2.6701231908560743,0.06664698920526747,313.77919307430733,0.4098360655737705,0.022121344128799184,0.03496531168559569,0.010404800157874039,2025-12-06,henry cejudo,payton talbott,0.0,0.2871701292874245,0.7128298707125755,210.0,-250.0,1.4098360655737705,3.25,0.022121344128799184
600,0.0,-0.023824786359964795,1.2500000000003153,1.25,0,1.25,0.7809401709120282,0.7809401709120282,0,-400,True,-1468.5347115563354,-1.0,1.2088302109123754,-1468.5347115563354,0.0,0.8052786161063913,0.6327040522284739,1.0,-0.4473690103954459,19126.59629280589,0.7777777777777778,-14014.937291829958,-2.6701231908560743,0.06664698920526747,0.0,0.0,0.0,0.0,-0.01905982908777004,2025-12-06,edson barboza,jalin turner,0.0,0.2190598290879718,0.7809401709120282,210.0,-250.0,1.25,5.0,0.0
601,0.06868946830162416,0.05228861873883861,1.9301399371015493,1.9090909090909087,0,1.9090909090909087,0.5511988002917727,0.5511988002917727,0,-110,True,-1468.5347115563354,-1.0,1.2088302109123754,-1468.5347115563354,0.0,0.8052786161063913,0.6327040522284739,1.0,-0.4473690103954459,19126.59629280589,0.7777777777777778,-14014.937291829958,-2.6701231908560743,0.06664698920526747,1367.332176053084,0.9090909090909087,0.04345745234556127,0.06868946830162416,0.033101650557811446,2025-12-06,brandon moreno,tatsuro taira,0.0,0.4488011997082273,0.5511988002917727,-125.0,105.0,1.9090909090909087,2.05,0.04345745234556127
602,0.027863664048763344,0.022755611562243205,1.5284433634406949,1.5405405405405406,1,1.5405405405405406,0.663893993470228,0.663893993470228,1,-185,True,-1468.5347115563354,-1.0,1.2088302109123754,-1468.5347115563354,0.0,0.8052786161063913,0.6327040522284739,1.0,-0.4473690103954459,19126.59629280589,0.7777777777777778,-14014.937291829958,-2.6701231908560743,0.06664698920526747,-610.1193366680568,-1.0,0.01762837713715758,0.027863664048763344,0.009633571449166323,2025-12-06,alexandre pantoja,joshua van,0.0,0.663893993470228,0.3361060065297719,-270.0,230.0,2.95,1.5405405405405406,-0.01762837713715758
603,0.0,-0.09396478110042115,1.0856191382240512,1.08,1,1.08,0.8389214989810915,0.8389214989810915,1,-1250,True,-1468.5347115563354,-1.0,1.2088302109123754,-1468.5347115563354,0.0,0.8052786161063913,0.6327040522284739,1.0,-0.4473690103954459,19126.59629280589,0.7777777777777778,-14014.937291829958,-2.6701231908560743,0.06664698920526747,0.0,0.0,0.0,0.0,-0.08221185689902466,2025-12-06,mansur abdul malik,antonio trocoli,1.0,0.8389214989810915,0.1610785010189085,-800.0,550.0,10.8,1.08,0.0
604,0.11522636941091319,0.08131966467307761,1.822371326943529,1.8,1,1.8,0.6007331470405987,0.6007331470405987,1,-125,True,-1468.5347115563354,-1.0,1.2088302109123754,-1468.5347115563354,0.0,0.8052786161063913,0.6327040522284739,1.0,-0.4473690103954459,19126.59629280589,0.7777777777777778,-14014.937291829958,-2.6701231908560743,0.06664698920526747,-2523.0650193248716,-1.0,0.07289974113118004,0.11522636941091319,0.051997559943102845,2025-12-06,marvin vettori,brunno ferreira,0.0,0.6007331470405987,0.3992668529594013,-110.0,-110.0,2.18,1.8,-0.07289974113118004
605,0.43980863262870873,0.9154021174692412,1.71652387427983,2.5,1,2.5,0.7661608469876965,0.7661608469876965,1,150,True,-1468.5347115563354,-1.0,1.2088302109123754,-1468.5347115563354,0.0,0.8052786161063913,0.6327040522284739,1.0,-0.4473690103954459,19126.59629280589,0.7777777777777778,-14014.937291829958,-2.6701231908560743,0.06664698920526747,-8751.51502175661,-1.0,0.25286038001605027,0.43980863262870873,0.18358811672517605,2025-12-06,merab dvalishvili,petr yan,0.0,0.7661608469876965,0.2338391530123035,-330.0,240.0,4.4,2.5,-0.25286038001605027
606,0.13926726392754274,0.15319399032033598,2.099999999999905,2.1,1,2.1,0.5491399953906362,0.5491399953906362,1,110,True,-1468.5347115563354,-1.0,1.2088302109123754,-1468.5347115563354,0.0,0.8052786161063913,0.6327040522284739,1.0,-0.4473690103954459,19126.59629280589,0.7777777777777778,-14014.937291829958,-2.6701231908560743,0.06664698920526747,-3049.478723916022,-1.0,0.08810958411924101,0.13926726392754274,0.07294951920013848,2025-12-06,terrance mckinney,chris duncan,0.0,0.5491399953906362,0.4508600046093638,130.0,-150.0,1.9090909090909087,2.1,-0.08810958411924101
607,0.0,-0.06712501397997761,1.464506288266358,1.4405286343612334,0,1.4405286343612334,0.647592115677508,0.647592115677508,0,-227,True,-1468.5347115563354,-1.0,1.2088302109123754,-1468.5347115563354,0.0,0.8052786161063913,0.6327040522284739,1.0,-0.4473690103954459,19126.59629280589,0.7777777777777778,-14014.937291829958,-2.6701231908560743,0.06664698920526747,0.0,0.0,0.0,0.0,-0.03523185579466126,2025-12-06,muhammad naimov,mairon santos,0.0,0.352407884322492,0.647592115677508,130.0,-150.0,1.4405286343612334,3.0,0.0
608,0.20554394388987093,0.10820508501352277,1.4898115014968278,1.5,0,1.5,0.7388033900090152,0.7388033900090152,0,-200,True,-1689.6844119398934,-1.0,0.2027113267312417,-1689.6844119398934,0.0,0.6788373056538904,0.6788373056538904,0.3961042000563547,-0.12451835238432464,16744.98403570557,1.0,-691.9278451604278,0.8834266517357223,0.040759240557243864,-2668.588250867224,-1.0,0.13952238077357043,0.20554394388987093,0.06757753425794166,2025-12-13,jamey lyn horth,tereza bleda,1.0,0.2611966099909849,0.7388033900090152,300.0,-400.0,1.5,3.1,-0.13952238077357043
609,0.032436348410547364,0.014071322275428677,1.822371326943529,1.8,0,1.8,0.5633729568196826,0.5633729568196826,0,-125,True,-1689.6844119398934,-1.0,0.2027113267312417,-1689.6844119398934,0.0,0.6788373056538904,0.6788373056538904,0.3961042000563547,-0.12451835238432464,16744.98403570557,1.0,-691.9278451604278,0.8834266517357223,0.040759240557243864,336.89830653750744,0.8,0.02201765942695626,0.032436348410547364,0.014637369722186766,2025-12-13,melissa croden,luana santos,0.0,0.4366270431803174,0.5633729568196826,130.0,-150.0,1.8,2.18,0.02201765942695626
610,0.14905446338474843,0.08527865734938922,1.6831806349876868,1.6578947368421053,1,1.6578947368421053,0.654612523480584,0.654612523480584,1,-152,True,-1689.6844119398934,-1.0,0.2027113267312417,-1689.6844119398934,0.0,0.6788373056538904,0.6788373056538904,0.3961042000563547,-0.12451835238432464,16744.98403570557,1.0,-691.9278451604278,0.8834266517357223,0.040759240557243864,1273.1462104386915,0.6578947368421053,0.10117755455499906,0.14905446338474843,0.0604992244006457,2025-12-13,melquizael costa,morgan charriere,1.0,0.654612523480584,0.345387476519416,130.0,-150.0,2.4,1.6578947368421053,0.10117755455499906
611,0.06635937100788691,0.01792767492983871,1.441450098162426,1.425531914893617,0,1.425531914893617,0.7140686674880958,0.7140686674880958,0,-235,True,-1689.6844119398934,-1.0,0.2027113267312417,-1689.6844119398934,0.0,0.6788373056538904,0.6788373056538904,0.3961042000563547,-0.12451835238432464,16744.98403570557,1.0,-691.9278451604278,0.8834266517357223,0.040759240557243864,366.61588873059736,0.42553191489361697,0.04504446715597583,0.06635937100788691,0.020322833848201327,2025-12-13,brandon royval,manel kape,0.0,0.2859313325119041,0.7140686674880958,250.0,-300.0,1.425531914893617,3.15,0.04504446715597583
612,0.0,-0.05123439504528143,1.2979815342233023,1.3003003003003002,0,1.3003003003003002,0.729651146535615,0.729651146535615,0,-333,True,-1689.6844119398934,-1.0,0.2027113267312417,-1689.6844119398934,0.0,0.6788373056538904,0.6788373056538904,0.3961042000563547,-0.12451835238432464,16744.98403570557,1.0,-691.9278451604278,0.8834266517357223,0.040759240557243864,0.0,0.0,0.0,0.0,-0.04077583846643962,2025-12-13,giga chikadze,kevin vallejos,0.0,0.270348853464385,0.729651146535615,210.0,-250.0,1.3003003003003002,4.4,0.0
613,0.0,-0.054056271118148425,1.805559781529524,1.7692307692307692,0,1.7692307692307692,0.5346638467593074,0.5346638467593074,0,-130,True,-710.4643587432255,-1.0,0.08407834095491751,-710.4643587432255,0.0,0.4993712693489103,0.4993712693489103,0.19808654693800815,-0.08686902689949447,15290.363567076256,1.0,-744.1561098860869,-0.2778139232270658,0.03016703933671701,0.0,0.0,0.0,0.0,-0.01918101079112,2026-01-24,nikita krylov,modestas bukauskas,1.0,0.4653361532406926,0.5346638467593074,170.0,-200.0,1.7692307692307692,2.18,-0.0
614,0.14784757444349045,0.055441947670777814,1.4620616849915289,1.4444444444444444,0,1.4444444444444444,0.7306905791566923,0.7306905791566923,0,-225,True,-710.4643587432255,-1.0,0.08407834095491751,-710.4643587432255,0.0,0.4993712693489103,0.4993712693489103,0.19808654693800815,-0.08686902689949447,15290.363567076256,1.0,-744.1561098860869,-0.2778139232270658,0.03016703933671701,-1236.2206275736078,-1.0,0.07382632464370206,0.14784757444349045,0.04672490912698091,2026-01-24,justin gaethje,paddy pimblett,1.0,0.2693094208433076,0.7306905791566923,176.0,-230.0,1.4444444444444444,3.05,-0.07382632464370206
615,0.0919793726131591,0.025170810510320607,1.3545932875488926,1.3448275862068966,1,1.3448275862068966,0.7623065001230589,0.7623065001230589,1,-290,True,-710.4643587432255,-1.0,0.08407834095491751,-710.4643587432255,0.0,0.4993712693489103,0.4993712693489103,0.19808654693800815,-0.08686902689949447,15290.363567076256,1.0,-744.1561098860869,-0.2778139232270658,0.03016703933671701,265.2004319049006,0.3448275862068966,0.04592905259773844,0.0919793726131591,0.024077535612627488,2026-01-24,waldo cortes acosta,derrick lewis,1.0,0.7623065001230589,0.2376934998769411,-200.0,170.0,3.7,1.3448275862068966,0.04592905259773844
616,0.07190015743743408,0.027132134881824976,1.3773584905663725,1.3773584905660377,1,1.3773584905660377,0.7457260705306401,0.7457260705306401,1,-265,True,-710.4643587432255,-1.0,0.08407834095491751,-710.4643587432255,0.0,0.4993712693489103,0.4993712693489103,0.19808654693800815,-0.08686902689949447,15290.363567076256,1.0,-744.1561098860869,-0.2778139232270658,0.03016703933671701,226.8640857826202,0.37735849056603765,0.03590268142639122,0.07190015743743408,0.019698673270542644,2026-01-24,natalia silva,rose namajunas,1.0,0.7457260705306401,0.2542739294693599,-150.0,130.0,3.65,1.3773584905660377,0.03590268142639122
617,0.0,-0.03644360688429421,1.5110858287410611,1.5,0,1.5,0.6423709287438039,0.6423709287438039,0,-200,True,-710.4643587432255,-1.0,0.08407834095491751,-710.4643587432255,0.0,0.4993712693489103,0.4993712693489103,0.19808654693800815,-0.08686902689949447,15290.363567076256,1.0,-744.1561098860869,-0.2778139232270658,0.03016703933671701,0.0,0.0,0.0,0.0,-0.01940484929597519,2026-01-24,arnold allen,jean silva,0.0,0.3576290712561961,0.6423709287438039,130.0,-150.0,1.5,2.9,0.0
618,0.0,-0.03298363684341919,1.088993088664047,1.0833333333333333,1,1.0833333333333333,0.8926304890676131,0.8926304890676131,1,-1200,True,-710.4643587432255,-1.0,0.08407834095491751,-710.4643587432255,0.0,0.4993712693489103,0.4993712693489103,0.19808654693800815,-0.08686902689949447,15290.363567076256,1.0,-744.1561098860869,-0.2778139232270658,0.03016703933671701,0.0,0.0,0.0,0.0,-0.025648984337289904,2026-01-24,umar nurmagomedov,deiveson figueiredo,1.0,0.8926304890676131,0.1073695109323868,-800.0,550.0,10.5,1.0833333333333333,0.0
619,0.0,-0.04975744754088299,1.1274672133979315,1.125,1,1.125,0.8446600466303262,0.8446600466303262,1,-800,True,-710.4643587432255,-1.0,0.08407834095491751,-710.4643587432255,0.0,0.4993712693489103,0.4993712693489103,0.19808654693800815,-0.08686902689949447,15290.363567076256,1.0,-744.1561098860869,-0.2778139232270658,0.03016703933671701,0.0,0.0,0.0,0.0,-0.04228370491897682,2026-01-24,ateba gautier,andrey pulyaev,1.0,0.8446600466303262,0.1553399533696737,-900.0,600.0,8.5,1.125,0.0
620,0.03707808006372257,0.010492122346533128,1.8654849988592,1.826446280991736,1,1.826446280991736,0.5532558678910882,0.5532558678910882,1,-121,True,1747.5875941857275,1.3209876543209873,0.17976931885002223,1747.5875941857275,0.0,0.6358169131456435,0.6358169131456435,0.48989364280631864,0.22753162617336414,18769.40485427508,1.0,1731.453693013094,0.32675532675532604,0.030346837078483607,-360.44633839685235,-1.0,0.02357343151558397,0.03707808006372257,0.01720224075844967,2026-01-31,rafael fiziev,mauricio ruffy,0.0,0.5532558678910882,0.4467441321089118,-110.0,-110.0,2.1,1.826446280991736,-0.02357343151558397
621,0.1507201275075015,0.041442257091247936,1.34729006213058,1.3333333333333333,0,1.3333333333333333,0.781081692818436,0.781081692818436,0,-300,True,1747.5875941857275,1.3209876543209873,0.17976931885002223,1747.5875941857275,0.0,0.6358169131456435,0.6358169131456435,0.48989364280631864,0.22753162617336414,18769.40485427508,1.0,1731.453693013094,0.32675532675532604,0.030346837078483607,488.3974393983344,0.33333333333333326,0.09582455719692021,0.1507201275075015,0.038851026900349805,2026-01-31,tai tuivasa,tallison teixeira,0.0,0.218918307181564,0.781081692818436,250.0,-300.0,1.3333333333333333,3.7,0.09582455719692021
622,0.0,-0.03307414659009267,1.1250000000002365,1.125,1,1.125,0.8594896474754732,0.8594896474754732,1,-800,True,1747.5875941857275,1.3209876543209873,0.17976931885002223,1747.5875941857275,0.0,0.6358169131456435,0.6358169131456435,0.48989364280631864,0.22753162617336414,18769.40485427508,1.0,1731.453693013094,0.32675532675532604,0.030346837078483607,0.0,0.0,0.0,0.0,-0.029399241413228805,2026-01-31,quillan salkilld,jamie mullarkey,1.0,0.8594896474754732,0.1405103525245268,-700.0,525.0,9.0,1.125,0.0
623,0.04353791894360328,0.011671825719304862,1.6974644059069028,1.6666666666666663,1,1.6666666666666663,0.607003095431583,0.607003095431583,1,-150,True,1747.5875941857275,1.3209876543209873,0.17976931885002223,1747.5875941857275,0.0,0.6358169131456435,0.6358169131456435,0.48989364280631864,0.22753162617336414,18769.40485427508,1.0,1731.453693013094,0.32675532675532604,0.030346837078483607,282.16282032709603,0.6666666666666663,0.027680455643447777,0.04353791894360328,0.01788912254345587,2026-01-31,alexander volkanovski,diego lopes,1.0,0.607003095431583,0.3929969045684169,-166.0,130.0,2.3600000000000003,1.6666666666666663,0.027680455643447777
624,0.10334368533305541,0.03484146719993472,1.2948023892150216,1.3003003003003002,0,1.3003003003003002,0.7958480567611508,0.7958480567611508,0,-333,True,1747.5875941857275,1.3209876543209873,0.17976931885002223,1747.5875941857275,0.0,0.6358169131456435,0.6358169131456435,0.48989364280631864,0.22753162617336414,18769.40485427508,1.0,1731.453693013094,0.32675532675532604,0.030346837078483607,301.69151194535385,0.3003003003003002,0.06570365252407988,0.10334368533305541,0.023529432444853726,2026-01-31,dan hooker,benoit st denis,0.0,0.2041519432388492,0.7958480567611508,200.0,-265.0,1.3003003003003002,4.5,0.06570365252407988
625,0.04214298726749856,0.008563561099877603,1.2903987990433592,1.2857142857142856,1,1.2857142857142856,0.7844383252999049,0.7844383252999049,1,-350,True,1747.5875941857275,1.3209876543209873,0.17976931885002223,1747.5875941857275,0.0,0.6358169131456435,0.6358169131456435,0.48989364280631864,0.22753162617336414,18769.40485427508,1.0,1731.453693013094,0.32675532675532604,0.030346837078483607,117.05248895280229,0.2857142857142856,0.026793588624468907,0.04214298726749856,0.009484101271369783,2026-01-31,cam rowston,cody brundage,1.0,0.7844383252999049,0.2155616747000951,-300.0,250.0,4.35,1.2857142857142856,0.026793588624468907
626,0.0,-0.02514078022969024,1.3995595012299515,1.3773584905660377,0,1.3773584905660377,0.7077745020250195,0.7077745020250195,0,-265,True,1747.5875941857275,1.3209876543209873,0.17976931885002223,1747.5875941857275,0.0,0.6358169131456435,0.6358169131456435,0.48989364280631864,0.22753162617336414,18769.40485427508,1.0,1731.453693013094,0.32675532675532604,0.030346837078483607,0.0,0.0,0.0,0.0,-0.006736027267366218,2026-01-31,junior tafa,billy elekana,0.0,0.2922254979749806,0.7077745020250195,150.0,-175.0,1.3773584905660377,3.3,0.0
627,0.0,-0.027969294526881017,1.850897633258621,1.8,1,1.8,0.5400170585961772,0.5400170585961772,1,-125,True,1747.5875941857275,1.3209876543209873,0.17976931885002223,1747.5875941857275,0.0,0.6358169131456435,0.6358169131456435,0.48989364280631864,0.22753162617336414,18769.40485427508,1.0,1731.453693013094,0.32675532675532604,0.030346837078483607,0.0,0.0,0.0,0.0,-0.0002613349957134581,2026-01-31,jonathan micallef,oban elliott,1.0,0.5400170585961772,0.4599829414038228,-110.0,-110.0,2.1,1.8,0.0
628,0.05629275138748183,0.0223146978273428,1.4485955633728826,1.4444444444444444,0,1.4444444444444444,0.7077563292650835,0.7077563292650835,0,-225,True,1747.5875941857275,1.3209876543209873,0.17976931885002223,1747.5875941857275,0.0,0.6358169131456435,0.6358169131456435,0.48989364280631864,0.22753162617336414,18769.40485427508,1.0,1731.453693013094,0.32675532675532604,0.030346837078483607,-547.2375074715513,-1.0,0.03578969885646684,0.05629275138748183,0.017432525102920482,2026-01-31,kaan ofli,yizha,1.0,0.2922436707349165,0.7077563292650835,160.0,-185.0,1.4444444444444444,3.2,-0.03578969885646684
629,0.2013392526684455,0.13282259368380372,1.777047954037236,1.7407407407407407,1,1.7407407407407407,0.6507704261587809,0.6507704261587809,1,-135,True,1747.5875941857275,1.3209876543209873,0.17976931885002223,1747.5875941857275,0.0,0.6358169131456435,0.6358169131456435,0.48989364280631864,0.22753162617336414,18769.40485427508,1.0,1731.453693013094,0.32675532675532604,0.030346837078483607,1449.833278257911,0.7407407407407407,0.12800708871714814,0.2013392526684455,0.08803941052798592,2026-01-31,jacob malkoun,torrez finney,1.0,0.6507704261587809,0.3492295738412191,-250.0,210.0,2.22,1.7407407407407407,0.12800708871714814
630,0.10563892143484026,0.03841415324881353,1.3636363636366982,1.3636363636363638,0,1.3636363636363638,0.7615037123824632,0.7615037123824632,0,-275,True,-1228.6172051830924,-1.0,0.5563613745801148,-1228.6172051830924,0.0,0.8065946038445695,0.7537060444305504,1.0,-0.20685270815397264,14886.902629729959,0.8333333333333334,-2653.8850193620274,-1.606200037181632,0.08234851095410457,543.3970255413476,0.36363636363636376,0.07961583395108776,0.10563892143484026,0.028170379049309746,2026-02-07,jean matsumoto,farid basharat,0.0,0.2384962876175368,0.7615037123824632,330.0,-400.0,1.3636363636363638,3.75,0.07961583395108776
631,0.0,-0.014450730877914902,1.3447885924106318,1.3333333333333333,1,1.3333333333333333,0.7391619518415639,0.7391619518415639,1,-300,True,-1228.6172051830924,-1.0,0.5563613745801148,-1228.6172051830924,0.0,0.8065946038445695,0.7537060444305504,1.0,-0.20685270815397264,14886.902629729959,0.8333333333333334,-2653.8850193620274,-1.606200037181632,0.08234851095410457,0.0,0.0,0.0,0.0,-0.0044493530457173636,2026-02-07,wang cong,eduarda moura,1.0,0.7391619518415639,0.2608380481584361,-225.0,163.0,3.75,1.3333333333333333,0.0
632,0.38951777401476406,0.23703658086740798,1.6186177429493804,1.6134969325153374,1,1.6134969325153374,0.766680466469154,0.766680466469154,1,-163,True,-1228.6172051830924,-1.0,0.5563613745801148,-1228.6172051830924,0.0,0.8065946038445695,0.7537060444305504,1.0,-0.20685270815397264,14886.902629729959,0.8333333333333334,-2653.8850193620274,-1.606200037181632,0.08234851095410457,3353.970280977538,0.6134969325153374,0.2912703732717547,0.38951777401476406,0.14886937156675906,2026-02-07,klaudia sygula,priscila cachoeira,1.0,0.766680466469154,0.233319533530846,-300.0,250.0,2.6,1.6134969325153374,0.2912703732717547
633,0.13292727831216922,0.10685179509364073,1.8885958369345108,1.869565217391304,1,1.869565217391304,0.592037006677994,0.592037006677994,1,-115,True,-1228.6172051830924,-1.0,0.5563613745801148,-1228.6172051830924,0.0,0.8065946038445695,0.7537060444305504,1.0,-0.20685270815397264,14886.902629729959,0.8333333333333334,-2653.8850193620274,-1.606200037181632,0.08234851095410457,-1880.356106767972,-1.0,0.10018197813766515,0.13292727831216922,0.06254309355830934,2026-02-07,muin gafurov,jakub wiklacz,0.0,0.592037006677994,0.407962993322006,-135.0,115.0,2.1,1.869565217391304,-0.10018197813766515
634,0.0,-0.06071388811732503,1.739443805339353,1.7142857142857144,0,1.7142857142857144,0.547916898598227,0.547916898598227,0,-140,True,-1228.6172051830924,-1.0,0.5563613745801148,-1228.6172051830924,0.0,0.8065946038445695,0.7537060444305504,1.0,-0.20685270815397264,14886.902629729959,0.8333333333333334,-2653.8850193620274,-1.606200037181632,0.08234851095410457,0.0,0.0,0.0,0.0,-0.02697951192703696,2026-02-07,bruna brasil,ketlen souza,0.0,0.452083101401773,0.547916898598227,130.0,-150.0,1.7142857142857144,2.3,0.0
635,0.16719349029761693,0.258136904479249,2.47813890008759,2.5,0,2.5,0.5032547617916996,0.5032547617916996,0,150,True,-1228.6172051830924,-1.0,0.5563613745801148,-1228.6172051830924,0.0,0.8065946038445695,0.7537060444305504,1.0,-0.20685270815397264,14886.902629729959,0.8333333333333334,-2653.8850193620274,-1.606200037181632,0.08234851095410457,-2365.0773903206787,-1.0,0.1260070528971508,0.16719349029761693,0.0997261298959431,2026-02-07,dustin jacoby,julius walker,1.0,0.4967452382083004,0.5032547617916996,-170.0,145.0,2.5,1.6849315068493151,-0.1260070528971508
636,0.24675891193273325,0.13991327481825733,1.6212137279981105,1.6024096385542168,1,1.6024096385542168,0.7113744496986117,0.7113744496986117,1,-166,True,-1228.6172051830924,-1.0,0.5563613745801148,-1228.6172051830924,0.0,0.8065946038445695,0.7537060444305504,1.0,-0.20685270815397264,14886.902629729959,0.8333333333333334,-2653.8850193620274,-1.606200037181632,0.08234851095410457,-3490.5899890801984,-1.0,0.18597233189762816,0.24675891193273325,0.09455263112518453,2026-02-07,jailton almeida,rizvan kuniev,0.0,0.7113744496986117,0.2886255503013882,-400.0,330.0,2.55,1.6024096385542168,-0.18597233189762816
637,0.0,-0.1002997608296603,1.3028122833298308,1.2857142857142856,0,1.2857142857142856,0.6997668526880421,0.6997668526880421,0,-350,True,-1228.6172051830924,-1.0,0.5563613745801148,-1228.6172051830924,0.0,0.8065946038445695,0.7537060444305504,1.0,-0.20685270815397264,14886.902629729959,0.8333333333333334,-2653.8850193620274,-1.606200037181632,0.08234851095410457,0.0,0.0,0.0,0.0,-0.0678034356762347,2026-02-07,amir albazi,kyoji horiguchi,0.0,0.3002331473119579,0.6997668526880421,185.0,-220.0,1.2857142857142856,4.0,0.0
638,0.0,-0.008796995902160154,1.8157516880162805,1.8,1,1.8,0.550668335609911,0.550668335609911,1,-125,True,-1228.6172051830924,-1.0,0.5563613745801148,-1228.6172051830924,0.0,0.8065946038445695,0.7537060444305504,1.0,-0.20685270815397264,14886.902629729959,0.8333333333333334,-2653.8850193620274,-1.606200037181632,0.08234851095410457,0.0,0.0,0.0,0.0,-6.776261313723442e-05,2026-02-07,mario bautista,vinicius oliveira,1.0,0.550668335609911,0.449331664390089,-140.0,120.0,2.2,1.8,0.0
639,0.20101095343756742,0.0775120363911968,1.427822288887721,1.4166666666666667,1,1.4166666666666667,0.7605967315702565,0.7605967315702565,1,-240,True,-1228.6172051830924,-1.0,0.5563613745801148,-1228.6172051830924,0.0,0.8065946038445695,0.7537060444305504,1.0,-0.20685270815397264,14886.902629729959,0.8333333333333334,-2653.8850193620274,-1.606200037181632,0.08234851095410457,1184.7711602879353,0.41666666666666674,0.15149392358295238,0.20101095343756742,0.0602294605291217,2026-02-07,nikolay veretennikov,niko price,1.0,0.7605967315702565,0.2394032684297434,-325.0,275.0,3.25,1.4166666666666667,0.15149392358295238
640,0.1869192718817974,0.1714125068966328,2.114636239282634,2.05,1,2.05,0.5714207350715282,0.5714207350715282,1,105,True,-1214.8960378607726,-1.0,0.4108299004022391,-1214.8960378607726,0.0,0.8198427264271052,0.7114006466414177,1.0,-0.20891152370586444,11776.857118092234,0.8571428571428571,-1895.1494737769535,0.8386663175351308,0.06014562010700678,2078.430347903508,1.0499999999999998,0.13296637476762513,0.1869192718817974,0.09852616274582249,2026-02-21,serghei spivac,ante delija,1.0,0.5714207350715282,0.4285792649284717,160.0,-185.0,1.847457627118644,2.05,0.13296637476762513
641,0.027963085870306145,0.009321028623192562,1.3333333333336663,1.3333333333333333,0,1.3333333333333333,0.7569907714673945,0.7569907714673945,0,-300,True,-1214.8960378607726,-1.0,0.4108299004022391,-1214.8960378607726,0.0,0.8198427264271052,0.7114006466414177,1.0,-0.20891152370586444,11776.857118092234,0.8571428571428571,-1895.1494737769535,0.8386663175351308,0.06014562010700678,98.70881472029974,0.33333333333333326,0.019891743200463916,0.027963085870306145,0.006990771467581758,2026-02-21,nora cornolle,joselyne edwards,0.0,0.2430092285326054,0.7569907714673945,167.0,-192.0,1.3333333333333333,4.0,0.019891743200463916
642,0.0,-0.025202205112568488,1.8157516880162805,1.8,0,1.8,0.5415543304930175,0.5415543304930175,0,-125,True,-1214.8960378607726,-1.0,0.4108299004022391,-1214.8960378607726,0.0,0.8198427264271052,0.7114006466414177,1.0,-0.20891152370586444,11776.857118092234,0.8571428571428571,-1895.1494737769535,0.8386663175351308,0.06014562010700678,0.0,0.0,0.0,0.0,-0.009181767730030765,2026-02-21,ramiz brahimaj,punahele soriano,0.0,0.4584456695069825,0.5415543304930175,146.0,-171.0,1.8,2.2,0.0
643,0.014794914148368808,-0.005747153558427864,1.76508062551834,1.7352941176470589,0,1.7352941176470589,0.572959267440906,0.572959267440906,0,-136,True,-1214.8960378607726,-1.0,0.4108299004022391,-1214.8960378607726,0.0,0.8198427264271052,0.7114006466414177,1.0,-0.20891152370586444,11776.857118092234,0.8571428571428571,-1895.1494737769535,0.8386663175351308,0.06014562010700678,0.0,0.0,0.0,0.014794914148368808,0.006412909420384194,2026-02-21,chidi njokuani,carlos leal,0.0,0.427040732559094,0.572959267440906,220.0,-260.0,1.7352941176470589,2.25,0.0
644,0.2611465775716726,0.07778533979191843,1.2899069109434549,1.292397660818713,1,1.292397660818713,0.8339425027349235,0.8339425027349235,1,-342,True,-1214.8960378607726,-1.0,0.4108299004022391,-1214.8960378607726,0.0,0.8198427264271052,0.7114006466414177,1.0,-0.20891152370586444,11776.857118092234,0.8571428571428571,-1895.1494737769535,0.8386663175351308,0.06014562010700678,808.6308907493341,0.2923976608187131,0.18576850505086506,0.2611465775716726,0.058692760667422794,2026-02-21,alden coria,luis gurule,1.0,0.8339425027349235,0.1660574972650764,-210.0,180.0,4.5,1.292397660818713,0.18576850505086506
645,0.15727252405987463,0.05894596103854549,1.427822288887721,1.4166666666666667,0,1.4166666666666667,0.7474912666154439,0.7474912666154439,0,-240,True,-1214.8960378607726,-1.0,0.4108299004022391,-1214.8960378607726,0.0,0.8198427264271052,0.7114006466414177,1.0,-0.20891152370586444,11776.857118092234,0.8571428571428571,-1895.1494737769535,0.8386663175351308,0.06014562010700678,693.9588369297746,0.41666666666666674,0.11187694647141454,0.15727252405987463,0.04712399557430902,2026-02-21,dan ige,melquizael costa,0.0,0.2525087333845562,0.7474912666154439,105.0,-125.0,1.4166666666666667,3.25,0.11187694647141454
646,0.0,-0.08486289451317576,1.1404442214208386,1.12987012987013,0,1.12987012987013,0.8099489324423617,0.8099489324423617,0,-770,True,-1214.8960378607726,-1.0,0.4108299004022391,-1214.8960378607726,0.0,0.8198427264271052,0.7114006466414177,1.0,-0.20891152370586444,11776.857118092234,0.8571428571428571,-1895.1494737769535,0.8386663175351308,0.06014562010700678,0.0,0.0,0.0,0.0,-0.06690236919704329,2026-02-21,juliana miller,carli judice,0.0,0.1900510675576384,0.8099489324423617,285.0,-350.0,1.12987012987013,7.0,0.0
647,0.06255583858177884,0.02532748148795666,1.538785444543219,1.526315789473684,1,1.526315789473684,0.6717662809748682,0.6717662809748682,1,-190,True,-1214.8960378607726,-1.0,0.4108299004022391,-1214.8960378607726,0.0,0.8198427264271052,0.7114006466414177,1.0,-0.20891152370586444,11776.857118092234,0.8571428571428571,-1895.1494737769535,0.8386663175351308,0.06014562010700678,-662.4604353983823,-1.0,0.044499547815635775,0.06255583858177884,0.021903102488120108,2026-02-21,geoff neal,uros medic,0.0,0.6717662809748682,0.3282337190251317,-180.0,155.0,2.8,1.526315789473684,-0.044499547815635775
648,0.0,-0.17402190336300524,1.2788170403398356,1.2702702702702702,0,1.2702702702702702,0.6502380760759321,0.6502380760759321,0,-370,True,-1214.8960378607726,-1.0,0.4108299004022391,-1214.8960378607726,0.0,0.8198427264271052,0.7114006466414177,1.0,-0.20891152370586444,11776.857118092234,0.8571428571428571,-1895.1494737769535,0.8386663175351308,0.06014562010700678,0.0,0.0,0.0,0.0,-0.13173461310113566,2026-02-21,jordan leavitt,yadier del valle,1.0,0.3497619239240678,0.6502380760759321,385.0,-500.0,1.2702702702702702,4.4,-0.0
649,0.5256382161841546,0.20438350461178129,1.417546787705921,1.4,0,1.4,0.8602739318655581,0.8602739318655581,0,-250,True,-1214.8960378607726,-1.0,0.4108299004022391,-1214.8960378607726,0.0,0.8198427264271052,0.7114006466414177,1.0,-0.20891152370586444,11776.857118092234,0.8571428571428571,-1895.1494737769535,0.8386663175351308,0.06014562010700678,-5506.659575878245,-1.0,0.3698996166523683,0.5256382161841546,0.15482984446556158,2026-02-21,sean strickland,anthony hernandez,1.0,0.1397260681344418,0.8602739318655581,186.0,-245.0,1.4,3.25,-0.3698996166523683
650,0.0751927189149989,0.038522435800579125,1.7801299997605369,1.7462686567164178,0,1.7462686567164178,0.5947094290481949,0.5947094290481949,0,-134,True,-1214.8960378607726,-1.0,0.4108299004022391,-1214.8960378607726,0.0,0.8198427264271052,0.7114006466414177,1.0,-0.20891152370586444,11776.857118092234,0.8571428571428571,-1895.1494737769535,0.8386663175351308,0.06014562010700678,594.2416471967571,0.7462686567164178,0.053488883957192826,0.0751927189149989,0.032952703340229705,2026-02-21,ode osbourne,alibi idiris,0.0,0.405290570951805,0.5947094290481949,170.0,-200.0,1.7462686567164178,2.22,0.053488883957192826
