,f_star_unscaled,choice_ev,choice_fair_odds,choice_real_odds,choice_idx,choice_decimal_odds,choice_proba,choice_risk_proba,pred_winner,choice_american_odds,moneyline_allowed,parlay_net,parlay_net_odds,parlay_ev,regular_parlay_net,heavy_parlay_net,uncertainty_multiplier,event_multiplier,event_total_fstar,bankroll_pct_change,bankroll_postevent,vegas_acc_choice,event_payout_money_line,event_ml_net_odds,avg_choice_edge,fight_payout,net_odds,choice_fstar,kelly_edge,choice_edge,date,fighter_red,fighter_blue,winner,red_proba,blue_proba,open_red,open_blue,real_odds_blue,real_odds_red,fstar_net
0,0.14720589656192426,0.07084991692442544,1.733851022240676,1.6756756756756757,1,1.6756756756756757,0.6390555955839313,0.6390555955839313,1,-148,True,49.020367859869744,1.6066066066066065,0.17753088130329475,49.020367859869744,0.0,1.0,1.0,0.4287324616083838,0.32000481069250813,660.0024053462541,1.0,110.98203748638434,1.2312312312312312,0.07261363129502063,49.728686428049556,0.6756756756756757,0.14719691182702668,0.14720589656192426,0.06230477491210207,2024-05-11,joaquin buckley,nursulton ruziboev,1.0,0.6390555955839313,0.3609444044160687,-148.0,124.0,2.24,1.6756756756756757,0.14719691182702668
1,0.0,-0.1714288454655053,1.6686512500275867,1.617283950617284,1,1.617283950617284,0.5123226222694204,0.5123226222694204,1,-162,True,49.020367859869744,1.6066066066066065,0.17753088130329475,49.020367859869744,0.0,1.0,1.0,0.4287324616083838,0.32000481069250813,660.0024053462541,1.0,110.98203748638434,1.2312312312312312,0.07261363129502063,0.0,0.0,0.0,0.0,-0.086963777440206,2024-05-11,derrick lewis,rodrigo nascimento,1.0,0.5123226222694204,0.4876773777305796,-162.0,136.0,2.3600000000000003,1.617283950617284,0.0
2,0.018375791088175525,-0.02052004679721242,1.733851022240676,1.6756756756756757,0,1.6756756756756757,0.5845283591694055,0.5845283591694055,0,-148,True,49.020367859869744,1.6066066066066065,0.17753088130329475,49.020367859869744,0.0,1.0,1.0,0.4287324616083838,0.32000481069250813,660.0024053462541,1.0,110.98203748638434,1.2312312312312312,0.07261363129502063,0.0,0.0,0.0,0.018375791088175525,0.007777538497576231,2024-05-11,jj aldrich,veronica hardy,0.0,0.4154716408305944,0.5845283591694055,124.0,-148.0,1.6756756756756757,2.24,0.0
3,0.2205255236197965,0.09962270407160928,1.602621062176108,1.5555555555555556,0,1.5555555555555556,0.7069003097603203,0.7069003097603203,0,-180,True,49.020367859869744,1.6066066066066065,0.17753088130329475,49.020367859869744,0.0,1.0,1.0,0.4287324616083838,0.32000481069250813,660.0024053462541,1.0,110.98203748638434,1.2312312312312312,0.07261363129502063,61.253351058334786,0.5555555555555556,0.22051206381000524,0.2205255236197965,0.0829224876779392,2024-05-11,alex caceres,sean woodson,0.0,0.2930996902396797,0.7069003097603203,150.0,-180.0,1.5555555555555556,2.5,0.22051206381000524
4,0.3051819124605796,0.3326166241526869,2.31179951660086,2.2,1,2.2,0.6057348291603122,0.6057348291603122,1,120,True,-18.290676695065233,-1.0,0.5229869136105492,-18.290676695065233,0.0,1.0,0.6690805729990149,1.0,-0.201193714084683,527.2140701098168,0.75,-114.49765854137209,-0.06993998969972481,0.07219289577620554,-134.75851628792836,-1.0,0.20417882601083945,0.3051819124605796,0.17317136817717999,2024-05-18,luana pinheiro,angela hill,0.0,0.6057348291603122,0.3942651708396878,120.0,-142.0,1.704225352112676,2.2,-0.20417882601083945
5,0.0,-0.17502101342616028,1.4341303401610936,1.4,1,1.4,0.5892707046955998,0.5892707046955998,1,-250,True,-18.290676695065233,-1.0,0.5229869136105492,-18.290676695065233,0.0,1.0,0.6690805729990149,1.0,-0.201193714084683,527.2140701098168,0.75,-114.49765854137209,-0.06993998969972481,0.07219289577620554,0.0,0.0,0.0,0.0,-0.10801598675510304,2024-05-18,adrian yanez,vinicius salvador,1.0,0.5892707046955998,0.4107292953044001,-250.0,205.0,3.05,1.4,0.0
6,0.09727719292958407,0.038751082959023964,1.7623116088586497,1.704225352112676,0,1.704225352112676,0.6095150982652124,0.6095150982652124,0,-142,True,-18.290676695065233,-1.0,0.5229869136105492,-18.290676695065233,0.0,1.0,0.6690805729990149,1.0,-0.201193714084683,527.2140701098168,0.75,-114.49765854137209,-0.06993998969972481,0.07219289577620554,30.24963341675205,0.704225352112676,0.06508230743379322,0.09727719292958407,0.042078559248344805,2024-05-18,edson barboza,lerone murphy,0.0,0.3904849017347875,0.6095150982652124,120.0,-142.0,1.704225352112676,2.2,0.06508230743379322
7,0.09196096026850949,0.054878412545677935,2.148625715316277,2.05,1,2.05,0.5145748353881356,0.5145748353881356,1,105,True,-18.290676695065233,-1.0,0.5229869136105492,-18.290676695065233,0.0,1.0,0.6690805729990149,1.0,-0.201193714084683,527.2140701098168,0.75,-114.49765854137209,-0.06993998969972481,0.07219289577620554,42.63735221197987,1.0499999999999998,0.061525536540043405,0.09196096026850949,0.04916106282105065,2024-05-18,khaos williams,carlston harris,1.0,0.5145748353881356,0.4854251646118643,105.0,-125.0,1.8,2.05,0.061525536540043405
8,0.14151564482960988,0.028611073218007654,1.3655989198669296,1.3355704697986577,0,1.3355704697986577,0.7701660799471515,0.7701660799471515,0,-298,True,-18.290676695065233,-1.0,0.5229869136105492,-18.290676695065233,0.0,1.0,0.6690805729990149,1.0,-0.201193714084683,527.2140701098168,0.75,-114.49765854137209,-0.06993998969972481,0.07219289577620554,-62.48875686966212,-1.0,0.09467958959464537,0.14151564482960988,0.03788664895767424,2024-05-18,vanessa demopoulos,emily ducote,1.0,0.2298339200528485,0.7701660799471515,240.0,-298.0,1.3355704697986577,3.4,-0.09467958959464537
9,0.26188405617451177,0.08718747277223893,1.4341303401610936,1.4,1,1.4,0.7765624805515993,0.7765624805515993,1,-250,True,-18.290676695065233,-1.0,0.5229869136105492,-18.290676695065233,0.0,1.0,0.6690805729990149,1.0,-0.201193714084683,527.2140701098168,0.75,-114.49765854137209,-0.06993998969972481,0.07219289577620554,46.25583025547131,0.3999999999999999,0.17521083969082024,0.26188405617451177,0.07927578910089639,2024-05-18,themba gorimbo,ramiz brahimaj,1.0,0.7765624805515993,0.2234375194484007,-250.0,205.0,3.05,1.4,0.17521083969082024
10,0.15189436505107953,0.05763515011219317,1.5863094290578523,1.5405405405405406,1,1.5405405405405406,0.6865350974412482,0.6865350974412482,1,-185,True,-18.290676695065233,-1.0,0.5229869136105492,-18.290676695065233,0.0,1.0,0.6690805729990149,1.0,-0.201193714084683,527.2140701098168,0.75,-114.49765854137209,-0.06993998969972481,0.07219289577620554,36.25495453257258,0.5405405405405406,0.10162336582708628,0.15189436505107953,0.05614106353959991,2024-05-18,abus magomedov,warlley alves,1.0,0.6865350974412482,0.3134649025587518,-185.0,154.0,2.54,1.5405405405405406,0.10162336582708628
11,0.2100508390892751,0.14285450594532756,1.9112088813771368,1.8333333333333333,1,1.8333333333333333,0.6233751850610878,0.6233751850610878,1,-120,True,-18.290676695065233,-1.0,0.5229869136105492,-18.290676695065233,0.0,1.0,0.6690805729990149,1.0,-0.201193714084683,527.2140701098168,0.75,-114.49765854137209,-0.06993998969972481,0.07219289577620554,-92.75169420258945,-1.0,0.1405323578388014,0.2100508390892751,0.10014613890918733,2024-05-18,piera rodriguez,ariane carnelossi,0.0,0.6233751850610878,0.3766248149389122,-120.0,100.0,2.0,1.8333333333333333,-0.1405323578388014
12,0.1934924409935218,0.030972543889728893,1.2579972682315694,1.2352941176470589,0,1.2352941176470589,0.8345968212440662,0.8345968212440662,0,-425,True,-18.290676695065233,-1.0,0.5229869136105492,-18.290676695065233,0.0,1.0,0.6690805729990149,1.0,-0.201193714084683,527.2140701098168,0.75,-114.49765854137209,-0.06993998969972481,0.07219289577620554,20.103538402032004,0.23529411764705888,0.12945413155549332,0.1934924409935218,0.03968253545571099,2024-05-18,victor martinez,tom nolan,0.0,0.1654031787559338,0.8345968212440662,330.0,-425.0,1.2352941176470589,4.3,0.12945413155549332
13,0.01291345922020093,-0.021476610794371076,1.543684377626339,1.5,1,1.5,0.652348926137086,0.652348926137086,1,-200,True,28.910543908967107,1.179636207082122,0.3110396296251712,28.910543908967107,0.0,1.0,0.6341399326973838,0.9999999999999999,0.430017583870843,753.9253907211535,1.0,197.80077670236955,2.014374125497793,0.09018973851231885,0.0,0.0,0.0,0.01291345922020093,0.00454810979556175,2024-06-01,kevin holland,michal oleksiejczuk,1.0,0.652348926137086,0.347651073862914,-200.0,165.0,2.65,1.5,0.0
14,0.0,-0.12720138735915393,1.3916858755228505,1.359712230215827,0,1.359712230215827,0.6418995087676065,0.6418995087676065,0,-278,True,28.910543908967107,1.179636207082122,0.3110396296251712,28.910543908967107,0.0,1.0,0.6341399326973838,0.9999999999999999,0.430017583870843,753.9253907211535,1.0,197.80077670236955,2.014374125497793,0.09018973851231885,0.0,0.0,0.0,0.0,-0.07665344746204861,2024-06-01,niko price,alex morono,1.0,0.3581004912323935,0.6418995087676065,225.0,-278.0,1.359712230215827,3.25,-0.0
15,0.13915057686889795,0.01754074616077339,1.4648660950833083,1.4,1,1.4,0.7268148186862667,0.7268148186862667,1,-250,True,28.910543908967107,1.179636207082122,0.3110396296251712,28.910543908967107,0.0,1.0,0.6341399326973838,0.9999999999999999,0.430017583870843,753.9253907211535,1.0,197.80077670236955,2.014374125497793,0.09018973851231885,18.60760972573193,0.3999999999999999,0.08823555165104015,0.13915057686889795,0.04415856542434038,2024-06-01,ailin perez,joselyne edwards,1.0,0.7268148186862667,0.2731851813137332,-250.0,175.0,2.75,1.4,0.08823555165104015
16,0.4711842821156834,0.10307755354226072,1.2857872911994084,1.25,1,1.25,0.8824620428338086,0.8824620428338086,1,-400,True,28.910543908967107,1.179636207082122,0.3110396296251712,28.910543908967107,0.0,1.0,0.6341399326973838,0.9999999999999999,0.430017583870843,753.9253907211535,1.0,197.80077670236955,2.014374125497793,0.09018973851231885,39.38006145838827,0.25,0.2987785318414248,0.4711842821156834,0.10472842636044943,2024-06-01,islam makhachev,dustin poirier,1.0,0.8824620428338086,0.1175379571661914,-400.0,280.0,3.8,1.25,0.2987785318414248
17,0.018817163536762462,-0.018138073536124677,1.5863094290578523,1.5405405405405406,1,1.5405405405405406,0.637348969809884,0.637348969809884,1,-185,True,28.910543908967107,1.179636207082122,0.3110396296251712,28.910543908967107,0.0,1.0,0.6341399326973838,0.9999999999999999,0.430017583870843,753.9253907211535,1.0,197.80077670236955,2.014374125497793,0.09018973851231885,0.0,0.0,0.0,0.018817163536762462,0.006954935908235704,2024-06-01,sean strickland,paulo costa,1.0,0.637348969809884,0.362651030190116,-185.0,154.0,2.54,1.5405405405405406,0.0
18,0.3386568753009402,0.10378404464763136,1.3823194701680626,1.350877192982456,1,1.350877192982456,0.8170868901937013,0.8170868901937013,1,-285,True,28.910543908967107,1.179636207082122,0.3110396296251712,28.910543908967107,0.0,1.0,0.6341399326973838,0.9999999999999999,0.430017583870843,753.9253907211535,1.0,197.80077670236955,2.014374125497793,0.09018973851231885,39.72469972678656,0.3508771929824559,0.21474274045409944,0.3386568753009402,0.09366511861262106,2024-06-01,jailton almeida,alexandr romanov,1.0,0.8170868901937013,0.1829131098062987,-285.0,230.0,3.3,1.350877192982456,0.21474274045409944
19,0.3629895741992909,0.18776823780208163,1.7070898936730217,1.6134969325153374,1,1.6134969325153374,0.7361453336948263,0.7361453336948263,1,-163,True,28.910543908967107,1.179636207082122,0.3110396296251712,28.910543908967107,0.0,1.0,0.6341399326973838,0.9999999999999999,0.430017583870843,753.9253907211535,1.0,197.80077670236955,2.014374125497793,0.09018973851231885,74.44784537580809,0.6134969325153374,0.23017213470287395,0.3629895741992909,0.150353101132092,2024-06-01,randy brown,elizeu zaleski dos santos,1.0,0.7361453336948263,0.2638546663051737,-163.0,120.0,2.2,1.6134969325153374,0.23017213470287395
20,0.1917440673826171,0.057462241475911835,1.4341303401610936,1.4,1,1.4,0.7553301724827942,0.7553301724827942,1,-250,True,28.910543908967107,1.179636207082122,0.3110396296251712,28.910543908967107,0.0,1.0,0.6341399326973838,0.9999999999999999,0.430017583870843,753.9253907211535,1.0,197.80077670236955,2.014374125497793,0.09018973851231885,25.640560415654722,0.3999999999999999,0.12158514856362754,0.1917440673826171,0.05804348103209134,2024-06-01,grant dawson,joe solecki,1.0,0.7553301724827942,0.2446698275172057,-250.0,205.0,3.05,1.4,0.12158514856362754
21,0.0,-0.14385281822016738,1.6686512500275867,1.617283950617284,0,1.617283950617284,0.5293734482760797,0.5293734482760797,0,-162,True,28.910543908967107,1.179636207082122,0.3110396296251712,28.910543908967107,0.0,1.0,0.6341399326973838,0.9999999999999999,0.430017583870843,753.9253907211535,1.0,197.80077670236955,2.014374125497793,0.09018973851231885,0.0,0.0,0.0,0.0,-0.0699129514335467,2024-06-01,phil rowe,jake matthews,0.0,0.4706265517239202,0.5293734482760797,136.0,-162.0,1.617283950617284,2.3600000000000003,0.0
22,0.0,-0.07360840747015018,1.414293077175543,1.3636363636363638,0,1.3636363636363638,0.6793538345218898,0.6793538345218898,0,-275,True,28.910543908967107,1.179636207082122,0.3110396296251712,28.910543908967107,0.0,1.0,0.6341399326973838,0.9999999999999999,0.430017583870843,753.9253907211535,1.0,197.80077670236955,2.014374125497793,0.09018973851231885,0.0,0.0,0.0,0.0,-0.027713191498686007,2024-06-01,mickey gall,bassil hafez,0.0,0.3206461654781102,0.6793538345218898,200.0,-275.0,1.3636363636363638,3.0,0.0
23,0.0,-0.08220815748663568,1.5675912773046496,1.5,0,1.5,0.6118612283422429,0.6118612283422429,0,-200,True,57.45550777088287,1.52,0.29721325817688404,57.45550777088287,0.0,1.0,0.7994334896876962,1.0,0.29841418459351154,978.9074214375511,1.0,167.52652294551473,0.8666666666666665,0.0826164803245283,0.0,0.0,0.0,0.0,-0.02606015746657686,2024-06-08,cody stamann,taylor lapilus,0.0,0.388138771657757,0.6118612283422429,150.0,-200.0,1.5,2.5,0.0
24,0.16421570523907725,0.05492309689380653,1.7070898936730217,1.6134969325153374,1,1.6134969325153374,0.6538116532079485,0.6538116532079485,1,-163,True,57.45550777088287,1.52,0.29721325817688404,57.45550777088287,0.0,1.0,0.7994334896876962,1.0,0.29841418459351154,978.9074214375511,1.0,167.52652294551473,0.8666666666666665,0.0826164803245283,-98.96893323840831,-1.0,0.13127152163391315,0.16421570523907725,0.06801942064521427,2024-06-08,eduarda moura,denise gomes,0.0,0.6538116532079485,0.3461883467920514,-163.0,120.0,2.2,1.6134969325153374,-0.13127152163391315
25,0.0,-0.08203470254784268,1.5105772597440823,1.4444444444444444,1,1.4444444444444444,0.6355144366976474,0.6355144366976474,1,-225,True,57.45550777088287,1.52,0.29721325817688404,57.45550777088287,0.0,1.0,0.7994334896876962,1.0,0.29841418459351154,978.9074214375511,1.0,167.52652294551473,0.8666666666666665,0.0826164803245283,0.0,0.0,0.0,0.0,-0.02648414268611554,2024-06-08,brunno ferreira,dustin stoltzfus,1.0,0.6355144366976474,0.3644855633023526,-225.0,163.0,2.63,1.4444444444444444,0.0
26,0.13516292096512023,0.03871984086317959,1.771956645840295,1.6666666666666663,1,1.6666666666666663,0.6232319045179079,0.6232319045179079,1,-150,True,57.45550777088287,1.52,0.29721325817688404,57.45550777088287,0.0,1.0,0.7994334896876962,1.0,0.29841418459351154,978.9074214375511,1.0,167.52652294551473,0.8666666666666665,0.0826164803245283,-81.45950523934435,-1.0,0.10804717050506255,0.13516292096512023,0.05888401127372456,2024-06-08,miguel baeza,punahele soriano,0.0,0.6232319045179079,0.3767680954820921,-150.0,110.0,2.1,1.6666666666666663,-0.10804717050506255
27,0.060082871138211306,-0.00871713621694381,1.8261647806963728,1.7246376811594204,1,1.7246376811594204,0.5747774588321922,0.5747774588321922,1,-138,True,57.45550777088287,1.52,0.29721325817688404,57.45550777088287,0.0,1.0,0.7994334896876962,1.0,0.29841418459351154,978.9074214375511,1.0,167.52652294551473,0.8666666666666665,0.0826164803245283,0.0,0.0,0.0,0.060082871138211306,0.027181748647337356,2024-06-08,andrea lee,montana de la rosa,0.0,0.5747774588321922,0.4252225411678078,-138.0,105.0,2.05,1.7246376811594204,-0.0
28,0.0,-0.1523607614787023,1.606960527582149,1.5319148936170213,0,1.5319148936170213,0.5533200584791804,0.5533200584791804,0,-188,True,57.45550777088287,1.52,0.29721325817688404,57.45550777088287,0.0,1.0,0.7994334896876962,1.0,0.29841418459351154,978.9074214375511,1.0,167.52652294551473,0.8666666666666665,0.0826164803245283,0.0,0.0,0.0,0.0,-0.06897276255520512,2024-06-08,charles radtke,carlos prates,0.0,0.4466799415208196,0.5533200584791804,140.0,-188.0,1.5319148936170213,2.4,0.0
29,0.08440982626630666,0.012849192574068857,1.956166183256912,1.8333333333333333,0,1.8333333333333333,0.5524631959494921,0.5524631959494921,0,-120,True,57.45550777088287,1.52,0.29721325817688404,57.45550777088287,0.0,1.0,0.7994334896876962,1.0,0.29841418459351154,978.9074214375511,1.0,167.52652294551473,0.8666666666666665,0.0826164803245283,42.39317654510905,0.8333333333333333,0.06747592332109995,0.08440982626630666,0.041259184470746724,2024-06-08,thiago moises,ludovit klein,0.0,0.4475368040505079,0.5524631959494921,-110.0,-120.0,1.8333333333333333,1.9090909090909087,0.06747592332109995
30,0.0,-0.09128286218010823,1.7070898936730217,1.6134969325153374,0,1.6134969325153374,0.5631973135537732,0.5631973135537732,0,-163,True,57.45550777088287,1.52,0.29721325817688404,57.45550777088287,0.0,1.0,0.7994334896876962,1.0,0.29841418459351154,978.9074214375511,1.0,167.52652294551473,0.8666666666666665,0.0826164803245283,0.0,0.0,0.0,0.0,-0.022594919008961045,2024-06-08,john castaneda,daniel marcos,0.0,0.4368026864462268,0.5631973135537732,120.0,-163.0,1.6134969325153374,2.2,0.0
31,0.3577559831850069,0.11466302833734748,1.4648660950833083,1.4,1,1.4,0.7961878773838197,0.7961878773838197,1,-250,True,57.45550777088287,1.52,0.29721325817688404,57.45550777088287,0.0,1.0,0.7994334896876962,1.0,0.29841418459351154,978.9074214375511,1.0,167.52652294551473,0.8666666666666665,0.0826164803245283,86.24443798217804,0.3999999999999999,0.2859846579105213,0.3577559831850069,0.11353162412189333,2024-06-08,raul rosas jr,ricky turcios,1.0,0.7961878773838197,0.2038121226161803,-250.0,175.0,2.75,1.4,0.2859846579105213
32,0.0,-0.15416456678529525,1.2133475112696448,1.1821493624772312,1,1.1821493624772312,0.7155063988210677,0.7155063988210677,1,-549,True,57.45550777088287,1.52,0.29721325817688404,57.45550777088287,0.0,1.0,0.7994334896876962,1.0,0.29841418459351154,978.9074214375511,1.0,167.52652294551473,0.8666666666666665,0.0826164803245283,0.0,0.0,0.0,0.0,-0.1086597948801924,2024-06-08,brad katona,jesse butler,1.0,0.7155063988210677,0.2844936011789323,-549.0,350.0,4.5,1.1821493624772312,0.0
33,0.250281610481134,0.16377167376927515,1.8919945981028428,1.8,0,1.8,0.6465398187607084,0.6465398187607084,0,-125,True,57.45550777088287,1.52,0.29721325817688404,57.45550777088287,0.0,1.0,0.7994334896876962,1.0,0.29841418459351154,978.9074214375511,1.0,167.52652294551473,0.8666666666666665,0.0826164803245283,120.67105987187539,0.8,0.20007128914382646,0.250281610481134,0.11799708348930293,2024-06-08,jared cannonier,nassourdine imavov,0.0,0.3534601812392915,0.6465398187607084,100.0,-125.0,1.8,2.0,0.20007128914382646
34,0.0,-0.19463912839594033,1.494713487550269,1.4444444444444444,0,1.4444444444444444,0.5575575264951182,0.5575575264951182,0,-225,True,57.45550777088287,1.52,0.29721325817688404,57.45550777088287,0.0,1.0,0.7994334896876962,1.0,0.29841418459351154,978.9074214375511,1.0,167.52652294551473,0.8666666666666665,0.0826164803245283,0.0,0.0,0.0,0.0,-0.11146701120336078,2024-06-08,dominick reyes,dustin jacoby,1.0,0.4424424735048817,0.5575575264951182,175.0,-225.0,1.4444444444444444,2.75,-0.0
35,0.19641641953064687,0.11322121061256119,1.956166183256912,1.8333333333333333,0,1.8333333333333333,0.6072115694250334,0.6072115694250334,0,-120,True,57.45550777088287,1.52,0.29721325817688404,57.45550777088287,0.0,1.0,0.7994334896876962,1.0,0.29841418459351154,978.9074214375511,1.0,167.52652294551473,0.8666666666666665,0.0826164803245283,98.64628702410491,0.8333333333333333,0.15701227984336216,0.19641641953064687,0.09600755794628801,2024-06-08,julian marquez,zachary reese,0.0,0.3927884305749666,0.6072115694250334,-110.0,-120.0,1.8333333333333333,1.9090909090909087,0.15701227984336216
36,0.21229898943160636,0.09202911887990783,1.5863094290578523,1.5405405405405406,1,1.5405405405405406,0.7088610069922209,0.7088610069922209,1,-185,True,91.28825144720084,1.4467408585055646,0.24803472963648554,91.28825144720084,0.0,1.0,1.0,0.7585619150857037,0.4834486154457018,1452.1588589810572,1.0,381.9631860963053,2.3195568845941668,0.06445282996097063,112.32884969062016,0.5405405405405406,0.2122860317296147,0.21229898943160636,0.0784669730905726,2024-06-15,melquizael costa,shayilan nuerdanbieke,1.0,0.7088610069922209,0.2911389930077791,-185.0,154.0,2.54,1.5405405405405406,0.2122860317296147
37,0.006931809983273658,-0.031713719909618326,1.3308699435100788,1.2857142857142856,1,1.2857142857142856,0.753111551181408,0.753111551181408,1,-350,True,91.28825144720084,1.4467408585055646,0.24803472963648554,91.28825144720084,0.0,1.0,1.0,0.7585619150857037,0.4834486154457018,1452.1588589810572,1.0,381.9631860963053,2.3195568845941668,0.06445282996097063,0.0,0.0,0.0,0.006931809983273658,0.0017233296076544224,2024-06-15,jeka saragih,westin wilson,0.0,0.753111551181408,0.2468884488185919,-350.0,240.0,3.4,1.2857142857142856,-0.0
38,0.0,-0.14052128383311888,1.2878276827094703,1.25,0,1.25,0.6875829729335049,0.6875829729335049,0,-400,True,91.28825144720084,1.4467408585055646,0.24803472963648554,91.28825144720084,0.0,1.0,1.0,0.7585619150857037,0.4834486154457018,1452.1588589810572,1.0,381.9631860963053,2.3195568845941668,0.06445282996097063,0.0,0.0,0.0,0.0,-0.08891842816706197,2024-06-15,jimmy flick,nate maness,0.0,0.3124170270664951,0.6875829729335049,275.0,-400.0,1.25,3.75,0.0
39,0.0858540403257031,0.036497038492716405,2.0,1.9090909090909087,0,1.9090909090909087,0.5429270201628515,0.5429270201628515,0,-110,True,91.28825144720084,1.4467408585055646,0.24803472963648554,91.28825144720084,0.0,1.0,1.0,0.7585619150857037,0.4834486154457018,1452.1588589810572,1.0,381.9631860963053,2.3195568845941668,0.06445282996097063,76.39820695272356,0.9090909090909087,0.08584880021093712,0.0858540403257031,0.04292702016285155,2024-06-15,douglas silva de andrade,miles johns,0.0,0.4570729798371484,0.5429270201628515,-110.0,-110.0,1.9090909090909087,1.9090909090909087,0.08584880021093712
40,0.28010455026465175,0.14285847149991043,1.6380879829434138,1.5882352941176472,0,1.5882352941176472,0.7195775561295732,0.7195775561295732,0,-170,True,91.28825144720084,1.4467408585055646,0.24803472963648554,91.28825144720084,0.0,1.0,1.0,0.7585619150857037,0.4834486154457018,1452.1588589810572,1.0,381.9631860963053,2.3195568845941668,0.06445282996097063,161.2821690652778,0.5882352941176472,0.28008745403966,0.28010455026465175,0.10910973607808816,2024-06-15,alex perez,tatsuro taira,0.0,0.2804224438704267,0.7195775561295732,142.0,-170.0,1.5882352941176472,2.42,0.28008745403966
41,0.11588785714834887,0.014675024584603596,1.308280744114159,1.2816901408450705,1,1.2816901408450705,0.7916695246758995,0.7916695246758995,1,-355,True,91.28825144720084,1.4467408585055646,0.24803472963648554,91.28825144720084,0.0,1.0,1.0,0.7585619150857037,0.4834486154457018,1452.1588589810572,1.0,381.9631860963053,2.3195568845941668,0.06445282996097063,31.95396038768383,0.2816901408450705,0.11588078391488034,0.11588785714834887,0.027307590512370195,2024-06-15,asu almabayev,jose johnson,1.0,0.7916695246758995,0.2083304753241005,-355.0,280.0,3.8,1.2816901408450705,0.11588078391488034
42,0.0,-0.2025971513298585,1.5642507937703676,1.5208333333333337,0,1.5208333333333337,0.5243196813173532,0.5243196813173532,0,-192,True,91.28825144720084,1.4467408585055646,0.24803472963648554,91.28825144720084,0.0,1.0,1.0,0.7585619150857037,0.4834486154457018,1452.1588589810572,1.0,381.9631860963053,2.3195568845941668,0.06445282996097063,0.0,0.0,0.0,0.0,-0.11496399619938669,2024-06-15,brady hiestand,garrett armfield,1.0,0.4756803186826469,0.5243196813173532,160.0,-192.0,1.5208333333333337,2.6,-0.0
43,0.0,-0.03109523948554238,1.4828375314494842,1.4444444444444444,1,1.4444444444444444,0.6707802188177014,0.6707802188177014,1,-225,True,134.89214241523993,1.6173913043478256,0.09289643157596972,134.89214241523993,0.0,1.0,1.0,0.6106782624457363,0.22113783750169916,1773.286128765063,1.0,186.23512736876597,0.7140096618357483,0.0516860264662016,0.0,0.0,0.0,0.0,-0.0036024959376318444,2024-06-22,sergei pavlovich,alexander volkov,0.0,0.6707802188177014,0.3292197811822985,-225.0,185.0,2.85,1.4444444444444444,-0.0
44,0.20994574255958892,0.04899371054449064,1.4648660950833083,1.4,1,1.4,0.7492812218174933,0.7492812218174933,1,-250,True,134.89214241523993,1.6173913043478256,0.09289643157596972,134.89214241523993,0.0,1.0,1.0,0.6106782624457363,0.22113783750169916,1773.286128765063,1.0,186.23512736876597,0.7140096618357483,0.0516860264662016,121.94238475849959,0.3999999999999999,0.20993292848838777,0.20994574255958892,0.06662496855556699,2024-06-22,rinat fakhretdinov,nicolas dalby,1.0,0.7492812218174933,0.2507187781825066,-250.0,175.0,2.75,1.4,0.20993292848838777
45,0.03906344257353379,-0.007853772554220984,1.9546350529352048,1.869565217391304,1,1.869565217391304,0.5306828658430912,0.5306828658430912,1,-115,True,134.89214241523993,1.6173913043478256,0.09289643157596972,134.89214241523993,0.0,1.0,1.0,0.6106782624457363,0.22113783750169916,1773.286128765063,1.0,186.23512736876597,0.7140096618357483,0.0516860264662016,0.0,0.0,0.0,0.03906344257353379,0.019078411344878754,2024-06-22,robert whittaker,ikram aliskerov,1.0,0.5306828658430912,0.4693171341569088,-115.0,-105.0,1.9523809523809523,1.869565217391304,0.0
46,0.10250675238995675,0.015008626465941144,1.771956645840295,1.6666666666666663,1,1.6666666666666663,0.6090051758795648,0.6090051758795648,1,-150,True,134.89214241523993,1.6173913043478256,0.09289643157596972,134.89214241523993,0.0,1.0,1.0,0.6106782624457363,0.22113783750169916,1773.286128765063,1.0,186.23512736876597,0.7140096618357483,0.0516860264662016,-148.8470031338276,-1.0,0.10250049587430796,0.10250675238995675,0.04465728263538149,2024-06-22,johnny walker,volkan oezdemir,0.0,0.6090051758795648,0.3909948241204352,-150.0,110.0,2.1,1.6666666666666663,-0.10250049587430796
47,0.14732634612726928,0.02814846863297027,1.5105772597440823,1.4444444444444444,1,1.4444444444444444,0.7117950936689794,0.7117950936689794,1,-225,True,134.89214241523993,1.6173913043478256,0.09289643157596972,134.89214241523993,0.0,1.0,1.0,0.6106782624457363,0.22113783750169916,1773.286128765063,1.0,186.23512736876597,0.7140096618357483,0.0516860264662016,95.07920033416498,0.4444444444444444,0.14731735404071367,0.14732634612726928,0.049796514285216475,2024-06-22,nasrat haqparast,jared gordon,1.0,0.7117950936689794,0.2882049063310206,-225.0,163.0,2.63,1.4444444444444444,0.14731735404071367
48,0.0,-0.03765609080863591,1.4977457543587085,1.4587155963302751,1,1.4587155963302751,0.6597200383764698,0.6597200383764698,1,-218,True,134.89214241523993,1.6173913043478256,0.09289643157596972,134.89214241523993,0.0,1.0,1.0,0.6106782624457363,0.22113783750169916,1773.286128765063,1.0,186.23512736876597,0.7140096618357483,0.0516860264662016,0.0,0.0,0.0,0.0,-0.007950023174244647,2024-06-22,kelvin gastelum,daniel rodriguez,1.0,0.6597200383764698,0.3402799616235302,-218.0,180.0,2.8,1.4587155963302751,0.0
49,0.09350073072784469,0.04185222522324844,1.9546350529352048,1.869565217391304,0,1.869565217391304,0.5572697948868539,0.5572697948868539,0,-115,True,134.89214241523993,1.6173913043478256,0.09289643157596972,134.89214241523993,0.0,1.0,1.0,0.6106782624457363,0.22113783750169916,1773.286128765063,1.0,186.23512736876597,0.7140096618357483,0.0516860264662016,118.06054540992899,0.869565217391304,0.09349502389613523,0.09350073072784469,0.04566534038864145,2024-06-22,kyung ho kang,muin gafurov,0.0,0.4427302051131461,0.5572697948868539,-105.0,-115.0,1.869565217391304,1.9523809523809523,0.09349502389613523
50,0.42306285746166633,0.37610913830422155,2.0475207221076914,1.9523809523809523,1,1.9523809523809523,0.7048363879119184,0.7048363879119184,1,-105,True,194.51151962090654,2.157554379776602,0.4522291849427247,194.51151962090654,0.0,1.0,1.0,0.8140621359404703,0.6875960401750325,2992.590649001233,1.0,1024.7930006152637,3.029830104170631,0.06719243316694118,714.4435309110098,0.9523809523809523,0.4230370357540576,0.42306285746166633,0.21644084241013078,2024-06-29,ian machado garry,michael page,1.0,0.7048363879119184,0.2951636120880816,-105.0,-115.0,1.869565217391304,1.9523809523809523,0.4230370357540576
51,0.004736534871351169,-0.028905054514780926,1.6997451866811766,1.6451612903225803,0,1.6451612903225803,0.5902733982361137,0.5902733982361137,0,-155,True,194.51151962090654,2.157554379776602,0.4522291849427247,194.51151962090654,0.0,1.0,1.0,0.8140621359404703,0.6875960401750325,2992.590649001233,1.0,1024.7930006152637,3.029830104170631,0.06719243316694118,0.0,0.0,0.0,0.004736534871351169,0.0019499202020080153,2024-06-29,cub swanson,andre fili,0.0,0.4097266017638863,0.5902733982361137,130.0,-155.0,1.6451612903225803,2.3,0.0
52,0.13285516508187403,0.05531541395932149,1.6686512500275867,1.617283950617284,1,1.617283950617284,0.652523271226756,0.652523271226756,1,-162,True,194.51151962090654,2.157554379776602,0.4522291849427247,194.51151962090654,0.0,1.0,1.0,0.8140621359404703,0.6875960401750325,2992.590649001233,1.0,1024.7930006152637,3.029830104170631,0.06719243316694118,145.4171864743872,0.617283950617284,0.13284705624611465,0.13285516508187403,0.053236871517129636,2024-06-29,joe pyfer,marc andre barriault,1.0,0.652523271226756,0.347476728773244,-162.0,136.0,2.3600000000000003,1.617283950617284,0.13284705624611465
53,0.03440592644975382,-0.028995337579919955,1.4648660950833083,1.4,0,1.4,0.6935747588714858,0.6935747588714858,0,-250,True,194.51151962090654,2.157554379776602,0.4522291849427247,194.51151962090654,0.0,1.0,1.0,0.8140621359404703,0.6875960401750325,2992.590649001233,1.0,1024.7930006152637,3.029830104170631,0.06719243316694118,0.0,0.0,0.0,0.03440592644975382,0.010918505609559426,2024-06-29,dan ige,diego lopes,0.0,0.3064252411285142,0.6935747588714858,175.0,-250.0,1.4,2.75,0.0
54,0.0,-0.1391040468693039,1.6380879829434138,1.5882352941176472,0,1.5882352941176472,0.5420456001193271,0.5420456001193271,0,-170,True,194.51151962090654,2.157554379776602,0.4522291849427247,194.51151962090654,0.0,1.0,1.0,0.8140621359404703,0.6875960401750325,2992.590649001233,1.0,1024.7930006152637,3.029830104170631,0.06719243316694118,0.0,0.0,0.0,0.0,-0.06842221993215791,2024-06-29,anthony smith,roman dolidze,0.0,0.4579543998806729,0.5420456001193271,142.0,-170.0,1.5882352941176472,2.42,0.0
55,0.0,-0.04860648480056612,1.4566357378852248,1.4201680672268908,1,1.4201680672268908,0.6699161438386546,0.6699161438386546,1,-238,True,194.51151962090654,2.157554379776602,0.4522291849427247,194.51151962090654,0.0,1.0,1.0,0.8140621359404703,0.6875960401750325,2992.590649001233,1.0,1024.7930006152637,3.029830104170631,0.06719243316694118,0.0,0.0,0.0,0.0,-0.01659728844320163,2024-06-29,mayra bueno silva,macy chiasson,0.0,0.6699161438386546,0.3300838561613454,-238.0,195.0,2.95,1.4201680672268908,-0.0
56,0.0,-0.046529762818390774,1.5483139104311472,1.5050505050505052,1,1.5050505050505052,0.6335137817515389,0.6335137817515389,1,-198,True,194.51151962090654,2.157554379776602,0.4522291849427247,194.51151962090654,0.0,1.0,1.0,0.8140621359404703,0.6875960401750325,2992.590649001233,1.0,1024.7930006152637,3.029830104170631,0.06719243316694118,0.0,0.0,0.0,0.0,-0.012350079099222033,2024-06-29,charles jourdain,jean silva,0.0,0.6335137817515389,0.366486218248461,-198.0,164.0,2.64,1.5050505050505052,-0.0
57,0.0,-0.043951816237110725,1.3655989198669296,1.3355704697986577,1,1.3355704697986577,0.7158350722646759,0.7158350722646759,1,-298,True,194.51151962090654,2.157554379776602,0.4522291849427247,194.51151962090654,0.0,1.0,1.0,0.8140621359404703,0.6875960401750325,2992.590649001233,1.0,1024.7930006152637,3.029830104170631,0.06719243316694118,0.0,0.0,0.0,0.0,-0.016444358724801322,2024-06-29,payton talbott,yanis ghemmouri,1.0,0.7158350722646759,0.2841649277353241,-298.0,240.0,3.4,1.3355704697986577,0.0
58,0.09773888070216642,0.014428640467832321,1.3916858755228505,1.359712230215827,0,1.359712230215827,0.7460612752647022,0.7460612752647022,0,-278,True,194.51151962090654,2.157554379776602,0.4522291849427247,194.51151962090654,0.0,1.0,1.0,0.8140621359404703,0.6875960401750325,2992.590649001233,1.0,1024.7930006152637,3.029830104170631,0.06719243316694118,62.34115929418848,0.3597122302158271,0.09773291519431107,0.09773888070216642,0.027508319035047135,2024-06-29,andrei arlovski,martin buday,0.0,0.2539387247352977,0.7460612752647022,225.0,-278.0,1.359712230215827,3.25,0.09773291519431107
59,0.06124685756768559,0.0004636180640672505,1.3916858755228505,1.359712230215827,0,1.359712230215827,0.7357907032323036,0.7357907032323036,0,-278,True,194.51151962090654,2.157554379776602,0.4522291849427247,194.51151962090654,0.0,1.0,1.0,0.8140621359404703,0.6875960401750325,2992.590649001233,1.0,1024.7930006152637,3.029830104170631,0.06719243316694118,39.06531440165069,0.3597122302158271,0.061243119356164125,0.06124685756768559,0.017237747002648462,2024-06-29,michelle waterson gomez,gillian robertson,0.0,0.2642092967676964,0.7357907032323036,225.0,-278.0,1.359712230215827,3.25,0.061243119356164125
60,0.048365052974036614,0.0030302464101434334,1.8028722235982924,1.7407407407407407,1,1.7407407407407407,0.5762088649590186,0.5762088649590186,1,-135,True,194.51151962090654,2.157554379776602,0.4522291849427247,194.51151962090654,0.0,1.0,1.0,0.8140621359404703,0.6875960401750325,2992.590649001233,1.0,1024.7930006152637,3.029830104170631,0.06719243316694118,63.52580953402752,0.7407407407407407,0.0483621010054713,0.048365052974036614,0.021538385869749876,2024-06-29,alex pereira,jiri prochazka,1.0,0.5762088649590186,0.4237911350409814,-135.0,114.0,2.14,1.7407407407407407,0.0483621010054713
61,0.09851751651141052,0.036318737255499,1.733851022240676,1.6756756756756757,1,1.6756756756756757,0.6184482786847333,0.6184482786847333,1,-148,True,-180.47214774810175,-1.0,0.16469902272026782,-180.47214774810175,0.0,1.0,1.0,0.6020791790101703,-0.24649911540123465,2254.9197012644227,1.0,-557.1987999887089,-2.333333333333334,0.05433703508768564,-294.8046041314955,-1.0,0.09851150347939688,0.09851751651141052,0.04169745801290403,2024-07-13,santiago ponzinibbio,muslim salikhov,0.0,0.6184482786847333,0.3815517213152667,-148.0,124.0,2.24,1.6756756756756757,-0.09851150347939688
62,0.0,-0.09411716962688693,1.5466552587557778,1.5,1,1.5,0.6039218869154087,0.6039218869154087,1,-200,True,-180.47214774810175,-1.0,0.16469902272026782,-180.47214774810175,0.0,1.0,1.0,0.6020791790101703,-0.24649911540123465,2254.9197012644227,1.0,-557.1987999887089,-2.333333333333334,0.05433703508768564,0.0,0.0,0.0,0.0,-0.04263460609678327,2024-07-13,rose namajunas,tracy cortez,1.0,0.6039218869154087,0.3960781130845913,-200.0,163.0,2.63,1.5,0.0
63,0.0,-0.1723144263634246,1.6997451866811766,1.6451612903225803,1,1.6451612903225803,0.5031029957398793,0.5031029957398793,1,-155,True,-180.47214774810175,-1.0,0.16469902272026782,-180.47214774810175,0.0,1.0,1.0,0.6020791790101703,-0.24649911540123465,2254.9197012644227,1.0,-557.1987999887089,-2.333333333333334,0.05433703508768564,0.0,0.0,0.0,0.0,-0.08522048229422641,2024-07-13,drew dober,jean silva,0.0,0.5031029957398793,0.4968970042601207,-155.0,130.0,2.3,1.6451612903225803,-0.0
64,0.0,-0.050091468682139595,1.7623116088586497,1.704225352112676,0,1.704225352112676,0.5573843448228768,0.5573843448228768,0,-142,True,-180.47214774810175,-1.0,0.16469902272026782,-180.47214774810175,0.0,1.0,1.0,0.6020791790101703,-0.24649911540123465,2254.9197012644227,1.0,-557.1987999887089,-2.333333333333334,0.05433703508768564,0.0,0.0,0.0,0.0,-0.010052194193990838,2024-07-13,josh fremd,andre petroski,0.0,0.4426156551771232,0.5573843448228768,120.0,-142.0,1.704225352112676,2.2,0.0
65,0.0689294366677275,-0.008244860995940573,1.2655537811632294,1.2325581395348837,1,1.2325581395348837,0.804631527871218,0.804631527871218,1,-430,True,-180.47214774810175,-1.0,0.16469902272026782,-180.47214774810175,0.0,1.0,1.0,0.6020791790101703,-0.24649911540123465,2254.9197012644227,1.0,-557.1987999887089,-2.333333333333334,0.05433703508768564,0.0,0.0,0.0,0.0689294366677275,0.014463607009843504,2024-07-13,gabriel bonfim,ange loosa,1.0,0.804631527871218,0.1953684721287819,-430.0,300.0,4.0,1.2325581395348837,0.0
66,0.02924773231750987,-0.012338804091103939,1.6380879829434138,1.5882352941176472,1,1.5882352941176472,0.6218607529796752,0.6218607529796752,1,-170,True,-180.47214774810175,-1.0,0.16469902272026782,-180.47214774810175,0.0,1.0,1.0,0.6020791790101703,-0.24649911540123465,2254.9197012644227,1.0,-557.1987999887089,-2.333333333333334,0.05433703508768564,0.0,0.0,0.0,0.02924773231750987,0.011392932928190214,2024-07-13,luana santos,mariya agapova,1.0,0.6218607529796752,0.3781392470203247,-170.0,142.0,2.42,1.5882352941176472,0.0
67,0.130267973742943,0.0501592630416669,1.6380879829434138,1.5882352941176472,0,1.5882352941176472,0.6612113878410495,0.6612113878410495,0,-170,True,-180.47214774810175,-1.0,0.16469902272026782,-180.47214774810175,0.0,1.0,1.0,0.6020791790101703,-0.24649911540123465,2254.9197012644227,1.0,-557.1987999887089,-2.333333333333334,0.05433703508768564,-389.81492622027656,-1.0,0.13026002281681123,0.130267973742943,0.05074356778956446,2024-07-13,julian erosa,christian rodriguez,1.0,0.3387886121589505,0.6612113878410495,142.0,-170.0,1.5882352941176472,2.42,-0.13026002281681123
68,0.0,-0.0952207305154309,1.2579972682315694,1.2352941176470589,1,1.2352941176470589,0.7324403610113178,0.7324403610113178,1,-425,True,-180.47214774810175,-1.0,0.16469902272026782,-180.47214774810175,0.0,1.0,1.0,0.6020791790101703,-0.24649911540123465,2254.9197012644227,1.0,-557.1987999887089,-2.333333333333334,0.05433703508768564,0.0,0.0,0.0,0.0,-0.06247392477703739,2024-07-13,evan elder,darrius flowers,1.0,0.7324403610113178,0.2675596389886822,-425.0,330.0,4.3,1.2352941176470589,0.0
69,0.21336106069103836,0.10906894193062633,1.740042491423768,1.6666666666666663,1,1.6666666666666663,0.6654413651583759,0.6654413651583759,1,-150,True,-180.47214774810175,-1.0,0.16469902272026782,-180.47214774810175,0.0,1.0,1.0,0.6020791790101703,-0.24649911540123465,2254.9197012644227,1.0,-557.1987999887089,-2.333333333333334,0.05433703508768564,425.6422293309456,0.6666666666666663,0.2133480381653614,0.21336106069103836,0.09074275582627711,2024-07-13,montel jackson,damon blackshear,1.0,0.6654413651583759,0.334558634841624,-150.0,120.0,2.2,1.6666666666666663,0.2133480381653614
70,0.09965937111186089,0.020568798690093537,1.5216329835718034,1.4761904761904765,1,1.4761904761904765,0.69135305717716,0.69135305717716,1,-210,True,-180.47214774810175,-1.0,0.16469902272026782,-180.47214774810175,0.0,1.0,1.0,0.6020791790101703,-0.24649911540123465,2254.9197012644227,1.0,-557.1987999887089,-2.333333333333334,0.05433703508768564,-298.22149896788244,-1.0,0.09965328838657331,0.09965937111186089,0.03416435872199697,2024-07-13,joshua van,charles johnson,0.0,0.69135305717716,0.30864694282284,-210.0,170.0,2.7,1.4761904761904765,-0.09965328838657331
71,0.10688812668447509,0.016609759779355804,1.7070898936730217,1.6134969325153374,1,1.6134969325153374,0.6300661248822623,0.6300661248822623,1,-163,True,-104.49091995872146,-1.0,0.3314078228089379,-104.49091995872146,0.0,1.0,0.9606668124934411,0.9999999999999999,0.027300753120933538,2316.4807073361717,0.6,166.05192603047067,0.8746376811594203,0.09461418130177157,-231.52976257615194,-1.0,0.10267760862895652,0.10688812668447509,0.04427389231952805,2024-07-20,loik radzhabov,trey ogden,0.0,0.6300661248822623,0.3699338751177377,-163.0,120.0,2.2,1.6134969325153374,-0.10267760862895652
72,0.17773096425434334,0.12694445698607515,2.2104122850130463,2.05,1,2.05,0.5497290034078416,0.5497290034078416,1,105,True,-104.49091995872146,-1.0,0.3314078228089379,-104.49091995872146,0.0,1.0,0.9606668124934411,0.9999999999999999,0.027300753120933538,2316.4807073361717,0.6,166.05192603047067,0.8746376811594203,0.09461418130177157,404.2311311301729,1.0499999999999998,0.1707298177544456,0.17773096425434334,0.09732471359269618,2024-07-20,luana carolina,lucie pudilova,1.0,0.5497290034078416,0.4502709965921584,105.0,-138.0,1.7246376811594204,2.05,0.1707298177544456
73,0.2276146705503386,0.12199678354255072,1.8261647806963728,1.7246376811594204,1,1.7246376811594204,0.650569563566689,0.650569563566689,1,-138,True,-104.49091995872146,-1.0,0.3314078228089379,-104.49091995872146,0.0,1.0,0.9606668124934411,0.9999999999999999,0.027300753120933538,2316.4807073361717,0.6,166.05192603047067,0.8746376811594203,0.09461418130177157,357.27162450082386,0.7246376811594204,0.2186485139735454,0.2276146705503386,0.10297385338183418,2024-07-20,steve garcia,seungwoo choi,1.0,0.650569563566689,0.3494304364333109,-138.0,105.0,2.05,1.7246376811594204,0.2186485139735454
74,0.0,-0.10869376990672552,1.771956645840295,1.6666666666666663,0,1.6666666666666663,0.5347837380559648,0.5347837380559648,0,-150,True,-104.49091995872146,-1.0,0.3314078228089379,-104.49091995872146,0.0,1.0,0.9606668124934411,0.9999999999999999,0.027300753120933538,2316.4807073361717,0.6,166.05192603047067,0.8746376811594203,0.09461418130177157,0.0,0.0,0.0,0.0,-0.029564155188218533,2024-07-20,amanda lemos,virna jandiroba,0.0,0.4652162619440352,0.5347837380559648,110.0,-150.0,1.6666666666666663,2.1,0.0
75,0.01632133550300571,-0.03702998216889308,1.4648660950833083,1.4,0,1.4,0.6878357270222193,0.6878357270222193,0,-250,True,-104.49091995872146,-1.0,0.3314078228089379,-104.49091995872146,0.0,1.0,0.9606668124934411,0.9999999999999999,0.027300753120933538,2316.4807073361717,0.6,166.05192603047067,0.8746376811594203,0.09461418130177157,0.0,0.0,0.0,0.01632133550300571,0.00517947376029293,2024-07-20,brian kelleher,cody gibson,0.0,0.3121642729777806,0.6878357270222193,175.0,-250.0,1.4,2.75,0.0
76,0.1488219687811272,0.09124288974238459,2.295409535481716,2.1,0,2.1,0.5196394713058974,0.5196394713058974,0,110,True,-104.49091995872146,-1.0,0.3314078228089379,-104.49091995872146,0.0,1.0,0.9606668124934411,0.9999999999999999,0.027300753120933538,2316.4807073361717,0.6,166.05192603047067,0.8746376811594203,0.09461418130177157,354.5986610813713,1.1,0.14295960028382457,0.1488219687811272,0.08398736455008077,2024-07-20,mohammed usman,thomas petersen,0.0,0.4803605286941025,0.5196394713058974,-150.0,110.0,2.1,1.6666666666666663,0.14295960028382457
77,0.3317121171313818,0.1814316265148364,1.771956645840295,1.6666666666666663,1,1.6666666666666663,0.708858975908902,0.708858975908902,1,-150,True,-104.49091995872146,-1.0,0.3314078228089379,-104.49091995872146,0.0,1.0,0.9606668124934411,0.9999999999999999,0.027300753120933538,2316.4807073361717,0.6,166.05192603047067,0.8746376811594203,0.09461418130177157,-718.5197281057456,-1.0,0.31864537247283936,0.3317121171313818,0.14451108266471868,2024-07-20,cody durden,bruno silva,0.0,0.708858975908902,0.291141024091098,-150.0,110.0,2.1,1.6666666666666663,-0.31864537247283936
78,0.06934393191538628,-0.0054559891310344,1.5675912773046496,1.5,1,1.5,0.6630293405793104,0.6630293405793104,1,-200,True,238.31033653118334,1.8285714285714287,0.4590198420155107,238.31033653118334,0.0,1.0,1.0,0.9802113275013619,0.4219170365942623,3293.84338270323,0.8,739.0523388358748,-0.05557011795543909,0.07049867965631572,0.0,0.0,0.0,0.06934393191538628,0.02510795477049066,2024-07-27,mick parkin,lukasz brzeski,1.0,0.6630293405793104,0.3369706594206896,-200.0,150.0,2.5,1.5,0.0
79,0.14471340081963574,0.029754461846115687,1.3655989198669296,1.3355704697986577,1,1.3355704697986577,0.771022185000358,0.771022185000358,1,-298,True,238.31033653118334,1.8285714285714287,0.4590198420155107,238.31033653118334,0.0,1.0,1.0,0.9802113275013619,0.4219170365942623,3293.84338270323,0.8,739.0523388358748,-0.05557011795543909,0.07049867965631572,-335.2053405325441,-1.0,0.14470456821460526,0.14471340081963574,0.03874275401088079,2024-07-27,leon edwards,belal muhammad,0.0,0.771022185000358,0.2289778149996419,-298.0,240.0,3.4,1.3355704697986577,-0.14470456821460526
80,0.04658863772712496,-0.01958436976072675,1.9141473533148687,1.8,1,1.8,0.5446753501329296,0.5446753501329296,1,-125,True,238.31033653118334,1.8285714285714287,0.4590198420155107,238.31033653118334,0.0,1.0,1.0,0.9802113275013619,0.4219170365942623,3293.84338270323,0.8,739.0523388358748,-0.05557011795543909,0.07049867965631572,0.0,0.0,0.0,0.04658863772712496,0.022249530475823787,2024-07-27,christian leroy duncan,gregory rodrigues,0.0,0.5446753501329296,0.4553246498670704,-125.0,-105.0,1.9523809523809523,1.8,-0.0
81,0.07286631648261745,0.009264490674889825,1.4977457543587085,1.4587155963302751,1,1.4587155963302751,0.6918857200224088,0.6918857200224088,1,-218,True,238.31033653118334,1.8285714285714287,0.4590198420155107,238.31033653118334,0.0,1.0,1.0,0.9802113275013619,0.4219170365942623,3293.84338270323,0.8,739.0523388358748,-0.05557011795543909,0.07049867965631572,77.4234467954561,0.45871559633027514,0.07286186907560557,0.07286631648261745,0.02421565847169438,2024-07-27,arnold allen,giga chikadze,1.0,0.6918857200224088,0.3081142799775912,-218.0,180.0,2.8,1.4587155963302751,0.07286186907560557
82,0.3123791850402183,0.06592061382707043,1.3308699435100788,1.2857142857142856,1,1.2857142857142856,0.8290493663099437,0.8290493663099437,1,-350,True,238.31033653118334,1.8285714285714287,0.4590198420155107,238.31033653118334,0.0,1.0,1.0,0.9802113275013619,0.4219170365942623,3293.84338270323,0.8,739.0523388358748,-0.05557011795543909,0.07049867965631572,206.7360540678847,0.2857142857142856,0.3123601189278501,0.3123791850402183,0.07766114473619012,2024-07-27,nathaniel wood,daniel pineda,1.0,0.8290493663099437,0.1709506336900562,-350.0,240.0,3.4,1.2857142857142856,0.3123601189278501
83,0.0,-0.09421034701653985,1.5483139104311472,1.5050505050505052,1,1.5050505050505052,0.6018333935930372,0.6018333935930372,1,-198,True,238.31033653118334,1.8285714285714287,0.4590198420155107,238.31033653118334,0.0,1.0,1.0,0.9802113275013619,0.4219170365942623,3293.84338270323,0.8,739.0523388358748,-0.05557011795543909,0.07049867965631572,0.0,0.0,0.0,0.0,-0.04403046725772375,2024-07-27,tom aspinall,curtis blaydes,1.0,0.6018333935930372,0.3981666064069628,-198.0,164.0,2.64,1.5050505050505052,0.0
84,0.0,-0.10791149518739085,1.4648660950833083,1.4,1,1.4,0.6372060748661494,0.6372060748661494,1,-250,True,238.31033653118334,1.8285714285714287,0.4590198420155107,238.31033653118334,0.0,1.0,1.0,0.9802113275013619,0.4219170365942623,3293.84338270323,0.8,739.0523388358748,-0.05557011795543909,0.07049867965631572,0.0,0.0,0.0,0.0,-0.04545017839577692,2024-07-27,molly mccann,bruna brasil,0.0,0.6372060748661494,0.3627939251338505,-250.0,175.0,2.75,1.4,-0.0
85,0.3341573929280552,0.3687884661288805,2.31179951660086,2.2,1,2.2,0.6221765755131274,0.6221765755131274,1,120,True,238.31033653118334,1.8285714285714287,0.4590198420155107,238.31033653118334,0.0,1.0,1.0,0.9802113275013619,0.4219170365942623,3293.84338270323,0.8,739.0523388358748,-0.05557011795543909,0.07049867965631572,928.8262901998007,1.2000000000000002,0.3341369975793657,0.3341573929280552,0.18961311452999524,2024-07-27,muhammad mokaev,manel kape,1.0,0.6221765755131274,0.3778234244868725,120.0,-142.0,1.704225352112676,2.2,0.3341369975793657
86,0.05769277813123751,-0.01753021069724553,1.771956645840295,1.6666666666666663,1,1.6666666666666663,0.5894818735816528,0.5894818735816528,1,-150,True,238.31033653118334,1.8285714285714287,0.4590198420155107,238.31033653118334,0.0,1.0,1.0,0.9802113275013619,0.4219170365942623,3293.84338270323,0.8,739.0523388358748,-0.05557011795543909,0.07049867965631572,0.0,0.0,0.0,0.05769277813123751,0.025133980337469497,2024-07-27,modestas bukauskas,marcin prachnio,1.0,0.5894818735816528,0.4105181264183472,-150.0,110.0,2.1,1.6666666666666663,0.0
87,0.05989110078238889,0.0003449848262091493,1.5915627196578306,1.5376344086021505,0,1.5376344086021505,0.6505740111107514,0.6505740111107514,0,-186,True,238.31033653118334,1.8285714285714287,0.4590198420155107,238.31033653118334,0.0,1.0,1.0,0.9802113275013619,0.4219170365942623,3293.84338270323,0.8,739.0523388358748,-0.05557011795543909,0.07049867965631572,-138.72811169472257,-1.0,0.05988744531969466,0.05989110078238889,0.022260726532818076,2024-07-27,jake hadley,caolan loughran,1.0,0.3494259888892485,0.6505740111107514,150.0,-186.0,1.5376344086021505,2.5,-0.05988744531969466
88,0.2764237035498606,0.29231498076730367,2.326670263427866,2.2,0,2.2,0.5874159003487743,0.5874159003487743,0,120,True,-124.55091879853511,-1.0,0.42301336075475526,-124.55091879853511,0.0,1.0,0.7816431864274064,1.0,-0.16039011986989743,2765.5434477187905,0.8333333333333334,-403.74901618590434,0.09291381124349485,0.08081938498634618,-711.6398592765167,-1.0,0.2160515169037818,0.2764237035498606,0.15761713783452475,2024-08-03,jai herbert,rolando bedoya,1.0,0.4125840996512256,0.5874159003487743,-145.0,120.0,2.2,1.6896551724137931,-0.2160515169037818
89,0.0,-0.10989621224965551,1.397968877103528,1.3636363636363638,1,1.3636363636363638,0.6527427776835859,0.6527427776835859,1,-275,True,-124.55091879853511,-1.0,0.42301336075475526,-124.55091879853511,0.0,1.0,0.7816431864274064,1.0,-0.16039011986989743,2765.5434477187905,0.8333333333333334,-403.74901618590434,0.09291381124349485,0.08081938498634618,0.0,0.0,0.0,0.0,-0.0625807294261822,2024-08-03,shamil gaziev,dontale mayes,1.0,0.6527427776835859,0.3472572223164141,-275.0,220.0,3.2,1.3636363636363638,0.0
90,0.2864045800973348,0.0866220343448777,1.397968877103528,1.3636363636363638,1,1.3636363636363638,0.7968561585195769,0.7968561585195769,1,-275,True,-124.55091879853511,-1.0,0.42301336075475526,-124.55091879853511,0.0,1.0,0.7816431864274064,1.0,-0.16039011986989743,2765.5434477187905,0.8333333333333334,-403.74901618590434,0.09291381124349485,0.08081938498634618,268.1218755636632,0.36363636363636376,0.22385252488688417,0.2864045800973348,0.08153265140980881,2024-08-03,sedriques dumas,denis tiuliulin,1.0,0.7968561585195769,0.203143841480423,-275.0,220.0,3.2,1.3636363636363638,0.22385252488688417
91,0.04182148273313097,-0.0038916974905761625,1.733851022240676,1.6756756756756757,0,1.6756756756756757,0.5944517289169142,0.5944517289169142,0,-148,True,-124.55091879853511,-1.0,0.42301336075475526,-124.55091879853511,0.0,1.0,0.7816431864274064,1.0,-0.16039011986989743,2765.5434477187905,0.8333333333333334,-403.74901618590434,0.09291381124349485,0.08081938498634618,0.0,0.0,0.0,0.04182148273313097,0.017700908245084968,2024-08-03,mackenzie dern,loopy godinez,1.0,0.4055482710830857,0.5944517289169142,124.0,-148.0,1.6756756756756757,2.24,-0.0
92,0.11270692601775242,0.0593891586885536,1.9546350529352048,1.869565217391304,0,1.869565217391304,0.5666500151124823,0.5666500151124823,0,-115,True,-124.55091879853511,-1.0,0.42301336075475526,-124.55091879853511,0.0,1.0,0.7816431864274064,1.0,-0.16039011986989743,2765.5434477187905,0.8333333333333334,-403.74901618590434,0.09291381124349485,0.08081938498634618,252.31190832340593,0.869565217391304,0.08809122379515995,0.11270692601775242,0.055045560614269795,2024-08-03,marlon vera,deiveson figueiredo,0.0,0.4333499848875178,0.5666500151124823,-105.0,-115.0,1.869565217391304,1.9523809523809523,0.08809122379515995
93,0.22287316679722344,0.08944484562032834,1.543684377626339,1.5,1,1.5,0.7262965637468856,0.7262965637468856,1,-200,True,-124.55091879853511,-1.0,0.42301336075475526,-124.55091879853511,0.0,1.0,0.7816431864274064,1.0,-0.16039011986989743,2765.5434477187905,0.8333333333333334,-403.74901618590434,0.09291381124349485,0.08081938498634618,286.88825708371076,0.5,0.1741966594952453,0.22287316679722344,0.07849574740536136,2024-08-03,azamat murzakanov,alonzo menifield,1.0,0.7262965637468856,0.2737034362531144,-200.0,165.0,2.65,1.5,0.1741966594952453
94,0.0,-0.0800572415629123,1.241447907924366,1.21978021978022,0,1.21978021978022,0.754187306466441,0.754187306466441,0,-455,True,-124.55091879853511,-1.0,0.42301336075475526,-124.55091879853511,0.0,1.0,0.7816431864274064,1.0,-0.16039011986989743,2765.5434477187905,0.8333333333333334,-403.74901618590434,0.09291381124349485,0.08081938498634618,0.0,0.0,0.0,0.0,-0.0513237372244264,2024-08-03,tony ferguson,michael chiesa,0.0,0.2458126935335589,0.754187306466441,350.0,-455.0,1.21978021978022,4.5,0.0
95,0.0,-0.06879208613916366,1.956166183256912,1.8333333333333333,1,1.8333333333333333,0.507931589378638,0.507931589378638,1,-120,True,-124.55091879853511,-1.0,0.42301336075475526,-124.55091879853511,0.0,1.0,0.7816431864274064,1.0,-0.16039011986989743,2765.5434477187905,0.8333333333333334,-403.74901618590434,0.09291381124349485,0.08081938498634618,0.0,0.0,0.0,0.0,-0.003272422100107364,2024-08-03,joel alvarez,elves brener,1.0,0.507931589378638,0.492068410621362,-120.0,-110.0,1.9090909090909087,1.8333333333333333,0.0
96,0.23067528052244438,0.10113508079110128,1.5676252731602516,1.526315789473684,1,1.526315789473684,0.7214333287941699,0.7214333287941699,1,-190,True,-124.55091879853511,-1.0,0.42301336075475526,-124.55091879853511,0.0,1.0,0.7816431864274064,1.0,-0.16039011986989743,2765.5434477187905,0.8333333333333334,-403.74901618590434,0.09291381124349485,0.08081938498634618,-593.8626899988443,-1.0,0.18029475630728567,0.23067528052244438,0.08352577708440978,2024-08-03,viktoriia dudakova,sam hughes,0.0,0.7214333287941699,0.2785666712058301,-190.0,160.0,2.6,1.526315789473684,-0.18029475630728567
97,0.10197099669350489,0.01604821618761565,1.3916858755228505,1.359712230215827,0,1.359712230215827,0.7472523917993577,0.7472523917993577,0,-278,True,-124.55091879853511,-1.0,0.42301336075475526,-124.55091879853511,0.0,1.0,0.7816431864274064,1.0,-0.16039011986989743,2765.5434477187905,0.8333333333333334,-403.74901618590434,0.09291381124349485,0.08081938498634618,94.4314921186769,0.3597122302158271,0.07970006997554156,0.10197099669350489,0.02869943556970256,2024-08-03,cory sandhagen,umar nurmagomedov,0.0,0.2527476082006423,0.7472523917993577,225.0,-278.0,1.359712230215827,3.25,0.07970006997554156
98,0.0,-0.06256023957663506,1.3203203102177057,1.2857142857142856,0,1.2857142857142856,0.7291198136626172,0.7291198136626172,0,-350,True,-124.55091879853511,-1.0,0.42301336075475526,-124.55091879853511,0.0,1.0,0.7816431864274064,1.0,-0.16039011986989743,2765.5434477187905,0.8333333333333334,-403.74901618590434,0.09291381124349485,0.08081938498634618,0.0,0.0,0.0,0.0,-0.028272155741467353,2024-08-03,mohammad yahya,kaue fernandes,0.0,0.2708801863373827,0.7291198136626172,260.0,-350.0,1.2857142857142856,3.6,0.0
99,0.143083368864451,0.0964525242607388,2.0475207221076914,1.9523809523809523,1,1.9523809523809523,0.5615976343774516,0.5615976343774516,1,-105,True,279.30794446686224,1.7091177556293835,0.17648392077995556,279.30794446686224,0.0,1.0,1.0,0.5896742337015672,0.4265733865633286,3945.2506819002188,1.0,900.3992897145661,1.9851391419283388,0.06854279014941794,376.83725850428795,0.9523809523809523,0.14307463574867557,0.143083368864451,0.07320208887566398,2024-08-10,yana santos,chelsea chandler,1.0,0.5615976343774516,0.4384023656225484,-105.0,-115.0,1.869565217391304,1.9523809523809523,0.14307463574867557
100,0.03551119635064235,-0.009454888179962595,1.4440197689277066,1.4081632653061225,0,1.4081632653061225,0.7034305866548092,0.7034305866548092,0,-245,True,279.30794446686224,1.7091177556293835,0.17648392077995556,279.30794446686224,0.0,1.0,1.0,0.5896742337015672,0.4265733865633286,3945.2506819002188,1.0,900.3992897145661,1.9851391419283388,0.06854279014941794,0.0,0.0,0.0,0.03551119635064235,0.010919291783427099,2024-08-10,jhonata diniz,karl williams,1.0,0.2965694133451907,0.7034305866548092,200.0,-245.0,1.4081632653061225,3.0,-0.0
101,0.23563921917246383,0.07299121006007658,1.4217127257464466,1.3875968992248062,1,1.3875968992248062,0.7732729949594965,0.7732729949594965,1,-258,True,279.30794446686224,1.7091177556293835,0.17648392077995556,279.30794446686224,0.0,1.0,1.0,0.5896742337015672,0.4265733865633286,3945.2506819002188,1.0,900.3992897145661,1.9851391419283388,0.06854279014941794,252.57004798343928,0.3875968992248062,0.23562483689590302,0.23563921917246383,0.069896017395364,2024-08-10,youssef zalal,jarno errens,1.0,0.7732729949594965,0.2267270050405034,-258.0,210.0,3.1,1.3875968992248062,0.23562483689590302
102,0.15189174228013474,0.0707593823476742,1.6997451866811766,1.6451612903225803,1,1.6451612903225803,0.6508537422113315,0.6508537422113315,1,-155,True,279.30794446686224,1.7091177556293835,0.17648392077995556,279.30794446686224,0.0,1.0,1.0,0.5896742337015672,0.4265733865633286,3945.2506819002188,1.0,900.3992897145661,1.9851391419283388,0.06854279014941794,270.9919832268388,0.6451612903225803,0.1518824715439116,0.15189174228013474,0.06253026417722585,2024-08-10,karol rosa,pannie kianzad,1.0,0.6508537422113315,0.3491462577886685,-155.0,130.0,2.3,1.6451612903225803,0.1518824715439116
103,0.0,-0.07712351529200534,1.453897904400459,1.4081632653061225,0,1.4081632653061225,0.6553760543578513,0.6553760543578513,0,-245,True,279.30794446686224,1.7091177556293835,0.17648392077995556,279.30794446686224,0.0,1.0,1.0,0.5896742337015672,0.4265733865633286,3945.2506819002188,1.0,900.3992897145661,1.9851391419283388,0.06854279014941794,0.0,0.0,0.0,0.0,-0.032430150584969675,2024-08-10,damon jackson,chepe mariscal,0.0,0.3446239456421487,0.6553760543578513,190.0,-245.0,1.4081632653061225,2.9,0.0
104,0.0,-0.12938897725903825,1.660185014101694,1.5882352941176472,0,1.5882352941176472,0.5481624957998648,0.5481624957998648,0,-170,True,511.5835082645967,3.5617391304347814,0.81964703909188,511.5835082645967,0.0,1.0,1.0,0.9930996464052421,0.6422505143199538,6479.089961471783,0.6666666666666666,2022.2557713069673,1.309565217391304,0.15152770650161448,0.0,0.0,0.0,0.0,-0.054180009105281535,2024-08-17,tai tuivasa,jairzinho rozenstruik,0.0,0.4518375042001353,0.5481624957998648,132.0,-170.0,1.5882352941176472,2.3200000000000003,0.0
105,0.3509051484381148,0.276884936227319,1.9546350529352048,1.869565217391304,0,1.869565217391304,0.6829849658890312,0.6829849658890312,0,-115,True,511.5835082645967,3.5617391304347814,0.81964703909188,511.5835082645967,0.0,1.0,1.0,0.9930996464052421,0.6422505143199538,6479.089961471783,0.6666666666666666,2022.2557713069673,1.309565217391304,0.15152770650161448,1203.760242218959,0.869565217391304,0.350883730887551,0.3509051484381148,0.17138051139081878,2024-08-17,junior tafa,valter walker,0.0,0.3170150341109688,0.6829849658890312,-105.0,-115.0,1.869565217391304,1.9523809523809523,0.350883730887551
106,0.0,-0.04233411220860123,1.5262179351137837,1.4878048780487805,0,1.4878048780487805,0.6436770721220877,0.6436770721220877,0,-205,True,511.5835082645967,3.5617391304347814,0.81964703909188,511.5835082645967,0.0,1.0,1.0,0.9930996464052421,0.6422505143199538,6479.089961471783,0.6666666666666666,2022.2557713069673,1.309565217391304,0.15152770650161448,0.0,0.0,0.0,0.0,-0.011537348435384898,2024-08-17,kai kara france,steve erceg,1.0,0.3563229278779123,0.6436770721220877,172.0,-205.0,1.4878048780487805,2.72,-0.0
107,0.27251743095332975,0.07008519754549958,1.381313183112994,1.3389830508474576,1,1.3389830508474576,0.7991775525972719,0.7991775525972719,1,-295,True,511.5835082645967,3.5617391304347814,0.81964703909188,511.5835082645967,0.0,1.0,1.0,0.9930996464052421,0.6422505143199538,6479.089961471783,0.6666666666666666,2022.2557713069673,1.309565217391304,0.15152770650161448,-1075.0839583756942,-1.0,0.27250079780935066,0.27251743095332975,0.0752287680454935,2024-08-17,mateusz gamrot,dan hooker,0.0,0.7991775525972719,0.2008224474027281,-295.0,220.0,3.2,1.3389830508474576,-0.27250079780935066
108,0.0,-0.059596616002163705,1.4236574892604168,1.3773584905660377,0,1.3773584905660377,0.6827586212587031,0.6827586212587031,0,-265,True,511.5835082645967,3.5617391304347814,0.81964703909188,511.5835082645967,0.0,1.0,1.0,0.9930996464052421,0.6422505143199538,6479.089961471783,0.6666666666666666,2022.2557713069673,1.309565217391304,0.15152770650161448,0.0,0.0,0.0,0.0,-0.01965751994355691,2024-08-17,li jingliang,carlos prates,0.0,0.3172413787412969,0.6827586212587031,200.0,-265.0,1.3773584905660377,3.0,0.0
109,0.0,-0.05918778778560342,1.1039271368804733,1.0909090909090908,1,1.0909090909090908,0.8624111945298636,0.8624111945298636,1,-1100,True,511.5835082645967,3.5617391304347814,0.81964703909188,511.5835082645967,0.0,1.0,1.0,0.9930996464052421,0.6422505143199538,6479.089961471783,0.6666666666666666,2022.2557713069673,1.309565217391304,0.15152770650161448,0.0,0.0,0.0,0.0,-0.04344569275152421,2024-08-17,tom nolan,alex reyes,1.0,0.8624111945298636,0.1375888054701364,-1100.0,700.0,8.0,1.0909090909090908,0.0
110,0.0,-0.09949715926296426,1.6508502982584223,1.6024096385542168,0,1.6024096385542168,0.5619679382043156,0.5619679382043156,0,-166,True,511.5835082645967,3.5617391304347814,0.81964703909188,511.5835082645967,0.0,1.0,1.0,0.9930996464052421,0.6422505143199538,6479.089961471783,0.6666666666666666,2022.2557713069673,1.309565217391304,0.15152770650161448,0.0,0.0,0.0,0.0,-0.0437805061306783,2024-08-17,casey oneill,luana santos,1.0,0.4380320617956844,0.5619679382043156,140.0,-166.0,1.6024096385542168,2.4,-0.0
111,0.0,-0.01787567161823092,1.206672365787359,1.1869158878504673,1,1.1869158878504673,0.8274590798177109,0.8274590798177109,1,-535,True,511.5835082645967,3.5617391304347814,0.81964703909188,511.5835082645967,0.0,1.0,1.0,0.9930996464052421,0.6422505143199538,6479.089961471783,0.6666666666666666,2022.2557713069673,1.309565217391304,0.15152770650161448,0.0,0.0,0.0,0.0,-0.0012662878569648095,2024-08-17,jack jenkins,herbert burns,1.0,0.8274590798177109,0.172540920182289,-535.0,400.0,5.0,1.1869158878504673,0.0
112,0.0,-0.06434188801918828,1.6508502982584223,1.6024096385542168,1,1.6024096385542168,0.5839069420632134,0.5839069420632134,1,-166,True,511.5835082645967,3.5617391304347814,0.81964703909188,511.5835082645967,0.0,1.0,1.0,0.9930996464052421,0.6422505143199538,6479.089961471783,0.6666666666666666,2022.2557713069673,1.309565217391304,0.15152770650161448,0.0,0.0,0.0,0.0,-0.0218415022717805,2024-08-17,josh culibao,ricardo ramos,0.0,0.5839069420632134,0.4160930579367866,-166.0,140.0,2.4,1.6024096385542168,-0.0
113,0.33332888743327355,0.42506735530000406,2.6590783094947508,2.44,1,2.44,0.5840439980737722,0.5840439980737722,1,144,True,511.5835082645967,3.5617391304347814,0.81964703909188,511.5835082645967,0.0,1.0,1.0,0.9930996464052421,0.6422505143199538,6479.089961471783,0.6666666666666666,2022.2557713069673,1.309565217391304,0.15152770650161448,1893.5794874637024,1.44,0.3333085426525464,0.33332888743327355,0.2079738400685312,2024-08-17,dricus du plessis,israel adesanya,1.0,0.5840439980737722,0.4159560019262278,144.0,-186.0,1.5376344086021505,2.44,0.3333085426525464
114,0.10089787517852943,0.025985259434800345,1.76981567832855,1.6849315068493151,0,1.6849315068493151,0.6089180808027677,0.6089180808027677,0,-146,True,-366.4403766059184,-1.0,0.2542645886996213,-366.4403766059184,0.0,1.0,1.0,0.8498128579262879,0.05721589738241955,6849.796907838817,1.0,737.1473229729526,1.508977951269059,0.0645592375207705,447.73048623935034,0.6849315068493151,0.10089171686095261,0.10089787517852943,0.04388748906090878,2024-08-24,dennis buzukja,francis marshall,0.0,0.3910819191972324,0.6089180808027677,114.0,-146.0,1.6849315068493151,2.14,0.10089171686095261
115,0.23273279287052992,0.1315080168631384,1.733851022240676,1.6756756756756757,1,1.6756756756756757,0.6752547842570342,0.6752547842570342,1,-148,True,-366.4403766059184,-1.0,0.2542645886996213,-366.4403766059184,0.0,1.0,1.0,0.8498128579262879,0.05721589738241955,6849.796907838817,1.0,737.1473229729526,1.508977951269059,0.0645592375207705,-1507.804667281927,-1.0,0.23271858798815256,0.23273279287052992,0.09850396358520497,2024-08-24,edmen shahbazyan,gerald meerschaert,0.0,0.6752547842570342,0.3247452157429658,-148.0,124.0,2.24,1.6756756756756757,-0.23271858798815256
116,0.1960993030493292,0.1084893522688411,1.7478176096860985,1.6896551724137931,0,1.6896551724137931,0.6560447186897223,0.6560447186897223,0,-145,True,-366.4403766059184,-1.0,0.2542645886996213,-366.4403766059184,0.0,1.0,1.0,0.8498128579262879,0.05721589738241955,6849.796907838817,1.0,737.1473229729526,1.508977951269059,0.0645592375207705,876.1844675340326,0.6896551724137931,0.19608733409772708,0.1960993030493292,0.08390264021530047,2024-08-24,jared cannonier,caio borralho,0.0,0.3439552813102777,0.6560447186897223,122.0,-145.0,1.6896551724137931,2.22,0.19608733409772708
117,0.09798354207213464,0.0359400274425597,1.733851022240676,1.6756756756756757,0,1.6756756756756757,0.6182222744415276,0.6182222744415276,0,-148,True,-366.4403766059184,-1.0,0.2542645886996213,-366.4403766059184,0.0,1.0,1.0,0.8498128579262879,0.05721589738241955,6849.796907838817,1.0,737.1473229729526,1.508977951269059,0.0645592375207705,428.9225919020684,0.6756756756756757,0.09797756163133434,0.09798354207213464,0.0414714537696983,2024-08-24,angela hill,tabatha ricci,0.0,0.3817777255584724,0.6182222744415276,124.0,-148.0,1.6756756756756757,2.24,0.09797756163133434
118,0.165590380540265,0.05421478624980958,1.4977457543587085,1.4587155963302751,0,1.4587155963302751,0.7227007025234544,0.7227007025234544,0,-218,True,-366.4403766059184,-1.0,0.2542645886996213,-366.4403766059184,0.0,1.0,1.0,0.8498128579262879,0.05721589738241955,6849.796907838817,1.0,737.1473229729526,1.508977951269059,0.0645592375207705,492.1144445794284,0.45871559633027514,0.16558027370551523,0.165590380540265,0.05503064097274002,2024-08-24,neil magny,michael morales,0.0,0.2772992974765456,0.7227007025234544,180.0,-218.0,1.4587155963302751,2.8,0.16558027370551523
119,0.13800871957656402,0.08628105050490187,2.0,1.9090909090909087,1,1.9090909090909087,0.569004359788282,0.569004359788282,1,-110,True,-339.53572037581,-1.0,0.19286850072231543,-339.53572037581,0.0,1.0,0.953230752105648,1.0,0.19266595149796129,8169.519546655376,1.0,1659.2583591923687,1.4514332514332506,0.06719427946901144,-901.0642480080088,-1.0,0.13154612613066569,0.13800871957656402,0.06900435978828201,2024-09-07,trevor peek,yanal ashmouz,0.0,0.569004359788282,0.430995640211718,-110.0,-110.0,1.9090909090909087,1.9090909090909087,-0.13154612613066569
120,0.4405974487552907,0.0788589096778469,1.220199687844557,1.2,1,1.2,0.8990490913982058,0.8990490913982058,1,-500,True,-339.53572037581,-1.0,0.19286850072231543,-339.53572037581,0.0,1.0,0.953230752105648,1.0,0.19266595149796129,8169.519546655376,1.0,1659.2583591923687,1.4514332514332506,0.06719427946901144,575.335544094637,0.19999999999999996,0.4199654032342409,0.4405974487552907,0.07951110104970183,2024-09-07,jaqueline amorim,vanessa demopoulos,1.0,0.8990490913982058,0.1009509086017942,-500.0,380.0,4.8,1.2,0.4199654032342409
121,0.0,-0.0733066025518084,1.1259314716492577,1.1111111111111112,1,1.1111111111111112,0.8340240577033724,0.8340240577033724,1,-900,True,-339.53572037581,-1.0,0.19286850072231543,-339.53572037581,0.0,1.0,0.953230752105648,1.0,0.19266595149796129,8169.519546655376,1.0,1659.2583591923687,1.4514332514332506,0.06719427946901144,0.0,0.0,0.0,0.0,-0.05412946245288186,2024-09-07,isaac dulgarian,brendon marotte,1.0,0.8340240577033724,0.1659759422966276,-900.0,600.0,7.0,1.1111111111111112,0.0
122,0.0,-0.05580889101391143,1.3604179261924223,1.3278688524590163,0,1.3278688524590163,0.7110575018290297,0.7110575018290297,0,-305,True,-339.53572037581,-1.0,0.19286850072231543,-339.53572037581,0.0,1.0,0.953230752105648,1.0,0.19266595149796129,8169.519546655376,1.0,1659.2583591923687,1.4514332514332506,0.06719427946901144,0.0,0.0,0.0,0.0,-0.024010730327267638,2024-09-07,matt schnell,cody durden,0.0,0.2889424981709702,0.7110575018290297,240.0,-305.0,1.3278688524590163,3.4,0.0
123,0.09937991588391926,0.04940810152555908,2.0,1.9090909090909087,0,1.9090909090909087,0.5496899579419596,0.5496899579419596,0,-110,True,-339.53572037581,-1.0,0.19286850072231543,-339.53572037581,0.0,1.0,0.953230752105648,1.0,0.19266595149796129,8169.519546655376,1.0,1659.2583591923687,1.4514332514332506,0.06719427946901144,589.8684547402745,0.9090909090909087,0.0947262099802931,0.09937991588391926,0.04968995794195963,2024-09-07,gilbert burns,sean brady,0.0,0.4503100420580403,0.5496899579419596,-110.0,-110.0,1.9090909090909087,1.9090909090909087,0.0947262099802931
124,0.2169735056443944,0.09812143014726449,1.771956645840295,1.6666666666666663,1,1.6666666666666663,0.6588728580883588,0.6588728580883588,1,-150,True,-339.53572037581,-1.0,0.19286850072231543,-339.53572037581,0.0,1.0,0.953230752105648,1.0,0.19266595149796129,8169.519546655376,1.0,1659.2583591923687,1.4514332514332506,0.06719427946901144,944.4189193309863,0.6666666666666663,0.20681319432628867,0.2169735056443944,0.0945249648441755,2024-09-07,steve garcia,kyle nelson,1.0,0.6588728580883588,0.3411271419116412,-150.0,110.0,2.1,1.6666666666666663,0.20681319432628867
125,0.10216443606476756,0.0389052360095023,1.733851022240676,1.6756756756756757,0,1.6756756756756757,0.6199918343927675,0.6199918343927675,0,-148,True,-339.53572037581,-1.0,0.19286850072231543,-339.53572037581,0.0,1.0,0.953230752105648,1.0,0.19266595149796129,8169.519546655376,1.0,1659.2583591923687,1.4514332514332506,0.06719427946901144,450.6996890344796,0.6756756756756757,0.09738033824151535,0.10216443606476756,0.04324101372093825,2024-09-07,jessica andrade,natalia silva,0.0,0.3800081656072324,0.6199918343927675,124.0,-148.0,1.6756756756756757,2.24,0.09738033824151535
126,0.3554313595024454,0.06686676351916276,1.241447907924366,1.21978021978022,1,1.21978021978022,0.8746385178400341,0.8746385178400341,1,-455,True,750.371551877695,2.055555555555555,0.24892339206533642,750.371551877695,0.0,1.0,0.8401230853245047,0.9999999999999999,0.5848856330667578,12947.754158552158,1.0,4027.8630600190863,3.273110266041714,0.06587428255830945,536.1141535536882,0.2197802197802201,0.298587864896895,0.3554313595024454,0.06912747414916665,2024-09-14,raul rosas jr,aoriqileng,1.0,0.8746385178400341,0.1253614821599659,-455.0,350.0,4.5,1.21978021978022,0.298587864896895
127,0.07706726140216795,-0.0021831118202993993,1.6542766747881523,1.5714285714285714,1,1.5714285714285714,0.6349743833870822,0.6349743833870822,1,-175,True,750.371551877695,2.055555555555555,0.24892339206533642,750.371551877695,0.0,1.0,0.8401230853245047,0.9999999999999999,0.5848856330667578,12947.754158552158,1.0,4027.8630600190863,3.273110266041714,0.06587428255830945,0.0,0.0,0.0,0.07706726140216795,0.030480579393829088,2024-09-14,daniel zellhuber,esteban ribovics,0.0,0.6349743833870822,0.3650256166129177,-175.0,130.0,2.3,1.5714285714285714,-0.0
128,0.04566122130890984,-0.010055450844102531,1.9552609331980668,1.8547008547008548,1,1.8547008547008548,0.5337489043835945,0.5337489043835945,1,-117,True,750.371551877695,2.055555555555555,0.24892339206533642,750.371551877695,0.0,1.0,0.8401230853245047,0.9999999999999999,0.5848856330667578,12947.754158552158,1.0,4027.8630600190863,3.273110266041714,0.06587428255830945,0.0,0.0,0.0,0.04566122130890984,0.02230821479523426,2024-09-14,alexa grasso,valentina shevchenko,0.0,0.5337489043835945,0.4662510956164055,-117.0,-107.0,1.9345794392523368,1.8547008547008548,-0.0
129,0.18699607856650943,0.07172528881214663,1.5483139104311472,1.5050505050505052,0,1.5050505050505052,0.7120859301503524,0.7120859301503524,0,-198,True,750.371551877695,2.055555555555555,0.24892339206533642,750.371551877695,0.0,1.0,0.8401230853245047,0.9999999999999999,0.5848856330667578,12947.754158552158,1.0,4027.8630600190863,3.273110266041714,0.06587428255830945,648.1570298881934,0.5050505050505052,0.15709013386277168,0.18699607856650943,0.0662220692995914,2024-09-14,sean omalley,merab dvalishvili,0.0,0.2879140698496475,0.7120859301503524,164.0,-198.0,1.5050505050505052,2.64,0.15709013386277168
130,0.17849809560336735,0.0843568293729714,1.740042491423768,1.6666666666666663,0,1.6666666666666663,0.650614097623783,0.650614097623783,0,-150,True,750.371551877695,2.055555555555555,0.24892339206533642,750.371551877695,0.0,1.0,0.8401230853245047,0.9999999999999999,0.5848856330667578,12947.754158552158,1.0,4027.8630600190863,3.273110266041714,0.06587428255830945,816.6862707149909,0.6666666666666663,0.14995121794818614,0.17849809560336735,0.07591548829168415,2024-09-14,brian ortega,diego lopes,0.0,0.349385902376217,0.650614097623783,120.0,-150.0,1.6666666666666663,2.2,0.14995121794818614
131,0.0708906386960434,0.0009940050988309634,1.482372512006592,1.434782608695652,0,1.434782608695652,0.6976624884022156,0.6976624884022156,0,-230,True,750.371551877695,2.055555555555555,0.24892339206533642,750.371551877695,0.0,1.0,0.8401230853245047,0.9999999999999999,0.5848856330667578,12947.754158552158,1.0,4027.8630600190863,3.273110266041714,0.06587428255830945,211.53097928960665,0.4347826086956521,0.05955322703956055,0.0708906386960434,0.023068220159636943,2024-09-14,edgar chairez,joshua van,0.0,0.3023375115977845,0.6976624884022156,180.0,-230.0,1.434782608695652,2.8,0.05955322703956055
132,0.0,-0.09560462670236908,1.2878276827094703,1.25,1,1.25,0.7235162986381047,0.7235162986381047,1,-400,True,750.371551877695,2.055555555555555,0.24892339206533642,750.371551877695,0.0,1.0,0.8401230853245047,0.9999999999999999,0.5848856330667578,12947.754158552158,1.0,4027.8630600190863,3.273110266041714,0.06587428255830945,0.0,0.0,0.0,0.0,-0.05298510246246213,2024-09-14,yazmin jauregui,ketlen souza,0.0,0.7235162986381047,0.2764837013618952,-400.0,275.0,3.75,1.25,-0.0
133,0.10594062247055118,0.015976520956424267,1.7070898936730217,1.6134969325153374,1,1.6134969325153374,0.6296736612771755,0.6296736612771755,1,-163,True,750.371551877695,2.055555555555555,0.24892339206533642,750.371551877695,0.0,1.0,0.8401230853245047,0.9999999999999999,0.5848856330667578,12947.754158552158,1.0,4027.8630600190863,3.273110266041714,0.06587428255830945,446.0544154636544,0.6134969325153374,0.0889977302892213,0.10594062247055118,0.04388142871444123,2024-09-14,ronaldo rodriguez,ode osbourne,1.0,0.6296736612771755,0.3703263387228245,-163.0,120.0,2.2,1.6134969325153374,0.0889977302892213
134,0.23942711782350756,0.15176421472581636,1.956166183256912,1.8333333333333333,0,1.8333333333333333,0.6282350262140817,0.6282350262140817,0,-120,True,750.371551877695,2.055555555555555,0.24892339206533642,750.371551877695,0.0,1.0,0.8401230853245047,0.9999999999999999,0.5848856330667578,12947.754158552158,1.0,4027.8630600190863,3.273110266041714,0.06587428255830945,1369.320211108953,0.8333333333333333,0.20113597182143564,0.23942711782350756,0.11703101473533628,2024-09-14,irene aldana,norma dumont,0.0,0.3717649737859183,0.6282350262140817,-110.0,-120.0,1.8333333333333333,1.9090909090909087,0.20113597182143564
135,0.0,-0.10129119593913283,1.6542766747881523,1.5714285714285714,0,1.5714285714285714,0.5719056025841882,0.5719056025841882,0,-175,True,750.371551877695,2.055555555555555,0.24892339206533642,750.371551877695,0.0,1.0,0.8401230853245047,0.9999999999999999,0.5848856330667578,12947.754158552158,1.0,4027.8630600190863,3.273110266041714,0.06587428255830945,0.0,0.0,0.0,0.0,-0.03258820140906493,2024-09-14,manuel torres,ignacio bahamondes,0.0,0.4280943974158118,0.5719056025841882,130.0,-175.0,1.5714285714285714,2.3,0.0
136,0.0,-0.1021878368393565,1.606960527582149,1.5319148936170213,1,1.5319148936170213,0.5860718287298645,0.5860718287298645,1,-188,True,1385.6131714076198,1.9611111111111108,0.24430060996317238,1385.6131714076198,0.0,1.0,1.0,0.5797471211720464,0.4756711932972605,19106.62782967023,0.6666666666666666,4773.260499710452,1.7842995169082123,0.07296875693036355,0.0,0.0,0.0,0.0,-0.03622099230452103,2024-09-28,nassourdine imavov,brendan allen,1.0,0.5860718287298645,0.4139281712701355,-188.0,140.0,2.4,1.5319148936170213,0.0
137,0.0,-0.030800451334918322,1.438709245627642,1.4,0,1.4,0.6922853919036298,0.6922853919036298,0,-250,True,1385.6131714076198,1.9611111111111108,0.24430060996317238,1385.6131714076198,0.0,1.0,1.0,0.5797471211720464,0.4756711932972605,19106.62782967023,0.6666666666666666,4773.260499710452,1.7842995169082123,0.07296875693036355,0.0,0.0,0.0,0.0,-0.002782081276989423,2024-09-28,renato moicano,benoit st denis,1.0,0.3077146080963702,0.6922853919036298,200.0,-250.0,1.4,3.0,-0.0
138,0.13041384631206468,0.017442890812531725,1.32077628649208,1.289855072463768,1,1.289855072463768,0.7888040389445471,0.7888040389445471,1,-345,True,1385.6131714076198,1.9611111111111108,0.24430060996317238,1385.6131714076198,0.0,1.0,1.0,0.5797471211720464,0.4756711932972605,19106.62782967023,0.6666666666666666,4773.260499710452,1.7842995169082123,0.07296875693036355,489.4096692766603,0.28985507246376807,0.13040588648257787,0.13041384631206468,0.031673546652053575,2024-09-28,taylor lapilus,vince morales,1.0,0.7888040389445471,0.2111959610554529,-345.0,265.0,3.65,1.289855072463768,0.13040588648257787
139,0.0,-0.11605190608966864,1.414293077175543,1.3636363636363638,0,1.3636363636363638,0.6482286022009096,0.6482286022009096,0,-275,True,1385.6131714076198,1.9611111111111108,0.24430060996317238,1385.6131714076198,0.0,1.0,1.0,0.5797471211720464,0.4756711932972605,19106.62782967023,0.6666666666666666,4773.260499710452,1.7842995169082123,0.07296875693036355,0.0,0.0,0.0,0.0,-0.0588384238196662,2024-09-28,william gomis,joanderson brito,1.0,0.3517713977990904,0.6482286022009096,200.0,-275.0,1.3636363636363638,3.0,-0.0
140,0.0,-0.08936849026413465,1.2133475112696448,1.1821493624772312,1,1.1821493624772312,0.7703184882049154,0.7703184882049154,1,-549,True,1385.6131714076198,1.9611111111111108,0.24430060996317238,1385.6131714076198,0.0,1.0,1.0,0.5797471211720464,0.4756711932972605,19106.62782967023,0.6666666666666666,4773.260499710452,1.7842995169082123,0.07296875693036355,0.0,0.0,0.0,0.0,-0.053847705496344656,2024-09-28,morgan charriere,gabriel miranda,1.0,0.7703184882049154,0.2296815117950845,-549.0,350.0,4.5,1.1821493624772312,0.0
141,0.0,-0.13395357227222743,1.771956645840295,1.6666666666666663,0,1.6666666666666663,0.5196278566366637,0.5196278566366637,0,-150,True,1385.6131714076198,1.9611111111111108,0.24430060996317238,1385.6131714076198,0.0,1.0,1.0,0.5797471211720464,0.4756711932972605,19106.62782967023,0.6666666666666666,4773.260499710452,1.7842995169082123,0.07296875693036355,0.0,0.0,0.0,0.0,-0.044720036607519664,2024-09-28,kevin jousset,bryan battle,0.0,0.4803721433633363,0.5196278566366637,110.0,-150.0,1.6666666666666663,2.1,0.0
142,0.13815308185257957,0.023669858340199967,1.5105772597440823,1.4444444444444444,0,1.4444444444444444,0.7086945173124461,0.7086945173124461,0,-225,True,1385.6131714076198,1.9611111111111108,0.24430060996317238,1385.6131714076198,0.0,1.0,1.0,0.5797471211720464,0.4756711932972605,19106.62782967023,0.6666666666666666,4773.260499710452,1.7842995169082123,0.07296875693036355,794.961316482875,0.4444444444444444,0.13814464965764228,0.13815308185257957,0.04669593792868321,2024-09-28,nora cornolle,jacqueline cavalcanti,0.0,0.2913054826875539,0.7086945173124461,163.0,-225.0,1.4444444444444444,2.63,0.13814464965764228
143,0.0,-0.040979755744132595,1.181511618879317,1.1540832049306626,1,1.1540832049306626,0.8309801582403977,0.8309801582403977,1,-649,True,1385.6131714076198,1.9611111111111108,0.24430060996317238,1385.6131714076198,0.0,1.0,1.0,0.5797471211720464,0.4756711932972605,19106.62782967023,0.6666666666666666,4773.260499710452,1.7842995169082123,0.07296875693036355,0.0,0.0,0.0,0.0,-0.015393236672566535,2024-09-28,ludovit klein,roosevelt roberts,1.0,0.8309801582403977,0.1690198417596022,-649.0,400.0,5.0,1.1540832049306626,0.0
144,0.0,-0.1353525225077724,1.8261647806963728,1.7246376811594204,1,1.7246376811594204,0.5013502180417118,0.5013502180417118,1,-138,True,1385.6131714076198,1.9611111111111108,0.24430060996317238,1385.6131714076198,0.0,1.0,1.0,0.5797471211720464,0.4756711932972605,19106.62782967023,0.6666666666666666,4773.260499710452,1.7842995169082123,0.07296875693036355,0.0,0.0,0.0,0.0,-0.04624549214314311,2024-09-28,daniel barez,victor altamirano,1.0,0.5013502180417118,0.4986497819582882,-138.0,105.0,2.05,1.7246376811594204,0.0
145,0.25664332936960405,0.21552920585227342,2.2104122850130463,2.05,1,2.05,0.5929410760254993,0.5929410760254993,1,105,True,1385.6131714076198,1.9611111111111108,0.24430060996317238,1385.6131714076198,0.0,1.0,1.0,0.5797471211720464,0.4756711932972605,19106.62782967023,0.6666666666666666,4773.260499710452,1.7842995169082123,0.07296875693036355,3488.889513950917,1.0499999999999998,0.25662766510389545,0.25664332936960405,0.14053678621035387,2024-09-28,fares ziam,matt frevola,1.0,0.5929410760254993,0.4070589239745007,105.0,-138.0,1.7246376811594204,2.05,0.25662766510389545
146,0.0,-0.12781285354560712,1.5145607018144436,1.4651162790697674,0,1.4651162790697674,0.5953023380561729,0.5953023380561729,0,-215,True,1124.1639757994167,2.055555555555555,0.5001836327488536,1124.1639757994167,0.0,1.0,0.5475117188982678,1.0,0.14486404078683915,21874.491142886534,1.0,1643.6993374168874,-0.6255411255411261,0.10469504870563655,0.0,0.0,0.0,0.0,-0.06495512062607078,2024-10-05,austin hubbard,alexander hernandez,0.0,0.404697661943827,0.5953023380561729,170.0,-215.0,1.4651162790697674,2.7,0.0
147,0.0,-0.03910020495741548,1.206672365787359,1.1869158878504673,1,1.1869158878504673,0.8095769926736736,0.8095769926736736,1,-535,True,1124.1639757994167,2.055555555555555,0.5001836327488536,1124.1639757994167,0.0,1.0,0.5475117188982678,1.0,0.14486404078683915,21874.491142886534,1.0,1643.6993374168874,-0.6255411255411261,0.10469504870563655,0.0,0.0,0.0,0.0,-0.019148375001002194,2024-10-05,alex pereira,khalil rountree jr,1.0,0.8095769926736736,0.1904230073263264,-535.0,400.0,5.0,1.1869158878504673,0.0
148,0.30707965433324985,0.16354631932718566,1.771956645840295,1.6666666666666663,0,1.6666666666666663,0.6981277915963116,0.6981277915963116,0,-150,True,1124.1639757994167,2.055555555555555,0.5001836327488536,1124.1639757994167,0.0,1.0,0.5475117188982678,1.0,0.14486404078683915,21874.491142886534,1.0,1643.6993374168874,-0.6255411255411261,0.10469504870563655,2141.463810300705,0.6666666666666663,0.1681194475596011,0.30707965433324985,0.13377989835212822,2024-10-05,stephen thompson,joaquin buckley,0.0,0.3018722084036884,0.6981277915963116,110.0,-150.0,1.6666666666666663,2.1,0.1681194475596011
149,0.3929277057351696,0.28932007933841974,1.956166183256912,1.8333333333333333,0,1.8333333333333333,0.7032654978209563,0.7032654978209563,0,-120,True,1124.1639757994167,2.055555555555555,0.5001836327488536,1124.1639757994167,0.0,1.0,0.5475117188982678,1.0,0.14486404078683915,21874.491142886534,1.0,1643.6993374168874,-0.6255411255411261,0.10469504870563655,3425.171816264325,0.8333333333333333,0.2151193929226249,0.3929277057351696,0.19206148634221087,2024-10-05,marina rodriguez,iasmin lucindo,0.0,0.2967345021790437,0.7032654978209563,-110.0,-120.0,1.8333333333333333,1.9090909090909087,0.2151193929226249
150,0.0,-0.1841857029786052,1.4711761418400602,1.434782608695652,0,1.434782608695652,0.5685978433785479,0.5685978433785479,0,-230,True,1124.1639757994167,2.055555555555555,0.5001836327488536,1124.1639757994167,0.0,1.0,0.5475117188982678,1.0,0.14486404078683915,21874.491142886534,1.0,1643.6993374168874,-0.6255411255411261,0.10469504870563655,0.0,0.0,0.0,0.0,-0.11113041726960204,2024-10-05,court mcgee,tim means,1.0,0.4314021566214521,0.5685978433785479,190.0,-230.0,1.434782608695652,2.9,-0.0
151,0.21531896989988905,0.04799088171267013,1.332331941687738,1.303030303030303,1,1.303030303030303,0.8042720720120492,0.8042720720120492,1,-330,True,1124.1639757994167,2.055555555555555,0.5001836327488536,1124.1639757994167,0.0,1.0,0.5475117188982678,1.0,0.14486404078683915,21874.491142886534,1.0,1643.6993374168874,-0.6255411255411261,0.10469504870563655,682.5261713713442,0.303030303030303,0.11788246390751571,0.21531896989988905,0.05370836584341587,2024-10-05,ryan spann,ovince st preux,1.0,0.8042720720120492,0.1957279279879508,-330.0,260.0,3.6,1.303030303030303,0.11788246390751571
152,0.0,-0.14035289561327138,1.3357151112412742,1.3003003003003002,1,1.3003003003003002,0.6611142858216643,0.6611142858216643,1,-333,True,1124.1639757994167,2.055555555555555,0.5001836327488536,1124.1639757994167,0.0,1.0,0.5475117188982678,1.0,0.14486404078683915,21874.491142886534,1.0,1643.6993374168874,-0.6255411255411261,0.10469504870563655,0.0,0.0,0.0,0.0,-0.08754835307796183,2024-10-05,cesar almeida,ihor potieria,1.0,0.6611142858216643,0.3388857141783357,-333.0,250.0,3.5,1.3003003003003002,0.0
153,0.11706087084964302,0.023408438293361367,1.7070898936730217,1.6134969325153374,0,1.6134969325153374,0.634279754531627,0.634279754531627,0,-163,True,1124.1639757994167,2.055555555555555,0.5001836327488536,1124.1639757994167,0.0,1.0,0.5475117188982678,1.0,0.14486404078683915,21874.491142886534,1.0,1643.6993374168874,-0.6255411255411261,0.10469504870563655,-1224.5110429300046,-1.0,0.06408828673725933,0.11706087084964302,0.04848752196889272,2024-10-05,roman dolidze,kevin holland,1.0,0.365720245468373,0.634279754531627,120.0,-163.0,1.6134969325153374,2.2,-0.06408828673725933
154,0.0,-0.12833935895674609,1.181511618879317,1.1540832049306626,0,1.1540832049306626,0.7552840534540344,0.7552840534540344,0,-649,True,1124.1639757994167,2.055555555555555,0.5001836327488536,1124.1639757994167,0.0,1.0,0.5475117188982678,1.0,0.14486404078683915,21874.491142886534,1.0,1643.6993374168874,-0.6255411255411261,0.10469504870563655,0.0,0.0,0.0,0.0,-0.09108934145892988,2024-10-05,ketlen vieira,kayla harrison,0.0,0.2447159465459656,0.7552840534540344,400.0,-649.0,1.1540832049306626,5.0,0.0
155,0.26642964873391467,0.115507455648799,1.6542766747881523,1.5714285714285714,0,1.5714285714285714,0.7098683808674175,0.7098683808674175,0,-175,True,1124.1639757994167,2.055555555555555,0.5001836327488536,1124.1639757994167,0.0,1.0,0.5475117188982678,1.0,0.14486404078683915,21874.491142886534,1.0,1643.6993374168874,-0.6255411255411261,0.10469504870563655,1592.5587366675347,0.5714285714285714,0.1458644515407556,0.26642964873391467,0.1053745768741644,2024-10-05,jose aldo,mario bautista,0.0,0.2901316191325824,0.7098683808674175,130.0,-175.0,1.5714285714285714,2.3,0.1458644515407556
156,0.19132054272906182,0.06882641496081104,1.6542766747881523,1.5714285714285714,1,1.5714285714285714,0.6801622640659707,0.6801622640659707,1,-175,True,1124.1639757994167,2.055555555555555,0.5001836327488536,1124.1639757994167,0.0,1.0,0.5475117188982678,1.0,0.14486404078683915,21874.491142886534,1.0,1643.6993374168874,-0.6255411255411261,0.10469504870563655,-2001.301678440507,-1.0,0.10474384576292071,0.19132054272906182,0.07566846007271755,2024-10-05,raquel pennington,julianna pena,0.0,0.6801622640659707,0.3198377359340293,-175.0,130.0,2.3,1.5714285714285714,-0.10474384576292071
157,0.28413734162269955,0.1468882078835157,1.771956645840295,1.6666666666666663,1,1.6666666666666663,0.6881329247301096,0.6881329247301096,1,-150,True,1124.1639757994167,2.055555555555555,0.5001836327488536,1124.1639757994167,0.0,1.0,0.5475117188982678,1.0,0.14486404078683915,21874.491142886534,1.0,1643.6993374168874,-0.6255411255411261,0.10469504870563655,-2972.2084758165097,-1.0,0.15555902916583939,0.28413734162269955,0.12378503148592623,2024-10-05,carla esparza,tecia pennington,0.0,0.6881329247301096,0.3118670752698904,-150.0,110.0,2.1,1.6666666666666663,-0.15555902916583939
158,0.0,-0.09180773182730861,1.606960527582149,1.5319148936170213,1,1.5319148936170213,0.5928477306127291,0.5928477306127291,1,-188,True,-1088.868465377157,-1.0,0.3474106898854179,-1088.868465377157,0.0,1.0,0.62743130359974,0.9999999999999999,-0.2529635625458595,16341.041934504108,1.0,-4444.58074300527,-0.4606879606879606,0.10878826148868177,0.0,0.0,0.0,0.0,-0.02944509042165644,2024-10-12,chidi njokuani,jared gooden,1.0,0.5928477306127291,0.4071522693872709,-188.0,140.0,2.4,1.5319148936170213,0.0
159,0.2982156401656101,0.1352627588105107,1.6542766747881523,1.5714285714285714,1,1.5714285714285714,0.7224399374248704,0.7224399374248704,1,-175,True,-1088.868465377157,-1.0,0.3474106898854179,-1088.868465377157,0.0,1.0,0.62743130359974,0.9999999999999999,-0.2529635625458595,16341.041934504108,1.0,-4444.58074300527,-0.4606879606879606,0.10878826148868177,-4092.682459574136,-1.0,0.18709840758536017,0.2982156401656101,0.1179461334316173,2024-10-12,jonathan pearce,pat sabatini,0.0,0.7224399374248704,0.2775600625751295,-175.0,130.0,2.3,1.5714285714285714,-0.18709840758536017
160,0.0026747547209036637,-0.03307446086915111,1.3308699435100788,1.2857142857142856,1,1.2857142857142856,0.7520531971017714,0.7520531971017714,1,-350,True,-1088.868465377157,-1.0,0.3474106898854179,-1088.868465377157,0.0,1.0,0.62743130359974,0.9999999999999999,-0.2529635625458595,16341.041934504108,1.0,-4444.58074300527,-0.4606879606879606,0.10878826148868177,0.0,0.0,0.0,0.0026747547209036637,0.0006649755280178082,2024-10-12,grant dawson,rafa garcia,1.0,0.7520531971017714,0.2479468028982285,-350.0,240.0,3.4,1.2857142857142856,0.0
161,0.01892988097041501,-0.03831605981800745,1.6542766747881523,1.5714285714285714,0,1.5714285714285714,0.6119806892067226,0.6119806892067226,0,-175,True,-1088.868465377157,-1.0,0.3474106898854179,-1088.868465377157,0.0,1.0,0.62743130359974,0.9999999999999999,-0.2529635625458595,16341.041934504108,1.0,-4444.58074300527,-0.4606879606879606,0.10878826148868177,0.0,0.0,0.0,0.01892988097041501,0.0074868852134694075,2024-10-12,brad tavares,junyong park,0.0,0.3880193107932774,0.6119806892067226,130.0,-175.0,1.5714285714285714,2.3,0.0
162,0.4100889291828258,0.18669813269890195,1.5758754024583868,1.5128205128205128,0,1.5128205128205128,0.7844275792416471,0.7844275792416471,0,-195,True,-1088.868465377157,-1.0,0.3474106898854179,-1088.868465377157,0.0,1.0,0.62743130359974,0.9999999999999999,-0.2529635625458595,16341.041934504108,1.0,-4444.58074300527,-0.4606879606879606,0.10878826148868177,-5628.020604150856,-1.0,0.257286926922689,0.4100889291828258,0.1498596442132898,2024-10-12,brandon royval,tatsuro taira,1.0,0.2155724207583529,0.7844275792416471,150.0,-195.0,1.5128205128205128,2.5,-0.257286926922689
163,0.15110612832131176,0.03895052502079249,1.5675912773046496,1.5,1,1.5,0.692633683347195,0.692633683347195,1,-200,True,-1088.868465377157,-1.0,0.3474106898854179,-1088.868465377157,0.0,1.0,0.62743130359974,0.9999999999999999,-0.2529635625458595,16341.041934504108,1.0,-4444.58074300527,-0.4606879606879606,0.10878826148868177,1036.882908910067,0.5,0.09480292840981179,0.15110612832131176,0.054712297538375254,2024-10-12,daniel rodriguez,alex morono,1.0,0.692633683347195,0.307366316652805,-200.0,150.0,2.5,1.5,0.09480292840981179
164,0.22644535240722277,0.12704878580901652,1.733851022240676,1.6756756756756757,1,1.6756756756756757,0.6725936302408647,0.6725936302408647,1,-148,True,-1088.868465377157,-1.0,0.3474106898854179,-1088.868465377157,0.0,1.0,0.62743130359974,0.9999999999999999,-0.2529635625458595,16341.041934504108,1.0,-4444.58074300527,-0.4606879606879606,0.10878826148868177,2099.8067610333096,0.6756756756756757,0.14207023084694292,0.22644535240722277,0.09584280956903546,2024-10-12,julia polastri,cory mckenna,1.0,0.6725936302408647,0.3274063697591353,-148.0,124.0,2.24,1.6756756756756757,0.14207023084694292
165,0.428700193717051,0.1354283391522731,1.414293077175543,1.3636363636363638,1,1.3636363636363638,0.8326474487116668,0.8326474487116668,1,-275,True,-1088.868465377157,-1.0,0.3474106898854179,-1088.868465377157,0.0,1.0,0.62743130359974,0.9999999999999999,-0.2529635625458595,16341.041934504108,1.0,-4444.58074300527,-0.4606879606879606,0.10878826148868177,2139.432650776346,0.36363636363636376,0.26896350416581977,0.428700193717051,0.12558042269109104,2024-10-12,themba gorimbo,niko price,1.0,0.8326474487116668,0.1673525512883331,-275.0,200.0,3.0,1.3636363636363638,0.26896350416581977
166,0.0,-0.03512291825184427,1.4977457543587085,1.4587155963302751,0,1.4587155963302751,0.6614566157896162,0.6614566157896162,0,-218,True,1918.4669500142516,2.55764705882353,0.4799177400596706,1918.4669500142516,0.0,1.0,1.0,0.8846070350229057,0.4344245011592423,23439.990925323316,0.75,5180.482040804955,1.4733965844402277,0.09074967954867914,0.0,0.0,0.0,0.0,-0.006213445761098169,2024-10-19,matheus nicolau,asu almabayev,0.0,0.3385433842103837,0.6614566157896162,180.0,-218.0,1.4587155963302751,2.8,0.0
167,0.2206512513811322,0.07788861008962761,1.4828375314494842,1.4444444444444444,0,1.4444444444444444,0.7462305762158961,0.7462305762158961,0,-225,True,1918.4669500142516,2.55764705882353,0.4799177400596706,1918.4669500142516,0.0,1.0,1.0,0.8846070350229057,0.4344245011592423,23439.990925323316,0.75,5180.482040804955,1.4733965844402277,0.09074967954867914,-3605.4512790055505,-1.0,0.2206377838975274,0.2206512513811322,0.07184786146056277,2024-10-19,rob font,kyler phillips,1.0,0.2537694237841039,0.7462305762158961,185.0,-225.0,1.4444444444444444,2.85,-0.2206377838975274
168,0.0,-0.075419857857,1.5483139104311472,1.5050505050505052,1,1.5050505050505052,0.6143183494775637,0.6143183494775637,1,-198,True,1918.4669500142516,2.55764705882353,0.4799177400596706,1918.4669500142516,0.0,1.0,1.0,0.8846070350229057,0.4344245011592423,23439.990925323316,0.75,5180.482040804955,1.4733965844402277,0.09074967954867914,0.0,0.0,0.0,0.0,-0.03154551137319728,2024-10-19,charles johnson,sumudaerji,1.0,0.6143183494775637,0.3856816505224363,-198.0,164.0,2.64,1.5050505050505052,0.0
169,0.02326682475923036,-0.014948407121548435,1.4828375314494842,1.4444444444444444,0,1.4444444444444444,0.6819587950696973,0.6819587950696973,0,-225,True,1918.4669500142516,2.55764705882353,0.4799177400596706,1918.4669500142516,0.0,1.0,1.0,0.8846070350229057,0.4344245011592423,23439.990925323316,0.75,5180.482040804955,1.4733965844402277,0.09074967954867914,0.0,0.0,0.0,0.02326682475923036,0.007576080314363964,2024-10-19,brad katona,jean matsumoto,0.0,0.3180412049303027,0.6819587950696973,185.0,-225.0,1.4444444444444444,2.85,0.0
170,0.2929213999958605,0.15078785598393973,1.6380879829434138,1.5882352941176472,1,1.5882352941176472,0.7245701315454435,0.7245701315454435,1,-170,True,1918.4669500142516,2.55764705882353,0.4799177400596706,1918.4669500142516,0.0,1.0,1.0,0.8846070350229057,0.4344245011592423,23439.990925323316,0.75,5180.482040804955,1.4733965844402277,0.09074967954867914,2815.4992514540786,0.5882352941176472,0.29290352149244275,0.2929213999958605,0.11410231149395844,2024-10-19,anthony hernandez,michel pereira,1.0,0.7245701315454435,0.2754298684545565,-170.0,142.0,2.42,1.5882352941176472,0.29290352149244275
171,0.2615682995759048,0.2860039601254918,2.3626743980633664,2.24,1,2.24,0.5741089107703088,0.5741089107703088,1,124,True,1918.4669500142516,2.55764705882353,0.4799177400596706,1918.4669500142516,0.0,1.0,1.0,0.8846070350229057,0.4344245011592423,23439.990925323316,0.75,5180.482040804955,1.4733965844402277,0.09074967954867914,5299.806710337241,1.2400000000000002,0.2615523347138701,0.2615682995759048,0.15085973144213788,2024-10-19,darren elkins,daniel pineda,1.0,0.5741089107703088,0.4258910892296912,124.0,-148.0,1.6756756756756757,2.24,0.2615523347138701
172,0.026138555591763327,-0.014410016382062074,1.6997451866811766,1.6451612903225803,0,1.6451612903225803,0.599084107689335,0.599084107689335,0,-155,True,1918.4669500142516,2.55764705882353,0.4799177400596706,1918.4669500142516,0.0,1.0,1.0,0.8846070350229057,0.4344245011592423,23439.990925323316,0.75,5180.482040804955,1.4733965844402277,0.09074967954867914,0.0,0.0,0.0,0.026138555591763327,0.010760629655229281,2024-10-19,jessica penne,elise reed,0.0,0.4009158923106651,0.599084107689335,130.0,-155.0,1.6451612903225803,2.3,0.0
173,0.0,-0.15898887838949802,1.287455303062906,1.263157894736842,0,1.263157894736842,0.6658004712749808,0.6658004712749808,0,-380,True,1918.4669500142516,2.55764705882353,0.4799177400596706,1918.4669500142516,0.0,1.0,1.0,0.8846070350229057,0.4344245011592423,23439.990925323316,0.75,5180.482040804955,1.4733965844402277,0.09074967954867914,0.0,0.0,0.0,0.0,-0.11092552272338285,2024-10-19,austen lane,robelis despaigne,1.0,0.3341995287250192,0.6658004712749808,300.0,-380.0,1.263157894736842,4.0,-0.0
174,0.06361502879250215,0.010971834949687564,1.6997451866811766,1.6451612903225803,1,1.6451612903225803,0.6145122918321632,0.6145122918321632,1,-155,True,1918.4669500142516,2.55764705882353,0.4799177400596706,1918.4669500142516,0.0,1.0,1.0,0.8846070350229057,0.4344245011592423,23439.990925323316,0.75,5180.482040804955,1.4733965844402277,0.09074967954867914,670.6273580191857,0.6451612903225803,0.06361114603927995,0.06361502879250215,0.026188813798057486,2024-10-19,melissa martinez,alice ardelean,1.0,0.6145122918321632,0.3854877081678368,-155.0,130.0,2.3,1.6451612903225803,0.06361114603927995
175,0.30682257474910224,0.1593880784808714,1.6380879829434138,1.5882352941176472,1,1.5882352941176472,0.729985086450919,0.729985086450919,1,-170,True,1244.2973718973712,2.55764705882353,0.6436285158227009,1244.2973718973712,0.0,1.0,0.45760204832735,1.0,0.5751908447084698,36922.4591056189,0.75,12238.170808398214,3.8612059946728285,0.1134031994449939,1935.785710340122,0.5882352941176472,0.140394069181271,0.30682257474910224,0.11951726639943394,2024-10-26,geoff neal,rafael dos anjos,1.0,0.729985086450919,0.270014913549081,-170.0,142.0,2.42,1.5882352941176472,0.140394069181271
176,0.4104592439240111,0.22350484771559165,1.6380879829434138,1.5882352941176472,1,1.5882352941176472,0.7703549041172243,0.7703549041172243,1,-170,True,1244.2973718973712,2.55764705882353,0.6436285158227009,1244.2973718973712,0.0,1.0,0.45760204832735,1.0,0.5751908447084698,36922.4591056189,0.75,12238.170808398214,3.8612059946728285,0.1134031994449939,2589.643671802334,0.5882352941176472,0.18781552672479299,0.4104592439240111,0.15988708406573926,2024-10-26,lerone murphy,dan ige,1.0,0.7703549041172243,0.2296450958827757,-170.0,142.0,2.42,1.5882352941176472,0.18781552672479299
177,0.27384360358124743,0.11516888578276069,1.5673502476287071,1.5128205128205128,0,1.5128205128205128,0.7371455346699605,0.7371455346699605,0,-195,True,1244.2973718973712,2.55764705882353,0.6436285158227009,1244.2973718973712,0.0,1.0,0.45760204832735,1.0,0.5751908447084698,36922.4591056189,0.75,12238.170808398214,3.8612059946728285,0.1134031994449939,1506.2146963532157,0.5128205128205128,0.12530374551961385,0.27384360358124743,0.09912604827058602,2024-10-26,robert whittaker,khamzat chimaev,0.0,0.2628544653300396,0.7371455346699605,155.0,-195.0,1.5128205128205128,2.55,0.12530374551961385
178,0.1426859520444227,0.03667147930860687,1.4341303401610936,1.4,1,1.4,0.7404796280775764,0.7404796280775764,1,-250,True,1244.2973718973712,2.55764705882353,0.6436285158227009,1244.2973718973712,0.0,1.0,0.45760204832735,1.0,0.5751908447084698,36922.4591056189,0.75,12238.170808398214,3.8612059946728285,0.1134031994449939,612.1531655114326,0.3999999999999999,0.06528939873117603,0.1426859520444227,0.04319293662687351,2024-10-26,shara magomedov,armen petrosyan,1.0,0.7404796280775764,0.2595203719224236,-250.0,205.0,3.05,1.4,0.06528939873117603
179,0.17680884098844005,0.13856495013940817,2.097443210264446,2.0,1,2.0,0.5692824750697041,0.5692824750697041,1,100,True,1244.2973718973712,2.55764705882353,0.6436285158227009,1244.2973718973712,0.0,1.0,0.45760204832735,1.0,0.5751908447084698,36922.4591056189,0.75,12238.170808398214,3.8612059946728285,0.1134031994449939,1896.369091537904,1.0,0.0809031495609142,0.17680884098844005,0.0925115212216045,2024-10-26,abus magomedov,brunno ferreira,1.0,0.5692824750697041,0.4307175249302959,100.0,-120.0,1.8333333333333333,2.0,0.0809031495609142
180,0.3059775181611031,0.34337719943776523,2.3626743980633664,2.24,1,2.24,0.5997219640347166,0.5997219640347166,1,124,True,1244.2973718973712,2.55764705882353,0.6436285158227009,1244.2973718973712,0.0,1.0,0.45760204832735,1.0,0.5751908447084698,36922.4591056189,0.75,12238.170808398214,3.8612059946728285,0.1134031994449939,4069.397311123838,1.2400000000000002,0.14000739315792216,0.3059775181611031,0.17647278470654565,2024-10-26,ismail naurdiev,bruno silva,1.0,0.5997219640347166,0.4002780359652834,124.0,-148.0,1.6756756756756757,2.24,0.14000739315792216
181,0.09112854831452277,-0.004754338052018095,1.154409442510652,1.1329787234042552,1,1.1329787234042552,0.8784327908273268,0.8784327908273268,1,-752,True,1244.2973718973712,2.55764705882353,0.6436285158227009,1244.2973718973712,0.0,1.0,0.45760204832735,1.0,0.5751908447084698,36922.4591056189,0.75,12238.170808398214,3.8612059946728285,0.1134031994449939,0.0,0.0,0.0,0.09112854831452277,0.012189010089390884,2024-10-26,kennedy nzechukwu,chris barnett,1.0,0.8784327908273268,0.1215672091726731,-752.0,475.0,5.75,1.1329787234042552,0.0
182,0.20436811021922308,0.1378873458282971,1.9112088813771368,1.8333333333333333,0,1.8333333333333333,0.620665824997253,0.620665824997253,0,-120,True,1244.2973718973712,2.55764705882353,0.6436285158227009,1244.2973718973712,0.0,1.0,0.45760204832735,1.0,0.5751908447084698,36922.4591056189,0.75,12238.170808398214,3.8612059946728285,0.1134031994449939,-2191.9569482449424,-1.0,0.09351355788610263,0.20436811021922308,0.09743677884535251,2024-10-26,mateusz rebecki,myktybek orolbai,1.0,0.379334175002747,0.620665824997253,100.0,-120.0,1.8333333333333333,2.0,-0.09351355788610263
183,0.31911332215454236,0.1426836866243117,1.5953101907370772,1.5319148936170213,1,1.5319148936170213,0.7459185176575368,0.7459185176575368,1,-188,True,1244.2973718973712,2.55764705882353,0.6436285158227009,1244.2973718973712,0.0,1.0,0.45760204832735,1.0,0.5751908447084698,36922.4591056189,0.75,12238.170808398214,3.8612059946728285,0.1134031994449939,1820.564109974309,0.5319148936170213,0.1460179970912037,0.31911332215454236,0.1190811754238158,2024-10-26,ilia topuria,max holloway,1.0,0.7459185176575368,0.2540814823424632,-188.0,146.0,2.46,1.5319148936170213,0.1460179970912037
184,0.09327187388068017,0.020790703668050803,1.956166183256912,1.8333333333333333,1,1.8333333333333333,0.5567949292734823,0.5567949292734823,1,-120,True,4834.611299937432,3.3,0.4947680083211754,4834.611299937432,0.0,1.0,1.0,0.9193257048702019,0.9307894383188715,71289.49407788942,0.5,29532.42367233309,5.063636363636363,0.07189959814368772,2869.680628789936,0.8333333333333333,0.09326618101728414,0.09327187388068017,0.045590917794736896,2024-11-02,erin blanchfield,rose namajunas,1.0,0.5567949292734823,0.4432050707265177,-120.0,-110.0,1.9090909090909087,1.8333333333333333,0.09326618101728414
185,0.09810760155583008,0.03453368701472237,1.7257379176466046,1.6666666666666663,1,1.6666666666666663,0.6207202122088336,0.6207202122088336,1,-150,True,4834.611299937432,3.3,0.4947680083211754,4834.611299937432,0.0,1.0,1.0,0.9193257048702019,0.9307894383188715,71289.49407788942,0.5,29532.42367233309,5.063636363636363,0.07189959814368772,2414.76854282541,0.6666666666666663,0.09810161354303981,0.09810760155583008,0.041257948689872426,2024-11-02,brandon moreno,amir albazi,1.0,0.6207202122088336,0.3792797877911664,-150.0,125.0,2.25,1.6666666666666663,0.09810161354303981
186,0.08794281718936833,0.026150868461709442,2.2104122850130463,2.05,1,2.05,0.5005613992496144,0.5005613992496144,1,105,True,4834.611299937432,3.3,0.4947680083211754,4834.611299937432,0.0,1.0,1.0,0.9193257048702019,0.9307894383188715,71289.49407788942,0.5,29532.42367233309,5.063636363636363,0.07189959814368772,3409.2102304925593,1.0499999999999998,0.08793744958578012,0.08794281718936833,0.04815710943446899,2024-11-02,alexandr romanov,rodrigo nascimento,1.0,0.5005613992496144,0.4994386007503856,105.0,-138.0,1.7246376811594204,2.05,0.08793744958578012
187,0.2494503870132868,0.24551226641457224,2.2753743225853573,2.15,1,2.15,0.5793080308904988,0.5793080308904988,1,115,True,4834.611299937432,3.3,0.4947680083211754,4834.611299937432,0.0,1.0,1.0,0.9193257048702019,0.9307894383188715,71289.49407788942,0.5,29532.42367233309,5.063636363636363,0.07189959814368772,10591.223493947102,1.15,0.24943516176993882,0.2494503870132868,0.13981990356392943,2024-11-02,aiemann zahabi,pedro munhoz,1.0,0.5793080308904988,0.4206919691095012,115.0,-140.0,1.7142857142857144,2.15,0.24943516176993882
188,0.0,-0.09445569512127905,1.6530343331361326,1.606060606060606,0,1.606060606060606,0.563829472849015,0.563829472849015,0,-165,True,4834.611299937432,3.3,0.4947680083211754,4834.611299937432,0.0,1.0,1.0,0.9193257048702019,0.9307894383188715,71289.49407788942,0.5,29532.42367233309,5.063636363636363,0.07189959814368772,0.0,0.0,0.0,0.0,-0.04111863981528918,2024-11-02,ariane da silva,jasmine jasudavicius,0.0,0.436170527150985,0.563829472849015,140.0,-165.0,1.606060606060606,2.4,0.0
189,0.0,-0.10667261040150106,1.514999428614204,1.4761904761904765,1,1.4761904761904765,0.6051572639215637,0.6051572639215637,1,-210,True,4834.611299937432,3.3,0.4947680083211754,4834.611299937432,0.0,1.0,1.0,0.9193257048702019,0.9307894383188715,71289.49407788942,0.5,29532.42367233309,5.063636363636363,0.07189959814368772,0.0,0.0,0.0,0.0,-0.0549089916246297,2024-11-02,marc andre barriault,dustin stoltzfus,0.0,0.6051572639215637,0.3948427360784363,-210.0,175.0,2.75,1.4761904761904765,-0.0
190,0.11529400087918784,0.015388181229841924,1.405803689297263,1.3636363636363638,1,1.3636363636363638,0.7446179995685507,0.7446179995685507,1,-275,True,4834.611299937432,3.3,0.4947680083211754,4834.611299937432,0.0,1.0,1.0,0.9193257048702019,0.9307894383188715,71289.49407788942,0.5,29532.42367233309,5.063636363636363,0.07189959814368772,1547.882985348014,0.36363636363636376,0.11528696389182949,0.11529400087918784,0.033281126850651654,2024-11-02,mike malott,trevin giles,1.0,0.7446179995685507,0.2553820004314493,-275.0,210.0,3.1,1.3636363636363638,0.11528696389182949
191,0.23563405631856696,0.20012307275313312,2.097443210264446,2.0,1,2.0,0.6000615363765666,0.6000615363765666,1,100,True,4834.611299937432,3.3,0.4947680083211754,4834.611299937432,0.0,1.0,1.0,0.9193257048702019,0.9307894383188715,71289.49407788942,0.5,29532.42367233309,5.063636363636363,0.07189959814368772,8699.657790930069,1.0,0.23561967435712172,0.23563405631856696,0.12329058252846697,2024-11-02,charles jourdain,victor henry,1.0,0.6000615363765666,0.3999384636234334,100.0,-120.0,1.8333333333333333,2.0,0.23561967435712172
192,0.05354092133819353,-0.004048621742482883,1.438709245627642,1.4,0,1.4,0.7113938416125123,0.7113938416125123,0,-250,True,4834.611299937432,3.3,0.4947680083211754,4834.611299937432,0.0,1.0,1.0,0.9193257048702019,0.9307894383188715,71289.49407788942,0.5,29532.42367233309,5.063636363636363,0.07189959814368772,0.0,0.0,0.0,0.05354092133819353,0.016326368431893057,2024-11-02,jack shore,youssef zalal,0.0,0.2886061583874876,0.7113938416125123,200.0,-250.0,1.4,3.0,0.0
193,0.0,-0.07693789143957996,1.833507489076173,1.7692307692307692,0,1.7692307692307692,0.5217307570124113,0.5217307570124113,0,-130,True,4834.611299937432,3.3,0.4947680083211754,4834.611299937432,0.0,1.0,1.0,0.9193257048702019,0.9307894383188715,71289.49407788942,0.5,29532.42367233309,5.063636363636363,0.07189959814368772,0.0,0.0,0.0,0.0,-0.0236719784320224,2024-11-02,chad anheliger,cody gibson,0.0,0.4782692429875886,0.5217307570124113,110.0,-130.0,1.7692307692307692,2.1,0.0
194,0.17802658185189116,0.08092529611445143,1.6122342839525097,1.5714285714285714,1,1.5714285714285714,0.6878615520728327,0.6878615520728327,1,-175,True,5443.266153882025,0.9455782312925167,0.12758698616414121,5443.266153882025,0.0,1.0,1.0,0.5925406131757177,0.2752138664773416,90909.35138227892,1.0,14176.59115050747,1.2443064182194614,0.04905965849790783,7251.800188304154,0.5714285714285714,0.17801571597165117,0.17802658185189116,0.06760430413215057,2024-11-09,tresean gore,antonio trocoli,1.0,0.6878615520728327,0.3121384479271673,-175.0,150.0,2.5,1.5714285714285714,0.17801571597165117
195,0.08982176401788412,0.016537212912160815,1.4711761418400602,1.434782608695652,0,1.434782608695652,0.7084956332418091,0.7084956332418091,0,-230,True,5443.266153882025,0.9455782312925167,0.12758698616414121,5443.266153882025,0.0,1.0,1.0,0.5925406131757177,0.2752138664773416,90909.35138227892,1.0,14176.59115050747,1.2443064182194614,0.04905965849790783,2783.894471593856,0.4347826086956521,0.08981628173248264,0.08982176401788412,0.028767372593659135,2024-11-09,cody stamann,damon blackshear,0.0,0.2915043667581908,0.7084956332418091,190.0,-230.0,1.434782608695652,2.9,0.08981628173248264
196,0.0,-0.20782218779584066,1.5937085141648666,1.5555555555555556,0,1.5555555555555556,0.5092571649883881,0.5092571649883881,0,-180,True,5443.266153882025,0.9455782312925167,0.12758698616414121,5443.266153882025,0.0,1.0,1.0,0.5925406131757177,0.2752138664773416,90909.35138227892,1.0,14176.59115050747,1.2443064182194614,0.04905965849790783,0.0,0.0,0.0,0.0,-0.11821014858370438,2024-11-09,matthew semelsberger,charles radtke,0.0,0.4907428350116119,0.5092571649883881,155.0,-180.0,1.5555555555555556,2.55,0.0
197,0.0,-0.10401665184062622,1.1865185721526974,1.1666666666666667,0,1.1666666666666667,0.7679857269937489,0.7679857269937489,0,-600,True,5443.266153882025,0.9455782312925167,0.12758698616414121,5443.266153882025,0.0,1.0,1.0,0.5925406131757177,0.2752138664773416,90909.35138227892,1.0,14176.59115050747,1.2443064182194614,0.04905965849790783,0.0,0.0,0.0,0.0,-0.07481608283018226,2024-11-09,neil magny,carlos prates,0.0,0.232014273006251,0.7679857269937489,430.0,-600.0,1.1666666666666667,5.3,0.0
198,0.24397461448471164,0.04316828389290392,1.2630222332353689,1.238095238095238,0,1.238095238095238,0.842558998528884,0.842558998528884,0,-420,True,5443.266153882025,0.9455782312925167,0.12758698616414121,5443.266153882025,0.0,1.0,1.0,0.5925406131757177,0.2752138664773416,90909.35138227892,1.0,14176.59115050747,1.2443064182194614,0.04905965849790783,4140.896490609458,0.23809523809523792,0.24395972345599554,0.24397461448471164,0.05080729876791379,2024-11-09,karolina kowalkiewicz,denise gomes,0.0,0.1574410014711159,0.842558998528884,320.0,-420.0,1.238095238095238,4.2,0.24395972345599554
199,0.0,-0.04075250114202522,1.4494886688164816,1.4166666666666667,0,1.4166666666666667,0.6771158815468057,0.6771158815468057,0,-240,True,5443.266153882025,0.9455782312925167,0.12758698616414121,5443.266153882025,0.0,1.0,1.0,0.5925406131757177,0.2752138664773416,90909.35138227892,1.0,14176.59115050747,1.2443064182194614,0.04905965849790783,0.0,0.0,0.0,0.0,-0.012782578174516224,2024-11-09,luana pinheiro,gillian robertson,0.0,0.3228841184531943,0.6771158815468057,200.0,-240.0,1.4166666666666667,3.0,0.0
200,0.264045388473057,0.1127920143174827,1.5483139104311472,1.5050505050505052,1,1.5050505050505052,0.7393718752847703,0.7393718752847703,1,-198,True,-3153.4219105241405,-1.0,0.263191497624363,-3153.4219105241405,0.0,1.0,0.910074974957465,1.0,-0.029263035324893664,88249.06782141613,0.6,493.13834966134164,-1.0494889152607272,0.07405836105549232,11032.466572862926,0.5050505050505052,0.24028643348704745,0.264045388473057,0.09350801443400936,2024-11-16,charles oliveira,michael chandler,1.0,0.7393718752847703,0.2606281247152296,-198.0,164.0,2.64,1.5050505050505052,0.24028643348704745
201,0.0,-0.17033364911623602,1.159379076696642,1.1428571428571428,1,1.1428571428571428,0.7259580570232935,0.7259580570232935,1,-700,True,-3153.4219105241405,-1.0,0.263191497624363,-3153.4219105241405,0.0,1.0,0.910074974957465,1.0,-0.029263035324893664,88249.06782141613,0.6,493.13834966134164,-1.0494889152607272,0.07405836105549232,0.0,0.0,0.0,0.0,-0.13657260279268957,2024-11-16,mauricio ruffy,james llontop,1.0,0.7259580570232935,0.2740419429767065,-700.0,500.0,6.0,1.1428571428571428,0.0
202,0.0,-0.06778951433664704,1.4711761418400602,1.434782608695652,0,1.434782608695652,0.6497224597047612,0.6497224597047612,0,-230,True,-3153.4219105241405,-1.0,0.263191497624363,-3153.4219105241405,0.0,1.0,0.910074974957465,1.0,-0.029263035324893664,88249.06782141613,0.6,493.13834966134164,-1.0494889152607272,0.07405836105549232,0.0,0.0,0.0,0.0,-0.030005800943388783,2024-11-16,viviane araujo,karine silva,1.0,0.3502775402952388,0.6497224597047612,190.0,-230.0,1.434782608695652,2.9,-0.0
203,0.13760099455554037,0.12584789153387876,2.3626743980633664,2.24,1,2.24,0.5026106658633387,0.5026106658633387,1,124,True,-3153.4219105241405,-1.0,0.263191497624363,-3153.4219105241405,0.0,1.0,0.910074974957465,1.0,-0.029263035324893664,88249.06782141613,0.6,493.13834966134164,-1.0494889152607272,0.07405836105549232,-11383.630653725884,-1.0,0.12521957841121403,0.13760099455554037,0.07936148653516778,2024-11-16,jonathan martinez,marcus mcghee,0.0,0.5026106658633387,0.4973893341366613,124.0,-148.0,1.6756756756756757,2.24,-0.12521957841121403
204,0.3953886819217829,0.11938583667708463,1.3655989198669296,1.3355704697986577,1,1.3355704697986577,0.8381331138938976,0.8381331138938976,1,-298,True,-3153.4219105241405,-1.0,0.263191497624363,-3153.4219105241405,0.0,1.0,0.910074974957465,1.0,-0.029263035324893664,88249.06782141613,0.6,493.13834966134164,-1.0494889152607272,0.07405836105549232,10976.583686620015,0.3355704697986577,0.35981138231400794,0.3953886819217829,0.10585368290442032,2024-11-16,jon jones,stipe miocic,1.0,0.8381331138938976,0.1618668861061024,-298.0,240.0,3.4,1.3355704697986577,0.35981138231400794
205,0.127264896457106,0.002297612742863081,1.124955347174733,1.10989010989011,1,1.10989010989011,0.9030602253425796,0.9030602253425796,1,-910,True,-3153.4219105241405,-1.0,0.263191497624363,-3153.4219105241405,0.0,1.0,0.910074974957465,1.0,-0.029263035324893664,88249.06782141613,0.6,493.13834966134164,-1.0494889152607272,0.07405836105549232,1156.981619954154,0.10989010989010994,0.11581352832790241,0.127264896457106,0.014136053808617599,2024-11-16,bo nickal,paul craig,1.0,0.9030602253425796,0.0969397746574203,-910.0,600.0,7.0,1.10989010989011,0.11581352832790241
206,0.020242088755698925,-0.018776240515514908,1.833507489076173,1.7692307692307692,1,1.7692307692307692,0.5546047336216655,0.5546047336216655,1,-130,True,-3153.4219105241405,-1.0,0.263191497624363,-3153.4219105241405,0.0,1.0,0.910074974957465,1.0,-0.029263035324893664,88249.06782141613,0.6,493.13834966134164,-1.0494889152607272,0.07405836105549232,0.0,0.0,0.0,0.020242088755698925,0.009201998177231774,2024-11-16,marcin tybura,jhonata diniz,1.0,0.5546047336216655,0.4453952663783345,-130.0,110.0,2.1,1.7692307692307692,0.0
207,0.0,-0.08639565819849448,1.7743810065269998,1.7142857142857144,1,1.7142857142857144,0.5329358660508782,0.5329358660508782,1,-140,True,-3153.4219105241405,-1.0,0.263191497624363,-3153.4219105241405,0.0,1.0,0.910074974957465,1.0,-0.029263035324893664,88249.06782141613,0.6,493.13834966134164,-1.0494889152607272,0.07405836105549232,0.0,0.0,0.0,0.0,-0.03064095105972786,2024-11-16,jim miller,damon jackson,1.0,0.5329358660508782,0.4670641339491218,-140.0,118.0,2.18,1.7142857142857144,0.0
208,0.0,-0.04976761982681194,1.7623116088586497,1.704225352112676,0,1.704225352112676,0.55757437183716,0.55757437183716,0,-142,True,-3153.4219105241405,-1.0,0.263191497624363,-3153.4219105241405,0.0,1.0,0.910074974957465,1.0,-0.029263035324893664,88249.06782141613,0.6,493.13834966134164,-1.0494889152607272,0.07405836105549232,0.0,0.0,0.0,0.0,-0.00986216717970767,2024-11-16,bassil hafez,oban elliott,0.0,0.4424256281628401,0.55757437183716,120.0,-142.0,1.704225352112676,2.2,0.0
209,0.0,-0.07235709498265092,1.8028722235982924,1.7407407407407407,1,1.7407407407407407,0.5329012433078388,0.5329012433078388,1,-135,True,-3153.4219105241405,-1.0,0.263191497624363,-3153.4219105241405,0.0,1.0,0.910074974957465,1.0,-0.029263035324893664,88249.06782141613,0.6,493.13834966134164,-1.0494889152607272,0.07405836105549232,0.0,0.0,0.0,0.0,-0.021769235781429863,2024-11-16,veronica hardy,eduarda moura,0.0,0.5329012433078388,0.4670987566921611,-135.0,114.0,2.14,1.7407407407407407,-0.0
210,0.1364603127768351,0.12199126287243345,2.31179951660086,2.2,1,2.2,0.5099960285783788,0.5099960285783788,1,120,True,-3153.4219105241405,-1.0,0.263191497624363,-3153.4219105241405,0.0,1.0,0.910074974957465,1.0,-0.029263035324893664,88249.06782141613,0.6,493.13834966134164,-1.0494889152607272,0.07405836105549232,-11289.26287604987,-1.0,0.12418153583098274,0.1364603127768351,0.07743256759524658,2024-11-16,mickey gall,ramiz brahimaj,0.0,0.5099960285783788,0.4900039714216212,120.0,-142.0,1.704225352112676,2.2,-0.12418153583098274
211,0.0,-0.05634243224373925,1.4322536809780964,1.3846153846153846,1,1.3846153846153846,0.6815304656017439,0.6815304656017439,1,-260,True,0.0,0.0,-0.08157346541329547,0.0,0.0,1.0,1.0,0.0,0.0,88249.06782141613,0.0,0.0,0.0,,0.0,0.0,0.0,0.0,-0.016669869493288192,2024-11-23,petr yan,deiveson figueiredo,1.0,0.6815304656017439,0.3184695343982561,-260.0,196.0,2.96,1.3846153846153846,0.0
212,0.006798513254840124,-0.026737488292016942,1.4192308316056526,1.3773584905660377,0,1.3773584905660377,0.7066152482263439,0.7066152482263439,0,-265,True,0.0,0.0,-0.08157346541329547,0.0,0.0,1.0,1.0,0.0,0.0,88249.06782141613,0.0,0.0,0.0,,0.0,0.0,0.0,0.006798513254840124,0.002008233123208081,2024-11-23,volkan oezdemir,carlos ulberg,0.0,0.2933847517736561,0.7066152482263439,205.0,-265.0,1.3773584905660377,3.05,0.0
213,0.0,-0.092642964898493,1.2133475112696448,1.1821493624772312,1,1.1821493624772312,0.7675485551166832,0.7675485551166832,1,-549,True,0.0,0.0,-0.08157346541329547,0.0,0.0,1.0,1.0,0.0,0.0,88249.06782141613,0.0,0.0,0.0,,0.0,0.0,0.0,0.0,-0.05661763858457691,2024-11-23,wang cong,gabriella fernandes,0.0,0.7675485551166832,0.2324514448833168,-549.0,350.0,4.5,1.1821493624772312,-0.0
214,0.14232277420780826,0.021033717546733555,1.414293077175543,1.3636363636363638,1,1.3636363636363638,0.7487580595342712,0.7487580595342712,1,-275,True,-2941.741105698821,-1.0,0.3511566815849989,-2941.741105698821,0.0,1.0,0.5999028501156642,1.0000000000000002,0.055743446797154234,93168.3750384177,0.75,7861.048322700386,0.8731910088061801,0.06740893081589651,2739.7204447001304,0.36363636363636376,0.08537462671188649,0.14232277420780826,0.04169103351369541,2024-12-07,dominick reyes,anthony smith,1.0,0.7487580595342712,0.2512419404657288,-275.0,200.0,3.0,1.3636363636363638,0.08537462671188649
215,0.17172005491169354,0.032010754428739185,1.4648660950833083,1.4,0,1.4,0.7371505388776709,0.7371505388776709,0,-250,True,-2941.741105698821,-1.0,0.3511566815849989,-2941.741105698821,0.0,1.0,0.5999028501156642,1.0000000000000002,0.055743446797154234,93168.3750384177,0.75,7861.048322700386,0.8731910088061801,0.06740893081589651,-9090.453769746413,-1.0,0.10300906280553775,0.17172005491169354,0.05449428561574454,2024-12-07,vicente luque,themba gorimbo,1.0,0.2628494611223291,0.7371505388776709,175.0,-250.0,1.4,2.75,-0.10300906280553775
216,0.0,-0.06636082550553368,1.220199687844557,1.2,1,1.2,0.7780326454120553,0.7780326454120553,1,-500,True,-2941.741105698821,-1.0,0.3511566815849989,-2941.741105698821,0.0,1.0,0.5999028501156642,1.0000000000000002,0.055743446797154234,93168.3750384177,0.75,7861.048322700386,0.8731910088061801,0.06740893081589651,0.0,0.0,0.0,0.0,-0.04150534493644864,2024-12-07,kennedy nzechukwu,lukasz brzeski,1.0,0.7780326454120553,0.2219673545879447,-500.0,380.0,4.8,1.2,0.0
217,0.0,-0.05596437298056134,1.3890415615122518,1.3448275862068966,1,1.3448275862068966,0.7019752098349672,0.7019752098349672,1,-290,True,-2941.741105698821,-1.0,0.3511566815849989,-2941.741105698821,0.0,1.0,0.5999028501156642,1.0000000000000002,0.055743446797154234,93168.3750384177,0.75,7861.048322700386,0.8731910088061801,0.06740893081589651,0.0,0.0,0.0,0.0,-0.01794565337613674,2024-12-07,shavkat rakhmonov,ian machado garry,1.0,0.7019752098349672,0.2980247901650328,-290.0,215.0,3.15,1.3448275862068966,0.0
218,0.0,-0.03149313814330079,1.4615913232450588,1.4166666666666667,1,1.4166666666666667,0.6836519024870817,0.6836519024870817,1,-240,True,-2941.741105698821,-1.0,0.3511566815849989,-2941.741105698821,0.0,1.0,0.5999028501156642,1.0000000000000002,0.055743446797154234,93168.3750384177,0.75,7861.048322700386,0.8731910088061801,0.06740893081589651,0.0,0.0,0.0,0.0,-0.0005338778306180902,2024-12-07,ciryl gane,alexander volkov,1.0,0.6836519024870817,0.3163480975129182,-240.0,188.0,2.88,1.4166666666666667,0.0
219,0.22991966069489875,0.03323570525107453,1.220199687844557,1.2,1,1.2,0.8610297543758955,0.8610297543758955,1,-500,True,-2941.741105698821,-1.0,0.3511566815849989,-2941.741105698821,0.0,1.0,0.5999028501156642,1.0000000000000002,0.055743446797154234,93168.3750384177,0.75,7861.048322700386,0.8731910088061801,0.06740893081589651,2434.2806638136376,0.19999999999999996,0.13792104120236898,0.22991966069489875,0.04149176402739152,2024-12-07,bryce mitchell,kron gracie,1.0,0.8610297543758955,0.1389702456241045,-500.0,380.0,4.8,1.2,0.13792104120236898
220,0.0,-0.08434974049270227,1.7070898936730217,1.6134969325153374,1,1.6134969325153374,0.5674942672991997,0.5674942672991997,1,-163,True,-2941.741105698821,-1.0,0.3511566815849989,-2941.741105698821,0.0,1.0,0.5999028501156642,1.0000000000000002,0.055743446797154234,93168.3750384177,0.75,7861.048322700386,0.8731910088061801,0.06740893081589651,0.0,0.0,0.0,0.0,-0.018297965263534555,2024-12-07,nate landwehr,dooho choi,0.0,0.5674942672991997,0.4325057327008003,-163.0,120.0,2.2,1.6134969325153374,-0.0
221,0.09720208371934447,0.009542248985597857,1.606960527582149,1.5319148936170213,0,1.5319148936170213,0.6590067458655986,0.6590067458655986,0,-188,True,-2941.741105698821,-1.0,0.3511566815849989,-2941.741105698821,0.0,1.0,0.5999028501156642,1.0000000000000002,0.055743446797154234,93168.3750384177,0.75,7861.048322700386,0.8731910088061801,0.06740893081589651,2737.047091187058,0.5319148936170213,0.058308247990160995,0.09720208371934447,0.03671392483121305,2024-12-07,cody durden,joshua van,0.0,0.3409932541344014,0.6590067458655986,140.0,-188.0,1.5319148936170213,2.4,0.058308247990160995
222,0.1714127233985644,0.13216402060645227,2.4142473382068004,2.2,1,2.2,0.5146200093665692,0.5146200093665692,1,120,True,-2941.741105698821,-1.0,0.3511566815849989,-2941.741105698821,0.0,1.0,0.5999028501156642,1.0000000000000002,0.055743446797154234,93168.3750384177,0.75,7861.048322700386,0.8731910088061801,0.06740893081589651,10889.021239148486,1.2000000000000002,0.10282470500787501,0.1714127233985644,0.10041224192930348,2024-12-07,michael chiesa,max griffin,1.0,0.5146200093665692,0.4853799906334308,120.0,-163.0,1.6134969325153374,2.2,0.10282470500787501
223,0.3642086118118208,0.13794020246484512,1.482372512006592,1.434782608695652,1,1.434782608695652,0.7931098380815588,0.7931098380815588,1,-230,True,-2941.741105698821,-1.0,0.3511566815849989,-2941.741105698821,0.0,1.0,0.5999028501156642,1.0000000000000002,0.055743446797154234,93168.3750384177,0.75,7861.048322700386,0.8731910088061801,0.06740893081589651,8382.757799609555,0.4347826086956521,0.2184764487044594,0.3642086118118208,0.11851556983898015,2024-12-07,movsar evloev,aljamain sterling,1.0,0.7931098380815588,0.2068901619184412,-230.0,180.0,2.8,1.434782608695652,0.2184764487044594
224,0.21123478639665605,0.0189359617438207,1.159379076696642,1.1428571428571428,0,1.1428571428571428,0.8915689665258432,0.8915689665258432,0,-700,True,-2941.741105698821,-1.0,0.3511566815849989,-2941.741105698821,0.0,1.0,0.5999028501156642,1.0000000000000002,0.055743446797154234,93168.3750384177,0.75,7861.048322700386,0.8731910088061801,0.06740893081589651,1597.4671776843222,0.1428571428571428,0.1267126160065406,0.21123478639665605,0.029038306709860073,2024-12-07,clay guida,chase hooper,0.0,0.1084310334741568,0.8915689665258432,500.0,-700.0,1.1428571428571428,6.0,0.1267126160065406
225,0.0,-0.058273429610367244,1.4648660950833083,1.4,0,1.4,0.6726618359925949,0.6726618359925949,0,-250,True,-2941.741105698821,-1.0,0.3511566815849989,-2941.741105698821,0.0,1.0,0.5999028501156642,1.0000000000000002,0.055743446797154234,93168.3750384177,0.75,7861.048322700386,0.8731910088061801,0.06740893081589651,0.0,0.0,0.0,0.0,-0.00999441726933148,2024-12-07,randy brown,bryan battle,0.0,0.327338164007405,0.6726618359925949,175.0,-250.0,1.4,2.75,0.0
226,0.22344768686072156,0.18737054781816687,2.097443210264446,2.0,1,2.0,0.5936852739090834,0.5936852739090834,1,100,True,-2941.741105698821,-1.0,0.3511566815849989,-2941.741105698821,0.0,1.0,0.5999028501156642,1.0000000000000002,0.055743446797154234,93168.3750384177,0.75,7861.048322700386,0.8731910088061801,0.06740893081589651,-11828.792323696387,-1.0,0.13403872262575667,0.22344768686072156,0.11691432006098385,2024-12-07,chris weidman,eryk anders,0.0,0.5936852739090834,0.4063147260909165,100.0,-120.0,1.8333333333333333,2.0,-0.13403872262575667
227,0.08948472373999436,0.0055535027732899755,1.771956645840295,1.6666666666666663,0,1.6666666666666663,0.6033321016639741,0.6033321016639741,0,-150,True,-3783.428441541294,-1.0,0.2956268501453203,-3783.428441541294,0.0,1.0,0.6982267514429114,1.0,-0.08648864446945342,85110.36857392329,1.0,-4274.578022953114,1.6530136530136526,0.0733242953372251,3880.57551966454,0.6666666666666663,0.062476814445852444,0.08948472373999436,0.03898420841979078,2024-12-14,adrian yanez,daniel marcos,0.0,0.3966678983360258,0.6033321016639741,110.0,-150.0,1.6666666666666663,2.1,0.062476814445852444
228,0.4847104809780012,0.18162100677050452,1.4341303401610936,1.4,1,1.4,0.8440150048360747,0.8440150048360747,1,-250,True,-3783.428441541294,-1.0,0.2956268501453203,-3783.428441541294,0.0,1.0,0.6982267514429114,1.0,-0.08648864446945342,85110.36857392329,1.0,-4274.578022953114,1.6530136530136526,0.0733242953372251,-31529.777620032728,-1.0,0.3384171679181001,0.4847104809780012,0.14672831338537184,2024-12-14,vitor petrino,dustin jacoby,0.0,0.8440150048360747,0.1559849951639252,-250.0,205.0,3.05,1.4,-0.3384171679181001
229,0.14311345935457273,0.09648258005027,2.0475207221076914,1.9523809523809523,0,1.9523809523809523,0.5616130288062359,0.5616130288062359,0,-105,True,-3783.428441541294,-1.0,0.2956268501453203,-3783.428441541294,0.0,1.0,0.6982267514429114,1.0,-0.08648864446945342,85110.36857392329,1.0,-4274.578022953114,1.6530136530136526,0.0733242953372251,8866.039822131552,0.9523809523809523,0.09991954683549488,0.14311345935457273,0.07321748330444827,2024-12-14,colby covington,joaquin buckley,0.0,0.4383869711937641,0.5616130288062359,-115.0,-105.0,1.9523809523809523,1.869565217391304,0.09991954683549488
230,0.0,-0.07701289782477683,1.771956645840295,1.6666666666666663,0,1.6666666666666663,0.553792261305134,0.553792261305134,0,-150,True,-3783.428441541294,-1.0,0.2956268501453203,-3783.428441541294,0.0,1.0,0.6982267514429114,1.0,-0.08648864446945342,85110.36857392329,1.0,-4274.578022953114,1.6530136530136526,0.0733242953372251,0.0,0.0,0.0,0.0,-0.010555631939049293,2024-12-14,cub swanson,billy quarantillo,1.0,0.4462077386948659,0.553792261305134,110.0,-150.0,1.6666666666666663,2.1,-0.0
231,0.2606538099618254,0.08194822813922836,1.4197630048219514,1.3846153846153846,1,1.3846153846153846,0.7814070536561094,0.7814070536561094,1,-260,True,-3783.428441541294,-1.0,0.2956268501453203,-3783.428441541294,0.0,1.0,0.6982267514429114,1.0,-0.08648864446945342,85110.36857392329,1.0,-4274.578022953114,1.6530136530136526,0.0733242953372251,6521.2256248691565,0.3846153846153846,0.1819843548593435,0.2606538099618254,0.0770641481122315,2024-12-14,manel kape,bruno silva,1.0,0.7814070536561094,0.2185929463438906,-260.0,210.0,3.1,1.3846153846153846,0.1819843548593435
232,0.12321929218298064,0.013402754179149157,1.414293077175543,1.3636363636363638,1,1.3636363636363638,0.743162019731376,0.743162019731376,1,-275,True,-3783.428441541294,-1.0,0.2956268501453203,-3783.428441541294,0.0,1.0,0.6982267514429114,1.0,-0.08648864446945342,85110.36857392329,1.0,-4274.578022953114,1.6530136530136526,0.0733242953372251,2914.637262668479,0.36363636363636376,0.08602975493597745,0.12321929218298064,0.03609499371080016,2024-12-14,joel alvarez,drakkar klose,1.0,0.743162019731376,0.256837980268624,-275.0,200.0,3.0,1.3636363636363638,0.08602975493597745
233,0.04852819043625502,-0.000219659656546356,1.5845925423713896,1.5405405405405406,1,1.5405405405405406,0.648980220924698,0.648980220924698,1,-185,True,-3783.428441541294,-1.0,0.2956268501453203,-3783.428441541294,0.0,1.0,0.6982267514429114,1.0,-0.08648864446945342,85110.36857392329,1.0,-4274.578022953114,1.6530136530136526,0.0733242953372251,0.0,0.0,0.0,0.04852819043625502,0.017903162778589055,2024-12-14,sean woodson,fernando padilla,1.0,0.648980220924698,0.351019779075302,-185.0,155.0,2.55,1.5405405405405406,0.0
234,0.0,-0.06396065318539362,1.438709245627642,1.4,0,1.4,0.6685995334390046,0.6685995334390046,0,-250,True,-3783.428441541294,-1.0,0.2956268501453203,-3783.428441541294,0.0,1.0,0.6982267514429114,1.0,-0.08648864446945342,85110.36857392329,1.0,-4274.578022953114,1.6530136530136526,0.0733242953372251,0.0,0.0,0.0,0.0,-0.026467939741614654,2024-12-14,miles johns,felipe lima,0.0,0.3314004665609954,0.6685995334390046,200.0,-250.0,1.4,3.0,0.0
235,0.2729421169031162,0.05331480285430784,1.3308699435100788,1.2857142857142856,1,1.2857142857142856,0.8192448466644617,0.8192448466644617,1,-350,True,-3783.428441541294,-1.0,0.2956268501453203,-3783.428441541294,0.0,1.0,0.6982267514429114,1.0,-0.08648864446945342,85110.36857392329,1.0,-4274.578022953114,1.6530136530136526,0.0733242953372251,5072.721367745888,0.2857142857142856,0.19056385581255003,0.2729421169031162,0.06785662509070811,2024-12-14,miranda maverick,jamey lyn horth,1.0,0.8192448466644617,0.1807551533355382,-350.0,240.0,3.4,1.2857142857142856,0.19056385581255003
236,0.0,-0.06931901582006084,1.5675912773046496,1.5,1,1.5,0.6204539894532928,0.6204539894532928,1,-200,True,-3783.428441541294,-1.0,0.2956268501453203,-3783.428441541294,0.0,1.0,0.6982267514429114,1.0,-0.08648864446945342,85110.36857392329,1.0,-4274.578022953114,1.6530136530136526,0.0733242953372251,0.0,0.0,0.0,0.0,-0.017467396355526965,2024-12-14,michael johnson,ottman azaitar,1.0,0.6204539894532928,0.3795460105467072,-200.0,150.0,2.5,1.5,0.0
237,0.12578912111080442,0.033271527722410876,1.4828375314494842,1.4444444444444444,0,1.4444444444444444,0.715341826884746,0.715341826884746,0,-225,True,4899.688913042462,0.7843137254901962,0.0575721626715644,4899.688913042462,0.0,1.0,1.0,0.562519738123357,0.1190986546247029,95246.89896569014,1.0,5236.841478724395,0.0797385620915032,0.034917426724819095,4757.913342436892,0.4444444444444444,0.12578144355214288,0.12578912111080442,0.04095911212941272,2025-01-11,chris curtis,roman kopylov,0.0,0.2846581731152539,0.715341826884746,185.0,-225.0,1.4444444444444444,2.85,0.12578144355214288
238,0.0,-0.14962580152859678,1.6641861705253018,1.606060606060606,0,1.606060606060606,0.5294782745199303,0.5294782745199303,0,-165,True,4899.688913042462,0.7843137254901962,0.0575721626715644,4899.688913042462,0.0,1.0,1.0,0.562519738123357,0.1190986546247029,95246.89896569014,1.0,5236.841478724395,0.0797385620915032,0.034917426724819095,0.0,0.0,0.0,0.0,-0.07141603508988281,2025-01-11,punahele soriano,uros medic,1.0,0.4705217254800696,0.5294782745199303,135.0,-165.0,1.606060606060606,2.35,-0.0
239,0.0,-0.06050445145254313,1.2977815434665776,1.2666666666666666,1,1.2666666666666666,0.7417070120111502,0.7417070120111502,1,-375,True,4899.688913042462,0.7843137254901962,0.0575721626715644,4899.688913042462,0.0,1.0,1.0,0.562519738123357,0.1190986546247029,95246.89896569014,1.0,5236.841478724395,0.0797385620915032,0.034917426724819095,0.0,0.0,0.0,0.0,-0.028838697345174524,2025-01-11,fatima kline,viktoriia dudakova,1.0,0.7417070120111502,0.2582929879888498,-375.0,280.0,3.8,1.2666666666666666,0.0
240,0.0,-0.05573421886705443,1.6530343331361326,1.606060606060606,1,1.606060606060606,0.5879390712714567,0.5879390712714567,1,-165,True,4899.688913042462,0.7843137254901962,0.0575721626715644,4899.688913042462,0.0,1.0,1.0,0.562519738123357,0.1190986546247029,95246.89896569014,1.0,5236.841478724395,0.0797385620915032,0.034917426724819095,0.0,0.0,0.0,0.0,-0.017009041392847424,2025-01-11,thiago moises,trey ogden,1.0,0.5879390712714567,0.4120609287285433,-165.0,140.0,2.4,1.606060606060606,0.0
241,0.08049550650720162,0.014776725191983864,1.514999428614204,1.4761904761904765,1,1.4761904761904765,0.6874293944848922,0.6874293944848922,1,-210,True,4899.688913042462,0.7843137254901962,0.0575721626715644,4899.688913042462,0.0,1.0,1.0,0.562519738123357,0.1190986546247029,95246.89896569014,1.0,5236.841478724395,0.0797385620915032,0.034917426724819095,-6850.5840753811535,-1.0,0.08049059345138453,0.08049550650720162,0.027363138938698794,2025-01-11,jose johnson,felipe bunes,0.0,0.6874293944848922,0.3125706055151078,-210.0,175.0,2.75,1.4761904761904765,-0.08049059345138453
242,0.018738878387875198,-0.016527275069291525,1.6530343331361326,1.606060606060606,0,1.606060606060606,0.6123509419379883,0.6123509419379883,0,-165,True,4899.688913042462,0.7843137254901962,0.0575721626715644,4899.688913042462,0.0,1.0,1.0,0.562519738123357,0.1190986546247029,95246.89896569014,1.0,5236.841478724395,0.0797385620915032,0.034917426724819095,0.0,0.0,0.0,0.018738878387875198,0.007402829273684186,2025-01-11,mackenzie dern,amanda ribas,1.0,0.3876490580620116,0.6123509419379883,140.0,-165.0,1.606060606060606,2.4,-0.0
243,0.0,-0.09595743267750917,1.8261647806963728,1.7246376811594204,0,1.7246376811594204,0.5241927491197635,0.5241927491197635,0,-138,True,4899.688913042462,0.7843137254901962,0.0575721626715644,4899.688913042462,0.0,1.0,1.0,0.562519738123357,0.1190986546247029,95246.89896569014,1.0,5236.841478724395,0.0797385620915032,0.034917426724819095,0.0,0.0,0.0,0.0,-0.02340296106509132,2025-01-11,santiago ponzinibbio,carlston harris,1.0,0.4758072508802365,0.5241927491197635,105.0,-138.0,1.7246376811594204,2.05,-0.0
244,0.16406811356171888,0.02351815016399239,1.2579972682315694,1.2352941176470589,1,1.2352941176470589,0.8285623120375176,0.8285623120375176,1,-425,True,4899.688913042462,0.7843137254901962,0.0575721626715644,4899.688913042462,0.0,1.0,1.0,0.562519738123357,0.1190986546247029,95246.89896569014,1.0,5236.841478724395,0.0797385620915032,0.034917426724819095,3285.422430069016,0.23529411764705888,0.164058099638772,0.16406811356171888,0.03364802624916241,2025-01-11,nurullo aliev,joe solecki,1.0,0.8285623120375176,0.1714376879624823,-425.0,330.0,4.3,1.2352941176470589,0.164058099638772
245,0.11879682511317455,0.008497955981500271,1.4648660950833083,1.4,1,1.4,0.7203556828439288,0.7203556828439288,1,-250,True,4899.688913042462,0.7843137254901962,0.0575721626715644,4899.688913042462,0.0,1.0,1.0,0.562519738123357,0.1190986546247029,95246.89896569014,1.0,5236.841478724395,0.0797385620915032,0.034917426724819095,4044.0897815996395,0.3999999999999999,0.11878957433039176,0.11879682511317455,0.03769942958200245,2025-01-11,cesar almeida,abdul razak alhassan,1.0,0.7203556828439288,0.2796443171560712,-250.0,175.0,2.75,1.4,0.11878957433039176
246,0.15847026071965303,0.15280935224069336,2.3626743980633664,2.24,0,2.24,0.5146470322503095,0.5146470322503095,0,124,True,7083.341102773953,1.9916778523489933,0.2998945216303297,7083.341102773953,0.0,1.0,0.6939238570232092,1.0,0.36936393672377177,130427.6685283888,0.8333333333333334,28097.428459924697,1.6118023538566288,0.06535293801418988,12986.903490822582,1.2400000000000002,0.1099595827320856,0.15847026071965303,0.09139785292213859,2025-01-18,kevin holland,reinier de ridder,0.0,0.4853529677496905,0.5146470322503095,-148.0,124.0,2.24,1.6756756756756757,0.1099595827320856
247,0.0,-0.16837360617807573,1.6380879829434138,1.5882352941176472,0,1.5882352941176472,0.5236166183323226,0.5236166183323226,0,-170,True,7083.341102773953,1.9916778523489933,0.2998945216303297,7083.341102773953,0.0,1.0,0.6939238570232092,1.0,0.36936393672377177,130427.6685283888,0.8333333333333334,28097.428459924697,1.6118023538566288,0.06535293801418988,0.0,0.0,0.0,0.0,-0.08685120171916239,2025-01-18,merab dvalishvili,umar nurmagomedov,1.0,0.4763833816676773,0.5236166183323226,142.0,-170.0,1.5882352941176472,2.42,-0.0
248,0.0045878599816568865,-0.025192514326968618,1.7392002055806677,1.6896551724137931,1,1.6896551724137931,0.5769268792758757,0.5769268792758757,1,-145,True,7083.341102773953,1.9916778523489933,0.2998945216303297,7083.341102773953,0.0,1.0,0.6939238570232092,1.0,0.36936393672377177,130427.6685283888,0.8333333333333334,28097.428459924697,1.6118023538566288,0.06535293801418988,0.0,0.0,0.0,0.0045878599816568865,0.0019499463205754353,2025-01-18,jiri prochazka,jamahal hill,1.0,0.5769268792758757,0.4230731207241243,-145.0,125.0,2.25,1.6896551724137931,0.0
249,0.1587535875648345,0.048212786642357675,1.4711761418400602,1.434782608695652,1,1.434782608695652,0.7305725482658857,0.7305725482658857,1,-230,True,7083.341102773953,1.9916778523489933,0.2998945216303297,7083.341102773953,0.0,1.0,0.6939238570232092,1.0,0.36936393672377177,130427.6685283888,0.8333333333333334,28097.428459924697,1.6118023538566288,0.06535293801418988,4561.754067563916,0.4347826086956521,0.11015617798933747,0.1587535875648345,0.05084428761773574,2025-01-18,jailton almeida,serghei spivac,1.0,0.7305725482658857,0.2694274517341143,-230.0,190.0,2.9,1.434782608695652,0.11015617798933747
250,0.30458152153477347,0.039997667892441746,1.1850120868294405,1.1666666666666667,1,1.1666666666666667,0.8914265724792357,0.8914265724792357,1,-600,True,7083.341102773953,1.9916778523489933,0.2998945216303297,7083.341102773953,0.0,1.0,0.6939238570232092,1.0,0.36936393672377177,130427.6685283888,0.8333333333333334,28097.428459924697,1.6118023538566288,0.06535293801418988,3354.9685784337853,0.16666666666666674,0.21134348403147352,0.30458152153477347,0.04755332332483231,2025-01-18,islam makhachev,renato moicano,1.0,0.8914265724792357,0.1085734275207642,-600.0,440.0,5.4,1.1666666666666667,0.21134348403147352
251,0.05494555993109082,-0.0029209023671399603,1.3161019984219842,1.289855072463768,1,1.289855072463768,0.773016379063678,0.773016379063678,1,-345,True,7083.341102773953,1.9916778523489933,0.2998945216303297,7083.341102773953,0.0,1.0,0.6939238570232092,1.0,0.36936393672377177,130427.6685283888,0.8333333333333334,28097.428459924697,1.6118023538566288,0.06535293801418988,0.0,0.0,0.0,0.05494555993109082,0.013196850486860146,2025-01-18,rinya nakamura,muin gafurov,0.0,0.773016379063678,0.2269836209363219,-345.0,275.0,3.75,1.289855072463768,-0.0
252,0.22002685389776894,0.0763690976979749,1.4711761418400602,1.434782608695652,1,1.434782608695652,0.7501966438501038,0.7501966438501038,1,-230,True,7083.341102773953,1.9916778523489933,0.2998945216303297,7083.341102773953,0.0,1.0,0.6939238570232092,1.0,0.36936393672377177,130427.6685283888,0.8333333333333334,28097.428459924697,1.6118023538566288,0.06535293801418988,6322.429692063036,0.4347826086956521,0.1526725641428301,0.22002685389776894,0.07046838320195381,2025-01-18,tagir ulanbekov,clayton carpenter,1.0,0.7501966438501038,0.2498033561498962,-230.0,190.0,2.9,1.434782608695652,0.1526725641428301
253,0.12719431914033863,0.007686965749102853,1.1850120868294405,1.1666666666666667,1,1.1666666666666667,0.8637316849278024,0.8637316849278024,1,-600,True,7083.341102773953,1.9916778523489933,0.2998945216303297,7083.341102773953,0.0,1.0,0.6939238570232092,1.0,0.36936393672377177,130427.6685283888,0.8333333333333334,28097.428459924697,1.6118023538566288,0.06535293801418988,-8406.280366336583,-1.0,0.08825778537277834,0.12719431914033863,0.019858435773398964,2025-01-18,payton talbott,raoni barcelos,0.0,0.8637316849278024,0.1362683150721976,-600.0,440.0,5.4,1.1666666666666667,-0.08825778537277834
254,0.41832925149908046,0.12758845953474407,1.3655989198669296,1.3355704697986577,1,1.3355704697986577,0.8442747762345572,0.8442747762345572,1,-298,True,7083.341102773953,1.9916778523489933,0.2998945216303297,7083.341102773953,0.0,1.0,0.6939238570232092,1.0,0.36936393672377177,130427.6685283888,0.8333333333333334,28097.428459924697,1.6118023538566288,0.06535293801418988,9277.652997377962,0.3355704697986577,0.2902709298929037,0.41832925149908046,0.11199534524507992,2025-01-18,grant dawson,diego ferreira,1.0,0.8442747762345572,0.1557252237654428,-298.0,240.0,3.4,1.3355704697986577,0.2902709298929037
255,0.0,-0.12067576850362399,1.6380879829434138,1.5882352941176472,1,1.5882352941176472,0.5536485902014219,0.5536485902014219,1,-170,True,7083.341102773953,1.9916778523489933,0.2998945216303297,7083.341102773953,0.0,1.0,0.6939238570232092,1.0,0.36936393672377177,130427.6685283888,0.8333333333333334,28097.428459924697,1.6118023538566288,0.06535293801418988,0.0,0.0,0.0,0.0,-0.05681922985006316,2025-01-18,karol rosa,ailin perez,0.0,0.5536485902014219,0.4463514097985781,-170.0,142.0,2.42,1.5882352941176472,-0.0
256,0.25824839458955073,0.3541141918487626,2.912557352847008,2.64,0,2.64,0.5129220423669555,0.5129220423669555,0,164,True,15864.598012193863,4.28,0.6229965110269635,15864.598012193863,0.0,1.0,0.8446919605296294,1.0000000000000002,0.7749423352802045,231501.59056293085,0.3333333333333333,85209.32402234818,3.4306135531135538,0.0924442179128488,46657.67162316875,1.6400000000000001,0.218127028499574,0.25824839458955073,0.16958116393841371,2025-02-01,israel adesanya,nassourdine imavov,0.0,0.4870779576330445,0.5129220423669555,-215.0,164.0,2.64,1.4651162790697674,0.218127028499574
257,0.16618437984833925,0.1274468968029825,2.097443210264446,2.0,1,2.0,0.5637234484014912,0.5637234484014912,1,100,True,15864.598012193863,4.28,0.6229965110269635,15864.598012193863,0.0,1.0,0.8446919605296294,1.0000000000000002,0.7749423352802045,231501.59056293085,0.3333333333333333,85209.32402234818,3.4306135531135538,0.0924442179128488,-18307.615577392415,-1.0,0.14036604183726242,0.16618437984833925,0.08695249455339166,2025-02-01,shara magomedov,michael page,0.0,0.5637234484014912,0.4362765515985087,100.0,-120.0,1.8333333333333333,2.0,-0.14036604183726242
258,0.18177751766038844,0.02567020588244248,1.241447907924366,1.21978021978022,1,1.21978021978022,0.8408647633811013,0.8408647633811013,1,-455,True,15864.598012193863,4.28,0.6229965110269635,15864.598012193863,0.0,1.0,0.8446919605296294,1.0000000000000002,0.7749423352802045,231501.59056293085,0.3333333333333333,85209.32402234818,3.4306135531135538,0.0924442179128488,4401.192412322059,0.2197802197802201,0.15353663606818685,0.18177751766038844,0.03535371969023382,2025-02-01,terrance mckinney,damir hadzovic,1.0,0.8408647633811013,0.1591352366188987,-455.0,350.0,4.5,1.21978021978022,0.15353663606818685
259,0.005703989505745012,-0.020791914795700694,1.3916858755228505,1.359712230215827,1,1.359712230215827,0.7201583272137441,0.7201583272137441,1,-278,True,15864.598012193863,4.28,0.6229965110269635,15864.598012193863,0.0,1.0,0.8446919605296294,1.0000000000000002,0.7749423352802045,231501.59056293085,0.3333333333333333,85209.32402234818,3.4306135531135538,0.0924442179128488,0.0,0.0,0.0,0.005703989505745012,0.0016053709840889718,2025-02-01,said nurmagomedov,vinicius oliveira,0.0,0.7201583272137441,0.2798416727862559,-278.0,225.0,3.25,1.359712230215827,-0.0
260,0.0,-0.21099205371255159,1.414293077175543,1.3636363636363638,0,1.3636363636363638,0.5786058272774621,0.5786058272774621,0,-275,True,15864.598012193863,4.28,0.6229965110269635,15864.598012193863,0.0,1.0,0.8446919605296294,1.0000000000000002,0.7749423352802045,231501.59056293085,0.3333333333333333,85209.32402234818,3.4306135531135538,0.0924442179128488,0.0,0.0,0.0,0.0,-0.12846119874311368,2025-02-01,fares ziam,mike davis,1.0,0.4213941727225379,0.5786058272774621,200.0,-275.0,1.3636363636363638,3.0,-0.0
261,0.1523335143670785,0.09843401103987803,2.2104122850130463,2.05,1,2.05,0.5358214687999405,0.5358214687999405,1,105,True,15864.598012193863,4.28,0.6229965110269635,15864.598012193863,0.0,1.0,0.8446919605296294,1.0000000000000002,0.7749423352802045,231501.59056293085,0.3333333333333333,85209.32402234818,3.4306135531135538,0.0924442179128488,17620.829311920465,1.0499999999999998,0.12866704121278003,0.1523335143670785,0.08341717898479512,2025-02-01,hamdy abdelwahab,jamal pogues,1.0,0.5358214687999405,0.4641785312000595,105.0,-138.0,1.7246376811594204,2.05,0.12866704121278003
262,0.15759816724313122,0.05870061135290083,1.5642507937703676,1.5208333333333337,1,1.5208333333333337,0.6961319088347839,0.6961319088347839,1,-192,True,15864.598012193863,4.28,0.6229965110269635,15864.598012193863,0.0,1.0,0.8446919605296294,1.0000000000000002,0.7749423352802045,231501.59056293085,0.3333333333333333,85209.32402234818,3.4306135531135538,0.0924442179128488,9042.562469562978,0.5208333333333337,0.13311377974821323,0.15759816724313122,0.05684823131804406,2025-02-01,sergei pavlovich,jairzinho rozenstruik,1.0,0.6961319088347839,0.303868091165216,-192.0,160.0,2.6,1.5208333333333337,0.13311377974821323
263,0.0,-0.12210881381595434,1.291776114176811,1.2666666666666666,1,1.2666666666666666,0.6930719890926677,0.6930719890926677,1,-375,True,15864.598012193863,4.28,0.6229965110269635,15864.598012193863,0.0,1.0,0.8446919605296294,1.0000000000000002,0.7749423352802045,231501.59056293085,0.3333333333333333,85209.32402234818,3.4306135531135538,0.0924442179128488,0.0,0.0,0.0,0.0,-0.0810559646799206,2025-02-01,shamil gaziev,thomas petersen,1.0,0.6930719890926677,0.3069280109073323,-375.0,295.0,3.95,1.2666666666666666,0.0
264,0.23414701437780544,0.19856694568062805,2.097443210264446,2.0,1,2.0,0.599283472840314,0.599283472840314,1,100,True,15864.598012193863,4.28,0.6229965110269635,15864.598012193863,0.0,1.0,0.8446919605296294,1.0000000000000002,0.7749423352802045,231501.59056293085,0.3333333333333333,85209.32402234818,3.4306135531135538,0.0924442179128488,25794.683782766333,1.0,0.19777002896553256,0.23414701437780544,0.12251251899221444,2025-02-01,jasmine jasudavicius,mayra bueno silva,1.0,0.599283472840314,0.400716527159686,100.0,-120.0,1.8333333333333333,2.0,0.19777002896553256
265,0.3848680315078158,0.2744878357695202,1.833507489076173,1.7692307692307692,1,1.7692307692307692,0.7203626897827723,0.7203626897827723,1,-130,True,28264.444740775132,2.856923076923077,0.5471422236143886,28264.444740775132,0.0,1.0,1.0,0.7801168155074246,0.7514257006983098,405457.8354644544,0.6666666666666666,145691.80016074842,2.48686517783292,0.11686550025317287,68532.4025902299,0.7692307692307692,0.3848445410273771,0.3848680315078158,0.17495995433833855,2025-02-08,dricus du plessis,sean strickland,1.0,0.7203626897827723,0.2796373102172277,-130.0,110.0,2.1,1.7692307692307692,0.3848445410273771
266,0.0,-0.0940246594688034,1.4985031938687203,1.4444444444444444,1,1.4444444444444444,0.6272136972908284,0.6272136972908284,1,-225,True,28264.444740775132,2.856923076923077,0.5471422236143886,28264.444740775132,0.0,1.0,1.0,0.7801168155074246,0.7514257006983098,405457.8354644544,0.6666666666666666,145691.80016074842,2.48686517783292,0.11686550025317287,0.0,0.0,0.0,0.0,-0.040118881039069465,2025-02-08,zhang weili,tatiana suarez,1.0,0.6272136972908284,0.3727863027091715,-225.0,172.0,2.72,1.4444444444444444,0.0
267,0.12874116979146638,0.03969405804060727,1.5915627196578306,1.5376344086021505,0,1.5376344086021505,0.676164667117318,0.676164667117318,0,-186,True,28264.444740775132,2.856923076923077,0.5471422236143886,28264.444740775132,0.0,1.0,1.0,0.7801168155074246,0.7514257006983098,405457.8354644544,0.6666666666666666,145691.80016074842,2.48686517783292,0.11686550025317287,16022.562633842601,0.5376344086021505,0.12873331205405236,0.12874116979146638,0.0478513825393847,2025-02-08,jack jenkins,gabriel santos,0.0,0.3238353328826819,0.676164667117318,150.0,-186.0,1.5376344086021505,2.5,0.12873331205405236
268,0.0,-0.12358349165641919,1.4985031938687203,1.4444444444444444,1,1.4444444444444444,0.6067498903917098,0.6067498903917098,1,-225,True,28264.444740775132,2.856923076923077,0.5471422236143886,28264.444740775132,0.0,1.0,1.0,0.7801168155074246,0.7514257006983098,405457.8354644544,0.6666666666666666,145691.80016074842,2.48686517783292,0.11686550025317287,0.0,0.0,0.0,0.0,-0.06058268793818811,2025-02-08,jake matthews,francisco prado,1.0,0.6067498903917098,0.3932501096082902,-225.0,172.0,2.72,1.4444444444444444,0.0
269,0.2238172075491378,0.21393251484447728,2.330651301397339,2.18,1,2.18,0.556849777451595,0.556849777451595,1,118,True,28264.444740775132,2.856923076923077,0.5471422236143886,28264.444740775132,0.0,1.0,1.0,0.7801168155074246,0.7514257006983098,405457.8354644544,0.6666666666666666,145691.80016074842,2.48686517783292,0.11686550025317287,61136.8349366759,1.1800000000000002,0.22380354683090362,0.2238172075491378,0.12778516388179534,2025-02-08,tom nolan,viacheslav borshchev,1.0,0.556849777451595,0.4431502225484049,118.0,-148.0,1.6756756756756757,2.18,0.22380354683090362
270,0.10594741930717026,0.037589691995983276,1.6508502982584223,1.6024096385542168,1,1.6024096385542168,0.6475183792155385,0.6475183792155385,1,-166,True,-10119.276575632597,-1.0,0.40915310270335326,-10119.276575632597,0.0,1.0,0.658442712878924,1.0,-0.07085493387069894,376729.14734526374,0.75,-18609.411543558046,-0.9334873322689159,0.07122299766340714,-28283.13637857737,-1.0,0.06975604835994566,0.10594741930717026,0.04176993488054459,2025-02-15,rodolfo vieira,andre petroski,0.0,0.6475183792155385,0.3524816207844615,-166.0,140.0,2.4,1.6024096385542168,-0.06975604835994566
271,0.0,-0.07469419308000697,1.6508502982584223,1.6024096385542168,1,1.6024096385542168,0.5774464810102212,0.5774464810102212,1,-166,True,-10119.276575632597,-1.0,0.40915310270335326,-10119.276575632597,0.0,1.0,0.658442712878924,1.0,-0.07085493387069894,376729.14734526374,0.75,-18609.411543558046,-0.9334873322689159,0.07122299766340714,0.0,0.0,0.0,0.0,-0.02830196332477264,2025-02-15,ismael bonfim,nazim sadykhov,0.0,0.5774464810102212,0.4225535189897788,-166.0,140.0,2.4,1.6024096385542168,-0.0
272,0.19104009293350366,0.19488702974769334,2.3626743980633664,2.24,0,2.24,0.5334317097087916,0.5334317097087916,0,124,True,-10119.276575632597,-1.0,0.40915310270335326,-10119.276575632597,0.0,1.0,0.658442712878924,1.0,-0.07085493387069894,376729.14734526374,0.75,-18609.411543558046,-0.9334873322689159,0.07122299766340714,-50999.00533253198,-1.0,0.12578127951112922,0.19104009293350366,0.1101825303806207,2025-02-15,angela hill,ketlen souza,1.0,0.4665682902912084,0.5334317097087916,-148.0,124.0,2.24,1.6756756756756757,-0.12578127951112922
273,0.4323704240135448,0.1674573291646257,1.4566357378852248,1.4201680672268908,0,1.4201680672268908,0.8220557524887009,0.8220557524887009,0,-238,True,-10119.276575632597,-1.0,0.40915310270335326,-10119.276575632597,0.0,1.0,0.658442712878924,1.0,-0.07085493387069894,376729.14734526374,0.75,-18609.411543558046,-0.9334873322689159,0.07122299766340714,48497.14880691139,0.4201680672268908,0.28467377878696337,0.4323704240135448,0.13554232020684465,2025-02-15,calvin kattar,youssef zalal,0.0,0.1779442475112991,0.8220557524887009,195.0,-238.0,1.4201680672268908,2.95,0.28467377878696337
274,0.1915925720841262,0.08269914403823292,1.602621062176108,1.5555555555555556,0,1.5555555555555556,0.6960208783102926,0.6960208783102926,0,-180,True,-10119.276575632597,-1.0,0.40915310270335326,-10119.276575632597,0.0,1.0,0.658442712878924,1.0,-0.07085493387069894,376729.14734526374,0.75,-18609.411543558046,-0.9334873322689159,0.07122299766340714,28414.71783736146,0.5555555555555556,0.12614503317875708,0.1915925720841262,0.07204305622791152,2025-02-15,dontale mayes,valter walker,0.0,0.3039791216897074,0.6960208783102926,150.0,-180.0,1.5555555555555556,2.5,0.12614503317875708
275,0.12883321827107755,0.04072490449650795,1.5483139104311472,1.5050505050505052,1,1.5050505050505052,0.6914883593634515,0.6914883593634515,1,-198,True,-10119.276575632597,-1.0,0.40915310270335326,-10119.276575632597,0.0,1.0,0.658442712878924,1.0,-0.07085493387069894,376729.14734526374,0.75,-18609.411543558046,-0.9334873322689159,0.07122299766340714,17370.001283217665,0.5050505050505052,0.0848241161781324,0.12883321827107755,0.04562449851269057,2025-02-15,gabriel bonfim,khaos williams,1.0,0.6914883593634515,0.3085116406365484,-198.0,164.0,2.64,1.5050505050505052,0.0848241161781324
276,0.0,-0.16299817753720228,1.3509610228720166,1.3225806451612905,1,1.3225806451612905,0.6328550364962616,0.6328550364962616,1,-310,True,-10119.276575632597,-1.0,0.40915310270335326,-10119.276575632597,0.0,1.0,0.658442712878924,1.0,-0.07085493387069894,376729.14734526374,0.75,-18609.411543558046,-0.9334873322689159,0.07122299766340714,0.0,0.0,0.0,0.0,-0.10735876913529807,2025-02-15,edmen shahbazyan,dylan budka,1.0,0.6328550364962616,0.3671449635037384,-310.0,250.0,3.5,1.3225806451612905,0.0
277,0.09331018223172846,0.007443872234927484,1.287455303062906,1.263157894736842,0,1.263157894736842,0.7975597321859843,0.7975597321859843,0,-380,True,-10119.276575632597,-1.0,0.40915310270335326,-10119.276575632597,0.0,1.0,0.658442712878924,1.0,-0.07085493387069894,376729.14734526374,0.75,-18609.411543558046,-0.9334873322689159,0.07122299766340714,6555.149880821151,0.26315789473684204,0.06143565956392561,0.09331018223172846,0.020833738187620687,2025-02-15,julia avila,jacqueline cavalcanti,0.0,0.2024402678140157,0.7975597321859843,300.0,-380.0,1.263157894736842,4.0,0.06143565956392561
278,0.19615461156333808,0.17931910517172756,2.199749268129985,2.1,0,2.1,0.5615805262722512,0.5615805262722512,0,110,True,-10119.276575632597,-1.0,0.40915310270335326,-10119.276575632597,0.0,1.0,0.658442712878924,1.0,-0.07085493387069894,376729.14734526374,0.75,-18609.411543558046,-0.9334873322689159,0.07122299766340714,-52364.34890450695,-1.0,0.12914869148976557,0.19615461156333808,0.10698326171668499,2025-02-15,jared cannonier,gregory rodrigues,1.0,0.4384194737277488,0.5615805262722512,-130.0,110.0,2.1,1.7692307692307692,-0.12914869148976557
279,0.14167281399927456,0.027669558705221586,1.3509610228720166,1.3225806451612905,1,1.3225806451612905,0.7770184468258992,0.7770184468258992,1,-310,True,-10119.276575632597,-1.0,0.40915310270335326,-10119.276575632597,0.0,1.0,0.658442712878924,1.0,-0.07085493387069894,376729.14734526374,0.75,-18609.411543558046,-0.9334873322689159,0.07122299766340714,12200.061263746587,0.3225806451612905,0.09327773842202644,0.14167281399927456,0.03680464119433946,2025-02-15,rafael estevam,jesus aguilar,1.0,0.7770184468258992,0.2229815531741008,-310.0,250.0,3.5,1.3225806451612905,0.09327773842202644
280,0.0,-0.04949748653888611,1.3655989198669296,1.3355704697986577,1,1.3355704697986577,0.711682786460834,0.711682786460834,1,-298,True,39304.22614600961,1.8732782369146004,0.2917470467859695,39304.22614600961,0.0,1.0,1.0,0.7164044388509814,0.46964580753568547,553658.4119724603,1.0,137625.03848118702,1.677299308878256,0.07984698098799692,0.0,0.0,0.0,0.0,-0.020596644528643182,2025-02-22,modestas bukauskas,rafael cerqueira,1.0,0.711682786460834,0.2883172135391659,-298.0,240.0,3.4,1.3355704697986577,0.0
281,0.07098404799374952,-0.005963888183337818,1.6542766747881523,1.5714285714285714,0,1.5714285714285714,0.6325684347924214,0.6325684347924214,0,-175,True,39304.22614600961,1.8732782369146004,0.2917470467859695,39304.22614600961,0.0,1.0,1.0,0.7164044388509814,0.46964580753568547,553658.4119724603,1.0,137625.03848118702,1.677299308878256,0.07984698098799692,0.0,0.0,0.0,0.07098404799374952,0.028074630799168276,2025-02-22,rob font,jean matsumoto,1.0,0.3674315652075785,0.6325684347924214,130.0,-175.0,1.5714285714285714,2.3,-0.0
282,0.13487722057688056,0.019167037500964212,1.287455303062906,1.263157894736842,1,1.263157894736842,0.80684057135493,0.80684057135493,1,-380,True,39304.22614600961,1.8732782369146004,0.2917470467859695,39304.22614600961,0.0,1.0,1.0,0.7164044388509814,0.46964580753568547,553658.4119724603,1.0,137625.03848118702,1.677299308878256,0.07984698098799692,13370.810256542893,0.26315789473684204,0.13486898832464808,0.13487722057688056,0.03011457735656642,2025-02-22,jean silva,melsik baghdasaryan,1.0,0.80684057135493,0.1931594286450699,-380.0,300.0,4.0,1.263157894736842,0.13486898832464808
283,0.15902161976295237,0.10633881886463614,2.0,1.9090909090909087,0,1.9090909090909087,0.5795108098814762,0.5795108098814762,0,-110,True,39304.22614600961,1.8732782369146004,0.2917470467859695,39304.22614600961,0.0,1.0,1.0,0.7164044388509814,0.46964580753568547,553658.4119724603,1.0,137625.03848118702,1.677299308878256,0.07984698098799692,54458.566112530694,0.9090909090909087,0.15901191385354302,0.15902161976295237,0.07951080988147619,2025-02-22,andre fili,melquizael costa,0.0,0.4204891901185238,0.5795108098814762,-110.0,-110.0,1.9090909090909087,1.9090909090909087,0.15901191385354302
284,0.3668520135732307,0.16758720272656236,1.5483139104311472,1.5050505050505052,0,1.5050505050505052,0.7757794165767091,0.7757794165767091,0,-198,True,39304.22614600961,1.8732782369146004,0.2917470467859695,39304.22614600961,0.0,1.0,1.0,0.7164044388509814,0.46964580753568547,553658.4119724603,1.0,137625.03848118702,1.677299308878256,0.07984698098799692,69795.66211211342,0.5050505050505052,0.36682962270326164,0.3668520135732307,0.12991555572594815,2025-02-22,brendan allen,anthony hernandez,0.0,0.2242205834232908,0.7757794165767091,164.0,-198.0,1.5050505050505052,2.64,0.36682962270326164
285,0.06563502130655276,-0.00406310146121841,1.521441385512922,1.4651162790697674,0,1.4651162790697674,0.679766454558216,0.679766454558216,0,-215,True,39304.22614600961,1.8732782369146004,0.2917470467859695,39304.22614600961,0.0,1.0,1.0,0.7164044388509814,0.46964580753568547,553658.4119724603,1.0,137625.03848118702,1.677299308878256,0.07984698098799692,0.0,0.0,0.0,0.06563502130655276,0.02249499505807173,2025-02-22,henry cejudo,song yadong,0.0,0.320233545441784,0.679766454558216,165.0,-215.0,1.4651162790697674,2.65,0.0
286,0.0,-0.08164358829943463,1.4977457543587085,1.4587155963302751,0,1.4587155963302751,0.6295650872664253,0.6295650872664253,0,-218,True,39304.22614600961,1.8732782369146004,0.2917470467859695,39304.22614600961,0.0,1.0,1.0,0.7164044388509814,0.46964580753568547,553658.4119724603,1.0,137625.03848118702,1.677299308878256,0.07984698098799692,0.0,0.0,0.0,0.0,-0.03810497428428905,2025-02-22,ricky simon,javid basharat,1.0,0.3704349127335746,0.6295650872664253,180.0,-218.0,1.4587155963302751,2.8,-0.0
287,0.0,-0.13096212098525328,1.6997451866811766,1.6451612903225803,0,1.6451612903225803,0.5282387107736697,0.5282387107736697,0,-155,True,39304.22614600961,1.8732782369146004,0.2917470467859695,39304.22614600961,0.0,1.0,1.0,0.7164044388509814,0.46964580753568547,553658.4119724603,1.0,137625.03848118702,1.677299308878256,0.07984698098799692,0.0,0.0,0.0,0.0,-0.06008476726043599,2025-02-22,ion cutelaba,ibo aslan,1.0,0.4717612892263302,0.5282387107736697,130.0,-155.0,1.6451612903225803,2.3,-0.0
288,0.0,-0.08585966062935818,1.2662304154191064,1.238095238095238,0,1.238095238095238,0.7383441202609031,0.7383441202609031,0,-420,True,63212.839192979874,2.296842105263158,0.3126542458260144,63212.839192979874,0.0,1.0,1.0,0.5847716185345881,0.48026820897453554,819562.9458741595,0.5,202691.6947087192,1.6863157894736842,0.11172209401876143,0.0,0.0,0.0,0.0,-0.051401559374357086,2025-03-01,ricardo ramos,chepe mariscal,0.0,0.2616558797390969,0.7383441202609031,310.0,-420.0,1.238095238095238,4.1,0.0
289,0.025725376527812593,-0.019181351232205157,1.5915627196578306,1.5376344086021505,0,1.5376344086021505,0.6378750652825519,0.6378750652825519,0,-186,True,63212.839192979874,2.296842105263158,0.3126542458260144,63212.839192979874,0.0,1.0,1.0,0.5847716185345881,0.48026820897453554,819562.9458741595,0.5,202691.6947087192,1.6863157894736842,0.11172209401876143,0.0,0.0,0.0,0.025725376527812593,0.00956178070461855,2025-03-01,hyder amil,william gomis,1.0,0.3621249347174481,0.6378750652825519,150.0,-186.0,1.5376344086021505,2.5,-0.0
290,0.13332871107091554,0.10353238216829885,2.2954172113496467,2.16,1,2.16,0.5108946213742124,0.5108946213742124,1,116,True,63212.839192979874,2.296842105263158,0.3126542458260144,63212.839192979874,0.0,1.0,1.0,0.5847716185345881,0.48026820897453554,819562.9458741595,0.5,202691.6947087192,1.6863157894736842,0.11172209401876143,85624.30602066376,1.1600000000000001,0.1333205733322027,0.13332871107091554,0.0752439714376697,2025-03-01,cody brundage,julian marquez,1.0,0.5108946213742124,0.4891053786257876,116.0,-143.0,1.6993006993006992,2.16,0.1333205733322027
291,0.0,-0.03964402557870511,1.4434853894495172,1.4,0,1.4,0.6859685531580678,0.6859685531580678,0,-250,True,63212.839192979874,2.296842105263158,0.3126542458260144,63212.839192979874,0.0,1.0,1.0,0.5847716185345881,0.48026820897453554,819562.9458741595,0.5,202691.6947087192,1.6863157894736842,0.11172209401876143,0.0,0.0,0.0,0.0,-0.0067991099641454555,2025-03-01,nasrat haqparast,esteban ribovics,1.0,0.3140314468419322,0.6859685531580678,195.0,-250.0,1.4,2.95,-0.0
292,0.0,-0.08434049617860248,1.3232254848526348,1.289855072463768,1,1.289855072463768,0.7098933231873756,0.7098933231873756,1,-345,True,63212.839192979874,2.296842105263158,0.3126542458260144,63212.839192979874,0.0,1.0,1.0,0.5847716185345881,0.48026820897453554,819562.9458741595,0.5,202691.6947087192,1.6863157894736842,0.11172209401876143,0.0,0.0,0.0,0.0,-0.04583577321176768,2025-03-01,danny barlow,sam patterson,0.0,0.7098933231873756,0.2901066768126243,-345.0,260.0,3.6,1.289855072463768,-0.0
293,0.0,-0.16979272175309446,1.5844625313566996,1.526315789473684,0,1.526315789473684,0.5439289064376278,0.5439289064376278,0,-190,True,63212.839192979874,2.296842105263158,0.3126542458260144,63212.839192979874,0.0,1.0,1.0,0.5847716185345881,0.48026820897453554,819562.9458741595,0.5,202691.6947087192,1.6863157894736842,0.11172209401876143,0.0,0.0,0.0,0.0,-0.08719993391667691,2025-03-01,andrea lee,jj aldrich,0.0,0.4560710935623721,0.5439289064376278,150.0,-190.0,1.526315789473684,2.5,0.0
294,0.40176688451924797,0.18950224482476719,1.5844625313566996,1.526315789473684,1,1.526315789473684,0.7793290569541579,0.7793290569541579,1,-190,True,63212.839192979874,2.296842105263158,0.3126542458260144,63212.839192979874,0.0,1.0,1.0,0.5847716185345881,0.48026820897453554,819562.9458741595,0.5,202691.6947087192,1.6863157894736842,0.11172209401876143,117067.38868805546,0.5263157894736841,0.4017423626146753,0.40176688451924797,0.14820021659985316,2025-03-01,danny silva,lucas almeida,1.0,0.7793290569541579,0.2206709430458421,-190.0,150.0,2.5,1.526315789473684,0.4017423626146753
295,0.3662160955151527,0.3554350996621721,2.148625715316277,2.05,0,2.05,0.6611878534937425,0.6611878534937425,0,105,True,-33450.00639925863,-1.0,0.4245686180429702,-33450.00639925863,0.0,1.0,1.0,0.7902507651747243,-0.2748756938450615,594285.0124772973,0.4,-191827.92699760356,0.21666666666666656,0.06606017091537321,-297627.4503882709,-1.0,0.3631538637594413,0.3662160955151527,0.19577408092665755,2025-03-08,amanda lemos,iasmin lucindo,1.0,0.3388121465062574,0.6611878534937425,-125.0,105.0,2.05,1.8,-0.3631538637594413
296,0.04197758612873043,-0.011912540282383144,1.6712219105997832,1.606060606060606,1,1.606060606060606,0.6152242673713464,0.6152242673713464,1,-165,True,-33450.00639925863,-1.0,0.4245686180429702,-33450.00639925863,0.0,1.0,1.0,0.7902507651747243,-0.2748756938450615,594285.0124772973,0.4,-191827.92699760356,0.21666666666666656,0.06606017091537321,0.0,0.0,0.0,0.04197758612873043,0.016859685350571585,2025-03-08,joshua van,rei tsuruya,1.0,0.6152242673713464,0.3847757326286536,-165.0,132.0,2.3200000000000003,1.606060606060606,0.0
297,0.0,-0.06081677723717849,1.797287550463735,1.7194244604316546,0,1.7194244604316546,0.5462195312302602,0.5462195312302602,0,-139,True,-33450.00639925863,-1.0,0.4245686180429702,-33450.00639925863,0.0,1.0,1.0,0.7902507651747243,-0.2748756938450615,594285.0124772973,0.4,-191827.92699760356,0.21666666666666656,0.06606017091537321,0.0,0.0,0.0,0.0,-0.01017446356594287,2025-03-08,justin gaethje,rafael fiziev,1.0,0.4537804687697398,0.5462195312302602,112.0,-139.0,1.7194244604316546,2.12,-0.0
298,0.07098321272477079,0.02782286506975762,2.097443210264446,2.0,0,2.0,0.5139114325348788,0.5139114325348788,0,100,True,-33450.00639925863,-1.0,0.4245686180429702,-33450.00639925863,0.0,1.0,1.0,0.7902507651747243,-0.2748756938450615,594285.0124772973,0.4,-191827.92699760356,0.21666666666666656,0.06606017091537321,58171.660195236385,1.0,0.07097888025329101,0.07098321272477079,0.03714047868677922,2025-03-08,jalin turner,ignacio bahamondes,0.0,0.4860885674651212,0.5139114325348788,-120.0,100.0,2.0,1.8333333333333333,0.07097888025329101
299,0.08842620575531647,0.051004668831453936,2.148625715316277,2.05,1,2.05,0.5126852043080263,0.5126852043080263,1,105,True,-33450.00639925863,-1.0,0.4245686180429702,-33450.00639925863,0.0,1.0,1.0,0.7902507651747243,-0.2748756938450615,594285.0124772973,0.4,-191827.92699760356,0.21666666666666656,0.06606017091537321,76089.73933276393,1.0499999999999998,0.0884208086480316,0.08842620575531647,0.04727143174094134,2025-03-08,brunno ferreira,armen petrosyan,1.0,0.5126852043080263,0.4873147956919736,105.0,-125.0,1.8,2.05,0.0884208086480316
300,0.0,-0.07796159922265114,1.1865185721526974,1.1666666666666667,0,1.1666666666666667,0.7903186292377276,0.7903186292377276,0,-600,True,-33450.00639925863,-1.0,0.4245686180429702,-33450.00639925863,0.0,1.0,1.0,0.7902507651747243,-0.2748756938450615,594285.0124772973,0.4,-191827.92699760356,0.21666666666666656,0.06606017091537321,0.0,0.0,0.0,0.0,-0.052483180586203604,2025-03-08,king green,mauricio ruffy,0.0,0.2096813707622724,0.7903186292377276,430.0,-600.0,1.1666666666666667,5.3,0.0
301,0.062182574932960824,0.00803695403165855,1.6380879829434138,1.5882352941176472,1,1.5882352941176472,0.6346899340199331,0.6346899340199331,1,-170,True,-33450.00639925863,-1.0,0.4245686180429702,-33450.00639925863,0.0,1.0,1.0,0.7902507651747243,-0.2748756938450615,594285.0124772973,0.4,-191827.92699760356,0.21666666666666656,0.06606017091537321,-50959.423787854495,-1.0,0.06217877960978376,0.062182574932960824,0.02422211396844809,2025-03-08,alex pereira,magomed ankalaev,0.0,0.6346899340199331,0.3653100659800669,-170.0,142.0,2.42,1.5882352941176472,-0.06217877960978376
302,0.16471404171408616,0.013476985590966217,1.1865185721526974,1.1666666666666667,0,1.1666666666666667,0.868694559077971,0.868694559077971,0,-600,True,-33450.00639925863,-1.0,0.4245686180429702,-33450.00639925863,0.0,1.0,1.0,0.7902507651747243,-0.2748756938450615,594285.0124772973,0.4,-191827.92699760356,0.21666666666666656,0.06606017091537321,22497.547650521516,0.16666666666666674,0.16470398836681358,0.16471404171408616,0.025892749254039837,2025-03-08,alex morono,carlos leal,0.0,0.131305440922029,0.868694559077971,430.0,-600.0,1.1666666666666667,5.3,0.16470398836681358
303,0.06401642511653362,0.0009877404089002895,1.3509610228720166,1.3225806451612905,0,1.3225806451612905,0.7568443890896562,0.7568443890896562,0,-310,True,59406.07614063084,3.321428571428571,0.600281975635732,59406.07614063084,0.0,1.0,0.7733429832534707,0.9999999999999997,0.38614460014370455,823764.9609917398,0.8571428571428571,170073.8723738116,1.3979774705581158,0.07662179952781618,9490.085897352528,0.3225806451612905,0.04950363153053046,0.06401642511653362,0.016630583458096537,2025-03-15,daniel barez,andre lima,0.0,0.2431556109103437,0.7568443890896562,250.0,-310.0,1.3225806451612905,3.5,0.04950363153053046
304,0.12970695422701692,0.05411348895453072,1.8074557832989888,1.7246376811594204,1,1.7246376811594204,0.611208661662711,0.611208661662711,1,-138,True,59406.07614063084,3.321428571428571,0.600281975635732,59406.07614063084,0.0,1.0,0.7733429832534707,0.9999999999999997,0.38614460014370455,823764.9609917398,0.8571428571428571,170073.8723738116,1.3979774705581158,0.07662179952781618,-59607.88060343267,-1.0,0.10030184061845204,0.12970695422701692,0.0579447814394346,2025-03-15,marvin vettori,roman dolidze,0.0,0.611208661662711,0.3887913383372889,-138.0,110.0,2.1,1.7246376811594204,-0.10030184061845204
305,0.29785531823016503,0.45818194192409867,3.0213720166632565,2.75,1,2.75,0.5302479788814904,0.5302479788814904,1,175,True,59406.07614063084,3.321428571428571,0.600281975635732,59406.07614063084,0.0,1.0,0.7733429832534707,0.9999999999999997,0.38614460014370455,823764.9609917398,0.8571428571428571,170073.8723738116,1.3979774705581158,0.07662179952781618,219643.3975959543,1.75,0.2111958240184773,0.29785531823016503,0.19927251657996947,2025-03-15,chidi njokuani,elizeu zaleski dos santos,1.0,0.5302479788814904,0.4697520211185095,175.0,-225.0,1.4444444444444444,2.75,0.2111958240184773
306,0.21330901455455684,0.09745013953754605,1.6218147202566782,1.5714285714285714,1,1.5714285714285714,0.698377361523893,0.698377361523893,1,-175,True,59406.07614063084,3.321428571428571,0.600281975635732,59406.07614063084,0.0,1.0,0.7733429832534707,0.9999999999999997,0.38614460014370455,823764.9609917398,0.8571428571428571,170073.8723738116,1.3979774705581158,0.07662179952781618,56015.9337506075,0.5714285714285714,0.1649509612482579,0.21330901455455684,0.08178411723410506,2025-03-15,alexander hernandez,kurt holobaugh,1.0,0.698377361523893,0.301622638476107,-175.0,145.0,2.45,1.5714285714285714,0.1649509612482579
307,0.01647058562318183,-0.0171669909483802,1.4109010777479374,1.3773584905660377,1,1.3773584905660377,0.7135636915032308,0.7135636915032308,1,-265,True,59406.07614063084,3.321428571428571,0.600281975635732,59406.07614063084,0.0,1.0,0.7733429832534707,0.9999999999999997,0.38614460014370455,823764.9609917398,0.8571428571428571,170073.8723738116,1.3979774705581158,0.07662179952781618,0.0,0.0,0.0,0.01647058562318183,0.004796779512358018,2025-03-15,stephanie luciano,sam hughes,0.0,0.7135636915032308,0.2864363084967691,-265.0,215.0,3.15,1.3773584905660377,-0.0
308,0.11609709432810414,0.014832193766051854,1.3034620436619622,1.2777777777777777,1,1.2777777777777777,0.7942164994690841,0.7942164994690841,1,-360,True,59406.07614063084,3.321428571428571,0.600281975635732,59406.07614063084,0.0,1.0,0.7733429832534707,0.9999999999999997,0.38614460014370455,823764.9609917398,0.8571428571428571,170073.8723738116,1.3979774705581158,0.07662179952781618,14820.377593039831,0.2777777777777777,0.08977739336305675,0.11609709432810414,0.027028835768047044,2025-03-15,damon blackshear,cody gibson,1.0,0.7942164994690841,0.2057835005309158,-360.0,285.0,3.85,1.2777777777777777,0.08977739336305675
309,0.20665292200182744,0.06902434289794263,1.5329641942911196,1.4761904761904765,1,1.4761904761904765,0.7241777806727997,0.7241777806727997,1,-210,True,59406.07614063084,3.321428571428571,0.600281975635732,59406.07614063084,0.0,1.0,0.7733429832534707,0.9999999999999997,0.38614460014370455,823764.9609917398,0.8571428571428571,170073.8723738116,1.3979774705581158,0.07662179952781618,45223.34421885994,0.4761904761904765,0.15980383295167447,0.20665292200182744,0.07184682361321582,2025-03-15,waldo cortes acosta,ryan spann,1.0,0.7241777806727997,0.2758222193272003,-210.0,162.0,2.62,1.4761904761904765,0.15980383295167447
310,0.25135317537073315,0.0923288326270349,1.4828375314494842,1.4444444444444444,1,1.4444444444444444,0.756227653357178,0.756227653357178,1,-225,True,59406.07614063084,3.321428571428571,0.600281975635732,59406.07614063084,0.0,1.0,0.7733429832534707,0.9999999999999997,0.38614460014370455,823764.9609917398,0.8571428571428571,170073.8723738116,1.3979774705581158,0.07662179952781618,-115511.38607856979,-1.0,0.19437035034260186,0.25135317537073315,0.08184493860184472,2025-03-15,josiane nunes,priscila cachoeira,0.0,0.756227653357178,0.243772346642822,-225.0,185.0,2.85,1.4444444444444444,-0.19437035034260186
311,0.0,-0.04067802300400075,1.414293077175543,1.3636363636363638,1,1.3636363636363638,0.7035027831303994,0.7035027831303994,1,-275,True,-38845.62595996938,-1.0,0.2561103270735534,-38845.62595996938,0.0,1.0,1.0,0.5531488279669012,0.001409376067108108,824925.9556126838,0.6666666666666666,40006.62058091338,0.11854743756584263,0.0754575600267377,0.0,0.0,0.0,0.0,-0.003564242890176428,2025-03-22,jordan vucenic,chris duncan,0.0,0.7035027831303994,0.2964972168696006,-275.0,200.0,3.0,1.3636363636363638,-0.0
312,0.03910833377853866,-0.012470521315726457,1.838105819090042,1.7575757575757576,0,1.7575757575757576,0.5618702206307074,0.5618702206307074,0,-132,True,-38845.62595996938,-1.0,0.2561103270735534,-38845.62595996938,0.0,1.0,1.0,0.5531488279669012,0.001409376067108108,824925.9556126838,0.6666666666666666,40006.62058091338,0.11854743756584263,0.0754575600267377,0.0,0.0,0.0,0.03910833377853866,0.017831901609960177,2025-03-22,leon edwards,sean brady,0.0,0.4381297793692927,0.5618702206307074,107.0,-132.0,1.7575757575757576,2.0700000000000003,0.0
313,0.12533324770904863,0.03885944547394271,1.5483139104311472,1.5050505050505052,0,1.5050505050505052,0.6902488933014786,0.6902488933014786,0,-198,True,-38845.62595996938,-1.0,0.2561103270735534,-38845.62595996938,0.0,1.0,1.0,0.5531488279669012,0.001409376067108108,824925.9556126838,0.6666666666666666,40006.62058091338,0.11854743756584263,0.0754575600267377,52140.82642772129,0.5050505050505052,0.1253255979746914,0.12533324770904863,0.044385032450717676,2025-03-22,jan blachowicz,carlos ulberg,0.0,0.3097511066985213,0.6902488933014786,164.0,-198.0,1.5050505050505052,2.64,0.1253255979746914
314,0.0,-0.060561740934570396,1.7070898936730217,1.6134969325153374,1,1.6134969325153374,0.5822374001051902,0.5822374001051902,1,-163,True,-38845.62595996938,-1.0,0.2561103270735534,-38845.62595996938,0.0,1.0,1.0,0.5531488279669012,0.001409376067108108,824925.9556126838,0.6666666666666666,40006.62058091338,0.11854743756584263,0.0754575600267377,0.0,0.0,0.0,0.0,-0.003554832457544066,2025-03-22,gunnar nelson,kevin holland,0.0,0.5822374001051902,0.4177625998948098,-163.0,120.0,2.2,1.6134969325153374,-0.0
315,0.0,-0.10074472783210375,1.606960527582149,1.5319148936170213,0,1.5319148936170213,0.5870138582207101,0.5870138582207101,0,-188,True,-38845.62595996938,-1.0,0.2561103270735534,-38845.62595996938,0.0,1.0,1.0,0.5531488279669012,0.001409376067108108,824925.9556126838,0.6666666666666666,40006.62058091338,0.11854743756584263,0.0754575600267377,0.0,0.0,0.0,0.0,-0.035278962813675485,2025-03-22,nathaniel wood,morgan charriere,1.0,0.4129861417792899,0.5870138582207101,140.0,-188.0,1.5319148936170213,2.4,-0.0
316,0.1538790581648885,0.14529490464894723,2.3372244609481143,2.22,0,2.22,0.5158986056977239,0.5158986056977239,0,122,True,-38845.62595996938,-1.0,0.2561103270735534,-38845.62595996938,0.0,1.0,1.0,0.5531488279669012,0.001409376067108108,824925.9556126838,0.6666666666666666,40006.62058091338,0.11854743756584263,0.0754575600267377,-126752.43951947543,-1.0,0.1538696661325298,0.1538790581648885,0.08804068417214578,2025-03-22,marcin tybura,mick parkin,1.0,0.4841013943022761,0.5158986056977239,-145.0,122.0,2.22,1.6896551724137931,-0.1538696661325298
317,0.0,-0.08077688097308566,1.8261647806963728,1.7246376811594204,1,1.7246376811594204,0.5329949177551015,0.5329949177551015,1,-138,True,-38845.62595996938,-1.0,0.2561103270735534,-38845.62595996938,0.0,1.0,1.0,0.5531488279669012,0.001409376067108108,824925.9556126838,0.6666666666666666,40006.62058091338,0.11854743756584263,0.0754575600267377,0.0,0.0,0.0,0.0,-0.014600792429753318,2025-03-22,jai herbert,chris padilla,0.0,0.5329949177551015,0.4670050822448984,-138.0,105.0,2.05,1.7246376811594204,-0.0
318,0.22681120645951788,0.0967571076888471,1.7070898936730217,1.6134969325153374,1,1.6134969325153374,0.6797391960200839,0.6797391960200839,1,-163,True,-38845.62595996938,-1.0,0.2561103270735534,-38845.62595996938,0.0,1.0,1.0,0.5531488279669012,0.001409376067108108,824925.9556126838,0.6666666666666666,40006.62058091338,0.11854743756584263,0.0754575600267377,114618.23367266753,0.6134969325153374,0.22679736300209238,0.22681120645951788,0.09394696345734965,2025-03-22,shauna bannon,puja tomar,1.0,0.6797391960200839,0.3202608039799161,-163.0,120.0,2.2,1.6134969325153374,0.22679736300209238
319,0.06427441662978423,0.0075041903346472205,1.5642507937703676,1.5208333333333337,1,1.5208333333333337,0.6624685087131925,0.6624685087131925,1,-192,True,65099.990910969085,1.4823914823914817,0.3802479895540245,65099.990910969085,0.0,1.0,0.8319827740553183,1.0,0.5177891079400746,1252063.630285989,1.0,362037.68376233603,1.9802245427245426,0.09205309683357739,22974.163623361066,0.5208333333333337,0.05347194358079305,0.06427441662978423,0.02318483119645265,2025-03-29,marquel mederos,austin hubbard,1.0,0.6624685087131925,0.3375314912868075,-192.0,160.0,2.6,1.5208333333333337,0.05347194358079305
320,0.4651605177266912,0.11979374055823921,1.3505353516475953,1.3003003003003002,1,1.3003003003003002,0.8611808674501009,0.8611808674501009,1,-333,True,65099.990910969085,1.4823914823914817,0.3802479895540245,65099.990910969085,0.0,1.0,0.8319827740553183,1.0,0.5177891079400746,1252063.630285989,1.0,362037.68376233603,1.9802245427245426,0.09205309683357739,95865.29359341646,0.3003003003003002,0.3869819169757841,0.4651605177266912,0.12073375602866143,2025-03-29,raul rosas jr,vince morales,1.0,0.8611808674501009,0.138819132549899,-333.0,225.0,3.25,1.3003003003003002,0.3869819169757841
321,0.0,-0.035819299792492654,1.5879862969798022,1.5319148936170213,1,1.5319148936170213,0.6293957348576784,0.6293957348576784,1,-188,True,65099.990910969085,1.4823914823914817,0.3802479895540245,65099.990910969085,0.0,1.0,0.8319827740553183,1.0,0.5177891079400746,1252063.630285989,1.0,362037.68376233603,1.9802245427245426,0.09205309683357739,0.0,0.0,0.0,0.0,-0.00033262104936193637,2025-03-29,brandon moreno,steve erceg,1.0,0.6293957348576784,0.3706042651423216,-188.0,150.0,2.5,1.5319148936170213,0.0
322,0.30681891083419344,0.2325912706619916,2.0458433037171218,1.9090909090909087,1,1.9090909090909087,0.6456430465372338,0.6456430465372338,1,-110,True,65099.990910969085,1.4823914823914817,0.3802479895540245,65099.990910969085,0.0,1.0,0.8319827740553183,1.0,0.5177891079400746,1252063.630285989,1.0,362037.68376233603,1.9802245427245426,0.09205309683357739,191422.16935276872,0.9090909090909087,0.2552524682432336,0.30681891083419344,0.15684705801597915,2025-03-29,manuel torres,drew dober,1.0,0.6456430465372338,0.3543569534627662,-110.0,-120.0,1.8333333333333333,1.9090909090909087,0.2552524682432336
323,0.08384117047948714,-0.007032185794090762,1.4648660950833083,1.4,1,1.4,0.7092627244327924,0.7092627244327924,1,-250,True,65099.990910969085,1.4823914823914817,0.3802479895540245,65099.990910969085,0.0,1.0,0.8319827740553183,1.0,0.5177891079400746,1252063.630285989,1.0,362037.68376233603,1.9802245427245426,0.09205309683357739,0.0,0.0,0.0,0.08384117047948714,0.02660647117086601,2025-03-29,edgar chairez,cj vergara,1.0,0.7092627244327924,0.2907372755672076,-250.0,175.0,2.75,1.4,0.0
324,0.0,-0.08085072050159486,1.606960527582149,1.5319148936170213,1,1.5319148936170213,0.6000002241170145,0.6000002241170145,1,-188,True,65099.990910969085,1.4823914823914817,0.3802479895540245,65099.990910969085,0.0,1.0,0.8319827740553183,1.0,0.5177891079400746,1252063.630285989,1.0,362037.68376233603,1.9802245427245426,0.09205309683357739,0.0,0.0,0.0,0.0,-0.022292596917371066,2025-03-29,loopy godinez,julia polastri,1.0,0.6000002241170145,0.3999997758829855,-188.0,140.0,2.4,1.5319148936170213,0.0
325,0.301777024220027,0.054935178992228995,1.2878276827094703,1.25,1,1.25,0.8439481431937832,0.8439481431937832,1,-400,True,65099.990910969085,1.4823914823914817,0.3802479895540245,65099.990910969085,0.0,1.0,0.8319827740553183,1.0,0.5177891079400746,1252063.630285989,1.0,362037.68376233603,1.9802245427245426,0.09205309683357739,51776.05719278979,0.25,0.25105796145951065,0.301777024220027,0.06744674209321633,2025-03-29,rafa garcia,vinc pichel,1.0,0.8439481431937832,0.1560518568062168,-400.0,275.0,3.75,1.25,0.25105796145951065
326,0.0,-0.07679457674984647,1.4977457543587085,1.4587155963302751,1,1.4587155963302751,0.632889252416772,0.632889252416772,1,-218,True,65099.990910969085,1.4823914823914817,0.3802479895540245,65099.990910969085,0.0,1.0,0.8319827740553183,1.0,0.5177891079400746,1252063.630285989,1.0,362037.68376233603,1.9802245427245426,0.09205309683357739,0.0,0.0,0.0,0.0,-0.034780809133942436,2025-03-29,jamall emmers,gabriel miranda,1.0,0.632889252416772,0.367110747583228,-218.0,180.0,2.8,1.4587155963302751,0.0
327,0.0,-0.08075187020297903,1.771956645840295,1.6666666666666663,1,1.6666666666666663,0.5515488778782127,0.5515488778782127,1,-150,True,65099.990910969085,1.4823914823914817,0.3802479895540245,65099.990910969085,0.0,1.0,0.8319827740553183,1.0,0.5177891079400746,1252063.630285989,1.0,362037.68376233603,1.9802245427245426,0.09205309683357739,0.0,0.0,0.0,0.0,-0.012799015365970612,2025-03-29,ronaldo rodriguez,kevin borjas,0.0,0.5515488778782127,0.4484511221217873,-150.0,110.0,2.1,1.6666666666666663,-0.0
328,0.0,-0.06947199704394535,1.6542766747881523,1.5714285714285714,1,1.5714285714285714,0.5921541836993075,0.5921541836993075,1,-175,True,65099.990910969085,1.4823914823914817,0.3802479895540245,65099.990910969085,0.0,1.0,0.8319827740553183,1.0,0.5177891079400746,1252063.630285989,1.0,362037.68376233603,1.9802245427245426,0.09205309683357739,0.0,0.0,0.0,0.0,-0.012339620293945641,2025-03-29,christian rodriguez,melquizael costa,0.0,0.5921541836993075,0.4078458163006925,-175.0,130.0,2.3,1.5714285714285714,-0.0
329,0.0,-0.14205333516963198,1.2578487141668648,1.2222222222222223,0,1.2222222222222223,0.7019563621339374,0.7019563621339374,0,-450,True,70006.48896697842,0.971556407798019,0.05591629721629232,70006.48896697842,0.0,1.0,1.0,0.40359697313146287,0.17203609426104988,1467463.7670067018,1.0,145393.6477537343,0.3355704697986577,0.09264959893916747,0.0,0.0,0.0,0.0,-0.09305180437863814,2025-04-05,diana belbita,dione barbosa,0.0,0.2980436378660626,0.7019563621339374,300.0,-450.0,1.2222222222222223,4.0,0.0
330,0.0,-0.06648022237934145,1.2133475112696448,1.1821493624772312,1,1.1821493624772312,0.7896800584187081,0.7896800584187081,1,-549,True,70006.48896697842,0.971556407798019,0.05591629721629232,70006.48896697842,0.0,1.0,1.0,0.40359697313146287,0.17203609426104988,1467463.7670067018,1.0,145393.6477537343,0.3355704697986577,0.09264959893916747,0.0,0.0,0.0,0.0,-0.034486135282551955,2025-04-05,loma lookboonmee,istela nunes,1.0,0.7896800584187081,0.2103199415812918,-549.0,350.0,4.5,1.1821493624772312,0.0
331,0.0,-0.04160156059845804,1.5329641942911196,1.4761904761904765,1,1.4761904761904765,0.6492376524978186,0.6492376524978186,1,-210,True,70006.48896697842,0.971556407798019,0.05591629721629232,70006.48896697842,0.0,1.0,1.0,0.40359697313146287,0.17203609426104988,1467463.7670067018,1.0,145393.6477537343,0.3355704697986577,0.09264959893916747,0.0,0.0,0.0,0.0,-0.0030933045617652644,2025-04-05,brad tavares,gerald meerschaert,1.0,0.6492376524978186,0.3507623475021814,-210.0,162.0,2.62,1.4761904761904765,0.0
332,0.34606828784801297,0.10175085205235096,1.3655989198669296,1.3355704697986577,0,1.3355704697986577,0.8249290299286447,0.8249290299286447,0,-298,True,70006.48896697842,0.971556407798019,0.05591629721629232,70006.48896697842,0.0,1.0,1.0,0.40359697313146287,0.17203609426104988,1467463.7670067018,1.0,145393.6477537343,0.3355704697986577,0.09264959893916747,145393.6477537343,0.3355704697986577,0.346047165515991,0.34606828784801297,0.09264959893916747,2025-04-05,josh emmett,lerone murphy,0.0,0.1750709700713552,0.8249290299286447,240.0,-298.0,1.3355704697986577,3.4,0.346047165515991
333,0.0,-0.13655953391432787,1.4236574892604168,1.3773584905660377,0,1.3773584905660377,0.6268814342813784,0.6268814342813784,0,-265,True,70006.48896697842,0.971556407798019,0.05591629721629232,70006.48896697842,0.0,1.0,1.0,0.40359697313146287,0.17203609426104988,1467463.7670067018,1.0,145393.6477537343,0.3355704697986577,0.09264959893916747,0.0,0.0,0.0,0.0,-0.0755347069208816,2025-04-05,pat sabatini,joanderson brito,1.0,0.3731185657186215,0.6268814342813784,200.0,-265.0,1.3773584905660377,3.0,-0.0
334,0.0,-0.08966387352292349,1.5675912773046496,1.5,1,1.5,0.6068907509847177,0.6068907509847177,1,-200,True,-47963.036651730654,-1.0,0.36395761831793827,-47963.036651730654,0.0,1.0,0.8543173388721537,0.9999999999999998,-0.28719177472214813,1046020.2434195982,0.4,-373480.48693537293,-1.6377777777777776,0.09072326979724991,0.0,0.0,0.0,0.0,-0.031030634824102066,2025-04-12,sumudaerji,mitch raposo,1.0,0.6068907509847177,0.3931092490152823,-200.0,150.0,2.5,1.5,0.0
335,0.0,-0.0840505361381616,1.414293077175543,1.3636363636363638,0,1.3636363636363638,0.6716962734986814,0.6716962734986814,0,-275,True,-47963.036651730654,-1.0,0.36395761831793827,-47963.036651730654,0.0,1.0,0.8543173388721537,0.9999999999999998,-0.28719177472214813,1046020.2434195982,0.4,-373480.48693537293,-1.6377777777777776,0.09072326979724991,0.0,0.0,0.0,0.0,-0.035370752521894366,2025-04-12,darren elkins,julian erosa,0.0,0.3283037265013185,0.6716962734986814,200.0,-275.0,1.3636363636363638,3.0,0.0
336,0.3960961948863931,0.0709167965707806,1.2578487141668648,1.2222222222222223,0,1.2222222222222223,0.8762046517397295,0.8762046517397295,0,-450,True,-47963.036651730654,-1.0,0.36395761831793827,-47963.036651730654,0.0,1.0,0.8543173388721537,0.9999999999999998,-0.28719177472214813,1046020.2434195982,0.4,-373480.48693537293,-1.6377777777777776,0.09072326979724991,110343.88134333966,0.22222222222222232,0.3383711933534646,0.3960961948863931,0.08119648522715395,2025-04-12,jim miller,chase hooper,0.0,0.1237953482602705,0.8762046517397295,300.0,-450.0,1.2222222222222223,4.0,0.3383711933534646
337,0.21538938925942896,0.188838637012115,2.4142473382068004,2.2,0,2.2,0.5403811986418704,0.5403811986418704,0,120,True,-47963.036651730654,-1.0,0.36395761831793827,-47963.036651730654,0.0,1.0,0.8543173388721537,0.9999999999999998,-0.28719177472214813,1046020.2434195982,0.4,-373480.48693537293,-1.6377777777777776,0.09072326979724991,-270012.83231319854,-1.0,0.18399965871999988,0.21538938925942896,0.12617343120460472,2025-04-12,dan ige,sean woodson,1.0,0.4596188013581296,0.5403811986418704,-163.0,120.0,2.2,1.6134969325153374,-0.18399965871999988
338,0.0,-0.17750404781311152,1.6542766747881523,1.5714285714285714,0,1.5714285714285714,0.5234065150280199,0.5234065150280199,0,-175,True,-47963.036651730654,-1.0,0.36395761831793827,-47963.036651730654,0.0,1.0,0.8543173388721537,0.9999999999999998,-0.28719177472214813,1046020.2434195982,0.4,-373480.48693537293,-1.6377777777777776,0.09072326979724991,0.0,0.0,0.0,0.0,-0.0810872889652332,2025-04-12,sedriques dumas,michal oleksiejczuk,0.0,0.47659348497198,0.5234065150280199,130.0,-175.0,1.5714285714285714,2.3,0.0
339,0.0,-0.1604465061760422,1.283806721914023,1.25,0,1.25,0.6716427950591662,0.6716427950591662,0,-400,True,-47963.036651730654,-1.0,0.36395761831793827,-47963.036651730654,0.0,1.0,0.8543173388721537,0.9999999999999998,-0.28719177472214813,1046020.2434195982,0.4,-373480.48693537293,-1.6377777777777776,0.09072326979724991,0.0,0.0,0.0,0.0,-0.10729065569353236,2025-04-12,bryce mitchell,jean silva,0.0,0.3283572049408337,0.6716427950591662,285.0,-400.0,1.25,3.85,0.0
340,0.0,-0.09150306162271576,1.606960527582149,1.5319148936170213,0,1.5319148936170213,0.5930466125518383,0.5930466125518383,0,-188,True,-47963.036651730654,-1.0,0.36395761831793827,-47963.036651730654,0.0,1.0,0.8543173388721537,0.9999999999999998,-0.28719177472214813,1046020.2434195982,0.4,-373480.48693537293,-1.6377777777777776,0.09072326979724991,0.0,0.0,0.0,0.0,-0.02924620848254722,2025-04-12,yan xiaonan,virna jandiroba,0.0,0.4069533874481617,0.5930466125518383,140.0,-188.0,1.5319148936170213,2.4,0.0
341,0.16368849021826012,0.14730256559119448,2.2455282056193515,2.14,0,2.14,0.5361226942014927,0.5361226942014927,0,114,True,-47963.036651730654,-1.0,0.36395761831793827,-47963.036651730654,0.0,1.0,0.8543173388721537,0.9999999999999998,-0.28719177472214813,1046020.2434195982,0.4,-373480.48693537293,-1.6377777777777776,0.09072326979724991,233928.4773250479,1.1400000000000001,0.1398333800941098,0.16368849021826012,0.09079317329076142,2025-04-12,michael chandler,paddy pimblett,0.0,0.4638773057985073,0.5361226942014927,-135.0,114.0,2.14,1.7407407407407407,0.1398333800941098
342,0.12254608095847482,0.09501188788945825,2.199749268129985,2.1,0,2.1,0.5214342323283134,0.5214342323283134,0,110,True,-47963.036651730654,-1.0,0.36395761831793827,-47963.036651730654,0.0,1.0,0.8543173388721537,0.9999999999999998,-0.28719177472214813,1046020.2434195982,0.4,-373480.48693537293,-1.6377777777777776,0.09072326979724991,-153624.16190625695,-1.0,0.10468685180528572,0.12254608095847482,0.06683696777274722,2025-04-12,alexander volkanovski,diego lopes,1.0,0.4785657676716865,0.5214342323283134,-130.0,110.0,2.1,1.7692307692307692,-0.10468685180528572
343,0.0,-0.2999139481545302,1.3505353516475953,1.3003003003003002,0,1.3003003003003002,0.5384033608880865,0.5384033608880865,0,-333,True,-47963.036651730654,-1.0,0.36395761831793827,-47963.036651730654,0.0,1.0,0.8543173388721537,0.9999999999999998,-0.28719177472214813,1046020.2434195982,0.4,-373480.48693537293,-1.6377777777777776,0.09072326979724991,0.0,0.0,0.0,0.0,-0.202043750533353,2025-04-12,tresean gore,marco tulio,0.0,0.4615966391119135,0.5384033608880865,225.0,-333.0,1.3003003003003002,3.25,0.0
344,0.23461638122332246,0.08905225748566986,1.606960527582149,1.5319148936170213,1,1.5319148936170213,0.7109091125253678,0.7109091125253678,1,-188,True,-47963.036651730654,-1.0,0.36395761831793827,-47963.036651730654,0.0,1.0,0.8543173388721537,0.9999999999999998,-0.28719177472214813,1046020.2434195982,0.4,-373480.48693537293,-1.6377777777777776,0.09072326979724991,-294115.851384305,-1.0,0.20042460876852558,0.23461638122332246,0.08861629149098227,2025-04-12,nikita krylov,dominick reyes,0.0,0.7109091125253678,0.2890908874746322,-188.0,140.0,2.4,1.5319148936170213,-0.20042460876852558
345,0.0,-0.10932946161259323,1.181511618879317,1.1540832049306626,1,1.1540832049306626,0.7717559137695954,0.7717559137695954,1,-649,True,79218.78712740858,0.9285714285714284,0.12878234229081498,79218.78712740858,0.0,1.0,1.0,0.7878445783861298,0.37819706236472156,1441622.0266549212,1.0,316382.9961079145,1.8890577507598783,0.05687900247452021,0.0,0.0,0.0,0.0,-0.07461748114336886,2025-04-26,ikram aliskerov,andre muniz,1.0,0.7717559137695954,0.2282440862304046,-649.0,400.0,5.0,1.1540832049306626,0.0
346,0.0,-0.07898623739340965,1.6542766747881523,1.5714285714285714,1,1.5714285714285714,0.5860996671132848,0.5860996671132848,1,-175,True,79218.78712740858,0.9285714285714284,0.12878234229081498,79218.78712740858,0.0,1.0,1.0,0.7878445783861298,0.37819706236472156,1441622.0266549212,1.0,316382.9961079145,1.8890577507598783,0.05687900247452021,0.0,0.0,0.0,0.0,-0.01839413687996838,2025-04-26,michel pereira,abus magomedov,0.0,0.5860996671132848,0.4139003328867152,-175.0,130.0,2.3,1.5714285714285714,-0.0
347,0.11190982331863517,0.01947187965824726,1.6542766747881523,1.5714285714285714,0,1.5714285714285714,0.6487548325097937,0.6487548325097937,0,-175,True,79218.78712740858,0.9285714285714284,0.12878234229081498,79218.78712740858,0.0,1.0,1.0,0.7878445783861298,0.37819706236472156,1441622.0266549212,1.0,316382.9961079145,1.8890577507598783,0.05687900247452021,66887.31191830632,0.5714285714285714,0.111902992885083,0.11190982331863517,0.04426102851654057,2025-04-26,giga chikadze,david onama,0.0,0.3512451674902063,0.6487548325097937,130.0,-175.0,1.5714285714285714,2.3,0.111902992885083
348,0.2892469314540077,0.058526534351688614,1.3308699435100788,1.2857142857142856,1,1.2857142857142856,0.823298415606869,0.823298415606869,1,-350,True,79218.78712740858,0.9285714285714284,0.12878234229081498,79218.78712740858,0.0,1.0,1.0,0.7878445783861298,0.37819706236472156,1441622.0266549212,1.0,316382.9961079145,1.8890577507598783,0.05687900247452021,86439.9082754853,0.2857142857142856,0.2892292772223516,0.2892469314540077,0.07191019403311538,2025-04-26,jaqueline amorim,polyana viana,1.0,0.823298415606869,0.176701584393131,-350.0,240.0,3.4,1.2857142857142856,0.2892292772223516
349,0.053598561249939544,-0.004524827149260169,1.8074557832989888,1.7246376811594204,1,1.7246376811594204,0.5772082935016895,0.5772082935016895,1,-138,True,79218.78712740858,0.9285714285714284,0.12878234229081498,79218.78712740858,0.0,1.0,1.0,0.7878445783861298,0.37819706236472156,1441622.0266549212,1.0,316382.9961079145,1.8890577507598783,0.05687900247452021,0.0,0.0,0.0,0.053598561249939544,0.023944413278413013,2025-04-26,ian machado garry,carlos prates,1.0,0.5772082935016895,0.4227917064983105,-138.0,110.0,2.1,1.7246376811594204,0.0
350,0.20159387370656723,0.06637132434488818,1.5675912773046496,1.5,1,1.5,0.7109142162299255,0.7109142162299255,1,-200,True,79218.78712740858,0.9285714285714284,0.12878234229081498,79218.78712740858,0.0,1.0,1.0,0.7878445783861298,0.37819706236472156,1441622.0266549212,1.0,316382.9961079145,1.8890577507598783,0.05687900247452021,105429.20114267818,0.5,0.2015815693929865,0.20159387370656723,0.07299283042110571,2025-04-26,randy brown,nicolas dalby,1.0,0.7109142162299255,0.2890857837700745,-200.0,150.0,2.5,1.5,0.2015815693929865
351,0.10357789352535617,0.023442181363274195,1.5879862969798022,1.5319148936170213,0,1.5319148936170213,0.6680803128343595,0.6680803128343595,0,-188,True,79218.78712740858,0.9285714285714284,0.12878234229081498,79218.78712740858,0.0,1.0,1.0,0.7878445783861298,0.37819706236472156,1441622.0266549212,1.0,316382.9961079145,1.8890577507598783,0.05687900247452021,57626.57477144472,0.5319148936170213,0.1035715716324408,0.10357789352535617,0.038351956927319186,2025-04-26,chelsea chandler,joselyne edwards,0.0,0.3319196871656404,0.6680803128343595,150.0,-188.0,1.5319148936170213,2.5,0.1035715716324408
352,0.0,-0.29084800762105345,1.414293077175543,1.3636363636363638,0,1.3636363636363638,0.5200447944112274,0.5200447944112274,0,-275,True,79218.78712740858,0.9285714285714284,0.12878234229081498,79218.78712740858,0.0,1.0,1.0,0.7878445783861298,0.37819706236472156,1441622.0266549212,1.0,316382.9961079145,1.8890577507598783,0.05687900247452021,0.0,0.0,0.0,0.0,-0.1870222316093484,2025-04-26,damon blackshear,alatengheili,1.0,0.4799552055887726,0.5200447944112274,200.0,-275.0,1.3636363636363638,3.0,-0.0
353,0.02961765641201982,-0.02398679882411414,1.414293077175543,1.3636363636363638,1,1.3636363636363638,0.7157430141956496,0.7157430141956496,1,-275,True,79218.78712740858,0.9285714285714284,0.12878234229081498,79218.78712740858,0.0,1.0,1.0,0.7878445783861298,0.37819706236472156,1441622.0266549212,1.0,316382.9961079145,1.8890577507598783,0.05687900247452021,0.0,0.0,0.0,0.02961765641201982,0.008675988175073757,2025-04-26,matt schnell,jimmy flick,1.0,0.7157430141956496,0.2842569858043504,-275.0,200.0,3.0,1.3636363636363638,0.0
354,0.01992363363962424,-0.026436531525813434,2.0,1.9090909090909087,1,1.9090909090909087,0.5099618168198121,0.5099618168198121,1,-110,True,79218.78712740858,0.9285714285714284,0.12878234229081498,79218.78712740858,0.0,1.0,1.0,0.7878445783861298,0.37819706236472156,1441622.0266549212,1.0,316382.9961079145,1.8890577507598783,0.05687900247452021,0.0,0.0,0.0,0.01992363363962424,0.00996181681981212,2025-04-26,chris gutierrez,john castaneda,1.0,0.5099618168198121,0.4900381831801879,-110.0,-110.0,1.9090909090909087,1.9090909090909087,0.0
355,0.15226054610984988,0.019555310634639694,1.249453449604766,1.2272727272727273,0,1.2272727272727273,0.8307487716282249,0.8307487716282249,0,-440,True,142386.51407867056,1.840354767184035,0.24568591152025654,142386.51407867056,0.0,1.0,0.9507126124729153,1.0,0.6112082270903844,2322753.2697011223,0.8333333333333334,738744.7289675308,3.3235191637630654,0.05902094618717533,47425.16639912491,0.2272727272727273,0.14474718636225356,0.15226054610984988,0.03039882636509761,2025-05-03,jeremy stephens,mason jones,0.0,0.1692512283717751,0.8307487716282249,340.0,-440.0,1.2272727272727273,4.4,0.14474718636225356
356,0.0,-0.072716929854766,1.3509610228720166,1.3225806451612905,0,1.3225806451612905,0.7011164676707866,0.7011164676707866,0,-310,True,142386.51407867056,1.840354767184035,0.24568591152025654,142386.51407867056,0.0,1.0,0.9507126124729153,1.0,0.6112082270903844,2322753.2697011223,0.8333333333333334,738744.7289675308,3.3235191637630654,0.05902094618717533,0.0,0.0,0.0,0.0,-0.03909733796077308,2025-05-03,juliana miller,ivana petrovic,1.0,0.2988835323292134,0.7011164676707866,250.0,-310.0,1.3225806451612905,3.5,-0.0
357,0.10824694829559402,0.0006710272983736776,1.3308699435100788,1.2857142857142856,1,1.2857142857142856,0.7782996878987352,0.7782996878987352,1,-350,True,142386.51407867056,1.840354767184035,0.24568591152025654,142386.51407867056,0.0,1.0,0.9507126124729153,1.0,0.6112082270903844,2322753.2697011223,0.8333333333333334,738744.7289675308,3.3235191637630654,0.05902094618717533,42385.93559642571,0.2857142857142856,0.10290545777225456,0.10824694829559402,0.026911466324981537,2025-05-03,thomas petersen,dontale mayes,1.0,0.7782996878987352,0.2217003121012648,-350.0,240.0,3.4,1.2857142857142856,0.10290545777225456
358,0.20658408027990907,0.04670315686423698,1.414293077175543,1.3636363636363638,0,1.3636363636363638,0.7675823150337737,0.7675823150337737,0,-275,True,142386.51407867056,1.840354767184035,0.24568591152025654,142386.51407867056,0.0,1.0,0.9507126124729153,1.0,0.6112082270903844,2322753.2697011223,0.8333333333333334,738744.7289675308,3.3235191637630654,0.05902094618717533,102952.83586456097,0.36363636363636376,0.19639010322593567,0.20658408027990907,0.060515289013197915,2025-05-03,marina rodriguez,gillian robertson,0.0,0.2324176849662262,0.7675823150337737,200.0,-275.0,1.3636363636363638,3.0,0.19639010322593567
359,0.0,-0.07990902899441321,1.4977457543587085,1.4587155963302751,1,1.4587155963302751,0.6307541876704966,0.6307541876704966,1,-218,True,142386.51407867056,1.840354767184035,0.24568591152025654,142386.51407867056,0.0,1.0,0.9507126124729153,1.0,0.6112082270903844,2322753.2697011223,0.8333333333333334,738744.7289675308,3.3235191637630654,0.05902094618717533,0.0,0.0,0.0,0.0,-0.036915873880217775,2025-05-03,gaston bolanos,quang le,0.0,0.6307541876704966,0.3692458123295034,-218.0,180.0,2.8,1.4587155963302751,-0.0
360,0.21664476580212985,0.14458717265170085,2.0458433037171218,1.9090909090909087,1,1.9090909090909087,0.5995456618651768,0.5995456618651768,1,-110,True,142386.51407867056,1.840354767184035,0.24568591152025654,142386.51407867056,0.0,1.0,0.9507126124729153,1.0,0.6112082270903844,2322753.2697011223,0.8333333333333334,738744.7289675308,3.3235191637630654,0.05902094618717533,269916.64827611664,0.9090909090909087,0.20595434005171379,0.21664476580212985,0.1107496733439221,2025-05-03,yana santos,miesha tate,1.0,0.5995456618651768,0.4004543381348232,-110.0,-120.0,1.8333333333333333,1.9090909090909087,0.20595434005171379
361,0.06249386031317419,-0.003851140563705946,2.093915544768372,1.9523809523809523,1,1.9523809523809523,0.5102225865405409,0.5102225865405409,1,-105,True,142386.51407867056,1.840354767184035,0.24568591152025654,142386.51407867056,0.0,1.0,0.9507126124729153,1.0,0.6112082270903844,2322753.2697011223,0.8333333333333334,738744.7289675308,3.3235191637630654,0.05902094618717533,0.0,0.0,0.0,0.06249386031317419,0.03264840619764675,2025-05-03,santiago ponzinibbio,daniel rodriguez,0.0,0.5102225865405409,0.4897774134594591,-105.0,-125.0,1.8,1.9523809523809523,-0.0
362,0.0,-0.22928828286749736,1.5289473670000402,1.4878048780487805,0,1.4878048780487805,0.518019350859551,0.518019350859551,0,-205,True,142386.51407867056,1.840354767184035,0.24568591152025654,142386.51407867056,0.0,1.0,0.9507126124729153,1.0,0.6112082270903844,2322753.2697011223,0.8333333333333334,738744.7289675308,3.3235191637630654,0.05902094618717533,0.0,0.0,0.0,0.0,-0.13602540017861453,2025-05-03,reinier de ridder,bo nickal,1.0,0.4819806491404489,0.518019350859551,170.0,-205.0,1.4878048780487805,2.7,-0.0
363,0.0,-0.028800873264600235,1.278196810357038,1.25,1,1.25,0.7769593013883198,0.7769593013883198,1,-400,True,142386.51407867056,1.840354767184035,0.24568591152025654,142386.51407867056,0.0,1.0,0.9507126124729153,1.0,0.6112082270903844,2322753.2697011223,0.8333333333333334,738744.7289675308,3.3235191637630654,0.05902094618717533,0.0,0.0,0.0,0.0,-0.005392830847615437,2025-05-03,cory sandhagen,deiveson figueiredo,1.0,0.7769593013883198,0.2230406986116802,-400.0,300.0,4.0,1.25,0.0
364,0.2238849884316506,0.08832768816929593,1.5289473670000402,1.4878048780487805,1,1.4878048780487805,0.7314989379498547,0.7314989379498547,1,-205,True,142386.51407867056,1.840354767184035,0.24568591152025654,142386.51407867056,0.0,1.0,0.9507126124729153,1.0,0.6112082270903844,2322753.2697011223,0.8333333333333334,738744.7289675308,3.3235191637630654,0.05902094618717533,149673.622755083,0.4878048780487805,0.21283729089508827,0.2238849884316506,0.07745418691168915,2025-05-03,montel jackson,daniel marcos,1.0,0.7314989379498547,0.2685010620501453,-205.0,170.0,2.7,1.4878048780487805,0.21283729089508827
365,0.0878316507408862,0.02602607620758357,2.2104122850130463,2.05,0,2.05,0.5005005249793091,0.5005005249793091,0,105,True,142386.51407867056,1.840354767184035,0.24568591152025654,142386.51407867056,0.0,1.0,0.9507126124729153,1.0,0.6112082270903844,2322753.2697011223,0.8333333333333334,738744.7289675308,3.3235191637630654,0.05902094618717533,126390.52007621957,1.0499999999999998,0.08349756153589011,0.0878316507408862,0.04809623516416367,2025-05-03,cameron smotherman,serhiy sidey,0.0,0.4994994750206909,0.5005005249793091,-138.0,105.0,2.05,1.7246376811594204,0.08349756153589011
366,0.0,-0.05125136301796958,1.0996590359946268,1.0829875518672198,1,1.0829875518672198,0.8760475920025645,0.8760475920025645,1,-1205,True,206661.53483554488,1.306451612903226,0.15172023799681056,206661.53483554488,0.0,1.0,1.0,0.9132909941315847,0.44860298879739924,3364747.3287279774,1.0,835332.5241913102,2.170795408138175,0.057843456784684444,0.0,0.0,0.0,0.0,-0.033325192894813616,2025-05-10,benoit st denis,kyle prepolec,1.0,0.8760475920025645,0.1239524079974354,-1205.0,650.0,7.5,1.0829875518672198,0.0
367,0.24918103346434567,0.09221676363247427,1.5675912773046496,1.5,1,1.5,0.7281445090883162,0.7281445090883162,1,-200,True,206661.53483554488,1.306451612903226,0.15172023799681056,206661.53483554488,0.0,1.0,1.0,0.9132909941315847,0.44860298879739924,3364747.3287279774,1.0,835332.5241913102,2.170795408138175,0.057843456784684444,289375.3669645962,0.5,0.24916582466103362,0.24918103346434567,0.09022312327949644,2025-05-10,mike malott,charles radtke,1.0,0.7281445090883162,0.2718554909116838,-200.0,150.0,2.5,1.5,0.24916582466103362
368,0.0,-0.14033228190852004,1.487150876201587,1.434782608695652,1,1.434782608695652,0.5991623489728497,0.5991623489728497,1,-230,True,206661.53483554488,1.306451612903226,0.15172023799681056,206661.53483554488,0.0,1.0,1.0,0.9132909941315847,0.44860298879739924,3364747.3287279774,1.0,835332.5241913102,2.170795408138175,0.057843456784684444,0.0,0.0,0.0,0.0,-0.07326438055586793,2025-05-10,belal muhammad,jack della maddalena,0.0,0.5991623489728497,0.4008376510271503,-230.0,176.0,2.76,1.434782608695652,-0.0
369,0.15461171369354718,0.05447954686800505,1.5915627196578306,1.5376344086021505,0,1.5376344086021505,0.6857804046064648,0.6857804046064648,0,-186,True,206661.53483554488,1.306451612903226,0.15172023799681056,206661.53483554488,0.0,1.0,1.0,0.9132909941315847,0.44860298879739924,3364747.3287279774,1.0,835332.5241913102,2.170795408138175,0.057843456784684444,193066.09907184006,0.5376344086021505,0.1546022769434438,0.15461171369354718,0.05746712002853149,2025-05-10,alexa grasso,natalia silva,0.0,0.3142195953935352,0.6857804046064648,150.0,-186.0,1.5376344086021505,2.5,0.1546022769434438
370,0.0,-0.09775671886157344,1.606960527582149,1.5319148936170213,1,1.5319148936170213,0.5889643640764729,0.5889643640764729,1,-188,True,206661.53483554488,1.306451612903226,0.15172023799681056,206661.53483554488,0.0,1.0,1.0,0.9132909941315847,0.44860298879739924,3364747.3287279774,1.0,835332.5241913102,2.170795408138175,0.057843456784684444,0.0,0.0,0.0,0.0,-0.033328456957912644,2025-05-10,jose aldo,aiemann zahabi,0.0,0.5889643640764729,0.4110356359235271,-188.0,140.0,2.4,1.5319148936170213,-0.0
371,0.10587029767660626,0.049907266464427,2.0468343938782816,1.9345794392523368,1,1.9345794392523368,0.5427056884622883,0.5427056884622883,1,-107,True,206661.53483554488,1.306451612903226,0.15172023799681056,206661.53483554488,0.0,1.0,1.0,0.9132909941315847,0.44860298879739924,3364747.3287279774,1.0,835332.5241913102,2.170795408138175,0.057843456784684444,229808.9447681205,0.9345794392523368,0.10586383586644534,0.10587029767660626,0.05414637805064848,2025-05-10,valentina shevchenko,manon fiorot,1.0,0.5427056884622883,0.4572943115377117,-107.0,-117.0,1.8547008547008548,1.9345794392523368,0.10586383586644534
372,0.13841628106050377,0.04108206282916149,1.771956645840295,1.6666666666666663,1,1.6666666666666663,0.624649237697497,0.624649237697497,1,-150,True,206661.53483554488,1.306451612903226,0.15172023799681056,206661.53483554488,0.0,1.0,1.0,0.9132909941315847,0.44860298879739924,3364747.3287279774,1.0,835332.5241913102,2.170795408138175,0.057843456784684444,214324.83079409625,0.6666666666666663,0.1384078328011617,0.13841628106050377,0.0603013444533137,2025-05-10,marc andre barriault,bruno silva,1.0,0.624649237697497,0.3753507623025029,-150.0,110.0,2.1,1.6666666666666663,0.1384078328011617
373,0.0,-0.06473555118305618,1.771952071686725,1.6993006993006992,1,1.6993006993006992,0.5503819595918641,0.5503819595918641,1,-143,True,206661.53483554488,1.306451612903226,0.15172023799681056,206661.53483554488,0.0,1.0,1.0,0.9132909941315847,0.44860298879739924,3364747.3287279774,1.0,835332.5241913102,2.170795408138175,0.057843456784684444,0.0,0.0,0.0,0.0,-0.013967390471593233,2025-05-10,daniel santos,jeongyeong lee,1.0,0.5503819595918641,0.4496180404081359,-143.0,116.0,2.16,1.6993006993006992,0.0
374,0.10305806939309649,0.01293061161709802,1.606960527582149,1.5319148936170213,0,1.5319148936170213,0.6612185936944945,0.6612185936944945,0,-188,True,206661.53483554488,1.306451612903226,0.15172023799681056,206661.53483554488,0.0,1.0,1.0,0.9132909941315847,0.44860298879739924,3364747.3287279774,1.0,835332.5241913102,2.170795408138175,0.057843456784684444,127321.20061155534,0.5319148936170213,0.10305177922772826,0.10305806939309649,0.03892577266010899,2025-05-10,brad katona,bekzat almakhan,0.0,0.3387814063055054,0.6612185936944945,140.0,-188.0,1.5319148936170213,2.4,0.10305177922772826
375,0.0,-0.06271242994618675,1.4648660950833083,1.4,1,1.4,0.6694911214670095,0.6694911214670095,1,-250,True,206661.53483554488,1.306451612903226,0.15172023799681056,206661.53483554488,0.0,1.0,1.0,0.9132909941315847,0.44860298879739924,3364747.3287279774,1.0,835332.5241913102,2.170795408138175,0.057843456784684444,0.0,0.0,0.0,0.0,-0.013165131794916851,2025-05-10,navajo stirling,ivan erslan,1.0,0.6694911214670095,0.3305088785329905,-250.0,175.0,2.75,1.4,0.0
376,0.011129399100145118,-0.03137200818511093,1.414293077175543,1.3636363636363638,0,1.3636363636363638,0.7103271939975853,0.7103271939975853,0,-275,True,206661.53483554488,1.306451612903226,0.15172023799681056,206661.53483554488,0.0,1.0,1.0,0.9132909941315847,0.44860298879739924,3364747.3287279774,1.0,835332.5241913102,2.170795408138175,0.057843456784684444,0.0,0.0,0.0,0.011129399100145118,0.003260167977009454,2025-05-10,jessica andrade,jasmine jasudavicius,0.0,0.2896728060024147,0.7103271939975853,200.0,-275.0,1.3636363636363638,3.0,0.0
377,0.09410265901559749,0.021535191810380383,1.956166183256912,1.8333333333333333,0,1.8333333333333333,0.557201013714753,0.557201013714753,0,-120,True,206661.53483554488,1.306451612903226,0.15172023799681056,206661.53483554488,0.0,1.0,1.0,0.9132909941315847,0.44860298879739924,3364747.3287279774,1.0,835332.5241913102,2.170795408138175,0.057843456784684444,-218563.91801889823,-1.0,0.09409691544510093,0.09410265901559749,0.045997002236007556,2025-05-10,modestas bukauskas,ion cutelaba,1.0,0.4427989862852471,0.557201013714753,-110.0,-120.0,1.8333333333333333,1.9090909090909087,-0.09409691544510093
378,0.02032411573278568,-0.016447923928237462,1.5289473670000402,1.4878048780487805,0,1.4878048780487805,0.6610759855564305,0.6610759855564305,0,-205,True,310359.9750367364,1.406423034330011,0.27759719536458705,310359.9750367364,0.0,1.0,1.0,0.6499262100292428,0.4591825820928355,4909780.695223261,1.0,1234673.3914585472,1.9256798326565767,0.07361651050071066,0.0,0.0,0.0,0.02032411573278568,0.007031234518265039,2025-05-17,julian erosa,melquizael costa,0.0,0.3389240144435694,0.6610759855564305,170.0,-205.0,1.4878048780487805,2.7,0.0
379,0.24558145743163032,0.037442693014507256,1.2655537811632294,1.2325581395348837,0,1.2325581395348837,0.8416987886721474,0.8416987886721474,0,-430,True,310359.9750367364,1.406423034330011,0.27759719536458705,310359.9750367364,0.0,1.0,1.0,0.6499262100292428,0.4591825820928355,4909780.695223261,1.0,1234673.3914585472,1.9256798326565767,0.07361651050071066,192155.6089151579,0.2325581395348837,0.24556646832900386,0.24558145743163032,0.051530867810772873,2025-05-17,gilbert burns,michael morales,0.0,0.1583012113278525,0.8416987886721474,300.0,-430.0,1.2325581395348837,4.0,0.24556646832900386
380,0.06052276119322201,0.012454941213893289,1.8028722235982924,1.7407407407407407,0,1.7407407407407407,0.5816230513356409,0.5816230513356409,0,-135,True,310359.9750367364,1.406423034330011,0.27759719536458705,310359.9750367364,0.0,1.0,1.0,0.6499262100292428,0.4591825820928355,4909780.695223261,1.0,1234673.3914585472,1.9256798326565767,0.07361651050071066,150838.05157114114,0.7407407407407407,0.0605190671770359,0.06052276119322201,0.026952572246372153,2025-05-17,sodiq yusuff,mairon santos,0.0,0.4183769486643591,0.5816230513356409,114.0,-135.0,1.7407407407407407,2.14,0.0605190671770359
381,0.0,-0.12932290774685498,1.3916858755228505,1.359712230215827,0,1.359712230215827,0.6403392371597205,0.6403392371597205,0,-278,True,310359.9750367364,1.406423034330011,0.27759719536458705,310359.9750367364,0.0,1.0,1.0,0.6499262100292428,0.4591825820928355,4909780.695223261,1.0,1234673.3914585472,1.9256798326565767,0.07361651050071066,0.0,0.0,0.0,0.0,-0.07821371906993457,2025-05-17,dustin stoltzfus,nursulton ruziboev,0.0,0.3596607628402795,0.6403392371597205,225.0,-278.0,1.359712230215827,3.25,0.0
382,0.0,-0.10345963257368432,1.2769300431135913,1.2531645569620251,1,1.2531645569620251,0.7154211012795854,0.7154211012795854,1,-395,True,310359.9750367364,1.406423034330011,0.27759719536458705,310359.9750367364,0.0,1.0,1.0,0.6499262100292428,0.4591825820928355,4909780.695223261,1.0,1234673.3914585472,1.9256798326565767,0.07361651050071066,0.0,0.0,0.0,0.0,-0.0677071565235271,2025-05-17,tecia pennington,luana pinheiro,1.0,0.7154211012795854,0.2845788987204146,-395.0,310.0,4.1,1.2531645569620251,0.0
383,0.2782737526877503,0.23148700546751222,2.0475207221076914,1.9523809523809523,1,1.9523809523809523,0.6307616369467746,0.6307616369467746,1,-105,True,310359.9750367364,1.406423034330011,0.27759719536458705,310359.9750367364,0.0,1.0,1.0,0.6499262100292428,0.4591825820928355,4909780.695223261,1.0,1234673.3914585472,1.9256798326565767,0.07361651050071066,891679.730972248,0.9523809523809523,0.2782567682057747,0.2782737526877503,0.14236609144498696,2025-05-17,luana santos,tainara lisboa,1.0,0.6307616369467746,0.3692383630532254,-105.0,-115.0,1.869565217391304,1.9523809523809523,0.2782567682057747
384,3.4089795827419825e-05,-0.03947598339910402,1.894515481660164,1.819672131147541,0,1.819672131147541,0.5278555406545464,0.5278555406545464,0,-122,True,310359.9750367364,1.406423034330011,0.27759719536458705,310359.9750367364,0.0,1.0,1.0,0.6499262100292428,0.4591825820928355,4909780.695223261,1.0,1234673.3914585472,1.9256798326565767,0.07361651050071066,0.0,0.0,0.0,3.4089795827419825e-05,1.609585692463611e-05,2025-05-17,jared gordon,thiago moises,1.0,0.4721444593454535,0.5278555406545464,102.0,-122.0,1.819672131147541,2.02,-0.0
385,0.0,-0.03182038698334744,1.241447907924366,1.21978021978022,0,1.21978021978022,0.7937328358965348,0.7937328358965348,0,-455,True,310359.9750367364,1.406423034330011,0.27759719536458705,310359.9750367364,0.0,1.0,1.0,0.6499262100292428,0.4591825820928355,4909780.695223261,1.0,1234673.3914585472,1.9256798326565767,0.07361651050071066,0.0,0.0,0.0,0.0,-0.011778207794332696,2025-05-17,elise reed,denise gomes,0.0,0.2062671641034651,0.7937328358965348,350.0,-455.0,1.21978021978022,4.5,0.0
386,0.0,-0.06711023705231678,1.803492489239993,1.72992700729927,1,1.72992700729927,0.5392653903959181,0.5392653903959181,1,-137,True,-265902.48243491614,-1.0,0.11990226582452146,-265902.48243491614,0.0,1.0,1.0,0.4522100734525207,-0.18412247443142502,4005779.7247031117,1.0,-638098.4880852328,-1.393939393939394,0.0515915321469958,0.0,0.0,0.0,0.0,-0.015214323806500563,2025-05-31,dustin jacoby,bruno lopes,1.0,0.5392653903959181,0.4607346096040818,-137.0,112.0,2.12,1.72992700729927,0.0
387,0.11759471291862275,0.04792076612480595,2.0458433037171218,1.9090909090909087,1,1.9090909090909087,0.5489108774939461,0.5489108774939461,1,-110,True,-265902.48243491614,-1.0,0.11990226582452146,-265902.48243491614,0.0,1.0,1.0,0.4522100734525207,-0.18412247443142502,4005779.7247031117,1.0,-638098.4880852328,-1.393939393939394,0.0515915321469958,-577329.0118308811,-1.0,0.11758753550694559,0.11759471291862275,0.060114888972691405,2025-05-31,jafel filho,allan nascimento,0.0,0.5489108774939461,0.4510891225060539,-110.0,-120.0,1.8333333333333333,1.9090909090909087,-0.11758753550694559
388,0.11354929044093447,0.015141166440369835,1.32132927776104,1.2941176470588236,1,1.2941176470588236,0.7844272649766494,0.7844272649766494,1,-340,True,-265902.48243491614,-1.0,0.11990226582452146,-265902.48243491614,0.0,1.0,1.0,0.4522100734525207,-0.18412247443142502,4005779.7247031117,1.0,-638098.4880852328,-1.393939393939394,0.0515915321469958,-557468.0869345515,-1.0,0.11354235994225033,0.11354929044093447,0.0276136403709224,2025-05-31,billy ray goff,ramiz brahimaj,0.0,0.7844272649766494,0.2155727350233506,-340.0,270.0,3.7,1.2941176470588236,-0.11354235994225033
389,0.0,-0.06030729891402303,1.895755526211805,1.806451612903225,1,1.806451612903225,0.5201870309583089,0.5201870309583089,1,-124,True,-265902.48243491614,-1.0,0.11990226582452146,-265902.48243491614,0.0,1.0,1.0,0.4522100734525207,-0.18412247443142502,4005779.7247031117,1.0,-638098.4880852328,-1.393939393939394,0.0515915321469958,0.0,0.0,0.0,0.0,-0.007307145465510256,2025-05-31,ketlen vieira,macy chiasson,1.0,0.5201870309583089,0.4798129690416911,-124.0,100.0,2.0,1.806451612903225,0.0
390,0.0563852179736226,-0.0027580035716675555,1.751511683752072,1.6756756756756757,1,1.6756756756756757,0.5951282881911016,0.5951282881911016,1,-148,True,-265902.48243491614,-1.0,0.11990226582452146,-265902.48243491614,0.0,1.0,1.0,0.4522100734525207,-0.18412247443142502,4005779.7247031117,1.0,-638098.4880852328,-1.393939393939394,0.0515915321469958,0.0,0.0,0.0,0.0563852179736226,0.024192901760901275,2025-05-31,mateusz gamrot,ludovit klein,1.0,0.5951282881911016,0.4048717118088983,-148.0,118.0,2.18,1.6756756756756757,0.0
391,0.16693265607576863,0.06868983040187465,1.6712219105997832,1.606060606060606,0,1.606060606060606,0.6654106491181484,0.6654106491181484,0,-165,True,-265902.48243491614,-1.0,0.11990226582452146,-265902.48243491614,0.0,1.0,1.0,0.4522100734525207,-0.18412247443142502,4005779.7247031117,1.0,-638098.4880852328,-1.393939393939394,0.0515915321469958,496698.6106801998,0.606060606060606,0.1669224673150218,0.16693265607576863,0.0670460670973736,2025-05-31,kurt holobaugh,jordan leavitt,0.0,0.3345893508818516,0.6654106491181484,132.0,-165.0,1.606060606060606,2.3200000000000003,0.1669224673150218
392,0.0,-0.044805082314311157,1.3667655115245596,1.3278688524590163,1,1.3278688524590163,0.7193443207262595,0.7193443207262595,1,-305,True,275471.4288787653,0.7215496368038739,0.2264058848799122,275471.4288787653,0.0,1.0,0.9693170714750053,1.0,0.19156964201956497,4773165.512573718,1.0,491914.3589918414,-0.3753026634382568,0.08837642453799795,0.0,0.0,0.0,0.0,-0.01231007907239301,2025-06-07,quillan salkilld,yanal ashmouz,1.0,0.7193443207262595,0.2806556792737404,-305.0,230.0,3.3,1.3278688524590163,0.0
393,0.41511927166137225,0.0987608368063512,1.3308699435100788,1.2857142857142856,0,1.2857142857142856,0.8545917619604955,0.8545917619604955,0,-350,True,275471.4288787653,0.7215496368038739,0.2264058848799122,275471.4288787653,0.0,1.0,0.9693170714750053,1.0,0.19156964201956497,4773165.512573718,1.0,491914.3589918414,-0.3753026634382568,0.08837642453799795,460501.73297517456,0.2857142857142856,0.4023576372593895,0.41511927166137225,0.10320354038674184,2025-06-07,bruno silva,joshua van,0.0,0.1454082380395044,0.8545917619604955,240.0,-350.0,1.2857142857142856,3.4,0.4023576372593895
394,0.0,-0.1437972414539791,1.3055739494910912,1.2777777777777777,0,1.2777777777777777,0.6700717240794947,0.6700717240794947,0,-360,True,275471.4288787653,0.7215496368038739,0.2264058848799122,275471.4288787653,0.0,1.0,0.9693170714750053,1.0,0.19156964201956497,4773165.512573718,1.0,491914.3589918414,-0.3753026634382568,0.08837642453799795,0.0,0.0,0.0,0.0,-0.09587493132811131,2025-06-07,ariane da silva,wang cong,0.0,0.3299282759205053,0.6700717240794947,280.0,-360.0,1.2777777777777777,3.8,0.0
395,0.1251648701966497,0.059309477520828546,1.7623116088586497,1.704225352112676,1,1.704225352112676,0.621578288462635,0.621578288462635,1,-142,True,275471.4288787653,0.7215496368038739,0.2264058848799122,275471.4288787653,0.0,1.0,0.9693170714750053,1.0,0.19156964201956497,4773165.512573718,1.0,491914.3589918414,-0.3753026634382568,0.08837642453799795,-485969.3405914859,-1.0,0.12131704037408186,0.1251648701966497,0.05414174944576733,2025-06-07,serghei spivac,waldo cortes acosta,0.0,0.621578288462635,0.378421711537365,-142.0,120.0,2.2,1.704225352112676,-0.12131704037408186
396,0.3931034774964309,0.1161718217447329,1.377765929618424,1.3389830508474576,1,1.3389830508474576,0.8335966769992309,0.8335966769992309,1,-295,True,275471.4288787653,0.7215496368038739,0.2264058848799122,275471.4288787653,0.0,1.0,0.9693170714750053,1.0,0.19156964201956497,4773165.512573718,1.0,491914.3589918414,-0.3753026634382568,0.08837642453799795,517381.9666081527,0.3389830508474576,0.3810186546408691,0.3931034774964309,0.10778398378148468,2025-06-07,merab dvalishvili,sean omalley,1.0,0.8335966769992309,0.1664033230007691,-295.0,225.0,3.25,1.3389830508474576,0.3810186546408691
397,0.0,-0.0406350857376801,1.2869328265348958,1.2597402597402598,0,1.2597402597402598,0.7615577154453467,0.7615577154453467,0,-385,True,275471.4288787653,0.7215496368038739,0.2264058848799122,275471.4288787653,0.0,1.0,0.9693170714750053,1.0,0.19156964201956497,4773165.512573718,1.0,491914.3589918414,-0.3753026634382568,0.08837642453799795,0.0,0.0,0.0,0.0,-0.015483618322266635,2025-06-07,kelvin gastelum,joe pyfer,0.0,0.2384422845546533,0.7615577154453467,295.0,-385.0,1.2597402597402598,3.95,0.0
398,0.0,-0.1545426371113513,1.1871193021919877,1.1694915254237288,0,1.1694915254237288,0.7229273102960909,0.7229273102960909,0,-590,True,275471.4288787653,0.7215496368038739,0.2264058848799122,275471.4288787653,0.0,1.0,0.9693170714750053,1.0,0.19156964201956497,4773165.512573718,1.0,491914.3589918414,-0.3753026634382568,0.08837642453799795,0.0,0.0,0.0,0.0,-0.11944800796680288,2025-06-07,julianna pena,kayla harrison,0.0,0.2770726897039091,0.7229273102960909,440.0,-590.0,1.1694915254237288,5.4,0.0
399,0.048138114490789315,-0.016973248609868263,1.5675912773046496,1.5,0,1.5,0.6553511675934212,0.6553511675934212,0,-200,True,275471.4288787653,0.7215496368038739,0.2264058848799122,275471.4288787653,0.0,1.0,0.9693170714750053,1.0,0.19156964201956497,4773165.512573718,1.0,491914.3589918414,-0.3753026634382568,0.08837642453799795,0.0,0.0,0.0,0.048138114490789315,0.017429781784601417,2025-06-07,vicente luque,kevin holland,0.0,0.3446488324065788,0.6553511675934212,150.0,-200.0,1.5,2.5,0.0
400,0.0849933601867362,0.007002034102774279,1.494713487550269,1.4444444444444444,0,1.4444444444444444,0.6971552543788437,0.6971552543788437,0,-225,True,279717.85471248766,0.7088607594936707,0.2100719483834128,279717.85471248766,0.0,1.0,0.8387813444156298,1.0,0.100403600660954,5252408.516586808,1.0,199525.14930060174,-0.8831990794016111,0.05834251536189816,-340262.23312646034,-1.0,0.07128649367597334,0.0849933601867362,0.02813071668036471,2025-06-14,kamaru usman,joaquin buckley,1.0,0.3028447456211563,0.6971552543788437,175.0,-225.0,1.4444444444444444,2.75,-0.07128649367597334
401,0.0,-0.19207721999760546,1.5675912773046496,1.5,1,1.5,0.538615186668263,0.538615186668263,1,-200,True,279717.85471248766,0.7088607594936707,0.2100719483834128,279717.85471248766,0.0,1.0,0.8387813444156298,1.0,0.100403600660954,5252408.516586808,1.0,199525.14930060174,-0.8831990794016111,0.05834251536189816,0.0,0.0,0.0,0.0,-0.09930619914055672,2025-06-14,rose namajunas,miranda maverick,1.0,0.538615186668263,0.461384813331737,-200.0,150.0,2.5,1.5,0.0
402,0.3747259813273063,0.08323009731367537,1.2769300431135913,1.2531645569620251,1,1.2531645569620251,0.8643957342200037,0.8643957342200037,1,-395,True,279717.85471248766,0.7088607594936707,0.2100719483834128,279717.85471248766,0.0,1.0,0.8387813444156298,1.0,0.100403600660954,5252408.516586808,1.0,199525.14930060174,-0.8831990794016111,0.05834251536189816,379791.69058304286,0.2531645569620251,0.31429397825220534,0.3747259813273063,0.08126747641689125,2025-06-14,jamey lyn horth,vanessa demopoulos,1.0,0.8643957342200037,0.1356042657799963,-395.0,310.0,4.1,1.2531645569620251,0.31429397825220534
403,0.0,-0.09156045847657862,1.6542766747881523,1.5714285714285714,0,1.5714285714285714,0.578097890060359,0.578097890060359,0,-175,True,279717.85471248766,0.7088607594936707,0.2100719483834128,279717.85471248766,0.0,1.0,0.8387813444156298,1.0,0.100403600660954,5252408.516586808,1.0,199525.14930060174,-0.8831990794016111,0.05834251536189816,0.0,0.0,0.0,0.0,-0.02639591393289409,2025-06-14,cody garbrandt,raoni barcelos,0.0,0.421902109939641,0.578097890060359,130.0,-175.0,1.5714285714285714,2.3,0.0
404,0.10129900107657737,0.011899381606366666,1.5675912773046496,1.5,1,1.5,0.6745995877375778,0.6745995877375778,1,-200,True,279717.85471248766,0.7088607594936707,0.2100719483834128,279717.85471248766,0.0,1.0,0.8387813444156298,1.0,0.100403600660954,5252408.516586808,1.0,199525.14930060174,-0.8831990794016111,0.05834251536189816,202770.10018233713,0.5,0.0849625262933748,0.10129900107657737,0.036678201928758036,2025-06-14,edmen shahbazyan,andre petroski,1.0,0.6745995877375778,0.3254004122624222,-200.0,150.0,2.5,1.5,0.0849625262933748
405,0.14988691441164056,0.012501145581159723,1.2878276827094703,1.25,0,1.25,0.8100009164649278,0.8100009164649278,0,-400,True,279717.85471248766,0.7088607594936707,0.2100719483834128,279717.85471248766,0.0,1.0,0.8387813444156298,1.0,0.100403600660954,5252408.516586808,1.0,199525.14930060174,-0.8831990794016111,0.05834251536189816,-600056.9468260474,-1.0,0.12571467409737763,0.14988691441164056,0.03349951536436091,2025-06-14,alonzo menifield,oumar sy,1.0,0.1899990835350722,0.8100009164649278,275.0,-400.0,1.25,3.75,-0.12571467409737763
406,0.38280656798641055,0.11709594423594333,1.414293077175543,1.3636363636363638,1,1.3636363636363638,0.8192036924396917,0.8192036924396917,1,-275,True,279717.85471248766,0.7088607594936707,0.2100719483834128,279717.85471248766,0.0,1.0,0.8387813444156298,1.0,0.100403600660954,5252408.516586808,1.0,199525.14930060174,-0.8831990794016111,0.05834251536189816,557282.5384877295,0.36363636363636376,0.3210714099069463,0.38280656798641055,0.1121366664191159,2025-06-14,michael chiesa,court mcgee,1.0,0.8192036924396917,0.1807963075603083,-275.0,200.0,3.0,1.3636363636363638,0.3210714099069463
407,0.0,-0.08308694758775968,1.08597838703668,1.074074074074074,1,1.074074074074074,0.8536776694872583,0.8536776694872583,1,-1350,True,279717.85471248766,0.7088607594936707,0.2100719483834128,279717.85471248766,0.0,1.0,0.8387813444156298,1.0,0.100403600660954,5252408.516586808,1.0,199525.14930060174,-0.8831990794016111,0.05834251536189816,0.0,0.0,0.0,0.0,-0.06715096940371446,2025-06-14,malcolm wellmaker,kris moutinho,1.0,0.8536776694872583,0.1463223305127416,-1350.0,800.0,9.0,1.074074074074074,0.0
408,0.0,-0.061780501176185054,1.2269749576912248,1.2,1,1.2,0.7818495823531791,0.7818495823531791,1,-500,True,279717.85471248766,0.7088607594936707,0.2100719483834128,279717.85471248766,0.0,1.0,0.8387813444156298,1.0,0.100403600660954,5252408.516586808,1.0,199525.14930060174,-0.8831990794016111,0.05834251536189816,0.0,0.0,0.0,0.0,-0.033162976567893576,2025-06-14,ricky simon,cameron smotherman,1.0,0.7818495823531791,0.2181504176468208,-500.0,350.0,4.5,1.2,0.0
409,0.0,-0.15976073092235304,1.733851022240676,1.6756756756756757,0,1.6756756756756757,0.501433112191499,0.501433112191499,0,-148,True,279717.85471248766,0.7088607594936707,0.2100719483834128,279717.85471248766,0.0,1.0,0.8387813444156298,1.0,0.100403600660954,5252408.516586808,1.0,199525.14930060174,-0.8831990794016111,0.05834251536189816,0.0,0.0,0.0,0.0,-0.07531770848033026,2025-06-14,phil rowe,ange loosa,1.0,0.498566887808501,0.501433112191499,124.0,-148.0,1.6756756756756757,2.24,-0.0
410,0.20360374253713745,0.05587536304494711,1.3864603630835086,1.3571428571428572,1,1.3571428571428572,0.77801342540154,0.77801342540154,1,-280,True,-251451.02902787164,-1.0,0.26502194749853913,-251451.02902787164,0.0,1.0,1.0,0.819805526095547,-0.3077138922784085,3636169.448111619,0.8,-1364788.039447317,-0.9251537935748462,0.058484640206593996,381908.8427509472,0.3571428571428572,0.2035913155508986,0.20360374253713745,0.05675227244943892,2025-06-21,tagir ulanbekov,azat maksum,1.0,0.77801342540154,0.22198657459846,-280.0,230.0,3.3,1.3571428571428572,0.2035913155508986
411,0.10989530510146377,0.012121379801018212,1.287455303062906,1.263157894736842,1,1.263157894736842,0.8012627590091395,0.8012627590091395,1,-380,True,-251451.02902787164,-1.0,0.26502194749853913,-251451.02902787164,0.0,1.0,1.0,0.819805526095547,-0.3077138922784085,3636169.448111619,0.8,-1364788.039447317,-0.9251537935748462,0.058484640206593996,151889.42264155112,0.26315789473684204,0.10988859762434576,0.10989530510146377,0.02453676501077584,2025-06-21,nazim sadykhov,nikolas motta,1.0,0.8012627590091395,0.1987372409908605,-380.0,300.0,4.0,1.263157894736842,0.10988859762434576
412,0.16732988494088014,0.14630482720024174,2.199749268129985,2.1,0,2.1,0.5458594415239246,0.5458594415239246,0,110,True,-251451.02902787164,-1.0,0.26502194749853913,-251451.02902787164,0.0,1.0,1.0,0.819805526095547,-0.3077138922784085,3636169.448111619,0.8,-1364788.039447317,-0.9251537935748462,0.058484640206593996,-878831.2698649943,-1.0,0.16731967193520747,0.16732988494088014,0.09126217696835842,2025-06-21,rafael fiziev,ignacio bahamondes,1.0,0.4541405584760754,0.5458594415239246,-130.0,110.0,2.1,1.7692307692307692,-0.16731967193520747
413,0.06667952789614327,0.004992018736092119,1.495100931999338,1.4545454545454546,1,1.4545454545454546,0.6909320128810633,0.6909320128810633,1,-220,True,-251451.02902787164,-1.0,0.26502194749853913,-251451.02902787164,0.0,1.0,1.0,0.819805526095547,-0.3077138922784085,3636169.448111619,0.8,-1364788.039447317,-0.9251537935748462,0.058484640206593996,159184.8836252958,0.4545454545454546,0.06667545810073945,0.06667952789614327,0.022080847988308894,2025-06-21,muhammad naimov,bogdan grad,1.0,0.6909320128810633,0.3090679871189367,-220.0,180.0,2.8,1.4545454545454546,0.06667545810073945
414,0.0,-0.16468329322434372,1.4648660950833083,1.4,0,1.4,0.5966547905540402,0.5966547905540402,0,-250,True,-251451.02902787164,-1.0,0.26502194749853913,-251451.02902787164,0.0,1.0,1.0,0.819805526095547,-0.3077138922784085,3636169.448111619,0.8,-1364788.039447317,-0.9251537935748462,0.058484640206593996,0.0,0.0,0.0,0.0,-0.08600146270788611,2025-06-21,daria zhelezniakova,melissa mullins,1.0,0.4033452094459598,0.5966547905540402,175.0,-250.0,1.4,2.75,-0.0
415,0.0,-0.2146096091320237,1.606960527582149,1.5319148936170213,1,1.5319148936170213,0.5126853940388179,0.5126853940388179,1,-188,True,-251451.02902787164,-1.0,0.26502194749853913,-251451.02902787164,0.0,1.0,1.0,0.819805526095547,-0.3077138922784085,3636169.448111619,0.8,-1364788.039447317,-0.9251537935748462,0.058484640206593996,0.0,0.0,0.0,0.0,-0.10960742699556769,2025-06-21,irina alekseeva,klaudia sygula,0.0,0.5126853940388179,0.4873146059611821,-188.0,140.0,2.4,1.5319148936170213,-0.0
416,0.2244707120649825,0.10356505310045183,1.771956645840295,1.6666666666666663,1,1.6666666666666663,0.6621390318602712,0.6621390318602712,1,-150,True,-251451.02902787164,-1.0,0.26502194749853913,-251451.02902787164,0.0,1.0,1.0,0.819805526095547,-0.3077138922784085,3636169.448111619,0.8,-1364788.039447317,-0.9251537935748462,0.058484640206593996,-1178939.9186001166,-1.0,0.22445701145999808,0.2244707120649825,0.0977911386160879,2025-06-21,hamdy abdelwahab,mohammed usman,0.0,0.6621390318602712,0.3378609681397287,-150.0,110.0,2.1,1.6666666666666663,-0.22445701145999808
417,0.0,-0.22016655789826753,1.5105772597440823,1.4444444444444444,0,1.4444444444444444,0.5398846906858148,0.5398846906858148,0,-225,True,-251451.02902787164,-1.0,0.26502194749853913,-251451.02902787164,0.0,1.0,1.0,0.819805526095547,-0.3077138922784085,3636169.448111619,0.8,-1364788.039447317,-0.9251537935748462,0.058484640206593996,0.0,0.0,0.0,0.0,-0.12211388869794815,2025-06-21,ismail naurdiev,junyong park,0.0,0.4601153093141852,0.5398846906858148,163.0,-225.0,1.4444444444444444,2.63,0.0
418,0.0,-0.1371391046996704,1.5863094290578523,1.5405405405405406,0,1.5405405405405406,0.560102686423021,0.560102686423021,0,-185,True,301186.84414843004,1.6372093023255814,0.34400454909243305,301186.84414843004,0.0,1.0,0.8420503154154332,1.0,0.4508467597185197,5275524.66158022,0.8,1338168.3693201712,1.0919042079660055,0.08727263568679458,0.0,0.0,0.0,0.0,-0.07029134747862731,2025-06-28,viviane araujo,tracy cortez,0.0,0.439897313576979,0.560102686423021,154.0,-185.0,1.5405405405405406,2.54,0.0
419,0.11665470707829512,0.06901115915066514,2.18210082489368,2.05,1,2.05,0.5214688581222757,0.5214688581222757,1,105,True,301186.84414843004,1.6372093023255814,0.34400454909243305,301186.84414843004,0.0,1.0,0.8420503154154332,1.0,0.4508467597185197,5275524.66158022,0.8,1338168.3693201712,1.0919042079660055,0.08727263568679458,-357155.97152789857,-1.0,0.09822313745949912,0.11665470707829512,0.06319489177210785,2025-06-28,hyder amil,jose delgado,0.0,0.5214688581222757,0.4785311418777243,105.0,-132.0,1.7575757575757576,2.05,-0.09822313745949912
420,0.2101017961970271,0.047014637627558586,1.381313183112994,1.3389830508474576,1,1.3389830508474576,0.7819476407598223,0.7819476407598223,1,-295,True,301186.84414843004,1.6372093023255814,0.34400454909243305,301186.84414843004,0.0,1.0,0.8420503154154332,1.0,0.4508467597185197,5275524.66158022,0.8,1338168.3693201712,1.0919042079660055,0.08727263568679458,218053.66850921453,0.3389830508474576,0.17690548564403344,0.2101017961970271,0.0579988562080439,2025-06-28,ilia topuria,charles oliveira,1.0,0.7819476407598223,0.2180523592401777,-295.0,220.0,3.2,1.3389830508474576,0.17690548564403344
421,0.3137702861052412,0.2251146320154962,1.8706056173613068,1.8,0,1.8,0.680619240008609,0.680619240008609,0,-125,True,301186.84414843004,1.6372093023255814,0.34400454909243305,301186.84414843004,0.0,1.0,0.8420503154154332,1.0,0.4508467597185197,5275524.66158022,0.8,1338168.3693201712,1.0919042079660055,0.08727263568679458,768524.025663462,0.8,0.26419424226179195,0.3137702861052412,0.1460330125756939,2025-06-28,brandon royval,joshua van,0.0,0.319380759991391,0.680619240008609,105.0,-125.0,1.8,2.05,0.26419424226179195
422,0.0,-0.14585740868710984,1.664392932007651,1.598802395209581,0,1.598802395209581,0.5342389990608714,0.5342389990608714,0,-167,True,301186.84414843004,1.6372093023255814,0.34400454909243305,301186.84414843004,0.0,1.0,0.8420503154154332,1.0,0.4508467597185197,5275524.66158022,0.8,1338168.3693201712,1.0919042079660055,0.08727263568679458,0.0,0.0,0.0,0.0,-0.06658066363366066,2025-06-28,beneil dariush,renato moicano,1.0,0.4657610009391287,0.5342389990608714,133.0,-167.0,1.598802395209581,2.33,-0.0
423,0.2682957024467952,0.09704391243890798,1.5228601372457735,1.4651162790697674,1,1.4651162790697674,0.7487760037281436,0.7487760037281436,1,-215,True,301186.84414843004,1.6372093023255814,0.34400454909243305,301186.84414843004,0.0,1.0,0.8420503154154332,1.0,0.4508467597185197,5275524.66158022,0.8,1338168.3693201712,1.0919042079660055,0.08727263568679458,382059.4134290193,0.4651162790697674,0.22590469190014942,0.2682957024467952,0.09211688215668534,2025-06-28,alexandre pantoja,kai kara france,1.0,0.7487760037281436,0.2512239962718564,-215.0,164.0,2.64,1.4651162790697674,0.22590469190014942
424,0.21874109185956866,0.07853339861891989,1.5434567458910486,1.4878048780487805,1,1.4878048780487805,0.7249158908750117,0.7249158908750117,1,-205,True,301186.84414843004,1.6372093023255814,0.34400454909243305,301186.84414843004,0.0,1.0,0.8420503154154332,1.0,0.4508467597185197,5275524.66158022,0.8,1338168.3693201712,1.0919042079660055,0.08727263568679458,326687.2332463739,0.4878048780487805,0.18417976326787194,0.21874109185956866,0.07701953572144193,2025-06-28,terrance mckinney,viacheslav borshchev,1.0,0.7249158908750117,0.2750841091249882,-205.0,160.0,2.6,1.4878048780487805,0.18417976326787194
425,0.0,-0.15216146835478664,1.069923665536296,1.05998800239952,0,1.05998800239952,0.7998567245345618,0.7998567245345618,0,-1667,True,301186.84414843004,1.6372093023255814,0.34400454909243305,301186.84414843004,0.0,1.0,0.8420503154154332,1.0,0.4508467597185197,5275524.66158022,0.8,1338168.3693201712,1.0919042079660055,0.08727263568679458,0.0,0.0,0.0,0.0,-0.13478939295154224,2025-06-28,niko price,jacobe smith,0.0,0.2001432754654381,0.7998567245345618,950.0,-1667.0,1.05998800239952,10.5,0.0
426,0.0,-0.05655669125184776,1.5483139104311472,1.5050505050505052,0,1.5050505050505052,0.6268515944031346,0.6268515944031346,0,-198,True,301186.84414843004,1.6372093023255814,0.34400454909243305,301186.84414843004,0.0,1.0,0.8420503154154332,1.0,0.4508467597185197,5275524.66158022,0.8,1338168.3693201712,1.0919042079660055,0.08727263568679458,0.0,0.0,0.0,0.0,-0.019012266447626325,2025-06-28,jack hermansson,gregory rodrigues,0.0,0.3731484055968653,0.6268515944031346,164.0,-198.0,1.5050505050505052,2.64,0.0
427,0.0,-0.07994957711895878,1.6957738429532538,1.617283950617284,0,1.617283950617284,0.5688861393386591,0.5688861393386591,0,-162,True,301186.84414843004,1.6372093023255814,0.34400454909243305,301186.84414843004,0.0,1.0,0.8420503154154332,1.0,0.4508467597185197,5275524.66158022,0.8,1338168.3693201712,1.0919042079660055,0.08727263568679458,0.0,0.0,0.0,0.0,-0.020815137252836458,2025-06-28,payton talbott,felipe lima,1.0,0.431113860661341,0.5688861393386591,125.0,-162.0,1.617283950617284,2.25,-0.0
428,0.0,-0.027240979034815538,1.4711761418400602,1.434782608695652,0,1.434782608695652,0.6779835600666437,0.6779835600666437,0,-230,True,414223.6722207571,1.083333333333333,0.16608713918414453,414223.6722207571,0.0,1.0,0.9614655641023259,1.0,0.21155807617331873,6391604.509789029,1.0,701856.1759880527,0.4523809523809519,0.05730416652059567,0.0,0.0,0.0,0.0,-0.00174470058150622,2025-07-12,nate landwehr,morgan charriere,0.0,0.3220164399333562,0.6779835600666437,190.0,-230.0,1.434782608695652,2.9,0.0
429,0.0,-0.09741765620199244,1.1259314716492577,1.1111111111111112,0,1.1111111111111112,0.8123241094182068,0.8123241094182068,0,-900,True,414223.6722207571,1.083333333333333,0.16608713918414453,414223.6722207571,0.0,1.0,0.9614655641023259,1.0,0.21155807617331873,6391604.509789029,1.0,701856.1759880527,0.4523809523809519,0.05730416652059567,0.0,0.0,0.0,0.0,-0.0758294107380475,2025-07-12,mitch ramirez,mike davis,0.0,0.1876758905817932,0.8123241094182068,600.0,-900.0,1.1111111111111112,7.0,0.0
430,0.0,-0.1381239767443745,1.495100931999338,1.4545454545454546,1,1.4545454545454546,0.5925397659882425,0.5925397659882425,1,-220,True,414223.6722207571,1.083333333333333,0.16608713918414453,414223.6722207571,0.0,1.0,0.9614655641023259,1.0,0.21155807617331873,6391604.509789029,1.0,701856.1759880527,0.4523809523809519,0.05730416652059567,0.0,0.0,0.0,0.0,-0.07631139890451188,2025-07-12,kennedy nzechukwu,valter walker,0.0,0.5925397659882425,0.4074602340117574,-220.0,180.0,2.8,1.4545454545454546,-0.0
431,0.25018381571555076,0.12223499939478644,1.771956645840295,1.6666666666666663,0,1.6666666666666663,0.673340999636872,0.673340999636872,0,-150,True,414223.6722207571,1.083333333333333,0.16608713918414453,414223.6722207571,0.0,1.0,0.9614655641023259,1.0,0.21155807617331873,6391604.509789029,1.0,701856.1759880527,0.4523809523809519,0.05730416652059567,845942.484770438,0.6666666666666663,0.24052844191909625,0.25018381571555076,0.10899310639268867,2025-07-12,calvin kattar,steve garcia,0.0,0.326659000363128,0.673340999636872,110.0,-150.0,1.6666666666666663,2.1,0.24052844191909625
432,0.0,-0.1950437653627183,1.414293077175543,1.3636363636363638,0,1.3636363636363638,0.5903012387340065,0.5903012387340065,0,-275,True,414223.6722207571,1.083333333333333,0.16608713918414453,414223.6722207571,0.0,1.0,0.9614655641023259,1.0,0.21155807617331873,6391604.509789029,1.0,701856.1759880527,0.4523809523809519,0.05730416652059567,0.0,0.0,0.0,0.0,-0.11676578728656928,2025-07-12,max griffin,chris curtis,0.0,0.4096987612659934,0.5903012387340065,200.0,-275.0,1.3636363636363638,3.0,0.0
433,0.0,-0.07225718592686468,1.1507634906451611,1.125,1,1.125,0.8246602791761203,0.8246602791761203,1,-800,True,414223.6722207571,1.083333333333333,0.16608713918414453,414223.6722207571,0.0,1.0,0.9614655641023259,1.0,0.21155807617331873,6391604.509789029,1.0,701856.1759880527,0.4523809523809519,0.05730416652059567,0.0,0.0,0.0,0.0,-0.04432801262253816,2025-07-12,fatima kline,melissa martinez,1.0,0.8246602791761203,0.1753397208238797,-800.0,450.0,5.5,1.125,0.0
434,0.18345735566857735,0.021879828812861102,1.2878276827094703,1.25,1,1.25,0.8175038630502889,0.8175038630502889,1,-400,True,414223.6722207571,1.083333333333333,0.16608713918414453,414223.6722207571,0.0,1.0,0.9614655641023259,1.0,0.21155807617331873,6391604.509789029,1.0,701856.1759880527,0.4523809523809519,0.05730416652059567,232620.5197263945,0.25,0.17637716409174425,0.18345735566857735,0.04100246194972201,2025-07-12,vitor petrino,austen lane,1.0,0.8175038630502889,0.1824961369497111,-400.0,275.0,3.75,1.25,0.17637716409174425
435,0.2170128932231156,0.03907571926825232,1.2747090945192938,1.25,0,1.25,0.8312605754146019,0.8312605754146019,0,-400,True,414223.6722207571,1.083333333333333,0.16608713918414453,414223.6722207571,0.0,1.0,0.9614655641023259,1.0,0.21155807617331873,6391604.509789029,1.0,701856.1759880527,0.4523809523809519,0.05730416652059567,275168.3181353966,0.25,0.20863768878902236,0.2170128932231156,0.04676785915520265,2025-07-12,stephen thompson,gabriel bonfim,0.0,0.1687394245853982,0.8312605754146019,310.0,-400.0,1.25,4.1,0.20863768878902236
436,0.16976494202048387,0.031142134438469915,1.4648660950833083,1.4,0,1.4,0.7365300960274785,0.7365300960274785,0,-250,True,414223.6722207571,1.083333333333333,0.16608713918414453,414223.6722207571,0.0,1.0,0.9614655641023259,1.0,0.21155807617331873,6391604.509789029,1.0,701856.1759880527,0.4523809523809519,0.05730416652059567,-861035.1740917454,-1.0,0.16321318339431903,0.16976494202048387,0.05387384276555218,2025-07-12,derrick lewis,tallison teixeira,1.0,0.2634699039725215,0.7365300960274785,175.0,-250.0,1.4,2.75,-0.16321318339431903
437,0.0,-0.12911099072815868,1.8261647806963728,1.7246376811594204,0,1.7246376811594204,0.50496925747695,0.50496925747695,0,-138,True,414223.6722207571,1.083333333333333,0.16608713918414453,414223.6722207571,0.0,1.0,0.9614655641023259,1.0,0.21155807617331873,6391604.509789029,1.0,701856.1759880527,0.4523809523809519,0.05730416652059567,0.0,0.0,0.0,0.0,-0.04262645270790488,2025-07-12,jake matthews,chidi njokuani,1.0,0.4950307425230499,0.50496925747695,105.0,-138.0,1.7246376811594204,2.05,-0.0
438,0.1443357292520963,0.012206579317442484,1.3308699435100788,1.2857142857142856,0,1.2857142857142856,0.7872717839135664,0.7872717839135664,0,-350,True,414223.6722207571,1.083333333333333,0.16608713918414453,414223.6722207571,0.0,1.0,0.9614655641023259,1.0,0.21155807617331873,6391604.509789029,1.0,701856.1759880527,0.4523809523809519,0.05730416652059567,209160.0274475689,0.2857142857142856,0.13876536326288572,0.1443357292520963,0.035883562339812825,2025-07-12,lauren murphy,eduarda moura,0.0,0.2127282160864335,0.7872717839135664,240.0,-350.0,1.2857142857142856,3.4,0.13876536326288572
439,0.0,-0.0922903282574481,1.833507489076173,1.7692307692307692,1,1.7692307692307692,0.5130532927240511,0.5130532927240511,1,-130,True,0.0,0.0,-0.12351976789642705,0.0,0.0,1.0,1.0,0.0,0.0,6391604.509789029,0.0,0.0,0.0,,0.0,0.0,0.0,0.0,-0.03234944272038265,2025-07-19,max holloway,dustin poirier,1.0,0.5130532927240511,0.4869467072759489,-130.0,110.0,2.1,1.7692307692307692,0.0
440,0.0035374158093569304,-0.034404656699346337,1.414293077175543,1.3636363636363638,0,1.3636363636363638,0.7081032517538126,0.7081032517538126,0,-275,True,0.0,0.0,-0.12351976789642705,0.0,0.0,1.0,1.0,0.0,0.0,6391604.509789029,0.0,0.0,0.0,,0.0,0.0,0.0,0.0035374158093569304,0.0010362257332368063,2025-07-19,marvin vettori,brendan allen,0.0,0.2918967482461874,0.7081032517538126,200.0,-275.0,1.3636363636363638,3.0,0.0
441,0.0,-0.05802843094556409,1.2269749576912248,1.2,0,1.2,0.7849763075453633,0.7849763075453633,0,-500,True,-387693.3568628236,-1.0,0.2503750476205766,-387693.3568628236,0.0,1.0,1.0,0.8194725217406349,-0.20450520453613394,5084488.122200548,1.0,-919423.0307256577,-1.5132977258961513,0.0586484659725641,0.0,0.0,0.0,0.0,-0.030036251375709422,2025-07-26,muslim salikhov,carlos leal,1.0,0.2150236924546367,0.7849763075453633,350.0,-500.0,1.2,4.5,-0.0
442,0.07741680811491934,0.013380122884937229,1.8845906899295304,1.7874015748031495,1,1.7874015748031495,0.5669571612616169,0.5669571612616169,1,-127,True,-387693.3568628236,-1.0,0.2503750476205766,-387693.3568628236,0.0,1.0,1.0,0.8194725217406349,-0.20450520453613394,5084488.122200548,1.0,-919423.0307256577,-1.5132977258961513,0.0586484659725641,389596.39260633517,0.7874015748031495,0.07741208296793967,0.07741680811491934,0.03633796349969198,2025-07-26,asu almabayev,jose ochoa,1.0,0.5669571612616169,0.4330428387383831,-127.0,100.0,2.0,1.7874015748031495,0.07741208296793967
443,0.10773849057667075,0.020383407144584587,1.5434567458910486,1.4878048780487805,1,1.4878048780487805,0.6858314703758683,0.6858314703758683,1,-205,True,-387693.3568628236,-1.0,0.2503750476205766,-387693.3568628236,0.0,1.0,1.0,0.8194725217406349,-0.20450520453613394,5084488.122200548,1.0,-919423.0307256577,-1.5132977258961513,0.0586484659725641,-688579.7921071935,-1.0,0.10773191474106426,0.10773849057667075,0.03793511522229853,2025-07-26,nikita krylov,bogdan guskov,0.0,0.6858314703758683,0.3141685296241316,-205.0,160.0,2.6,1.4878048780487805,-0.10773191474106426
444,0.0,-0.1731421737541482,1.5707375154601255,1.510204081632653,1,1.510204081632653,0.5475139660276587,0.5475139660276587,1,-196,True,-387693.3568628236,-1.0,0.2503750476205766,-387693.3568628236,0.0,1.0,1.0,0.8194725217406349,-0.20450520453613394,5084488.122200548,1.0,-919423.0307256577,-1.5132977258961513,0.0586484659725641,0.0,0.0,0.0,0.0,-0.08912964256856437,2025-07-26,robert whittaker,reinier de ridder,0.0,0.5475139660276587,0.4524860339723413,-196.0,152.0,2.52,1.510204081632653,-0.0
445,0.051249794000448615,-0.012171167672484023,1.283806721914023,1.25,1,1.25,0.7902630658620128,0.7902630658620128,1,-400,True,-387693.3568628236,-1.0,0.2503750476205766,-387693.3568628236,0.0,1.0,1.0,0.8194725217406349,-0.20450520453613394,5084488.122200548,1.0,-919423.0307256577,-1.5132977258961513,0.0586484659725641,0.0,0.0,0.0,0.051249794000448615,0.011329615109314184,2025-07-26,petr yan,marcus mcghee,1.0,0.7902630658620128,0.2097369341379872,-400.0,285.0,3.85,1.25,0.0
446,0.196254907697245,0.07650684642246114,1.595204102950046,1.5376344086021505,1,1.5376344086021505,0.7001058511698524,0.7001058511698524,1,-186,True,-387693.3568628236,-1.0,0.2503750476205766,-387693.3568628236,0.0,1.0,1.0,0.8194725217406349,-0.20450520453613394,5084488.122200548,1.0,-919423.0307256577,-1.5132977258961513,0.0586484659725641,-1254307.1915975725,-1.0,0.19624292924828887,0.196254907697245,0.07322682161452587,2025-07-26,amanda ribas,tabatha ricci,0.0,0.7001058511698524,0.2998941488301476,-186.0,148.0,2.48,1.5376344086021505,-0.19624292924828887
447,0.0,-0.15285874293456614,1.4031443939987882,1.359712230215827,1,1.359712230215827,0.6230298133973298,0.6230298133973298,1,-278,True,-387693.3568628236,-1.0,0.2503750476205766,-387693.3568628236,0.0,1.0,1.0,0.8194725217406349,-0.20450520453613394,5084488.122200548,1.0,-919423.0307256577,-1.5132977258961513,0.0586484659725641,0.0,0.0,0.0,0.0,-0.08965521337323912,2025-07-26,ibo aslan,billy elekana,0.0,0.6230298133973298,0.3769701866026702,-278.0,210.0,3.1,1.359712230215827,-0.0
448,0.28048592552052193,0.1615114681118182,1.7852295627438008,1.6993006993006992,1,1.6993006993006992,0.6835232096295886,0.6835232096295886,1,-143,True,-387693.3568628236,-1.0,0.2503750476205766,-387693.3568628236,0.0,1.0,1.0,0.8194725217406349,-0.20450520453613394,5084488.122200548,1.0,-919423.0307256577,-1.5132977258961513,0.0586484659725641,1253598.381399493,0.6993006993006992,0.2804688060182319,0.28048592552052193,0.12337115923274533,2025-07-26,bryce mitchell,said nurmagomedov,1.0,0.6835232096295886,0.3164767903704114,-143.0,112.0,2.12,1.6993006993006992,0.2804688060182319
449,0.0,-0.11640607893830207,1.2713785307083862,1.238095238095238,0,1.238095238095238,0.7136720131652177,0.7136720131652177,0,-420,True,-387693.3568628236,-1.0,0.2503750476205766,-387693.3568628236,0.0,1.0,1.0,0.8194725217406349,-0.20450520453613394,5084488.122200548,1.0,-919423.0307256577,-1.5132977258961513,0.0586484659725641,0.0,0.0,0.0,0.0,-0.07287579761370144,2025-07-26,mohammad yahya,steven nguyen,0.0,0.2863279868347823,0.7136720131652177,295.0,-420.0,1.238095238095238,3.95,0.0
450,0.09696605097418476,0.0027679029625200524,1.2999039623072328,1.2666666666666666,0,1.2666666666666666,0.7916588707598843,0.7916588707598843,0,-375,True,-387693.3568628236,-1.0,0.2503750476205766,-387693.3568628236,0.0,1.0,1.0,0.8194725217406349,-0.20450520453613394,5084488.122200548,1.0,-919423.0307256577,-1.5132977258961513,0.0586484659725641,-619730.8210267198,-1.0,0.0969601326361126,0.09696605097418476,0.022371270293558787,2025-07-26,davey grant,damon blackshear,1.0,0.2083411292401157,0.7916588707598843,275.0,-375.0,1.2666666666666666,3.75,-0.0969601326361126
451,0.0,-0.19082484842860495,1.2571254275446928,1.2298850574712643,0,1.2298850574712643,0.6579274596888913,0.6579274596888913,0,-435,True,522275.8607955289,2.942682926829268,0.5044789695285272,522275.8607955289,0.0,1.0,0.8263629550472246,1.0,0.7252733155401158,8772131.680413276,0.8,3165367.6974171996,3.1044715447154467,0.08504205028512431,0.0,0.0,0.0,0.0,-0.1375381144607879,2025-08-02,danny silva,kevin vallejos,0.0,0.3420725403111087,0.6579274596888913,320.0,-435.0,1.2298850574712643,4.2,0.0
452,0.3295004173167975,0.04983871324230238,1.2294506706641666,1.2,1,1.2,0.8748655943685854,0.8748655943685854,1,-500,True,522275.8607955289,2.942682926829268,0.5044789695285272,522275.8607955289,0.0,1.0,0.8263629550472246,1.0,0.7252733155401158,8772131.680413276,0.8,3165367.6974171996,3.1044715447154467,0.08504205028512431,276871.04107191175,0.19999999999999996,0.2722703194673637,0.3295004173167975,0.06149420512871784,2025-08-02,rafael estevam,felipe bunes,1.0,0.8748655943685854,0.1251344056314146,-500.0,340.0,4.4,1.2,0.2722703194673637
453,0.00713845610310182,-0.05079428694707694,2.0,1.8849557522123888,1,1.8849557522123888,0.5035692280515509,0.5035692280515509,1,-113,True,522275.8607955289,2.942682926829268,0.5044789695285272,522275.8607955289,0.0,1.0,0.8263629550472246,1.0,0.7252733155401158,8772131.680413276,0.8,3165367.6974171996,3.1044715447154467,0.08504205028512431,0.0,0.0,0.0,0.00713845610310182,0.00356922805155091,2025-08-02,nick klein,andrey pulyaev,0.0,0.5035692280515509,0.4964307719484491,-113.0,-113.0,1.8849557522123888,1.8849557522123888,-0.0
454,0.022987781624150883,-0.025477865447262993,1.521441385512922,1.4651162790697674,1,1.4651162790697674,0.665150028345519,0.665150028345519,1,-215,True,522275.8607955289,2.942682926829268,0.5044789695285272,522275.8607955289,0.0,1.0,0.8263629550472246,1.0,0.7252733155401158,8772131.680413276,0.8,3165367.6974171996,3.1044715447154467,0.08504205028512431,0.0,0.0,0.0,0.022987781624150883,0.007878568845374634,2025-08-02,rodolfo vieira,tresean gore,1.0,0.665150028345519,0.334849971654481,-215.0,165.0,2.65,1.4651162790697674,0.0
455,0.1451417345425918,0.03925463306101995,1.560829938596752,1.5,1,1.5,0.69283642204068,0.69283642204068,1,-200,True,522275.8607955289,2.942682926829268,0.5044789695285272,522275.8607955289,0.0,1.0,0.8263629550472246,1.0,0.7252733155401158,8772131.680413276,0.8,3165367.6974171996,3.1044715447154467,0.08504205028512431,304897.5132795822,0.5,0.11993243211575197,0.1451417345425918,0.052151632960429684,2025-08-02,piera rodriguez,ketlen souza,1.0,0.69283642204068,0.30716357795932,-200.0,154.0,2.54,1.5,0.11993243211575197
456,0.0,-0.14188996203845886,1.2713785307083862,1.238095238095238,1,1.238095238095238,0.693088876815091,0.693088876815091,1,-420,True,522275.8607955289,2.942682926829268,0.5044789695285272,522275.8607955289,0.0,1.0,0.8263629550472246,1.0,0.7252733155401158,8772131.680413276,0.8,3165367.6974171996,3.1044715447154467,0.08504205028512431,0.0,0.0,0.0,0.0,-0.0934589339638281,2025-08-02,rinya nakamura,nathan fletcher,1.0,0.693088876815091,0.306911123184909,-420.0,295.0,3.95,1.238095238095238,0.0
457,0.2885705451112049,0.40518228923804667,2.9435992955426387,2.65,1,2.65,0.5302574676369988,0.5302574676369988,1,165,True,522275.8607955289,2.942682926829268,0.5044789695285272,522275.8607955289,0.0,1.0,0.8263629550472246,1.0,0.7252733155401158,8772131.680413276,0.8,3165367.6974171996,3.1044715447154467,0.08504205028512431,1929383.9212370778,1.65,0.22997862528636473,0.2885705451112049,0.19053731567397325,2025-08-02,neil magny,elizeu zaleski dos santos,1.0,0.5302574676369988,0.4697425323630012,165.0,-220.0,1.4545454545454546,2.65,0.22997862528636473
458,0.0,-0.1455539790706332,1.3849986143345598,1.3389830508474576,0,1.3389830508474576,0.6381305725928182,0.6381305725928182,0,-295,True,522275.8607955289,2.942682926829268,0.5044789695285272,522275.8607955289,0.0,1.0,0.8263629550472246,1.0,0.7252733155401158,8772131.680413276,0.8,3165367.6974171996,3.1044715447154467,0.08504205028512431,0.0,0.0,0.0,0.0,-0.08389181042628868,2025-08-02,elves brener,esteban ribovics,0.0,0.3618694274071817,0.6381305725928182,215.0,-295.0,1.3389830508474576,3.15,0.0
459,0.2037203797658483,0.07066462554429415,1.5434567458910486,1.4878048780487805,1,1.4878048780487805,0.7196270433986239,0.7196270433986239,1,-205,True,522275.8607955289,2.942682926829268,0.5044789695285272,522275.8607955289,0.0,1.0,0.8263629550472246,1.0,0.7252733155401158,8772131.680413276,0.8,3165367.6974171996,3.1044715447154467,0.08504205028512431,417515.09823864343,0.4878048780487805,0.16833669994272427,0.2037203797658483,0.07173068824505413,2025-08-02,karol rosa,nora cornolle,1.0,0.7196270433986239,0.280372956601376,-205.0,160.0,2.6,1.4878048780487805,0.16833669994272427
460,0.2112701707622262,0.033553012432683244,1.3043481179183931,1.2666666666666666,1,1.2666666666666666,0.8159629045521184,0.8159629045521184,1,-375,True,522275.8607955289,2.942682926829268,0.5044789695285272,522275.8607955289,0.0,1.0,0.8263629550472246,1.0,0.7252733155401158,8772131.680413276,0.8,3165367.6974171996,3.1044715447154467,0.08504205028512431,236700.12358998475,0.2666666666666666,0.17457518675022135,0.2112701707622262,0.04929640941744662,2025-08-02,tatsuro taira,hyunsung park,1.0,0.8159629045521184,0.1840370954478816,-375.0,265.0,3.65,1.2666666666666666,0.17457518675022135
461,0.0,-0.03735617903712157,1.4704112760201735,1.4166666666666667,1,1.4166666666666667,0.6795132853855612,0.6795132853855612,1,-240,True,522275.8607955289,2.942682926829268,0.5044789695285272,522275.8607955289,0.0,1.0,0.8263629550472246,1.0,0.7252733155401158,8772131.680413276,0.8,3165367.6974171996,3.1044715447154467,0.08504205028512431,0.0,0.0,0.0,0.0,-0.0005685504302029853,2025-08-02,mateusz rebecki,chris duncan,0.0,0.6795132853855612,0.3204867146144388,-240.0,180.0,2.8,1.4166666666666667,-0.0
462,0.0,-0.08235631653989017,1.740042491423768,1.6666666666666663,1,1.6666666666666663,0.550586210076066,0.550586210076066,1,-150,True,659818.0598349255,1.2546583850931676,0.5152073895049145,659818.0598349255,0.0,1.0,0.8091936801725594,1.0,0.3465079308771562,11811744.878375232,1.0,2379795.13812703,0.006211180124223503,0.14011661025237518,0.0,0.0,0.0,0.0,-0.024112399256032813,2025-08-09,cody brundage,eric mcconico,0.0,0.550586210076066,0.449413789923934,-150.0,120.0,2.2,1.6666666666666663,-0.0
463,0.5356589804366209,0.2828361066755041,1.6542766747881523,1.5714285714285714,1,1.5714285714285714,0.8163502497025935,0.8163502497025935,1,-175,True,659818.0598349255,1.2546583850931676,0.5152073895049145,659818.0598349255,0.0,1.0,0.8091936801725594,1.0,0.3465079308771562,11811744.878375232,1.0,2379795.13812703,0.006211180124223503,0.14011661025237518,2172608.419512287,0.5714285714285714,0.43342540589488476,0.5356589804366209,0.21185644570934037,2025-08-09,iasmin lucindo,angela hill,1.0,0.8163502497025935,0.1836497502974065,-175.0,130.0,2.3,1.5714285714285714,0.43342540589488476
464,0.0,-0.025565960727479603,1.181511618879317,1.1540832049306626,1,1.1540832049306626,0.8443360366994201,0.8443360366994201,1,-649,True,659818.0598349255,1.2546583850931676,0.5152073895049145,659818.0598349255,0.0,1.0,0.8091936801725594,1.0,0.3465079308771562,11811744.878375232,1.0,2379795.13812703,0.006211180124223503,0.14011661025237518,0.0,0.0,0.0,0.0,-0.002037358213544116,2025-08-09,julius walker,rafael cerqueira,1.0,0.8443360366994201,0.1556639633005798,-649.0,400.0,5.0,1.1540832049306626,0.0
465,0.0,-0.06637665770596154,1.2269749576912248,1.2,0,1.2,0.7780194519116987,0.7780194519116987,0,-500,True,659818.0598349255,1.2546583850931676,0.5152073895049145,659818.0598349255,0.0,1.0,0.8091936801725594,1.0,0.3465079308771562,11811744.878375232,1.0,2379795.13812703,0.006211180124223503,0.14011661025237518,0.0,0.0,0.0,0.0,-0.03699310700937397,2025-08-09,eryk anders,christian leroy duncan,0.0,0.2219805480883012,0.7780194519116987,350.0,-500.0,1.2,4.5,0.0
466,0.005404296780526855,-0.019611843490088432,1.2869328265348958,1.2597402597402598,1,1.2597402597402598,0.7782462685697236,0.7782462685697236,1,-385,True,659818.0598349255,1.2546583850931676,0.5152073895049145,659818.0598349255,0.0,1.0,0.8091936801725594,1.0,0.3465079308771562,11811744.878375232,1.0,2379795.13812703,0.006211180124223503,0.14011661025237518,0.0,0.0,0.0,0.005404296780526855,0.001204934802110258,2025-08-09,steve erceg,ode osbourne,1.0,0.7782462685697236,0.2217537314302764,-385.0,295.0,3.95,1.2597402597402598,0.0
467,0.09346553123489552,-0.0012369899520417726,1.2269749576912248,1.2,1,1.2,0.8323025083732986,0.8323025083732986,1,-500,True,659818.0598349255,1.2546583850931676,0.5152073895049145,659818.0598349255,0.0,1.0,0.8091936801725594,1.0,0.3465079308771562,11811744.878375232,1.0,2379795.13812703,0.006211180124223503,0.14011661025237518,0.0,0.0,0.0,0.09346553123489552,0.01728994945222584,2025-08-09,elijah smith,toshiomi kazama,1.0,0.8323025083732986,0.1676974916267014,-500.0,350.0,4.5,1.2,0.0
468,0.4567332684510638,0.18113871415079302,1.482372512006592,1.434782608695652,1,1.434782608695652,0.8232178916808558,0.8232178916808558,1,-230,True,659818.0598349255,1.2546583850931676,0.5152073895049145,659818.0598349255,0.0,1.0,0.8091936801725594,1.0,0.3465079308771562,11811744.878375232,1.0,2379795.13812703,0.006211180124223503,0.14011661025237518,1409502.7492838937,0.4347826086956521,0.36956311663577585,0.4567332684510638,0.14862362343827717,2025-08-09,joselyne edwards,priscila cachoeira,1.0,0.8232178916808558,0.1767821083191442,-230.0,180.0,2.8,1.434782608695652,0.36956311663577585
469,0.0,-0.15589568229016246,1.3641004737408158,1.3333333333333333,1,1.3333333333333333,0.6330782382823782,0.6330782382823782,1,-300,True,659818.0598349255,1.2546583850931676,0.5152073895049145,659818.0598349255,0.0,1.0,0.8091936801725594,1.0,0.3465079308771562,11811744.878375232,1.0,2379795.13812703,0.006211180124223503,0.14011661025237518,0.0,0.0,0.0,0.0,-0.10000559186810076,2025-08-09,uros medic,gilbert urbina,1.0,0.6330782382823782,0.3669217617176218,-300.0,240.0,3.4,1.3333333333333333,0.0
470,0.017953350747949674,-0.02435756270214537,1.2878276827094703,1.25,1,1.25,0.7805139498382837,0.7805139498382837,1,-400,True,659818.0598349255,1.2546583850931676,0.5152073895049145,659818.0598349255,0.0,1.0,0.8091936801725594,1.0,0.3465079308771562,11811744.878375232,1.0,2379795.13812703,0.006211180124223503,0.14011661025237518,0.0,0.0,0.0,0.017953350747949674,0.004012548737716837,2025-08-09,gabriella fernandes,julija stoliarenko,1.0,0.7805139498382837,0.2194860501617163,-400.0,275.0,3.75,1.25,0.0
471,0.01557182392577425,-0.018447705855774044,1.3604179261924223,1.3278688524590163,0,1.3278688524590163,0.7391937029975035,0.7391937029975035,0,-305,True,659818.0598349255,1.2546583850931676,0.5152073895049145,659818.0598349255,0.0,1.0,0.8091936801725594,1.0,0.3465079308771562,11811744.878375232,1.0,2379795.13812703,0.006211180124223503,0.14011661025237518,0.0,0.0,0.0,0.01557182392577425,0.00412547084120618,2025-08-09,miles johns,jean matsumoto,0.0,0.2608062970024965,0.7391937029975035,240.0,-305.0,1.3278688524590163,3.4,0.0
472,0.16938990369279344,0.05963938193254992,1.5466552587557778,1.5,0,1.5,0.7064262546217,0.7064262546217,0,-200,True,659818.0598349255,1.2546583850931676,0.5152073895049145,659818.0598349255,0.0,1.0,0.8091936801725594,1.0,0.3465079308771562,11811744.878375232,1.0,2379795.13812703,0.006211180124223503,0.14011661025237518,-1202316.0306691506,-1.0,0.13706087351079374,0.16938990369279344,0.059869761609507965,2025-08-09,andre fili,christian rodriguez,1.0,0.2935737453783001,0.7064262546217,163.0,-200.0,1.5,2.63,-0.13706087351079374
473,0.0,-0.05962739755039892,1.3505353516475953,1.3003003003003002,0,1.3003003003003002,0.7231964817914946,0.7231964817914946,0,-333,True,-844424.0654213267,-1.0,0.16701299210538267,-844424.0654213267,0.0,1.0,1.0,0.59059586660009,-0.33313335067160416,7876858.729763932,1.0,-3090462.083189974,-0.38650306748466257,0.08470260060083223,0.0,0.0,0.0,0.0,-0.017250629629944836,2025-08-16,tim elliott,kai asakura,1.0,0.2768035182085054,0.7231964817914946,225.0,-333.0,1.3003003003003002,3.25,-0.0
474,0.03501083182559126,-0.02183247303353658,1.414293077175543,1.3636363636363638,0,1.3636363636363638,0.7173228531087398,0.7173228531087398,0,-275,True,-844424.0654213267,-1.0,0.16701299210538267,-844424.0654213267,0.0,1.0,1.0,0.59059586660009,-0.33313335067160416,7876858.729763932,1.0,-3090462.083189974,-0.38650306748466257,0.08470260060083223,0.0,0.0,0.0,0.03501083182559126,0.010255827088163971,2025-08-16,jessica andrade,loopy godinez,0.0,0.2826771468912602,0.7173228531087398,200.0,-275.0,1.3636363636363638,3.0,0.0
475,0.0,-0.08768589612682504,1.5675912773046496,1.5,0,1.5,0.6082094025821166,0.6082094025821166,0,-200,True,-844424.0654213267,-1.0,0.16701299210538267,-844424.0654213267,0.0,1.0,1.0,0.59059586660009,-0.33313335067160416,7876858.729763932,1.0,-3090462.083189974,-0.38650306748466257,0.08470260060083223,0.0,0.0,0.0,0.0,-0.029711983226703098,2025-08-16,jared cannonier,michael page,0.0,0.3917905974178833,0.6082094025821166,150.0,-200.0,1.5,2.5,0.0
476,0.0,-0.1303896629022394,1.4828375314494842,1.4444444444444444,0,1.4444444444444444,0.602037925683065,0.602037925683065,0,-225,True,-844424.0654213267,-1.0,0.16701299210538267,-844424.0654213267,0.0,1.0,1.0,0.59059586660009,-0.33313335067160416,7876858.729763932,1.0,-3090462.083189974,-0.38650306748466257,0.08470260060083223,0.0,0.0,0.0,0.0,-0.07234478907226827,2025-08-16,dricus du plessis,khamzat chimaev,0.0,0.397962074316935,0.602037925683065,185.0,-225.0,1.4444444444444444,2.85,0.0
477,0.0,-0.0816727950640492,1.3749554300813842,1.3448275862068966,0,1.3448275862068966,0.6828586908498095,0.6828586908498095,0,-290,True,-844424.0654213267,-1.0,0.16701299210538267,-844424.0654213267,0.0,1.0,1.0,0.59059586660009,-0.33313335067160416,7876858.729763932,1.0,-3090462.083189974,-0.38650306748466257,0.08470260060083223,0.0,0.0,0.0,0.0,-0.044437611358916995,2025-08-16,geoff neal,carlos prates,0.0,0.3171413091501905,0.6828586908498095,235.0,-290.0,1.3448275862068966,3.35,0.0
478,0.35955958397038723,0.10951413765132173,1.4031443939987882,1.359712230215827,1,1.359712230215827,0.8159918790134061,0.8159918790134061,1,-278,True,-844424.0654213267,-1.0,0.16701299210538267,-844424.0654213267,0.0,1.0,1.0,0.59059586660009,-0.33313335067160416,7876858.729763932,1.0,-3090462.083189974,-0.38650306748466257,0.08470260060083223,-4246766.8565329,-1.0,0.3595376381949984,0.35955958397038723,0.1033068522428372,2025-08-16,chase hooper,alexander hernandez,0.0,0.8159918790134061,0.1840081209865939,-278.0,210.0,3.1,1.359712230215827,-0.3595376381949984
479,0.0,-0.06787586955793923,1.5105772597440823,1.4444444444444444,0,1.4444444444444444,0.6453167056906575,0.6453167056906575,0,-225,True,-844424.0654213267,-1.0,0.16701299210538267,-844424.0654213267,0.0,1.0,1.0,0.59059586660009,-0.33313335067160416,7876858.729763932,1.0,-3090462.083189974,-0.38650306748466257,0.08470260060083223,0.0,0.0,0.0,0.0,-0.016681873693105476,2025-08-16,gerald meerschaert,michal oleksiejczuk,0.0,0.3546832943093425,0.6453167056906575,163.0,-225.0,1.4444444444444444,2.63,0.0
480,0.15957776303371293,0.05182345362067908,1.7070898936730217,1.6134969325153374,1,1.6134969325153374,0.6518905815215615,0.6518905815215615,1,-163,True,-844424.0654213267,-1.0,0.16701299210538267,-844424.0654213267,0.0,1.0,1.0,0.59059586660009,-0.33313335067160416,7876858.729763932,1.0,-3090462.083189974,-0.38650306748466257,0.08470260060083223,1156304.7733429256,0.6134969325153374,0.15956802318001215,0.15957776303371293,0.06609834895882727,2025-08-16,karine silva,dione barbosa,1.0,0.6518905815215615,0.3481094184784384,-163.0,120.0,2.2,1.6134969325153374,0.15956802318001215
481,0.007799625904333181,-0.053756972164478056,1.771956645840295,1.6666666666666663,1,1.6666666666666663,0.5677458167013133,0.5677458167013133,1,-150,True,-844424.0654213267,-1.0,0.16701299210538267,-844424.0654213267,0.0,1.0,1.0,0.59059586660009,-0.33313335067160416,7876858.729763932,1.0,-3090462.083189974,-0.38650306748466257,0.08470260060083223,0.0,0.0,0.0,0.007799625904333181,0.00339792345712997,2025-08-16,edson barboza,drakkar klose,0.0,0.5677458167013133,0.4322541832986867,-150.0,110.0,2.1,1.6666666666666663,-0.0
482,0.0,-0.04654615055451422,1.673806258113421,1.6024096385542168,1,1.6024096385542168,0.5950125526614686,0.5950125526614686,1,-166,True,-278508.93633505085,-1.0,0.6723123316293453,-278508.93633505085,0.0,1.0,1.0,0.7898136097180899,-0.04926531400130311,7488802.811098206,0.6666666666666666,-109546.98233067477,0.08571428571428563,0.11975880163617596,0.0,0.0,0.0,0.0,-0.002428157786775964,2025-08-23,sumudaerji,kevin borjas,1.0,0.5950125526614686,0.4049874473385314,-166.0,130.0,2.3,1.6024096385542168,0.0
483,0.0,-0.038254232353075734,1.4236574892604168,1.3773584905660377,1,1.3773584905660377,0.6982537765107807,0.6982537765107807,1,-265,True,-278508.93633505085,-1.0,0.6723123316293453,-278508.93633505085,0.0,1.0,1.0,0.7898136097180899,-0.04926531400130311,7488802.811098206,0.6666666666666666,-109546.98233067477,0.08571428571428563,0.11975880163617596,0.0,0.0,0.0,0.0,-0.004162364691479348,2025-08-23,sergei pavlovich,waldo cortes acosta,1.0,0.6982537765107807,0.3017462234892193,-265.0,200.0,3.0,1.3773584905660377,0.0
484,0.2820503344221503,0.43215773224184295,2.8905472687605305,2.7,0,2.7,0.530428789719201,0.530428789719201,0,170,True,-278508.93633505085,-1.0,0.6723123316293453,-278508.93633505085,0.0,1.0,1.0,0.7898136097180899,-0.04926531400130311,7488802.811098206,0.6666666666666666,-109546.98233067477,0.08571428571428563,0.11975880163617596,-2221128.238867619,-1.0,0.281981474477223,0.2820503344221503,0.18447354075736655,2025-08-23,uran satybaldiev,diyar nurgozhay,1.0,0.4695712102807989,0.530428789719201,-205.0,170.0,2.7,1.4878048780487805,-0.281981474477223
485,0.0,-0.05386163314228054,1.381313183112994,1.3389830508474576,1,1.3389830508474576,0.7066096663874107,0.7066096663874107,1,-295,True,-278508.93633505085,-1.0,0.6723123316293453,-278508.93633505085,0.0,1.0,1.0,0.7898136097180899,-0.04926531400130311,7488802.811098206,0.6666666666666666,-109546.98233067477,0.08571428571428563,0.11975880163617596,0.0,0.0,0.0,0.0,-0.017339118164367617,2025-08-23,michel pereira,kyle daukaus,0.0,0.7066096663874107,0.2933903336125892,-295.0,220.0,3.2,1.3389830508474576,-0.0
486,0.0,-0.05844661444894039,1.2904452922076262,1.2564102564102564,0,1.2564102564102564,0.7493996333977822,0.7493996333977822,0,-390,True,-278508.93633505085,-1.0,0.6723123316293453,-278508.93633505085,0.0,1.0,1.0,0.7898136097180899,-0.04926531400130311,7488802.811098206,0.6666666666666666,-109546.98233067477,0.08571428571428563,0.11975880163617596,0.0,0.0,0.0,0.0,-0.025526669978668926,2025-08-23,johnny walker,zhang mingyang,1.0,0.2506003666022178,0.7493996333977822,280.0,-390.0,1.2564102564102564,3.8,-0.0
487,0.0,-0.057770117240205185,1.0880971341126855,1.0714285714285714,1,1.0714285714285714,0.8794145572424752,0.8794145572424752,1,-1400,True,-278508.93633505085,-1.0,0.6723123316293453,-278508.93633505085,0.0,1.0,1.0,0.7898136097180899,-0.04926531400130311,7488802.811098206,0.6666666666666666,-109546.98233067477,0.08571428571428563,0.11975880163617596,0.0,0.0,0.0,0.0,-0.03962104045301329,2025-08-23,yizha,westin wilson,1.0,0.8794145572424752,0.1205854427575248,-1400.0,680.0,7.8,1.0714285714285714,0.0
488,0.21371795793059195,0.039002281980079795,1.3228276436404725,1.2857142857142856,1,1.2857142857142856,0.8081128859845066,0.8081128859845066,1,-350,True,-278508.93633505085,-1.0,0.6723123316293453,-278508.93633505085,0.0,1.0,1.0,0.7898136097180899,-0.04926531400130311,7488802.811098206,0.6666666666666666,-109546.98233067477,0.08571428571428563,0.11975880163617596,480949.5469868662,0.2857142857142856,0.21370491362163624,0.21371795793059195,0.05215650360353241,2025-08-23,rongzhu,austin hubbard,1.0,0.8081128859845066,0.1918871140154934,-350.0,255.0,3.55,1.2857142857142856,0.21370491362163624
489,0.0,-0.04377606951498619,1.4580990764261734,1.4081632653061225,0,1.4081632653061225,0.6790575738226909,0.6790575738226909,0,-245,True,-278508.93633505085,-1.0,0.6723123316293453,-278508.93633505085,0.0,1.0,1.0,0.7898136097180899,-0.04926531400130311,7488802.811098206,0.6666666666666666,-109546.98233067477,0.08571428571428563,0.11975880163617596,0.0,0.0,0.0,0.0,-0.006766878141861166,2025-08-23,charles johnson,loneer kavanagh,1.0,0.320942426177309,0.6790575738226909,186.0,-245.0,1.4081632653061225,2.8600000000000003,-0.0
490,0.2587851479620031,0.16768725537764195,1.900892118087716,1.8,0,1.8,0.6487151418764677,0.6487151418764677,0,-125,True,-278508.93633505085,-1.0,0.6723123316293453,-278508.93633505085,0.0,1.0,1.0,0.7898136097180899,-0.04926531400130311,7488802.811098206,0.6666666666666666,-109546.98233067477,0.08571428571428563,0.11975880163617596,1630631.709550078,0.8,0.25876935297006204,0.2587851479620031,0.1226463605476289,2025-08-23,maheshate,gauge young,0.0,0.3512848581235323,0.6487151418764677,-102.0,-125.0,1.8,1.9803921568627447,0.25876935297006204
491,0.1666215072603441,0.05445530766465584,1.5216329835718034,1.4761904761904765,1,1.4761904761904765,0.7143084342244441,0.7143084342244441,1,-210,True,-395307.8955017177,-1.0,0.22235484569607533,-395307.8955017177,0.0,1.0,1.0,0.6277180619633788,-0.07861076717100311,6900102.276925411,0.6666666666666666,-193392.63867107697,-0.16017316017315975,0.07487453642087606,594152.1202669246,0.4761904761904765,0.16661133749061385,0.1666215072603441,0.05711973576928109,2025-09-06,sam patterson,trey waters,1.0,0.7143084342244441,0.2856915657755559,-210.0,170.0,2.7,1.4761904761904765,0.16661133749061385
492,0.039185494413259,-0.018425869751110213,1.2878276827094703,1.25,1,1.25,0.7852593041991118,0.7852593041991118,1,-400,True,-395307.8955017177,-1.0,0.22235484569607533,-395307.8955017177,0.0,1.0,1.0,0.6277180619633788,-0.07861076717100311,6900102.276925411,0.6666666666666666,-193392.63867107697,-0.16017316017315975,0.07487453642087606,0.0,0.0,0.0,0.039185494413259,0.008757903098544961,2025-09-06,oumar sy,brendson ribeiro,1.0,0.7852593041991118,0.2147406958008881,-400.0,275.0,3.75,1.25,0.0
493,0.0,-0.10186040585379835,1.4648660950833083,1.4,0,1.4,0.6415282815330012,0.6415282815330012,0,-250,True,-395307.8955017177,-1.0,0.22235484569607533,-395307.8955017177,0.0,1.0,1.0,0.6277180619633788,-0.07861076717100311,6900102.276925411,0.6666666666666666,-193392.63867107697,-0.16017316017315975,0.07487453642087606,0.0,0.0,0.0,0.0,-0.04112797172892513,2025-09-06,shauna bannon,sam hughes,0.0,0.3584717184669987,0.6415282815330012,175.0,-250.0,1.4,2.75,0.0
494,0.1860162520544247,0.15922869069081103,2.224015048485783,2.1,1,2.1,0.5520136622337195,0.5520136622337195,1,110,True,-395307.8955017177,-1.0,0.22235484569607533,-395307.8955017177,0.0,1.0,1.0,0.6277180619633788,-0.07861076717100311,6900102.276925411,0.6666666666666666,-193392.63867107697,-0.16017316017315975,0.07487453642087606,-1392954.0069401907,-1.0,0.18600489852341553,0.1860162520544247,0.10237641689185534,2025-09-06,andreas gustafsson,rinat fakhretdinov,0.0,0.5520136622337195,0.4479863377662805,110.0,-135.0,1.7407407407407407,2.1,-0.18600489852341553
495,0.2223288683303585,0.0529924763028195,1.414293077175543,1.3636363636363638,1,1.3636363636363638,0.7721944826220676,0.7721944826220676,1,-275,True,-395307.8955017177,-1.0,0.22235484569607533,-395307.8955017177,0.0,1.0,1.0,0.6277180619633788,-0.07861076717100311,6900102.276925411,0.6666666666666666,-193392.63867107697,-0.16017316017315975,0.07487453642087606,605409.2480021891,0.36363636363636376,0.22231529845314107,0.2223288683303585,0.06512745660149177,2025-09-06,modestas bukauskas,paul craig,1.0,0.7721944826220676,0.2278055173779324,-275.0,200.0,3.0,1.3636363636363638,0.22231529845314107
496,0.0,-0.08918973295134952,1.5105772597440823,1.4444444444444444,0,1.4444444444444444,0.6305609541106042,0.6305609541106042,0,-225,True,-395307.8955017177,-1.0,0.22235484569607533,-395307.8955017177,0.0,1.0,1.0,0.6277180619633788,-0.07861076717100311,6900102.276925411,0.6666666666666666,-193392.63867107697,-0.16017316017315975,0.07487453642087606,0.0,0.0,0.0,0.0,-0.03143762527315874,2025-09-06,bolaji oki,mason jones,0.0,0.3694390458893958,0.6305609541106042,163.0,-225.0,1.4444444444444444,2.63,0.0
497,0.009327471954645726,-0.05264762324678268,1.771956645840295,1.6666666666666663,1,1.6666666666666663,0.5684114260519305,0.5684114260519305,1,-150,True,-395307.8955017177,-1.0,0.22235484569607533,-395307.8955017177,0.0,1.0,1.0,0.6277180619633788,-0.07861076717100311,6900102.276925411,0.6666666666666666,-193392.63867107697,-0.16017316017315975,0.07487453642087606,0.0,0.0,0.0,0.009327471954645726,0.004063532807747183,2025-09-06,nassourdine imavov,caio borralho,1.0,0.5684114260519305,0.4315885739480695,-150.0,110.0,2.1,1.6666666666666663,0.0
498,0.0,-0.19422128144570758,1.494713487550269,1.4444444444444444,0,1.4444444444444444,0.5578468051529717,0.5578468051529717,0,-225,True,-395307.8955017177,-1.0,0.22235484569607533,-395307.8955017177,0.0,1.0,1.0,0.6277180619633788,-0.07861076717100311,6900102.276925411,0.6666666666666666,-193392.63867107697,-0.16017316017315975,0.07487453642087606,0.0,0.0,0.0,0.0,-0.11117773254550734,2025-09-06,benoit st denis,mauricio ruffy,1.0,0.4421531948470283,0.5578468051529717,175.0,-225.0,1.4444444444444444,2.75,-0.0
499,0.07088505178338196,-0.004618979311874827,1.5675912773046496,1.5,0,1.5,0.6635873471254168,0.6635873471254168,0,-200,True,-179273.46854074803,-1.0,0.714957808204101,-179273.46854074803,0.0,1.0,0.7297713591173233,1.0,0.22136662307787144,8427554.61686032,0.75,1706725.808475658,1.5303030303030298,0.1501861694349595,0.0,0.0,0.0,0.07088505178338196,0.02566596131659704,2025-09-13,diego lopes,jean silva,1.0,0.3364126528745833,0.6635873471254168,150.0,-200.0,1.5,2.5,-0.0
500,0.27951860319598376,0.1559637666481664,1.740042491423768,1.6666666666666663,1,1.6666666666666663,0.6935782599889,0.6935782599889,1,-150,True,-179273.46854074803,-1.0,0.714957808204101,-179273.46854074803,0.0,1.0,0.7297713591173233,1.0,0.22136662307787144,8427554.61686032,0.75,1706725.808475658,1.5303030303030298,0.1501861694349595,938286.123064301,0.6666666666666663,0.20397222071664461,0.27951860319598376,0.11887965065680117,2025-09-13,alexander hernandez,diego ferreira,1.0,0.6935782599889,0.3064217400111,-150.0,120.0,2.2,1.6666666666666663,0.20397222071664461
501,0.007899168018002473,-0.029854823299394206,1.494713487550269,1.4444444444444444,1,1.4444444444444444,0.6716389684850348,0.6716389684850348,1,-225,True,-179273.46854074803,-1.0,0.714957808204101,-179273.46854074803,0.0,1.0,0.7297713591173233,1.0,0.22136662307787144,8427554.61686032,0.75,1706725.808475658,1.5303030303030298,0.1501861694349595,0.0,0.0,0.0,0.007899168018002473,0.002614430786555766,2025-09-13,rob font,david martinez,0.0,0.6716389684850348,0.3283610315149652,-225.0,175.0,2.75,1.4444444444444444,-0.0
502,0.2540298193834724,0.3103241715226229,2.7618311626435696,2.5,1,2.5,0.5241296686090492,0.5241296686090492,1,150,True,-179273.46854074803,-1.0,0.714957808204101,-179273.46854074803,0.0,1.0,0.7297713591173233,1.0,0.22136662307787144,8427554.61686032,0.75,1706725.808475658,1.5303030303030298,0.1501861694349595,1918632.485298576,1.5,0.18537237162553016,0.2540298193834724,0.16205105441786888,2025-09-13,rafa garcia,jared gordon,1.0,0.5241296686090492,0.4758703313909508,150.0,-200.0,1.5,2.5,0.18537237162553016
503,0.0,-0.11784734862018459,1.494713487550269,1.4444444444444444,1,1.4444444444444444,0.6107210663398722,0.6107210663398722,1,-225,True,-179273.46854074803,-1.0,0.714957808204101,-179273.46854074803,0.0,1.0,0.7297713591173233,1.0,0.22136662307787144,8427554.61686032,0.75,1706725.808475658,1.5303030303030298,0.1501861694349595,0.0,0.0,0.0,0.0,-0.058303471358606807,2025-09-13,kelvin gastelum,dustin stoltzfus,1.0,0.6107210663398722,0.3892789336601278,-225.0,175.0,2.75,1.4444444444444444,0.0
504,0.017755829098703265,-0.035111003004059005,1.5105772597440823,1.4444444444444444,0,1.4444444444444444,0.6680000748433438,0.6680000748433438,0,-225,True,-179273.46854074803,-1.0,0.714957808204101,-179273.46854074803,0.0,1.0,0.7297713591173233,1.0,0.22136662307787144,8427554.61686032,0.75,1706725.808475658,1.5303030303030298,0.1501861694349595,0.0,0.0,0.0,0.017755829098703265,0.006001495459580841,2025-09-13,jesus aguilar,luis gurule,1.0,0.3319999251566562,0.6680000748433438,163.0,-225.0,1.4444444444444444,2.63,-0.0
505,0.4200477778195596,0.13197209653278352,1.414293077175543,1.3636363636363638,1,1.3636363636363638,0.8301128707907078,0.8301128707907078,1,-275,True,-179273.46854074803,-1.0,0.714957808204101,-179273.46854074803,0.0,1.0,0.7297713591173233,1.0,0.22136662307787144,8427554.61686032,0.75,1706725.808475658,1.5303030303030298,0.1501861694349595,769098.2667649625,0.36363636363636376,0.30652012806773493,0.4200477778195596,0.12304584477013203,2025-09-13,tatiana suarez,amanda lemos,1.0,0.8301128707907078,0.1698871292092921,-275.0,200.0,3.0,1.3636363636363638,0.30652012806773493
506,0.0,-0.05882959583712305,1.414293077175543,1.3636363636363638,0,1.3636363636363638,0.690191629719443,0.690191629719443,0,-275,True,-179273.46854074803,-1.0,0.714957808204101,-179273.46854074803,0.0,1.0,0.7297713591173233,1.0,0.22136662307787144,8427554.61686032,0.75,1706725.808475658,1.5303030303030298,0.1501861694349595,0.0,0.0,0.0,0.0,-0.016875396301132772,2025-09-13,jose daniel medina,dusko todorovic,0.0,0.3098083702805569,0.690191629719443,200.0,-275.0,1.3636363636363638,3.0,0.0
507,0.38491115773104034,0.3088042222492817,2.0458433037171218,1.9090909090909087,1,1.9090909090909087,0.6855641164162906,0.6855641164162906,1,-110,True,-179273.46854074803,-1.0,0.714957808204101,-179273.46854074803,0.0,1.0,0.7297713591173233,1.0,0.22136662307787144,8427554.61686032,0.75,1706725.808475658,1.5303030303030298,0.1501861694349595,-1919291.0666521813,-1.0,0.2781540025965224,0.38491115773104034,0.1967681278950359,2025-09-13,claudio puelles,joaquim silva,0.0,0.6855641164162906,0.3144358835837094,-110.0,-120.0,1.8333333333333333,1.9090909090909087,-0.2781540025965224
508,0.22562828192422066,0.10487245292100666,1.6218147202566782,1.5714285714285714,1,1.5714285714285714,0.7031006518588224,0.7031006518588224,1,-175,True,732163.7637094506,1.2401215805471124,0.1726378165139122,732163.7637094506,0.0,1.0,1.0,0.872112904387945,0.3461566959641945,11344809.078090483,1.0,2185090.6975207115,1.0981509625126649,0.06028587530274321,1086502.0634288543,0.5714285714285714,0.22561451066677898,0.22562828192422066,0.08650740756903452,2025-09-27,carlos ulberg,dominick reyes,1.0,0.7031006518588224,0.2968993481411776,-175.0,145.0,2.45,1.5714285714285714,0.22561451066677898
509,0.18920836224530554,0.061333200419424805,1.4600730401956818,1.425531914893617,1,1.425531914893617,0.7445173196972085,0.7445173196972085,1,-235,True,732163.7637094506,1.2401215805471124,0.1726378165139122,732163.7637094506,0.0,1.0,1.0,0.872112904387945,0.3461566959641945,11344809.078090483,1.0,2185090.6975207115,1.0981509625126649,0.06028587530274321,678496.375462939,0.42553191489361697,0.1891968138833521,0.18920836224530554,0.05962007656615387,2025-09-27,jimmy crute,ivan erslan,1.0,0.7445173196972085,0.2554826803027915,-235.0,195.0,2.95,1.425531914893617,0.1891968138833521
510,0.03259034009521886,-0.010956374796282697,1.3641004737408158,1.3333333333333333,1,1.3333333333333333,0.741782718902788,0.741782718902788,1,-300,True,732163.7637094506,1.2401215805471124,0.1726378165139122,732163.7637094506,0.0,1.0,1.0,0.872112904387945,0.3461566959641945,11344809.078090483,1.0,2185090.6975207115,1.0981509625126649,0.06028587530274321,0.0,0.0,0.0,0.03259034009521886,0.008698888752309064,2025-09-27,jack jenkins,ramon taveras,1.0,0.741782718902788,0.258217281097212,-300.0,240.0,3.4,1.3333333333333333,0.0
511,0.1294106606724885,0.05460522417977448,1.6755727354440249,1.625,1,1.625,0.6489878302644766,0.6489878302644766,1,-160,True,732163.7637094506,1.2401215805471124,0.1726378165139122,732163.7637094506,0.0,1.0,1.0,0.872112904387945,0.3461566959641945,11344809.078090483,1.0,2185090.6975207115,1.0981509625126649,0.06028587530274321,681593.0280871042,0.625,0.12940276207259394,0.1294106606724885,0.05217697338752869,2025-09-27,tom nolan,charlie campbell,1.0,0.6489878302644766,0.3510121697355234,-160.0,135.0,2.35,1.625,0.12940276207259394
512,0.021377823118636393,-0.013351880957936019,1.2307258411915647,1.2083333333333333,1,1.2083333333333333,0.8165363743796392,0.8165363743796392,1,-480,True,732163.7637094506,1.2401215805471124,0.1726378165139122,732163.7637094506,0.0,1.0,1.0,0.872112904387945,0.3461566959641945,11344809.078090483,1.0,2185090.6975207115,1.0981509625126649,0.06028587530274321,0.0,0.0,0.0,0.021377823118636393,0.004007729468909482,2025-09-27,jake matthews,neil magny,0.0,0.8165363743796392,0.1834636256203607,-480.0,360.0,4.6,1.2083333333333333,-0.0
513,0.0,-0.22753348183075117,1.5289473670000402,1.4878048780487805,0,1.4878048780487805,0.5191988072940853,0.5191988072940853,0,-205,True,732163.7637094506,1.2401215805471124,0.1726378165139122,732163.7637094506,0.0,1.0,1.0,0.872112904387945,0.3461566959641945,11344809.078090483,1.0,2185090.6975207115,1.0981509625126649,0.06028587530274321,0.0,0.0,0.0,0.0,-0.1348459437440802,2025-09-27,loma lookboonmee,alexia thainara,0.0,0.4808011927059147,0.5191988072940853,170.0,-205.0,1.4878048780487805,2.7,0.0
514,0.15365759559553532,0.051489970419206166,1.514999428614204,1.4761904761904765,1,1.4761904761904765,0.7122996573807524,0.7122996573807524,1,-210,True,732163.7637094506,1.2401215805471124,0.1726378165139122,732163.7637094506,0.0,1.0,1.0,0.872112904387945,0.3461566959641945,11344809.078090483,1.0,2185090.6975207115,1.0981509625126649,0.06028587530274321,616608.924393534,0.4761904761904765,0.15364821708017914,0.15365759559553532,0.052233401834559046,2025-09-27,navajo stirling,rodolfo bellato,1.0,0.7122996573807524,0.2877003426192476,-210.0,175.0,2.75,1.4761904761904765,0.15364821708017914
515,0.1042014359573099,0.05162290352826293,1.9546350529352048,1.869565217391304,0,1.869565217391304,0.5624959716546524,0.5624959716546524,0,-115,True,732163.7637094506,1.2401215805471124,0.1726378165139122,732163.7637094506,0.0,1.0,1.0,0.872112904387945,0.3461566959641945,11344809.078090483,1.0,2185090.6975207115,1.0981509625126649,0.06028587530274321,-878109.6938517201,-1.0,0.10419507600638478,0.1042014359573099,0.050891517156439914,2025-09-27,jamie mullarkey,rolando bedoya,1.0,0.4375040283453476,0.5624959716546524,-105.0,-115.0,1.869565217391304,1.9523809523809523,-0.10419507600638478
516,0.13350407429840955,0.007860785711546886,1.3505353516475953,1.3003003003003002,0,1.3003003003003002,0.7750984795425985,0.7750984795425985,0,-333,True,544924.760805907,1.597142857142857,0.33032893460659807,544924.760805907,0.0,1.0,0.4933503810136812,1.0,0.29577883211657363,14700363.45779359,0.8888888888888888,2810629.6188971987,1.1854165793700675,0.06839008582292931,224376.0187080448,0.3003003003003002,0.06586026588501662,0.13350407429840955,0.03465136812115899,2025-10-04,chris gutierrez,farid basharat,0.0,0.2249015204574015,0.7750984795425985,225.0,-333.0,1.3003003003003002,3.25,0.06586026588501662
517,0.15673425620283932,0.051604114503113085,1.489227930742258,1.4545454545454546,1,1.4545454545454546,0.7229778287208902,0.7229778287208902,1,-220,True,544924.760805907,1.597142857142857,0.33032893460659807,544924.760805907,0.0,1.0,0.4933503810136812,1.0,0.29577883211657363,14700363.45779359,0.8888888888888888,2810629.6188971987,1.1854165793700675,0.06839008582292931,398719.4282406364,0.4545454545454546,0.07732018547790706,0.15673425620283932,0.0514889455506814,2025-10-04,punahele soriano,nikolay veretennikov,1.0,0.7229778287208902,0.2770221712791098,-220.0,185.0,2.85,1.4545454545454546,0.07732018547790706
518,0.45091907411283916,0.11020401866248078,1.3308699435100788,1.2857142857142856,0,1.2857142857142856,0.8634920145152629,0.8634920145152629,0,-350,True,544924.760805907,1.597142857142857,0.33032893460659807,544924.760805907,0.0,1.0,0.4933503810136812,1.0,0.29577883211657363,14700363.45779359,0.8888888888888888,2810629.6188971987,1.1854165793700675,0.06839008582292931,721035.609647927,0.2857142857142856,0.2224475190720894,0.45091907411283916,0.1121037929415093,2025-10-04,josh emmett,youssef zalal,0.0,0.1365079854847371,0.8634920145152629,240.0,-350.0,1.2857142857142856,3.4,0.2224475190720894
519,0.1028744158662931,0.006445957243473632,1.5105772597440823,1.4444444444444444,1,1.4444444444444444,0.6967702780916356,0.6967702780916356,1,-225,True,544924.760805907,1.597142857142857,0.33032893460659807,544924.760805907,0.0,1.0,0.4933503810136812,1.0,0.29577883211657363,14700363.45779359,0.8888888888888888,2810629.6188971987,1.1854165793700675,0.06839008582292931,-575749.4525496112,-1.0,0.05075003453883767,0.1028744158662931,0.03477169870787267,2025-10-04,macy chiasson,yana santos,0.0,0.6967702780916356,0.3032297219083644,-225.0,163.0,2.63,1.4444444444444444,-0.05075003453883767
520,0.24125578500302144,0.1982742921515569,2.155833789630159,2.02,1,2.02,0.5932050951245331,0.5932050951245331,1,102,True,544924.760805907,1.597142857142857,0.33032893460659807,544924.760805907,0.0,1.0,0.4933503810136812,1.0,0.29577883211657363,14700363.45779359,0.8888888888888888,2810629.6188971987,1.1854165793700675,0.06839008582292931,1377222.341139305,1.02,0.11901636882693015,0.24125578500302144,0.12934744301325712,2025-10-04,daniel santos,joosang yoo,1.0,0.5932050951245331,0.4067949048754669,102.0,-130.0,1.7692307692307692,2.02,0.11901636882693015
521,0.4261360615144874,0.0968695283601006,1.2908152619782147,1.2597402597402598,1,1.2597402597402598,0.8707108627188427,0.8707108627188427,1,-385,True,544924.760805907,1.597142857142857,0.33032893460659807,544924.760805907,0.0,1.0,0.4933503810136812,1.0,0.29577883211657363,14700363.45779359,0.8888888888888888,2810629.6188971987,1.1854165793700675,0.06839008582292931,619460.6296072941,0.2597402597402598,0.21022155662310213,0.4261360615144874,0.09600666649833256,2025-10-04,merab dvalishvili,cory sandhagen,1.0,0.8707108627188427,0.1292891372811573,-385.0,285.0,3.85,1.2597402597402598,0.21022155662310213
522,0.1979343833401765,0.06236932498778841,1.521441385512922,1.4651162790697674,1,1.4651162790697674,0.7251092218170619,0.7251092218170619,1,-215,True,544924.760805907,1.597142857142857,0.33032893460659807,544924.760805907,0.0,1.0,0.4933503810136812,1.0,0.29577883211657363,14700363.45779359,0.8888888888888888,2810629.6188971987,1.1854165793700675,0.06839008582292931,515239.243522502,0.4651162790697674,0.0976450432923314,0.1979343833401765,0.06783776231691763,2025-10-04,jiri prochazka,khalil rountree jr,1.0,0.7251092218170619,0.274890778182938,-215.0,165.0,2.65,1.4651162790697674,0.0976450432923314
523,0.12345616671818103,0.010568014072671772,1.4648660950833083,1.4,1,1.4,0.7218342957661942,0.7218342957661942,1,-250,True,544924.760805907,1.597142857142857,0.33032893460659807,544924.760805907,0.0,1.0,0.4933503810136812,1.0,0.29577883211657363,14700363.45779359,0.8888888888888888,2810629.6188971987,1.1854165793700675,0.06839008582292931,276375.1115505701,0.3999999999999999,0.06090342941167606,0.12345616671818103,0.03917804250426782,2025-10-04,edmen shahbazyan,andre muniz,1.0,0.7218342957661942,0.2781657042338058,-250.0,175.0,2.75,1.4,0.06090342941167606
524,0.13330344776458347,0.04860447196516249,1.602621062176108,1.5555555555555556,1,1.5555555555555556,0.6741028748347473,0.6741028748347473,1,-180,True,544924.760805907,1.597142857142857,0.33032893460659807,544924.760805907,0.0,1.0,0.4933503810136812,1.0,0.29577883211657363,14700363.45779359,0.8888888888888888,2810629.6188971987,1.1854165793700675,0.06839008582292931,-746049.3109694695,-1.0,0.06576129274932159,0.13330344776458347,0.05012505275236623,2025-10-04,magomed ankalaev,alex pereira,0.0,0.6741028748347473,0.3258971251652527,-180.0,150.0,2.5,1.5555555555555556,-0.06576129274932159
525,0.08364841338508901,0.002313031109875685,1.5675912773046496,1.5,1,1.5,0.6682086874065838,0.6682086874065838,1,-200,True,-731919.7100243716,-1.0,0.3668625732674853,-731919.7100243716,0.0,1.0,0.7770883369850815,0.9999999999999999,0.07275672875157516,15769913.814441845,1.0,1801470.0666726273,0.1309523809523807,0.06905565477824814,477748.8689216593,0.5,0.06499823902903225,0.08364841338508901,0.03028730159776405,2025-10-11,luan lacerda,saimon oliveira,1.0,0.6682086874065838,0.3317913125934162,-200.0,150.0,2.5,1.5,0.06499823902903225
526,0.0,-0.0694931432530142,1.900892118087716,1.8,1,1.8,0.5169482537483254,0.5169482537483254,1,-125,True,-731919.7100243716,-1.0,0.3668625732674853,-731919.7100243716,0.0,1.0,0.7770883369850815,0.9999999999999999,0.07275672875157516,15769913.814441845,1.0,1801470.0666726273,0.1309523809523807,0.06905565477824814,0.0,0.0,0.0,0.0,-0.009120527580513405,2025-10-11,charles oliveira,mateusz gamrot,1.0,0.5169482537483254,0.4830517462516746,-125.0,-102.0,1.9803921568627447,1.8,0.0
527,0.39804972233730784,0.2607714281022543,1.7840835292754398,1.7142857142857144,0,1.7142857142857144,0.735449999726315,0.735449999726315,0,-140,True,-731919.7100243716,-1.0,0.3668625732674853,-731919.7100243716,0.0,1.0,0.7770883369850815,0.9999999999999999,0.07275672875157516,15769913.814441845,1.0,1801470.0666726273,0.1309523809523807,0.06905565477824814,3247739.9310059007,0.7142857142857144,0.309300917386345,0.39804972233730784,0.17493812705288436,2025-10-11,lucas almeida,michael aswell jr,0.0,0.264550000273685,0.735449999726315,115.0,-140.0,1.7142857142857144,2.15,0.309300917386345
528,0.0,-0.03965767718974633,1.268264024946321,1.25,0,1.25,0.7682738582482029,0.7682738582482029,0,-400,True,-731919.7100243716,-1.0,0.3668625732674853,-731919.7100243716,0.0,1.0,0.7770883369850815,0.9999999999999999,0.07275672875157516,15769913.814441845,1.0,1801470.0666726273,0.1309523809523807,0.06905565477824814,0.0,0.0,0.0,0.0,-0.02020549646843406,2025-10-11,vicente luque,joel alvarez,0.0,0.2317261417517971,0.7682738582482029,330.0,-400.0,1.25,4.3,0.0
529,0.22796369525304974,0.08414780252826809,1.4772982328894602,1.4444444444444444,0,1.4444444444444444,0.750563863288801,0.750563863288801,0,-225,True,-731919.7100243716,-1.0,0.3668625732674853,-731919.7100243716,0.0,1.0,0.7770883369850815,0.9999999999999999,0.07275672875157516,15769913.814441845,1.0,1801470.0666726273,0.1309523809523807,0.06905565477824814,-2603979.995674618,-1.0,0.1771371165856504,0.22796369525304974,0.07365247347139658,2025-10-11,deiveson figueiredo,montel jackson,1.0,0.249436136711199,0.750563863288801,190.0,-225.0,1.4444444444444444,2.9,-0.1771371165856504
530,0.07720522002760394,0.026835578722726183,1.7123796839230043,1.6666666666666663,1,1.6666666666666663,0.6161013472336359,0.6161013472336359,1,-150,True,-731919.7100243716,-1.0,0.3668625732674853,-731919.7100243716,0.0,1.0,0.7770883369850815,0.9999999999999999,0.07275672875157516,15769913.814441845,1.0,1801470.0666726273,0.1309523809523807,0.06905565477824814,587932.3556041785,0.6666666666666663,0.05999161421677083,0.07720522002760394,0.03211871219732565,2025-10-11,jafel filho,clayton carpenter,1.0,0.6161013472336359,0.3838986527663641,-150.0,130.0,2.3,1.6666666666666663,0.05999161421677083
531,0.08075292411491618,0.01852922083225661,1.5365175706213747,1.5,0,1.5,0.6790194805548377,0.6790194805548377,0,-200,True,-731919.7100243716,-1.0,0.3668625732674853,-731919.7100243716,0.0,1.0,0.7770883369850815,0.9999999999999999,0.07275672875157516,15769913.814441845,1.0,1801470.0666726273,0.1309523809523807,0.06905565477824814,-922423.190034945,-1.0,0.0627483254195263,0.08075292411491618,0.028197115018467445,2025-10-11,lucas rocha,stewart nicoll,1.0,0.3209805194451622,0.6790194805548377,170.0,-200.0,1.5,2.7,-0.0627483254195263
532,0.3552381339939153,0.07952444256035965,1.268264024946321,1.25,1,1.25,0.8636195540482877,0.8636195540482877,1,-400,True,-731919.7100243716,-1.0,0.3668625732674853,-731919.7100243716,0.0,1.0,0.7770883369850815,0.9999999999999999,0.07275672875157516,15769913.814441845,1.0,1801470.0666726273,0.1309523809523807,0.06905565477824814,1014452.0968504519,0.25,0.2760345619380252,0.3552381339939153,0.07514019933165073,2025-10-11,julia polastri,karolina kowalkiewicz,1.0,0.8636195540482877,0.1363804459517122,-400.0,330.0,4.3,1.25,0.2760345619380252
533,0.0,-0.028654504315874463,1.631968451397155,1.5882352941176472,1,1.5882352941176472,0.6115879046900049,0.6115879046900049,1,-170,True,-731919.7100243716,-1.0,0.3668625732674853,-731919.7100243716,0.0,1.0,0.7770883369850815,0.9999999999999999,0.07275672875157516,15769913.814441845,1.0,1801470.0666726273,0.1309523809523807,0.06905565477824814,0.0,0.0,0.0,0.0,-0.0011690387079410502,2025-10-11,jhonata diniz,mario pinto,0.0,0.6115879046900049,0.3884120953099951,-170.0,145.0,2.45,1.5882352941176472,-0.0
534,0.028804769886607712,-0.005758348936487467,1.6874557404167985,1.6451612903225803,1,1.6451612903225803,0.6043429643719391,0.6043429643719391,1,-155,True,-731919.7100243716,-1.0,0.3668625732674853,-731919.7100243716,0.0,1.0,0.7770883369850815,0.9999999999999999,0.07275672875157516,15769913.814441845,1.0,1801470.0666726273,0.1309523809523807,0.06905565477824814,0.0,0.0,0.0,0.028804769886607712,0.011734828911745154,2025-10-11,ricardo ramos,kaan ofli,0.0,0.6043429643719391,0.3956570356280608,-155.0,135.0,2.35,1.6451612903225803,-0.0
535,0.02383260715037683,-0.011116817933064849,1.4772982328894602,1.4444444444444444,1,1.4444444444444444,0.6846114337386474,0.6846114337386474,1,-225,True,-731919.7100243716,-1.0,0.3668625732674853,-731919.7100243716,0.0,1.0,0.7770883369850815,0.9999999999999999,0.07275672875157516,15769913.814441845,1.0,1801470.0666726273,0.1309523809523807,0.06905565477824814,0.0,0.0,0.0,0.02383260715037683,0.007700043921243016,2025-10-11,vitor petrino,thomas petersen,1.0,0.6846114337386474,0.3153885662613526,-225.0,190.0,2.9,1.4444444444444444,0.0
536,0.1487841140170769,0.053439304495860096,1.6319749969207478,1.5714285714285714,1,1.5714285714285714,0.6703704664973655,0.6703704664973655,1,-175,True,-1052941.6770350474,-1.0,0.14017918567467147,-1052941.6770350474,0.0,1.0,1.0,0.46345194679188256,-0.08758975446968081,14388630.935426855,1.0,-328341.20197994146,0.08823529411764719,0.048637015219989234,-2346169.4474478816,-1.0,0.14877503295543035,0.1487841140170769,0.057615980744320505,2025-10-18,reinier de ridder,brendan allen,0.0,0.6703704664973655,0.3296295335026344,-175.0,140.0,2.4,1.5714285714285714,-0.14877503295543035
537,0.0,-0.15547436224806999,1.771956645840295,1.6666666666666663,0,1.6666666666666663,0.5067153826511581,0.5067153826511581,0,-150,True,-1052941.6770350474,-1.0,0.14017918567467147,-1052941.6770350474,0.0,1.0,1.0,0.46345194679188256,-0.08758975446968081,14388630.935426855,1.0,-328341.20197994146,0.08823529411764719,0.048637015219989234,0.0,0.0,0.0,0.0,-0.05763251059302521,2025-10-18,kevin holland,mike malott,0.0,0.4932846173488419,0.5067153826511581,110.0,-150.0,1.6666666666666663,2.1,0.0
538,0.0,-0.07183253551071672,1.5105772597440823,1.4444444444444444,1,1.4444444444444444,0.6425774754156577,0.6425774754156577,1,-225,True,-1052941.6770350474,-1.0,0.14017918567467147,-1052941.6770350474,0.0,1.0,1.0,0.46345194679188256,-0.08758975446968081,14388630.935426855,1.0,-328341.20197994146,0.08823529411764719,0.048637015219989234,0.0,0.0,0.0,0.0,-0.019421103968105258,2025-10-18,manon fiorot,jasmine jasudavicius,1.0,0.6425774754156577,0.3574225245843423,-225.0,163.0,2.63,1.4444444444444444,0.0
539,0.04534007018431186,0.0010878476818885208,1.631968451397155,1.5882352941176472,1,1.5882352941176472,0.6303145707626705,0.6303145707626705,1,-170,True,-1052941.6770350474,-1.0,0.14017918567467147,-1052941.6770350474,0.0,1.0,1.0,0.46345194679188256,-0.08758975446968081,14388630.935426855,1.0,-328341.20197994146,0.08823529411764719,0.048637015219989234,420567.8579184467,0.5882352941176472,0.04533730284604377,0.04534007018431186,0.01755762736472455,2025-10-18,kyle nelson,matt frevola,1.0,0.6303145707626705,0.3696854292373295,-170.0,145.0,2.45,1.5882352941176472,0.04533730284604377
540,0.0,-0.14799419788832152,1.3581229197342266,1.3333333333333333,0,1.3333333333333333,0.6390043515837589,0.6390043515837589,0,-300,True,-1052941.6770350474,-1.0,0.14017918567467147,-1052941.6770350474,0.0,1.0,1.0,0.46345194679188256,-0.08758975446968081,14388630.935426855,1.0,-328341.20197994146,0.08823529411764719,0.048637015219989234,0.0,0.0,0.0,0.0,-0.09730602612173755,2025-10-18,kyle prepolec,drew dober,0.0,0.3609956484162411,0.6390043515837589,250.0,-300.0,1.3333333333333333,3.5,0.0
541,0.20258295655041633,0.08233970463093943,1.5365175706213747,1.5,1,1.5,0.721559803087293,0.721559803087293,1,-200,True,-1052941.6770350474,-1.0,0.14017918567467147,-1052941.6770350474,0.0,1.0,1.0,0.46345194679188256,-0.08758975446968081,14388630.935426855,1.0,-328341.20197994146,0.08823529411764719,0.048637015219989234,1597260.3875494935,0.5,0.2025705918680097,0.20258295655041633,0.07073743755092265,2025-10-18,charles jourdain,davey grant,1.0,0.721559803087293,0.278440196912707,-200.0,170.0,2.7,1.5,0.2025705918680097
542,0.0,-0.13072498571005647,1.3281221260403888,1.3076923076923077,1,1.3076923076923077,0.6647397168099568,0.6647397168099568,1,-325,True,-1052941.6770350474,-1.0,0.14017918567467147,-1052941.6770350474,0.0,1.0,1.0,0.46345194679188256,-0.08758975446968081,14388630.935426855,1.0,-328341.20197994146,0.08823529411764719,0.048637015219989234,0.0,0.0,0.0,0.0,-0.0882030889705332,2025-10-18,stephanie luciano,ravena oliveira,1.0,0.6647397168099568,0.3352602831900432,-325.0,275.0,3.75,1.3076923076923077,0.0
543,0.03478043479711132,-0.028458944310785828,1.8261647806963728,1.7246376811594204,0,1.7246376811594204,0.563330528088704,0.563330528088704,0,-138,True,-1052941.6770350474,-1.0,0.14017918567467147,-1052941.6770350474,0.0,1.0,1.0,0.46345194679188256,-0.08758975446968081,14388630.935426855,1.0,-328341.20197994146,0.08823529411764719,0.048637015219989234,0.0,0.0,0.0,0.03478043479711132,0.01573481790384912,2025-10-18,marlon vera,aiemann zahabi,0.0,0.4366694719112959,0.563330528088704,105.0,-138.0,1.7246376811594204,2.05,0.0
544,0.0,-0.1866685579519723,1.631968451397155,1.5882352941176472,0,1.5882352941176472,0.5120975746228322,0.5120975746228322,0,-170,True,-1052941.6770350474,-1.0,0.14017918567467147,-1052941.6770350474,0.0,1.0,1.0,0.46345194679188256,-0.08758975446968081,14388630.935426855,1.0,-328341.20197994146,0.08823529411764719,0.048637015219989234,0.0,0.0,0.0,0.0,-0.10065936877511372,2025-10-18,cody gibson,aoriqileng,0.0,0.4879024253771677,0.5120975746228322,145.0,-170.0,1.5882352941176472,2.45,0.0
545,0.0,-0.018441723879343785,1.3581229197342266,1.3333333333333333,0,1.3333333333333333,0.7361687070904922,0.7361687070904922,0,-300,True,-1052941.6770350474,-1.0,0.14017918567467147,-1052941.6770350474,0.0,1.0,1.0,0.46345194679188256,-0.08758975446968081,14388630.935426855,1.0,-328341.20197994146,0.08823529411764719,0.048637015219989234,0.0,0.0,0.0,0.0,-0.00014167061500425238,2025-10-18,bruno silva,hyunsung park,1.0,0.2638312929095078,0.7361687070904922,250.0,-300.0,1.3333333333333333,3.5,-0.0
546,0.1868239574826947,0.20777441746739433,2.403745815002892,2.3,1,2.3,0.5251193119423454,0.5251193119423454,1,130,True,1167984.1896937012,2.2999999999999994,0.35889890708274574,1167984.1896937012,0.0,1.0,0.7146880715201563,1.0,0.01289506363657716,14574173.246982407,0.6666666666666666,-982441.8781381492,-0.5985507246376818,0.08469300446940609,2497384.5378338164,1.2999999999999998,0.1335127044208911,0.1868239574826947,0.10910194697865566,2025-10-25,ludovit klein,mateusz rebecki,1.0,0.5251193119423454,0.4748806880576546,130.0,-150.0,1.6666666666666663,2.3,0.1335127044208911
547,0.3209880319511088,0.12512642048856065,1.4659438224606562,1.434782608695652,1,1.434782608695652,0.784179020340512,0.784179020340512,1,-230,True,1167984.1896937012,2.2999999999999994,0.35889890708274574,1167984.1896937012,0.0,1.0,0.7146880715201563,1.0,0.01289506363657716,14574173.246982407,0.6666666666666666,-982441.8781381492,-0.5985507246376818,0.08469300446940609,1435061.4651414016,0.4347826086956521,0.22939231568575272,0.3209880319511088,0.10202463988038457,2025-10-25,hamdy abdelwahab,chris barnett,1.0,0.784179020340512,0.215820979659488,-230.0,195.0,2.95,1.434782608695652,0.22939231568575272
548,0.027297131479492493,-0.018597442066772107,1.9546350529352048,1.869565217391304,1,1.869565217391304,0.5249362519177732,0.5249362519177732,1,-115,True,1167984.1896937012,2.2999999999999994,0.35889890708274574,1167984.1896937012,0.0,1.0,0.7146880715201563,1.0,0.01289506363657716,14574173.246982407,0.6666666666666666,-982441.8781381492,-0.5985507246376818,0.08469300446940609,0.0,0.0,0.0,0.027297131479492493,0.013331797419560698,2025-10-25,nathaniel wood,jose delgado,1.0,0.5249362519177732,0.4750637480822268,-115.0,-105.0,1.9523809523809523,1.869565217391304,0.0
549,0.0,-0.11180070982411777,1.4297358562641758,1.4,1,1.4,0.6344280644113445,0.6344280644113445,1,-250,True,1167984.1896937012,2.2999999999999994,0.35889890708274574,1167984.1896937012,0.0,1.0,0.7146880715201563,1.0,0.01289506363657716,14574173.246982407,0.6666666666666666,-982441.8781381492,-0.5985507246376818,0.08469300446940609,0.0,0.0,0.0,0.0,-0.06500183071134424,2025-10-25,azat maksum,mitch raposo,0.0,0.6344280644113445,0.3655719355886555,-250.0,210.0,3.1,1.4,-0.0
550,0.2763069910207653,0.058654984692067036,1.268264024946321,1.25,1,1.25,0.8469239877536536,0.8469239877536536,1,-400,True,1167984.1896937012,2.2999999999999994,0.35889890708274574,1167984.1896937012,0.0,1.0,0.7146880715201563,1.0,0.01289506363657716,14574173.246982407,0.6666666666666666,-982441.8781381492,-0.5985507246376818,0.08469300446940609,-2841197.161749552,-1.0,0.19746125774580264,0.2763069910207653,0.058444633037016636,2025-10-25,jaqueline amorim,mizuki,0.0,0.8469239877536536,0.1530760122463463,-400.0,330.0,4.3,1.25,-0.19746125774580264
551,0.21847553612661264,0.12478708647455472,1.7123796839230043,1.6666666666666663,0,1.6666666666666663,0.674872251884733,0.674872251884733,0,-150,True,1167984.1896937012,2.2999999999999994,0.35889890708274574,1167984.1896937012,0.0,1.0,0.7146880715201563,1.0,0.01289506363657716,14574173.246982407,0.6666666666666666,-982441.8781381492,-0.5985507246376818,0.08469300446940609,1497686.9769900085,0.6666666666666663,0.15613232944586386,0.21847553612661264,0.09088961684842278,2025-10-25,nasrat haqparast,quillan salkilld,0.0,0.325127748115267,0.674872251884733,130.0,-150.0,1.6666666666666663,2.3,0.15613232944586386
552,0.0,-0.05642411188608415,1.2655537811632294,1.2325581395348837,1,1.2325581395348837,0.765542701677328,0.765542701677328,1,-430,True,1167984.1896937012,2.2999999999999994,0.35889890708274574,1167984.1896937012,0.0,1.0,0.7146880715201563,1.0,0.01289506363657716,14574173.246982407,0.6666666666666666,-982441.8781381492,-0.5985507246376818,0.08469300446940609,0.0,0.0,0.0,0.0,-0.024625219184046587,2025-10-25,umar nurmagomedov,mario bautista,1.0,0.765542701677328,0.234457298322672,-430.0,300.0,4.0,1.2325581395348837,0.0
553,0.04298725718560737,-0.0027091886673035193,1.4297358562641758,1.4,0,1.4,0.7123505795233547,0.7123505795233547,0,-250,True,1167984.1896937012,2.2999999999999994,0.35889890708274574,1167984.1896937012,0.0,1.0,0.7146880715201563,1.0,0.01289506363657716,14574173.246982407,0.6666666666666666,-982441.8781381492,-0.5985507246376818,0.08469300446940609,0.0,0.0,0.0,0.04298725718560737,0.01292068440066596,2025-10-25,alexander volkov,jailton almeida,1.0,0.2876494204766453,0.7123505795233547,210.0,-250.0,1.4,3.1,-0.0
554,0.0,-0.054198293538321035,1.3088971178575866,1.2857142857142856,1,1.2857142857142856,0.7356235494701948,0.7356235494701948,1,-350,True,1167984.1896937012,2.2999999999999994,0.35889890708274574,1167984.1896937012,0.0,1.0,0.7146880715201563,1.0,0.01289506363657716,14574173.246982407,0.6666666666666666,-982441.8781381492,-0.5985507246376818,0.08469300446940609,0.0,0.0,0.0,0.0,-0.028378438429975783,2025-10-25,ikram aliskerov,junyong park,1.0,0.7356235494701948,0.2643764505298052,-350.0,285.0,3.85,1.2857142857142856,0.0
555,0.2133616169328607,0.0694101826228744,1.5228601372457735,1.4651162790697674,1,1.4651162790697674,0.7299148865521207,0.7299148865521207,1,-215,True,1167984.1896937012,2.2999999999999994,0.35889890708274574,1167984.1896937012,0.0,1.0,0.7146880715201563,1.0,0.01289506363657716,14574173.246982407,0.6666666666666666,-982441.8781381492,-0.5985507246376818,0.08469300446940609,-2193945.286061839,-1.0,0.15247769547414228,0.2133616169328607,0.07325576498066244,2025-10-25,virna jandiroba,mackenzie dern,0.0,0.7299148865521207,0.2700851134478793,-215.0,164.0,2.64,1.4651162790697674,-0.15247769547414228
556,0.13395557680618556,0.11525697120757739,2.2508188883866445,2.15,1,2.15,0.5187241726546872,0.5187241726546872,1,115,True,1167984.1896937012,2.2999999999999994,0.35889890708274574,1167984.1896937012,0.0,1.0,0.7146880715201563,1.0,0.01289506363657716,14574173.246982407,0.6666666666666666,-982441.8781381492,-0.5985507246376818,0.08469300446940609,-1377432.4102919847,-1.0,0.09573060956762398,0.13395557680618556,0.07444142509129437,2025-10-25,aleksandar rakic,azamat murzakanov,0.0,0.5187241726546872,0.4812758273453128,115.0,-135.0,1.7407407407407407,2.15,-0.09573060956762398
557,0.3316265808774777,0.12516275681973787,1.4448007300490022,1.4166666666666667,1,1.4166666666666667,0.7942325342256973,0.7942325342256973,1,-240,True,2151107.2623528927,5.2475,0.5841857517987308,2151107.2623528927,0.0,1.0,0.9246130594582267,0.9999999999999999,0.543945821809724,22501733.891009547,0.6666666666666666,5776453.381674245,3.666666666666666,0.07679230054878715,-4468551.589852118,-1.0,0.3066075525606459,0.3316265808774777,0.10209556391416941,2025-11-01,isaac dulgarian,yadier del valle,0.0,0.7942325342256973,0.2057674657743027,-240.0,205.0,3.05,1.4166666666666667,-0.3066075525606459
558,0.07748259455046487,0.027027899752907314,1.7123796839230043,1.6666666666666663,1,1.6666666666666663,0.6162167398517445,0.6162167398517445,1,-150,True,2151107.2623528927,5.2475,0.5841857517987308,2151107.2623528927,0.0,1.0,0.9246130594582267,0.9999999999999999,0.543945821809724,22501733.891009547,0.6666666666666666,5776453.381674245,3.666666666666666,0.07679230054878715,696033.8143949246,0.6666666666666663,0.07163704615687609,0.07748259455046487,0.03223410481543432,2025-11-01,steve garcia,david onama,1.0,0.6162167398517445,0.3837832601482555,-150.0,130.0,2.3,1.6666666666666663,0.07163704615687609
559,0.19440763636088765,0.2406008297978388,2.582357470201561,2.45,1,2.45,0.5063676856317709,0.5063676856317709,1,145,True,2151107.2623528927,5.2475,0.5841857517987308,2151107.2623528927,0.0,1.0,0.9246130594582267,0.9999999999999999,0.543945821809724,22501733.891009547,0.6666666666666666,5776453.381674245,3.666666666666666,0.07679230054878715,3798383.1026142933,1.4500000000000002,0.17974086825607644,0.19440763636088765,0.11912462902971693,2025-11-01,waldo cortes acosta,ante delija,1.0,0.5063676856317709,0.4936323143682291,145.0,-170.0,1.5882352941176472,2.45,0.17974086825607644
560,0.01520064428346977,-0.02437760037589007,1.3631099871738712,1.3225806451612905,1,1.3225806451612905,0.7376657167889611,0.7376657167889611,1,-310,True,2151107.2623528927,5.2475,0.5841857517987308,2151107.2623528927,0.0,1.0,0.9246130594582267,0.9999999999999999,0.543945821809724,22501733.891009547,0.6666666666666666,5776453.381674245,3.666666666666666,0.07679230054878715,0.0,0.0,0.0,0.01520064428346977,0.004049200580100498,2025-11-01,talita alencar,ariane carnelossi,1.0,0.7376657167889611,0.2623342832110389,-310.0,230.0,3.3,1.3225806451612905,0.0
561,0.0,-0.1428970262893604,1.5365175706213747,1.5,0,1.5,0.5714019824737597,0.5714019824737597,0,-200,True,2151107.2623528927,5.2475,0.5841857517987308,2151107.2623528927,0.0,1.0,0.9246130594582267,0.9999999999999999,0.543945821809724,22501733.891009547,0.6666666666666666,5776453.381674245,3.666666666666666,0.07679230054878715,0.0,0.0,0.0,0.0,-0.07942038306261057,2025-11-01,phil rowe,seokhyeon ko,0.0,0.4285980175262403,0.5714019824737597,170.0,-200.0,1.5,2.7,0.0
562,0.028143944687282426,-0.007630451055139986,1.5937085141648666,1.5555555555555556,0,1.5555555555555556,0.6379518528931243,0.6379518528931243,0,-180,True,2151107.2623528927,5.2475,0.5841857517987308,2151107.2623528927,0.0,1.0,0.9246130594582267,0.9999999999999999,0.543945821809724,22501733.891009547,0.6666666666666666,5776453.381674245,3.666666666666666,0.07679230054878715,0.0,0.0,0.0,0.028143944687282426,0.010484539321031772,2025-11-01,jeremiah wells,themba gorimbo,1.0,0.3620481471068758,0.6379518528931243,155.0,-180.0,1.5555555555555556,2.55,-0.0
563,0.20436472425857638,0.2769504209157113,2.6843282118105365,2.55,1,2.55,0.5007648709473378,0.5007648709473378,1,155,True,2151107.2623528927,5.2475,0.5841857517987308,2151107.2623528927,0.0,1.0,0.9246130594582267,0.9999999999999999,0.543945821809724,22501733.891009547,0.6666666666666666,5776453.381674245,3.666666666666666,0.07679230054878715,4268301.359235001,1.5499999999999998,0.18894675984312473,0.20436472425857638,0.12823218451943041,2025-11-01,timmy cuamba,changho lee,1.0,0.5007648709473378,0.4992351290526622,155.0,-180.0,1.5555555555555556,2.55,0.18894675984312473
564,0.15657456448058626,0.03679662063241146,1.3581229197342266,1.3333333333333333,1,1.3333333333333333,0.7775974654743086,0.7775974654743086,1,-300,True,2151107.2623528927,5.2475,0.5841857517987308,2151107.2623528927,0.0,1.0,0.9246130594582267,0.9999999999999999,0.543945821809724,22501733.891009547,0.6666666666666666,5776453.381674245,3.666666666666666,0.07679230054878715,703262.4035432014,0.33333333333333326,0.14476205098401979,0.15657456448058626,0.04128708776881218,2025-11-01,allan nascimento,cody durden,1.0,0.7775974654743086,0.2224025345256913,-300.0,250.0,3.5,1.3333333333333333,0.14476205098401979
565,0.0,-0.1378939299139167,1.6122342839525097,1.5714285714285714,1,1.5714285714285714,0.5486129536911439,0.5486129536911439,1,-175,True,2151107.2623528927,5.2475,0.5841857517987308,2151107.2623528927,0.0,1.0,0.9246130594582267,0.9999999999999999,0.543945821809724,22501733.891009547,0.6666666666666666,5776453.381674245,3.666666666666666,0.07679230054878715,0.0,0.0,0.0,0.0,-0.07164429424953822,2025-11-01,charles radtke,daniel frunza,1.0,0.5486129536911439,0.451387046308856,-175.0,150.0,2.5,1.5714285714285714,0.0
566,0.08672110764366286,0.0035468774822380866,1.771956645840295,1.6666666666666663,0,1.6666666666666663,0.602128126489343,0.602128126489343,0,-150,True,2151107.2623528927,5.2475,0.5841857517987308,2151107.2623528927,0.0,1.0,0.9246130594582267,0.9999999999999999,0.543945821809724,22501733.891009547,0.6666666666666666,5776453.381674245,3.666666666666666,0.07679230054878715,779024.2917389421,0.6666666666666663,0.08017857464747513,0.08672110764366286,0.03778023324515967,2025-11-01,ketlen vieira,norma dumont,0.0,0.397871873510657,0.602128126489343,110.0,-150.0,1.6666666666666663,2.1,0.08017857464747513
567,0.0,-0.02957377012333512,1.219155491982216,1.2,1,1.2,0.8086885248972208,0.8086885248972208,1,-500,True,2151107.2623528927,5.2475,0.5841857517987308,2151107.2623528927,0.0,1.0,0.9246130594582267,0.9999999999999999,0.543945821809724,22501733.891009547,0.6666666666666666,5776453.381674245,3.666666666666666,0.07679230054878715,0.0,0.0,0.0,0.0,-0.011551392468944988,2025-11-01,alice ardelean,montserrat conejo ruiz,1.0,0.8086885248972208,0.1913114751027792,-500.0,385.0,4.85,1.2,0.0
568,0.0,-0.1254547636267751,1.5365175706213747,1.5,0,1.5,0.5830301575821499,0.5830301575821499,0,-200,True,-1603400.4022426133,-1.0,0.24072726104972286,-1603400.4022426133,0.0,1.0,1.0,0.9232307089874586,-0.007256836094833428,22338442.49631293,1.0,1440109.0075459986,0.5476190476190477,0.07093855536824858,0.0,0.0,0.0,0.0,-0.06779220795422036,2025-11-08,chris padilla,ismael bonfim,1.0,0.4169698424178501,0.5830301575821499,170.0,-200.0,1.5,2.7,-0.0
569,0.23010137486187182,0.09299257867849658,1.508679372471896,1.4761904761904765,1,1.4761904761904765,0.7404143274918846,0.7404143274918846,1,-210,True,-1603400.4022426133,-1.0,0.24072726104972286,-1603400.4022426133,0.0,1.0,1.0,0.9232307089874586,-0.007256836094833428,22338442.49631293,1.0,1440109.0075459986,0.5476190476190477,0.07093855536824858,-5177363.8845952535,-1.0,0.23008733058850378,0.23010137486187182,0.07758296766388506,2025-11-08,ricky simon,raoni barcelos,0.0,0.7404143274918846,0.2595856725081154,-210.0,180.0,2.8,1.4761904761904765,-0.23008733058850378
570,0.22339739281869972,0.060290602452581554,1.3581229197342266,1.3333333333333333,1,1.3333333333333333,0.7952179518394362,0.7952179518394362,1,-300,True,-1603400.4022426133,-1.0,0.24072726104972286,-1603400.4022426133,0.0,1.0,1.0,0.9232307089874586,-0.007256836094833428,22338442.49631293,1.0,1440109.0075459986,0.5476190476190477,0.07093855536824858,1675507.2906258223,0.33333333333333326,0.2233837577239232,0.22339739281869972,0.058907574133939766,2025-11-08,gabriel bonfim,randy brown,1.0,0.7952179518394362,0.2047820481605637,-300.0,250.0,3.5,1.3333333333333333,0.2233837577239232
571,0.0,-0.05640059259475044,1.4297358562641758,1.4,0,1.4,0.6739995767180355,0.6739995767180355,0,-250,True,-1603400.4022426133,-1.0,0.24072726104972286,-1603400.4022426133,0.0,1.0,1.0,0.9232307089874586,-0.007256836094833428,22338442.49631293,1.0,1440109.0075459986,0.5476190476190477,0.07093855536824858,0.0,0.0,0.0,0.0,-0.025430318404653263,2025-11-08,matt schnell,joseph morales,0.0,0.3260004232819645,0.6739995767180355,210.0,-250.0,1.4,3.1,0.0
572,0.0,-0.08849844524136563,1.5365175706213747,1.5,0,1.5,0.6076677031724229,0.6076677031724229,0,-200,True,-1603400.4022426133,-1.0,0.24072726104972286,-1603400.4022426133,0.0,1.0,1.0,0.9232307089874586,-0.007256836094833428,22338442.49631293,1.0,1440109.0075459986,0.5476190476190477,0.07093855536824858,0.0,0.0,0.0,0.0,-0.04315466236394738,2025-11-08,muslim salikhov,uros medic,0.0,0.3923322968275771,0.6076677031724229,170.0,-200.0,1.5,2.7,0.0
573,0.04907935489662736,-0.0009972076524720763,1.3581229197342266,1.3333333333333333,0,1.3333333333333333,0.749252094260646,0.749252094260646,0,-300,True,-1603400.4022426133,-1.0,0.24072726104972286,-1603400.4022426133,0.0,1.0,1.0,0.9232307089874586,-0.007256836094833428,22338442.49631293,1.0,1440109.0075459986,0.5476190476190477,0.07093855536824858,0.0,0.0,0.0,0.04907935489662736,0.01294171655514953,2025-11-08,mayra bueno silva,jacqueline cavalcanti,0.0,0.2507479057393539,0.749252094260646,250.0,-300.0,1.3333333333333333,3.5,0.0
574,0.0,-0.14074034614990277,1.5762826711267552,1.5405405405405406,0,1.5405405405405406,0.5577650384640982,0.5577650384640982,0,-185,True,-1603400.4022426133,-1.0,0.24072726104972286,-1603400.4022426133,0.0,1.0,1.0,0.9232307089874586,-0.007256836094833428,22338442.49631293,1.0,1440109.0075459986,0.5476190476190477,0.07093855536824858,0.0,0.0,0.0,0.0,-0.07663894142942052,2025-11-08,hyder amil,jamall emmers,0.0,0.4422349615359018,0.5577650384640982,160.0,-185.0,1.5405405405405406,2.6,0.0
575,0.09508706017370379,0.04035529084207812,1.768144146448678,1.7142857142857144,1,1.7142857142857144,0.6068739196578788,0.6068739196578788,1,-140,True,-1603400.4022426133,-1.0,0.24072726104972286,-1603400.4022426133,0.0,1.0,1.0,0.9232307089874586,-0.007256836094833428,22338442.49631293,1.0,1440109.0075459986,0.5476190476190477,0.07093855536824858,1528209.3801705383,0.7142857142857144,0.09508125652012873,0.09508706017370379,0.0413091708739618,2025-11-08,christian leroy duncan,marco tulio,1.0,0.6068739196578788,0.3931260803421211,-140.0,120.0,2.2,1.7142857142857144,0.09508125652012873
576,0.30344013574627704,0.13516531150636701,1.5365175706213747,1.5,0,1.5,0.756776874337578,0.756776874337578,0,-200,True,-1603400.4022426133,-1.0,0.24072726104972286,-1603400.4022426133,0.0,1.0,1.0,0.9232307089874586,-0.007256836094833428,22338442.49631293,1.0,1440109.0075459986,0.5476190476190477,0.07093855536824858,3413756.2213448915,0.5,0.30342161523017924,0.30344013574627704,0.10595450880120771,2025-11-08,tecia pennington,denise gomes,0.0,0.243223125662422,0.756776874337578,170.0,-200.0,1.5,2.7,0.30342161523017924
577,0.0,-0.04814820363252484,1.3581229197342266,1.3333333333333333,0,1.3333333333333333,0.7138888472756064,0.7138888472756064,0,-300,True,-1603400.4022426133,-1.0,0.24072726104972286,-1603400.4022426133,0.0,1.0,1.0,0.9232307089874586,-0.007256836094833428,22338442.49631293,1.0,1440109.0075459986,0.5476190476190477,0.07093855536824858,0.0,0.0,0.0,0.0,-0.022421530429890035,2025-11-08,miles johns,daniel marcos,0.0,0.2861111527243936,0.7138888472756064,250.0,-300.0,1.3333333333333333,3.5,0.0
578,0.0,-0.036747497714193667,1.840668853230133,1.7751937984496124,0,1.7751937984496124,0.5426182218116551,0.5426182218116551,0,-129,True,1949546.2335083722,1.25,0.19377737943134754,1949546.2335083722,0.0,1.0,1.0,0.8478628946659194,0.4213290826968529,31750277.982160855,1.0,7462289.252339552,1.9890738346620698,0.04740553991635828,0.0,0.0,0.0,0.0,-0.0006625525900689766,2025-11-15,roman kopylov,gregory rodrigues,0.0,0.4573817781883449,0.5426182218116551,109.0,-129.0,1.7751937984496124,2.09,0.0
579,0.2424375599167536,0.133664586899304,1.6642328697074138,1.625,1,1.625,0.6976397457841871,0.6976397457841871,1,-160,True,1949546.2335083722,1.25,0.19377737943134754,1949546.2335083722,0.0,1.0,1.0,0.8478628946659194,0.4213290826968529,31750277.982160855,1.0,7462289.252339552,1.9890738346620698,0.04740553991635828,3384591.8402655935,0.625,0.2424227627024032,0.2424375599167536,0.09676229756036459,2025-11-15,bo nickal,rodolfo vieira,1.0,0.6976397457841871,0.3023602542158129,-160.0,140.0,2.4,1.625,0.2424227627024032
580,0.1415309995693773,0.043811085439818265,1.4772982328894602,1.4444444444444444,1,1.4444444444444444,0.722638443766028,0.722638443766028,1,-225,True,1949546.2335083722,1.25,0.19377737943134754,1949546.2335083722,0.0,1.0,1.0,0.8478628946659194,0.4213290826968529,31750277.982160855,1.0,7462289.252339552,1.9890738346620698,0.04740553991635828,1405061.834519573,0.4444444444444444,0.14152236120270437,0.1415309995693773,0.04572705394862364,2025-11-15,erin blanchfield,tracy cortez,1.0,0.722638443766028,0.2773615562339719,-225.0,190.0,2.9,1.4444444444444444,0.14152236120270437
581,0.0062778606695425895,-0.03778987180724325,1.9546350529352048,1.869565217391304,1,1.869565217391304,0.5146705336844979,0.5146705336844979,1,-115,True,1949546.2335083722,1.25,0.19377737943134754,1949546.2335083722,0.0,1.0,1.0,0.8478628946659194,0.4213290826968529,31750277.982160855,1.0,7462289.252339552,1.9890738346620698,0.04740553991635828,0.0,0.0,0.0,0.0062778606695425895,0.003066079186285431,2025-11-15,sean brady,michael morales,0.0,0.5146705336844979,0.4853294663155021,-115.0,-105.0,1.9523809523809523,1.869565217391304,-0.0
582,0.0,-0.11801036795488445,1.5879862969798022,1.5319148936170213,0,1.5319148936170213,0.5757432320294504,0.5757432320294504,0,-188,True,1949546.2335083722,1.25,0.19377737943134754,1949546.2335083722,0.0,1.0,1.0,0.8478628946659194,0.4213290826968529,31750277.982160855,1.0,7462289.252339552,1.9890738346620698,0.04740553991635828,0.0,0.0,0.0,0.0,-0.05398512387758991,2025-11-15,leon edwards,carlos prates,0.0,0.4242567679705496,0.5757432320294504,150.0,-188.0,1.5319148936170213,2.5,0.0
583,0.0807250597636989,0.013311444406185646,1.4205050661413787,1.392156862745098,0,1.392156862745098,0.7278716009114855,0.7278716009114855,0,-255,True,1949546.2335083722,1.25,0.19377737943134754,1949546.2335083722,0.0,1.0,1.0,0.8478628946659194,0.4213290826968529,31750277.982160855,1.0,7462289.252339552,1.9890738346620698,0.04740553991635828,707122.3696267017,0.392156862745098,0.08072013269706294,0.0807250597636989,0.023896638881696464,2025-11-15,beneil dariush,benoit st denis,0.0,0.2721283990885145,0.7278716009114855,215.0,-255.0,1.392156862745098,3.15,0.08072013269706294
584,0.13461585032972376,0.006898527930423531,1.159379076696642,1.1428571428571428,0,1.1428571428571428,0.8810362119391206,0.8810362119391206,0,-700,True,1949546.2335083722,1.25,0.19377737943134754,1949546.2335083722,0.0,1.0,1.0,0.8478628946659194,0.4213290826968529,31750277.982160855,1.0,7462289.252339552,1.9890738346620698,0.04740553991635828,429560.698907116,0.1428571428571428,0.13460763403026516,0.13461585032972376,0.018505552123137536,2025-11-15,angela hill,fatima kline,0.0,0.1189637880608793,0.8810362119391206,500.0,-700.0,1.1428571428571428,6.0,0.13460763403026516
585,0.0,-0.027766556402278264,1.2949313330690913,1.2597402597402598,0,1.2597402597402598,0.7717729397631399,0.7717729397631399,0,-385,True,1949546.2335083722,1.25,0.19377737943134754,1949546.2335083722,0.0,1.0,1.0,0.8478628946659194,0.4213290826968529,31750277.982160855,1.0,7462289.252339552,1.9890738346620698,0.04740553991635828,0.0,0.0,0.0,0.0,-0.0004687802900151805,2025-11-15,jack della maddalena,islam makhachev,0.0,0.2282270602368601,0.7717729397631399,275.0,-385.0,1.2597402597402598,3.75,0.0
586,0.0,-0.15713428440281352,1.579422250153526,1.5128205128205128,0,1.5128205128205128,0.5571485238693267,0.5571485238693267,0,-195,True,1949546.2335083722,1.25,0.19377737943134754,1949546.2335083722,0.0,1.0,1.0,0.8478628946659194,0.4213290826968529,31750277.982160855,1.0,7462289.252339552,1.9890738346620698,0.04740553991635828,0.0,0.0,0.0,0.0,-0.07599438639599099,2025-11-15,valentina shevchenko,zhang weili,1.0,0.4428514761306733,0.5571485238693267,148.0,-195.0,1.5128205128205128,2.48,-0.0
587,0.17878239637584475,0.05302520095159591,1.4116676290815602,1.3846153846153846,1,1.3846153846153846,0.7605182006872637,0.7605182006872637,1,-260,True,1949546.2335083722,1.25,0.19377737943134754,1949546.2335083722,0.0,1.0,1.0,0.8478628946659194,0.4213290826968529,31750277.982160855,1.0,7462289.252339552,1.9890738346620698,0.04740553991635828,1535952.5090205676,0.3846153846153846,0.1787714843643472,0.17878239637584475,0.05213615706796915,2025-11-15,kyle daukaus,gerald meerschaert,1.0,0.7605182006872637,0.2394817993127362,-260.0,220.0,3.2,1.3846153846153846,0.1787714843643472
588,0.16306365487926486,0.0842253559634446,1.6874557404167985,1.6451612903225803,1,1.6451612903225803,0.6590389418601331,0.6590389418601331,1,-155,True,-1481557.4569018565,-1.0,0.2776344440962517,-1481557.4569018565,0.0,1.0,0.7552176753019832,1.0,0.07329847689446609,34077524.99922915,1.0,3808804.4739701496,2.576868919610855,0.06591410908065079,2522427.217194568,0.6451612903225803,0.12314103797290572,0.16306365487926486,0.06643080639993915,2025-11-22,ismail naurdiev,ryan loder,1.0,0.6590389418601331,0.3409610581398669,-155.0,135.0,2.35,1.6451612903225803,0.12314103797290572
589,0.07976166361397984,0.028157206276439195,1.6642328697074138,1.625,0,1.625,0.6327121269393472,0.6327121269393472,0,-160,True,-1481557.4569018565,-1.0,0.2776344440962517,-1481557.4569018565,0.0,1.0,0.7552176753019832,1.0,0.07329847689446609,34077524.99922915,1.0,3808804.4739701496,2.576868919610855,0.06591410908065079,1195273.7742710824,0.625,0.060233741572538364,0.07976166361397984,0.0318346787155247,2025-11-22,alex perez,asu almabayev,0.0,0.3672878730606528,0.6327121269393472,140.0,-160.0,1.625,2.4,0.060233741572538364
590,0.34913884729730693,0.17838458312104638,1.5937085141648666,1.5555555555555556,1,1.5555555555555556,0.7575329462921012,0.7575329462921012,1,-180,True,-1481557.4569018565,-1.0,0.2776344440962517,-1481557.4569018565,0.0,1.0,0.7552176753019832,1.0,0.07329847689446609,34077524.99922915,1.0,3808804.4739701496,2.576868919610855,0.06591410908065079,-8371269.8827021755,-1.0,0.2636597351180875,0.34913884729730693,0.1300656327200087,2025-11-22,tagir ulanbekov,kyoji horiguchi,0.0,0.7575329462921012,0.2424670537078987,-180.0,155.0,2.55,1.5555555555555556,-0.2636597351180875
591,0.13032743567598487,0.08371130131499893,2.0475207221076914,1.9523809523809523,1,1.9523809523809523,0.5550716421369507,0.5550716421369507,1,-105,True,-1481557.4569018565,-1.0,0.2776344440962517,-1481557.4569018565,0.0,1.0,0.7552176753019832,1.0,0.07329847689446609,34077524.99922915,1.0,3808804.4739701496,2.576868919610855,0.06591410908065079,2976046.555716224,0.9523809523809523,0.09841957557844869,0.13032743567598487,0.0666760966351631,2025-11-22,waldo cortes acosta,shamil gaziev,1.0,0.5550716421369507,0.4449283578630493,-105.0,-115.0,1.869565217391304,1.9523809523809523,0.09841957557844869
592,0.1399882708569427,0.057182809173286386,1.5937085141648666,1.5555555555555556,0,1.5555555555555556,0.679617520182827,0.679617520182827,0,-180,True,-1481557.4569018565,-1.0,0.2776344440962517,-1481557.4569018565,0.0,1.0,0.7552176753019832,1.0,0.07329847689446609,34077524.99922915,1.0,3808804.4739701496,2.576868919610855,0.06591410908065079,1864714.3533420875,0.5555555555555556,0.10571516375074341,0.1399882708569427,0.05215020661073444,2025-11-22,belal muhammad,ian machado garry,0.0,0.320382479817173,0.679617520182827,155.0,-180.0,1.5555555555555556,2.55,0.10571516375074341
593,0.05416654126569973,-0.001276192049886965,1.3088971178575866,1.2857142857142856,1,1.2857142857142856,0.7767851839611991,0.7767851839611991,1,-350,True,-1481557.4569018565,-1.0,0.2776344440962517,-1481557.4569018565,0.0,1.0,0.7552176753019832,1.0,0.07329847689446609,34077524.99922915,1.0,3808804.4739701496,2.576868919610855,0.06591410908065079,0.0,0.0,0.0,0.05416654126569973,0.012783196061028512,2025-11-22,volkan oezdemir,alonzo menifield,1.0,0.7767851839611991,0.2232148160388009,-350.0,285.0,3.85,1.2857142857142856,0.0
594,0.25709910863558516,0.0702923292146152,1.3454783207723349,1.3225806451612905,1,1.3225806451612905,0.8092454196500748,0.8092454196500748,1,-310,True,-1481557.4569018565,-1.0,0.2776344440962517,-1481557.4569018565,0.0,1.0,0.7552176753019832,1.0,0.07329847689446609,34077524.99922915,1.0,3808804.4739701496,2.576868919610855,0.06591410908065079,1988529.539642155,0.3225806451612905,0.19415394020657767,0.25709910863558516,0.06601530991038207,2025-11-22,arman tsarukyan,dan hooker,1.0,0.8092454196500748,0.1907545803499252,-310.0,260.0,3.6,1.3225806451612905,0.19415394020657767
595,0.14303237853971737,0.049656150686899714,1.508679372471896,1.4761904761904765,0,1.4761904761904765,0.7110573924008029,0.7110573924008029,0,-210,True,-1481557.4569018565,-1.0,0.2776344440962517,-1481557.4569018565,0.0,1.0,0.7552176753019832,1.0,0.07329847689446609,34077524.99922915,1.0,3808804.4739701496,2.576868919610855,0.06591410908065079,1633082.9165062082,0.4761904761904765,0.10801398736067486,0.14303237853971737,0.048226032572803335,2025-11-22,jack hermansson,myktybek orolbai,0.0,0.2889426075991971,0.7110573924008029,180.0,-210.0,1.4761904761904765,2.8,0.10801398736067486
596,0.2901704105017149,0.12821507460004922,1.5365175706213747,1.5,1,1.5,0.7521433830666995,0.7521433830666995,1,-200,True,-714161.6323816294,-1.0,0.42920766366907603,-714161.6323816294,0.0,1.0,0.4963670544833532,1.0000000000000002,-0.176132605536699,28075361.73087292,0.7777777777777778,-5288001.635974597,-0.6400284900284907,0.08452130498234076,-4907921.518205014,-1.0,0.14402224100242123,0.2901704105017149,0.10132101753032918,2025-12-06,grant dawson,manuel torres,0.0,0.7521433830666995,0.2478566169333005,-200.0,170.0,2.7,1.5,-0.14402224100242123
597,0.23076885644486986,0.15054780042803217,1.833507489076173,1.7692307692307692,0,1.7692307692307692,0.6503096263288878,0.6503096263288878,0,-130,True,-714161.6323816294,-1.0,0.42920766366907603,-714161.6323816294,0.0,1.0,0.4963670544833532,1.0000000000000002,-0.176132605536699,28075361.73087292,0.7777777777777778,-5288001.635974597,-0.6400284900284907,0.08452130498234076,3002467.609183496,0.7692307692307692,0.11453906620351206,0.23076885644486986,0.10490689088445404,2025-12-06,nazim sadykhov,fares ziam,0.0,0.3496903736711122,0.6503096263288878,110.0,-130.0,1.7692307692307692,2.1,0.11453906620351206
598,0.3453403024827705,0.23443931743693347,1.7994762545438048,1.7407407407407407,1,1.7407407407407407,0.7091459908680257,0.7091459908680257,1,-135,True,-714161.6323816294,-1.0,0.42920766366907603,-714161.6323816294,0.0,1.0,0.4963670544833532,1.0000000000000002,-0.176132605536699,28075361.73087292,0.7777777777777778,-5288001.635974597,-0.6400284900284907,0.08452130498234076,4326711.937428795,0.7407407407407407,0.17140508636296214,0.3453403024827705,0.15342873843141847,2025-12-06,maycee barber,karine silva,1.0,0.7091459908680257,0.2908540091319743,-135.0,115.0,2.15,1.7407407407407407,0.17140508636296214
599,0.12831874561655046,0.03319814353053241,1.4297358562641758,1.4,0,1.4,0.7379986739503803,0.7379986739503803,0,-250,True,-714161.6323816294,-1.0,0.42920766366907603,-714161.6323816294,0.0,1.0,0.4963670544833532,1.0000000000000002,-0.176132605536699,28075361.73087292,0.7777777777777778,-5288001.635974597,-0.6400284900284907,0.08452130498234076,868149.6251966343,0.3999999999999999,0.06368931027240626,0.12831874561655046,0.03856877882769161,2025-12-06,henry cejudo,payton talbott,0.0,0.2620013260496197,0.7379986739503803,210.0,-250.0,1.4,3.1,0.06368931027240626
600,0.15166296182087513,0.04302134644846989,1.4297358562641758,1.4,0,1.4,0.7450152474631928,0.7450152474631928,0,-250,True,-714161.6323816294,-1.0,0.42920766366907603,-714161.6323816294,0.0,1.0,0.4963670544833532,1.0000000000000002,-0.176132605536699,28075361.73087292,0.7777777777777778,-5288001.635974597,-0.6400284900284907,0.08452130498234076,1026086.5848428461,0.3999999999999999,0.07527590287631342,0.15166296182087513,0.04558535234050409,2025-12-06,edson barboza,jalin turner,0.0,0.2549847525368072,0.7450152474631928,210.0,-250.0,1.4,3.1,0.07527590287631342
601,0.1260928304517209,0.09228358936444758,2.148625715316277,2.05,0,2.05,0.5328212631046086,0.5328212631046086,0,105,True,-714161.6323816294,-1.0,0.42920766366907603,-714161.6323816294,0.0,1.0,0.4963670544833532,1.0000000000000002,-0.176132605536699,28075361.73087292,0.7777777777777778,-5288001.635974597,-0.6400284900284907,0.08452130498234076,2239361.348164774,1.0499999999999998,0.0625845067544813,0.1260928304517209,0.06740749053752365,2025-12-06,brandon moreno,tatsuro taira,0.0,0.4671787368953913,0.5328212631046086,-125.0,105.0,2.05,1.8,0.0625845067544813
602,0.0,-0.10048638032002793,1.3950754969199173,1.3703703703703702,1,1.3703703703703702,0.656401830577277,0.656401830577277,1,-270,True,-714161.6323816294,-1.0,0.42920766366907603,-714161.6323816294,0.0,1.0,0.4963670544833532,1.0000000000000002,-0.176132605536699,28075361.73087292,0.7777777777777778,-5288001.635974597,-0.6400284900284907,0.08452130498234076,0.0,0.0,0.0,0.0,-0.060405254206181036,2025-12-06,alexandre pantoja,joshua van,0.0,0.656401830577277,0.343598169422723,-270.0,230.0,3.3,1.3703703703703702,-0.0
603,0.0,-0.05231694578897138,1.1407355898442435,1.125,1,1.125,0.8423849370764699,0.8423849370764699,1,-800,True,-714161.6323816294,-1.0,0.42920766366907603,-714161.6323816294,0.0,1.0,0.4963670544833532,1.0000000000000002,-0.176132605536699,28075361.73087292,0.7777777777777778,-5288001.635974597,-0.6400284900284907,0.08452130498234076,0.0,0.0,0.0,0.0,-0.0342423978667139,2025-12-06,mansur abdul malik,antonio trocoli,1.0,0.8423849370764699,0.1576150629235301,-800.0,550.0,6.5,1.125,0.0
604,0.0875868003565583,0.038151036703987284,2.0,1.9090909090909087,1,1.9090909090909087,0.5437934001782792,0.5437934001782792,1,-110,True,-714161.6323816294,-1.0,0.42920766366907603,-714161.6323816294,0.0,1.0,0.4963670544833532,1.0000000000000002,-0.176132605536699,28075361.73087292,0.7777777777777778,-5288001.635974597,-0.6400284900284907,0.08452130498234076,-1481436.8613168385,-1.0,0.043472548588852904,0.0875868003565583,0.04379340017827915,2025-12-06,marvin vettori,brunno ferreira,0.0,0.5437934001782792,0.4562065998217208,-110.0,-110.0,1.9090909090909087,1.9090909090909087,-0.043472548588852904
605,0.46299534852876256,0.12421814133053022,1.343261459312687,1.303030303030303,1,1.303030303030303,0.8627720619513372,0.8627720619513372,1,-330,True,-714161.6323816294,-1.0,0.42920766366907603,-714161.6323816294,0.0,1.0,0.4963670544833532,1.0000000000000002,-0.176132605536699,28075361.73087292,0.7777777777777778,-5288001.635974597,-0.6400284900284907,0.08452130498234076,-7831070.128564037,-1.0,0.22980161055537868,0.46299534852876256,0.11831535691665629,2025-12-06,merab dvalishvili,petr yan,0.0,0.8627720619513372,0.1372279380486628,-330.0,240.0,3.4,1.303030303030303,-0.22980161055537868
606,0.14960157023980394,0.15777879356317015,2.403745815002892,2.3,1,2.3,0.5033820841579001,0.5033820841579001,1,130,True,-714161.6323816294,-1.0,0.42920766366907603,-714161.6323816294,0.0,1.0,0.4963670544833532,1.0000000000000002,-0.176132605536699,28075361.73087292,0.7777777777777778,-5288001.635974597,-0.6400284900284907,0.08452130498234076,-2530350.232705252,-1.0,0.07425275846067136,0.14960157023980394,0.08736471919421035,2025-12-06,terrance mckinney,chris duncan,0.0,0.5033820841579001,0.4966179158420999,130.0,-150.0,1.6666666666666663,2.3,-0.07425275846067136
607,0.005105729422664839,-0.023155488105092215,1.7123796839230043,1.6666666666666663,0,1.6666666666666663,0.5861067071369448,0.5861067071369448,0,-150,True,-714161.6323816294,-1.0,0.42920766366907603,-714161.6323816294,0.0,1.0,0.4963670544833532,1.0000000000000002,-0.176132605536699,28075361.73087292,0.7777777777777778,-5288001.635974597,-0.6400284900284907,0.08452130498234076,0.0,0.0,0.0,0.005105729422664839,0.0021240721006345886,2025-12-06,muhammad naimov,mairon santos,0.0,0.4138932928630552,0.5861067071369448,130.0,-150.0,1.6666666666666663,2.3,0.0
608,0.11224296970393231,0.008476969079378227,1.278196810357038,1.25,0,1.25,0.8067815752635026,0.8067815752635026,0,-400,True,-1568462.8527238322,-1.0,0.24981203150751963,-1568462.8527238322,0.0,1.0,1.0,0.37838942716897067,0.1052709971997234,31030883.057024866,0.5,4523984.178875777,0.2999999999999998,0.07362048879082103,-3151069.638418209,-1.0,0.11223611893673847,0.11224296970393231,0.024429443027567332,2025-12-13,jamey lyn horth,tereza bleda,1.0,0.1932184247364974,0.8067815752635026,300.0,-400.0,1.25,4.0,-0.11223611893673847
609,0.0209364946505027,-0.012179032712685722,1.7123796839230043,1.6666666666666663,0,1.6666666666666663,0.5926925803723887,0.5926925803723887,0,-150,True,-1568462.8527238322,-1.0,0.24981203150751963,-1568462.8527238322,0.0,1.0,1.0,0.37838942716897067,0.1052709971997234,31030883.057024866,0.5,4523984.178875777,0.2999999999999998,0.07362048879082103,0.0,0.0,0.0,0.0209364946505027,0.008709945336078495,2025-12-13,melissa croden,luana santos,0.0,0.4073074196276113,0.5926925803723887,130.0,-150.0,1.6666666666666663,2.3,0.0
610,0.2102999767218056,0.23930646889085816,2.403745815002892,2.3,1,2.3,0.5388288995177645,0.5388288995177645,1,130,True,-1568462.8527238322,-1.0,0.24981203150751963,-1568462.8527238322,0.0,1.0,1.0,0.37838942716897067,0.1052709971997234,31030883.057024866,0.5,4523984.178875777,0.2999999999999998,0.07362048879082103,7675053.817293986,1.2999999999999998,0.210287141029867,0.2102999767218056,0.12281153455407473,2025-12-13,melquizael costa,morgan charriere,1.0,0.5388288995177645,0.4611711004822355,130.0,-150.0,1.6666666666666663,2.3,0.210287141029867
611,0.0,-0.022204631923210455,1.3581229197342266,1.3333333333333333,0,1.3333333333333333,0.7333465260575922,0.7333465260575922,0,-300,True,-1568462.8527238322,-1.0,0.24981203150751963,-1568462.8527238322,0.0,1.0,1.0,0.37838942716897067,0.1052709971997234,31030883.057024866,0.5,4523984.178875777,0.2999999999999998,0.07362048879082103,0.0,0.0,0.0,0.0,-0.0029638516479042476,2025-12-13,brandon royval,manel kape,0.0,0.2666534739424078,0.7333465260575922,250.0,-300.0,1.3333333333333333,3.5,0.0
612,0.03661915129983033,-0.00538887582284453,1.4297358562641758,1.4,0,1.4,0.7104365172693968,0.7104365172693968,0,-250,True,-1568462.8527238322,-1.0,0.24981203150751963,-1568462.8527238322,0.0,1.0,1.0,0.37838942716897067,0.1052709971997234,31030883.057024866,0.5,4523984.178875777,0.2999999999999998,0.07362048879082103,0.0,0.0,0.0,0.03661915129983033,0.011006622146708112,2025-12-13,giga chikadze,kevin vallejos,0.0,0.2895634827306031,0.7104365172693968,210.0,-250.0,1.4,3.1,0.0
613,0.0,-0.08746759834568996,1.5365175706213747,1.5,0,1.5,0.6083549344362067,0.6083549344362067,0,-200,True,2939764.08844954,1.4999999999999996,0.2504706188787291,2939764.08844954,0.0,1.0,1.0,0.901098030564267,0.15754769551647863,35919727.172500476,1.0,1949080.027026069,0.2916666666666663,0.06822316054846944,0.0,0.0,0.0,0.0,-0.0424674311001636,2026-01-24,nikita krylov,modestas bukauskas,1.0,0.3916450655637933,0.6083549344362067,170.0,-200.0,1.5,2.7,-0.0
614,0.23044460570451128,0.07309431949998751,1.487150876201587,1.434782608695652,0,1.434782608695652,0.7479142226818095,0.7479142226818095,0,-230,True,2939764.08844954,1.4999999999999996,0.2504706188787291,2939764.08844954,0.0,1.0,1.0,0.901098030564267,0.15754769551647863,35919727.172500476,1.0,1949080.027026069,0.2916666666666663,0.06822316054846944,-7150463.154463825,-1.0,0.23043054048199513,0.23044460570451128,0.07548749315309189,2026-01-24,justin gaethje,paddy pimblett,1.0,0.2520857773181905,0.7479142226818095,176.0,-230.0,1.434782608695652,2.76,-0.23043054048199513
615,0.2172721449500116,0.09003340871728133,1.5365175706213747,1.5,1,1.5,0.7266889391448542,0.7266889391448542,1,-200,True,2939764.08844954,1.4999999999999996,0.2504706188787291,2939764.08844954,0.0,1.0,1.0,0.901098030564267,0.15754769551647863,35919727.172500476,1.0,1949080.027026069,0.2916666666666663,0.06822316054846944,3370867.506763183,0.5,0.2172588837106958,0.2172721449500116,0.07586657360848392,2026-01-24,waldo cortes acosta,derrick lewis,1.0,0.7266889391448542,0.2733110608551458,-200.0,170.0,2.7,1.5,0.2172588837106958
616,0.250779721302077,0.14718558979788104,1.7123796839230043,1.6666666666666663,1,1.6666666666666663,0.6883113538787288,0.6883113538787288,1,-150,True,2939764.08844954,1.4999999999999996,0.2504706188787291,2939764.08844954,0.0,1.0,1.0,0.901098030564267,0.15754769551647863,35919727.172500476,1.0,1949080.027026069,0.2916666666666663,0.06822316054846944,5187627.489551034,0.6666666666666663,0.250764414922603,0.250779721302077,0.10432871884241857,2026-01-24,natalia silva,rose namajunas,1.0,0.6883113538787288,0.3116886461212712,-150.0,130.0,2.3,1.6666666666666663,0.250764414922603
617,0.0,-0.047975657109907754,1.7123796839230043,1.6666666666666663,0,1.6666666666666663,0.5712146057340555,0.5712146057340555,0,-150,True,2939764.08844954,1.4999999999999996,0.2504706188787291,2939764.08844954,0.0,1.0,1.0,0.901098030564267,0.15754769551647863,35919727.172500476,1.0,1949080.027026069,0.2916666666666663,0.06822316054846944,0.0,0.0,0.0,0.0,-0.012768029302254735,2026-01-24,arnold allen,jean silva,0.0,0.4287853942659445,0.5712146057340555,130.0,-150.0,1.6666666666666663,2.3,0.0
618,0.13949489201645923,0.005566840474700574,1.1407355898442435,1.125,1,1.125,0.8938371915330672,0.8938371915330672,1,-800,True,2939764.08844954,1.4999999999999996,0.2504706188787291,2939764.08844954,0.0,1.0,1.0,0.901098030564267,0.15754769551647863,35919727.172500476,1.0,1949080.027026069,0.2916666666666663,0.06822316054846944,541048.1851756767,0.125,0.13948637792392893,0.13949489201645923,0.017209856589883388,2026-01-24,umar nurmagomedov,deiveson figueiredo,1.0,0.8938371915330672,0.1061628084669328,-800.0,550.0,6.5,1.125,0.13948637792392893
619,0.0,-0.05196139704862428,1.1259314716492577,1.1111111111111112,1,1.1111111111111112,0.8532347426562381,0.8532347426562381,1,-900,True,2939764.08844954,1.4999999999999996,0.2504706188787291,2939764.08844954,0.0,1.0,1.0,0.901098030564267,0.15754769551647863,35919727.172500476,1.0,1949080.027026069,0.2916666666666663,0.06822316054846944,0.0,0.0,0.0,0.0,-0.03491877750001615,2026-01-24,ateba gautier,andrey pulyaev,1.0,0.8532347426562381,0.1467652573437619,-900.0,600.0,7.0,1.1111111111111112,0.0
620,0.02194900186994575,-0.024503225487779223,2.0,1.9090909090909087,1,1.9090909090909087,0.5109745009349729,0.5109745009349729,1,-110,True,2588206.970203726,0.8364779874213835,0.11968310528605164,2588206.970203726,0.0,1.0,1.0,0.8901935294441423,0.2878488132322206,46259178.01072989,1.0,7751243.868025683,1.3531160663236128,0.041288145731919766,0.0,0.0,0.0,0.02194900186994575,0.010974500934972875,2026-01-31,rafael fiziev,mauricio ruffy,0.0,0.5109745009349729,0.4890254990650271,-110.0,-110.0,1.9090909090909087,1.9090909090909087,-0.0
621,0.22688955274643996,0.06151839756236532,1.3581229197342266,1.3333333333333333,0,1.3333333333333333,0.796138798171774,0.796138798171774,0,-300,True,2588206.970203726,0.8364779874213835,0.11968310528605164,2588206.970203726,0.0,1.0,1.0,0.8901935294441423,0.2878488132322206,46259178.01072989,1.0,7751243.868025683,1.3531160663236128,0.041288145731919766,2716437.8026550603,0.33333333333333326,0.2268757045071366,0.22688955274643996,0.059828420466277565,2026-01-31,tai tuivasa,tallison teixeira,0.0,0.203861201828226,0.796138798171774,250.0,-300.0,1.3333333333333333,3.5,0.2268757045071366
622,0.0,-0.01739066298935711,1.1567678261410552,1.1428571428571428,1,1.1428571428571428,0.8597831698843126,0.8597831698843126,1,-700,True,2588206.970203726,0.8364779874213835,0.11968310528605164,2588206.970203726,0.0,1.0,1.0,0.8901935294441423,0.2878488132322206,46259178.01072989,1.0,7751243.868025683,1.3531160663236128,0.041288145731919766,0.0,0.0,0.0,0.0,-0.004694538953745053,2026-01-31,quillan salkilld,jamie mullarkey,1.0,0.8597831698843126,0.1402168301156874,-700.0,525.0,6.25,1.1428571428571428,0.0
623,0.0,-0.04894553318097328,1.673806258113421,1.6024096385542168,1,1.6024096385542168,0.5935151935787911,0.5935151935787911,1,-166,True,2588206.970203726,0.8364779874213835,0.11968310528605164,2588206.970203726,0.0,1.0,1.0,0.8901935294441423,0.2878488132322206,46259178.01072989,1.0,7751243.868025683,1.3531160663236128,0.041288145731919766,0.0,0.0,0.0,0.0,-0.003925516869453416,2026-01-31,alexander volkanovski,diego lopes,1.0,0.5935151935787911,0.4064848064212089,-166.0,130.0,2.3,1.6024096385542168,0.0
624,0.2130260414020283,0.05479387625994414,1.4236574892604168,1.3773584905660377,0,1.3773584905660377,0.7658092526270828,0.7658092526270828,0,-265,True,2588206.970203726,0.8364779874213835,0.11968310528605164,2588206.970203726,0.0,1.0,1.0,0.8901935294441423,0.2878488132322206,46259178.01072989,1.0,7751243.868025683,1.3531160663236128,0.041288145731919766,2887309.530835542,0.37735849056603765,0.213013039324306,0.2130260414020283,0.06339311142482273,2026-01-31,dan hooker,benoit st denis,0.0,0.2341907473729171,0.7658092526270828,200.0,-265.0,1.3773584905660377,3.0,0.213013039324306
625,0.12754328834543438,0.026589625647337245,1.3581229197342266,1.3333333333333333,1,1.3333333333333333,0.769942219235503,0.769942219235503,1,-300,True,2588206.970203726,0.8364779874213835,0.11968310528605164,2588206.970203726,0.0,1.0,1.0,0.8901935294441423,0.2878488132322206,46259178.01072989,1.0,7751243.868025683,1.3531160663236128,0.041288145731919766,1527013.499487401,0.33333333333333326,0.12753550372090158,0.12754328834543438,0.033631841530006534,2026-01-31,cam rowston,cody brundage,1.0,0.769942219235503,0.230057780764497,-300.0,250.0,3.5,1.3333333333333333,0.12753550372090158
626,0.03571989451551622,-0.003994598734285537,1.6122342839525097,1.5714285714285714,0,1.5714285714285714,0.6338216189872729,0.6338216189872729,0,-175,True,2588206.970203726,0.8364779874213835,0.11968310528605164,2588206.970203726,0.0,1.0,1.0,0.8901935294441423,0.2878488132322206,46259178.01072989,1.0,7751243.868025683,1.3531160663236128,0.041288145731919766,0.0,0.0,0.0,0.03571989451551622,0.013564371046590695,2026-01-31,junior tafa,billy elekana,0.0,0.3661783810127271,0.6338216189872729,150.0,-175.0,1.5714285714285714,2.5,0.0
627,0.07241357504736468,0.023667503454302463,2.0,1.9090909090909087,1,1.9090909090909087,0.5362067875236823,0.5362067875236823,1,-110,True,2588206.970203726,0.8364779874213835,0.11968310528605164,2588206.970203726,0.0,1.0,1.0,0.8901935294441423,0.2878488132322206,46259178.01072989,1.0,7751243.868025683,1.3531160663236128,0.041288145731919766,2364470.0929229422,0.9090909090909087,0.07240915527349703,0.07241357504736468,0.03620678752368234,2026-01-31,jonathan micallef,oban elliott,1.0,0.5362067875236823,0.4637932124763176,-110.0,-110.0,1.9090909090909087,1.9090909090909087,0.07240915527349703
628,0.08160489139857592,0.023286189037118987,1.5762826711267552,1.5405405405405406,0,1.5405405405405406,0.6642384034100597,0.6642384034100597,0,-185,True,2588206.970203726,0.8364779874213835,0.11968310528605164,2588206.970203726,0.0,1.0,1.0,0.8901935294441423,0.2878488132322206,46259178.01072989,1.0,7751243.868025683,1.3531160663236128,0.041288145731919766,-2931046.52717595,-1.0,0.08159991063127864,0.08160489139857592,0.029834423516540975,2026-01-31,kaan ofli,yizha,1.0,0.3357615965899403,0.6642384034100597,160.0,-185.0,1.5405405405405406,2.6,-0.08159991063127864
629,0.08262395204049136,0.013969859074027924,1.4297358562641758,1.4,1,1.4,0.7242641850528772,0.7242641850528772,1,-250,True,2588206.970203726,0.8364779874213835,0.11968310528605164,2588206.970203726,0.0,1.0,1.0,0.8901935294441423,0.2878488132322206,46259178.01072989,1.0,7751243.868025683,1.3531160663236128,0.041288145731919766,1187059.4693006873,0.3999999999999999,0.08261890907466858,0.08262395204049136,0.024834289930188436,2026-01-31,jacob malkoun,torrez finney,1.0,0.7242641850528772,0.2757358149471228,-250.0,210.0,3.1,1.4,0.08261890907466858
630,0.0,-0.02430762164419059,1.268264024946321,1.25,0,1.25,0.7805539026846475,0.7805539026846475,0,-400,True,-1824645.7237285776,-1.0,0.582307370796501,-1824645.7237285776,0.0,1.0,0.8036956441079749,1.0,-0.33107974120693834,30943701.326491743,0.8,-13490830.960509565,-2.3589743589743595,0.0857239391622821,0.0,0.0,0.0,0.0,-0.007925452031989466,2026-02-07,jean matsumoto,farid basharat,0.0,0.2194460973153525,0.7805539026846475,330.0,-400.0,1.25,4.3,0.0
631,0.017841350487341305,-0.03506924938616063,1.5105772597440823,1.4444444444444444,1,1.4444444444444444,0.6680289811941965,0.6680289811941965,1,-225,True,-1824645.7237285776,-1.0,0.582307370796501,-1824645.7237285776,0.0,1.0,0.8036956441079749,1.0,-0.33107974120693834,30943701.326491743,0.8,-13490830.960509565,-2.3589743589743595,0.0857239391622821,0.0,0.0,0.0,0.017841350487341305,0.006030401810433572,2026-02-07,wang cong,eduarda moura,1.0,0.6680289811941965,0.3319710188058035,-225.0,163.0,2.63,1.4444444444444444,0.0
632,0.4951874762349408,0.15584823503847522,1.3581229197342266,1.3333333333333333,1,1.3333333333333333,0.8668861762788564,0.8668861762788564,1,-300,True,-1824645.7237285776,-1.0,0.582307370796501,-1824645.7237285776,0.0,1.0,0.8036956441079749,1.0,-0.33107974120693834,30943701.326491743,0.8,-13490830.960509565,-2.3589743589743595,0.0857239391622821,6136368.270263977,0.33333333333333326,0.3979557268942806,0.4951874762349408,0.13057579857336,2026-02-07,klaudia sygula,priscila cachoeira,1.0,0.8668861762788564,0.1331138237211435,-300.0,250.0,3.5,1.3333333333333333,0.3979557268942806
633,0.14169359196536857,0.0769428047034833,1.7994762545438048,1.7407407407407407,1,1.7407407407407407,0.6186692707871074,0.6186692707871074,1,-135,True,-1824645.7237285776,-1.0,0.582307370796501,-1824645.7237285776,0.0,1.0,0.8036956441079749,1.0,-0.33107974120693834,30943701.326491743,0.8,-13490830.960509565,-2.3589743589743595,0.0857239391622821,-5267605.322616196,-1.0,0.11387157206715535,0.14169359196536857,0.06295201835050024,2026-02-07,muin gafurov,jakub wiklacz,0.0,0.6186692707871074,0.3813307292128925,-135.0,115.0,2.15,1.7407407407407407,-0.11387157206715535
634,0.0,-0.08999583198949579,1.7123796839230043,1.6666666666666663,0,1.6666666666666663,0.5460025008063026,0.5460025008063026,0,-150,True,-1824645.7237285776,-1.0,0.582307370796501,-1824645.7237285776,0.0,1.0,0.8036956441079749,1.0,-0.33107974120693834,30943701.326491743,0.8,-13490830.960509565,-2.3589743589743595,0.0857239391622821,0.0,0.0,0.0,0.0,-0.03798013423000757,2026-02-07,bruna brasil,ketlen souza,0.0,0.4539974991936973,0.5460025008063026,130.0,-150.0,1.6666666666666663,2.3,0.0
635,0.279907393182718,0.36895772544379934,2.582357470201561,2.45,0,2.45,0.5587582552831833,0.5587582552831833,0,145,True,-1824645.7237285776,-1.0,0.582307370796501,-1824645.7237285776,0.0,1.0,0.8036956441079749,1.0,-0.33107974120693834,30943701.326491743,0.8,-13490830.960509565,-2.3589743589743595,0.0857239391622821,-10405845.837610492,-1.0,0.2249466221642944,0.279907393182718,0.17151519868112935,2026-02-07,dustin jacoby,julius walker,1.0,0.4412417447168166,0.5587582552831833,-170.0,145.0,2.45,1.5882352941176472,-0.2249466221642944
636,0.1468476714601427,0.024425836177807053,1.268264024946321,1.25,1,1.25,0.8195406689422456,0.8195406689422456,1,-400,True,-1824645.7237285776,-1.0,0.582307370796501,-1824645.7237285776,0.0,1.0,0.8036956441079749,1.0,-0.33107974120693834,30943701.326491743,0.8,-13490830.960509565,-2.3589743589743595,0.0857239391622821,-5459213.5400611665,-1.0,0.11801363047987781,0.1468476714601427,0.03106131422560865,2026-02-07,jailton almeida,rizvan kuniev,0.0,0.8195406689422456,0.1804593310577543,-400.0,330.0,4.3,1.25,-0.11801363047987781
637,0.0,-0.11927220524245152,1.489227930742258,1.4545454545454546,0,1.4545454545454546,0.6055003588958145,0.6055003588958145,0,-220,True,-1824645.7237285776,-1.0,0.582307370796501,-1824645.7237285776,0.0,1.0,0.8036956441079749,1.0,-0.33107974120693834,30943701.326491743,0.8,-13490830.960509565,-2.3589743589743595,0.0857239391622821,0.0,0.0,0.0,0.0,-0.06598852427439428,2026-02-07,amir albazi,kyoji horiguchi,0.0,0.3944996411041855,0.6055003588958145,185.0,-220.0,1.4545454545454546,2.85,0.0
638,0.0,-0.1018621944133753,1.768144146448678,1.7142857142857144,1,1.7142857142857144,0.523913719925531,0.523913719925531,1,-140,True,-1824645.7237285776,-1.0,0.582307370796501,-1824645.7237285776,0.0,1.0,0.8036956441079749,1.0,-0.33107974120693834,30943701.326491743,0.8,-13490830.960509565,-2.3589743589743595,0.0857239391622821,0.0,0.0,0.0,0.0,-0.04165102885838601,2026-02-07,mario bautista,vinicius oliveira,1.0,0.523913719925531,0.4760862800744689,-140.0,120.0,2.2,1.7142857142857144,0.0
639,0.1316106826337644,0.027137609226318388,1.3281221260403888,1.3076923076923077,1,1.3076923076923077,0.7854581717613023,0.7854581717613023,1,-325,True,-1824645.7237285776,-1.0,0.582307370796501,-1824645.7237285776,0.0,1.0,0.8036956441079749,1.0,-0.33107974120693834,30943701.326491743,0.8,-13490830.960509565,-2.3589743589743595,0.0857239391622821,1505465.469514315,0.3076923076923077,0.10576847636131018,0.1316106826337644,0.03251536598081228,2026-02-07,nikolay veretennikov,niko price,1.0,0.7854581717613023,0.2145418282386977,-325.0,275.0,3.75,1.3076923076923077,0.10576847636131018
640,0.23474907975357684,0.3377566035040779,2.7352595351249884,2.6,1,2.6,0.5145217705784915,0.5145217705784915,1,160,True,-781553.8304088203,-1.0,0.6436286910601388,-781553.8304088203,0.0,1.0,0.5709077619972334,1.0,0.1477777590963386,35516492.1666671,0.8,5354344.67058417,2.39702380952381,0.1344621536224318,6634918.327333618,1.6,0.1340118918170045,0.23474907975357684,0.14892575047201018,2026-02-21,serghei spivac,ante delija,1.0,0.5145217705784915,0.4854782294215085,160.0,-185.0,1.5405405405405406,2.6,0.1340118918170045
641,0.13964104678046993,0.05460895560241463,1.5535540651270858,1.5208333333333337,0,1.5208333333333337,0.6934415050536423,0.6934415050536423,0,-192,True,-781553.8304088203,-1.0,0.6436286910601388,-781553.8304088203,0.0,1.0,0.5709077619972334,1.0,0.1477777590963386,35516492.1666671,0.8,5354344.67058417,2.39702380952381,0.1344621536224318,1284764.6162771827,0.5208333333333337,0.07971729164604943,0.13964104678046993,0.04975615000409228,2026-02-21,nora cornolle,joselyne edwards,0.0,0.3065584949463577,0.6934415050536423,167.0,-192.0,1.5208333333333337,2.67,0.07971729164604943
642,0.0,-0.05448963631805681,1.6279192604408796,1.5847953216374269,0,1.5847953216374269,0.5966135505151745,0.5966135505151745,0,-171,True,-781553.8304088203,-1.0,0.6436286910601388,-781553.8304088203,0.0,1.0,0.5709077619972334,1.0,0.1477777590963386,35516492.1666671,0.8,5354344.67058417,2.39702380952381,0.1344621536224318,0.0,0.0,0.0,0.0,-0.01766752859017129,2026-02-21,ramiz brahimaj,punahele soriano,0.0,0.4033864494848255,0.5966135505151745,146.0,-171.0,1.5847953216374269,2.46,0.0
643,0.0,-0.05375359688742837,1.4116676290815602,1.3846153846153846,0,1.3846153846153846,0.6834001800257462,0.6834001800257462,0,-260,True,-781553.8304088203,-1.0,0.6436286910601388,-781553.8304088203,0.0,1.0,0.5709077619972334,1.0,0.1477777590963386,35516492.1666671,0.8,5354344.67058417,2.39702380952381,0.1344621536224318,0.0,0.0,0.0,0.0,-0.02498186359354837,2026-02-21,chidi njokuani,carlos leal,0.0,0.3165998199742538,0.6834001800257462,220.0,-260.0,1.3846153846153846,3.2,0.0
644,0.4536580588100075,0.20426235948672478,1.508679372471896,1.4761904761904765,1,1.4761904761904765,0.8157906306200392,0.8157906306200392,1,-210,True,-781553.8304088203,-1.0,0.6436286910601388,-781553.8304088203,0.0,1.0,0.5709077619972334,1.0,0.1477777590963386,35516492.1666671,0.8,5354344.67058417,2.39702380952381,0.1344621536224318,3816111.324438498,0.4761904761904765,0.2589810991505395,0.4536580588100075,0.15295927079203964,2026-02-21,alden coria,luis gurule,1.0,0.8157906306200392,0.1842093693799608,-210.0,180.0,2.8,1.4761904761904765,0.2589810991505395
645,0.2878678183857382,0.20341497461926028,1.8706056173613068,1.8,0,1.8,0.6685638747884779,0.6685638747884779,0,-125,True,-781553.8304088203,-1.0,0.6436286910601388,-781553.8304088203,0.0,1.0,0.5709077619972334,1.0,0.1477777590963386,35516492.1666671,0.8,5354344.67058417,2.39702380952381,0.1344621536224318,4068129.82198278,0.8,0.16433594106355107,0.2878678183857382,0.13397764735556283,2026-02-21,dan ige,melquizael costa,0.0,0.3314361252115221,0.6685638747884779,105.0,-125.0,1.8,2.05,0.16433594106355107
646,0.0,-0.04353501022440426,1.3088971178575866,1.2857142857142856,0,1.2857142857142856,0.7439172142699079,0.7439172142699079,0,-350,True,-781553.8304088203,-1.0,0.6436286910601388,-781553.8304088203,0.0,1.0,0.5709077619972334,1.0,0.1477777590963386,35516492.1666671,0.8,5354344.67058417,2.39702380952381,0.1344621536224318,0.0,0.0,0.0,0.0,-0.02008477363026273,2026-02-21,juliana miller,carli judice,0.0,0.2560827857300921,0.7439172142699079,285.0,-350.0,1.2857142857142856,3.85,0.0
647,0.0025292273563826753,-0.02247405910305128,1.5937085141648666,1.5555555555555556,1,1.5555555555555556,0.6284095334337527,0.6284095334337527,1,-180,True,-781553.8304088203,-1.0,0.6436286910601388,-781553.8304088203,0.0,1.0,0.5709077619972334,1.0,0.1477777590963386,35516492.1666671,0.8,5354344.67058417,2.39702380952381,0.1344621536224318,0.0,0.0,0.0,0.0025292273563826753,0.0009422198616602095,2026-02-21,geoff neal,uros medic,0.0,0.6284095334337527,0.3715904665662473,-180.0,155.0,2.55,1.5555555555555556,-0.0
648,0.0,-0.23036885780537644,1.219155491982216,1.2,0,1.2,0.6413592851621863,0.6413592851621863,0,-500,True,-781553.8304088203,-1.0,0.6436286910601388,-781553.8304088203,0.0,1.0,0.5709077619972334,1.0,0.1477777590963386,35516492.1666671,0.8,5354344.67058417,2.39702380952381,0.1344621536224318,0.0,0.0,0.0,0.0,-0.17888063220397943,2026-02-21,jordan leavitt,yadier del valle,1.0,0.3586407148378137,0.6413592851621863,385.0,-500.0,1.2,4.85,-0.0
649,0.5942281334618373,0.2286455449032127,1.4580990764261734,1.4081632653061225,0,1.4081632653061225,0.8725164014530061,0.8725164014530061,0,-245,True,-781553.8304088203,-1.0,0.6436286910601388,-781553.8304088203,0.0,1.0,0.5709077619972334,1.0,0.1477777590963386,35516492.1666671,0.8,5354344.67058417,2.39702380952381,0.1344621536224318,-10449579.419447908,-1.0,0.3376964930340037,0.5942281334618373,0.18669194948845402,2026-02-21,sean strickland,anthony hernandez,1.0,0.1274835985469938,0.8725164014530061,186.0,-245.0,1.4081632653061225,2.8600000000000003,-0.3376964930340037
650,0.01835726702661859,-0.014151531082086777,1.5365175706213747,1.5,0,1.5,0.6572323126119421,0.6572323126119421,0,-200,True,-781553.8304088203,-1.0,0.6436286910601388,-781553.8304088203,0.0,1.0,0.5709077619972334,1.0,0.1477777590963386,35516492.1666671,0.8,5354344.67058417,2.39702380952381,0.1344621536224318,0.0,0.0,0.0,0.01835726702661859,0.0064099470755718535,2026-02-21,ode osbourne,alibi idiris,0.0,0.3427676873880579,0.6572323126119421,170.0,-200.0,1.5,2.7,0.0
