f_star_unscaled,choice_ev,choice_fair_odds,choice_real_odds,choice_idx,choice_decimal_odds,choice_proba,choice_risk_proba,pred_winner,choice_american_odds,moneyline_allowed,parlay_net,parlay_net_odds,parlay_ev,regular_parlay_net,heavy_parlay_net,uncertainty_multiplier,event_multiplier,event_total_fstar,bankroll_pct_change,bankroll_postevent,vegas_acc_choice,event_payout_money_line,event_ml_net_odds,avg_choice_edge,fight_payout,net_odds,choice_fstar,kelly_edge,choice_edge,date,fighter_red,fighter_blue,winner,red_proba,blue_proba,open_red,open_blue,real_odds_blue,real_odds_red,fstar_net
0.14838895994590293,0.04441160996270804,1.8335998111745717,1.704225352112676,1,1.704225352112676,0.6128365645235725,0.6128365645235725,1,-142,True,24.74453813506158,1.2761130541639094,0.0645467324014235,24.74453813506158,0.0,0.7667637878274207,0.7667637878274207,0.1525534429719672,0.1296104399769528,564.8052199884764,1.0,40.06068185341482,0.704225352112676,0.06274349517504957,40.06068185341482,0.704225352112676,0.11377233646369811,0.14838895994590293,0.06746129021035274,2024-05-11,joaquin buckley,nursulton ruziboev,1.0,0.6128365645235725,0.3871634354764275,-148.0,124.0,2.0,1.704225352112676,0.11377233646369811
0.0,-0.18169575836385954,1.6427734316099438,1.5714285714285714,1,1.5714285714285714,0.5207390628593621,0.5207390628593621,1,-175,True,24.74453813506158,1.2761130541639094,0.0645467324014235,24.74453813506158,0.0,0.7667637878274207,0.7667637878274207,0.1525534429719672,0.1296104399769528,564.8052199884764,1.0,40.06068185341482,0.704225352112676,0.06274349517504957,0.0,0.0,0.0,0.0,-0.08798760678246687,2024-05-11,derrick lewis,rodrigo nascimento,1.0,0.5207390628593621,0.4792609371406379,-162.0,136.0,2.35,1.5714285714285714,0.0
0.030492199104078525,-0.03758320470118154,1.922925338329723,1.8,0,1.8,0.5346759973882325,0.5346759973882325,0,-125,True,24.74453813506158,1.2761130541639094,0.0645467324014235,24.74453813506158,0.0,0.7667637878274207,0.7667637878274207,0.1525534429719672,0.1296104399769528,564.8052199884764,1.0,40.06068185341482,0.704225352112676,0.06274349517504957,0.0,0.0,0.0,0.030492199104078525,0.014635005641453258,2024-05-11,jj aldrich,veronica hardy,0.0,0.4653240026117675,0.5346759973882325,124.0,-148.0,1.8,1.9345794392523368,0.0
0.0,0.019278914794363944,1.4181319820606033,1.3355704697986577,0,1.3355704697986577,0.7631786849465338,0.7631786849465338,0,-298,False,24.74453813506158,1.2761130541639094,0.0645467324014235,24.74453813506158,0.0,0.7667637878274207,0.7667637878274207,0.1525534429719672,0.1296104399769528,564.8052199884764,1.0,40.06068185341482,0.704225352112676,0.06274349517504957,0.0,0.0,0.0,0.0,0.058025700139746395,2024-05-11,alex caceres,sean woodson,0.0,0.23682131505346618,0.7631786849465338,150.0,-180.0,1.3355704697986577,2.75,0.0
0.30554814124726576,0.2744006718915697,2.30478053304599,2.1,1,2.1,0.6068574628055093,0.6068574628055093,1,110,True,-61.58796768575504,-1.0,0.44931789835748304,-61.58796768575504,0.0,0.8163343389742167,0.8163343389742167,0.7655428361214892,-0.2099271932309936,446.23724543408173,0.8,-56.980006868639705,-0.02463054187192104,0.08655361774258363,-92.37448917915246,-1.0,0.16355105425731928,0.30554814124726576,0.17297667213499657,2024-05-18,luana pinheiro,angela hill,0.0,0.6068574628055093,0.39314253719449066,120.0,-142.0,1.6578947368421053,2.1,-0.16355105425731928
0.0,-0.18701955912568125,1.2231508472849701,1.181818181818182,1,1.181818181818182,0.6879065268936542,0.6879065268936542,1,-550,False,-61.58796768575504,-1.0,0.44931789835748304,-61.58796768575504,0.0,0.8163343389742167,0.8163343389742167,0.7655428361214892,-0.2099271932309936,446.23724543408173,0.8,-56.980006868639705,-0.02463054187192104,0.08655361774258363,0.0,0.0,0.0,0.0,-0.1296541216720576,2024-05-18,adrian yanez,vinicius salvador,1.0,0.6879065268936542,0.31209347310634583,-250.0,205.0,4.1,1.181818181818182,0.0
0.0910617448833006,0.006514595921660815,1.6542766747881525,1.5714285714285714,0,1.5714285714285714,0.6405092883137842,0.6405092883137842,0,-175,True,-61.58796768575504,-1.0,0.44931789835748304,-61.58796768575504,0.0,0.8163343389742167,0.8163343389742167,0.7655428361214892,-0.2099271932309936,446.23724543408173,0.8,-56.980006868639705,-0.02463054187192104,0.08655361774258363,23.990438070251624,0.5714285714285714,0.07433229215515558,0.0910617448833006,0.03601548432053103,2024-05-18,edson barboza,lerone murphy,0.0,0.3594907116862158,0.6405092883137842,120.0,-142.0,1.5714285714285714,2.3,0.07433229215515558
0.08734718400543984,0.0038842736302935332,1.831709377314822,1.7142857142857144,1,1.7142857142857144,0.5855991596176712,0.5855991596176712,1,-140,True,-61.58796768575504,-1.0,0.44931789835748304,-61.58796768575504,0.0,0.8163343389742167,0.8163343389742167,0.7655428361214892,-0.2099271932309936,446.23724543408173,0.8,-56.980006868639705,-0.02463054187192104,0.08655361774258363,28.764784970610393,0.7142857142857144,0.07130015363469228,0.08734718400543984,0.03966102533463278,2024-05-18,khaos williams,carlston harris,1.0,0.5855991596176712,0.41440084038232883,105.0,-125.0,2.02,1.7142857142857144,0.07130015363469228
0.0,-0.007017252034429627,1.2731924450199432,1.238095238095238,0,1.238095238095238,0.8020245272029608,0.8020245272029608,0,-420,False,-61.58796768575504,-1.0,0.44931789835748304,-61.58796768575504,0.0,0.8163343389742167,0.8163343389742167,0.7655428361214892,-0.2099271932309936,446.23724543408173,0.8,-56.980006868639705,-0.02463054187192104,0.08655361774258363,0.0,0.0,0.0,0.0,0.016597309258437054,2024-05-18,vanessa demopoulos,emily ducote,1.0,0.19797547279703923,0.8020245272029608,240.0,-298.0,1.238095238095238,3.9,-0.0
0.27249384630298645,0.13725449956510677,1.8161540125050284,1.6896551724137931,1,1.6896551724137931,0.6730689895385326,0.6730689895385326,1,-145,True,-61.58796768575504,-1.0,0.44931789835748304,-61.58796768575504,0.0,0.8163343389742167,0.8163343389742167,0.7655428361214892,-0.2099271932309936,446.23724543408173,0.8,-56.980006868639705,-0.02463054187192104,0.08655361774258363,72.98180685271359,0.6896551724137931,0.18736303453178743,0.27249384630298645,0.12245489342413085,2024-05-18,themba gorimbo,ramiz brahimaj,1.0,0.6730689895385326,0.32693101046146744,-250.0,205.0,2.02,1.6896551724137931,0.18736303453178743
0.0,-0.021785410605761613,1.3472099617665865,1.2777777777777777,1,1.2777777777777777,0.7655592438737518,0.7655592438737518,1,-360,False,-61.58796768575504,-1.0,0.44931789835748304,-61.58796768575504,0.0,0.8163343389742167,0.8163343389742167,0.7655428361214892,-0.2099271932309936,446.23724543408173,0.8,-56.980006868639705,-0.02463054187192104,0.08655361774258363,0.0,0.0,0.0,0.0,0.023284447531905172,2024-05-18,abus magomedov,warlley alves,1.0,0.7655592438737518,0.23444075612624815,-185.0,154.0,3.05,1.2777777777777777,0.0
0.1959530708746966,0.045789872060041203,1.4591452060396273,1.4,1,1.4,0.7469927657571723,0.7469927657571723,1,-250,True,-61.58796768575504,-1.0,0.44931789835748304,-61.58796768575504,0.0,0.8163343389742167,0.8163343389742167,0.7655428361214892,-0.2099271932309936,446.23724543408173,0.8,-56.980006868639705,-0.02463054187192104,0.08655361774258363,-90.34254758306285,-1.0,0.15995345720230078,0.1959530708746966,0.06166001349862693,2024-05-18,piera rodriguez,ariane carnelossi,0.0,0.7469927657571723,0.25300723424282767,-120.0,100.0,2.8,1.4,-0.15995345720230078
0.0,-0.005593375979789678,1.2010433168936516,1.1666666666666667,0,1.1666666666666667,0.8523485348744659,0.8523485348744659,0,-600,False,-61.58796768575504,-1.0,0.44931789835748304,-61.58796768575504,0.0,0.8163343389742167,0.8163343389742167,0.7655428361214892,-0.2099271932309936,446.23724543408173,0.8,-56.980006868639705,-0.02463054187192104,0.08655361774258363,0.0,0.0,0.0,0.0,0.019739097784074455,2024-05-18,victor martinez,tom nolan,0.0,0.14765146512553404,0.8523485348744659,330.0,-425.0,1.1666666666666667,4.5,0.0
0.0,-0.06398552916064298,1.3628660776671344,1.303030303030303,1,1.303030303030303,0.7183366869232275,0.7183366869232275,1,-330,False,78.46088550126476,0.8153846153846152,0.24381128167753552,78.46088550126476,0.0,0.882612893650622,0.882612893650622,0.5905059138672171,0.3569777735985426,605.5340238058866,1.0,80.83589287054016,0.9383524277141297,0.08285519108485165,0.0,0.0,0.0,0.0,-0.01541112321504745,2024-06-01,kevin holland,michal oleksiejczuk,1.0,0.7183366869232275,0.2816633130767725,-200.0,165.0,3.1,1.303030303030303,0.0
0.0,-0.14025982868479703,1.384849799695206,1.3333333333333333,0,1.3333333333333333,0.6448051284864023,0.6448051284864023,0,-300,False,78.46088550126476,0.8153846153846152,0.24381128167753552,78.46088550126476,0.0,0.882612893650622,0.882612893650622,0.5905059138672171,0.3569777735985426,605.5340238058866,1.0,80.83589287054016,0.9383524277141297,0.08285519108485165,0.0,0.0,0.0,0.0,-0.07729484236970918,2024-06-01,niko price,alex morono,1.0,0.3551948715135977,0.6448051284864023,225.0,-278.0,1.3333333333333333,3.1,-0.0
0.1439565153206062,0.025071565042478927,1.4884514864411338,1.425531914893617,1,1.425531914893617,0.7190800530895002,0.7190800530895002,1,-235,True,78.46088550126476,0.8153846153846152,0.24381128167753552,78.46088550126476,0.0,0.882612893650622,0.882612893650622,0.5905059138672171,0.3569777735985426,605.5340238058866,1.0,80.83589287054016,0.9383524277141297,0.08285519108485165,24.12531756271203,0.42553191489361697,0.1270501215496325,0.1439565153206062,0.047240890638202804,2024-06-01,ailin perez,joselyne edwards,1.0,0.7190800530895002,0.2809199469104998,-250.0,175.0,2.7,1.425531914893617,0.1270501215496325
0.0,0.0710378542252812,1.2406973129962662,1.2,1,1.2,0.8925315451877344,0.8925315451877344,1,-500,False,78.46088550126476,0.8153846153846152,0.24381128167753552,78.46088550126476,0.0,0.882612893650622,0.882612893650622,0.5905059138672171,0.3569777735985426,605.5340238058866,1.0,80.83589287054016,0.9383524277141297,0.08285519108485165,0.0,0.0,0.0,0.0,0.08653318481004124,2024-06-01,islam makhachev,dustin poirier,1.0,0.8925315451877344,0.10746845481226563,-400.0,280.0,4.0,1.2,0.0
0.0,-0.06572417801772584,1.4982360509068695,1.4,1,1.4,0.6673398728444816,0.6673398728444816,1,-250,True,78.46088550126476,0.8153846153846152,0.24381128167753552,78.46088550126476,0.0,0.882612893650622,0.882612893650622,0.5905059138672171,0.3569777735985426,605.5340238058866,1.0,80.83589287054016,0.9383524277141297,0.08285519108485165,0.0,0.0,0.0,0.0,-0.00011169421313161898,2024-06-01,sean strickland,paulo costa,1.0,0.6673398728444816,0.3326601271555184,-185.0,154.0,2.5,1.4,0.0
0.0,0.03351855267704751,1.2752537732330946,1.21978021978022,1,1.21978021978022,0.8472989936361378,0.8472989936361378,1,-455,False,78.46088550126476,0.8153846153846152,0.24381128167753552,78.46088550126476,0.0,0.882612893650622,0.882612893650622,0.5905059138672171,0.3569777735985426,605.5340238058866,1.0,80.83589287054016,0.9383524277141297,0.08285519108485165,0.0,0.0,0.0,0.0,0.0631413451825723,2024-06-01,jailton almeida,alexandr romanov,1.0,0.8472989936361378,0.1527010063638622,-285.0,230.0,3.5,1.21978021978022,0.0
0.36664234513190663,0.1613140252425786,1.579422250153526,1.5128205128205128,1,1.5128205128205128,0.7676482539739079,0.7676482539739079,1,-195,True,78.46088550126476,0.8153846153846152,0.24381128167753552,78.46088550126476,0.0,0.882612893650622,0.882612893650622,0.5905059138672171,0.3569777735985426,605.5340238058866,1.0,80.83589287054016,0.9383524277141297,0.08285519108485165,56.71057530782813,0.5128205128205128,0.24781800036142565,0.36664234513190663,0.13450534370859024,2024-06-01,randy brown,elizeu zaleski dos santos,1.0,0.7676482539739079,0.2323517460260921,-163.0,120.0,2.48,1.5128205128205128,0.24781800036142565
0.0,-0.0276266306212426,1.2010433168936516,1.1666666666666667,1,1.1666666666666667,0.8334628880389349,0.8334628880389349,1,-600,False,78.46088550126476,0.8153846153846152,0.24381128167753552,78.46088550126476,0.0,0.882612893650622,0.882612893650622,0.5905059138672171,0.3569777735985426,605.5340238058866,1.0,80.83589287054016,0.9383524277141297,0.08285519108485165,0.0,0.0,0.0,0.0,0.0008534509485433883,2024-06-01,grant dawson,joe solecki,1.0,0.8334628880389349,0.16653711196106513,-250.0,205.0,4.5,1.1666666666666667,0.0
0.0,-0.16085308750891197,1.6542766747881525,1.5714285714285714,0,1.5714285714285714,0.5340025806761469,0.5340025806761469,0,-175,True,78.46088550126476,0.8153846153846152,0.24381128167753552,78.46088550126476,0.0,0.882612893650622,0.882612893650622,0.5905059138672171,0.3569777735985426,605.5340238058866,1.0,80.83589287054016,0.9383524277141297,0.08285519108485165,0.0,0.0,0.0,0.0,-0.07049122331710622,2024-06-01,phil rowe,jake matthews,0.0,0.4659974193238531,0.5340025806761469,136.0,-162.0,1.5714285714285714,2.3,0.0
0.0,-0.09585319460835948,1.2668045221265223,1.2222222222222223,0,1.2222222222222223,0.7397564771386149,0.7397564771386149,0,-450,False,78.46088550126476,0.8153846153846152,0.24381128167753552,78.46088550126476,0.0,0.882612893650622,0.882612893650622,0.5905059138672171,0.3569777735985426,605.5340238058866,1.0,80.83589287054016,0.9383524277141297,0.08285519108485165,0.0,0.0,0.0,0.0,-0.0496312954289706,2024-06-01,mickey gall,bassil hafez,0.0,0.260243522861385,0.7397564771386149,200.0,-275.0,1.2222222222222223,3.75,0.0
0.0,-0.08933636407785905,1.3929129310941473,1.3448275862068966,0,1.3448275862068966,0.6771601395318484,0.6771601395318484,0,-290,False,136.32326615261135,2.7153846153846155,0.2902975563360859,136.32326615261135,0.0,0.7755584971370406,0.7755584971370406,0.6622279695838809,0.34957445275083565,817.2132487998408,0.8333333333333334,75.35595884134293,0.6384615384615384,0.07464887516090825,0.0,0.0,0.0,0.0,-0.040759823501655634,2024-06-08,cody stamann,taylor lapilus,0.0,0.3228398604681516,0.6771601395318484,150.0,-200.0,1.3448275862068966,3.1,0.0
0.15103777316325406,0.03500878089398468,1.520085002092002,1.4587155963302751,1,1.4587155963302751,0.7095343214933606,0.7095343214933606,1,-218,True,136.32326615261135,2.7153846153846155,0.2902975563360859,136.32326615261135,0.0,0.7755584971370406,0.7755584971370406,0.6622279695838809,0.34957445275083565,817.2132487998408,0.8333333333333334,75.35595884134293,0.6384615384615384,0.07464887516090825,-70.92709566660774,-1.0,0.11713147879093337,0.15103777316325406,0.05167637366560107,2024-06-08,eduarda moura,denise gomes,0.0,0.7095343214933606,0.2904656785066394,-163.0,120.0,2.63,1.4587155963302751,-0.11713147879093337
0.0,-0.08848876525543498,1.384849799695206,1.3333333333333333,1,1.3333333333333333,0.6836334260584238,0.6836334260584238,1,-300,False,136.32326615261135,2.7153846153846155,0.2902975563360859,136.32326615261135,0.0,0.7755584971370406,0.7755584971370406,0.6622279695838809,0.34957445275083565,817.2132487998408,0.8333333333333334,75.35595884134293,0.6384615384615384,0.07464887516090825,0.0,0.0,0.0,0.0,-0.03846654479768763,2024-06-08,brunno ferreira,dustin stoltzfus,1.0,0.6836334260584238,0.3163665739415762,-225.0,163.0,3.1,1.3333333333333333,0.0
0.11604283414779366,0.010487176901947393,1.5148568537970253,1.4444444444444444,1,1.4444444444444444,0.6995680455475021,0.6995680455475021,1,-225,True,136.32326615261135,2.7153846153846155,0.2902975563360859,136.32326615261135,0.0,0.7755584971370406,0.7755584971370406,0.6622279695838809,0.34957445275083565,817.2132487998408,0.8333333333333334,75.35595884134293,0.6384615384615384,0.07464887516090825,-54.49352851705889,-1.0,0.08999251301282395,0.11604283414779366,0.0394396660947004,2024-06-08,miguel baeza,punahele soriano,0.0,0.6995680455475021,0.30043195445249793,-150.0,110.0,2.6,1.4444444444444444,-0.08999251301282395
0.05060025312271158,-0.03229099931257434,1.679715642223781,1.5714285714285714,1,1.5714285714285714,0.6158148186192709,0.6158148186192709,1,-175,True,136.32326615261135,2.7153846153846155,0.2902975563360859,136.32326615261135,0.0,0.7755584971370406,0.7755584971370406,0.6622279695838809,0.34957445275083565,817.2132487998408,0.8333333333333334,75.35595884134293,0.6384615384615384,0.07464887516090825,0.0,0.0,0.0,0.05060025312271158,0.02047595597934404,2024-06-08,andrea lee,montana de la rosa,0.0,0.6158148186192709,0.3841851813807291,-138.0,105.0,2.2,1.5714285714285714,-0.0
0.0,-0.15190985475690463,1.4648660950833083,1.4,0,1.4,0.6057786751736396,0.6057786751736396,0,-250,True,136.32326615261135,2.7153846153846155,0.2902975563360859,136.32326615261135,0.0,0.7755584971370406,0.7755584971370406,0.6622279695838809,0.34957445275083565,817.2132487998408,0.8333333333333334,75.35595884134293,0.6384615384615384,0.07464887516090825,0.0,0.0,0.0,0.0,-0.07687757808828677,2024-06-08,charles radtke,carlos prates,0.0,0.39422132482636046,0.6057786751736396,140.0,-188.0,1.4,2.75,0.0
0.08285020246316742,0.008552655965447464,1.8824863560888558,1.7692307692307692,0,1.7692307692307692,0.5700515011978616,0.5700515011978616,0,-130,True,136.32326615261135,2.7153846153846155,0.2902975563360859,136.32326615261135,0.0,0.7755584971370406,0.7755584971370406,0.6622279695838809,0.34957445275083565,817.2132487998408,0.8333333333333334,75.35595884134293,0.6384615384615384,0.07464887516090825,29.927939996182182,0.7692307692307692,0.06425125668497345,0.08285020246316742,0.03883915176142372,2024-06-08,thiago moises,ludovit klein,0.0,0.42994849880213837,0.5700515011978616,-110.0,-120.0,1.7692307692307692,1.9803921568627447,0.06425125668497345
0.0,-0.10462034059648057,1.8242638366428037,1.6896551724137931,0,1.6896551724137931,0.5299185739326951,0.5299185739326951,0,-145,True,136.32326615261135,2.7153846153846155,0.2902975563360859,136.32326615261135,0.0,0.7755584971370406,0.7755584971370406,0.6622279695838809,0.34957445275083565,817.2132487998408,0.8333333333333334,75.35595884134293,0.6384615384615384,0.07464887516090825,0.0,0.0,0.0,0.0,-0.01824774933351725,2024-06-08,john castaneda,daniel marcos,0.0,0.47008142606730485,0.5299185739326951,120.0,-163.0,1.6896551724137931,2.0,0.0
0.0,0.07637534686998665,1.377615957746966,1.3125,1,1.3125,0.8200955023771327,0.8200955023771327,1,-320,False,136.32326615261135,2.7153846153846155,0.2902975563360859,136.32326615261135,0.0,0.7755584971370406,0.7755584971370406,0.6622279695838809,0.34957445275083565,817.2132487998408,0.8333333333333334,75.35595884134293,0.6384615384615384,0.07464887516090825,0.0,0.0,0.0,0.0,0.0942037947669373,2024-06-08,raul rosas jr,ricky turcios,1.0,0.8200955023771327,0.1799044976228673,-250.0,175.0,3.0,1.3125,0.0
0.0,-0.15744760934897017,1.1576429967868374,1.1333333333333333,1,1.1333333333333333,0.7434285799862028,0.7434285799862028,1,-750,False,136.32326615261135,2.7153846153846155,0.2902975563360859,136.32326615261135,0.0,0.7755584971370406,0.7755584971370406,0.6622279695838809,0.34957445275083565,817.2132487998408,0.8333333333333334,75.35595884134293,0.6384615384615384,0.07464887516090825,0.0,0.0,0.0,0.0,-0.12039558927462068,2024-06-08,brad katona,jesse butler,1.0,0.7434285799862028,0.2565714200137972,-549.0,350.0,5.5,1.1333333333333333,0.0
0.2509865885061147,0.1512786081080898,1.8737697341078057,1.7692307692307692,0,1.7692307692307692,0.6507226915393551,0.6507226915393551,0,-130,True,136.32326615261135,2.7153846153846155,0.2902975563360859,136.32326615261135,0.0,0.7755584971370406,0.7755584971370406,0.6622279695838809,0.34957445275083565,817.2132487998408,0.8333333333333334,75.35595884134293,0.6384615384615384,0.07464887516090825,79.69535051271065,0.7692307692307692,0.17109518473521104,0.2509865885061147,0.1170391861452682,2024-06-08,jared cannonier,nassourdine imavov,0.0,0.3492773084606448,0.6507226915393551,100.0,-125.0,1.7692307692307692,2.0,0.17109518473521104
0.0,-0.2026617762337699,1.4648660950833083,1.4,0,1.4,0.5695273026901644,0.5695273026901644,0,-250,True,136.32326615261135,2.7153846153846155,0.2902975563360859,136.32326615261135,0.0,0.7755584971370406,0.7755584971370406,0.6622279695838809,0.34957445275083565,817.2132487998408,0.8333333333333334,75.35595884134293,0.6384615384615384,0.07464887516090825,0.0,0.0,0.0,0.0,-0.11312895057176198,2024-06-08,dominick reyes,dustin jacoby,1.0,0.43047269730983556,0.5695273026901644,175.0,-225.0,1.4,2.75,-0.0
0.18620310633771844,0.12075178610019321,2.3419409520707433,2.1,0,2.1,0.5336913267143777,0.5336913267143777,0,110,True,136.32326615261135,2.7153846153846155,0.2902975563360859,136.32326615261135,0.0,0.7755584971370406,0.7755584971370406,0.6622279695838809,0.34957445275083565,817.2132487998408,0.8333333333333334,75.35595884134293,0.6384615384615384,0.07464887516090825,91.15329251611674,1.1,0.13684884135704706,0.18620310633771844,0.10669507853151877,2024-06-08,julian marquez,zachary reese,0.0,0.4663086732856223,0.5336913267143777,-110.0,-120.0,2.1,1.625,0.13684884135704706
0.20372084619949846,0.04624917876317558,1.4939931398173758,1.4201680672268908,1,1.4201680672268908,0.736708001614307,0.736708001614307,1,-238,True,76.41861434628247,0.9560805454257175,0.11432980654010061,76.41861434628247,0.0,0.8179576135440623,0.8179576135440623,0.2644316980558299,0.16352166763833698,950.8453220597339,1.0,57.21345891361068,0.4201680672268908,0.07523710496837399,57.21345891361068,0.4201680672268908,0.16662484659220803,0.20372084619949846,0.06736088525322459,2024-06-15,melquizael costa,shayilan nuerdanbieke,1.0,0.736708001614307,0.26329199838569295,-185.0,154.0,2.63,1.4201680672268908,0.16662484659220803
0.0,-0.03736009463043333,1.3015963996674027,1.2597402597402598,1,1.2597402597402598,0.764157450654192,0.764157450654192,1,-385,False,76.41861434628247,0.9560805454257175,0.11432980654010061,76.41861434628247,0.0,0.8179576135440623,0.8179576135440623,0.2644316980558299,0.16352166763833698,950.8453220597339,1.0,57.21345891361068,0.4201680672268908,0.07523710496837399,0.0,0.0,0.0,0.0,-0.004129861953257041,2024-06-15,jeka saragih,westin wilson,0.0,0.764157450654192,0.23584254934580795,-350.0,240.0,3.6,1.2597402597402598,-0.0
0.0,-0.15370501408517745,1.153859272754193,1.125,0,1.125,0.7522622097020645,0.7522622097020645,0,-800,False,76.41861434628247,0.9560805454257175,0.11432980654010061,76.41861434628247,0.0,0.8179576135440623,0.8179576135440623,0.2644316980558299,0.16352166763833698,950.8453220597339,1.0,57.21345891361068,0.4201680672268908,0.07523710496837399,0.0,0.0,0.0,0.0,-0.1143946033190415,2024-06-15,jimmy flick,nate maness,0.0,0.2477377902979355,0.7522622097020645,275.0,-400.0,1.125,5.25,0.0
0.07116162374370061,-0.010444219736687466,1.6440159139122819,1.5555555555555556,0,1.5555555555555556,0.6361430015978438,0.6361430015978438,0,-180,True,76.41861434628247,0.9560805454257175,0.11432980654010061,76.41861434628247,0.0,0.8179576135440623,0.8179576135440623,0.2644316980558299,0.16352166763833698,950.8453220597339,1.0,57.21345891361068,0.4201680672268908,0.07523710496837399,0.0,0.0,0.0,0.07116162374370061,0.027876383533125937,2024-06-15,douglas silva de andrade,miles johns,0.0,0.36385699840215624,0.6361430015978438,-110.0,-110.0,1.5555555555555556,2.3,0.0
0.0,0.06507114094694594,1.4489446172428937,1.3773584905660377,0,1.3773584905660377,0.7732708283587416,0.7732708283587416,0,-265,False,76.41861434628247,0.9560805454257175,0.11432980654010061,76.41861434628247,0.0,0.8179576135440623,0.8179576135440623,0.2644316980558299,0.16352166763833698,950.8453220597339,1.0,57.21345891361068,0.4201680672268908,0.07523710496837399,0.0,0.0,0.0,0.0,0.08311332468352339,2024-06-15,alex perez,tatsuro taira,0.0,0.22672917164125841,0.7732708283587416,142.0,-170.0,1.3773584905660377,2.75,0.0
0.0,-0.021848895408567992,1.2406973129962662,1.2,1,1.2,0.81512592049286,0.81512592049286,1,-500,False,76.41861434628247,0.9560805454257175,0.11432980654010061,76.41861434628247,0.0,0.8179576135440623,0.8179576135440623,0.2644316980558299,0.16352166763833698,950.8453220597339,1.0,57.21345891361068,0.4201680672268908,0.07523710496837399,0.0,0.0,0.0,0.0,0.00912756011516691,2024-06-15,asu almabayev,jose johnson,1.0,0.81512592049286,0.18487407950713997,-355.0,280.0,4.0,1.2,0.0
0.0,-0.21995850573566375,1.4296455645921808,1.350877192982456,0,1.350877192982456,0.5774333139359373,0.5774333139359373,0,-285,False,76.41861434628247,0.9560805454257175,0.11432980654010061,76.41861434628247,0.0,0.8179576135440623,0.8179576135440623,0.2644316980558299,0.16352166763833698,950.8453220597339,1.0,57.21345891361068,0.4201680672268908,0.07523710496837399,0.0,0.0,0.0,0.0,-0.1220407548590503,2024-06-15,brady hiestand,garrett armfield,1.0,0.4225666860640627,0.5774333139359373,160.0,-192.0,1.350877192982456,2.75,-0.0
0.0,-0.05182199942271909,1.4648660950833083,1.4,1,1.4,0.6772700004123435,0.6772700004123435,1,-250,True,-7.2730620597278755,-1.0,0.013081878229539434,-7.2730620597278755,0.0,0.6533993544240277,0.6533993544240277,0.07561077667372468,-0.07561077667372468,878.9511687622196,1.0,-64.62109123778649,-1.0,0.04003106981062776,0.0,0.0,0.0,0.0,-0.005386252849582829,2024-06-22,sergei pavlovich,alexander volkov,0.0,0.6772700004123435,0.32272999958765647,-225.0,185.0,2.75,1.4,-0.0
0.0,0.007415599486691432,1.296711587176275,1.2531645569620251,1,1.2531645569620251,0.8038972965600872,0.8038972965600872,1,-395,False,-7.2730620597278755,-1.0,0.013081878229539434,-7.2730620597278755,0.0,0.6533993544240277,0.6533993544240277,0.07561077667372468,-0.07561077667372468,878.9511687622196,1.0,-64.62109123778649,-1.0,0.04003106981062776,0.0,0.0,0.0,0.0,0.032715786431374294,2024-06-22,rinat fakhretdinov,nicolas dalby,1.0,0.8038972965600872,0.19610270343991276,-250.0,175.0,3.6,1.2531645569620251,0.0
0.03489785873525083,-0.07751799672326298,1.861007041213267,1.6666666666666663,1,1.6666666666666663,0.5534892019660423,0.5534892019660423,1,-150,True,-7.2730620597278755,-1.0,0.013081878229539434,-7.2730620597278755,0.0,0.6533993544240277,0.6533993544240277,0.07561077667372468,-0.07561077667372468,878.9511687622196,1.0,-64.62109123778649,-1.0,0.04003106981062776,0.0,0.0,0.0,0.03489785873525083,0.016145721874715635,2024-06-22,robert whittaker,ikram aliskerov,1.0,0.5534892019660423,0.44651079803395766,-115.0,-105.0,1.8849557522123888,1.6666666666666663,0.0
0.10401889126801371,0.005624569190446405,1.8242638366428037,1.6896551724137931,1,1.6896551724137931,0.5951655613576111,0.5951655613576111,1,-145,True,-7.2730620597278755,-1.0,0.013081878229539434,-7.2730620597278755,0.0,0.6533993544240277,0.6533993544240277,0.07561077667372468,-0.07561077667372468,878.9511687622196,1.0,-64.62109123778649,-1.0,0.04003106981062776,-64.62109123778649,-1.0,0.0679617280945374,0.10401889126801371,0.04699923809139872,2024-06-22,johnny walker,volkan oezdemir,0.0,0.5951655613576111,0.4048344386423889,-150.0,110.0,2.0,1.6896551724137931,-0.0679617280945374
0.0,0.002663174704637339,1.4390391158522102,1.3636363636363638,1,1.3636363636363638,0.735286328116734,0.735286328116734,1,-275,False,-7.2730620597278755,-1.0,0.013081878229539434,-7.2730620597278755,0.0,0.6533993544240277,0.6533993544240277,0.07561077667372468,-0.07561077667372468,878.9511687622196,1.0,-64.62109123778649,-1.0,0.04003106981062776,0.0,0.0,0.0,0.0,0.04037818490911027,2024-06-22,nasrat haqparast,jared gordon,1.0,0.735286328116734,0.264713671883266,-225.0,163.0,2.75,1.3636363636363638,0.0
0.0,-0.05271151747658687,1.52165933311183,1.4545454545454546,1,1.4545454545454546,0.6512608317348465,0.6512608317348465,1,-220,True,-7.2730620597278755,-1.0,0.013081878229539434,-7.2730620597278755,0.0,0.6533993544240277,0.6533993544240277,0.07561077667372468,-0.07561077667372468,878.9511687622196,1.0,-64.62109123778649,-1.0,0.04003106981062776,0.0,0.0,0.0,0.0,-0.005916486630477724,2024-06-22,kelvin gastelum,daniel rodriguez,1.0,0.6512608317348465,0.3487391682651535,-218.0,180.0,2.6,1.4545454545454546,0.0
0.07805606771543037,-0.01855286838581427,1.6154697446230701,1.5128205128205128,0,1.5128205128205128,0.6487531886941228,0.6487531886941228,0,-195,True,-7.2730620597278755,-1.0,0.013081878229539434,-7.2730620597278755,0.0,0.6533993544240277,0.6533993544240277,0.07561077667372468,-0.07561077667372468,878.9511687622196,1.0,-64.62109123778649,-1.0,0.04003106981062776,0.0,0.0,0.0,0.07805606771543037,0.029738191150281312,2024-06-22,kyung ho kang,muin gafurov,0.0,0.3512468113058772,0.6487531886941228,-105.0,-115.0,1.5128205128205128,2.3,0.0
0.45589462172475537,0.1829941918278547,1.5477507848720249,1.4651162790697674,1,1.4651162790697674,0.8074404801364723,0.8074404801364723,1,-215,True,150.61548971029353,1.197674418604651,0.19990035473187295,150.61548971029353,0.0,0.8572704096655689,0.8572704096655689,0.5156885957038109,0.34782730357315406,1184.6743837652548,1.0,155.1077252927416,0.9651162790697674,0.07645995197895557,115.28680566115547,0.4651162790697674,0.28200273346304516,0.45589462172475537,0.16134163155298764,2024-06-29,ian machado garry,michael page,1.0,0.8074404801364723,0.1925595198635277,-105.0,-115.0,2.48,1.4651162790697674,0.28200273346304516
0.0,-0.06395372952946887,1.4648660950833083,1.4,0,1.4,0.6686044789075223,0.6686044789075223,0,-250,True,150.61548971029353,1.197674418604651,0.19990035473187295,150.61548971029353,0.0,0.8572704096655689,0.8572704096655689,0.5156885957038109,0.34782730357315406,1184.6743837652548,1.0,155.1077252927416,0.9651162790697674,0.07645995197895557,0.0,0.0,0.0,0.0,-0.014051774354404079,2024-06-29,cub swanson,andre fili,0.0,0.3313955210924778,0.6686044789075223,130.0,-155.0,1.4,2.75,0.0
0.0,-0.015522975467632538,1.3254185581560385,1.2857142857142856,1,1.2857142857142856,0.7657043524140636,0.7657043524140636,1,-350,False,150.61548971029353,1.197674418604651,0.19990035473187295,150.61548971029353,0.0,0.8572704096655689,0.8572704096655689,0.5156885957038109,0.34782730357315406,1184.6743837652548,1.0,155.1077252927416,0.9651162790697674,0.07645995197895557,0.0,0.0,0.0,0.0,0.011225705765845917,2024-06-29,joe pyfer,marc andre barriault,1.0,0.7657043524140636,0.23429564758593635,-162.0,136.0,3.5,1.2857142857142856,0.0
0.0,-0.04412869856347357,1.3698538208034297,1.3125,0,1.3125,0.7282828963325916,0.7282828963325916,0,-320,False,150.61548971029353,1.197674418604651,0.19990035473187295,150.61548971029353,0.0,0.8572704096655689,0.8572704096655689,0.5156885957038109,0.34782730357315406,1184.6743837652548,1.0,155.1077252927416,0.9651162790697674,0.07645995197895557,0.0,0.0,0.0,0.0,-0.0017220025941365735,2024-06-29,dan ige,diego lopes,0.0,0.2717171036674084,0.7282828963325916,175.0,-250.0,1.3125,3.1,0.0
0.0,-0.1661874738614061,1.751625358980277,1.6451612903225803,0,1.6451612903225803,0.506827221770518,0.506827221770518,0,-155,True,150.61548971029353,1.197674418604651,0.19990035473187295,150.61548971029353,0.0,0.8572704096655689,0.8572704096655689,0.5156885957038109,0.34782730357315406,1184.6743837652548,1.0,155.1077252927416,0.9651162790697674,0.07645995197895557,0.0,0.0,0.0,0.0,-0.06407111266679466,2024-06-29,anthony smith,roman dolidze,0.0,0.493172778229482,0.506827221770518,142.0,-170.0,1.6451612903225803,2.12,0.0
0.02242403089076314,-0.06746107101328863,2.035033277880001,1.8547008547008548,1,1.8547008547008548,0.5027974870573513,0.5027974870573513,1,-117,True,150.61548971029353,1.197674418604651,0.19990035473187295,150.61548971029353,0.0,0.8572704096655689,0.8572704096655689,0.5156885957038109,0.34782730357315406,1184.6743837652548,1.0,155.1077252927416,0.9651162790697674,0.07645995197895557,0.0,0.0,0.0,0.02242403089076314,0.011405031282990918,2024-06-29,mayra bueno silva,macy chiasson,0.0,0.5027974870573513,0.4972025129426487,-238.0,195.0,1.8,1.8547008547008548,-0.0
0.0,-0.06045795597349862,1.771956645840295,1.6666666666666663,1,1.6666666666666663,0.563725226415901,0.563725226415901,1,-150,True,150.61548971029353,1.197674418604651,0.19990035473187295,150.61548971029353,0.0,0.8572704096655689,0.8572704096655689,0.5156885957038109,0.34782730357315406,1184.6743837652548,1.0,155.1077252927416,0.9651162790697674,0.07645995197895557,0.0,0.0,0.0,0.0,-0.0006226668282823811,2024-06-29,charles jourdain,jean silva,0.0,0.563725226415901,0.43627477358409905,-198.0,164.0,2.1,1.6666666666666663,-0.0
0.0,-0.11776775738322935,1.0656139055521552,1.05,1,1.05,0.8402211834445434,0.8402211834445434,1,-2000,False,150.61548971029353,1.197674418604651,0.19990035473187295,150.61548971029353,0.0,0.8572704096655689,0.8572704096655689,0.5156885957038109,0.34782730357315406,1184.6743837652548,1.0,155.1077252927416,0.9651162790697674,0.07645995197895557,0.0,0.0,0.0,0.0,-0.09820500899693296,2024-06-29,payton talbott,yanis ghemmouri,1.0,0.8402211834445434,0.15977881655545656,-298.0,240.0,8.5,1.05,0.0
0.0,0.005984710477004884,1.4055084845408972,1.3571428571428572,0,1.3571428571428572,0.7412518919304246,0.7412518919304246,0,-280,False,150.61548971029353,1.197674418604651,0.19990035473187295,150.61548971029353,0.0,0.8572704096655689,0.8572704096655689,0.5156885957038109,0.34782730357315406,1184.6743837652548,1.0,155.1077252927416,0.9651162790697674,0.07645995197895557,0.0,0.0,0.0,0.0,0.02976561418899548,2024-06-29,andrei arlovski,martin buday,0.0,0.2587481080695754,0.7412518919304246,225.0,-278.0,1.3571428571428572,3.05,0.0
0.10570248751193942,0.014290994005555002,1.5675912773046496,1.5,0,1.5,0.6761939960037033,0.6761939960037033,0,-200,True,150.61548971029353,1.197674418604651,0.19990035473187295,150.61548971029353,0.0,0.8572704096655689,0.8572704096655689,0.5156885957038109,0.34782730357315406,1184.6743837652548,1.0,155.1077252927416,0.9651162790697674,0.07645995197895557,39.82091963158613,0.5,0.09061008403382369,0.10570248751193942,0.038272610194883594,2024-06-29,michelle waterson gomez,gillian robertson,0.0,0.3238060039962967,0.6761939960037033,225.0,-278.0,1.5,2.5,0.09061008403382369
0.044737433700693954,-0.025880500536106632,1.7451721039384551,1.6451612903225803,1,1.6451612903225803,0.5921118526153079,0.5921118526153079,1,-155,True,150.61548971029353,1.197674418604651,0.19990035473187295,150.61548971029353,0.0,0.8572704096655689,0.8572704096655689,0.5156885957038109,0.34782730357315406,1184.6743837652548,1.0,155.1077252927416,0.9651162790697674,0.07645995197895557,0.0,0.0,0.0,0.044737433700693954,0.01910246417549255,2024-06-29,alex pereira,jiri prochazka,1.0,0.5921118526153079,0.40788814738469215,-135.0,114.0,2.14,1.6451612903225803,0.0
0.08886959536038634,0.003010791269480395,1.603325421643099,1.526315789473684,1,1.526315789473684,0.6571450011765562,0.6571450011765562,1,-190,True,173.15445706557793,2.3118279569892457,0.18598342328655493,173.15445706557793,0.0,0.7859355760546918,0.7859355760546918,0.41408194580284974,0.3073130465032049,1548.740277754462,1.0,190.91143692362937,0.6397849462365583,0.06982021760686352,-82.73945205619692,-1.0,0.069841513575423,0.08886959536038634,0.03344129979371835,2024-07-13,santiago ponzinibbio,muslim salikhov,0.0,0.6571450011765562,0.34285499882344384,-148.0,124.0,2.4,1.526315789473684,-0.069841513575423
0.0,-0.11602476086381458,1.392915346265817,1.3333333333333333,1,1.3333333333333333,0.6629814293521391,0.6629814293521391,1,-300,False,173.15445706557793,2.3118279569892457,0.18598342328655493,173.15445706557793,0.0,0.7859355760546918,0.7859355760546918,0.41408194580284974,0.3073130465032049,1548.740277754462,1.0,190.91143692362937,0.6397849462365583,0.06982021760686352,0.0,0.0,0.0,0.0,-0.05493728888213112,2024-07-13,rose namajunas,tracy cortez,1.0,0.6629814293521391,0.3370185706478609,-200.0,163.0,3.0,1.3333333333333333,0.0
0.15091384431471813,0.06327336285902663,1.9399528656253162,1.806451612903225,0,1.806451612903225,0.5885977544398185,0.5885977544398185,0,-124,True,173.15445706557793,2.3118279569892457,0.18598342328655493,173.15445706557793,0.0,0.7859355760546918,0.7859355760546918,0.41408194580284974,0.3073130465032049,1548.740277754462,1.0,190.91143692362937,0.6397849462365583,0.06982021760686352,113.30963349651915,0.8064516129032251,0.11860131987417477,0.15091384431471813,0.07312131286263401,2024-07-13,drew dober,jean silva,0.0,0.41140224556018146,0.5885977544398185,-155.0,130.0,1.806451612903225,1.9090909090909087,0.11860131987417477
0.0,-0.07344677102878666,1.96501839001761,1.8333333333333333,0,1.8333333333333333,0.5053926703479346,0.5053926703479346,0,-120,True,173.15445706557793,2.3118279569892457,0.18598342328655493,173.15445706557793,0.0,0.7859355760546918,0.7859355760546918,0.41408194580284974,0.3073130465032049,1548.740277754462,1.0,190.91143692362937,0.6397849462365583,0.06982021760686352,0.0,0.0,0.0,0.0,-0.0035084193721663937,2024-07-13,josh fremd,andre petroski,0.0,0.49460732965206544,0.5053926703479346,120.0,-142.0,1.8333333333333333,1.8928571428571428,0.0
0.0,-0.019687778763134045,1.2728595270241458,1.2222222222222223,1,1.2222222222222223,0.8020736355574357,0.8020736355574357,1,-450,False,173.15445706557793,2.3118279569892457,0.18598342328655493,173.15445706557793,0.0,0.7859355760546918,0.7859355760546918,0.41408194580284974,0.3073130465032049,1548.740277754462,1.0,190.91143692362937,0.6397849462365583,0.06982021760686352,0.0,0.0,0.0,0.0,0.016440988145094648,2024-07-13,gabriel bonfim,ange loosa,1.0,0.8020736355574357,0.19792636444256428,-430.0,300.0,3.6,1.2222222222222223,0.0
0.0,-0.06837126726319914,1.2616342541563528,1.2272727272727273,1,1.2272727272727273,0.759104893341097,0.759104893341097,1,-440,False,173.15445706557793,2.3118279569892457,0.18598342328655493,173.15445706557793,0.0,0.7859355760546918,0.7859355760546918,0.41408194580284974,0.3073130465032049,1548.740277754462,1.0,190.91143692362937,0.6397849462365583,0.06982021760686352,0.0,0.0,0.0,0.0,-0.033517847128718525,2024-07-13,luana santos,mariya agapova,1.0,0.759104893341097,0.240895106658903,-170.0,142.0,4.0,1.2272727272727273,0.0
0.0,-0.013642879641713568,1.434281039552804,1.3571428571428572,0,1.3571428571428572,0.7267894571061058,0.7267894571061058,0,-280,False,173.15445706557793,2.3118279569892457,0.18598342328655493,173.15445706557793,0.0,0.7859355760546918,0.7859355760546918,0.41408194580284974,0.3073130465032049,1548.740277754462,1.0,190.91143692362937,0.6397849462365583,0.06982021760686352,0.0,0.0,0.0,0.0,0.029576029316674024,2024-07-13,julian erosa,christian rodriguez,1.0,0.2732105428938942,0.7267894571061058,142.0,-170.0,1.3571428571428572,2.75,-0.0
0.0,-0.11983372272278371,1.1993094062394256,1.16,1,1.16,0.7587640321355313,0.7587640321355313,1,-625,False,173.15445706557793,2.3118279569892457,0.18598342328655493,173.15445706557793,0.0,0.7859355760546918,0.7859355760546918,0.41408194580284974,0.3073130465032049,1548.740277754462,1.0,190.91143692362937,0.6397849462365583,0.06982021760686352,0.0,0.0,0.0,0.0,-0.07504915635234732,2024-07-13,evan elder,darrius flowers,1.0,0.7587640321355313,0.24123596786446866,-425.0,330.0,4.33,1.16,0.0
0.2080876350308772,0.11540781958232682,1.9782150059109365,1.8333333333333333,1,1.8333333333333333,0.6084042652267238,0.6084042652267238,1,-120,True,173.15445706557793,2.3118279569892457,0.18598342328655493,173.15445706557793,0.0,0.7859355760546918,0.7859355760546918,0.41408194580284974,0.3073130465032049,1548.740277754462,1.0,190.91143692362937,0.6397849462365583,0.06982021760686352,160.34125548330712,0.8333333333333333,0.16241552043054458,0.2080876350308772,0.1028980401642382,2024-07-13,montel jackson,damon blackshear,1.0,0.6084042652267238,0.39159573477327625,-150.0,120.0,1.869565217391304,1.8333333333333333,0.16241552043054458
0.0,-0.01918809416720274,1.392915346265817,1.3333333333333333,1,1.3333333333333333,0.735608929374598,0.735608929374598,1,-300,False,173.15445706557793,2.3118279569892457,0.18598342328655493,173.15445706557793,0.0,0.7859355760546918,0.7859355760546918,0.41408194580284974,0.3073130465032049,1548.740277754462,1.0,190.91143692362937,0.6397849462365583,0.06982021760686352,0.0,0.0,0.0,0.0,0.01769021114032776,2024-07-13,joshua van,charles johnson,0.0,0.735608929374598,0.264391070625402,-210.0,170.0,3.0,1.3333333333333333,-0.0
0.1105107624821011,0.0035662100446218203,1.8092693951646626,1.6666666666666663,1,1.6666666666666663,0.6021397260267732,0.6021397260267732,1,-150,True,-188.9217140255277,-1.0,0.34971449152547973,-188.9217140255277,0.0,0.8406407580904827,0.8406407580904827,0.856622630713483,-0.06435551582454459,1449.0702983013252,0.8,89.25173457239083,0.06254767353165436,0.09436738295919024,-143.86895967315115,-1.0,0.09289418099318018,0.1105107624821011,0.04943043758551846,2024-07-20,loik radzhabov,trey ogden,0.0,0.6021397260267732,0.39786027397322676,-163.0,120.0,2.0,1.6666666666666663,-0.09289418099318018
0.1860238913211895,0.05986007859539355,1.8092693951646626,1.6666666666666663,1,1.6666666666666663,0.6359160471572363,0.6359160471572363,1,-150,True,-188.9217140255277,-1.0,0.34971449152547973,-188.9217140255277,0.0,0.8406407580904827,0.8406407580904827,0.856622630713483,-0.06435551582454459,1449.0702983013252,0.8,89.25173457239083,0.06254767353165436,0.09436738295919024,161.4507227931188,0.6666666666666663,0.15636972039031133,0.1860238913211895,0.08320675871598149,2024-07-20,luana carolina,lucie pudilova,1.0,0.6359160471572363,0.36408395284276374,105.0,-138.0,2.0,1.6666666666666663,0.15636972039031133
0.22884167476606707,0.07377433384178345,1.6246347917697745,1.526315789473684,1,1.526315789473684,0.703507322172203,0.703507322172203,1,-190,True,-188.9217140255277,-1.0,0.34971449152547973,-188.9217140255277,0.0,0.8406407580904827,0.8406407580904827,0.856622630713483,-0.06435551582454459,1449.0702983013252,0.8,89.25173457239083,0.06254767353165436,0.09436738295919024,156.799272849047,0.5263157894736841,0.1923618974029301,0.22884167476606707,0.08798437198924947,2024-07-20,steve garcia,seungwoo choi,1.0,0.703507322172203,0.296492677827797,-138.0,105.0,2.3,1.526315789473684,0.1923618974029301
0.047177720638578655,-0.030484358507933074,2.0683680099162114,1.9090909090909087,1,1.9090909090909087,0.5078415264958447,0.5078415264958447,1,-110,True,-188.9217140255277,-1.0,0.34971449152547973,-188.9217140255277,0.0,0.8406407580904827,0.8406407580904827,0.856622630713483,-0.06435551582454459,1449.0702983013252,0.8,89.25173457239083,0.06254767353165436,0.09436738295919024,0.0,0.0,0.0,0.047177720638578655,0.024368568489445463,2024-07-20,amanda lemos,virna jandiroba,0.0,0.5078415264958447,0.4921584735041553,110.0,-150.0,1.8,1.9090909090909087,-0.0
0.030528750327998466,-0.02623509640087701,1.5173246494482862,1.4545454545454546,0,1.4545454545454546,0.669463371224397,0.669463371224397,0,-220,True,-188.9217140255277,-1.0,0.34971449152547973,-188.9217140255277,0.0,0.8406407580904827,0.8406407580904827,0.856622630713483,-0.06435551582454459,1449.0702983013252,0.8,89.25173457239083,0.06254767353165436,0.09436738295919024,0.0,0.0,0.0,0.030528750327998466,0.010408632765089965,2024-07-20,brian kelleher,cody gibson,0.0,0.33053662877560297,0.669463371224397,175.0,-250.0,1.4545454545454546,2.63,0.0
0.15147333070668378,0.035403814845823556,2.10894080520243,1.869565217391304,0,1.869565217391304,0.5538206451500918,0.5538206451500918,0,-115,True,-188.9217140255277,-1.0,0.34971449152547973,-188.9217140255277,0.0,0.8406407580904827,0.8406407580904827,0.856622630713483,-0.06435551582454459,1449.0702983013252,0.8,89.25173457239083,0.06254767353165436,0.09436738295919024,171.4750201505988,0.869565217391304,0.12732688366515915,0.15147333070668378,0.07964896734237192,2024-07-20,mohammed usman,thomas petersen,0.0,0.4461793548499082,0.5538206451500918,-150.0,110.0,1.869565217391304,1.7142857142857144,0.12732688366515915
0.299415804205032,0.25698151742594644,2.3419409520707433,2.1,1,2.1,0.5985626273456888,0.5985626273456888,1,110,True,-188.9217140255277,-1.0,0.34971449152547973,-188.9217140255277,0.0,0.8406407580904827,0.8406407580904827,0.856622630713483,-0.06435551582454459,1449.0702983013252,0.8,89.25173457239083,0.06254767353165436,0.09436738295919024,-256.6043215472226,-1.0,0.16568583204879028,0.299415804205032,0.17156637916282985,2024-07-20,cody durden,bruno silva,0.0,0.5985626273456888,0.40143737265431123,-150.0,110.0,1.625,2.1,-0.16568583204879028
0.0,-0.06838600895423105,1.1989397582783936,1.1666666666666667,1,1.1666666666666667,0.7985262780392305,0.7985262780392305,1,-600,False,225.70722919677965,0.7454545454545454,0.17461835178712826,225.70722919677965,0.0,0.8920570667719128,0.8920570667719128,0.4730049834547695,0.27578666609720404,1848.7045648103285,1.0,173.92703731222377,0.4545454545454546,0.07412765353680661,0.0,0.0,0.0,0.0,-0.03554398537078496,2024-07-27,mick parkin,lukasz brzeski,1.0,0.7985262780392305,0.20147372196076951,-200.0,150.0,4.6,1.1666666666666667,0.0
0.0,0.02221564453044872,1.4062934060183478,1.3496503496503496,1,1.3496503496503496,0.757392938693545,0.757392938693545,1,-286,False,225.70722919677965,0.7454545454545454,0.17461835178712826,225.70722919677965,0.0,0.8920570667719128,0.8920570667719128,0.4730049834547695,0.27578666609720404,1848.7045648103285,1.0,173.92703731222377,0.4545454545454546,0.07412765353680661,0.0,0.0,0.0,0.0,0.0463037764174381,2024-07-27,leon edwards,belal muhammad,0.0,0.757392938693545,0.24260706130645504,-298.0,240.0,2.98,1.3496503496503496,-0.0
0.043621616995966436,-0.03149250813881582,1.8464687095246355,1.7246376811594204,1,1.7246376811594204,0.5615715709111068,0.5615715709111068,1,-138,True,225.70722919677965,0.7454545454545454,0.17461835178712826,225.70722919677965,0.0,0.8920570667719128,0.8920570667719128,0.4730049834547695,0.27578666609720404,1848.7045648103285,1.0,173.92703731222377,0.4545454545454546,0.07412765353680661,0.0,0.0,0.0,0.043621616995966436,0.01999727027893128,2024-07-27,christian leroy duncan,gregory rodrigues,0.0,0.5615715709111068,0.43842842908889323,-125.0,-105.0,2.0,1.7246376811594204,-0.0
0.0,-0.023955837160939797,1.40114158579457,1.3448275862068966,1,1.3448275862068966,0.7257764287777627,0.7257764287777627,1,-290,False,225.70722919677965,0.7454545454545454,0.17461835178712826,225.70722919677965,0.0,0.8920570667719128,0.8920570667719128,0.4730049834547695,0.27578666609720404,1848.7045648103285,1.0,173.92703731222377,0.4545454545454546,0.07412765353680661,0.0,0.0,0.0,0.0,0.012072681677206543,2024-07-27,arnold allen,giga chikadze,1.0,0.7257764287777627,0.2742235712222373,-218.0,180.0,3.0,1.3448275862068966,0.0
0.0,0.02747755919381714,1.2362027174436114,1.2,1,1.2,0.856231299328181,0.856231299328181,1,-500,False,225.70722919677965,0.7454545454545454,0.17461835178712826,225.70722919677965,0.0,0.8920570667719128,0.8920570667719128,0.4730049834547695,0.27578666609720404,1848.7045648103285,1.0,173.92703731222377,0.4545454545454546,0.07412765353680661,0.0,0.0,0.0,0.0,0.047302483779274596,2024-07-27,nathaniel wood,daniel pineda,1.0,0.856231299328181,0.14376870067181902,-350.0,240.0,4.15,1.2,0.0
0.0,-0.11658811182505188,1.2655537811632294,1.2325581395348837,1,1.2325581395348837,0.7167303998400523,0.7167303998400523,1,-430,False,225.70722919677965,0.7454545454545454,0.17461835178712826,225.70722919677965,0.0,0.8920570667719128,0.8920570667719128,0.4730049834547695,0.27578666609720404,1848.7045648103285,1.0,173.92703731222377,0.4545454545454546,0.07412765353680661,0.0,0.0,0.0,0.0,-0.07343752102132228,2024-07-27,tom aspinall,curtis blaydes,1.0,0.7167303998400523,0.28326960015994773,-198.0,164.0,4.0,1.2325581395348837,0.0
0.0,-0.11311322427085244,1.3115663221882985,1.2666666666666666,1,1.2666666666666666,0.700173770312485,0.700173770312485,1,-375,False,225.70722919677965,0.7454545454545454,0.17461835178712826,225.70722919677965,0.0,0.8920570667719128,0.8920570667719128,0.4730049834547695,0.27578666609720404,1848.7045648103285,1.0,173.92703731222377,0.4545454545454546,0.07412765353680661,0.0,0.0,0.0,0.0,-0.06227337634155394,2024-07-27,molly mccann,bruna brasil,0.0,0.700173770312485,0.29982622968751504,-250.0,175.0,3.5,1.2666666666666666,-0.0
0.37563646547440593,0.14320584549677295,1.52165933311183,1.4545454545454546,1,1.4545454545454546,0.7859540187790314,0.7859540187790314,1,-220,True,225.70722919677965,0.7454545454545454,0.17461835178712826,225.70722919677965,0.0,0.8920570667719128,0.8920570667719128,0.4730049834547695,0.27578666609720404,1848.7045648103285,1.0,173.92703731222377,0.4545454545454546,0.07412765353680661,173.92703731222377,0.4545454545454546,0.2640586053937079,0.37563646547440593,0.12877670041370715,2024-07-27,muhammad mokaev,manel kape,1.0,0.7859540187790314,0.21404598122096863,120.0,-142.0,2.6,1.4545454545454546,0.2640586053937079
0.05254481657525933,-0.023710717104903023,1.6976652625664388,1.598802395209581,1,1.598802395209581,0.6106378660804539,0.6106378660804539,1,-167,True,225.70722919677965,0.7454545454545454,0.17461835178712826,225.70722919677965,0.0,0.8920570667719128,0.8920570667719128,0.4730049834547695,0.27578666609720404,1848.7045648103285,1.0,173.92703731222377,0.4545454545454546,0.07412765353680661,0.0,0.0,0.0,0.05254481657525933,0.02159359330770838,2024-07-27,modestas bukauskas,marcin prachnio,1.0,0.6106378660804539,0.3893621339195461,-150.0,110.0,2.2,1.598802395209581,0.0
0.03352965552762199,-0.02938464831654164,1.4648660950833083,1.4,0,1.4,0.6932966797738989,0.6932966797738989,0,-250,True,225.70722919677965,0.7454545454545454,0.17461835178712826,225.70722919677965,0.0,0.8920570667719128,0.8920570667719128,0.4730049834547695,0.27578666609720404,1848.7045648103285,1.0,173.92703731222377,0.4545454545454546,0.07412765353680661,0.0,0.0,0.0,0.03352965552762199,0.0106404265119725,2024-07-27,jake hadley,caolan loughran,1.0,0.3067033202261011,0.6932966797738989,150.0,-186.0,1.4,2.75,-0.0
0.2875015608557456,0.19539107018574764,2.103902311014331,1.9090909090909087,0,1.9090909090909087,0.6261572272401537,0.6261572272401537,0,-110,True,-253.23260845200042,-1.0,0.30781735417229195,-253.23260845200042,0.0,0.8202048437881135,0.8202048437881135,0.8280217913110668,-0.34899422311802186,1203.5173514396072,1.0,-391.9546049187209,-0.9333333333333338,0.08490344405188668,-329.5916863126245,-1.0,0.17828250797143438,0.2875015608557456,0.15084998756233747,2024-08-03,jai herbert,rolando bedoya,1.0,0.3738427727598464,0.6261572272401537,-145.0,120.0,1.9090909090909087,1.7518796992481205,-0.17828250797143438
0.0,-0.17369712421796438,1.1341081682615364,1.0689655172413792,1,1.0689655172413792,0.772993012828356,0.772993012828356,1,-1450,False,-253.23260845200042,-1.0,0.30781735417229195,-253.23260845200042,0.0,0.8202048437881135,0.8202048437881135,0.8280217913110668,-0.34899422311802186,1203.5173514396072,1.0,-391.9546049187209,-0.9333333333333338,0.08490344405188668,0.0,0.0,0.0,0.0,-0.10875709530541267,2024-08-03,shamil gaziev,dontale mayes,1.0,0.772993012828356,0.22700698717164403,-275.0,220.0,3.1,1.0689655172413792,0.0
0.29640062601559464,0.09404979407205616,1.4505304062192466,1.4,1,1.4,0.7814641386228973,0.7814641386228973,1,-250,True,-253.23260845200042,-1.0,0.30781735417229195,-253.23260845200042,0.0,0.8202048437881135,0.8202048437881135,0.8280217913110668,-0.34899422311802186,1203.5173514396072,1.0,-391.9546049187209,-0.9333333333333338,0.08490344405188668,174.22272792572366,0.3999999999999999,0.23560109500730103,0.29640062601559464,0.09206114802550425,2024-08-03,sedriques dumas,denis tiuliulin,1.0,0.7814641386228973,0.21853586137710268,-275.0,220.0,2.88,1.4,0.23560109500730103
0.0,-0.128325960849484,1.8242638366428037,1.6896551724137931,1,1.6896551724137931,0.5158887170482646,0.5158887170482646,1,-145,True,-253.23260845200042,-1.0,0.30781735417229195,-253.23260845200042,0.0,0.8202048437881135,0.8202048437881135,0.8280217913110668,-0.34899422311802186,1203.5173514396072,1.0,-391.9546049187209,-0.9333333333333338,0.08490344405188668,0.0,0.0,0.0,0.0,-0.03227760621794784,2024-08-03,mackenzie dern,loopy godinez,1.0,0.5158887170482646,0.48411128295173544,124.0,-148.0,2.0,1.6896551724137931,0.0
0.10913991239739275,0.029252439418476495,1.7522420279512398,1.6666666666666663,0,1.6666666666666663,0.617551463651086,0.617551463651086,0,-150,True,-253.23260845200042,-1.0,0.30781735417229195,-253.23260845200042,0.0,0.8202048437881135,0.8202048437881135,0.8280217913110668,-0.34899422311802186,1203.5173514396072,1.0,-391.9546049187209,-0.9333333333333338,0.08490344405188668,110.32036169937605,0.6666666666666663,0.08951162110969416,0.10913991239739275,0.046854046257655435,2024-08-03,marlon vera,deiveson figueiredo,0.0,0.38244853634891396,0.617551463651086,-105.0,-115.0,1.6666666666666663,2.16,0.08951162110969416
0.0,0.005573550325346399,1.3890566982809394,1.2985074626865671,1,1.2985074626865671,0.7744072169172208,0.7744072169172208,1,-335,False,-253.23260845200042,-1.0,0.30781735417229195,-253.23260845200042,0.0,0.8202048437881135,0.8202048437881135,0.8280217913110668,-0.34899422311802186,1203.5173514396072,1.0,-391.9546049187209,-0.9333333333333338,0.08490344405188668,0.0,0.0,0.0,0.0,0.054494198796668836,2024-08-03,azamat murzakanov,alonzo menifield,1.0,0.7744072169172208,0.2255927830827792,-200.0,165.0,2.75,1.2985074626865671,0.0
0.0,-0.10073055272246087,1.2034763163783797,1.1669449081803005,0,1.1669449081803005,0.7706185964509956,0.7706185964509956,0,-599,False,-253.23260845200042,-1.0,0.30781735417229195,-253.23260845200042,0.0,0.8202048437881135,0.8202048437881135,0.8280217913110668,-0.34899422311802186,1203.5173514396072,1.0,-391.9546049187209,-0.9333333333333338,0.08490344405188668,0.0,0.0,0.0,0.0,-0.060307601589443705,2024-08-03,tony ferguson,michael chiesa,0.0,0.2293814035490044,0.7706185964509956,350.0,-455.0,1.1669449081803005,4.4,0.0
0.0,-0.07286507013037147,1.691754740242592,1.6024096385542168,1,1.6024096385542168,0.5785879637532269,0.5785879637532269,1,-166,True,-253.23260845200042,-1.0,0.30781735417229195,-253.23260845200042,0.0,0.8202048437881135,0.8202048437881135,0.8280217913110668,-0.34899422311802186,1203.5173514396072,1.0,-391.9546049187209,-0.9333333333333338,0.08490344405188668,0.0,0.0,0.0,0.0,-0.012514266500671112,2024-08-03,joel alvarez,elves brener,1.0,0.5785879637532269,0.42141203624677315,-120.0,-110.0,2.23,1.6024096385542168,0.0
0.22879603103341445,0.04663730250675874,1.5403178728116842,1.434782608695652,1,1.434782608695652,0.7294744835653167,0.7294744835653167,1,-230,True,-253.23260845200042,-1.0,0.30781735417229195,-253.23260845200042,0.0,0.8202048437881135,0.8202048437881135,0.8280217913110668,-0.34899422311802186,1203.5173514396072,1.0,-391.9546049187209,-0.9333333333333338,0.08490344405188668,-346.9060082311961,-1.0,0.18764815905930735,0.22879603103341445,0.0802578396172674,2024-08-03,viktoriia dudakova,sam hughes,0.0,0.7294744835653167,0.27052551643468326,-190.0,160.0,2.4,1.434782608695652,-0.18764815905930735
0.0,-0.018203676257305318,1.2901501331806844,1.2531645569620251,0,1.2531645569620251,0.783453632077504,0.783453632077504,0,-395,False,-253.23260845200042,-1.0,0.30781735417229195,-253.23260845200042,0.0,0.8202048437881135,0.8202048437881135,0.8280217913110668,-0.34899422311802186,1203.5173514396072,1.0,-391.9546049187209,-0.9333333333333338,0.08490344405188668,0.0,0.0,0.0,0.0,0.008350041974668376,2024-08-03,cory sandhagen,umar nurmagomedov,0.0,0.21654636792249607,0.783453632077504,225.0,-278.0,1.2531645569620251,3.75,0.0
0.0,-0.07777578159363052,1.2990395098068266,1.25,0,1.25,0.7377793747250956,0.7377793747250956,0,-400,False,-253.23260845200042,-1.0,0.30781735417229195,-253.23260845200042,0.0,0.8202048437881135,0.8202048437881135,0.8280217913110668,-0.34899422311802186,1203.5173514396072,1.0,-391.9546049187209,-0.9333333333333338,0.08490344405188668,0.0,0.0,0.0,0.0,-0.03202015211816789,2024-08-03,mohammad yahya,kaue fernandes,0.0,0.26222062527490436,0.7377793747250956,260.0,-350.0,1.25,3.5,0.0
0.14242363895284504,0.04843351555991865,1.7218365736758843,1.6369426751592355,1,1.6369426751592355,0.6404827312953589,0.6404827312953589,1,-157,True,42.0992311102974,1.2215650591446767,0.0499327314829241,42.0992311102974,0.0,0.7005884804535837,0.7005884804535837,0.1284097993966285,0.09853065220658196,1322.1007010188898,1.0,76.48411846898522,0.6369426751592355,0.046902338162792934,76.48411846898522,0.6369426751592355,0.09977427068473176,0.14242363895284504,0.0597075199376762,2024-08-10,yana santos,chelsea chandler,1.0,0.6404827312953589,0.35951726870464107,-105.0,-115.0,2.2,1.6369426751592355,0.09977427068473176
0.07026931582066015,-0.037183779811326756,1.6116829828969703,1.4878048780487805,0,1.4878048780487805,0.6471387709464853,0.6471387709464853,0,-205,True,42.0992311102974,1.2215650591446767,0.0499327314829241,42.0992311102974,0.0,0.7005884804535837,0.7005884804535837,0.1284097993966285,0.09853065220658196,1322.1007010188898,1.0,76.48411846898522,0.6369426751592355,0.046902338162792934,0.0,0.0,0.0,0.07026931582066015,0.026669354434735282,2024-08-10,jhonata diniz,karl williams,1.0,0.3528612290535147,0.6471387709464853,200.0,-245.0,1.4878048780487805,2.24,-0.0
0.0,-0.013822814351909546,1.2033240720973615,1.1694915254237288,1,1.1694915254237288,0.8432529558440194,0.8432529558440194,1,-590,False,42.0992311102974,1.2215650591446767,0.0499327314829241,42.0992311102974,0.0,0.7005884804535837,0.7005884804535837,0.1284097993966285,0.09853065220658196,1322.1007010188898,1.0,76.48411846898522,0.6369426751592355,0.046902338162792934,0.0,0.0,0.0,0.0,0.012221629214754115,2024-08-10,youssef zalal,jarno errens,1.0,0.8432529558440194,0.15674704415598062,-258.0,210.0,4.5,1.1694915254237288,0.0
0.0,0.0014299580285782598,1.4208610203710297,1.3571428571428572,1,1.3571428571428572,0.7378957585473734,0.7378957585473734,1,-280,False,42.0992311102974,1.2215650591446767,0.0499327314829241,42.0992311102974,0.0,0.7005884804535837,0.7005884804535837,0.1284097993966285,0.09853065220658196,1322.1007010188898,1.0,76.48411846898522,0.6369426751592355,0.046902338162792934,0.0,0.0,0.0,0.0,0.034097156387909666,2024-08-10,karol rosa,pannie kianzad,1.0,0.7378957585473734,0.26210424145262656,-155.0,130.0,2.88,1.3571428571428572,0.0
0.0,-0.07882212586904114,1.5675912773046496,1.5,0,1.5,0.6141185827539726,0.6141185827539726,0,-200,True,42.0992311102974,1.2215650591446767,0.0499327314829241,42.0992311102974,0.0,0.7005884804535837,0.7005884804535837,0.1284097993966285,0.09853065220658196,1322.1007010188898,1.0,76.48411846898522,0.6369426751592355,0.046902338162792934,0.0,0.0,0.0,0.0,-0.023802803054847166,2024-08-10,damon jackson,chepe mariscal,0.0,0.38588141724602737,0.6141185827539726,190.0,-245.0,1.5,2.5,0.0
0.0,-0.1387770268220404,1.454103650097812,1.3846153846153846,0,1.3846153846153846,0.6219943695174153,0.6219943695174153,0,-260,True,365.34543923673823,2.0977011494252875,0.4768793388303951,365.34543923673823,0.0,0.8924637835541166,0.8924637835541166,0.5621424250335478,0.6032804438728744,2119.6981987742042,1.0,432.25205851857606,1.5229885057471264,0.13223394408001918,0.0,0.0,0.0,0.0,-0.06571451556291164,2024-08-17,tai tuivasa,jairzinho rozenstruik,0.0,0.3780056304825848,0.6219943695174153,132.0,-170.0,1.3846153846153846,2.75,0.0
0.35499068976815024,0.17559027434387975,1.8928172382142303,1.6896551724137931,0,1.6896551724137931,0.6957575093055615,0.6957575093055615,0,-145,True,365.34543923673823,2.0977011494252875,0.4768793388303951,365.34543923673823,0.0,0.8924637835541166,0.8924637835541166,0.5621424250335478,0.6032804438728744,2119.6981987742042,1.0,432.25205851857606,1.5229885057471264,0.13223394408001918,201.36699537611224,0.6896551724137931,0.22084712841491108,0.35499068976815024,0.16744448477740081,2024-08-17,junior tafa,valter walker,0.0,0.3042424906944386,0.6957575093055615,-105.0,-115.0,1.6896551724137931,1.8547008547008548,0.22084712841491108
0.0,-0.07794070181972584,1.3972083041002712,1.3333333333333333,0,1.3333333333333333,0.6915444736352057,0.6915444736352057,0,-300,False,365.34543923673823,2.0977011494252875,0.4768793388303951,365.34543923673823,0.0,0.8924637835541166,0.8924637835541166,0.5621424250335478,0.6032804438728744,2119.6981987742042,1.0,432.25205851857606,1.5229885057471264,0.13223394408001918,0.0,0.0,0.0,0.0,-0.02416842118898277,2024-08-17,kai kara france,steve erceg,1.0,0.3084555263647944,0.6915444736352057,172.0,-205.0,1.3333333333333333,2.95,-0.0
0.0,0.021506180858202467,1.261276625336042,1.2222222222222223,1,1.2222222222222223,0.8357777843385292,0.8357777843385292,1,-450,False,365.34543923673823,2.0977011494252875,0.4768793388303951,365.34543923673823,0.0,0.8924637835541166,0.8924637835541166,0.5621424250335478,0.6032804438728744,2119.6981987742042,1.0,432.25205851857606,1.5229885057471264,0.13223394408001918,0.0,0.0,0.0,0.0,0.04293029956605121,2024-08-17,mateusz gamrot,dan hooker,0.0,0.8357777843385292,0.16422221566147077,-295.0,220.0,3.9,1.2222222222222223,-0.0
0.0,-0.08607721784769659,1.2852801840711379,1.238095238095238,0,1.238095238095238,0.7381684009691682,0.7381684009691682,0,-420,False,365.34543923673823,2.0977011494252875,0.4768793388303951,365.34543923673823,0.0,0.8924637835541166,0.8924637835541166,0.5621424250335478,0.6032804438728744,2119.6981987742042,1.0,432.25205851857606,1.5229885057471264,0.13223394408001918,0.0,0.0,0.0,0.0,-0.03987207020069761,2024-08-17,li jingliang,carlos prates,0.0,0.2618315990308318,0.7381684009691682,200.0,-265.0,1.238095238095238,3.6,0.0
0.0,-0.07457437875420485,1.0791455187274301,1.0625,1,1.0625,0.8709888199960425,0.8709888199960425,1,-1600,False,365.34543923673823,2.0977011494252875,0.4768793388303951,365.34543923673823,0.0,0.8924637835541166,0.8924637835541166,0.5621424250335478,0.6032804438728744,2119.6981987742042,1.0,432.25205851857606,1.5229885057471264,0.13223394408001918,0.0,0.0,0.0,0.0,-0.05567026596229829,2024-08-17,tom nolan,alex reyes,1.0,0.8709888199960425,0.1290111800039575,-1100.0,700.0,8.0,1.0625,0.0
0.0,-0.14197011421507205,1.7624694644056644,1.625,0,1.625,0.5280183912522634,0.5280183912522634,0,-160,True,365.34543923673823,2.0977011494252875,0.4768793388303951,365.34543923673823,0.0,0.8924637835541166,0.8924637835541166,0.5621424250335478,0.6032804438728744,2119.6981987742042,1.0,432.25205851857606,1.5229885057471264,0.13223394408001918,0.0,0.0,0.0,0.0,-0.03936732532082776,2024-08-17,casey oneill,luana santos,1.0,0.47198160874773665,0.5280183912522634,140.0,-166.0,1.625,2.05,-0.0
0.0,-0.06437647332729281,1.1300093859303575,1.0952380952380951,1,1.0952380952380951,0.8542649591359501,0.8542649591359501,1,-1050,False,365.34543923673823,2.0977011494252875,0.4768793388303951,365.34543923673823,0.0,0.8924637835541166,0.8924637835541166,0.5621424250335478,0.6032804438728744,2119.6981987742042,1.0,432.25205851857606,1.5229885057471264,0.13223394408001918,0.0,0.0,0.0,0.0,-0.03068344257726363,2024-08-17,jack jenkins,herbert burns,1.0,0.8542649591359501,0.14573504086404987,-535.0,400.0,5.0,1.0952380952380951,0.0
0.0,-0.10226450761872041,1.8608402458020459,1.7142857142857144,1,1.7142857142857144,0.523679037222413,0.523679037222413,1,-140,True,365.34543923673823,2.0977011494252875,0.4768793388303951,365.34543923673823,0.0,0.8924637835541166,0.8924637835541166,0.5621424250335478,0.6032804438728744,2119.6981987742042,1.0,432.25205851857606,1.5229885057471264,0.13223394408001918,0.0,0.0,0.0,0.0,-0.013712607361771711,2024-08-17,josh culibao,ricardo ramos,0.0,0.523679037222413,0.47632096277758695,-166.0,140.0,1.9523809523809523,1.7142857142857144,-0.0
0.3718513923951703,0.2562874762252271,2.004326674217393,1.8333333333333333,1,1.8333333333333333,0.6852477143046694,0.6852477143046694,1,-120,True,365.34543923673823,2.0977011494252875,0.4768793388303951,365.34543923673823,0.0,0.8924637835541166,0.8924637835541166,0.5621424250335478,0.6032804438728744,2119.6981987742042,1.0,432.25205851857606,1.5229885057471264,0.13223394408001918,230.8850631424638,0.8333333333333333,0.20956200655323454,0.3718513923951703,0.18632704789660548,2024-08-17,dricus du plessis,israel adesanya,1.0,0.6852477143046694,0.31475228569533065,144.0,-186.0,1.826446280991736,1.8333333333333333,0.20956200655323454
0.08352785340238643,-0.020980538739329258,1.5545334830184618,1.4545454545454546,0,1.4545454545454546,0.6730758796167111,0.6730758796167111,0,-220,True,-48.671524411961094,-1.0,0.022283048970849206,-48.671524411961094,0.0,0.672987053440048,0.672987053440048,0.022961535014799396,-0.022961535014799393,2071.0266743622433,1.0,0.0,0.0,0.04298736999646502,0.0,0.0,0.0,0.08352785340238643,0.02979607192914402,2024-08-24,dennis buzukja,francis marshall,0.0,0.32692412038328894,0.6730758796167111,114.0,-146.0,1.4545454545454546,2.4,0.0
0.0,0.023356625438189366,1.3280976677305678,1.2857142857142856,1,1.2857142857142856,0.7959440420074807,0.7959440420074807,1,-350,False,-48.671524411961094,-1.0,0.022283048970849206,-48.671524411961094,0.0,0.672987053440048,0.672987053440048,0.022961535014799396,-0.022961535014799393,2071.0266743622433,1.0,0.0,0.0,0.04298736999646502,0.0,0.0,0.0,0.0,0.04298736999646502,2024-08-24,edmen shahbazyan,gerald meerschaert,0.0,0.7959440420074807,0.2040559579925193,-148.0,124.0,3.45,1.2857142857142856,-0.0
0.0,-0.0010490736471077122,1.3497935305821327,1.2857142857142856,0,1.2857142857142856,0.7769618316078052,0.7769618316078052,0,-350,False,-48.671524411961094,-1.0,0.022283048970849206,-48.671524411961094,0.0,0.672987053440048,0.672987053440048,0.022961535014799396,-0.022961535014799393,2071.0266743622433,1.0,0.0,0.0,0.04298736999646502,0.0,0.0,0.0,0.0,0.03610778441976992,2024-08-24,jared cannonier,caio borralho,0.0,0.22303816839219479,0.7769618316078052,122.0,-145.0,1.2857142857142856,3.1,0.0
0.09233837703880664,-0.02046618698087388,1.6450934184327353,1.5208333333333337,0,1.5208333333333337,0.6440770277386033,0.6440770277386033,0,-192,True,-48.671524411961094,-1.0,0.022283048970849206,-48.671524411961094,0.0,0.672987053440048,0.672987053440048,0.022961535014799396,-0.022961535014799393,2071.0266743622433,1.0,0.0,0.0,0.04298736999646502,0.0,0.0,0.0,0.09233837703880664,0.03620881259937403,2024-08-24,angela hill,tabatha ricci,0.0,0.3559229722613967,0.6440770277386033,124.0,-148.0,1.5208333333333337,2.2,0.0
0.0,-0.060250827030865386,1.1175395926031644,1.1,0,1.1,0.8543174299719405,0.8543174299719405,0,-1000,False,-48.671524411961094,-1.0,0.022283048970849206,-48.671524411961094,0.0,0.672987053440048,0.672987053440048,0.022961535014799396,-0.022961535014799393,2071.0266743622433,1.0,0.0,0.0,0.04298736999646502,0.0,0.0,0.0,0.0,-0.040505452920851615,2024-08-24,neil magny,michael morales,0.0,0.14568257002805948,0.8543174299719405,180.0,-218.0,1.1,6.9,0.0
0.13800871957656402,0.024207847618907652,2.0,1.8,1,1.8,0.569004359788282,0.569004359788282,1,-125,True,363.00994312434904,0.9180327868852458,0.21327404861057353,363.00994312434904,0.0,0.8444816765295237,0.8444816765295237,0.48338816689352593,0.13692779524663307,2354.607790779632,1.0,-79.4288267069604,-0.5555555555555556,0.09298509992161257,-241.35480080283008,-1.0,0.11653872149046726,0.13800871957656402,0.06900435978828201,2024-09-07,trevor peek,yanal ashmouz,0.0,0.569004359788282,0.430995640211718,-110.0,-110.0,1.8,1.8,-0.11653872149046726
0.0,0.14683619936389153,1.380965011605612,1.3278688524590163,1,1.3278688524590163,0.86366676742219,0.86366676742219,1,-305,False,363.00994312434904,0.9180327868852458,0.21327404861057353,363.00994312434904,0.0,0.8444816765295237,0.8444816765295237,0.48338816689352593,0.13692779524663307,2354.607790779632,1.0,-79.4288267069604,-0.5555555555555556,0.09298509992161257,0.0,0.0,0.0,0.0,0.13953545953530433,2024-09-07,jaqueline amorim,vanessa demopoulos,1.0,0.86366676742219,0.13633323257781005,-500.0,380.0,3.1,1.3278688524590163,0.0
0.0,-0.10685793921232759,1.0401528980993837,1.0299850074962518,1,1.0299850074962518,0.8671408363105932,0.8671408363105932,1,-3335,False,363.00994312434904,0.9180327868852458,0.21327404861057353,363.00994312434904,0.0,0.8444816765295237,0.8444816765295237,0.48338816689352593,0.13692779524663307,2354.607790779632,1.0,-79.4288267069604,-0.5555555555555556,0.09298509992161257,0.0,0.0,0.0,0.0,-0.0942562831198741,2024-09-07,isaac dulgarian,brendon marotte,1.0,0.8671408363105932,0.13285916368940676,-900.0,600.0,11.5,1.0299850074962518,0.0
0.0,-0.06624380529569901,1.36623933659202,1.3174603174603174,0,1.3174603174603174,0.7087547020044694,0.7087547020044694,0,-315,False,363.00994312434904,0.9180327868852458,0.21327404861057353,363.00994312434904,0.0,0.8444816765295237,0.8444816765295237,0.48338816689352593,0.13692779524663307,2354.607790779632,1.0,-79.4288267069604,-0.5555555555555556,0.09298509992161257,0.0,0.0,0.0,0.0,-0.02318147727025699,2024-09-07,matt schnell,cody durden,0.0,0.29124529799553056,0.7087547020044694,240.0,-305.0,1.3174603174603174,3.2,0.0
0.07619852454815149,-0.008763120791746681,1.5518654362587159,1.4761904761904765,0,1.4761904761904765,0.6714830472055908,0.6714830472055908,0,-210,True,363.00994312434904,0.9180327868852458,0.21327404861057353,363.00994312434904,0.0,0.8444816765295237,0.8444816765295237,0.48338816689352593,0.13692779524663307,2354.607790779632,1.0,-79.4288267069604,-0.5555555555555556,0.09298509992161257,0.0,0.0,0.0,0.07619852454815149,0.02709727983465804,2024-09-07,gilbert burns,sean brady,0.0,0.3285169527944092,0.6714830472055908,-110.0,-110.0,1.4761904761904765,2.5,0.0
0.20832894818273626,0.057931419747242696,1.5105772597440825,1.4444444444444444,1,1.4444444444444444,0.7324140598250142,0.7324140598250142,1,-225,True,363.00994312434904,0.9180327868852458,0.21327404861057353,363.00994312434904,0.0,0.8444816765295237,0.8444816765295237,0.48338816689352593,0.13692779524663307,2354.607790779632,1.0,-79.4288267069604,-0.5555555555555556,0.09298509992161257,161.9259740958697,0.4444444444444444,0.17591924151720573,0.20832894818273626,0.07041548044125134,2024-09-07,steve garcia,kyle nelson,1.0,0.7324140598250142,0.2675859401749858,-150.0,110.0,2.63,1.4444444444444444,0.17591924151720573
0.0,-0.02304824651806367,1.384849799695206,1.3333333333333333,0,1.3333333333333333,0.7327138151114523,0.7327138151114523,0,-300,False,363.00994312434904,0.9180327868852458,0.21327404861057353,363.00994312434904,0.0,0.8444816765295237,0.8444816765295237,0.48338816689352593,0.13692779524663307,2354.607790779632,1.0,-79.4288267069604,-0.5555555555555556,0.09298509992161257,0.0,0.0,0.0,0.0,0.010613844255340843,2024-09-07,jessica andrade,natalia silva,0.0,0.2672861848885477,0.7327138151114523,124.0,-148.0,1.3333333333333333,3.1,0.0
0.0,-0.0036273490787897683,1.1168921031128671,1.1,1,1.1,0.905793319019282,0.905793319019282,1,-1000,False,366.6526349190027,2.191358024691358,0.20433695700365306,366.6526349190027,0.0,0.7621067710476823,0.7621067710476823,0.5078008623134211,0.45474748096153816,3425.3597522890823,1.0,704.0993265904475,2.018518518518518,0.0895367122189154,0.0,0.0,0.0,0.0,0.010451685558967916,2024-09-14,raul rosas jr,aoriqileng,1.0,0.905793319019282,0.09420668098071805,-455.0,350.0,7.0,1.1,0.0
0.061663826362855195,-0.007142368082507622,1.5359466884954402,1.4761904761904765,1,1.4761904761904765,0.6725809764602366,0.6725809764602366,1,-210,True,366.6526349190027,2.191358024691358,0.20433695700365306,366.6526349190027,0.0,0.7621067710476823,0.7621067710476823,0.5078008623134211,0.45474748096153816,3425.3597522890823,1.0,704.0993265904475,2.018518518518518,0.0895367122189154,0.0,0.0,0.0,0.061663826362855195,0.021516712648082414,2024-09-14,daniel zellhuber,esteban ribovics,0.0,0.6725809764602366,0.3274190235397634,-175.0,130.0,2.6,1.4761904761904765,-0.0
0.03999216348113506,-0.024392579075038445,1.8261647806963734,1.7246376811594204,1,1.7246376811594204,0.5656883365027088,0.5656883365027088,1,-138,True,366.6526349190027,2.191358024691358,0.20433695700365306,366.6526349190027,0.0,0.7621067710476823,0.7621067710476823,0.5078008623134211,0.45474748096153816,3425.3597522890823,1.0,704.0993265904475,2.018518518518518,0.0895367122189154,0.0,0.0,0.0,0.03999216348113506,0.018092626317854132,2024-09-14,alexa grasso,valentina shevchenko,0.0,0.5656883365027088,0.4343116634972912,-117.0,-107.0,2.05,1.7246376811594204,-0.0
0.1895026481990407,0.08246249561678748,2.0215360290918336,1.8333333333333333,0,1.8333333333333333,0.5904340885182477,0.5904340885182477,0,-120,True,366.6526349190027,2.191358024691358,0.20433695700365306,366.6526349190027,0.0,0.7621067710476823,0.7621067710476823,0.5078008623134211,0.45474748096153816,3425.3597522890823,1.0,704.0993265904475,2.018518518518518,0.0895367122189154,283.223837924451,0.8333333333333333,0.1443419183611924,0.1895026481990407,0.09576073834835458,2024-09-14,sean omalley,merab dvalishvili,0.0,0.40956591148175225,0.5904340885182477,164.0,-198.0,1.8333333333333333,1.8,0.1443419183611924
0.16761446869354274,0.02786496065148697,1.5301644817011972,1.4444444444444444,0,1.4444444444444444,0.7115988189125679,0.7115988189125679,0,-225,True,366.6526349190027,2.191358024691358,0.20433695700365306,366.6526349190027,0.0,0.7621067710476823,0.7621067710476823,0.5078008623134211,0.45474748096153816,3425.3597522890823,1.0,704.0993265904475,2.018518518518518,0.0895367122189154,133.67090101938805,0.4444444444444444,0.1277323248786325,0.16761446869354274,0.05807430441839678,2024-09-14,brian ortega,diego lopes,0.0,0.2884011810874321,0.7115988189125679,120.0,-150.0,1.4444444444444444,2.5,0.1277323248786325
0.0,-0.02373809191362769,1.384849799695206,1.3333333333333333,0,1.3333333333333333,0.7321964310647793,0.7321964310647793,0,-300,False,366.6526349190027,2.191358024691358,0.20433695700365306,366.6526349190027,0.0,0.7621067710476823,0.7621067710476823,0.5078008623134211,0.45474748096153816,3425.3597522890823,1.0,704.0993265904475,2.018518518518518,0.0895367122189154,0.0,0.0,0.0,0.0,0.010096460208667835,2024-09-14,edgar chairez,joshua van,0.0,0.2678035689352208,0.7321964310647793,180.0,-230.0,1.3333333333333333,3.1,0.0
0.0,-0.10484133314753125,1.211121369440486,1.1821493624772312,1,1.1821493624772312,0.7572297505423812,0.7572297505423812,1,-549,False,366.6526349190027,2.191358024691358,0.20433695700365306,366.6526349190027,0.0,0.7621067710476823,0.7621067710476823,0.5078008623134211,0.45474748096153816,3425.3597522890823,1.0,704.0993265904475,2.018518518518518,0.0895367122189154,0.0,0.0,0.0,0.0,-0.06845132918456642,2024-09-14,yazmin jauregui,ketlen souza,0.0,0.7572297505423812,0.24277024945761883,-400.0,275.0,4.6,1.1821493624772312,-0.0
0.08701901770787476,-0.015265016023418898,1.5233832414789203,1.434782608695652,1,1.434782608695652,0.6863304433776172,0.6863304433776172,1,-230,True,366.6526349190027,2.191358024691358,0.20433695700365306,366.6526349190027,0.0,0.7621067710476823,0.7621067710476823,0.5078008623134211,0.45474748096153816,3425.3597522890823,1.0,704.0993265904475,2.018518518518518,0.0895367122189154,0.0,0.0,0.0,0.08701901770787476,0.029896807525625735,2024-09-14,ronaldo rodriguez,ode osbourne,1.0,0.6863304433776172,0.31366955662238283,-163.0,120.0,2.5,1.434782608695652,0.0
0.24131291725271165,0.11259000831933796,1.907041790666776,1.7407407407407407,0,1.7407407407407407,0.6391474515877048,0.6391474515877048,0,-135,True,366.6526349190027,2.191358024691358,0.20433695700365306,366.6526349190027,0.0,0.7621067710476823,0.7621067710476823,0.5078008623134211,0.45474748096153816,3425.3597522890823,1.0,704.0993265904475,2.018518518518518,0.0895367122189154,287.20458764660845,0.7407407407407407,0.16466699670374477,0.24131291725271165,0.11477509388999485,2024-09-14,irene aldana,norma dumont,0.0,0.3608525484122952,0.6391474515877048,-110.0,-120.0,1.7407407407407407,1.8928571428571428,0.16466699670374477
0.03250389289699807,-0.037259844144822196,1.8007261226191487,1.6896551724137931,1,1.6896551724137931,0.5697849902000032,0.5697849902000032,1,-145,True,366.6526349190027,2.191358024691358,0.20433695700365306,366.6526349190027,0.0,0.7621067710476823,0.7621067710476823,0.5078008623134211,0.45474748096153816,3425.3597522890823,1.0,704.0993265904475,2.018518518518518,0.0895367122189154,0.0,0.0,0.0,0.03250389289699807,0.01445345619331917,2024-09-14,manuel torres,ignacio bahamondes,0.0,0.5697849902000032,0.43021500979999683,130.0,-175.0,2.06,1.6896551724137931,-0.0
0.0,-0.10297676889152152,1.5077977326141472,1.4444444444444444,1,1.4444444444444444,0.6210160830751005,0.6210160830751005,1,-225,True,542.075457664662,1.5387205387205385,0.19673604929516997,542.075457664662,0.0,0.8044445555273085,0.8044445555273085,0.4557748751511345,0.2792284718415312,4381.817721428249,1.0,414.3825114745044,0.202020202020202,0.06965312118587452,0.0,0.0,0.0,0.0,-0.04220284766718685,2024-09-28,nassourdine imavov,brendan allen,1.0,0.6210160830751005,0.3789839169248995,-188.0,140.0,2.65,1.4444444444444444,0.0
0.0,-0.05006031249023471,1.384849799695206,1.3333333333333333,0,1.3333333333333333,0.712454765632324,0.712454765632324,0,-300,False,542.075457664662,1.5387205387205385,0.19673604929516997,542.075457664662,0.0,0.8044445555273085,0.8044445555273085,0.4557748751511345,0.2792284718415312,4381.817721428249,1.0,414.3825114745044,0.202020202020202,0.06965312118587452,0.0,0.0,0.0,0.0,-0.009645205223787423,2024-09-28,renato moicano,benoit st denis,1.0,0.287545234367676,0.712454765632324,200.0,-250.0,1.3333333333333333,3.1,-0.0
0.0,-0.0007860147286870844,1.2899308900555997,1.25,1,1.25,0.7993711882170503,0.7993711882170503,1,-400,False,542.075457664662,1.5387205387205385,0.19673604929516997,542.075457664662,0.0,0.8044445555273085,0.8044445555273085,0.4557748751511345,0.2792284718415312,4381.817721428249,1.0,414.3825114745044,0.202020202020202,0.06965312118587452,0.0,0.0,0.0,0.0,0.02413585761969006,2024-09-28,taylor lapilus,vince morales,1.0,0.7993711882170503,0.20062881178294967,-345.0,265.0,3.7,1.25,0.0
0.0,-0.12132754149823724,1.3308699435100788,1.2857142857142856,0,1.2857142857142856,0.6834119121680378,0.6834119121680378,0,-350,False,542.075457664662,1.5387205387205385,0.19673604929516997,542.075457664662,0.0,0.8044445555273085,0.8044445555273085,0.4557748751511345,0.2792284718415312,4381.817721428249,1.0,414.3825114745044,0.202020202020202,0.06965312118587452,0.0,0.0,0.0,0.0,-0.06797630940571586,2024-09-28,william gomis,joanderson brito,1.0,0.3165880878319623,0.6834119121680378,200.0,-275.0,1.2857142857142856,3.4,-0.0
0.0,-0.0978171935673808,1.1792684712686112,1.1492537313432836,1,1.1492537313432836,0.7850162081946167,0.7850162081946167,1,-670,False,542.075457664662,1.5387205387205385,0.19673604929516997,542.075457664662,0.0,0.8044445555273085,0.8044445555273085,0.4557748751511345,0.2792284718415312,4381.817721428249,1.0,414.3825114745044,0.202020202020202,0.06965312118587452,0.0,0.0,0.0,0.0,-0.06296711737011995,2024-09-28,morgan charriere,gabriel miranda,1.0,0.7850162081946167,0.2149837918053833,-549.0,350.0,4.9,1.1492537313432836,0.0
0.0,-0.1299239407585539,1.5944670127465927,1.5128205128205128,0,1.5128205128205128,0.5751350222104474,0.5751350222104474,0,-195,True,542.075457664662,1.5387205387205385,0.19673604929516997,542.075457664662,0.0,0.8044445555273085,0.8044445555273085,0.4557748751511345,0.2792284718415312,4381.817721428249,1.0,414.3825114745044,0.202020202020202,0.06965312118587452,0.0,0.0,0.0,0.0,-0.05203380097983146,2024-09-28,kevin jousset,bryan battle,0.0,0.4248649777895525,0.5751350222104474,110.0,-150.0,1.5128205128205128,2.4,0.0
0.13656046198959815,0.028109158777265608,1.5010924968034316,1.4444444444444444,0,1.4444444444444444,0.7117678791534916,0.7117678791534916,0,-225,True,542.075457664662,1.5387205387205385,0.19673604929516997,542.075457664662,0.0,0.8044445555273085,0.8044445555273085,0.4557748751511345,0.2792284718415312,4381.817721428249,1.0,414.3825114745044,0.202020202020202,0.06965312118587452,167.23156668737124,0.4444444444444444,0.10984861511119608,0.13656046198959815,0.04558641323483925,2024-09-28,nora cornolle,jacqueline cavalcanti,0.0,0.2882321208465084,0.7117678791534916,163.0,-225.0,1.4444444444444444,2.7,0.10984861511119608
0.0,-0.06523219967577586,1.1092156422514077,1.0909090909090908,1,1.0909090909090908,0.8568704836305389,0.8568704836305389,1,-1100,False,542.075457664662,1.5387205387205385,0.19673604929516997,542.075457664662,0.0,0.8044445555273085,0.8044445555273085,0.4557748751511345,0.2792284718415312,4381.817721428249,1.0,414.3825114745044,0.202020202020202,0.06965312118587452,0.0,0.0,0.0,0.0,-0.044667469774328894,2024-09-28,ludovit klein,roosevelt roberts,1.0,0.8568704836305389,0.14312951636946114,-649.0,400.0,7.0,1.0909090909090908,0.0
0.07921799120096393,0.0061684179197596944,1.866738316147069,1.7575757575757576,0,1.7575757575757576,0.5724751343336564,0.5724751343336564,0,-132,True,542.075457664662,1.5387205387205385,0.19673604929516997,542.075457664662,0.0,0.8044445555273085,0.8044445555273085,0.4557748751511345,0.2792284718415312,4381.817721428249,1.0,414.3825114745044,0.202020202020202,0.06965312118587452,-218.2728025157715,-1.0,0.06372259216565654,0.07921799120096393,0.03678141049988892,2024-09-28,daniel barez,victor altamirano,1.0,0.4275248656663436,0.5724751343336564,-138.0,105.0,1.7575757575757576,2.0,-0.06372259216565654
0.2726466264211614,0.16401652400261957,1.866738316147069,1.7575757575757576,1,1.7575757575757576,0.6622852636566628,0.6622852636566628,1,-132,True,542.075457664662,1.5387205387205385,0.19673604929516997,542.075457664662,0.0,0.8044445555273085,0.8044445555273085,0.4557748751511345,0.2792284718415312,4381.817721428249,1.0,414.3825114745044,0.202020202020202,0.06965312118587452,465.42374730290464,0.7575757575757576,0.17935615259952567,0.2726466264211614,0.1265915398228954,2024-09-28,fares ziam,matt frevola,1.0,0.6622852636566628,0.33771473634333715,105.0,-138.0,2.0,1.7575757575757576,0.17935615259952567
0.09262837647978868,0.03333016325173793,1.981865114837848,1.8771929824561404,1,1.8771929824561404,0.5504656009845706,0.5504656009845706,1,-114,True,-323.33625170554046,-1.0,0.48292466894494956,-323.33625170554046,0.0,0.849430373666471,0.5551693298148589,1.0,-0.08078117470185621,4027.849338561864,0.875,-30.63213116084438,-1.8929765886287626,0.09789901721944942,-225.31874166252285,-1.0,0.051421294993777254,0.09262837647978868,0.04589039426985042,2024-10-05,austin hubbard,alexander hernandez,0.0,0.5504656009845706,0.44953439901542935,170.0,-215.0,1.9090909090909087,1.8771929824561404,-0.051421294993777254
0.0,-0.039994759672789815,1.2320497547839662,1.2,1,1.2,0.8000043669393418,0.8000043669393418,1,-500,False,-323.33625170554046,-1.0,0.48292466894494956,-323.33625170554046,0.0,0.849430373666471,0.5551693298148589,1.0,-0.08078117470185621,4027.849338561864,0.875,-30.63213116084438,-1.8929765886287626,0.09789901721944942,0.0,0.0,0.0,0.0,-0.011651165734616664,2024-10-05,alex pereira,khalil rountree jr,1.0,0.8000043669393418,0.19999563306065815,-535.0,400.0,4.3,1.2,0.0
0.3065635206398045,0.10832000796650015,1.4883743136309031,1.434782608695652,0,1.434782608695652,0.7724654600978638,0.7724654600978638,0,-230,True,-323.33625170554046,-1.0,0.48292466894494956,-323.33625170554046,0.0,0.849430373666471,0.5551693298148589,1.0,-0.08078117470185621,4027.849338561864,0.875,-30.63213116084438,-1.8929765886287626,0.09789901721944942,311.85561562832544,0.4347826086956521,0.16369186523609108,0.3065635206398045,0.10059146251422457,2024-10-05,stephen thompson,joaquin buckley,0.0,0.2275345399021362,0.7724654600978638,110.0,-150.0,1.434782608695652,2.75,0.16369186523609108
0.41547118656760995,0.1896736228627353,1.5758754024583868,1.5128205128205128,0,1.5128205128205128,0.7863944286719776,0.7863944286719776,0,-195,True,-323.33625170554046,-1.0,0.48292466894494956,-323.33625170554046,0.0,0.849430373666471,0.5551693298148589,1.0,-0.08078117470185621,4027.849338561864,0.875,-30.63213116084438,-1.8929765886287626,0.09789901721944942,391.79793587294535,0.5128205128205128,0.1743582283708544,0.41547118656760995,0.15182649364362033,2024-10-05,marina rodriguez,iasmin lucindo,0.0,0.21360557132802238,0.7863944286719776,-110.0,-120.0,1.5128205128205128,2.5,0.1743582283708544
0.0,-0.20526601827084737,1.5320212482092497,1.4587155963302751,0,1.4587155963302751,0.5448176352734443,0.5448176352734443,0,-218,True,-323.33625170554046,-1.0,0.48292466894494956,-323.33625170554046,0.0,0.849430373666471,0.5551693298148589,1.0,-0.08078117470185621,4027.849338561864,0.875,-30.63213116084438,-1.8929765886287626,0.09789901721944942,0.0,0.0,0.0,0.0,-0.1079148259563728,2024-10-05,court mcgee,tim means,1.0,0.4551823647265557,0.5448176352734443,190.0,-230.0,1.4587155963302751,2.55,-0.0
0.2578820581387129,0.082386162456911,1.4946737961448597,1.434782608695652,1,1.434782608695652,0.7543903556517865,0.7543903556517865,1,-230,True,-323.33625170554046,-1.0,0.48292466894494956,-323.33625170554046,0.0,0.849430373666471,0.5551693298148589,1.0,-0.08078117470185621,4027.849338561864,0.875,-30.63213116084438,-1.8929765886287626,0.09789901721944942,272.73856844803964,0.4347826086956521,0.1431594710941157,0.2578820581387129,0.08534805185329086,2024-10-05,ryan spann,ovince st preux,1.0,0.7543903556517865,0.24560964434821353,-330.0,260.0,2.7,1.434782608695652,0.1431594710941157
0.0,-0.15356594583221483,1.2406973129962662,1.2,1,1.2,0.7053617118064877,0.7053617118064877,1,-500,False,-323.33625170554046,-1.0,0.48292466894494956,-323.33625170554046,0.0,0.849430373666471,0.5551693298148589,1.0,-0.08078117470185621,4027.849338561864,0.875,-30.63213116084438,-1.8929765886287626,0.09789901721944942,0.0,0.0,0.0,0.0,-0.10063664857120547,2024-10-05,cesar almeida,ihor potieria,1.0,0.7053617118064877,0.29463828819351234,-333.0,250.0,4.0,1.2,0.0
0.11781283350054499,0.015327109185228172,1.7248465738327172,1.6134969325153374,0,1.6134969325153374,0.6292711741338106,0.6292711741338106,0,-163,True,-323.33625170554046,-1.0,0.48292466894494956,-323.33625170554046,0.0,0.849430373666471,0.5551693298148589,1.0,-0.08078117470185621,4027.849338561864,0.875,-30.63213116084438,-1.8929765886287626,0.09789901721944942,-286.5799920592506,-1.0,0.065402079748274,0.11781283350054499,0.04950946363109776,2024-10-05,roman dolidze,kevin holland,1.0,0.3707288258661893,0.6292711741338106,120.0,-163.0,1.6134969325153374,2.14,-0.065402079748274
0.0,-0.13877262412369062,1.1081620382758763,1.0896860986547086,0,1.0896860986547086,0.7903444642815514,0.7903444642815514,0,-1115,False,-323.33625170554046,-1.0,0.48292466894494956,-323.33625170554046,0.0,0.849430373666471,0.5551693298148589,1.0,-0.08078117470185621,4027.849338561864,0.875,-30.63213116084438,-1.8929765886287626,0.09789901721944942,0.0,0.0,0.0,0.0,-0.1120506417228384,2024-10-05,ketlen vieira,kayla harrison,0.0,0.2096555357184486,0.7903444642815514,400.0,-649.0,1.0896860986547086,7.0,0.0
0.261664629564904,0.14089627364339763,1.8464687095246355,1.7246376811594204,0,1.7246376811594204,0.6615280914402893,0.6615280914402893,0,-138,True,-323.33625170554046,-1.0,0.48292466894494956,-323.33625170554046,0.0,0.849430373666471,0.5551693298148589,1.0,-0.08078117470185621,4027.849338561864,0.875,-30.63213116084438,-1.8929765886287626,0.09789901721944942,396.1700085229709,0.7246376811594204,0.12476890790963772,0.261664629564904,0.11995379080811386,2024-10-05,jose aldo,mario bautista,0.0,0.33847190855971065,0.6615280914402893,130.0,-175.0,1.7246376811594204,2.0,0.12476890790963772
0.19158936906081797,0.06448890610869368,1.6640377948280194,1.5714285714285714,1,1.5714285714285714,0.6774020311600778,0.6774020311600778,1,-175,True,-323.33625170554046,-1.0,0.48292466894494956,-323.33625170554046,0.0,0.849430373666471,0.5551693298148589,1.0,-0.08078117470185621,4027.849338561864,0.875,-30.63213116084438,-1.8929765886287626,0.09789901721944942,-466.04158674981755,-1.0,0.10635804964472867,0.19158936906081797,0.07645414217096302,2024-10-05,raquel pennington,julianna pena,0.0,0.6774020311600778,0.3225979688399222,-175.0,130.0,2.26,1.5714285714285714,-0.10635804964472867
0.24650160974554527,0.24649705637463692,2.6538859732993667,2.35,1,2.35,0.5304242793083561,0.5304242793083561,1,135,True,-323.33625170554046,-1.0,0.48292466894494956,-323.33625170554046,0.0,0.849430373666471,0.5551693298148589,1.0,-0.08078117470185621,4027.849338561864,0.875,-30.63213116084438,-1.8929765886287626,0.09789901721944942,-425.25393916153473,-1.0,0.0970496643623331,0.24650160974554527,0.15361833886443454,2024-10-05,carla esparza,tecia pennington,0.0,0.5304242793083561,0.4695757206916439,-150.0,110.0,1.5128205128205128,2.35,-0.0970496643623331
0.0,-0.10787106318972667,1.685243372311592,1.5714285714285714,1,1.5714285714285714,0.5677184143338103,0.5677184143338103,1,-175,True,-483.41002278409223,-1.0,0.25810824148836486,-483.41002278409223,0.0,0.8172393292276711,0.8172393292276711,0.6208468922303225,-0.15462197103615008,3405.0553347967752,1.0,-139.3839809809965,0.19999999999999996,0.0915967214330998,0.0,0.0,0.0,0.0,-0.02566769026681681,2024-10-12,chidi njokuani,jared gooden,1.0,0.5677184143338103,0.4322815856661897,-188.0,140.0,2.18,1.5714285714285714,0.0
0.298421252390326,0.12427917219015777,1.6110351351229173,1.5319148936170213,1,1.5319148936170213,0.7339044596241308,0.7339044596241308,1,-188,True,-483.41002278409223,-1.0,0.25810824148836486,-483.41002278409223,0.0,0.8172393292276711,0.8172393292276711,0.6208468922303225,-0.15462197103615008,3405.0553347967752,1.0,-139.3839809809965,0.19999999999999996,0.0915967214330998,-874.1577443511386,-1.0,0.21702841165932363,0.298421252390326,0.11318553289277622,2024-10-12,jonathan pearce,pat sabatini,0.0,0.7339044596241308,0.26609554037586924,-175.0,130.0,2.38,1.5319148936170213,-0.21702841165932363
0.0,-0.04372809473574665,1.2966506073370794,1.25,1,1.25,0.7650175242114027,0.7650175242114027,1,-400,False,-483.41002278409223,-1.0,0.25810824148836486,-483.41002278409223,0.0,0.8172393292276711,0.8172393292276711,0.6208468922303225,-0.15462197103615008,3405.0553347967752,1.0,-139.3839809809965,0.19999999999999996,0.0915967214330998,0.0,0.0,0.0,0.0,-0.006200253609017103,2024-10-12,grant dawson,rafa garcia,1.0,0.7650175242114027,0.23498247578859732,-350.0,240.0,3.55,1.25,0.0
0.0,-0.05620445763173321,1.4915567331483743,1.4166666666666667,0,1.4166666666666667,0.6662086181423059,0.6662086181423059,0,-240,True,-483.41002278409223,-1.0,0.25810824148836486,-483.41002278409223,0.0,0.8172393292276711,0.8172393292276711,0.6208468922303225,-0.15462197103615008,3405.0553347967752,1.0,-139.3839809809965,0.19999999999999996,0.0915967214330998,0.0,0.0,0.0,0.0,-0.004231853732473145,2024-10-12,brad tavares,junyong park,0.0,0.3337913818576941,0.6662086181423059,130.0,-175.0,1.4166666666666667,2.63,0.0
0.0,0.096363716760265,1.3442902882729721,1.3003003003003002,0,1.3003003003003002,0.843161934598541,0.843161934598541,0,-333,False,-483.41002278409223,-1.0,0.25810824148836486,-483.41002278409223,0.0,0.8172393292276711,0.8172393292276711,0.6208468922303225,-0.15462197103615008,3405.0553347967752,1.0,-139.3839809809965,0.19999999999999996,0.0915967214330998,0.0,0.0,0.0,0.0,0.09927498642701671,2024-10-12,brandon royval,tatsuro taira,1.0,0.15683806540145895,0.843161934598541,150.0,-195.0,1.3003003003003002,3.35,-0.0
0.13649805995279515,0.012993256300702527,1.470870714434633,1.4,1,1.4,0.723566611643359,0.723566611643359,1,-250,True,-483.41002278409223,-1.0,0.25810824148836486,-483.41002278409223,0.0,0.8172393292276711,0.8172393292276711,0.6208468922303225,-0.15462197103615008,3405.0553347967752,1.0,-139.3839809809965,0.19999999999999996,0.0915967214330998,179.7142182961478,0.3999999999999999,0.11154477438840504,0.13649805995279515,0.04369720491281859,2024-10-12,daniel rodriguez,alex morono,1.0,0.723566611643359,0.276433388356641,-200.0,150.0,2.7,1.4,0.11154477438840504
0.22121589439449268,0.11903544298299218,1.9446730231360205,1.8,1,1.8,0.6216863572127734,0.6216863572127734,1,-125,True,-483.41002278409223,-1.0,0.25810824148836486,-483.41002278409223,0.0,0.8172393292276711,0.8172393292276711,0.6208468922303225,-0.15462197103615008,3405.0553347967752,1.0,-139.3839809809965,0.19999999999999996,0.0915967214330998,555.0595450739943,0.8,0.17225679836133634,0.22121589439449268,0.10746109255240444,2024-10-12,julia polastri,cory mckenna,1.0,0.6216863572127734,0.37831364278722657,-148.0,124.0,1.8928571428571428,1.8,0.17225679836133634
0.0,0.0745547215999271,1.3067129989437156,1.25,1,1.25,0.8596437772799417,0.8596437772799417,1,-400,False,-483.41002278409223,-1.0,0.25810824148836486,-483.41002278409223,0.0,0.8172393292276711,0.8172393292276711,0.6208468922303225,-0.15462197103615008,3405.0553347967752,1.0,-139.3839809809965,0.19999999999999996,0.0915967214330998,0.0,0.0,0.0,0.0,0.09436479038048307,2024-10-12,themba gorimbo,niko price,1.0,0.8596437772799417,0.14035622272005832,-275.0,200.0,3.35,1.25,0.0
0.0,-0.0573348012305856,1.4648660950833083,1.4,0,1.4,0.6733322848352961,0.6733322848352961,0,-250,True,736.0845276367207,1.5686274509803924,0.2749726356551867,736.0845276367207,0.0,0.7985949067242409,0.7985949067242409,0.5309502339389536,0.45304824814763917,4947.709689072228,1.0,806.5698266387313,1.2055192447349312,0.1215012070033773,0.0,0.0,0.0,0.0,-0.009323968426630302,2024-10-19,matheus nicolau,asu almabayev,0.0,0.3266677151647039,0.6733322848352961,180.0,-218.0,1.4,2.75,0.0
0.0,-0.027096893642951342,1.1856484482408989,1.1538461538461535,0,1.1538461538461535,0.8431826921761091,0.8431826921761091,0,-650,False,736.0845276367207,1.5686274509803924,0.2749726356551867,736.0845276367207,0.0,0.7985949067242409,0.7985949067242409,0.5309502339389536,0.45304824814763917,4947.709689072228,1.0,806.5698266387313,1.2055192447349312,0.1215012070033773,0.0,0.0,0.0,0.0,-0.00023763320251524167,2024-10-19,rob font,kyler phillips,1.0,0.15681730782389092,0.8431826921761091,185.0,-225.0,1.1538461538461535,4.75,-0.0
0.0,-0.09960821030638833,1.380965011605612,1.3278688524590163,1,1.3278688524590163,0.678072829275436,0.678072829275436,1,-305,False,736.0845276367207,1.5686274509803924,0.2749726356551867,736.0845276367207,0.0,0.7985949067242409,0.7985949067242409,0.5309502339389536,0.45304824814763917,4947.709689072228,1.0,806.5698266387313,1.2055192447349312,0.1215012070033773,0.0,0.0,0.0,0.0,-0.04605847861144963,2024-10-19,charles johnson,sumudaerji,1.0,0.678072829275436,0.321927170724564,-198.0,164.0,3.1,1.3278688524590163,0.0
0.02648959479661159,-0.027491091775309284,1.4946737961448597,1.434782608695652,0,1.434782608695652,0.6778092390656936,0.6778092390656936,0,-230,True,736.0845276367207,1.5686274509803924,0.2749726356551867,736.0845276367207,0.0,0.7985949067242409,0.7985949067242409,0.5309502339389536,0.45304824814763917,4947.709689072228,1.0,806.5698266387313,1.2055192447349312,0.1215012070033773,0.0,0.0,0.0,0.02648959479661159,0.008766935267197962,2024-10-19,brad katona,jean matsumoto,0.0,0.32219076093430643,0.6778092390656936,185.0,-225.0,1.434782608695652,2.7,0.0
0.29078075716547996,0.12943439154698033,1.7401086954066218,1.617283950617284,1,1.617283950617284,0.698352562712255,0.698352562712255,1,-162,True,736.0845276367207,1.5686274509803924,0.2749726356551867,736.0845276367207,0.0,0.7985949067242409,0.7985949067242409,0.5309502339389536,0.45304824814763917,4947.709689072228,1.0,806.5698266387313,1.2055192447349312,0.1215012070033773,406.34581336028214,0.617283950617284,0.19332438181447212,0.29078075716547996,0.12367581829984697,2024-10-19,anthony hernandez,michel pereira,1.0,0.698352562712255,0.301647437287745,-170.0,142.0,2.1,1.617283950617284,0.19332438181447212
0.2920639360455643,0.1288594053779994,1.6907979217056621,1.5882352941176472,1,1.5882352941176472,0.7107633293120736,0.7107633293120736,1,-170,True,736.0845276367207,1.5686274509803924,0.2749726356551867,736.0845276367207,0.0,0.7985949067242409,0.7985949067242409,0.5309502339389536,0.45304824814763917,4947.709689072228,1.0,806.5698266387313,1.2055192447349312,0.1215012070033773,400.2240132784492,0.5882352941176472,0.19981490920880168,0.2920639360455643,0.11932659570690762,2024-10-19,darren elkins,daniel pineda,1.0,0.7107633293120736,0.28923667068792636,124.0,-148.0,2.2,1.5882352941176472,0.19981490920880168
0.0,-0.04929601022563773,1.5040402994541096,1.434782608695652,0,1.434782608695652,0.6626118716609192,0.6626118716609192,0,-230,True,736.0845276367207,1.5686274509803924,0.2749726356551867,736.0845276367207,0.0,0.7985949067242409,0.7985949067242409,0.5309502339389536,0.45304824814763917,4947.709689072228,1.0,806.5698266387313,1.2055192447349312,0.1215012070033773,0.0,0.0,0.0,0.0,-0.0022639301131086587,2024-10-19,jessica penne,elise reed,0.0,0.33738812833908083,0.6626118716609192,130.0,-155.0,1.434782608695652,2.63,0.0
0.0,-0.1766190836792161,1.2768556645816407,1.2272727272727273,0,1.2272727272727273,0.670902968853972,0.670902968853972,0,-440,False,736.0845276367207,1.5686274509803924,0.2749726356551867,736.0845276367207,0.0,0.7985949067242409,0.7985949067242409,0.5309502339389536,0.45304824814763917,4947.709689072228,1.0,806.5698266387313,1.2055192447349312,0.1215012070033773,0.0,0.0,0.0,0.0,-0.11227090720636412,2024-10-19,austen lane,robelis despaigne,1.0,0.32909703114602795,0.670902968853972,300.0,-380.0,1.2272727272727273,3.6,-0.0
0.06468618524098567,-0.00832836545905613,1.7143688031071587,1.625,1,1.625,0.6102594674098116,0.6102594674098116,1,-160,True,736.0845276367207,1.5686274509803924,0.2749726356551867,736.0845276367207,0.0,0.7985949067242409,0.7985949067242409,0.5309502339389536,0.45304824814763917,4947.709689072228,1.0,806.5698266387313,1.2055192447349312,0.1215012070033773,0.0,0.0,0.0,0.06468618524098567,0.02695440598570109,2024-10-19,melissa martinez,alice ardelean,1.0,0.6102594674098116,0.38974053259018837,-155.0,130.0,2.2,1.625,0.0
0.0,0.064928229742643,1.392915346265817,1.3333333333333333,1,1.3333333333333333,0.7986961723069823,0.7986961723069823,1,-300,False,892.4872727353417,0.9921507064364206,0.2434171522166042,892.4872727353417,0.0,0.8319404535865117,0.8319404535865117,0.9100880178103193,0.547559798050355,7656.8766072324015,1.0,1816.6796454248324,2.043316033559936,0.08257677933911428,0.0,0.0,0.0,0.0,0.08077745407271208,2024-10-26,geoff neal,rafael dos anjos,1.0,0.7986961723069823,0.2013038276930177,-170.0,142.0,3.0,1.3333333333333333,0.0
0.0,0.08302134454175003,1.3497935305821327,1.2857142857142856,1,1.2857142857142856,0.8423499346435834,0.8423499346435834,1,-350,False,892.4872727353417,0.9921507064364206,0.2434171522166042,892.4872727353417,0.0,0.8319404535865117,0.8319404535865117,0.9100880178103193,0.547559798050355,7656.8766072324015,1.0,1816.6796454248324,2.043316033559936,0.08257677933911428,0.0,0.0,0.0,0.0,0.10149588745554816,2024-10-26,lerone murphy,dan ige,1.0,0.8423499346435834,0.15765006535641657,-170.0,142.0,3.1,1.2857142857142856,0.0
0.26527202453272575,0.07357414000470996,1.4648660950833083,1.4,0,1.4,0.7668386714319357,0.7668386714319357,0,-250,True,892.4872727353417,0.9921507064364206,0.2434171522166042,892.4872727353417,0.0,0.8319404535865117,0.8319404535865117,0.9100880178103193,0.547559798050355,7656.8766072324015,1.0,1816.6796454248324,2.043316033559936,0.08257677933911428,436.7384082632468,0.3999999999999999,0.22067705853268352,0.26527202453272575,0.08418241817000938,2024-10-26,robert whittaker,khamzat chimaev,0.0,0.23316132856806426,0.7668386714319357,155.0,-195.0,1.4,2.75,0.22067705853268352
0.1663932952509354,0.031754819795969225,1.5815525512246165,1.4878048780487805,1,1.4878048780487805,0.6934745510104056,0.6934745510104056,1,-205,True,892.4872727353417,0.9921507064364206,0.2434171522166042,892.4872727353417,0.0,0.8319404535865117,0.8319404535865117,0.9100880178103193,0.547559798050355,7656.8766072324015,1.0,1816.6796454248324,2.043316033559936,0.08257677933911428,334.0810986869052,0.4878048780487805,0.138420864470037,0.1663932952509354,0.06118446414248124,2024-10-26,shara magomedov,armen petrosyan,1.0,0.6934745510104056,0.30652544898959444,-250.0,205.0,2.38,1.4878048780487805,0.138420864470037
0.18127897883083835,0.073349048621898,1.6810391438112966,1.606060606060606,1,1.606060606060606,0.668311671783446,0.668311671783446,1,-165,True,892.4872727353417,0.9921507064364206,0.2434171522166042,892.4872727353417,0.0,0.8319404535865117,0.8319404535865117,0.9100880178103193,0.547559798050355,7656.8766072324015,1.0,1816.6796454248324,2.043316033559936,0.08257677933911428,452.2030066353702,0.606060606060606,0.15080411095992835,0.18127897883083835,0.07344152632521861,2024-10-26,abus magomedov,brunno ferreira,1.0,0.668311671783446,0.33168832821655403,100.0,-120.0,2.28,1.606060606060606,0.15080411095992835
0.3452368144065908,0.1481003199828173,1.6545465364044378,1.5494505494505495,1,1.5494505494505495,0.7409725469392651,0.7409725469392651,1,-182,True,892.4872727353417,0.9921507064364206,0.2434171522166042,892.4872727353417,0.0,0.8319404535865117,0.8319404535865117,0.9100880178103193,0.547559798050355,7656.8766072324015,1.0,1816.6796454248324,2.043316033559936,0.08257677933911428,593.6571318393104,0.5494505494505495,0.21837497505843906,0.3452368144065908,0.1365773377400481,2024-10-26,ismail naurdiev,bruno silva,1.0,0.7409725469392651,0.25902745306073494,124.0,-148.0,2.24,1.5494505494505495,0.21837497505843906
0.0,-0.008848841541515065,1.1453420015218845,1.125,1,1.125,0.8810232519630977,0.8810232519630977,1,-800,False,892.4872727353417,0.9921507064364206,0.2434171522166042,892.4872727353417,0.0,0.8319404535865117,0.8319404535865117,0.9100880178103193,0.547559798050355,7656.8766072324015,1.0,1816.6796454248324,2.043316033559936,0.08257677933911428,0.0,0.0,0.0,0.0,0.007921594404708965,2024-10-26,kennedy nzechukwu,chris barnett,1.0,0.8810232519630977,0.11897674803690228,-752.0,475.0,6.0,1.125,0.0
0.0,0.01097898119550142,1.3559359384624716,1.2985074626865671,0,1.2985074626865671,0.7785700200011333,0.7785700200011333,0,-335,False,892.4872727353417,0.9921507064364206,0.2434171522166042,892.4872727353417,0.0,0.8319404535865117,0.8319404535865117,0.9100880178103193,0.547559798050355,7656.8766072324015,1.0,1816.6796454248324,2.043316033559936,0.08257677933911428,0.0,0.0,0.0,0.0,0.04107205152489091,2024-10-26,mateusz rebecki,myktybek orolbai,1.0,0.22142997999886674,0.7785700200011333,100.0,-120.0,1.2985074626865671,3.15,-0.0
0.0,0.07028142060131476,1.380965011605612,1.3278688524590163,1,1.3278688524590163,0.8060144031688914,0.8060144031688914,1,-305,False,892.4872727353417,0.9921507064364206,0.2434171522166042,892.4872727353417,0.0,0.8319404535865117,0.8319404535865117,0.9100880178103193,0.547559798050355,7656.8766072324015,1.0,1816.6796454248324,2.043316033559936,0.08257677933911428,0.0,0.0,0.0,0.0,0.08188309528200577,2024-10-26,ilia topuria,max holloway,1.0,0.8060144031688914,0.1939855968311086,-188.0,146.0,3.1,1.3278688524590163,0.0
0.08696468976727698,-0.012937044129747555,1.7351132664781308,1.6097560975609757,1,1.6097560975609757,0.6131754725860659,0.6131754725860659,1,-164,True,928.0886205417966,1.2318840579710146,0.15597302398966062,928.0886205417966,0.0,0.7771678299261529,0.7771678299261529,0.5658639871159605,0.35598539469116575,10382.612848359582,1.0,1797.6476205853842,1.5458937198067633,0.07665367699662302,0.0,0.0,0.0,0.08696468976727698,0.036844221295616486,2024-11-02,erin blanchfield,rose namajunas,1.0,0.6131754725860659,0.38682452741393414,-120.0,-110.0,2.1,1.6097560975609757,0.0
0.09078973272768565,0.013162293713133266,1.622057831729587,1.5555555555555556,1,1.5555555555555556,0.6513186173870142,0.6513186173870142,1,-180,True,928.0886205417966,1.2318840579710146,0.15597302398966062,928.0886205417966,0.0,0.7771678299261529,0.7771678299261529,0.5658639871159605,0.35598539469116575,10382.612848359582,1.0,1797.6476205853842,1.5458937198067633,0.07665367699662302,300.1263924123676,0.5555555555555556,0.07055455299253259,0.09078973272768565,0.03481778712148165,2024-11-02,brandon moreno,amir albazi,1.0,0.6513186173870142,0.34868138261298576,-150.0,125.0,2.4,1.5555555555555556,0.07055455299253259
0.08034337404982106,-0.006210502452692501,1.7825209767998234,1.6666666666666663,1,1.6666666666666663,0.5962736985283846,0.5962736985283846,1,-150,True,928.0886205417966,1.2318840579710146,0.15597302398966062,928.0886205417966,0.0,0.7771678299261529,0.7771678299261529,0.5658639871159605,0.35598539469116575,10382.612848359582,1.0,1797.6476205853842,1.5458937198067633,0.07665367699662302,0.0,0.0,0.0,0.08034337404982106,0.03527048284936951,2024-11-02,alexandr romanov,rodrigo nascimento,1.0,0.5962736985283846,0.40372630147161537,105.0,-138.0,2.0700000000000003,1.6666666666666663,0.0
0.2700736848915152,0.07497050887536522,1.5233832414789203,1.434782608695652,1,1.434782608695652,0.7492218698222243,0.7492218698222243,1,-230,True,928.0886205417966,1.2318840579710146,0.15597302398966062,928.0886205417966,0.0,0.7771678299261529,0.7771678299261529,0.5658639871159605,0.35598539469116575,10382.612848359582,1.0,1797.6476205853842,1.5458937198067633,0.07665367699662302,687.1908453657873,0.4347826086956521,0.20642084565505373,0.2700736848915152,0.09278823397023284,2024-11-02,aiemann zahabi,pedro munhoz,1.0,0.7492218698222243,0.2507781301777757,115.0,-140.0,2.5,1.434782608695652,0.20642084565505373
0.0,-0.12126314972775537,1.454103650097812,1.3846153846153846,0,1.3846153846153846,0.6346432807521767,0.6346432807521767,0,-260,True,928.0886205417966,1.2318840579710146,0.15597302398966062,928.0886205417966,0.0,0.7771678299261529,0.7771678299261529,0.5658639871159605,0.35598539469116575,10382.612848359582,1.0,1797.6476205853842,1.5458937198067633,0.07665367699662302,0.0,0.0,0.0,0.0,-0.05306560432815022,2024-11-02,ariane da silva,jasmine jasudavicius,0.0,0.3653567192478233,0.6346432807521767,140.0,-165.0,1.3846153846153846,2.75,0.0
0.0,-0.1392341067503511,1.425127686031382,1.3448275862068966,1,1.3448275862068966,0.640056689852303,0.640056689852303,1,-290,False,928.0886205417966,1.2318840579710146,0.15597302398966062,928.0886205417966,0.0,0.7771678299261529,0.7771678299261529,0.5658639871159605,0.35598539469116575,10382.612848359582,1.0,1797.6476205853842,1.5458937198067633,0.07665367699662302,0.0,0.0,0.0,0.0,-0.06163482158324107,2024-11-02,marc andre barriault,dustin stoltzfus,0.0,0.640056689852303,0.359943310147697,-210.0,175.0,2.75,1.3448275862068966,-0.0
0.0,-0.02006704898088929,1.2943387949870548,1.25,1,1.25,0.7839463608152886,0.7839463608152886,1,-400,False,928.0886205417966,1.2318840579710146,0.15597302398966062,928.0886205417966,0.0,0.7771678299261529,0.7771678299261529,0.5658639871159605,0.35598539469116575,10382.612848359582,1.0,1797.6476205853842,1.5458937198067633,0.07665367699662302,0.0,0.0,0.0,0.0,0.011351114599245649,2024-11-02,mike malott,trevin giles,1.0,0.7839463608152886,0.21605363918471143,-275.0,210.0,3.6,1.25,0.0
0.24900472545597072,0.07535324406158839,1.6979557342393994,1.5555555555555556,1,1.5555555555555556,0.6912985140395925,0.6912985140395925,1,-180,True,928.0886205417966,1.2318840579710146,0.15597302398966062,928.0886205417966,0.0,0.7771678299261529,0.7771678299261529,0.5658639871159605,0.35598539469116575,10382.612848359582,1.0,1797.6476205853842,1.5458937198067633,0.07665367699662302,810.3303828072294,0.5555555555555556,0.19049473615328713,0.24900472545597072,0.1023550098981546,2024-11-02,charles jourdain,victor henry,1.0,0.6912985140395925,0.3087014859604075,100.0,-120.0,2.1,1.5555555555555556,0.19049473615328713
0.0,-0.028764540471888284,1.3413322226173183,1.3003003003003002,0,1.3003003003003002,0.7469316582514116,0.7469316582514116,0,-333,False,928.0886205417966,1.2318840579710146,0.15597302398966062,928.0886205417966,0.0,0.7771678299261529,0.7771678299261529,0.5658639871159605,0.35598539469116575,10382.612848359582,1.0,1797.6476205853842,1.5458937198067633,0.07665367699662302,0.0,0.0,0.0,0.0,0.0014042019373320391,2024-11-02,jack shore,youssef zalal,0.0,0.25306834174858833,0.7469316582514116,200.0,-250.0,1.3003003003003002,3.4,0.0
0.0,-0.1294083721483213,1.3309334695417478,1.2531645569620251,0,1.2531645569620251,0.6947145313159862,0.6947145313159862,0,-395,False,928.0886205417966,1.2318840579710146,0.15597302398966062,928.0886205417966,0.0,0.7771678299261529,0.7771678299261529,0.5658639871159605,0.35598539469116575,10382.612848359582,1.0,1797.6476205853842,1.5458937198067633,0.07665367699662302,0.0,0.0,0.0,0.0,-0.05663782617210744,2024-11-02,chad anheliger,cody gibson,0.0,0.3052854686840138,0.6947145313159862,110.0,-130.0,1.2531645569620251,3.0,0.0
0.1779368788902916,0.05839842025661107,1.6106499661437643,1.5376344086021505,1,1.5376344086021505,0.6883290425445093,0.6883290425445093,1,-186,True,395.2242365374347,0.7572964669738862,0.05165640287094653,395.2242365374347,0.0,0.7369520929553547,0.7369520929553547,0.18138856414708013,0.10856218130481951,11509.771946820943,1.0,731.9348619239267,0.5376344086021505,0.06746167780342227,731.9348619239267,0.5376344086021505,0.13112295171379718,0.1779368788902916,0.06746167780342227,2024-11-09,tresean gore,antonio trocoli,1.0,0.6883290425445093,0.31167095745549067,-175.0,150.0,2.4,1.5376344086021505,0.13112295171379718
0.0,-0.014683060081884913,1.392820463001251,1.3389830508474576,0,1.3389830508474576,0.735869613356567,0.735869613356567,0,-295,False,395.2242365374347,0.7572964669738862,0.05165640287094653,395.2242365374347,0.0,0.7369520929553547,0.7369520929553547,0.18138856414708013,0.10856218130481951,11509.771946820943,1.0,731.9348619239267,0.5376344086021505,0.06746167780342227,0.0,0.0,0.0,0.0,0.017901988264960478,2024-11-09,cody stamann,damon blackshear,0.0,0.264130386643433,0.735869613356567,190.0,-230.0,1.3389830508474576,3.05,0.0
0.0,-0.2260049174186935,1.6106499661437643,1.5376344086021505,0,1.5376344086021505,0.5033674313291014,0.5033674313291014,0,-186,True,395.2242365374347,0.7572964669738862,0.05165640287094653,395.2242365374347,0.0,0.7369520929553547,0.7369520929553547,0.18138856414708013,0.10856218130481951,11509.771946820943,1.0,731.9348619239267,0.5376344086021505,0.06746167780342227,0.0,0.0,0.0,0.0,-0.11749993341198561,2024-11-09,matthew semelsberger,charles radtke,0.0,0.4966325686708986,0.5033674313291014,155.0,-180.0,1.5376344086021505,2.4,0.0
0.0,-0.11609274719700878,1.1428676188964442,1.1219512195121952,0,1.1219512195121952,0.7878303774983182,0.7878303774983182,0,-820,False,395.2242365374347,0.7572964669738862,0.05165640287094653,395.2242365374347,0.0,0.7369520929553547,0.7369520929553547,0.18138856414708013,0.10856218130481951,11509.771946820943,1.0,731.9348619239267,0.5376344086021505,0.06746167780342227,0.0,0.0,0.0,0.0,-0.08716160185761324,2024-11-09,neil magny,carlos prates,0.0,0.21216962250168186,0.7878303774983182,430.0,-600.0,1.1219512195121952,6.0,0.0
0.0,-0.0063700183755281276,1.1723963817483996,1.1428571428571428,0,1.1428571428571428,0.8694262339214129,0.8694262339214129,0,-700,False,395.2242365374347,0.7572964669738862,0.05165640287094653,395.2242365374347,0.0,0.7369520929553547,0.7369520929553547,0.18138856414708013,0.10856218130481951,11509.771946820943,1.0,731.9348619239267,0.5376344086021505,0.06746167780342227,0.0,0.0,0.0,0.0,0.01647239035129211,2024-11-09,karolina kowalkiewicz,denise gomes,0.0,0.13057376607858712,0.8694262339214129,320.0,-420.0,1.1428571428571428,5.0,0.0
0.0,-0.09395342859798908,1.2260101979588212,1.181818181818182,0,1.181818181818182,0.7666547911863167,0.7666547911863167,0,-550,False,395.2242365374347,0.7572964669738862,0.05165640287094653,395.2242365374347,0.0,0.7369520929553547,0.7369520929553547,0.18138856414708013,0.10856218130481951,11509.771946820943,1.0,731.9348619239267,0.5376344086021505,0.06746167780342227,0.0,0.0,0.0,0.0,-0.04899910929909157,2024-11-09,luana pinheiro,gillian robertson,0.0,0.23334520881368326,0.7666547911863167,200.0,-240.0,1.181818181818182,4.0,0.0
0.0,0.06259282205809913,1.414293077175543,1.3636363636363638,1,1.3636363636363638,0.7792347361759393,0.7792347361759393,1,-275,False,-564.5044182858935,-1.0,0.10647216829573591,-564.5044182858935,0.0,0.7385967560864031,0.7385967560864031,0.24835513429404774,-0.24835513429404774,8651.260989274364,1.0,-2294.006539260685,-2.0,0.05803252568742032,0.0,0.0,0.0,0.0,0.0721677101553635,2024-11-16,charles oliveira,michael chandler,1.0,0.7792347361759393,0.2207652638240607,-198.0,164.0,3.0,1.3636363636363638,0.0
0.0,-0.17650016335766466,1.1168921031128671,1.1,1,1.1,0.7486362151293957,0.7486362151293957,1,-1000,False,-564.5044182858935,-1.0,0.10647216829573591,-564.5044182858935,0.0,0.7385967560864031,0.7385967560864031,0.24835513429404774,-0.24835513429404774,8651.260989274364,1.0,-2294.006539260685,-2.0,0.05803252568742032,0.0,0.0,0.0,0.0,-0.14670541833091832,2024-11-16,mauricio ruffy,james llontop,1.0,0.7486362151293957,0.2513637848706043,-700.0,500.0,7.0,1.1,0.0
0.0,-0.10304397044419464,1.3497935305821327,1.2857142857142856,0,1.2857142857142856,0.6976324674322931,0.6976324674322931,0,-350,False,-564.5044182858935,-1.0,0.10647216829573591,-564.5044182858935,0.0,0.7385967560864031,0.7385967560864031,0.24835513429404774,-0.24835513429404774,8651.260989274364,1.0,-2294.006539260685,-2.0,0.05803252568742032,0.0,0.0,0.0,0.0,-0.043221579755742146,2024-11-16,viviane araujo,karine silva,1.0,0.3023675325677068,0.6976324674322931,190.0,-230.0,1.2857142857142856,3.1,-0.0
0.1401075897412322,0.04129460064735663,2.1214497710103872,1.9090909090909087,1,1.9090909090909087,0.5454400289105202,0.5454400289105202,1,-110,True,-564.5044182858935,-1.0,0.10647216829573591,-564.5044182858935,0.0,0.7385967560864031,0.7385967560864031,0.24835513429404774,-0.24835513429404774,8651.260989274364,1.0,-2294.006539260685,-2.0,0.05803252568742032,-1190.993163380797,-1.0,0.10347669518419565,0.1401075897412322,0.07406426802049082,2024-11-16,jonathan martinez,marcus mcghee,0.0,0.5454400289105202,0.45455997108947976,124.0,-148.0,1.72992700729927,1.9090909090909087,-0.10347669518419565
0.0,0.01953231754557158,1.1776252146021196,1.1492537313432836,1,1.1492537313432836,0.8871255230591337,0.8871255230591337,1,-670,False,-564.5044182858935,-1.0,0.10647216829573591,-564.5044182858935,0.0,0.7385967560864031,0.7385967560864031,0.24835513429404774,-0.24835513429404774,8651.260989274364,1.0,-2294.006539260685,-2.0,0.05803252568742032,0.0,0.0,0.0,0.0,0.03795892268376155,2024-11-16,jon jones,stipe miocic,1.0,0.8871255230591337,0.11287447694086628,-298.0,240.0,5.0,1.1492537313432836,0.0
0.0,-0.024125674142403436,1.0880162809661094,1.06993006993007,1,1.06993006993007,0.9120916901806294,0.9120916901806294,1,-1430,False,-564.5044182858935,-1.0,0.10647216829573591,-564.5044182858935,0.0,0.7385967560864031,0.7385967560864031,0.24835513429404774,-0.24835513429404774,8651.260989274364,1.0,-2294.006539260685,-2.0,0.05803252568742032,0.0,0.0,0.0,0.0,-0.007012203294241348,2024-11-16,bo nickal,paul craig,1.0,0.9120916901806294,0.08790830981937059,-910.0,600.0,7.5,1.06993006993007,0.0
0.02893631718217437,-0.053453327468441614,2.0087593848235055,1.847457627118644,1,1.847457627118644,0.5123509511868068,0.5123509511868068,1,-118,True,-564.5044182858935,-1.0,0.10647216829573591,-564.5044182858935,0.0,0.7385967560864031,0.7385967560864031,0.24835513429404774,-0.24835513429404774,8651.260989274364,1.0,-2294.006539260685,-2.0,0.05803252568742032,0.0,0.0,0.0,0.02893631718217437,0.014531248361691007,2024-11-16,marcin tybura,jhonata diniz,1.0,0.5123509511868068,0.48764904881319315,-130.0,110.0,1.8333333333333333,1.847457627118644,0.0
0.0,-0.056244076635916684,1.4771823842730696,1.4,0,1.4,0.6741113738314881,0.6741113738314881,0,-250,True,-564.5044182858935,-1.0,0.10647216829573591,-564.5044182858935,0.0,0.7385967560864031,0.7385967560864031,0.24835513429404774,-0.24835513429404774,8651.260989274364,1.0,-2294.006539260685,-2.0,0.05803252568742032,0.0,0.0,0.0,0.0,-0.0028531030310666727,2024-11-16,jim miller,damon jackson,1.0,0.32588862616851183,0.6741113738314881,-140.0,118.0,1.4,2.65,-0.0
0.0,-0.0823066775085752,1.3664282797606808,1.3225806451612905,0,1.3225806451612905,0.6938656828593699,0.6938656828593699,0,-310,False,-564.5044182858935,-1.0,0.10647216829573591,-564.5044182858935,0.0,0.7385967560864031,0.7385967560864031,0.24835513429404774,-0.24835513429404774,8651.260989274364,1.0,-2294.006539260685,-2.0,0.05803252568742032,0.0,0.0,0.0,0.0,-0.037969287780393324,2024-11-16,bassil hafez,oban elliott,0.0,0.30613431714063005,0.6938656828593699,120.0,-142.0,1.3225806451612905,3.25,0.0
0.024002151085864988,-0.04952512464049974,1.8399725524749648,1.7142857142857144,0,1.7142857142857144,0.5544436772930418,0.5544436772930418,0,-140,True,-564.5044182858935,-1.0,0.10647216829573591,-564.5044182858935,0.0,0.7385967560864031,0.7385967560864031,0.24835513429404774,-0.24835513429404774,8651.260989274364,1.0,-2294.006539260685,-2.0,0.05803252568742032,0.0,0.0,0.0,0.024002151085864988,0.010957309164946416,2024-11-16,veronica hardy,eduarda moura,0.0,0.4455563227069582,0.5544436772930418,-135.0,114.0,1.7142857142857144,2.0,0.0
0.1297577100343603,0.017731306823058124,1.5859212417503386,1.5,1,1.5,0.6784875378820387,0.6784875378820387,1,-200,True,-564.5044182858935,-1.0,0.10647216829573591,-564.5044182858935,0.0,0.7385967560864031,0.7385967560864031,0.24835513429404774,-0.24835513429404774,8651.260989274364,1.0,-2294.006539260685,-2.0,0.05803252568742032,-1103.0133758798881,-1.0,0.09583277418320578,0.1297577100343603,0.0479392018900654,2024-11-16,mickey gall,ramiz brahimaj,0.0,0.6784875378820387,0.32151246211796125,120.0,-142.0,2.4,1.5,-0.09583277418320578
0.0,-0.07836781492642772,1.3594891002881326,1.2985074626865671,1,1.2985074626865671,0.7097627172405672,0.7097627172405672,1,-335,False,0.0,0.0,-0.11607852266198426,0.0,0.0,0.0,0.0,0.0,0.0,8651.260989274364,0.0,0.0,0.0,,0.0,0.0,0.0,0.0,-0.025807725941403237,2024-11-23,petr yan,deiveson figueiredo,1.0,0.7097627172405672,0.29023728275943284,-260.0,196.0,3.1,1.2985074626865671,0.0
0.0,-0.040917307735456515,1.3772073660035338,1.3278688524590163,0,1.3278688524590163,0.7222721509646562,0.7222721509646562,0,-305,False,0.0,0.0,-0.11607852266198426,0.0,0.0,0.0,0.0,0.0,0.0,8651.260989274364,0.0,0.0,0.0,,0.0,0.0,0.0,0.0,-0.0038349151788122926,2024-11-23,volkan oezdemir,carlos ulberg,0.0,0.27772784903534375,0.7222721509646562,205.0,-265.0,1.3278688524590163,3.15,0.0
0.0,-0.10923391086926704,1.1168921031128671,1.1,1,1.1,0.8097873537552117,0.8097873537552117,1,-1000,False,0.0,0.0,-0.11607852266198426,0.0,0.0,0.0,0.0,0.0,0.0,8651.260989274364,0.0,0.0,0.0,,0.0,0.0,0.0,0.0,-0.08555427970510232,2024-11-23,wang cong,gabriella fernandes,0.0,0.8097873537552117,0.19021264624478829,-549.0,350.0,7.0,1.1,-0.0
0.0,-0.01839827359519136,1.2578487141668648,1.2222222222222223,1,1.2222222222222223,0.8031286852402979,0.8031286852402979,1,-450,False,-1206.5914449582026,-1.0,0.29117383529740515,-1206.5914449582026,0.0,0.8208612755470492,0.8208612755470492,0.950644308427057,-0.22079359175282762,6741.118002261356,1.0,-703.5515420548049,-0.39800853485064036,0.08426498183568272,0.0,0.0,0.0,0.0,0.008120518727722348,2024-12-07,dominick reyes,anthony smith,1.0,0.8031286852402979,0.1968713147597021,-275.0,200.0,4.0,1.2222222222222223,0.0
0.19036085043313833,0.06256080764194821,1.666561279206846,1.5714285714285714,0,1.5714285714285714,0.6761750594085125,0.6761750594085125,0,-175,True,-1206.5914449582026,-1.0,0.29117383529740515,-1206.5914449582026,0.0,0.8208612755470492,0.8208612755470492,0.950644308427057,-0.22079359175282762,6741.118002261356,1.0,-703.5515420548049,-0.39800853485064036,0.08426498183568272,-1351.7622387716592,-1.0,0.15625031315637608,0.19036085043313833,0.0761371175238178,2024-12-07,vicente luque,themba gorimbo,1.0,0.32382494059148753,0.6761750594085125,175.0,-250.0,1.5714285714285714,2.25,-0.15625031315637608
0.0,-0.08359660108692235,1.1813220564655833,1.1538461538461535,1,1.1538461538461535,0.7942162790580009,0.7942162790580009,1,-650,False,-1206.5914449582026,-1.0,0.29117383529740515,-1206.5914449582026,0.0,0.8208612755470492,0.8208612755470492,0.950644308427057,-0.22079359175282762,6741.118002261356,1.0,-703.5515420548049,-0.39800853485064036,0.08426498183568272,0.0,0.0,0.0,0.0,-0.052292930286583994,2024-12-07,kennedy nzechukwu,lukasz brzeski,1.0,0.7942162790580009,0.20578372094199915,-500.0,380.0,5.0,1.1538461538461535,0.0
0.0,-0.09050148482755155,1.2598819856796477,1.2061855670103092,1,1.2061855670103092,0.7540286835190385,0.7540286835190385,1,-485,False,-1206.5914449582026,-1.0,0.29117383529740515,-1206.5914449582026,0.0,0.8208612755470492,0.8208612755470492,0.950644308427057,-0.22079359175282762,6741.118002261356,1.0,-703.5515420548049,-0.39800853485064036,0.08426498183568272,0.0,0.0,0.0,0.0,-0.03969645214162143,2024-12-07,shavkat rakhmonov,ian machado garry,1.0,0.7540286835190385,0.2459713164809615,-290.0,215.0,3.6,1.2061855670103092,0.0
0.0,-0.06179464247791128,1.3015963996674027,1.2597402597402598,1,1.2597402597402598,0.7447609539092869,0.7447609539092869,1,-385,False,-1206.5914449582026,-1.0,0.29117383529740515,-1206.5914449582026,0.0,0.8208612755470492,0.8208612755470492,0.950644308427057,-0.22079359175282762,6741.118002261356,1.0,-703.5515420548049,-0.39800853485064036,0.08426498183568272,0.0,0.0,0.0,0.0,-0.02352635869816222,2024-12-07,ciryl gane,alexander volkov,1.0,0.7447609539092869,0.25523904609071313,-240.0,188.0,3.6,1.2597402597402598,0.0
0.0,-0.02287174103691106,1.1242868762940896,1.1,1,1.1,0.8882984172391717,0.8882984172391717,1,-1000,False,-1206.5914449582026,-1.0,0.29117383529740515,-1206.5914449582026,0.0,0.8208612755470492,0.8208612755470492,0.950644308427057,-0.22079359175282762,6741.118002261356,1.0,-703.5515420548049,-0.39800853485064036,0.08426498183568272,0.0,0.0,0.0,0.0,-0.0011542848116002924,2024-12-07,bryce mitchell,kron gracie,1.0,0.8882984172391717,0.11170158276082831,-500.0,380.0,6.0,1.1,0.0
0.0,-0.0768356595204675,1.8085062642737475,1.7142857142857144,1,1.7142857142857144,0.5385125319463939,0.5385125319463939,1,-140,True,-1206.5914449582026,-1.0,0.29117383529740515,-1206.5914449582026,0.0,0.8208612755470492,0.8208612755470492,0.950644308427057,-0.22079359175282762,6741.118002261356,1.0,-703.5515420548049,-0.39800853485064036,0.08426498183568272,0.0,0.0,0.0,0.0,-0.014429981858818608,2024-12-07,nate landwehr,dooho choi,0.0,0.5385125319463939,0.4614874680536061,-163.0,120.0,2.08,1.7142857142857144,-0.0
0.09682278265773432,0.007578680391787274,1.603325421643099,1.526315789473684,0,1.526315789473684,0.6601377561187572,0.6601377561187572,0,-190,True,-1206.5914449582026,-1.0,0.29117383529740515,-1206.5914449582026,0.0,0.8208612755470492,0.8208612755470492,0.950644308427057,-0.22079359175282762,6741.118002261356,1.0,-703.5515420548049,-0.39800853485064036,0.08426498183568272,361.86504445779303,0.5263157894736841,0.07947322191784617,0.09682278265773432,0.03643405473591943,2024-12-07,cody durden,joshua van,0.0,0.33986224388124275,0.6601377561187572,140.0,-188.0,1.526315789473684,2.4,0.07947322191784617
0.18371084987864575,0.07274484127996028,1.7882427279559987,1.6756756756756757,1,1.6756756756756757,0.6401864375380408,0.6401864375380408,1,-148,True,-1206.5914449582026,-1.0,0.29117383529740515,-1206.5914449582026,0.0,0.8208612755470492,0.8208612755470492,0.950644308427057,-0.22079359175282762,6741.118002261356,1.0,-703.5515420548049,-0.39800853485064036,0.08426498183568272,881.4461088462226,0.6756756756756757,0.15079191839313932,0.18371084987864575,0.08097823589584974,2024-12-07,michael chiesa,max griffin,1.0,0.6401864375380408,0.35981356246195917,120.0,-163.0,2.0700000000000003,1.6756756756756757,0.15079191839313932
0.36281353621344264,0.11691000429566595,1.4648660950833083,1.4,1,1.4,0.79779286021119,0.79779286021119,1,-250,True,-1206.5914449582026,-1.0,0.29117383529740515,-1206.5914449582026,0.0,0.8208612755470492,0.8208612755470492,0.950644308427057,-0.22079359175282762,6741.118002261356,1.0,-703.5515420548049,-0.39800853485064036,0.08426498183568272,879.6383012261327,0.3999999999999999,0.25419366677201405,0.36281353621344264,0.11513660694926364,2024-12-07,movsar evloev,aljamain sterling,1.0,0.79779286021119,0.20220713978881,-230.0,180.0,2.75,1.4,0.25419366677201405
0.0,-0.02467204120049586,1.0942264440081342,1.074074074074074,0,1.074074074074074,0.9080639616409177,0.9080639616409177,0,-1350,False,-1206.5914449582026,-1.0,0.29117383529740515,-1206.5914449582026,0.0,0.8208612755470492,0.8208612755470492,0.950644308427057,-0.22079359175282762,6741.118002261356,1.0,-703.5515420548049,-0.39800853485064036,0.08426498183568272,0.0,0.0,0.0,0.0,-0.00582365775988547,2024-12-07,clay guida,chase hooper,0.0,0.09193603835908225,0.9080639616409177,500.0,-700.0,1.074074074074074,7.0,0.0
0.0,-0.04513457863231107,1.5675912773046496,1.5,0,1.5,0.6365769475784593,0.6365769475784593,0,-200,True,-1206.5914449582026,-1.0,0.29117383529740515,-1206.5914449582026,0.0,0.8208612755470492,0.8208612755470492,0.950644308427057,-0.22079359175282762,6741.118002261356,1.0,-703.5515420548049,-0.39800853485064036,0.08426498183568272,0.0,0.0,0.0,0.0,-0.0013444382303604563,2024-12-07,randy brown,bryan battle,0.0,0.36342305242154077,0.6365769475784593,175.0,-250.0,1.5,2.5,0.0
0.22787514391136038,0.15602316241372682,1.9774606014349623,1.869565217391304,1,1.869565217391304,0.6183379705933889,0.6183379705933889,1,-115,True,-1206.5914449582026,-1.0,0.29117383529740515,-1206.5914449582026,0.0,0.8208612755470492,0.8208612755470492,0.950644308427057,-0.22079359175282762,6741.118002261356,1.0,-703.5515420548049,-0.39800853485064036,0.08426498183568272,-1474.7387578132941,-1.0,0.17046517954338006,0.22787514391136038,0.11263889407356298,2024-12-07,chris weidman,eryk anders,0.0,0.6183379705933889,0.3816620294066111,100.0,-120.0,1.9090909090909087,1.869565217391304,-0.17046517954338006
0.0,-0.036893334107063025,1.434281039552804,1.3571428571428572,0,1.3571428571428572,0.7096575432895325,0.7096575432895325,0,-280,False,-807.7872306543878,-1.0,0.1399360530249978,-807.7872306543878,0.0,0.7340322688003725,0.7340322688003725,0.21029931749631461,-0.07962121312379478,6204.382009110655,1.0,271.0512375036867,0.4444444444444444,0.06473966436837193,0.0,0.0,0.0,0.0,0.012444115500100716,2024-12-14,adrian yanez,daniel marcos,0.0,0.2903424567104676,0.7096575432895325,110.0,-150.0,1.3571428571428572,2.75,0.0
0.0,0.11573060838782781,1.3308699435100788,1.2857142857142856,1,1.2857142857142856,0.8677904731905328,0.8677904731905328,1,-350,False,-807.7872306543878,-1.0,0.1399360530249978,-807.7872306543878,0.0,0.7340322688003725,0.7340322688003725,0.21029931749631461,-0.07962121312379478,6204.382009110655,1.0,271.0512375036867,0.4444444444444444,0.06473966436837193,0.0,0.0,0.0,0.0,0.1164022516167792,2024-12-14,vitor petrino,dustin jacoby,0.0,0.8677904731905328,0.13220952680946718,-250.0,205.0,3.4,1.2857142857142856,-0.0
0.1232574954444819,0.021694703412453276,1.5010924968034316,1.4444444444444444,0,1.4444444444444444,0.7073271023624677,0.7073271023624677,0,-225,True,-807.7872306543878,-1.0,0.1399360530249978,-807.7872306543878,0.0,0.7340322688003725,0.7340322688003725,0.21029931749631461,-0.07962121312379478,6204.382009110655,1.0,271.0512375036867,0.4444444444444444,0.06473966436837193,271.0512375036867,0.4444444444444444,0.09046945687328296,0.1232574954444819,0.0411456364438153,2024-12-14,colby covington,joaquin buckley,0.0,0.29267289763753235,0.7073271023624677,-115.0,-105.0,1.4444444444444444,2.7,0.09046945687328296
0.0,-0.09970488527043364,1.5898446720461878,1.4761904761904765,0,1.4761904761904765,0.6098773357845448,0.6098773357845448,0,-210,True,-807.7872306543878,-1.0,0.1399360530249978,-807.7872306543878,0.0,0.7340322688003725,0.7340322688003725,0.21029931749631461,-0.07962121312379478,6204.382009110655,1.0,271.0512375036867,0.4444444444444444,0.06473966436837193,0.0,0.0,0.0,0.0,-0.019114928417569788,2024-12-14,cub swanson,billy quarantillo,1.0,0.3901226642154551,0.6098773357845448,110.0,-150.0,1.4761904761904765,2.3,-0.0
0.0,0.01649688745867403,1.2578487141668648,1.2222222222222223,1,1.2222222222222223,0.8316792715570969,0.8316792715570969,1,-450,False,-807.7872306543878,-1.0,0.1399360530249978,-807.7872306543878,0.0,0.7340322688003725,0.7340322688003725,0.21029931749631461,-0.07962121312379478,6204.382009110655,1.0,271.0512375036867,0.4444444444444444,0.06473966436837193,0.0,0.0,0.0,0.0,0.03667110504452131,2024-12-14,manel kape,bruno silva,1.0,0.8316792715570969,0.16832072844290313,-260.0,210.0,4.0,1.2222222222222223,0.0
0.0,-0.04525478112411807,1.2032485777769424,1.1666666666666667,1,1.1666666666666667,0.8183530447507559,0.8183530447507559,1,-600,False,-807.7872306543878,-1.0,0.1399360530249978,-807.7872306543878,0.0,0.7340322688003725,0.7340322688003725,0.21029931749631461,-0.07962121312379478,6204.382009110655,1.0,271.0512375036867,0.4444444444444444,0.06473966436837193,0.0,0.0,0.0,0.0,-0.012730422513794304,2024-12-14,joel alvarez,drakkar klose,1.0,0.8183530447507559,0.18164695524924412,-275.0,200.0,4.4,1.1666666666666667,0.0
0.06001287601213054,-0.010690548492798546,1.6864514814212281,1.6024096385542168,1,1.6024096385542168,0.6173886050759227,0.6173886050759227,1,-166,True,-807.7872306543878,-1.0,0.1399360530249978,-807.7872306543878,0.0,0.7340322688003725,0.7340322688003725,0.21029931749631461,-0.07962121312379478,6204.382009110655,1.0,271.0512375036867,0.4444444444444444,0.06473966436837193,0.0,0.0,0.0,0.06001287601213054,0.024427579504486152,2024-12-14,sean woodson,fernando padilla,1.0,0.6173886050759227,0.38261139492407725,-185.0,155.0,2.25,1.6024096385542168,0.0
0.0,-0.07311838975369697,1.4099611440782926,1.3636363636363638,0,1.3636363636363638,0.6797131808472888,0.6797131808472888,0,-275,False,-807.7872306543878,-1.0,0.1399360530249978,-807.7872306543878,0.0,0.7340322688003725,0.7340322688003725,0.21029931749631461,-0.07962121312379478,6204.382009110655,1.0,271.0512375036867,0.4444444444444444,0.06473966436837193,0.0,0.0,0.0,0.0,-0.029526222096478927,2024-12-14,miles johns,felipe lima,0.0,0.3202868191527112,0.6797131808472888,200.0,-250.0,1.3636363636363638,3.05,0.0
0.0,-0.03216506824660521,1.1289598173896118,1.1,1,1.1,0.8798499379576316,0.8798499379576316,1,-1000,False,-807.7872306543878,-1.0,0.1399360530249978,-807.7872306543878,0.0,0.7340322688003725,0.7340322688003725,0.21029931749631461,-0.07962121312379478,6204.382009110655,1.0,271.0512375036867,0.4444444444444444,0.06473966436837193,0.0,0.0,0.0,0.0,-0.00592118037340561,2024-12-14,miranda maverick,jamey lyn horth,1.0,0.8798499379576316,0.12015006204236844,-350.0,240.0,5.5,1.1,0.0
0.0,-0.0903695375373644,1.4390391158522102,1.3636363636363638,1,1.3636363636363638,0.667062339139266,0.667062339139266,1,-275,False,-807.7872306543878,-1.0,0.1399360530249978,-807.7872306543878,0.0,0.7340322688003725,0.7340322688003725,0.21029931749631461,-0.07962121312379478,6204.382009110655,1.0,271.0512375036867,0.4444444444444444,0.06473966436837193,0.0,0.0,0.0,0.0,-0.027845804068357682,2024-12-14,michael johnson,ottman azaitar,1.0,0.667062339139266,0.33293766086073395,-200.0,150.0,2.75,1.3636363636363638,0.0
0.0,0.0031122532032335504,1.433234986697573,1.3703703703703702,0,1.3703703703703702,0.7320008334185759,0.7320008334185759,0,-270,False,44.73919660197183,0.8686868686868687,0.012929182610140533,44.73919660197183,0.0,0.5577570774665145,0.5577570774665145,0.008300923176276212,0.007210902961209638,6249.121205712628,1.0,0.0,0.0,0.0317258738373658,0.0,0.0,0.0,0.0,0.034278541344073266,2025-01-11,chris curtis,roman kopylov,0.0,0.2679991665814241,0.7320008334185759,185.0,-225.0,1.3703703703703702,2.85,0.0
0.0,-0.15488084377244415,1.476268409759554,1.4166666666666667,0,1.4166666666666667,0.5965546985135688,0.5965546985135688,0,-240,True,44.73919660197183,0.8686868686868687,0.012929182610140533,44.73919660197183,0.0,0.5577570774665145,0.5577570774665145,0.008300923176276212,0.007210902961209638,6249.121205712628,1.0,0.0,0.0,0.0317258738373658,0.0,0.0,0.0,0.0,-0.08082889473345745,2025-01-11,punahele soriano,uros medic,1.0,0.40344530148643126,0.5965546985135688,135.0,-165.0,1.4166666666666667,2.75,-0.0
0.0,-0.10407346764988276,1.1242868762940896,1.1,1,1.1,0.8144786657728338,0.8144786657728338,1,-1000,False,44.73919660197183,0.8686868686868687,0.012929182610140533,44.73919660197183,0.0,0.5577570774665145,0.5577570774665145,0.008300923176276212,0.007210902961209638,6249.121205712628,1.0,0.0,0.0,0.0317258738373658,0.0,0.0,0.0,0.0,-0.0749740362779382,2025-01-11,fatima kline,viktoriia dudakova,1.0,0.8144786657728338,0.1855213342271662,-375.0,280.0,6.0,1.1,0.0
0.0,-0.08658482797509798,1.6743433071976919,1.5714285714285714,1,1.5714285714285714,0.5812642003794831,0.5812642003794831,1,-175,True,44.73919660197183,0.8686868686868687,0.012929182610140533,44.73919660197183,0.0,0.5577570774665145,0.5577570774665145,0.008300923176276212,0.007210902961209638,6249.121205712628,1.0,0.0,0.0,0.0317258738373658,0.0,0.0,0.0,0.0,-0.01598487972325635,2025-01-11,thiago moises,trey ogden,1.0,0.5812642003794831,0.4187357996205169,-165.0,140.0,2.22,1.5714285714285714,0.0
0.0984507943860631,-0.0013312477223024755,1.6586299317421453,1.5555555555555556,1,1.5555555555555556,0.6420013407499484,0.6420013407499484,1,-180,True,44.73919660197183,0.8686868686868687,0.012929182610140533,44.73919660197183,0.0,0.5577570774665145,0.5577570774665145,0.008300923176276212,0.007210902961209638,6249.121205712628,1.0,0.0,0.0,0.0317258738373658,0.0,0.0,0.0,0.0984507943860631,0.03909409733028579,2025-01-11,jose johnson,felipe bunes,0.0,0.6420013407499484,0.3579986592500516,-210.0,175.0,2.24,1.5555555555555556,-0.0
0.004131015745999874,-0.036746311188494585,1.5608299385967521,1.5,0,1.5,0.6421691258743369,0.6421691258743369,0,-200,True,44.73919660197183,0.8686868686868687,0.012929182610140533,44.73919660197183,0.0,0.5577570774665145,0.5577570774665145,0.008300923176276212,0.007210902961209638,6249.121205712628,1.0,0.0,0.0,0.0317258738373658,0.0,0.0,0.0,0.004131015745999874,0.0014843367940867713,2025-01-11,mackenzie dern,amanda ribas,1.0,0.3578308741256631,0.6421691258743369,140.0,-165.0,1.5,2.54,-0.0
0.01774463331571141,-0.03546912146977832,1.693413908316892,1.6134969325153374,1,1.6134969325153374,0.5977890996213922,0.5977890996213922,1,-163,True,44.73919660197183,0.8686868686868687,0.012929182610140533,44.73919660197183,0.0,0.5577570774665145,0.5577570774665145,0.008300923176276212,0.007210902961209638,6249.121205712628,1.0,0.0,0.0,0.0317258738373658,0.0,0.0,0.0,0.01774463331571141,0.00726601776368252,2025-01-11,santiago ponzinibbio,carlston harris,1.0,0.5977890996213922,0.40221090037860785,105.0,-138.0,2.25,1.6134969325153374,0.0
0.0,-0.05269735322741648,1.1059820496632025,1.08,1,1.08,0.8771320803449847,0.8771320803449847,1,-1250,False,44.73919660197183,0.8686868686868687,0.012929182610140533,44.73919660197183,0.0,0.5577570774665145,0.5577570774665145,0.008300923176276212,0.007210902961209638,6249.121205712628,1.0,0.0,0.0,0.0317258738373658,0.0,0.0,0.0,0.0,-0.02704172636781277,2025-01-11,nurullo aliev,joe solecki,1.0,0.8771320803449847,0.12286791965501531,-425.0,330.0,6.0,1.08,0.0
0.0,0.009786471429851062,1.405803689297263,1.3636363636363638,1,1.3636363636363638,0.7405100790485574,0.7405100790485574,1,-275,False,44.73919660197183,0.8686868686868687,0.012929182610140533,44.73919660197183,0.0,0.5577570774665145,0.5577570774665145,0.008300923176276212,0.007210902961209638,6249.121205712628,1.0,0.0,0.0,0.0317258738373658,0.0,0.0,0.0,0.0,0.02917320633065834,2025-01-11,cesar almeida,abdul razak alhassan,1.0,0.7405100790485574,0.25948992095144263,-250.0,175.0,3.1,1.3636363636363638,0.0
0.16683115110372992,0.029796113781099032,1.8146950050152428,1.6451612903225803,0,1.6451612903225803,0.6259545005336093,0.6259545005336093,0,-155,True,601.708188969321,1.2124582869855391,0.15536551766263806,601.708188969321,0.0,0.6197818379429562,0.6197818379429562,0.1828071726483506,0.16299175626002005,7267.676446113463,1.0,416.8470514315141,0.6451612903225803,0.07780334803923894,416.8470514315141,0.6451612903225803,0.10339260648812568,0.16683115110372992,0.07489771289914937,2025-01-18,kevin holland,reinier de ridder,0.0,0.37404549946639065,0.6259545005336093,-148.0,124.0,1.6451612903225803,1.9523809523809523,0.10339260648812568
0.0,-0.1764716576265856,1.394528058173041,1.3355704697986577,0,1.3355704697986577,0.6166116734353706,0.6166116734353706,0,-298,False,601.708188969321,1.2124582869855391,0.15536551766263806,601.708188969321,0.0,0.6197818379429562,0.6197818379429562,0.1828071726483506,0.16299175626002005,7267.676446113463,1.0,416.8470514315141,0.6451612903225803,0.07780334803923894,0.0,0.0,0.0,0.0,-0.10047680258288261,2025-01-18,merab dvalishvili,umar nurmagomedov,1.0,0.38338832656462934,0.6166116734353706,142.0,-170.0,1.3355704697986577,3.0,-0.0
0.0,-0.12858181436440136,1.834189222737847,1.6451612903225803,0,1.6451612903225803,0.5296855638177169,0.5296855638177169,0,-155,True,601.708188969321,1.2124582869855391,0.15536551766263806,601.708188969321,0.0,0.6197818379429562,0.6197818379429562,0.1828071726483506,0.16299175626002005,7267.676446113463,1.0,416.8470514315141,0.6451612903225803,0.07780334803923894,0.0,0.0,0.0,0.0,-0.015514455680449069,2025-01-18,jiri prochazka,jamahal hill,1.0,0.470314436182283,0.5296855638177169,-145.0,125.0,1.6451612903225803,1.9090909090909087,-0.0
0.0,-0.03446450714677085,1.2204407045207246,1.181818181818182,1,1.181818181818182,0.8169915708758091,0.8169915708758091,1,-550,False,601.708188969321,1.2124582869855391,0.15536551766263806,601.708188969321,0.0,0.6197818379429562,0.6197818379429562,0.1828071726483506,0.16299175626002005,7267.676446113463,1.0,416.8470514315141,0.6451612903225803,0.07780334803923894,0.0,0.0,0.0,0.0,-0.0023845743935400066,2025-01-18,jailton almeida,serghei spivac,1.0,0.8169915708758091,0.1830084291241909,-230.0,190.0,4.2,1.181818181818182,0.0
0.0,-0.01385579437748266,1.1059724287177304,1.0829875518672198,1,1.0829875518672198,0.9105775998276885,0.9105775998276885,1,-1205,False,601.708188969321,1.2124582869855391,0.15536551766263806,601.708188969321,0.0,0.6197818379429562,0.6197818379429562,0.1828071726483506,0.16299175626002005,7267.676446113463,1.0,416.8470514315141,0.6451612903225803,0.07780334803923894,0.0,0.0,0.0,0.0,0.006395927632293241,2025-01-18,islam makhachev,renato moicano,1.0,0.9105775998276885,0.08942240017231151,-600.0,440.0,6.4,1.0829875518672198,0.0
0.0,-0.06160547908940461,1.1507634906451611,1.125,1,1.125,0.8341284630316403,0.8341284630316403,1,-800,False,601.708188969321,1.2124582869855391,0.15536551766263806,601.708188969321,0.0,0.6197818379429562,0.6197818379429562,0.1828071726483506,0.16299175626002005,7267.676446113463,1.0,416.8470514315141,0.6451612903225803,0.07780334803923894,0.0,0.0,0.0,0.0,-0.0348598287670181,2025-01-18,rinya nakamura,muin gafurov,0.0,0.8341284630316403,0.16587153696835966,-345.0,275.0,5.5,1.125,-0.0
0.0,0.006914232331307391,1.2990395098068266,1.25,1,1.25,0.8055313858650459,0.8055313858650459,1,-400,False,601.708188969321,1.2124582869855391,0.15536551766263806,601.708188969321,0.0,0.6197818379429562,0.6197818379429562,0.1828071726483506,0.16299175626002005,7267.676446113463,1.0,416.8470514315141,0.6451612903225803,0.07780334803923894,0.0,0.0,0.0,0.0,0.03573185902178244,2025-01-18,tagir ulanbekov,clayton carpenter,1.0,0.8055313858650459,0.1944686141349541,-230.0,190.0,3.5,1.25,0.0
0.0,-0.03835617278929164,1.0947814714070252,1.08,1,1.08,0.8904109511210262,0.8904109511210262,1,-1250,False,601.708188969321,1.2124582869855391,0.15536551766263806,601.708188969321,0.0,0.6197818379429562,0.6197818379429562,0.1828071726483506,0.16299175626002005,7267.676446113463,1.0,416.8470514315141,0.6451612903225803,0.07780334803923894,0.0,0.0,0.0,0.0,-0.023013349634437796,2025-01-18,payton talbott,raoni barcelos,0.0,0.8904109511210262,0.1095890488789738,-600.0,440.0,8.0,1.08,-0.0
0.0,0.1219361796001408,1.4055213524215802,1.3448275862068966,1,1.3448275862068966,0.8342602361129252,0.8342602361129252,1,-290,False,601.708188969321,1.2124582869855391,0.15536551766263806,601.708188969321,0.0,0.6197818379429562,0.6197818379429562,0.1828071726483506,0.16299175626002005,7267.676446113463,1.0,416.8470514315141,0.6451612903225803,0.07780334803923894,0.0,0.0,0.0,0.0,0.122780472196785,2025-01-18,grant dawson,diego ferreira,1.0,0.8342602361129252,0.1657397638870748,-298.0,240.0,2.95,1.3448275862068966,0.0
0.0,-0.13201566379460924,1.414293077175543,1.3636363636363638,1,1.3636363636363638,0.6365218465506198,0.6365218465506198,1,-275,False,601.708188969321,1.2124582869855391,0.15536551766263806,601.708188969321,0.0,0.6197818379429562,0.6197818379429562,0.1828071726483506,0.16299175626002005,7267.676446113463,1.0,416.8470514315141,0.6451612903225803,0.07780334803923894,0.0,0.0,0.0,0.0,-0.07054517946995598,2025-01-18,karol rosa,ailin perez,0.0,0.6365218465506198,0.36347815344938017,-170.0,142.0,3.0,1.3636363636363638,-0.0
0.2698643890118693,0.27853062670395656,2.5527566608178645,2.3,0,2.3,0.5558828811756333,0.5558828811756333,0,130,True,2483.8616024767316,3.83,0.4506764945779671,2483.8616024767316,0.0,0.8116492421557568,0.8116492421557568,0.6361352817134551,0.6465066528146476,11966.27761903013,0.6,2214.739570439937,2.0666666666666664,0.09399402960456056,1390.2788973421555,1.2999999999999998,0.1471509241746335,0.2698643890118693,0.16414949924035122,2025-02-01,israel adesanya,nassourdine imavov,0.0,0.4441171188243667,0.5558828811756333,-215.0,164.0,2.3,1.5555555555555556,0.1471509241746335
0.15907819916197438,0.027110900166123275,1.5371640469808305,1.4545454545454546,1,1.4545454545454546,0.7061387438642097,0.7061387438642097,1,-220,True,2483.8616024767316,3.83,0.4506764945779671,2483.8616024767316,0.0,0.8116492421557568,0.8116492421557568,0.6361352817134551,0.6465066528146476,11966.27761903013,0.6,2214.739570439937,2.0666666666666664,0.09399402960456056,-938.3138565828087,-1.0,0.12910781919640785,0.15907819916197438,0.055590090996536556,2025-02-01,shara magomedov,michael page,0.0,0.7061387438642097,0.2938612561357903,100.0,-120.0,2.5,1.4545454545454546,-0.12910781919640785
0.0,-0.008282651230974575,1.1813220564655833,1.1538461538461535,1,1.1538461538461535,0.8594883689331556,0.8594883689331556,1,-650,False,2483.8616024767316,3.83,0.4506764945779671,2483.8616024767316,0.0,0.8116492421557568,0.8116492421557568,0.6361352817134551,0.6465066528146476,11966.27761903013,0.6,2214.739570439937,2.0666666666666664,0.09399402960456056,0.0,0.0,0.0,0.0,0.012979159588570766,2025-02-01,terrance mckinney,damir hadzovic,1.0,0.8594883689331556,0.1405116310668444,-455.0,350.0,5.0,1.1538461538461535,0.0
0.05181423613626031,-0.05207555719446788,1.535998855552662,1.4166666666666667,1,1.4166666666666667,0.6691231360980227,0.6691231360980227,1,-240,True,2483.8616024767316,3.83,0.4506764945779671,2483.8616024767316,0.0,0.8116492421557568,0.8116492421557568,0.6361352817134551,0.6465066528146476,11966.27761903013,0.6,2214.739570439937,2.0666666666666664,0.09399402960456056,0.0,0.0,0.0,0.05181423613626031,0.018080984350980045,2025-02-01,said nurmagomedov,vinicius oliveira,0.0,0.6691231360980227,0.33087686390197735,-278.0,225.0,2.35,1.4166666666666667,-0.0
0.19774773026046066,0.13464352302439653,2.3419409520707433,2.1,1,2.1,0.5403064395354269,0.5403064395354269,1,110,True,2483.8616024767316,3.83,0.4506764945779671,2483.8616024767316,0.0,0.8116492421557568,0.8116492421557568,0.6361352817134551,0.6465066528146476,11966.27761903013,0.6,2214.739570439937,2.0666666666666664,0.09399402960456056,1146.0703469696705,1.1,0.14335835412237685,0.19774773026046066,0.11331019135256798,2025-02-01,fares ziam,mike davis,1.0,0.5403064395354269,0.4596935604645731,200.0,-275.0,1.625,2.1,0.14335835412237685
0.1568305585274905,0.029558419872599495,1.8293799551829237,1.6666666666666663,1,1.6666666666666663,0.6177350519235598,0.6177350519235598,1,-150,True,2483.8616024767316,3.83,0.4506764945779671,2483.8616024767316,0.0,0.8116492421557568,0.8116492421557568,0.6361352817134551,0.6465066528146476,11966.27761903013,0.6,2214.739570439937,2.0666666666666664,0.09399402960456056,616.7041827109197,0.6666666666666663,0.1272836347249708,0.1568305585274905,0.0711017529378345,2025-02-01,hamdy abdelwahab,jamal pogues,1.0,0.6177350519235598,0.3822649480764402,105.0,-138.0,1.9523809523809523,1.6666666666666663,0.1272836347249708
0.0,-0.005991211194050883,1.377615957746966,1.3125,1,1.3125,0.7573400295664374,0.7573400295664374,1,-320,False,2483.8616024767316,3.83,0.4506764945779671,2483.8616024767316,0.0,0.8116492421557568,0.8116492421557568,0.6361352817134551,0.6465066528146476,11966.27761903013,0.6,2214.739570439937,2.0666666666666664,0.09399402960456056,0.0,0.0,0.0,0.0,0.03144832195624203,2025-02-01,sergei pavlovich,jairzinho rozenstruik,1.0,0.7573400295664374,0.24265997043356258,-192.0,160.0,3.0,1.3125,0.0
0.0,-0.13343508257515976,1.3115663221882985,1.2666666666666666,1,1.2666666666666666,0.6841301979669792,0.6841301979669792,1,-375,False,2483.8616024767316,3.83,0.4506764945779671,2483.8616024767316,0.0,0.8116492421557568,0.8116492421557568,0.6361352817134551,0.6465066528146476,11966.27761903013,0.6,2214.739570439937,2.0666666666666664,0.09399402960456056,0.0,0.0,0.0,0.0,-0.07831694868705974,2025-02-01,shamil gaziev,thomas petersen,1.0,0.6841301979669792,0.31586980203302084,-375.0,295.0,3.5,1.2666666666666666,0.0
0.0,0.0539349629764842,1.414293077175543,1.3636363636363638,1,1.3636363636363638,0.7728856395160884,0.7728856395160884,1,-275,False,2483.8616024767316,3.83,0.4506764945779671,2483.8616024767316,0.0,0.8116492421557568,0.8116492421557568,0.6361352817134551,0.6465066528146476,11966.27761903013,0.6,2214.739570439937,2.0666666666666664,0.09399402960456056,0.0,0.0,0.0,0.0,0.06581861349551255,2025-02-01,jasmine jasudavicius,mayra bueno silva,1.0,0.7728856395160884,0.22711436048391165,100.0,-120.0,3.0,1.3636363636363638,0.0
0.3966276974940676,0.15350898357092985,1.5010924968034316,1.4444444444444444,1,1.4444444444444444,0.7985831424721822,0.7985831424721822,1,-225,True,2929.9168948596966,1.807127882599581,0.29835567236444716,2929.9168948596966,0.0,0.8430404438834326,0.8430404438834326,0.6457339778371616,0.547104778007482,18513.08527936551,1.0,3616.8907654756836,1.7960039361656612,0.0979138145317549,1366.8387070500762,0.4444444444444444,0.25700449118544955,0.3966276974940676,0.13240167655352986,2025-02-08,dricus du plessis,sean strickland,1.0,0.7985831424721822,0.2014168575278178,-130.0,110.0,2.7,1.4444444444444444,0.25700449118544955
0.03335001556822361,-0.10843674367430861,1.875881866120187,1.625,0,1.625,0.5486543115850409,0.5486543115850409,0,-160,True,2929.9168948596966,1.807127882599581,0.29835567236444716,2929.9168948596966,0.0,0.8430404438834326,0.8430404438834326,0.6457339778371616,0.547104778007482,18513.08527936551,1.0,3616.8907654756836,1.7960039361656612,0.0979138145317549,0.0,0.0,0.0,0.03335001556822361,0.015571702247673125,2025-02-08,zhang weili,tatiana suarez,1.0,0.45134568841495915,0.5486543115850409,-225.0,172.0,1.625,1.8,-0.0
0.1127502390543559,0.0012788109059528874,1.4829442835797972,1.4081632653061225,0,1.4081632653061225,0.7110530686143723,0.7110530686143723,0,-245,True,2929.9168948596966,1.807127882599581,0.29835567236444716,2929.9168948596966,0.0,0.8430404438834326,0.8430404438834326,0.6457339778371616,0.547104778007482,18513.08527936551,1.0,3616.8907654756836,1.7960039361656612,0.0979138145317549,464.2291027890989,0.40816326530612246,0.09504721000493349,0.1127502390543559,0.03671890038384351,2025-02-08,jack jenkins,gabriel santos,0.0,0.2889469313856277,0.7110530686143723,150.0,-186.0,1.4081632653061225,2.65,0.09504721000493349
0.0,-0.13238570402051106,1.4648660950833083,1.4,1,1.4,0.6197244971282064,0.6197244971282064,1,-250,True,2929.9168948596966,1.807127882599581,0.29835567236444716,2929.9168948596966,0.0,0.8430404438834326,0.8430404438834326,0.6457339778371616,0.547104778007482,18513.08527936551,1.0,3616.8907654756836,1.7960039361656612,0.0979138145317549,0.0,0.0,0.0,0.0,-0.06293175613371993,2025-02-08,jake matthews,francisco prado,1.0,0.6197244971282064,0.38027550287179357,-225.0,172.0,2.75,1.4,0.0
0.22847608223682792,0.1255704904396271,2.1999480812128454,1.9433962264150944,1,1.9433962264150944,0.579177048478643,0.579177048478643,1,-106,True,2929.9168948596966,1.807127882599581,0.29835567236444716,2929.9168948596966,0.0,0.8430404438834326,0.8430404438834326,0.6457339778371616,0.547104778007482,18513.08527936551,1.0,3616.8907654756836,1.7960039361656612,0.0979138145317549,1785.8229556365086,0.9433962264150944,0.15819224601343695,0.22847608223682792,0.12462086665789135,2025-02-08,tom nolan,viacheslav borshchev,1.0,0.579177048478643,0.42082295152135696,118.0,-148.0,1.6666666666666663,1.9433962264150944,0.15819224601343695
0.0,-0.01688829484894888,1.3888311346172237,1.3389830508474576,1,1.3389830508474576,0.734222665872304,0.734222665872304,1,-295,False,-1957.6657851417344,-1.0,0.1839052744754721,-1957.6657851417344,0.0,0.7311122124521034,0.7311122124521034,0.47313885741391093,-0.35661723281402785,11911.000036188068,1.0,-4644.419458035707,-1.6,0.0656765047541623,0.0,0.0,0.0,0.0,0.014192724812831403,2025-02-15,rodolfo vieira,andre petroski,0.0,0.734222665872304,0.265777334127696,-166.0,140.0,3.1,1.3389830508474576,-0.0
0.0,-0.09806215790477418,1.4704834830785838,1.4081632653061225,1,1.4081632653061225,0.6405065835168995,0.6405065835168995,1,-245,True,-1957.6657851417344,-1.0,0.1839052744754721,-1957.6657851417344,0.0,0.7311122124521034,0.7311122124521034,0.47313885741391093,-0.35661723281402785,11911.000036188068,1.0,-4644.419458035707,-1.6,0.0656765047541623,0.0,0.0,0.0,0.0,-0.03954185735807991,2025-02-15,ismael bonfim,nazim sadykhov,0.0,0.6405065835168995,0.3594934164831005,-166.0,140.0,2.75,1.4081632653061225,-0.0
0.20013353718939628,0.12236412602112223,2.0362496822280782,1.8928571428571428,0,1.8928571428571428,0.5929470854451212,0.5929470854451212,0,-112,True,-1957.6657851417344,-1.0,0.1839052744754721,-1957.6657851417344,0.0,0.7311122124521034,0.7311122124521034,0.47313885741391093,-0.35661723281402785,11911.000036188068,1.0,-4644.419458035707,-1.6,0.0656765047541623,-2708.670658273518,-1.0,0.146311142491877,0.20013353718939628,0.1018481751652221,2025-02-15,angela hill,ketlen souza,1.0,0.4070529145548788,0.5929470854451212,-148.0,124.0,1.8928571428571428,1.8333333333333333,-0.146311142491877
0.0,0.05483171372602433,1.2294506706641666,1.2,0,1.2,0.8790264281050203,0.8790264281050203,0,-500,False,-1957.6657851417344,-1.0,0.1839052744754721,-1957.6657851417344,0.0,0.7311122124521034,0.7311122124521034,0.47313885741391093,-0.35661723281402785,11911.000036188068,1.0,-4644.419458035707,-1.6,0.0656765047541623,0.0,0.0,0.0,0.0,0.06565503886515278,2025-02-15,calvin kattar,youssef zalal,0.0,0.12097357189497966,0.8790264281050203,195.0,-238.0,1.2,4.4,0.0
0.0,-0.004172928896527761,1.3281313683494085,1.2702702702702702,0,1.2702702702702702,0.783948970868691,0.783948970868691,0,-370,False,-1957.6657851417344,-1.0,0.1839052744754721,-1957.6657851417344,0.0,0.7311122124521034,0.7311122124521034,0.47313885741391093,-0.35661723281402785,11911.000036188068,1.0,-4644.419458035707,-1.6,0.0656765047541623,0.0,0.0,0.0,0.0,0.03101140472808217,2025-02-15,dontale mayes,valter walker,0.0,0.21605102913130905,0.783948970868691,150.0,-180.0,1.2702702702702702,3.25,0.0
0.11384683594281315,0.006298768628010765,1.4648660950833083,1.4,1,1.4,0.7187848347342934,0.7187848347342934,1,-250,True,-1957.6657851417344,-1.0,0.1839052744754721,-1957.6657851417344,0.0,0.7311122124521034,0.7311122124521034,0.47313885741391093,-0.35661723281402785,11911.000036188068,1.0,-4644.419458035707,-1.6,0.0656765047541623,616.3356494593859,0.3999999999999999,0.0832297318570594,0.11384683594281315,0.03612858147236708,2025-02-15,gabriel bonfim,khaos williams,1.0,0.7187848347342934,0.28121516526570656,-198.0,164.0,2.75,1.4,0.0832297318570594
0.0,-0.18457058488110312,1.1810628114731625,1.1388888888888888,1,1.1388888888888888,0.7159868035190314,0.7159868035190314,1,-720,False,-1957.6657851417344,-1.0,0.1839052744754721,-1957.6657851417344,0.0,0.7311122124521034,0.7311122124521034,0.47313885741391093,-0.35661723281402785,11911.000036188068,1.0,-4644.419458035707,-1.6,0.0656765047541623,0.0,0.0,0.0,0.0,-0.13070821581925474,2025-02-15,edmen shahbazyan,dylan budka,1.0,0.7159868035190314,0.28401319648096857,-310.0,250.0,4.33,1.1388888888888888,0.0
0.0,-0.05247014937013647,1.1445411576648927,1.1176470588235294,0,1.1176470588235294,0.8477898663530358,0.8477898663530358,0,-850,False,-1957.6657851417344,-1.0,0.1839052744754721,-1957.6657851417344,0.0,0.7311122124521034,0.7311122124521034,0.47313885741391093,-0.35661723281402785,11911.000036188068,1.0,-4644.419458035707,-1.6,0.0656765047541623,0.0,0.0,0.0,0.0,-0.02592270684984721,2025-02-15,julia avila,jacqueline cavalcanti,0.0,0.15221013364696426,0.8477898663530358,300.0,-380.0,1.1176470588235294,5.5,0.0
0.18856396825825933,0.034855103089094175,1.4562077377674636,1.3875968992248062,0,1.3875968992248062,0.7457894318351572,0.7457894318351572,0,-258,True,-1957.6657851417344,-1.0,0.1839052744754721,-1957.6657851417344,0.0,0.7311122124521034,0.7311122124521034,0.47313885741391093,-0.35661723281402785,11911.000036188068,1.0,-4644.419458035707,-1.6,0.0656765047541623,-2552.0844492215747,-1.0,0.1378530056287323,0.18856396825825933,0.05907422351390723,2025-02-15,jared cannonier,gregory rodrigues,1.0,0.25421056816484283,0.7457894318351572,-130.0,110.0,1.3875968992248062,2.75,-0.1378530056287323
0.0,-0.039234054923184436,1.190477755455412,1.1538461538461535,1,1.1538461538461535,0.8326638190665737,0.8326638190665737,1,-650,False,-1957.6657851417344,-1.0,0.1839052744754721,-1957.6657851417344,0.0,0.7311122124521034,0.7311122124521034,0.47313885741391093,-0.35661723281402785,11911.000036188068,1.0,-4644.419458035707,-1.6,0.0656765047541623,0.0,0.0,0.0,0.0,-0.007335076685539232,2025-02-15,rafael estevam,jesus aguilar,1.0,0.8326638190665737,0.16733618093342628,-310.0,250.0,4.5,1.1538461538461535,0.0
0.0,-0.0647324795529978,1.3771730637904536,1.3225806451612905,1,1.3225806451612905,0.7071534910696845,0.7071534910696845,1,-310,False,1282.3633355278293,1.1776212832550859,0.1458309629035921,1282.3633355278293,0.0,0.7383114967139273,0.7383114967139273,0.20998655521617665,0.19115730659868138,14187.874722002576,1.0,994.5113502866783,0.704225352112676,0.07550891802122811,0.0,0.0,0.0,0.0,-0.018971660730523032,2025-02-22,modestas bukauskas,rafael cerqueira,1.0,0.7071534910696845,0.2928465089303155,-298.0,240.0,3.1,1.3225806451612905,0.0
0.06485857078481376,-0.032897486478490556,1.5980921271838076,1.4878048780487805,0,1.4878048780487805,0.6500197222029818,0.6500197222029818,0,-205,True,1282.3633355278293,1.1776212832550859,0.1458309629035921,1282.3633355278293,0.0,0.7383114967139273,0.7383114967139273,0.20998655521617665,0.19115730659868138,14187.874722002576,1.0,994.5113502866783,0.704225352112676,0.07550891802122811,0.0,0.0,0.0,0.06485857078481376,0.02427356965655658,2025-02-22,rob font,jean matsumoto,1.0,0.3499802777970183,0.6500197222029818,130.0,-175.0,1.4878048780487805,2.3,-0.0
0.0,-0.018455061485654428,1.2105459273908663,1.1785714285714286,1,1.1785714285714286,0.8328260084364144,0.8328260084364144,1,-560,False,1282.3633355278293,1.1776212832550859,0.1458309629035921,1282.3633355278293,0.0,0.7383114967139273,0.7383114967139273,0.20998655521617665,0.19115730659868138,14187.874722002576,1.0,994.5113502866783,0.704225352112676,0.07550891802122811,0.0,0.0,0.0,0.0,0.006752435040205951,2025-02-22,jean silva,melsik baghdasaryan,1.0,0.8328260084364144,0.1671739915635856,-380.0,300.0,4.5,1.1785714285714286,0.0
0.16059674525476875,0.0705691429499341,1.7951753234639274,1.704225352112676,0,1.704225352112676,0.6281851995821928,0.6281851995821928,0,-142,True,1282.3633355278293,1.1776212832550859,0.1458309629035921,1282.3633355278293,0.0,0.7383114967139273,0.7383114967139273,0.20998655521617665,0.19115730659868138,14187.874722002576,1.0,994.5113502866783,0.704225352112676,0.07550891802122811,994.5113502866783,0.704225352112676,0.11856318639211742,0.16059674525476875,0.07113654426176208,2025-02-22,andre fili,melquizael costa,0.0,0.3718148004178072,0.6281851995821928,-110.0,-110.0,1.704225352112676,2.1,0.11856318639211742
0.0,0.0703007558636293,1.31970450434142,1.2777777777777777,0,1.2777777777777777,0.8376266785019708,0.8376266785019708,0,-360,False,1282.3633355278293,1.1776212832550859,0.1458309629035921,1282.3633355278293,0.0,0.7383114967139273,0.7383114967139273,0.20998655521617665,0.19115730659868138,14187.874722002576,1.0,994.5113502866783,0.704225352112676,0.07550891802122811,0.0,0.0,0.0,0.0,0.07988129178069414,2025-02-22,brendan allen,anthony hernandez,0.0,0.16237332149802916,0.8376266785019708,164.0,-198.0,1.2777777777777777,3.5,0.0
0.0,-0.022037964925163134,1.414293077175543,1.3636363636363638,0,1.3636363636363638,0.7171721590548803,0.7171721590548803,0,-275,False,1282.3633355278293,1.1776212832550859,0.1458309629035921,1282.3633355278293,0.0,0.7383114967139273,0.7383114967139273,0.20998655521617665,0.19115730659868138,14187.874722002576,1.0,994.5113502866783,0.704225352112676,0.07550891802122811,0.0,0.0,0.0,0.0,0.010105133034304492,2025-02-22,henry cejudo,song yadong,0.0,0.28282784094511965,0.7171721590548803,165.0,-215.0,1.3636363636363638,3.0,0.0
0.0,-0.09990520899076527,1.4350855997315117,1.3773584905660377,0,1.3773584905660377,0.653493478403965,0.653493478403965,0,-265,False,1282.3633355278293,1.1776212832550859,0.1458309629035921,1282.3633355278293,0.0,0.7383114967139273,0.7383114967139273,0.20998655521617665,0.19115730659868138,14187.874722002576,1.0,994.5113502866783,0.704225352112676,0.07550891802122811,0.0,0.0,0.0,0.0,-0.04332906666727587,2025-02-22,ricky simon,javid basharat,1.0,0.34650652159603507,0.653493478403965,180.0,-218.0,1.3773584905660377,2.88,-0.0
0.0,-0.1558617982020667,1.5334360774754425,1.4444444444444444,0,1.4444444444444444,0.5844033704754923,0.5844033704754923,0,-225,True,1282.3633355278293,1.1776212832550859,0.1458309629035921,1282.3633355278293,0.0,0.7383114967139273,0.7383114967139273,0.20998655521617665,0.19115730659868138,14187.874722002576,1.0,994.5113502866783,0.704225352112676,0.07550891802122811,0.0,0.0,0.0,0.0,-0.06772684524653516,2025-02-22,ion cutelaba,ibo aslan,1.0,0.4155966295245077,0.5844033704754923,130.0,-155.0,1.4444444444444444,2.48,-0.0
0.0,-0.07861961299893966,1.3465355222080906,1.3076923076923077,0,1.3076923076923077,0.7045850018243403,0.7045850018243403,0,-325,False,1946.6737430215942,1.454545454545455,0.18748181962192678,1946.6737430215942,0.0,0.7318855523970786,0.7318855523970786,0.19395655939366166,0.21690833458921896,17265.342999312634,1.0,1130.7945342884625,0.8,0.08966489478131728,0.0,0.0,0.0,0.0,-0.03806157786645692,2025-03-01,ricardo ramos,chepe mariscal,0.0,0.2954149981756598,0.7045850018243403,310.0,-420.0,1.3076923076923077,3.4,0.0
0.0033560360521201825,-0.03442688655853238,1.4883743136309031,1.434782608695652,0,1.434782608695652,0.6729752002773866,0.6729752002773866,0,-230,True,1946.6737430215942,1.454545454545455,0.18748181962192678,1946.6737430215942,0.0,0.7318855523970786,0.7318855523970786,0.19395655939366166,0.21690833458921896,17265.342999312634,1.0,1130.7945342884625,0.8,0.08966489478131728,0.0,0.0,0.0,0.0033560360521201825,0.0011012026937473607,2025-03-01,hyder amil,william gomis,1.0,0.3270247997226134,0.6729752002773866,150.0,-186.0,1.434782608695652,2.75,-0.0
0.13613183620709218,0.05738996555410558,1.9141473533148692,1.8,1,1.8,0.5874388697522809,0.5874388697522809,1,-125,True,1946.6737430215942,1.454545454545455,0.18748181962192678,1946.6737430215942,0.0,0.7318855523970786,0.7318855523970786,0.19395655939366166,0.21690833458921896,17265.342999312634,1.0,1130.7945342884625,0.8,0.08966489478131728,1130.7945342884625,0.8,0.0996268430301637,0.13613183620709218,0.06501305009517522,2025-03-01,cody brundage,julian marquez,1.0,0.5874388697522809,0.4125611302477191,116.0,-143.0,1.9523809523809523,1.8,0.0996268430301637
0.0,-0.0520558486492852,1.418811613053278,1.3636363636363638,0,1.3636363636363638,0.6951590443238574,0.6951590443238574,0,-275,False,1946.6737430215942,1.454545454545455,0.18748181962192678,1946.6737430215942,0.0,0.7318855523970786,0.7318855523970786,0.19395655939366166,0.21690833458921896,17265.342999312634,1.0,1130.7945342884625,0.8,0.08966489478131728,0.0,0.0,0.0,0.0,-0.009656162148835024,2025-03-01,nasrat haqparast,esteban ribovics,1.0,0.30484095567614256,0.6951590443238574,195.0,-250.0,1.3636363636363638,2.95,-0.0
0.0,-0.09293650872496656,1.489667004237977,1.4081632653061225,1,1.4081632653061225,0.6441465372822701,0.6441465372822701,1,-245,True,1946.6737430215942,1.454545454545455,0.18748181962192678,1946.6737430215942,0.0,0.7318855523970786,0.7318855523970786,0.19395655939366166,0.21690833458921896,17265.342999312634,1.0,1130.7945342884625,0.8,0.08966489478131728,0.0,0.0,0.0,0.0,-0.027144427178300234,2025-03-01,danny barlow,sam patterson,0.0,0.6441465372822701,0.3558534627177299,-345.0,260.0,2.6,1.4081632653061225,-0.0
0.0,-0.17529836879822314,1.6181972158814135,1.5494505494505495,0,1.5494505494505495,0.5322542442507922,0.5322542442507922,0,-182,True,1946.6737430215942,1.454545454545455,0.18748181962192678,1946.6737430215942,0.0,0.7318855523970786,0.7318855523970786,0.19395655939366166,0.21690833458921896,17265.342999312634,1.0,1130.7945342884625,0.8,0.08966489478131728,0.0,0.0,0.0,0.0,-0.08571740357169622,2025-03-01,andrea lee,jj aldrich,0.0,0.46774575574920785,0.5322542442507922,150.0,-190.0,1.5494505494505495,2.4,0.0
0.0,0.12303110328803707,1.4099611440782926,1.3636363636363638,1,1.3636363636363638,0.8235561424112271,0.8235561424112271,1,-275,False,1946.6737430215942,1.454545454545455,0.18748181962192678,1946.6737430215942,0.0,0.7318855523970786,0.7318855523970786,0.19395655939366166,0.21690833458921896,17265.342999312634,1.0,1130.7945342884625,0.8,0.08966489478131728,0.0,0.0,0.0,0.0,0.11431673946745935,2025-03-01,danny silva,lucas almeida,1.0,0.8235561424112271,0.1764438575887729,-190.0,150.0,3.05,1.3636363636363638,0.0
0.39095138551492337,0.24446130656156917,1.7951753234639274,1.704225352112676,0,1.704225352112676,0.7302210972386067,0.7302210972386067,0,-142,True,-3509.278104140595,-1.0,0.23278556049836374,-3509.278104140595,0.0,0.8933737782695788,0.8933737782695788,0.4411161526131601,-0.4411161526131602,9649.321321909287,1.0,-4106.743573262753,-1.0,0.17317244191817605,-4106.743573262753,-1.0,0.2378605263403252,0.39095138551492337,0.17317244191817605,2025-03-08,amanda lemos,iasmin lucindo,1.0,0.2697789027613933,0.7302210972386067,-125.0,105.0,1.704225352112676,2.1,-0.2378605263403252
0.04666318564660342,-0.016165116960492998,1.724369192296999,1.641025641025641,1,1.641025641025641,0.5995243818521996,0.5995243818521996,1,-156,True,-3509.278104140595,-1.0,0.23278556049836374,-3509.278104140595,0.0,0.8933737782695788,0.8933737782695788,0.4411161526131601,-0.4411161526131602,9649.321321909287,1.0,-4106.743573262753,-1.0,0.17317244191817605,0.0,0.0,0.0,0.04666318564660342,0.019602167707374107,2025-03-08,joshua van,rei tsuruya,1.0,0.5995243818521996,0.4004756181478004,-165.0,132.0,2.2,1.641025641025641,0.0
0.0,-0.06645528203576473,1.6856486491165144,1.6134969325153374,0,1.6134969325153374,0.5785847491565412,0.5785847491565412,0,-163,True,-3509.278104140595,-1.0,0.23278556049836374,-3509.278104140595,0.0,0.8933737782695788,0.8933737782695788,0.4411161526131601,-0.4411161526131602,9649.321321909287,1.0,-4106.743573262753,-1.0,0.17317244191817605,0.0,0.0,0.0,0.0,-0.014658688925363927,2025-03-08,justin gaethje,rafael fiziev,1.0,0.42141525084345877,0.5785847491565412,112.0,-139.0,1.6134969325153374,2.28,-0.0
0.06187193117194338,-0.019725342494620934,1.7825209767998234,1.6666666666666663,0,1.6666666666666663,0.5881647945032276,0.5881647945032276,0,-150,True,-3509.278104140595,-1.0,0.23278556049836374,-3509.278104140595,0.0,0.8933737782695788,0.8933737782695788,0.4411161526131601,-0.4411161526131602,9649.321321909287,1.0,-4106.743573262753,-1.0,0.17317244191817605,0.0,0.0,0.0,0.06187193117194338,0.02716157882421244,2025-03-08,jalin turner,ignacio bahamondes,0.0,0.4118352054967724,0.5881647945032276,-120.0,100.0,1.6666666666666663,2.0700000000000003,0.0
0.0,-0.14000791706255933,1.8159898969351318,1.7142857142857144,0,1.7142857142857144,0.5016620483801737,0.5016620483801737,0,-140,True,-3509.278104140595,-1.0,0.23278556049836374,-3509.278104140595,0.0,0.8933737782695788,0.8933737782695788,0.4411161526131601,-0.4411161526131602,9649.321321909287,1.0,-4106.743573262753,-1.0,0.17317244191817605,0.0,0.0,0.0,0.0,-0.049001808113583345,2025-03-08,brunno ferreira,armen petrosyan,1.0,0.4983379516198263,0.5016620483801737,105.0,-125.0,1.7142857142857144,2.06,-0.0
0.0,-0.076363283518428,1.202316272993558,1.1785714285714286,0,1.1785714285714286,0.7836917594389096,0.7836917594389096,0,-560,False,-3509.278104140595,-1.0,0.23278556049836374,-3509.278104140595,0.0,0.8933737782695788,0.8933737782695788,0.4411161526131601,-0.4411161526131602,9649.321321909287,1.0,-4106.743573262753,-1.0,0.17317244191817605,0.0,0.0,0.0,0.0,-0.04803614981592763,2025-03-08,king green,mauricio ruffy,0.0,0.21630824056109046,0.7836917594389096,430.0,-600.0,1.1785714285714286,4.9,0.0
0.07580102238290867,-0.015770737401379464,1.8674967200331718,1.7246376811594204,1,1.7246376811594204,0.5706875556244102,0.5706875556244102,1,-138,True,-3509.278104140595,-1.0,0.23278556049836374,-3509.278104140595,0.0,0.8933737782695788,0.8933737782695788,0.4411161526131601,-0.4411161526131602,9649.321321909287,1.0,-4106.743573262753,-1.0,0.17317244191817605,0.0,0.0,0.0,0.07580102238290867,0.0352113808752319,2025-03-08,alex pereira,magomed ankalaev,0.0,0.5706875556244102,0.4293124443755898,-170.0,142.0,1.9523809523809523,1.7246376811594204,-0.0
0.0,-0.00938216881605218,1.1453420015218845,1.125,0,1.125,0.8805491832746203,0.8805491832746203,0,-800,False,-3509.278104140595,-1.0,0.23278556049836374,-3509.278104140595,0.0,0.8933737782695788,0.8933737782695788,0.4411161526131601,-0.4411161526131602,9649.321321909287,1.0,-4106.743573262753,-1.0,0.17317244191817605,0.0,0.0,0.0,0.0,0.007447525716231529,2025-03-08,alex morono,carlos leal,0.0,0.11945081672537969,0.8805491832746203,430.0,-600.0,1.125,6.0,0.0
0.0,-0.04400130719031148,1.2225257938182477,1.1886792452830188,0,1.1886792452830188,0.8042528685541824,0.8042528685541824,0,-530,False,-984.433722399748,-1.0,0.5785063103563637,-984.433722399748,0.0,0.855144571069197,0.855144571069197,0.9178981062084336,-0.05004079467567919,9166.46161487997,0.8,501.5740153704321,0.46997635933806126,0.09816047745028122,0.0,0.0,0.0,0.0,-0.013725782740163672,2025-03-15,daniel barez,andre lima,0.0,0.19574713144581754,0.8042528685541824,250.0,-310.0,1.1886792452830188,4.33,0.0
0.12683321090585795,0.03264864922665989,1.7015044940232351,1.6134969325153374,1,1.6134969325153374,0.6400065772773595,0.6400065772773595,1,-163,True,-984.433722399748,-1.0,0.5785063103563637,-984.433722399748,0.0,0.855144571069197,0.855144571069197,0.9178981062084336,-0.05004079467567919,9166.46161487997,0.8,501.5740153704321,0.46997635933806126,0.09816047745028122,-1046.5085736306646,-1.0,0.1084541118197103,0.12683321090585795,0.05229140901736651,2025-03-15,marvin vettori,roman dolidze,0.0,0.6400065772773595,0.35999342272264045,-138.0,110.0,2.22,1.6134969325153374,-0.1084541118197103
0.30296169451439514,0.42007649885437215,2.865857223238554,2.6,1,2.6,0.5461832687901431,0.5461832687901431,1,160,True,-984.433722399748,-1.0,0.5785063103563637,-984.433722399748,0.0,0.855144571069197,0.855144571069197,0.9178981062084336,-0.05004079467567919,9166.46161487997,0.8,501.5740153704321,0.46997635933806126,0.09816047745028122,2170.5744488480727,1.6,0.14059113436815437,0.30296169451439514,0.19724753260229744,2025-03-15,chidi njokuani,elizeu zaleski dos santos,1.0,0.5461832687901431,0.4538167312098569,175.0,-225.0,1.4761904761904765,2.6,0.14059113436815437
0.20680805935098093,0.050588166575556925,1.5238388020528844,1.4444444444444444,1,1.4444444444444444,0.7273302691676933,0.7273302691676933,1,-225,True,-984.433722399748,-1.0,0.5785063103563637,-984.433722399748,0.0,0.855144571069197,0.855144571069197,0.9178981062084336,-0.05004079467567919,9166.46161487997,0.8,501.5740153704321,0.46997635933806126,0.09816047745028122,758.3937489802645,0.4444444444444444,0.1768399950917954,0.20680805935098093,0.0710928780126574,2025-03-15,alexander hernandez,kurt holobaugh,1.0,0.7273302691676933,0.2726697308323067,-175.0,145.0,2.54,1.4444444444444444,0.1768399950917954
0.05544629017733615,-0.038153111850969146,1.547313054691624,1.4444444444444444,1,1.4444444444444444,0.6658939994877906,0.6658939994877906,1,-225,True,-984.433722399748,-1.0,0.5785063103563637,-984.433722399748,0.0,0.855144571069197,0.855144571069197,0.9178981062084336,-0.05004079467567919,9166.46161487997,0.8,501.5740153704321,0.46997635933806126,0.09816047745028122,0.0,0.0,0.0,0.05544629017733615,0.019612371495388192,2025-03-15,stephanie luciano,sam hughes,0.0,0.6658939994877906,0.3341060005122094,-265.0,215.0,2.4,1.4444444444444444,-0.0
0.0,-0.015506757809108984,1.2441116934632408,1.2083333333333333,1,1.2083333333333333,0.8147530280200478,0.8147530280200478,1,-480,False,-984.433722399748,-1.0,0.5785063103563637,-984.433722399748,0.0,0.855144571069197,0.855144571069197,0.9178981062084336,-0.05004079467567919,9166.46161487997,0.8,501.5740153704321,0.46997635933806126,0.09816047745028122,0.0,0.0,0.0,0.0,0.010966675673905635,2025-03-15,damon blackshear,cody gibson,1.0,0.8147530280200478,0.1852469719799522,-360.0,285.0,4.1,1.2083333333333333,0.0
0.20253701122108037,0.04775775446889213,1.4977033594087001,1.425531914893617,1,1.425531914893617,0.734994245672208,0.734994245672208,1,-235,True,-984.433722399748,-1.0,0.5785063103563637,-984.433722399748,0.0,0.855144571069197,0.855144571069197,0.9178981062084336,-0.05004079467567919,9166.46161487997,0.8,501.5740153704321,0.46997635933806126,0.09816047745028122,711.1256408907163,0.42553191489361697,0.17318785439332,0.20253701122108037,0.06730528462533925,2025-03-15,waldo cortes acosta,ryan spann,1.0,0.734994245672208,0.26500575432779205,-210.0,162.0,2.63,1.425531914893617,0.17318785439332
0.2600851365473698,0.1115642795509979,1.6542766747881525,1.5714285714285714,1,1.5714285714285714,0.7073590869869987,0.7073590869869987,1,-175,True,-984.433722399748,-1.0,0.5785063103563637,-984.433722399748,0.0,0.855144571069197,0.855144571069197,0.9178981062084336,-0.05004079467567919,9166.46161487997,0.8,501.5740153704321,0.46997635933806126,0.09816047745028122,-2092.0112497179566,-1.0,0.21680397822051337,0.2600851365473698,0.10286528299374553,2025-03-15,josiane nunes,priscila cachoeira,0.0,0.7073590869869987,0.2926409130130013,-225.0,185.0,2.3,1.5714285714285714,-0.21680397822051337
0.0,-0.06749635533910067,1.3040659388159086,1.25,1,1.25,0.7460029157287195,0.7460029157287195,1,-400,False,-486.83826571924874,-1.0,0.08533089531332783,-486.83826571924874,0.0,0.7899571462116168,0.7899571462116168,0.3542527502008586,-0.09752670806413206,8272.486788984499,1.0,-407.1365601762227,-0.5412844036697249,0.07162994800656164,0.0,0.0,0.0,0.0,-0.02082947382667344,2025-03-22,jordan vucenic,chris duncan,0.0,0.7460029157287195,0.25399708427128054,-275.0,200.0,3.4,1.25,-0.0
0.03845790909414231,-0.02558965572278976,1.8261647806963734,1.7246376811594204,0,1.7246376811594204,0.5649942332363656,0.5649942332363656,0,-138,True,-486.83826571924874,-1.0,0.08533089531332783,-486.83826571924874,0.0,0.7899571462116168,0.7899571462116168,0.3542527502008586,-0.09752670806413206,8272.486788984499,1.0,-407.1365601762227,-0.5412844036697249,0.07162994800656164,0.0,0.0,0.0,0.03845790909414231,0.017398523051510906,2025-03-22,leon edwards,sean brady,0.0,0.4350057667636344,0.5649942332363656,107.0,-132.0,1.7246376811594204,2.05,0.0
0.0,-0.04198903505415075,1.3537764838888307,1.2666666666666666,0,1.2666666666666666,0.756324446009881,0.756324446009881,0,-375,False,-486.83826571924874,-1.0,0.08533089531332783,-486.83826571924874,0.0,0.7899571462116168,0.7899571462116168,0.3542527502008586,-0.09752670806413206,8272.486788984499,1.0,-407.1365601762227,-0.5412844036697249,0.07162994800656164,0.0,0.0,0.0,0.0,0.017650069625811726,2025-03-22,jan blachowicz,carlos ulberg,0.0,0.243675553990119,0.756324446009881,164.0,-198.0,1.2666666666666666,2.85,0.0
0.0014181548096191842,-0.04979801180998572,1.8116185196376957,1.7194244604316546,1,1.7194244604316546,0.552627934554025,0.552627934554025,1,-139,True,-486.83826571924874,-1.0,0.08533089531332783,-486.83826571924874,0.0,0.7899571462116168,0.7899571462116168,0.3542527502008586,-0.09752670806413206,8272.486788984499,1.0,-407.1365601762227,-0.5412844036697249,0.07162994800656164,0.0,0.0,0.0,0.0014181548096191842,0.0006353438622554997,2025-03-22,gunnar nelson,kevin holland,0.0,0.552627934554025,0.44737206544597496,-163.0,120.0,2.08,1.7194244604316546,-0.0
0.043906348894204444,-0.023994282335227046,2.0458433037171218,1.9090909090909087,1,1.9090909090909087,0.5112410902053574,0.5112410902053574,1,-110,True,-486.83826571924874,-1.0,0.08533089531332783,-486.83826571924874,0.0,0.7899571462116168,0.7899571462116168,0.3542527502008586,-0.09752670806413206,8272.486788984499,1.0,-407.1365601762227,-0.5412844036697249,0.07162994800656164,0.0,0.0,0.0,0.043906348894204444,0.022445101684102686,2025-03-22,nathaniel wood,morgan charriere,1.0,0.5112410902053574,0.48875890979464265,140.0,-188.0,1.8333333333333333,1.9090909090909087,0.0
0.15843263178453174,0.030786086228511533,1.6690626472492025,1.5555555555555556,0,1.5555555555555556,0.6626481982897574,0.6626481982897574,0,-180,True,-486.83826571924874,-1.0,0.08533089531332783,-486.83826571924874,0.0,0.7899571462116168,0.7899571462116168,0.3542527502008586,-0.09752670806413206,8272.486788984499,1.0,-407.1365601762227,-0.5412844036697249,0.07162994800656164,-1147.1583874675314,-1.0,0.12514735081695455,0.15843263178453174,0.06350951308335773,2025-03-22,marcin tybura,mick parkin,1.0,0.33735180171024254,0.6626481982897574,-145.0,122.0,1.5555555555555556,2.2,-0.12514735081695455
0.0,-0.10462834474796767,1.8987198998506056,1.7407407407407407,1,1.7407407407407407,0.5143624402511675,0.5143624402511675,1,-135,True,-486.83826571924874,-1.0,0.08533089531332783,-486.83826571924874,0.0,0.7899571462116168,0.7899571462116168,0.3542527502008586,-0.09752670806413206,8272.486788984499,1.0,-407.1365601762227,-0.5412844036697249,0.07162994800656164,0.0,0.0,0.0,0.0,-0.012308186668938847,2025-03-22,jai herbert,chris padilla,0.0,0.5143624402511675,0.4856375597488325,-138.0,105.0,1.9090909090909087,1.7407407407407407,-0.0
0.22280363650341314,0.05291574053389431,1.5574873757674306,1.4587155963302751,1,1.4587155963302751,0.7218101617496508,0.7218101617496508,1,-218,True,-486.83826571924874,-1.0,0.08533089531332783,-486.83826571924874,0.0,0.7899571462116168,0.7899571462116168,0.3542527502008586,-0.09752670806413206,8272.486788984499,1.0,-407.1365601762227,-0.5412844036697249,0.07162994800656164,740.0218272913087,0.45871559633027514,0.17599458234530313,0.22280363650341314,0.07975038292976555,2025-03-22,shauna bannon,puja tomar,1.0,0.7218101617496508,0.27818983825034915,-163.0,120.0,2.4,1.4587155963302751,0.17599458234530313
0.07905243846443519,-0.0019934698262930595,1.7070898936730217,1.6134969325153374,1,1.6134969325153374,0.6185363666095598,0.6185363666095598,1,-163,True,1778.4265759331383,1.2410256410256406,0.2696519055711901,1778.4265759331383,0.0,0.8899774622206824,0.8899774622206824,0.372379571341441,0.3681740965021528,11318.202138344863,1.0,1267.288773427225,0.7692307692307692,0.09637303065568781,0.0,0.0,0.0,0.07905243846443519,0.032744134046825524,2025-03-29,marquel mederos,austin hubbard,1.0,0.6185363666095598,0.3814636333904402,-192.0,160.0,2.2,1.6134969325153374,0.0
0.0,0.045400573350192486,1.2010433168936516,1.1666666666666667,1,1.1666666666666667,0.8960576343001649,0.8960576343001649,1,-600,False,1778.4265759331383,1.2410256410256406,0.2696519055711901,1778.4265759331383,0.0,0.8899774622206824,0.8899774622206824,0.372379571341441,0.3681740965021528,11318.202138344863,1.0,1267.288773427225,0.7692307692307692,0.09637303065568781,0.0,0.0,0.0,0.0,0.06344819720977346,2025-03-29,raul rosas jr,vince morales,1.0,0.8960576343001649,0.10394236569983506,-333.0,225.0,4.5,1.1666666666666667,0.0
0.0,-0.063507387781962,1.420758463060941,1.359712230215827,1,1.359712230215827,0.6887432439063879,0.6887432439063879,1,-278,False,1778.4265759331383,1.2410256410256406,0.2696519055711901,1778.4265759331383,0.0,0.8899774622206824,0.8899774622206824,0.372379571341441,0.3681740965021528,11318.202138344863,1.0,1267.288773427225,0.7692307692307692,0.09637303065568781,0.0,0.0,0.0,0.0,-0.01510616188603553,2025-03-29,brandon moreno,steve erceg,1.0,0.6887432439063879,0.31125675609361214,-188.0,150.0,2.9,1.359712230215827,0.0
0.3160300365734228,0.20047181599313824,1.886826644447978,1.7692307692307692,1,1.7692307692307692,0.6785275481700347,0.6785275481700347,1,-130,True,1778.4265759331383,1.2410256410256406,0.2696519055711901,1778.4265759331383,0.0,0.8899774622206824,0.8899774622206824,0.372379571341441,0.3681740965021528,11318.202138344863,1.0,1267.288773427225,0.7692307692307692,0.09637303065568781,1267.288773427225,0.7692307692307692,0.19915116789900983,0.3160300365734228,0.14853715242142773,2025-03-29,manuel torres,drew dober,1.0,0.6785275481700347,0.3214724518299653,-110.0,-120.0,1.970873786407767,1.7692307692307692,0.19915116789900983
0.0,-0.006234383795088727,1.403144393998788,1.359712230215827,1,1.359712230215827,0.7308646595369455,0.7308646595369455,1,-278,False,1778.4265759331383,1.2410256410256406,0.2696519055711901,1778.4265759331383,0.0,0.8899774622206824,0.8899774622206824,0.372379571341441,0.3681740965021528,11318.202138344863,1.0,1267.288773427225,0.7692307692307692,0.09637303065568781,0.0,0.0,0.0,0.0,0.018179632766376463,2025-03-29,edgar chairez,cj vergara,1.0,0.7308646595369455,0.26913534046305454,-250.0,175.0,3.1,1.359712230215827,0.0
0.0,-0.09670479364707177,1.433626797120329,1.3636363636363638,1,1.3636363636363638,0.662416484658814,0.662416484658814,1,-275,False,1778.4265759331383,1.2410256410256406,0.2696519055711901,1778.4265759331383,0.0,0.8899774622206824,0.8899774622206824,0.372379571341441,0.3681740965021528,11318.202138344863,1.0,1267.288773427225,0.7692307692307692,0.09637303065568781,0.0,0.0,0.0,0.0,-0.03511511980663096,2025-03-29,loopy godinez,julia polastri,1.0,0.662416484658814,0.337583515341186,-188.0,140.0,2.8,1.3636363636363638,0.0
0.0,0.05762741670100774,1.3195479789156737,1.2666666666666666,1,1.2666666666666666,0.8349690131850062,0.8349690131850062,1,-375,False,1778.4265759331383,1.2410256410256406,0.2696519055711901,1778.4265759331383,0.0,0.8899774622206824,0.8899774622206824,0.372379571341441,0.3681740965021528,11318.202138344863,1.0,1267.288773427225,0.7692307692307692,0.09637303065568781,0.0,0.0,0.0,0.0,0.07713374233586223,2025-03-29,rafa garcia,vinc pichel,1.0,0.8349690131850062,0.16503098681499384,-400.0,275.0,3.35,1.2666666666666666,0.0
0.0,-0.10633078872258239,1.2269749576912248,1.2,1,1.2,0.7447243427311814,0.7447243427311814,1,-500,False,1778.4265759331383,1.2410256410256406,0.2696519055711901,1778.4265759331383,0.0,0.8899774622206824,0.8899774622206824,0.372379571341441,0.3681740965021528,11318.202138344863,1.0,1267.288773427225,0.7692307692307692,0.09637303065568781,0.0,0.0,0.0,0.0,-0.07028821618989134,2025-03-29,jamall emmers,gabriel miranda,1.0,0.7447243427311814,0.2552756572688186,-218.0,180.0,4.5,1.2,0.0
0.0,-0.09166619624205857,1.5815525512246165,1.4878048780487805,1,1.4878048780487805,0.6105194418700918,0.6105194418700918,1,-205,True,1778.4265759331383,1.2410256410256406,0.2696519055711901,1778.4265759331383,0.0,0.8899774622206824,0.8899774622206824,0.372379571341441,0.3681740965021528,11318.202138344863,1.0,1267.288773427225,0.7692307692307692,0.09637303065568781,0.0,0.0,0.0,0.0,-0.021770644997832544,2025-03-29,ronaldo rodriguez,kevin borjas,0.0,0.6105194418700918,0.3894805581299082,-150.0,110.0,2.38,1.4878048780487805,-0.0
0.0,-0.08472160825934366,1.5301644817011972,1.4444444444444444,1,1.4444444444444444,0.6336542712050698,0.6336542712050698,1,-225,True,1778.4265759331383,1.2410256410256406,0.2696519055711901,1778.4265759331383,0.0,0.8899774622206824,0.8899774622206824,0.372379571341441,0.3681740965021528,11318.202138344863,1.0,1267.288773427225,0.7692307692307692,0.09637303065568781,0.0,0.0,0.0,0.0,-0.019870243289101364,2025-03-29,christian rodriguez,melquizael costa,0.0,0.6336542712050698,0.3663457287949302,-175.0,130.0,2.5,1.4444444444444444,-0.0
0.0,-0.1577186360833358,1.0996273733898059,1.08,0,1.08,0.779890151774689,0.779890151774689,0,-1250,False,231.29599061439535,1.0058088644863532,0.025234766284645493,231.29599061439535,0.0,0.8098747890502968,0.8098747890502968,0.02031773070164411,0.020435753645960182,11549.498128959258,1.0,0.0,0.0,0.08666421436096161,0.0,0.0,0.0,0.0,-0.12950881754826815,2025-04-05,diana belbita,dione barbosa,0.0,0.22010984822531093,0.779890151774689,300.0,-450.0,1.08,7.0,0.0
0.0,-0.09018992758157068,1.1210634750500572,1.1,1,1.1,0.8271000658349357,0.8271000658349357,1,-1000,False,231.29599061439535,1.0058088644863532,0.025234766284645493,231.29599061439535,0.0,0.8098747890502968,0.8098747890502968,0.02031773070164411,0.020435753645960182,11549.498128959258,1.0,0.0,0.0,0.08666421436096161,0.0,0.0,0.0,0.0,-0.06491008546836008,2025-04-05,loma lookboonmee,istela nunes,1.0,0.8271000658349357,0.17289993416506433,-549.0,350.0,6.4,1.1,0.0
0.010108624132652353,-0.03755095016719012,1.6364927400816225,1.5649717514124295,1,1.5649717514124295,0.6149945192072467,0.6149945192072467,1,-177,True,231.29599061439535,1.0058088644863532,0.025234766284645493,231.29599061439535,0.0,0.8098747890502968,0.8098747890502968,0.02031773070164411,0.020435753645960182,11549.498128959258,1.0,0.0,0.0,0.08666421436096161,0.0,0.0,0.0,0.010108624132652353,0.003931618952569438,2025-04-05,brad tavares,gerald meerschaert,1.0,0.6149945192072467,0.3850054807927533,-210.0,162.0,2.3600000000000003,1.5649717514124295,0.0
0.0,0.06523536644640301,1.3432672619593604,1.2816901408450705,0,1.2816901408450705,0.8311177034911496,0.8311177034911496,0,-355,False,231.29599061439535,1.0058088644863532,0.025234766284645493,231.29599061439535,0.0,0.8098747890502968,0.8098747890502968,0.02031773070164411,0.020435753645960182,11549.498128959258,1.0,0.0,0.0,0.08666421436096161,0.0,0.0,0.0,0.0,0.08666421436096161,2025-04-05,josh emmett,lerone murphy,0.0,0.16888229650885048,0.8311177034911496,240.0,-298.0,1.2816901408450705,3.15,0.0
0.0,-0.15250522692977186,1.4956810658003763,1.4166666666666667,0,1.4166666666666667,0.598231604520161,0.598231604520161,0,-240,True,231.29599061439535,1.0058088644863532,0.025234766284645493,231.29599061439535,0.0,0.8098747890502968,0.8098747890502968,0.02031773070164411,0.020435753645960182,11549.498128959258,1.0,0.0,0.0,0.08666421436096161,0.0,0.0,0.0,0.0,-0.07036013128875296,2025-04-05,pat sabatini,joanderson brito,1.0,0.40176839547983895,0.598231604520161,200.0,-265.0,1.4166666666666667,2.6,-0.0
0.0,-0.082999023517499,1.7460537413693213,1.6666666666666663,1,1.6666666666666663,0.5502005858895007,0.5502005858895007,1,-150,True,-1186.8918991826768,-1.0,0.15906036195142392,-1186.8918991826768,0.0,0.8265094118842257,0.8265094118842257,0.6318887614212482,-0.4082636761211873,6834.2575654755765,1.0,-3528.348664301004,-1.4047619047619049,0.06829942081317089,0.0,0.0,0.0,0.0,-0.02251947209437455,2025-04-12,sumudaerji,mitch raposo,1.0,0.5502005858895007,0.4497994141104993,-200.0,150.0,2.18,1.6666666666666663,0.0
0.0,-0.08705500838065777,1.3888311346172237,1.3389830508474576,0,1.3389830508474576,0.6818196772853315,0.6818196772853315,0,-295,False,-1186.8918991826768,-1.0,0.15906036195142392,-1186.8918991826768,0.0,0.8265094118842257,0.8265094118842257,0.6318887614212482,-0.4082636761211873,6834.2575654755765,1.0,-3528.348664301004,-1.4047619047619049,0.06829942081317089,0.0,0.0,0.0,0.0,-0.03821026377414105,2025-04-12,darren elkins,julian erosa,0.0,0.3181803227146684,0.6818196772853315,200.0,-275.0,1.3389830508474576,3.1,0.0
0.0,0.011293649648176113,1.1393327569458516,1.1176470588235294,0,1.1176470588235294,0.9048416865273154,0.9048416865273154,0,-850,False,-1186.8918991826768,-1.0,0.15906036195142392,-1186.8918991826768,0.0,0.8265094118842257,0.8265094118842257,0.6318887614212482,-0.4082636761211873,6834.2575654755765,1.0,-3528.348664301004,-1.4047619047619049,0.06829942081317089,0.0,0.0,0.0,0.0,0.027134981525129276,2025-04-12,jim miller,chase hooper,0.0,0.09515831347268454,0.9048416865273154,300.0,-450.0,1.1176470588235294,6.0,0.0
0.23515582065061524,0.07950426665887889,1.5595931809136163,1.4878048780487805,0,1.4878048780487805,0.7255684415248203,0.7255684415248203,0,-205,True,-1186.8918991826768,-1.0,0.15906036195142392,-1186.8918991826768,0.0,0.8265094118842257,0.8265094118842257,0.6318887614212482,-0.4082636761211873,6834.2575654755765,1.0,-3528.348664301004,-1.4047619047619049,0.06829942081317089,-2244.606112613611,-1.0,0.19434663632573582,0.23515582065061524,0.08437558928742095,2025-04-12,dan ige,sean woodson,1.0,0.2744315584751798,0.7255684415248203,-163.0,120.0,1.4878048780487805,2.5,-0.19434663632573582
0.0,-0.177570619374743,1.5683664984188732,1.4878048780487805,0,1.4878048780487805,0.5527804033710744,0.5527804033710744,0,-205,True,-1186.8918991826768,-1.0,0.15906036195142392,-1186.8918991826768,0.0,0.8265094118842257,0.8265094118842257,0.6318887614212482,-0.4082636761211873,6834.2575654755765,1.0,-3528.348664301004,-1.4047619047619049,0.06829942081317089,0.0,0.0,0.0,0.0,-0.08482566702646088,2025-04-12,sedriques dumas,michal oleksiejczuk,0.0,0.44721959662892563,0.5527804033710744,130.0,-175.0,1.4878048780487805,2.45,0.0
0.0,-0.16439702226938951,1.5434567458910486,1.4878048780487805,0,1.4878048780487805,0.5616347883107382,0.5616347883107382,0,-205,True,-1186.8918991826768,-1.0,0.15906036195142392,-1186.8918991826768,0.0,0.8265094118842257,0.8265094118842257,0.6318887614212482,-0.4082636761211873,6834.2575654755765,1.0,-3528.348664301004,-1.4047619047619049,0.06829942081317089,0.0,0.0,0.0,0.0,-0.0862615668428316,2025-04-12,bryce mitchell,jean silva,0.0,0.4383652116892618,0.5616347883107382,285.0,-400.0,1.4878048780487805,2.6,0.0
0.0,-0.09536383371939877,1.8136022427627705,1.704225352112676,0,1.704225352112676,0.5308195686439892,0.5308195686439892,0,-142,True,-1186.8918991826768,-1.0,0.15906036195142392,-1186.8918991826768,0.0,0.8265094118842257,0.8265094118842257,0.6318887614212482,-0.4082636761211873,6834.2575654755765,1.0,-3528.348664301004,-1.4047619047619049,0.06829942081317089,0.0,0.0,0.0,0.0,-0.02056925103272189,2025-04-12,yan xiaonan,virna jandiroba,0.0,0.4691804313560109,0.5308195686439892,140.0,-188.0,1.704225352112676,2.05,0.0
0.16961869264111704,0.0519253432206645,1.695357419907805,1.5952380952380951,0,1.5952380952380951,0.6594158867950435,0.6594158867950435,0,-168,True,-1186.8918991826768,-1.0,0.15906036195142392,-1186.8918991826768,0.0,0.8265094118842257,0.8265094118842257,0.6318887614212482,-0.4082636761211873,6834.2575654755765,1.0,-3528.348664301004,-1.4047619047619049,0.06829942081317089,963.7154866647044,0.5952380952380951,0.1401828892925755,0.16961869264111704,0.06956976452167596,2025-04-12,michael chandler,paddy pimblett,0.0,0.3405841132049566,0.6594158867950435,-135.0,114.0,1.5952380952380951,2.2,0.1401828892925755
0.0,-0.16893819986263275,1.709495695161137,1.617283950617284,1,1.617283950617284,0.5138626397795935,0.5138626397795935,1,-162,True,-1186.8918991826768,-1.0,0.15906036195142392,-1186.8918991826768,0.0,0.8265094118842257,0.8265094118842257,0.6318887614212482,-0.4082636761211873,6834.2575654755765,1.0,-3528.348664301004,-1.4047619047619049,0.06829942081317089,0.0,0.0,0.0,0.0,-0.07110519771223478,2025-04-12,alexander volkanovski,diego lopes,1.0,0.5138626397795935,0.48613736022040654,-130.0,110.0,2.2,1.617283950617284,0.0
0.0,-0.2765015172664829,1.2046997100016925,1.1739130434782608,0,1.1739130434782608,0.6163135223285516,0.6163135223285516,0,-575,False,-1186.8918991826768,-1.0,0.15906036195142392,-1186.8918991826768,0.0,0.8265094118842257,0.8265094118842257,0.6318887614212482,-0.4082636761211873,6834.2575654755765,1.0,-3528.348664301004,-1.4047619047619049,0.06829942081317089,0.0,0.0,0.0,0.0,-0.21376885562652825,2025-04-12,tresean gore,marco tulio,0.0,0.3836864776714483,0.6163135223285516,225.0,-333.0,1.1739130434782608,4.6,0.0
0.23545460222021877,0.07369687897461974,1.642661591134758,1.5319148936170213,1,1.5319148936170213,0.7008854626639879,0.7008854626639879,1,-188,True,-1186.8918991826768,-1.0,0.15906036195142392,-1186.8918991826768,0.0,0.8265094118842257,0.8265094118842257,0.6318887614212482,-0.4082636761211873,6834.2575654755765,1.0,-3528.348664301004,-1.4047619047619049,0.06829942081317089,-2247.4580383520974,-1.0,0.19459356703273645,0.23545460222021877,0.09211734791845738,2025-04-12,nikita krylov,dominick reyes,0.0,0.7008854626639879,0.2991145373360121,-188.0,140.0,2.24,1.5319148936170213,-0.19459356703273645
0.0,-0.10280353970576805,1.2472269381562773,1.2083333333333333,1,1.2083333333333333,0.7425074154159161,0.7425074154159161,1,-480,False,103.73923996550346,0.517017017017017,0.024809571029087873,103.73923996550346,0.0,0.611869735539744,0.611869735539744,0.08805034389328464,0.04185700993785838,7120.319152311571,1.0,182.32234687049163,0.4545454545454546,0.034020175103449124,0.0,0.0,0.0,0.0,-0.059271290132456356,2025-04-26,ikram aliskerov,andre muniz,1.0,0.7425074154159161,0.25749258458408386,-649.0,400.0,4.0,1.2083333333333333,0.0
0.0,-0.09005292129073683,1.7898506227849404,1.6666666666666663,1,1.6666666666666663,0.545968247225558,0.545968247225558,1,-150,True,103.73923996550346,0.517017017017017,0.024809571029087873,103.73923996550346,0.0,0.611869735539744,0.611869735539744,0.08805034389328464,0.04185700993785838,7120.319152311571,1.0,182.32234687049163,0.4545454545454546,0.034020175103449124,0.0,0.0,0.0,0.0,-0.01273759518940143,2025-04-26,michel pereira,abus magomedov,0.0,0.545968247225558,0.45403175277444197,-175.0,130.0,2.05,1.6666666666666663,-0.0
0.09592653923463086,0.0061969999525117725,1.5173246494482862,1.4545454545454546,0,1.4545454545454546,0.6917604374673518,0.6917604374673518,0,-220,True,103.73923996550346,0.517017017017017,0.024809571029087873,103.73923996550346,0.0,0.611869735539744,0.611869735539744,0.08805034389328464,0.04185700993785838,7120.319152311571,1.0,182.32234687049163,0.4545454545454546,0.034020175103449124,182.32234687049163,0.4545454545454546,0.05869096376193857,0.09592653923463086,0.032705699008044764,2025-04-26,giga chikadze,david onama,0.0,0.30823956253264817,0.6917604374673518,130.0,-175.0,1.4545454545454546,2.63,0.05869096376193857
0.0,-0.021504156709217084,1.1328331470887065,1.10989010989011,1,1.10989010989011,0.881615066727339,0.881615066727339,1,-910,False,103.73923996550346,0.517017017017017,0.024809571029087873,103.73923996550346,0.0,0.611869735539744,0.611869735539744,0.08805034389328464,0.04185700993785838,7120.319152311571,1.0,182.32234687049163,0.4545454545454546,0.034020175103449124,0.0,0.0,0.0,0.0,-0.0011274647477705901,2025-04-26,jaqueline amorim,polyana viana,1.0,0.881615066727339,0.11838493327266097,-350.0,240.0,6.0,1.10989010989011,0.0
0.04250684761790737,-0.026302633995717084,1.6590920918041023,1.5714285714285714,1,1.5714285714285714,0.6196255965481801,0.6196255965481801,1,-175,True,103.73923996550346,0.517017017017017,0.024809571029087873,103.73923996550346,0.0,0.611869735539744,0.611869735539744,0.08805034389328464,0.04185700993785838,7120.319152311571,1.0,182.32234687049163,0.4545454545454546,0.034020175103449124,0.0,0.0,0.0,0.04250684761790737,0.01688630019447579,2025-04-26,ian machado garry,carlos prates,1.0,0.6196255965481801,0.38037440345181994,-138.0,110.0,2.28,1.5714285714285714,0.0
0.0,0.01700860046814892,1.3442902882729721,1.3003003003003002,1,1.3003003003003002,0.7821336350020638,0.7821336350020638,1,-333,False,103.73923996550346,0.517017017017017,0.024809571029087873,103.73923996550346,0.0,0.611869735539744,0.611869735539744,0.08805034389328464,0.04185700993785838,7120.319152311571,1.0,182.32234687049163,0.4545454545454546,0.034020175103449124,0.0,0.0,0.0,0.0,0.038246686830539445,2025-04-26,randy brown,nicolas dalby,1.0,0.7821336350020638,0.2178663649979362,-200.0,150.0,3.35,1.3003003003003002,0.0
0.0,-0.01762695051841151,1.384849799695206,1.3333333333333333,0,1.3333333333333333,0.7367797871111914,0.7367797871111914,0,-300,False,103.73923996550346,0.517017017017017,0.024809571029087873,103.73923996550346,0.0,0.611869735539744,0.611869735539744,0.08805034389328464,0.04185700993785838,7120.319152311571,1.0,182.32234687049163,0.4545454545454546,0.034020175103449124,0.0,0.0,0.0,0.0,0.01467981625507997,2025-04-26,chelsea chandler,joselyne edwards,0.0,0.26322021288880854,0.7367797871111914,150.0,-188.0,1.3333333333333333,3.1,0.0
0.0,0.007670505989180482,1.2010433168936516,1.1666666666666667,1,1.1666666666666667,0.8637175765621546,0.8637175765621546,1,-600,False,103.73923996550346,0.517017017017017,0.024809571029087873,103.73923996550346,0.0,0.611869735539744,0.611869735539744,0.08805034389328464,0.04185700993785838,7120.319152311571,1.0,182.32234687049163,0.4545454545454546,0.034020175103449124,0.0,0.0,0.0,0.0,0.031108139471763163,2025-04-26,damon blackshear,alatengheili,1.0,0.8637175765621546,0.13628242343784536,200.0,-275.0,4.5,1.1666666666666667,0.0
0.07918835485684061,-0.0008648315860200206,1.6542766747881525,1.5714285714285714,1,1.5714285714285714,0.6358132889907145,0.6358132889907145,1,-175,True,103.73923996550346,0.517017017017017,0.024809571029087873,103.73923996550346,0.0,0.611869735539744,0.611869735539744,0.08805034389328464,0.04185700993785838,7120.319152311571,1.0,182.32234687049163,0.4545454545454546,0.034020175103449124,0.0,0.0,0.0,0.07918835485684061,0.0313194849974614,2025-04-26,matt schnell,jimmy flick,1.0,0.6358132889907145,0.36418671100928546,-275.0,200.0,2.3,1.5714285714285714,0.0
0.0018481322236922628,-0.04606602472676502,1.7269240091370732,1.6451612903225803,1,1.6451612903225803,0.5798422202641234,0.5798422202641234,1,-155,True,103.73923996550346,0.517017017017017,0.024809571029087873,103.73923996550346,0.0,0.611869735539744,0.611869735539744,0.08805034389328464,0.04185700993785838,7120.319152311571,1.0,182.32234687049163,0.4545454545454546,0.034020175103449124,0.0,0.0,0.0,0.0018481322236922628,0.0007779448767598618,2025-04-26,chris gutierrez,john castaneda,1.0,0.5798422202641234,0.42015777973587665,-110.0,-110.0,2.2,1.6451612903225803,0.0
0.0,-0.019307812601288055,1.176728192149983,1.148148148148148,0,1.148148148148148,0.8541512599924267,0.8541512599924267,0,-675,False,1379.5185509806363,2.0148148148148146,0.23674544806778064,1379.5185509806363,0.0,0.8184138214404336,0.8184138214404336,0.3037172169758556,0.409780176979714,10038.084794697854,0.75,1538.2470914056462,1.8993006993006993,0.06987798674649787,0.0,0.0,0.0,0.0,0.004337338076512931,2025-05-03,jeremy stephens,mason jones,0.0,0.14584874000757328,0.8541512599924267,340.0,-440.0,1.148148148148148,5.0,0.0
0.0,-0.0855717084538759,1.454103650097812,1.3846153846153846,0,1.3846153846153846,0.6604204327833119,0.6604204327833119,0,-260,True,1379.5185509806363,2.0148148148148146,0.23674544806778064,1379.5185509806363,0.0,0.8184138214404336,0.8184138214404336,0.3037172169758556,0.409780176979714,10038.084794697854,0.75,1538.2470914056462,1.8993006993006993,0.06987798674649787,0.0,0.0,0.0,0.0,-0.027288452297015042,2025-05-03,juliana miller,ivana petrovic,1.0,0.3395795672166881,0.6604204327833119,250.0,-310.0,1.3846153846153846,2.75,-0.0
0.0,-0.004126391376986865,1.35618638580524,1.2941176470588236,1,1.2941176470588236,0.7695386975723283,0.7695386975723283,1,-340,False,1379.5185509806363,2.0148148148148146,0.23674544806778064,1379.5185509806363,0.0,0.8184138214404336,0.8184138214404336,0.3037172169758556,0.409780176979714,10038.084794697854,0.75,1538.2470914056462,1.8993006993006993,0.06987798674649787,0.0,0.0,0.0,0.0,0.03217692306502362,2025-05-03,thomas petersen,dontale mayes,1.0,0.7695386975723283,0.2304613024276717,-350.0,240.0,3.1,1.2941176470588236,0.0
0.0,0.047872045253366635,1.423479433679967,1.3703703703703702,0,1.3703703703703702,0.7646633843740784,0.7646633843740784,0,-270,False,1379.5185509806363,2.0148148148148146,0.23674544806778064,1379.5185509806363,0.0,0.8184138214404336,0.8184138214404336,0.3037172169758556,0.409780176979714,10038.084794697854,0.75,1538.2470914056462,1.8993006993006993,0.06987798674649787,0.0,0.0,0.0,0.0,0.06215938161879564,2025-05-03,marina rodriguez,gillian robertson,0.0,0.23533661562592162,0.7646633843740784,200.0,-275.0,1.3703703703703702,2.95,0.0
0.0,-0.08771522585760771,1.8359113611258466,1.7407407407407407,1,1.7407407407407407,0.5240784872732892,0.5240784872732892,1,-135,True,1379.5185509806363,2.0148148148148146,0.23674544806778064,1379.5185509806363,0.0,0.8184138214404336,0.8184138214404336,0.3037172169758556,0.409780176979714,10038.084794697854,0.75,1538.2470914056462,1.8993006993006993,0.06987798674649787,0.0,0.0,0.0,0.0,-0.02061011870971652,2025-05-03,gaston bolanos,quang le,0.0,0.5240784872732892,0.4759215127267108,-218.0,180.0,2.05,1.7407407407407407,-0.0
0.20534698191744774,0.18024471944830456,2.399837164851662,2.2,1,2.2,0.536474872476502,0.536474872476502,1,120,True,1379.5185509806363,2.0148148148148146,0.23674544806778064,1379.5185509806363,0.0,0.8184138214404336,0.8184138214404336,0.3037172169758556,0.409780176979714,10038.084794697854,0.75,1538.2470914056462,1.8993006993006993,0.06987798674649787,1209.7497316790507,1.2000000000000002,0.141584212004307,0.20534698191744774,0.11977993390061259,2025-05-03,yana santos,miesha tate,1.0,0.536474872476502,0.46352512752349795,-110.0,-120.0,1.625,2.2,0.141584212004307
0.05064847816965187,-0.02839955420239343,1.7582791844438095,1.6451612903225803,1,1.6451612903225803,0.5905806631318786,0.5905806631318786,1,-155,True,1379.5185509806363,2.0148148148148146,0.23674544806778064,1379.5185509806363,0.0,0.8184138214404336,0.8184138214404336,0.3037172169758556,0.409780176979714,10038.084794697854,0.75,1538.2470914056462,1.8993006993006993,0.06987798674649787,0.0,0.0,0.0,0.05064847816965187,0.021842769373370263,2025-05-03,santiago ponzinibbio,daniel rodriguez,0.0,0.5905806631318786,0.4094193368681214,-105.0,-125.0,2.1,1.6451612903225803,-0.0
0.0,-0.22932943025487132,1.2812885020657874,1.2272727272727273,0,1.2272727272727273,0.6279537975701048,0.6279537975701048,0,-440,False,1379.5185509806363,2.0148148148148146,0.23674544806778064,1379.5185509806363,0.0,0.8184138214404336,0.8184138214404336,0.3037172169758556,0.409780176979714,10038.084794697854,0.75,1538.2470914056462,1.8993006993006993,0.06987798674649787,0.0,0.0,0.0,0.0,-0.15251055404760394,2025-05-03,reinier de ridder,bo nickal,1.0,0.37204620242989517,0.6279537975701048,170.0,-205.0,1.2272727272727273,3.5,-0.0
0.0,-0.047651142990534245,1.2211720084295818,1.1923076923076923,1,1.1923076923076923,0.7987442026531003,0.7987442026531003,1,-520,False,1379.5185509806363,2.0148148148148146,0.23674544806778064,1379.5185509806363,0.0,0.8184138214404336,0.8184138214404336,0.3037172169758556,0.409780176979714,10038.084794697854,0.75,1538.2470914056462,1.8993006993006993,0.06987798674649787,0.0,0.0,0.0,0.0,-0.02014125582214965,2025-05-03,cory sandhagen,deiveson figueiredo,1.0,0.7987442026531003,0.2012557973468997,-400.0,300.0,4.5,1.1923076923076923,0.0
0.0,0.041079705824891066,1.4254766491052093,1.3636363636363638,1,1.3636363636363638,0.7634584509382534,0.7634584509382534,1,-275,False,1379.5185509806363,2.0148148148148146,0.23674544806778064,1379.5185509806363,0.0,0.8184138214404336,0.8184138214404336,0.3037172169758556,0.409780176979714,10038.084794697854,0.75,1538.2470914056462,1.8993006993006993,0.06987798674649787,0.0,0.0,0.0,0.0,0.0619387167302512,2025-05-03,montel jackson,daniel marcos,1.0,0.7634584509382534,0.23654154906174663,-205.0,170.0,2.88,1.3636363636363638,0.0
0.08061614251149408,0.008729227105379822,1.7921776332298092,1.6993006993006992,0,1.6993006993006992,0.593614318831561,0.593614318831561,0,-143,True,1379.5185509806363,2.0148148148148146,0.23674544806778064,1379.5185509806363,0.0,0.8184138214404336,0.8184138214404336,0.3037172169758556,0.409780176979714,10038.084794697854,0.75,1538.2470914056462,1.8993006993006993,0.06987798674649787,328.49735972659545,0.6993006993006992,0.06597333832382071,0.08061614251149408,0.03563391473633204,2025-05-03,cameron smotherman,serhiy sidey,0.0,0.40638568116843904,0.593614318831561,-138.0,105.0,1.6993006993006992,2.1,0.06597333832382071
0.0,-0.06742021815084961,1.0763055355043034,1.0555555555555556,1,1.0555555555555556,0.8834966354360372,0.8834966354360372,1,-1800,False,931.8307852273139,2.0044444444444447,0.12611154056696483,931.8307852273139,0.0,0.7361356853042179,0.7361356853042179,0.6532644517797989,0.33375168527507804,13388.312511862398,0.8333333333333334,2418.3969319372304,2.1093699483883532,0.05494994500249898,0.0,0.0,0.0,0.0,-0.045607570584281776,2025-05-10,benoit st denis,kyle prepolec,1.0,0.8834966354360372,0.11650336456396282,-1205.0,650.0,7.0,1.0555555555555556,0.0
0.245455665879725,0.0740192585602068,1.5148568537970253,1.4444444444444444,1,1.4444444444444444,0.7435517943878355,0.7435517943878355,1,-225,True,931.8307852273139,2.0044444444444447,0.12611154056696483,931.8307852273139,0.0,0.7361356853042179,0.7361356853042179,0.6532644517797989,0.33375168527507804,13388.312511862398,0.8333333333333334,2418.3969319372304,2.1093699483883532,0.05494994500249898,806.0700158215054,0.4444444444444444,0.18067764645267462,0.245455665879725,0.0834234149350338,2025-05-10,mike malott,charles radtke,1.0,0.7435517943878355,0.2564482056121645,-200.0,150.0,2.6,1.4444444444444444,0.18067764645267462
0.0,-0.14881172549939958,1.5595931809136163,1.4878048780487805,1,1.4878048780487805,0.5721101517135183,0.5721101517135183,1,-205,True,931.8307852273139,2.0044444444444447,0.12611154056696483,931.8307852273139,0.0,0.7361356853042179,0.7361356853042179,0.6532644517797989,0.33375168527507804,13388.312511862398,0.8333333333333334,2418.3969319372304,2.1093699483883532,0.05494994500249898,0.0,0.0,0.0,0.0,-0.06908270052388099,2025-05-10,belal muhammad,jack della maddalena,0.0,0.5721101517135183,0.4278898482864817,-230.0,176.0,2.5,1.4878048780487805,-0.0
0.1339910694938075,0.021613274692886042,1.4536870868499947,1.4,0,1.4,0.7297237676377758,0.7297237676377758,0,-250,True,931.8307852273139,2.0044444444444447,0.12611154056696483,931.8307852273139,0.0,0.7361356853042179,0.7361356853042179,0.6532644517797989,0.33375168527507804,13388.312511862398,0.8333333333333334,2418.3969319372304,2.1093699483883532,0.05494994500249898,396.02086514378476,0.3999999999999999,0.09862958752673724,0.1339910694938075,0.041817815217913945,2025-05-10,alexa grasso,natalia silva,0.0,0.2702762323622242,0.7297237676377758,150.0,-186.0,1.4,2.85,0.09862958752673724
0.0,-0.09419235928554476,1.5936170092234032,1.526315789473684,1,1.526315789473684,0.5934601783991259,0.5934601783991259,1,-190,True,931.8307852273139,2.0044444444444447,0.12611154056696483,931.8307852273139,0.0,0.7361356853042179,0.7361356853042179,0.6532644517797989,0.33375168527507804,13388.312511862398,0.8333333333333334,2418.3969319372304,2.1093699483883532,0.05494994500249898,0.0,0.0,0.0,0.0,-0.03404316413065611,2025-05-10,jose aldo,aiemann zahabi,0.0,0.5934601783991259,0.4065398216008741,-188.0,140.0,2.45,1.526315789473684,-0.0
0.10618216973136947,0.04850218614942825,2.2463072526123784,2.08,1,2.08,0.5040875894949174,0.5040875894949174,1,108,True,931.8307852273139,2.0044444444444447,0.12611154056696483,931.8307852273139,0.0,0.7361356853042179,0.7361356853042179,0.6532644517797989,0.33375168527507804,13388.312511862398,0.8333333333333334,2418.3969319372304,2.1093699483883532,0.05494994500249898,847.3397381821201,1.08,0.07815971350077908,0.10618216973136947,0.05891251434122491,2025-05-10,valentina shevchenko,manon fiorot,1.0,0.5040875894949174,0.4959124105050826,-107.0,-117.0,1.704225352112676,2.08,0.07815971350077908
0.13429675692403073,0.03338557686621596,1.6542766747881525,1.5714285714285714,1,1.5714285714285714,0.6576090034603193,0.6576090034603193,1,-175,True,931.8307852273139,2.0044444444444447,0.12611154056696483,931.8307852273139,0.0,0.7361356853042179,0.7361356853042179,0.6532644517797989,0.33375168527507804,13388.312511862398,0.8333333333333334,2418.3969319372304,2.1093699483883532,0.05494994500249898,567.0347824989846,0.5714285714285714,0.0988546012180894,0.13429675692403073,0.05311519946706611,2025-05-10,marc andre barriault,bruno silva,1.0,0.6576090034603193,0.34239099653968075,-150.0,110.0,2.3,1.5714285714285714,0.0988546012180894
0.0018755424929135951,-0.06222473492351971,1.8044884263912715,1.6896551724137931,0,1.6896551724137931,0.5550098507595496,0.5550098507595496,0,-145,True,931.8307852273139,2.0044444444444447,0.12611154056696483,931.8307852273139,0.0,0.7361356853042179,0.7361356853042179,0.6532644517797989,0.33375168527507804,13388.312511862398,0.8333333333333334,2418.3969319372304,2.1093699483883532,0.05494994500249898,0.0,0.0,0.0,0.0018755424929135951,0.000836166199065902,2025-05-10,daniel santos,jeongyeong lee,1.0,0.4449901492404505,0.5550098507595496,-143.0,116.0,1.6896551724137931,2.05,-0.0
0.11021430874357305,0.018832723625855585,1.7070898936730217,1.6134969325153374,0,1.6134969325153374,0.6314438553270512,0.6314438553270512,0,-163,True,931.8307852273139,2.0044444444444447,0.12611154056696483,931.8307852273139,0.0,0.7361356853042179,0.7361356853042179,0.6532644517797989,0.33375168527507804,13388.312511862398,0.8333333333333334,2418.3969319372304,2.1093699483883532,0.05494994500249898,499.6116997518632,0.6134969325153374,0.08112773375113229,0.11021430874357305,0.04565162276431689,2025-05-10,brad katona,bekzat almakhan,0.0,0.3685561446729489,0.6314438553270512,140.0,-188.0,1.6134969325153374,2.2,0.08112773375113229
0.0,-0.07978758550196857,1.3338448747833953,1.2777777777777777,1,1.2777777777777777,0.720166237433242,0.720166237433242,1,-360,False,931.8307852273139,2.0044444444444447,0.12611154056696483,931.8307852273139,0.0,0.7361356853042179,0.7361356853042179,0.6532644517797989,0.33375168527507804,13388.312511862398,0.8333333333333334,2418.3969319372304,2.1093699483883532,0.05494994500249898,0.0,0.0,0.0,0.0,-0.029546130852756147,2025-05-10,navajo stirling,ivan erslan,1.0,0.720166237433242,0.27983376256675796,-250.0,175.0,3.25,1.2777777777777777,0.0
0.0,-0.045960773554246326,1.349230518774811,1.2985074626865671,0,1.2985074626865671,0.734719864044431,0.734719864044431,0,-335,False,931.8307852273139,2.0044444444444447,0.12611154056696483,931.8307852273139,0.0,0.7361356853042179,0.7361356853042179,0.6532644517797989,0.33375168527507804,13388.312511862398,0.8333333333333334,2418.3969319372304,2.1093699483883532,0.05494994500249898,0.0,0.0,0.0,0.0,-0.006443329409023479,2025-05-10,jessica andrade,jasmine jasudavicius,0.0,0.26528013595556893,0.734719864044431,200.0,-275.0,1.2985074626865671,3.25,0.0
0.09442220882656042,0.03499844158675364,1.981865114837848,1.8771929824561404,0,1.8771929824561404,0.5513543100041585,0.5513543100041585,0,-114,True,931.8307852273139,2.0044444444444447,0.12611154056696483,931.8307852273139,0.0,0.7361356853042179,0.7361356853042179,0.6532644517797989,0.33375168527507804,13388.312511862398,0.8333333333333334,2418.3969319372304,2.1093699483883532,0.05494994500249898,-697.6801694610276,-1.0,0.06950331499785142,0.09442220882656042,0.04677910328943824,2025-05-10,modestas bukauskas,ion cutelaba,1.0,0.4486456899958416,0.5513543100041585,-110.0,-120.0,1.8771929824561404,1.9090909090909087,-0.06950331499785142
0.04199958085186961,-0.016552005204165665,1.6715650943273817,1.598802395209581,0,1.598802395209581,0.6151154124752971,0.6151154124752971,0,-167,True,1590.7924222990341,0.8054711246200608,0.13750229428802507,1590.7924222990341,0.0,0.864180049233631,0.864180049233631,0.3773971654728845,0.2410969611069156,16616.19397282212,1.0,1637.089038660686,0.5319148936170213,0.07126637394246882,0.0,0.0,0.0,0.04199958085186961,0.016873678788947077,2025-05-17,julian erosa,melquizael costa,0.0,0.3848845875247029,0.6151154124752971,170.0,-205.0,1.598802395209581,2.3,0.0
0.0,0.012031131154634916,1.2083476752176299,1.1785714285714286,0,1.1785714285714286,0.8586930809796902,0.8586930809796902,0,-560,False,1590.7924222990341,0.8054711246200608,0.13750229428802507,1590.7924222990341,0.0,0.864180049233631,0.864180049233631,0.3773971654728845,0.2410969611069156,16616.19397282212,1.0,1637.089038660686,0.5319148936170213,0.07126637394246882,0.0,0.0,0.0,0.0,0.031116696707758962,2025-05-17,gilbert burns,michael morales,0.0,0.14130691902030973,0.8586930809796902,300.0,-430.0,1.1785714285714286,4.6,0.0
0.053219706611049813,-0.010631358366011812,1.690790386406829,1.6134969325153374,0,1.6134969325153374,0.6131828463358938,0.6131828463358938,0,-163,True,1590.7924222990341,0.8054711246200608,0.13750229428802507,1590.7924222990341,0.0,0.864180049233631,0.864180049233631,0.3773971654728845,0.2410969611069156,16616.19397282212,1.0,1637.089038660686,0.5319148936170213,0.07126637394246882,0.0,0.0,0.0,0.053219706611049813,0.02174347689096645,2025-05-17,sodiq yusuff,mairon santos,0.0,0.3868171536641062,0.6131828463358938,114.0,-135.0,1.6134969325153374,2.26,0.0
0.0,-0.13747585178475483,1.4254808100142145,1.3773584905660377,0,1.3773584905660377,0.6262161624028493,0.6262161624028493,0,-265,False,1590.7924222990341,0.8054711246200608,0.13750229428802507,1590.7924222990341,0.0,0.864180049233631,0.864180049233631,0.3773971654728845,0.2410969611069156,16616.19397282212,1.0,1637.089038660686,0.5319148936170213,0.07126637394246882,0.0,0.0,0.0,0.0,-0.07530152410324142,2025-05-17,dustin stoltzfus,nursulton ruziboev,0.0,0.37378383759715067,0.6262161624028493,225.0,-278.0,1.3773584905660377,2.98,0.0
0.0,-0.11012466413315924,1.3460624069313358,1.2985074626865671,1,1.2985074626865671,0.6853062931388314,0.6853062931388314,1,-335,False,1590.7924222990341,0.8054711246200608,0.13750229428802507,1590.7924222990341,0.0,0.864180049233631,0.864180049233631,0.3773971654728845,0.2410969611069156,16616.19397282212,1.0,1637.089038660686,0.5319148936170213,0.07126637394246882,0.0,0.0,0.0,0.0,-0.05760131266804491,2025-05-17,tecia pennington,luana pinheiro,1.0,0.6853062931388314,0.3146937068611686,-395.0,310.0,3.3,1.2985074626865671,0.0
0.2949799669741563,0.12397954891984303,1.606960527582149,1.5319148936170213,1,1.5319148936170213,0.7337088722115642,0.7337088722115642,1,-188,True,1590.7924222990341,0.8054711246200608,0.13750229428802507,1590.7924222990341,0.0,0.864180049233631,0.864180049233631,0.3773971654728845,0.2410969611069156,16616.19397282212,1.0,1637.089038660686,0.5319148936170213,0.07126637394246882,1637.089038660686,0.5319148936170213,0.2298816516237683,0.2949799669741563,0.11141605117717868,2025-05-17,luana santos,tainara lisboa,1.0,0.7337088722115642,0.2662911277884358,-105.0,-115.0,2.4,1.5319148936170213,0.2298816516237683
0.0,-0.07343009409465551,1.886826644447978,1.7692307692307692,1,1.7692307692307692,0.5237134250769339,0.5237134250769339,1,-130,True,1590.7924222990341,0.8054711246200608,0.13750229428802507,1590.7924222990341,0.0,0.864180049233631,0.864180049233631,0.3773971654728845,0.2410969611069156,16616.19397282212,1.0,1637.089038660686,0.5319148936170213,0.07126637394246882,0.0,0.0,0.0,0.0,-0.006276970671673099,2025-05-17,jared gordon,thiago moises,1.0,0.5237134250769339,0.47628657492306614,102.0,-122.0,1.970873786407767,1.7692307692307692,0.0
0.0,-0.0575790165012893,1.181511618879317,1.1540832049306626,0,1.1540832049306626,0.8165970871704449,0.8165970871704449,0,-649,False,1590.7924222990341,0.8054711246200608,0.13750229428802507,1590.7924222990341,0.0,0.864180049233631,0.864180049233631,0.3773971654728845,0.2410969611069156,16616.19397282212,1.0,1637.089038660686,0.5319148936170213,0.07126637394246882,0.0,0.0,0.0,0.0,-0.02977630774251938,2025-05-17,elise reed,denise gomes,0.0,0.18340291282955515,0.8165970871704449,350.0,-455.0,1.1540832049306626,5.0,0.0
0.0,-0.08674123850501497,1.5764871504172127,1.5,1,1.5,0.60883917432999,0.60883917432999,1,-200,True,-502.6431799206607,-1.0,0.0710919687402305,-502.6431799206607,0.0,0.7248105623225553,0.7248105623225553,0.21602203393312003,-0.07671967399883008,15341.40498812588,1.0,-772.1458047755775,-0.6153846153846154,0.05195950415474096,0.0,0.0,0.0,0.0,-0.02548251978299587,2025-05-31,dustin jacoby,bruno lopes,1.0,0.60883917432999,0.39116082567001,-137.0,112.0,2.45,1.5,0.0
0.11750625255767404,0.04867813738953186,2.103070486150263,1.9523809523809523,1,1.9523809523809523,0.537127826467809,0.537127826467809,1,-105,True,-502.6431799206607,-1.0,0.0710919687402305,-502.6431799206607,0.0,0.7248105623225553,0.7248105623225553,0.21602203393312003,-0.07671967399883008,15341.40498812588,1.0,-772.1458047755775,-0.6153846153846154,0.05195950415474096,-1415.1110918700347,-1.0,0.08516457464234153,0.11750625255767404,0.061632589106301594,2025-05-31,jafel filho,allan nascimento,0.0,0.537127826467809,0.462872173532191,-110.0,-120.0,1.7874015748031495,1.9523809523809523,-0.08516457464234153
0.0,-0.011726292456965742,1.2616342541563528,1.2272727272727273,1,1.2272727272727273,0.8052600579980279,0.8052600579980279,1,-440,False,-502.6431799206607,-1.0,0.0710919687402305,-502.6431799206607,0.0,0.7248105623225553,0.7248105623225553,0.21602203393312003,-0.07671967399883008,15341.40498812588,1.0,-772.1458047755775,-0.6153846153846154,0.05195950415474096,0.0,0.0,0.0,0.0,0.0126373175282124,2025-05-31,billy ray goff,ramiz brahimaj,0.0,0.8052600579980279,0.1947399420019721,-340.0,270.0,4.0,1.2272727272727273,-0.0
0.0,-0.06230792433601279,1.7420177066110774,1.6451612903225803,0,1.6451612903225803,0.569969693050659,0.569969693050659,0,-155,True,-502.6431799206607,-1.0,0.0710919687402305,-502.6431799206607,0.0,0.7248105623225553,0.7248105623225553,0.21602203393312003,-0.07671967399883008,15341.40498812588,1.0,-772.1458047755775,-0.6153846153846154,0.05195950415474096,0.0,0.0,0.0,0.0,-0.004077284890455446,2025-05-31,ketlen vieira,macy chiasson,1.0,0.4300303069493409,0.569969693050659,-124.0,100.0,1.6451612903225803,2.15,-0.0
0.05056082015897945,-0.009012968120707732,1.6760660265620864,1.606060606060606,1,1.606060606060606,0.6170296613588047,0.6170296613588047,1,-165,True,-502.6431799206607,-1.0,0.0710919687402305,-502.6431799206607,0.0,0.7248105623225553,0.7248105623225553,0.21602203393312003,-0.07671967399883008,15341.40498812588,1.0,-772.1458047755775,-0.6153846153846154,0.05195950415474096,0.0,0.0,0.0,0.05056082015897945,0.020394454778560167,2025-05-31,mateusz gamrot,ludovit klein,1.0,0.6170296613588047,0.38297033864119534,-148.0,118.0,2.3,1.606060606060606,0.0
0.1388133757112841,0.02137341339688198,1.4380788614176414,1.3846153846153846,0,1.3846153846153846,0.7376585763421926,0.7376585763421926,0,-260,True,-502.6431799206607,-1.0,0.0710919687402305,-502.6431799206607,0.0,0.7248105623225553,0.7248105623225553,0.21602203393312003,-0.07671967399883008,15341.40498812588,1.0,-772.1458047755775,-0.6153846153846154,0.05195950415474096,642.9652870944572,0.3846153846153846,0.10060725995254274,0.1388133757112841,0.042286419203180325,2025-05-31,kurt holobaugh,jordan leavitt,0.0,0.2623414236578075,0.7376585763421926,132.0,-165.0,1.3846153846153846,2.9,0.10060725995254274
0.0,-0.07485805379972574,1.2376607510052304,1.2,1,1.2,0.7709516218335619,0.7709516218335619,1,-500,False,-1409.9769189411757,-1.0,0.13650568162068244,-1409.9769189411757,0.0,0.7549365167466908,0.7549365167466908,0.1823702027201115,-0.1823702027201115,12543.589850430033,1.0,-1387.8382187546708,-1.0,0.06789585051164256,0.0,0.0,0.0,0.0,-0.03702423034386071,2025-06-07,quillan salkilld,yanal ashmouz,1.0,0.7709516218335619,0.22904837816643808,-305.0,230.0,4.1,1.2,0.0
0.0,0.017452462525930704,1.1576429967868374,1.1333333333333333,0,1.1333333333333333,0.8977521728169977,0.8977521728169977,0,-750,False,-1409.9769189411757,-1.0,0.13650568162068244,-1409.9769189411757,0.0,0.7549365167466908,0.7549365167466908,0.1823702027201115,-0.1823702027201115,12543.589850430033,1.0,-1387.8382187546708,-1.0,0.06789585051164256,0.0,0.0,0.0,0.0,0.0339280035561742,2025-06-07,bruno silva,joshua van,0.0,0.10224782718300232,0.8977521728169977,240.0,-350.0,1.1333333333333333,5.5,0.0
0.0,-0.1626596999558736,1.190477755455412,1.1538461538461535,0,1.1538461538461535,0.7256949267049098,0.7256949267049098,0,-650,False,-1409.9769189411757,-1.0,0.13650568162068244,-1409.9769189411757,0.0,0.7549365167466908,0.7549365167466908,0.1823702027201115,-0.1823702027201115,12543.589850430033,1.0,-1387.8382187546708,-1.0,0.06789585051164256,0.0,0.0,0.0,0.0,-0.11430396904720319,2025-06-07,ariane da silva,wang cong,0.0,0.2743050732950902,0.7256949267049098,280.0,-360.0,1.1538461538461535,4.5,0.0
0.11983668406039333,0.01921656292027546,1.6440159139122819,1.5555555555555556,1,1.5555555555555556,0.6552106475916056,0.6552106475916056,1,-180,True,-1409.9769189411757,-1.0,0.13650568162068244,-1409.9769189411757,0.0,0.7549365167466908,0.7549365167466908,0.1823702027201115,-0.1823702027201115,12543.589850430033,1.0,-1387.8382187546708,-1.0,0.06789585051164256,-1387.8382187546708,-1.0,0.0904635670480537,0.11983668406039333,0.04694402952688781,2025-06-07,serghei spivac,waldo cortes acosta,0.0,0.6552106475916056,0.34478935240839437,-142.0,120.0,2.3,1.5555555555555556,-0.0904635670480537
0.0,0.11507772044475839,1.4390391158522102,1.3636363636363638,1,1.3636363636363638,0.8177236616594894,0.8177236616594894,1,-275,False,-1409.9769189411757,-1.0,0.13650568162068244,-1409.9769189411757,0.0,0.7549365167466908,0.7549365167466908,0.1823702027201115,-0.1823702027201115,12543.589850430033,1.0,-1387.8382187546708,-1.0,0.06789585051164256,0.0,0.0,0.0,0.0,0.12281551845186567,2025-06-07,merab dvalishvili,sean omalley,1.0,0.8177236616594894,0.1822763383405106,-295.0,225.0,2.75,1.3636363636363638,0.0
0.0,-0.05870849908660186,1.2611848673085717,1.21978021978022,0,1.21978021978022,0.7716894286767496,0.7716894286767496,0,-455,False,-1409.9769189411757,-1.0,0.13650568162068244,-1409.9769189411757,0.0,0.7549365167466908,0.7549365167466908,0.1823702027201115,-0.1823702027201115,12543.589850430033,1.0,-1387.8382187546708,-1.0,0.06789585051164256,0.0,0.0,0.0,0.0,-0.02121574004292226,2025-06-07,kelvin gastelum,joe pyfer,0.0,0.2283105713232504,0.7716894286767496,295.0,-385.0,1.21978021978022,3.85,0.0
0.0,-0.16814545870434577,1.1773993898042923,1.1428571428571428,0,1.1428571428571428,0.7278727236336975,0.7278727236336975,0,-700,False,-1409.9769189411757,-1.0,0.13650568162068244,-1409.9769189411757,0.0,0.7549365167466908,0.7549365167466908,0.1823702027201115,-0.1823702027201115,12543.589850430033,1.0,-1387.8382187546708,-1.0,0.06789585051164256,0.0,0.0,0.0,0.0,-0.12145674660343275,2025-06-07,julianna pena,kayla harrison,0.0,0.2721272763663026,0.7278727236336975,440.0,-590.0,1.1428571428571428,4.7,0.0
0.041265747428512564,-0.03536810035556254,1.5301644817011972,1.4444444444444444,0,1.4444444444444444,0.667822084369226,0.667822084369226,0,-225,True,-1409.9769189411757,-1.0,0.13650568162068244,-1409.9769189411757,0.0,0.7549365167466908,0.7549365167466908,0.1823702027201115,-0.1823702027201115,12543.589850430033,1.0,-1387.8382187546708,-1.0,0.06789585051164256,0.0,0.0,0.0,0.041265747428512564,0.014297569875054816,2025-06-07,vicente luque,kevin holland,0.0,0.332177915630774,0.667822084369226,150.0,-200.0,1.4444444444444444,2.5,0.0
0.085346162872014,-0.006965096081697819,1.4963407083012086,1.425531914893617,0,1.425531914893617,0.6966065743904508,0.6966065743904508,0,-235,True,1036.323933371528,0.4696505211526669,0.10518749655208826,1036.323933371528,0.0,0.7854817011092722,0.7854817011092722,0.26296954874020406,0.13236419268135313,14203.911994308219,1.0,623.9982105066583,0.5714285714285714,0.05635299024177006,0.0,0.0,0.0,0.085346162872014,0.028309578624495124,2025-06-14,kamaru usman,joaquin buckley,1.0,0.3033934256095492,0.6966065743904508,175.0,-225.0,1.425531914893617,2.64,-0.0
0.0,-0.1838673006012241,1.4401109145013027,1.3875968992248062,1,1.3875968992248062,0.5881626716337547,0.5881626716337547,1,-258,True,1036.323933371528,0.4696505211526669,0.10518749655208826,1036.323933371528,0.0,0.7854817011092722,0.7854817011092722,0.26296954874020406,0.13236419268135313,14203.911994308219,1.0,623.9982105066583,0.5714285714285714,0.05635299024177006,0.0,0.0,0.0,0.0,-0.1062282880697143,2025-06-14,rose namajunas,miranda maverick,1.0,0.5881626716337547,0.4118373283662453,-200.0,150.0,2.9,1.3875968992248062,0.0
0.0,0.01975877745427404,1.1681386251354633,1.1430615164520743,1,1.1430615164520743,0.8921293935426002,0.8921293935426002,1,-699,False,1036.323933371528,0.4696505211526669,0.10518749655208826,1036.323933371528,0.0,0.7854817011092722,0.7854817011092722,0.26296954874020406,0.13236419268135313,14203.911994308219,1.0,623.9982105066583,0.5714285714285714,0.05635299024177006,0.0,0.0,0.0,0.0,0.036066612565697875,2025-06-14,jamey lyn horth,vanessa demopoulos,1.0,0.8921293935426002,0.10787060645739976,-395.0,310.0,5.3,1.1430615164520743,0.0
0.0,-0.09567946774358019,1.4115799966548894,1.359712230215827,0,1.359712230215827,0.665082296209748,0.665082296209748,0,-278,False,1036.323933371528,0.4696505211526669,0.10518749655208826,1036.323933371528,0.0,0.7854817011092722,0.7854817011092722,0.26296954874020406,0.13236419268135313,14203.911994308219,1.0,623.9982105066583,0.5714285714285714,0.05635299024177006,0.0,0.0,0.0,0.0,-0.043343724539882444,2025-06-14,cody garbrandt,raoni barcelos,0.0,0.33491770379025193,0.665082296209748,130.0,-175.0,1.359712230215827,3.0,0.0
0.11083833261923973,0.009996124302907139,1.6717132532115597,1.5714285714285714,1,1.5714285714285714,0.6427248063745773,0.6427248063745773,1,-175,True,1036.323933371528,0.4696505211526669,0.10518749655208826,1036.323933371528,0.0,0.7854817011092722,0.7854817011092722,0.26296954874020406,0.13236419268135313,14203.911994308219,1.0,623.9982105066583,0.5714285714285714,0.05635299024177006,623.9982105066583,0.5714285714285714,0.08705616824271524,0.11083833261923973,0.04453609304178463,2025-06-14,edmen shahbazyan,andre petroski,1.0,0.6427248063745773,0.3572751936254227,-200.0,150.0,2.23,1.5714285714285714,0.08705616824271524
0.0,-0.037311802977488984,1.1507634906451611,1.125,0,1.125,0.8557228417977876,0.8557228417977876,0,-800,False,1036.323933371528,0.4696505211526669,0.10518749655208826,1036.323933371528,0.0,0.7854817011092722,0.7854817011092722,0.26296954874020406,0.13236419268135313,14203.911994308219,1.0,623.9982105066583,0.5714285714285714,0.05635299024177006,0.0,0.0,0.0,0.0,-0.013265450000870871,2025-06-14,alonzo menifield,oumar sy,1.0,0.1442771582022124,0.8557228417977876,275.0,-400.0,1.125,5.5,-0.0
0.0,0.08377345798491542,1.3254185581560385,1.2857142857142856,1,1.2857142857142856,0.8429349117660454,0.8429349117660454,1,-350,False,1036.323933371528,0.4696505211526669,0.10518749655208826,1036.323933371528,0.0,0.7854817011092722,0.7854817011092722,0.26296954874020406,0.13236419268135313,14203.911994308219,1.0,623.9982105066583,0.5714285714285714,0.05635299024177006,0.0,0.0,0.0,0.0,0.08845626511782767,2025-06-14,michael chiesa,court mcgee,1.0,0.8429349117660454,0.1570650882339546,-275.0,200.0,3.5,1.2857142857142856,0.0
0.0,-0.09459488231195623,1.0631139422105687,1.05,1,1.05,0.8622905882743274,0.8622905882743274,1,-2000,False,1036.323933371528,0.4696505211526669,0.10518749655208826,1036.323933371528,0.0,0.7854817011092722,0.7854817011092722,0.26296954874020406,0.13236419268135313,14203.911994308219,1.0,623.9982105066583,0.5714285714285714,0.05635299024177006,0.0,0.0,0.0,0.0,-0.0783423582945666,2025-06-14,malcolm wellmaker,kris moutinho,1.0,0.8622905882743274,0.13770941172567264,-1350.0,800.0,9.5,1.05,0.0
0.0,-0.06695874299453583,1.2376607510052304,1.2,1,1.2,0.7775343808378868,0.7775343808378868,1,-500,False,1036.323933371528,0.4696505211526669,0.10518749655208826,1036.323933371528,0.0,0.7854817011092722,0.7854817011092722,0.26296954874020406,0.13236419268135313,14203.911994308219,1.0,623.9982105066583,0.5714285714285714,0.05635299024177006,0.0,0.0,0.0,0.0,-0.030441471339535786,2025-06-14,ricky simon,cameron smotherman,1.0,0.7775343808378868,0.22246561916211316,-500.0,350.0,4.1,1.2,0.0
0.0,-0.1815951862096712,1.638812854989127,1.5405405405405406,0,1.5405405405405406,0.5312452300042485,0.5312452300042485,0,-185,True,1036.323933371528,0.4696505211526669,0.10518749655208826,1036.323933371528,0.0,0.7854817011092722,0.7854817011092722,0.26296954874020406,0.13236419268135313,14203.911994308219,1.0,623.9982105066583,0.5714285714285714,0.05635299024177006,0.0,0.0,0.0,0.0,-0.07895257077309203,2025-06-14,phil rowe,ange loosa,1.0,0.46875476999575144,0.5312452300042485,124.0,-148.0,1.5405405405405406,2.28,-0.0
0.0,-0.01704723192400026,1.2231508472849701,1.181818181818182,1,1.181818181818182,0.8317292652950765,0.8317292652950765,1,-550,False,-1014.4794276023762,-1.0,0.14490251963682477,-1014.4794276023762,0.0,0.7850377369641658,0.7850377369641658,0.384359386917667,-0.38435938691766697,8744.505088343416,1.0,-4444.927478362428,-2.0,0.0825880916043148,0.0,0.0,0.0,0.0,0.014168616729364758,2025-06-21,tagir ulanbekov,azat maksum,1.0,0.8317292652950765,0.16827073470492349,-280.0,230.0,4.1,1.181818181818182,0.0
0.0,-0.01030388343231714,1.2445030951219103,1.2127659574468086,1,1.2127659574468086,0.8160652189242297,0.8160652189242297,1,-470,False,-1014.4794276023762,-1.0,0.14490251963682477,-1014.4794276023762,0.0,0.7850377369641658,0.7850377369641658,0.384359386917667,-0.38435938691766697,8744.505088343416,1.0,-4444.927478362428,-2.0,0.0825880916043148,0.0,0.0,0.0,0.0,0.012531660896363928,2025-06-21,nazim sadykhov,nikolas motta,1.0,0.8160652189242297,0.18393478107577033,-380.0,300.0,4.2,1.2127659574468086,0.0
0.17389168206393563,0.059072042937349134,1.7898506227849404,1.6666666666666663,0,1.6666666666666663,0.6354432257624096,0.6354432257624096,0,-150,True,-1014.4794276023762,-1.0,0.14490251963682477,-1014.4794276023762,0.0,0.7850377369641658,0.7850377369641658,0.384359386917667,-0.38435938691766697,8744.505088343416,1.0,-4444.927478362428,-2.0,0.0825880916043148,-1938.8794477189988,-1.0,0.13650320056164425,0.17389168206393563,0.07673738334745017,2025-06-21,rafael fiziev,ignacio bahamondes,1.0,0.3645567742375903,0.6354432257624096,-130.0,110.0,1.6666666666666663,2.05,-0.13650320056164425
0.0,-0.018533059343563973,1.407275508418985,1.359712230215827,1,1.359712230215827,0.7218196018584372,0.7218196018584372,1,-278,False,-1014.4794276023762,-1.0,0.14490251963682477,-1014.4794276023762,0.0,0.7850377369641658,0.7850377369641658,0.384359386917667,-0.38435938691766697,8744.505088343416,1.0,-4444.927478362428,-2.0,0.0825880916043148,0.0,0.0,0.0,0.0,0.011226690934080907,2025-06-21,muhammad naimov,bogdan grad,1.0,0.7218196018584372,0.2781803981415628,-220.0,180.0,3.05,1.359712230215827,0.0
0.0,-0.16415363791706394,1.420758463060941,1.359712230215827,0,1.359712230215827,0.6147229858705192,0.6147229858705192,0,-278,False,-1014.4794276023762,-1.0,0.14490251963682477,-1014.4794276023762,0.0,0.7850377369641658,0.7850377369641658,0.384359386917667,-0.38435938691766697,8744.505088343416,1.0,-4444.927478362428,-2.0,0.0825880916043148,0.0,0.0,0.0,0.0,-0.08912641992190418,2025-06-21,daria zhelezniakova,melissa mullins,1.0,0.38527701412948084,0.6147229858705192,175.0,-250.0,1.359712230215827,2.9,-0.0
0.0,-0.19964635621743523,1.4115799966548894,1.359712230215827,1,1.359712230215827,0.5886198755861192,0.5886198755861192,1,-278,False,-1014.4794276023762,-1.0,0.14490251963682477,-1014.4794276023762,0.0,0.7850377369641658,0.7850377369641658,0.384359386917667,-0.38435938691766697,8744.505088343416,1.0,-4444.927478362428,-2.0,0.0825880916043148,0.0,0.0,0.0,0.0,-0.11980614516351129,2025-06-21,irina alekseeva,klaudia sygula,0.0,0.5886198755861192,0.41138012441388083,-188.0,140.0,3.0,1.359712230215827,-0.0
0.22475915554949794,0.08104309548330985,1.6487571090511601,1.5555555555555556,1,1.5555555555555556,0.694956275667842,0.694956275667842,1,-180,True,-1014.4794276023762,-1.0,0.14490251963682477,-1014.4794276023762,0.0,0.7850377369641658,0.7850377369641658,0.384359386917667,-0.38435938691766697,8744.505088343416,1.0,-4444.927478362428,-2.0,0.0825880916043148,-2506.0480306434292,-1.0,0.17643364952188176,0.22475915554949794,0.08843879986117942,2025-06-21,hamdy abdelwahab,mohammed usman,0.0,0.694956275667842,0.305043724332158,-150.0,110.0,2.28,1.5555555555555556,-0.17643364952188176
0.0,-0.23014648704449636,1.6073761116269194,1.526315789473684,0,1.526315789473684,0.5043867843501576,0.5043867843501576,0,-190,True,-1014.4794276023762,-1.0,0.14490251963682477,-1014.4794276023762,0.0,0.7850377369641658,0.7850377369641658,0.384359386917667,-0.38435938691766697,8744.505088343416,1.0,-4444.927478362428,-2.0,0.0825880916043148,0.0,0.0,0.0,0.0,-0.11774514405572212,2025-06-21,ismail naurdiev,junyong park,0.0,0.4956132156498424,0.5043867843501576,163.0,-225.0,1.526315789473684,2.38,0.0
0.0,-0.1534568170286183,1.5148568537970253,1.4444444444444444,0,1.4444444444444444,0.5860683574417258,0.5860683574417258,0,-225,True,1057.6863952348695,1.1212121212121215,0.15085657557623744,1057.6863952348695,0.0,0.8018330375938496,0.8018330375938496,0.5854017713947108,0.20889396830206478,10571.179457085069,0.8,768.9879735067843,-0.04444444444444451,0.07731195878939282,0.0,0.0,0.0,0.0,-0.07406002201107587,2025-06-28,viviane araujo,tracy cortez,0.0,0.41393164255827425,0.5860683574417258,154.0,-185.0,1.4444444444444444,2.6,0.0
0.11665682017188875,0.04320807033277729,2.18137857755142,2.0,1,2.0,0.5216040351663886,0.5216040351663886,1,100,True,1057.6863952348695,1.1212121212121215,0.15085657557623744,1057.6863952348695,0.0,0.8018330375938496,0.8018330375938496,0.5854017713947108,0.20889396830206478,10571.179457085069,0.8,768.9879735067843,-0.04444444444444451,0.07731195878939282,-817.9048950028191,-1.0,0.09353358328913333,0.11665682017188875,0.06317833579856413,2025-06-28,hyder amil,jose delgado,0.0,0.5216040351663886,0.47839596483361135,105.0,-132.0,1.7246376811594204,2.0,-0.09353358328913333
0.0,0.010883593355576704,1.2693168575674039,1.2352941176470589,1,1.2352941176470589,0.818334337478324,0.818334337478324,1,-425,False,1057.6863952348695,1.1212121212121215,0.15085657557623744,1057.6863952348695,0.0,0.8018330375938496,0.8018330375938496,0.5854017713947108,0.20889396830206478,10571.179457085069,0.8,768.9879735067843,-0.04444444444444451,0.07731195878939282,0.0,0.0,0.0,0.0,0.030508985567012425,2025-06-28,ilia topuria,charles oliveira,1.0,0.818334337478324,0.18166566252167604,-295.0,220.0,3.95,1.2352941176470589,0.0
0.32246434912809896,0.016384201286974265,1.6790452022984197,1.4,0,1.4,0.7259887152049816,0.7259887152049816,0,-250,True,1057.6863952348695,1.1212121212121215,0.15085657557623744,1057.6863952348695,0.0,0.8018330375938496,0.8018330375938496,0.5854017713947108,0.20889396830206478,10571.179457085069,0.8,768.9879735067843,-0.04444444444444451,0.07731195878939282,716.2782718455,0.3999999999999999,0.20477953429300189,0.32246434912809896,0.13041213475847846,2025-06-28,brandon royval,joshua van,0.0,0.27401128479501835,0.7259887152049816,105.0,-125.0,1.4,1.8,0.20477953429300189
0.11103827112493014,-0.03294887999239832,2.211357273804261,1.8849557522123888,1,1.8849557522123888,0.5130365096753945,0.5130365096753945,1,-113,True,1057.6863952348695,1.1212121212121215,0.15085657557623744,1057.6863952348695,0.0,0.8018330375938496,0.8018330375938496,0.5854017713947108,0.20889396830206478,10571.179457085069,0.8,768.9879735067843,-0.04444444444444451,0.07731195878939282,0.0,0.0,0.0,0.11103827112493014,0.06082554772636872,2025-06-28,beneil dariush,renato moicano,1.0,0.5130365096753945,0.4869634903246055,133.0,-167.0,1.617283950617284,1.8849557522123888,0.0
0.0,0.0632510523415945,1.418811613053278,1.3636363636363638,1,1.3636363636363638,0.7797174383838359,0.7797174383838359,1,-275,False,1057.6863952348695,1.1212121212121215,0.15085657557623744,1057.6863952348695,0.0,0.8018330375938496,0.8018330375938496,0.5854017713947108,0.20889396830206478,10571.179457085069,0.8,768.9879735067843,-0.04444444444444451,0.07731195878939282,0.0,0.0,0.0,0.0,0.07490223191114342,2025-06-28,alexandre pantoja,kai kara france,1.0,0.7797174383838359,0.2202825616161641,-215.0,164.0,2.95,1.3636363636363638,0.0
0.22351453807485563,0.08239401507452981,1.6440159139122819,1.5555555555555556,1,1.5555555555555556,0.6958247239764834,0.6958247239764834,1,-180,True,1057.6863952348695,1.1212121212121215,0.15085657557623744,1057.6863952348695,0.0,0.8018330375938496,0.8018330375938496,0.5854017713947108,0.20889396830206478,10571.179457085069,0.8,768.9879735067843,-0.04444444444444451,0.07731195878939282,870.6145966641035,0.5555555555555556,0.1792104022083957,0.22351453807485563,0.0875581059117656,2025-06-28,terrance mckinney,viacheslav borshchev,1.0,0.6958247239764834,0.30417527602351657,-205.0,160.0,2.3,1.5555555555555556,0.1792104022083957
0.0,-0.1611553744647273,1.0407537627360914,1.03000300030003,0,1.03000300030003,0.8144098854963775,0.8144098854963775,0,-3333,False,1057.6863952348695,1.1212121212121215,0.15085657557623744,1057.6863952348695,0.0,0.8018330375938496,0.8018330375938496,0.5854017713947108,0.20889396830206478,10571.179457085069,0.8,768.9879735067843,-0.04444444444444451,0.07731195878939282,0.0,0.0,0.0,0.0,-0.14643218474610542,2025-06-28,niko price,jacobe smith,0.0,0.1855901145036225,0.8144098854963775,950.0,-1667.0,1.03000300030003,11.0,0.0
0.0,-0.08285352948272168,1.5018778609678551,1.425531914893617,0,1.425531914893617,0.6433714046912251,0.6433714046912251,0,-235,True,1057.6863952348695,1.1212121212121215,0.15085657557623744,1057.6863952348695,0.0,0.8018330375938496,0.8018330375938496,0.5854017713947108,0.20889396830206478,10571.179457085069,0.8,768.9879735067843,-0.04444444444444451,0.07731195878939282,0.0,0.0,0.0,0.0,-0.022461700642367077,2025-06-28,jack hermansson,gregory rodrigues,0.0,0.35662859530877483,0.6433714046912251,164.0,-198.0,1.425531914893617,2.6,0.0
0.0,-0.09185104636423985,1.666561279206846,1.5714285714285714,0,1.5714285714285714,0.5779129704954837,0.5779129704954837,0,-175,True,1057.6863952348695,1.1212121212121215,0.15085657557623744,1057.6863952348695,0.0,0.8018330375938496,0.8018330375938496,0.5854017713947108,0.20889396830206478,10571.179457085069,0.8,768.9879735067843,-0.04444444444444451,0.07731195878939282,0.0,0.0,0.0,0.0,-0.02212497138921099,2025-06-28,payton talbott,felipe lima,1.0,0.42208702950451626,0.5779129704954837,125.0,-162.0,1.5714285714285714,2.25,-0.0
0.0,-0.05165309752662456,1.4235300618376392,1.3636363636363638,0,1.3636363636363638,0.6954543951471419,0.6954543951471419,0,-275,False,1189.5438880896452,1.0370370370370368,0.14948339215963014,1189.5438880896452,0.0,0.7528190284762792,0.7528190284762792,0.34256706877389426,0.28339418172726166,13566.990209217729,1.0,1806.2668640430156,1.5925925925925923,0.059473526980762775,0.0,0.0,0.0,0.0,-0.007024622899794886,2025-07-12,nate landwehr,morgan charriere,0.0,0.30454560485285814,0.6954543951471419,190.0,-230.0,1.3636363636363638,2.9,0.0
0.0,-0.10488181974707157,1.1226248739840994,1.1,0,1.1,0.8137438002299349,0.8137438002299349,0,-1000,False,1189.5438880896452,1.0370370370370368,0.14948339215963014,1189.5438880896452,0.0,0.7528190284762792,0.7528190284762792,0.34256706877389426,0.28339418172726166,13566.990209217729,1.0,1806.2668640430156,1.5925925925925923,0.059473526980762775,0.0,0.0,0.0,0.0,-0.07702570183096802,2025-07-12,mitch ramirez,mike davis,0.0,0.18625619977006513,0.8137438002299349,600.0,-900.0,1.1,6.2,0.0
0.0,-0.15206796944933745,1.4704834830785838,1.4081632653061225,1,1.4081632653061225,0.6021546303910502,0.6021546303910502,1,-245,True,1189.5438880896452,1.0370370370370368,0.14948339215963014,1189.5438880896452,0.0,0.7528190284762792,0.7528190284762792,0.34256706877389426,0.28339418172726166,13566.990209217729,1.0,1806.2668640430156,1.5925925925925923,0.059473526980762775,0.0,0.0,0.0,0.0,-0.07789381048392918,2025-07-12,kennedy nzechukwu,valter walker,0.0,0.6021546303910502,0.3978453696089498,-220.0,180.0,2.75,1.4081632653061225,-0.0
0.25035563708902187,0.12506502330791153,1.765184143515564,1.6666666666666663,0,1.6666666666666663,0.6750390139847471,0.6750390139847471,0,-150,True,1189.5438880896452,1.0370370370370368,0.14948339215963014,1189.5438880896452,0.0,0.7528190284762792,0.7528190284762792,0.34256706877389426,0.28339418172726166,13566.990209217729,1.0,1806.2668640430156,1.5925925925925923,0.059473526980762775,1246.451355069646,0.6666666666666663,0.1768655087348239,0.25035563708902187,0.10852588068161939,2025-07-12,calvin kattar,steve garcia,0.0,0.32496098601525286,0.6750390139847471,110.0,-150.0,1.6666666666666663,2.12,0.1768655087348239
0.0,-0.19348498289924668,1.3473558425125236,1.3003003003003002,0,1.3003003003003002,0.6202528884400713,0.6202528884400713,0,-333,False,1189.5438880896452,1.0370370370370368,0.14948339215963014,1189.5438880896452,0.0,0.7528190284762792,0.7528190284762792,0.34256706877389426,0.28339418172726166,13566.990209217729,1.0,1806.2668640430156,1.5925925925925923,0.059473526980762775,0.0,0.0,0.0,0.0,-0.12194154041639094,2025-07-12,max griffin,chris curtis,0.0,0.37974711155992874,0.6202528884400713,200.0,-275.0,1.3003003003003002,3.3,0.0
0.0,-0.08647824704455098,1.102297035566519,1.0829875518672198,1,1.0829875518672198,0.8435200860623112,0.8435200860623112,1,-1205,False,1189.5438880896452,1.0370370370370368,0.14948339215963014,1189.5438880896452,0.0,0.7528190284762792,0.7528190284762792,0.34256706877389426,0.28339418172726166,13566.990209217729,1.0,1806.2668640430156,1.5925925925925923,0.059473526980762775,0.0,0.0,0.0,0.0,-0.06367640248313422,2025-07-12,fatima kline,melissa martinez,1.0,0.8435200860623112,0.15647991393768879,-800.0,450.0,7.0,1.0829875518672198,0.0
0.0,-0.018449696096036666,1.1745327589758212,1.1492537313432836,1,1.1492537313432836,0.8540762384618902,0.8540762384618902,1,-670,False,1189.5438880896452,1.0370370370370368,0.14948339215963014,1189.5438880896452,0.0,0.7528190284762792,0.7528190284762792,0.34256706877389426,0.28339418172726166,13566.990209217729,1.0,1806.2668640430156,1.5925925925925923,0.059473526980762775,0.0,0.0,0.0,0.0,0.0026738468657729886,2025-07-12,vitor petrino,austen lane,1.0,0.8540762384618902,0.14592376153810982,-400.0,275.0,5.2,1.1492537313432836,0.0
0.0,0.02170396230070648,1.2595385121084597,1.2222222222222223,0,1.2222222222222223,0.8359396055187598,0.8359396055187598,0,-450,False,1189.5438880896452,1.0370370370370368,0.14948339215963014,1189.5438880896452,0.0,0.7528190284762792,0.7528190284762792,0.34256706877389426,0.28339418172726166,13566.990209217729,1.0,1806.2668640430156,1.5925925925925923,0.059473526980762775,0.0,0.0,0.0,0.0,0.04199802264011787,2025-07-12,stephen thompson,gabriel bonfim,0.0,0.16406039448124018,0.8359396055187598,310.0,-400.0,1.2222222222222223,3.95,0.0
0.0,0.021002927135347293,1.4274585515807814,1.3636363636363638,0,1.3636363636363638,0.7487354798992546,0.7487354798992546,0,-275,False,1189.5438880896452,1.0370370370370368,0.14948339215963014,1189.5438880896452,0.0,0.7528190284762792,0.7528190284762792,0.34256706877389426,0.28339418172726166,13566.990209217729,1.0,1806.2668640430156,1.5925925925925923,0.059473526980762775,0.0,0.0,0.0,0.0,0.048189745038799026,2025-07-12,derrick lewis,tallison teixeira,1.0,0.2512645201007454,0.7487354798992546,175.0,-250.0,1.3636363636363638,2.8600000000000003,-0.0
0.07597682764882639,0.008204625944733923,2.064791488948338,1.925925925925926,1,1.925925925925926,0.5234908634713041,0.5234908634713041,1,-108,True,1189.5438880896452,1.0370370370370368,0.14948339215963014,1189.5438880896452,0.0,0.7528190284762792,0.7528190284762792,0.34256706877389426,0.28339418172726166,13566.990209217729,1.0,1806.2668640430156,1.5925925925925923,0.059473526980762775,559.8155089733696,0.925925925925926,0.05719331056157792,0.07597682764882639,0.03918045956251481,2025-07-12,jake matthews,chidi njokuani,1.0,0.5234908634713041,0.47650913652869586,105.0,-138.0,1.819672131147541,1.925925925925926,0.05719331056157792
0.0,-0.03348704068177841,1.1745327589758212,1.1492537313432836,0,1.1492537313432836,0.8409917957704006,0.8409917957704006,0,-670,False,1189.5438880896452,1.0370370370370368,0.14948339215963014,1189.5438880896452,0.0,0.7528190284762792,0.7528190284762792,0.34256706877389426,0.28339418172726166,13566.990209217729,1.0,1806.2668640430156,1.5925925925925923,0.059473526980762775,0.0,0.0,0.0,0.0,-0.010410595825716573,2025-07-12,lauren murphy,eduarda moura,0.0,0.1590082042295994,0.8409917957704006,240.0,-350.0,1.1492537313432836,5.2,0.0
0.05629183483419598,-0.01578106160899473,2.0548835059121635,1.9090909090909087,0,1.9090909090909087,0.5155432534429076,0.5155432534429076,0,-110,True,0.0,0.0,-0.0496427763013324,0.0,0.0,0.0,0.0,0.0,0.0,13566.990209217729,0.0,0.0,0.0,,0.0,0.0,0.0,0.05629183483419598,0.02889766155272422,2025-07-19,max holloway,dustin poirier,1.0,0.4844567465570924,0.5155432534429076,-130.0,110.0,1.9090909090909087,1.819672131147541,-0.0
0.0,-0.034404656699346337,1.414293077175543,1.3636363636363638,0,1.3636363636363638,0.7081032517538126,0.7081032517538126,0,-275,False,0.0,0.0,-0.0496427763013324,0.0,0.0,0.0,0.0,0.0,0.0,13566.990209217729,0.0,0.0,0.0,,0.0,0.0,0.0,0.0,0.0010362257332368063,2025-07-19,marvin vettori,brendan allen,0.0,0.2918967482461874,0.7081032517538126,200.0,-275.0,1.3636363636363638,3.0,0.0
0.0,-0.06571989029120975,1.2130892123533723,1.181818181818182,0,1.181818181818182,0.79054470821513,0.79054470821513,0,-550,False,-1569.936133525619,-1.0,0.20286436854000045,-1569.936133525619,0.0,0.8493083863745216,0.8493083863745216,0.6435726011506784,-0.18719493908536297,11027.3183034315,1.0,-969.7357722606099,-0.5215053763440864,0.06778259766603278,0.0,0.0,0.0,0.0,-0.03379697236087409,2025-07-26,muslim salikhov,carlos leal,1.0,0.20945529178487002,0.79054470821513,350.0,-500.0,1.181818181818182,4.5,-0.0
0.07909748900820764,0.00808866914811246,1.956166183256912,1.8333333333333333,1,1.8333333333333333,0.5498665468080614,0.5498665468080614,1,-120,True,-1569.936133525619,-1.0,0.20286436854000045,-1569.936133525619,0.0,0.8493083863745216,0.8493083863745216,0.6435726011506784,-0.18719493908536297,11027.3183034315,1.0,-969.7357722606099,-0.5215053763440864,0.06778259766603278,759.4581845614142,0.8333333333333333,0.06717406052629896,0.07909748900820764,0.03866253532931596,2025-07-26,asu almabayev,jose ochoa,1.0,0.5498665468080614,0.45013345319193865,-127.0,100.0,1.9090909090909087,1.8333333333333333,0.06717406052629896
0.10773849057667075,0.020383407144584587,1.5434567458910486,1.4878048780487805,1,1.4878048780487805,0.6858314703758683,0.6858314703758683,1,-205,True,-1569.936133525619,-1.0,0.20286436854000045,-1569.936133525619,0.0,0.8493083863745216,0.8493083863745216,0.6435726011506784,-0.18719493908536297,11027.3183034315,1.0,-969.7357722606099,-0.5215053763440864,0.06778259766603278,-1241.3472966595182,-1.0,0.09149761866977082,0.10773849057667075,0.03793511522229853,2025-07-26,nikita krylov,bogdan guskov,0.0,0.6858314703758683,0.31416852962413166,-205.0,160.0,2.6,1.4878048780487805,-0.09149761866977082
0.0,-0.18887566318647092,1.709495695161137,1.617283950617284,1,1.617283950617284,0.5015348952816477,0.5015348952816477,1,-162,True,-1569.936133525619,-1.0,0.20286436854000045,-1569.936133525619,0.0,0.8493083863745216,0.8493083863745216,0.6435726011506784,-0.18719493908536297,11027.3183034315,1.0,-969.7357722606099,-0.5215053763440864,0.06778259766603278,0.0,0.0,0.0,0.0,-0.0834329422101805,2025-07-26,robert whittaker,reinier de ridder,0.0,0.5015348952816477,0.49846510471835226,-196.0,152.0,2.2,1.617283950617284,-0.0
0.0,-0.013059768819230572,1.2857872911994084,1.25,1,1.25,0.7895521849446155,0.7895521849446155,1,-400,False,-1569.936133525619,-1.0,0.20286436854000045,-1569.936133525619,0.0,0.8493083863745216,0.8493083863745216,0.6435726011506784,-0.18719493908536297,11027.3183034315,1.0,-969.7357722606099,-0.5215053763440864,0.06778259766603278,0.0,0.0,0.0,0.0,0.011818568471256397,2025-07-26,petr yan,marcus mcghee,1.0,0.7895521849446155,0.21044781505538446,-400.0,285.0,3.8,1.25,0.0
0.1962126897623678,0.059463047229323274,1.5944670127465927,1.5128205128205128,1,1.5128205128205128,0.7003230312193832,0.7003230312193832,1,-195,True,-1569.936133525619,-1.0,0.20286436854000045,-1569.936133525619,0.0,0.8493083863745216,0.8493083863745216,0.6435726011506784,-0.18719493908536297,11027.3183034315,1.0,-969.7357722606099,-0.5215053763440864,0.06778259766603278,-2260.7342158137603,-1.0,0.16663491171960637,0.1962126897623678,0.07315420802910433,2025-07-26,amanda ribas,tabatha ricci,0.0,0.7003230312193832,0.2996769687806168,-186.0,148.0,2.4,1.5128205128205128,-0.16663491171960637
0.0,-0.1588119564371062,1.384849799695206,1.3333333333333333,1,1.3333333333333333,0.6308910326721704,0.6308910326721704,1,-300,False,-1569.936133525619,-1.0,0.20286436854000045,-1569.936133525619,0.0,0.8493083863745216,0.8493083863745216,0.6435726011506784,-0.18719493908536297,11027.3183034315,1.0,-969.7357722606099,-0.5215053763440864,0.06778259766603278,0.0,0.0,0.0,0.0,-0.09120893818394105,2025-07-26,ibo aslan,billy elekana,0.0,0.6308910326721704,0.3691089673278296,-278.0,210.0,3.1,1.3333333333333333,-0.0
0.28144956472351096,0.1353528296109015,1.7582791844438095,1.6451612903225803,1,1.6451612903225803,0.6901164258419207,0.6901164258419207,1,-155,True,-1569.936133525619,-1.0,0.20286436854000045,-1569.936133525619,0.0,0.8493083863745216,0.8493083863745216,0.6435726011506784,-0.18719493908536297,11027.3183034315,1.0,-969.7357722606099,-0.5215053763440864,0.06778259766603278,1772.8875556512544,0.6451612903225803,0.20254866178000236,0.28144956472351096,0.12137853208341232,2025-07-26,bryce mitchell,said nurmagomedov,1.0,0.6901164258419207,0.3098835741580793,-143.0,112.0,2.1,1.6451612903225803,0.20254866178000236
0.0,-0.12337625163478771,1.2990395098068266,1.25,0,1.25,0.7012989986921698,0.7012989986921698,0,-400,False,-1569.936133525619,-1.0,0.20286436854000045,-1569.936133525619,0.0,0.8493083863745216,0.8493083863745216,0.6435726011506784,-0.18719493908536297,11027.3183034315,1.0,-969.7357722606099,-0.5215053763440864,0.06778259766603278,0.0,0.0,0.0,0.0,-0.06850052815109364,2025-07-26,mohammad yahya,steven nguyen,0.0,0.2987010013078302,0.7012989986921698,295.0,-420.0,1.25,3.5,0.0
0.0,-0.007102120779061388,1.3039043829908505,1.2564102564102564,0,1.2564102564102564,0.7902656589717675,0.7902656589717675,0,-390,False,-1569.936133525619,-1.0,0.20286436854000045,-1569.936133525619,0.0,0.8493083863745216,0.8493083863745216,0.6435726011506784,-0.18719493908536297,11027.3183034315,1.0,-969.7357722606099,-0.5215053763440864,0.06778259766603278,0.0,0.0,0.0,0.0,0.023338257664752393,2025-07-26,davey grant,damon blackshear,1.0,0.2097343410282325,0.7902656589717675,275.0,-375.0,1.2564102564102564,3.5,-0.0
0.0,-0.19677723914314466,1.2560039304882211,1.21978021978022,0,1.21978021978022,0.6584979390808452,0.6584979390808452,0,-455,False,3267.5162981143476,2.5107594936708857,0.3906631410498682,3267.5162981143476,0.0,0.87072400257328,0.87072400257328,0.46643436530099286,0.6024083071948111,17670.266455500026,0.75,3375.431853954179,1.782911392405063,0.08944705302298057,0.0,0.0,0.0,0.0,-0.13767791333968837,2025-08-02,danny silva,kevin vallejos,0.0,0.3415020609191548,0.6584979390808452,320.0,-435.0,1.21978021978022,4.0,0.0
0.0,-0.0021801544645965037,1.1388818786956392,1.1111111111111112,1,1.1111111111111112,0.8980378609818631,0.8980378609818631,1,-900,False,3267.5162981143476,2.5107594936708857,0.3906631410498682,3267.5162981143476,0.0,0.87072400257328,0.87072400257328,0.46643436530099286,0.6024083071948111,17670.266455500026,0.75,3375.431853954179,1.782911392405063,0.08944705302298057,0.0,0.0,0.0,0.0,0.01998367581447813,2025-08-02,rafael estevam,felipe bunes,1.0,0.8980378609818631,0.10196213901813689,-500.0,340.0,5.5,1.1111111111111112,0.0
0.0,-0.07584344110784802,1.8564530875167284,1.7407407407407407,0,1.7407407407407407,0.5308984487252788,0.5308984487252788,0,-135,True,3267.5162981143476,2.5107594936708857,0.3906631410498682,3267.5162981143476,0.0,0.87072400257328,0.87072400257328,0.46643436530099286,0.6024083071948111,17670.266455500026,0.75,3375.431853954179,1.782911392405063,0.08944705302298057,0.0,0.0,0.0,0.0,-0.007763156420716566,2025-08-02,nick klein,andrey pulyaev,0.0,0.46910155127472114,0.5308984487252788,-113.0,-113.0,1.7407407407407407,2.0,0.0
0.0,-0.050880995996948175,1.443925098728506,1.3703703703703702,1,1.3703703703703702,0.6926003542724973,0.6926003542724973,1,-270,False,3267.5162981143476,2.5107594936708857,0.3906631410498682,3267.5162981143476,0.0,0.87072400257328,0.87072400257328,0.46643436530099286,0.6024083071948111,17670.266455500026,0.75,3375.431853954179,1.782911392405063,0.08944705302298057,0.0,0.0,0.0,0.0,4.365525772032086e-05,2025-08-02,rodolfo vieira,tresean gore,1.0,0.6926003542724973,0.30739964572750267,-215.0,165.0,2.75,1.3703703703703702,0.0
0.0,0.008146020513436825,1.418811613053278,1.3636363636363638,1,1.3636363636363638,0.7393070817098536,0.7393070817098536,1,-275,False,3267.5162981143476,2.5107594936708857,0.3906631410498682,3267.5162981143476,0.0,0.87072400257328,0.87072400257328,0.46643436530099286,0.6024083071948111,17670.266455500026,0.75,3375.431853954179,1.782911392405063,0.08944705302298057,0.0,0.0,0.0,0.0,0.03449187523716113,2025-08-02,piera rodriguez,ketlen souza,1.0,0.7393070817098536,0.2606929182901464,-200.0,154.0,2.95,1.3636363636363638,0.0
0.0,-0.14628872950395566,1.2789613382108307,1.238095238095238,1,1.238095238095238,0.6895360261698821,0.6895360261698821,1,-420,False,3267.5162981143476,2.5107594936708857,0.3906631410498682,3267.5162981143476,0.0,0.87072400257328,0.87072400257328,0.46643436530099286,0.6024083071948111,17670.266455500026,0.75,3375.431853954179,1.782911392405063,0.08944705302298057,0.0,0.0,0.0,0.0,-0.09234843751447264,2025-08-02,rinya nakamura,nathan fletcher,1.0,0.6895360261698821,0.3104639738301179,-420.0,295.0,3.75,1.238095238095238,0.0
0.30830490348200834,0.27202904375173687,2.4412494214283433,2.15,1,2.15,0.5916414156984823,0.5916414156984823,1,115,True,3267.5162981143476,2.5107594936708857,0.3906631410498682,3267.5162981143476,0.0,0.87072400257328,0.87072400257328,0.46643436530099286,0.6024083071948111,17670.266455500026,0.75,3375.431853954179,1.782911392405063,0.08944705302298057,2098.810031999163,1.15,0.1655028132424979,0.30830490348200834,0.18201510253998782,2025-08-02,neil magny,elizeu zaleski dos santos,1.0,0.5916414156984823,0.4083585843015177,165.0,-220.0,1.5714285714285714,2.15,0.1655028132424979
0.0,-0.15344633151632317,1.4189348786172924,1.3571428571428572,0,1.3571428571428572,0.6237763873037618,0.6237763873037618,0,-280,False,3267.5162981143476,2.5107594936708857,0.3906631410498682,3267.5162981143476,0.0,0.87072400257328,0.87072400257328,0.46643436530099286,0.6024083071948111,17670.266455500026,0.75,3375.431853954179,1.782911392405063,0.08944705302298057,0.0,0.0,0.0,0.0,-0.08097759053521314,2025-08-02,elves brener,esteban ribovics,0.0,0.3762236126962382,0.6237763873037618,215.0,-295.0,1.3571428571428572,2.9,0.0
0.21008518701215892,0.09326367026041382,1.7193258397994753,1.6329113924050631,1,1.6329113924050631,0.6695180616323465,0.6695180616323465,1,-158,True,3267.5162981143476,2.5107594936708857,0.3906631410498682,3267.5162981143476,0.0,0.87072400257328,0.87072400257328,0.46643436530099286,0.6024083071948111,17670.266455500026,0.75,3375.431853954179,1.782911392405063,0.08944705302298057,1276.6218219550162,0.6329113924050631,0.1829150499864734,0.21008518701215892,0.08789474343884462,2025-08-02,karol rosa,nora cornolle,1.0,0.6695180616323465,0.3304819383676535,-205.0,160.0,2.2,1.6329113924050631,0.1829150499864734
0.0,0.03644628804087349,1.31970450434142,1.2777777777777777,1,1.2777777777777777,0.8111318775972054,0.8111318775972054,1,-360,False,3267.5162981143476,2.5107594936708857,0.3906631410498682,3267.5162981143476,0.0,0.87072400257328,0.87072400257328,0.46643436530099286,0.6024083071948111,17670.266455500026,0.75,3375.431853954179,1.782911392405063,0.08944705302298057,0.0,0.0,0.0,0.0,0.05338649087592873,2025-08-02,tatsuro taira,hyunsung park,1.0,0.8111318775972054,0.1888681224027946,-375.0,265.0,3.5,1.2777777777777777,0.0
0.0,-0.05334706548671719,1.4489446172428937,1.3773584905660377,1,1.3773584905660377,0.6872959661534793,0.6872959661534793,1,-265,False,3267.5162981143476,2.5107594936708857,0.3906631410498682,3267.5162981143476,0.0,0.87072400257328,0.87072400257328,0.46643436530099286,0.6024083071948111,17670.266455500026,0.75,3375.431853954179,1.782911392405063,0.08944705302298057,0.0,0.0,0.0,0.0,-0.0028615375217388994,2025-08-02,mateusz rebecki,chris duncan,0.0,0.6872959661534793,0.3127040338465207,-240.0,180.0,2.75,1.3773584905660377,-0.0
0.0,-0.0970535813850108,1.5012954303076675,1.434782608695652,1,1.434782608695652,0.6293262917619622,0.6293262917619622,1,-230,True,3354.4919371381234,0.8333333333333335,0.3349569370023491,3354.4919371381234,0.0,0.9020496717026006,0.9020496717026006,0.5324125856346392,0.34214158095993863,23715.999356568176,1.0,2691.2409639300267,0.5,0.10904944382415589,0.0,0.0,0.0,0.0,-0.036765124898824775,2025-08-09,cody brundage,eric mcconico,0.0,0.6293262917619622,0.3706737082380378,-150.0,120.0,2.65,1.434782608695652,-0.0
0.539554917812883,0.24483169730248555,1.5859212417503386,1.5,1,1.5,0.829887798201657,0.829887798201657,1,-200,True,3354.4919371381234,0.8333333333333335,0.3349569370023491,3354.4919371381234,0.0,0.9020496717026006,0.9020496717026006,0.5324125856346392,0.34214158095993863,23715.999356568176,1.0,2691.2409639300267,0.5,0.10904944382415589,2691.2409639300267,0.5,0.3046067212067823,0.539554917812883,0.19933946220968368,2025-08-09,iasmin lucindo,angela hill,1.0,0.829887798201657,0.17011220179834297,-175.0,130.0,2.4,1.5,0.3046067212067823
0.0,-0.03400324472827067,1.1576429967868374,1.1333333333333333,1,1.1333333333333333,0.8523500781809377,0.8523500781809377,1,-750,False,3354.4919371381234,0.8333333333333335,0.3349569370023491,3354.4919371381234,0.0,0.9020496717026006,0.9020496717026006,0.5324125856346392,0.34214158095993863,23715.999356568176,1.0,2691.2409639300267,0.5,0.10904944382415589,0.0,0.0,0.0,0.0,-0.01147409107988584,2025-08-09,julius walker,rafael cerqueira,1.0,0.8523500781809377,0.14764992181906234,-649.0,400.0,5.5,1.1333333333333333,0.0
0.0,-0.07103596425359887,1.2079668446473604,1.1821493624772312,0,1.1821493624772312,0.7858262798532731,0.7858262798532731,0,-549,False,3354.4919371381234,0.8333333333333335,0.3349569370023491,3354.4919371381234,0.0,0.9020496717026006,0.9020496717026006,0.5324125856346392,0.34214158095993863,23715.999356568176,1.0,2691.2409639300267,0.5,0.10904944382415589,0.0,0.0,0.0,0.0,-0.042011010906083945,2025-08-09,eryk anders,christian leroy duncan,0.0,0.2141737201467268,0.7858262798532731,350.0,-500.0,1.1821493624772312,4.75,0.0
0.0,-0.05163272015459755,1.1950086716580501,1.1666666666666667,1,1.1666666666666667,0.8128862398674878,0.8128862398674878,1,-600,False,3354.4919371381234,0.8333333333333335,0.3349569370023491,3354.4919371381234,0.0,0.9020496717026006,0.9020496717026006,0.5324125856346392,0.34214158095993863,23715.999356568176,1.0,2691.2409639300267,0.5,0.10904944382415589,0.0,0.0,0.0,0.0,-0.023927771375225948,2025-08-09,steve erceg,ode osbourne,1.0,0.8128862398674878,0.18711376013251224,-385.0,295.0,4.8,1.1666666666666667,0.0
0.0,-0.03932025722064235,1.1445411576648927,1.1176470588235294,1,1.1176470588235294,0.8595555593288989,0.8595555593288989,1,-850,False,3354.4919371381234,0.8333333333333335,0.3349569370023491,3354.4919371381234,0.0,0.9020496717026006,0.9020496717026006,0.5324125856346392,0.34214158095993863,23715.999356568176,1.0,2691.2409639300267,0.5,0.10904944382415589,0.0,0.0,0.0,0.0,-0.014157013873984048,2025-08-09,elijah smith,toshiomi kazama,1.0,0.8595555593288989,0.14044444067110107,-500.0,350.0,5.5,1.1176470588235294,0.0
0.0,0.07239953794168491,1.2578487141668648,1.2222222222222223,1,1.2222222222222223,0.8774178037704694,0.8774178037704694,1,-450,False,3354.4919371381234,0.8333333333333335,0.3349569370023491,3354.4919371381234,0.0,0.9020496717026006,0.9020496717026006,0.5324125856346392,0.34214158095993863,23715.999356568176,1.0,2691.2409639300267,0.5,0.10904944382415589,0.0,0.0,0.0,0.0,0.08240963725789385,2025-08-09,joselyne edwards,priscila cachoeira,1.0,0.8774178037704694,0.1225821962295306,-230.0,180.0,4.0,1.2222222222222223,0.0
0.0,-0.16842454238123974,1.3250638878195993,1.2777777777777777,1,1.2777777777777777,0.6507981842233777,0.6507981842233777,1,-360,False,3354.4919371381234,0.8333333333333335,0.3349569370023491,3354.4919371381234,0.0,0.9020496717026006,0.9020496717026006,0.5324125856346392,0.34214158095993863,23715.999356568176,1.0,2691.2409639300267,0.5,0.10904944382415589,0.0,0.0,0.0,0.0,-0.10388240830677276,2025-08-09,uros medic,gilbert urbina,1.0,0.6507981842233777,0.34920181577662235,-300.0,240.0,3.4,1.2777777777777777,0.0
0.0,-0.03070382570694946,1.2497300366510444,1.21978021978022,1,1.21978021978022,0.7946482149609692,0.7946482149609692,1,-455,False,3354.4919371381234,0.8333333333333335,0.3349569370023491,3354.4919371381234,0.0,0.9020496717026006,0.9020496717026006,0.5324125856346392,0.34214158095993863,23715.999356568176,1.0,2691.2409639300267,0.5,0.10904944382415589,0.0,0.0,0.0,0.0,-0.005524598905090383,2025-08-09,gabriella fernandes,julija stoliarenko,1.0,0.7946482149609692,0.20535178503903084,-400.0,275.0,4.2,1.21978021978022,0.0
0.0,-0.030970928546827092,1.4390391158522102,1.3636363636363638,0,1.3636363636363638,0.7106213190656601,0.7106213190656601,0,-275,False,3354.4919371381234,0.8333333333333335,0.3349569370023491,3354.4919371381234,0.0,0.9020496717026006,0.9020496717026006,0.5324125856346392,0.34214158095993863,23715.999356568176,1.0,2691.2409639300267,0.5,0.10904944382415589,0.0,0.0,0.0,0.0,0.015713175858036332,2025-08-09,miles johns,jean matsumoto,0.0,0.28937868093434,0.7106213190656601,240.0,-305.0,1.3636363636363638,2.75,0.0
0.0,0.022305466538821928,1.4350855997315117,1.3773584905660377,0,1.3773584905660377,0.742221777076131,0.742221777076131,0,-265,False,3354.4919371381234,0.8333333333333335,0.3349569370023491,3354.4919371381234,0.0,0.9020496717026006,0.9020496717026006,0.5324125856346392,0.34214158095993863,23715.999356568176,1.0,2691.2409639300267,0.5,0.10904944382415589,0.0,0.0,0.0,0.0,0.045399232004890155,2025-08-09,andre fili,christian rodriguez,1.0,0.25777822292386904,0.742221777076131,163.0,-200.0,1.3773584905660377,2.88,-0.0
0.0,-0.05411893515001348,1.3372140755267155,1.2985074626865671,0,1.2985074626865671,0.7284371418959666,0.7284371418959666,0,-335,False,-1807.0732619053679,-1.0,0.08136366060536204,-1807.0732619053679,0.0,0.743131022072883,0.743131022072883,0.2505648148090313,0.0169824635309442,24118.75545074099,1.0,2209.829356078183,1.1244377811094453,0.054422324087809816,0.0,0.0,0.0,0.0,-0.01938627568667428,2025-08-16,tim elliott,kai asakura,1.0,0.27156285810403336,0.7284371418959666,225.0,-333.0,1.2985074626865671,3.45,-0.0
0.09169587262017279,0.00896894393467318,1.7970242394367029,1.6896551724137931,0,1.6896551724137931,0.597144885185827,0.597144885185827,0,-145,True,-1807.0732619053679,-1.0,0.08136366060536204,-1807.0732619053679,0.0,0.743131022072883,0.743131022072883,0.2505648148090313,0.0169824635309442,24118.75545074099,1.0,2209.829356078183,1.1244377811094453,0.054422324087809816,1114.4538754065634,0.6896551724137931,0.06813788847957508,0.09169587262017279,0.04066936412470812,2025-08-16,jessica andrade,loopy godinez,0.0,0.40285511481417297,0.597144885185827,200.0,-275.0,1.6896551724137931,2.0700000000000003,0.06813788847957508
0.0,-0.0921786988815354,1.5105772597440825,1.4444444444444444,0,1.4444444444444444,0.6284916700050909,0.6284916700050909,0,-225,True,-1807.0732619053679,-1.0,0.08136366060536204,-1807.0732619053679,0.0,0.743131022072883,0.743131022072883,0.2505648148090313,0.0169824635309442,24118.75545074099,1.0,2209.829356078183,1.1244377811094453,0.054422324087809816,0.0,0.0,0.0,0.0,-0.033506909378671956,2025-08-16,jared cannonier,michael page,0.0,0.37150832999490907,0.6284916700050909,150.0,-200.0,1.4444444444444444,2.63,0.0
0.0,-0.17251183176327328,1.4706089605574313,1.3636363636363638,0,1.3636363636363638,0.6068246567069329,0.6068246567069329,0,-275,False,-1807.0732619053679,-1.0,0.08136366060536204,-1807.0732619053679,0.0,0.743131022072883,0.743131022072883,0.2505648148090313,0.0169824635309442,24118.75545074099,1.0,2209.829356078183,1.1244377811094453,0.054422324087809816,0.0,0.0,0.0,0.0,-0.07316576006636899,2025-08-16,dricus du plessis,khamzat chimaev,0.0,0.3931753432930672,0.6068246567069329,185.0,-225.0,1.3636363636363638,2.5,0.0
0.0,-0.09124953632226557,1.5518654362587159,1.4761904761904765,0,1.4761904761904765,0.615605152813949,0.615605152813949,0,-210,True,-1807.0732619053679,-1.0,0.08136366060536204,-1807.0732619053679,0.0,0.743131022072883,0.743131022072883,0.2505648148090313,0.0169824635309442,24118.75545074099,1.0,2209.829356078183,1.1244377811094453,0.054422324087809816,0.0,0.0,0.0,0.0,-0.028780614556983775,2025-08-16,geoff neal,carlos prates,0.0,0.384394847186051,0.615605152813949,235.0,-290.0,1.4761904761904765,2.5,0.0
0.0,0.05582750465047559,1.2990395098068266,1.25,1,1.25,0.8446620037203805,0.8446620037203805,1,-400,False,-1807.0732619053679,-1.0,0.08136366060536204,-1807.0732619053679,0.0,0.743131022072883,0.743131022072883,0.2505648148090313,0.0169824635309442,24118.75545074099,1.0,2209.829356078183,1.1244377811094453,0.054422324087809816,0.0,0.0,0.0,0.0,0.074862476877117,2025-08-16,chase hooper,alexander hernandez,0.0,0.8446620037203805,0.15533799627961953,-278.0,210.0,3.5,1.25,-0.0
0.0,-0.0664363646856927,1.5077977326141472,1.4444444444444444,0,1.4444444444444444,0.6463132859868281,0.6463132859868281,0,-225,True,-1807.0732619053679,-1.0,0.08136366060536204,-1807.0732619053679,0.0,0.743131022072883,0.743131022072883,0.2505648148090313,0.0169824635309442,24118.75545074099,1.0,2209.829356078183,1.1244377811094453,0.054422324087809816,0.0,0.0,0.0,0.0,-0.016905644755459193,2025-08-16,gerald meerschaert,michal oleksiejczuk,0.0,0.35368671401317187,0.6463132859868281,163.0,-225.0,1.4444444444444444,2.65,0.0
0.14295868283538826,0.024185916584300526,1.5012954303076675,1.434782608695652,1,1.434782608695652,0.7138265479223913,0.7138265479223913,1,-230,True,-1807.0732619053679,-1.0,0.08136366060536204,-1807.0732619053679,0.0,0.743131022072883,0.743131022072883,0.2505648148090313,0.0169824635309442,24118.75545074099,1.0,2209.829356078183,1.1244377811094453,0.054422324087809816,1095.37548067162,0.4347826086956521,0.10623054789580207,0.14295868283538826,0.047735131261604336,2025-08-16,karine silva,dione barbosa,1.0,0.7138265479223913,0.2861734520776087,-163.0,120.0,2.65,1.434782608695652,0.10623054789580207
0.0190718128694365,-0.04897452431637456,1.9479719745312485,1.819672131147541,1,1.819672131147541,0.5226356217720824,0.5226356217720824,1,-122,True,-1807.0732619053679,-1.0,0.08136366060536204,-1807.0732619053679,0.0,0.743131022072883,0.743131022072883,0.2505648148090313,0.0169824635309442,24118.75545074099,1.0,2209.829356078183,1.1244377811094453,0.054422324087809816,0.0,0.0,0.0,0.0190718128694365,0.009281213662265753,2025-08-16,edson barboza,drakkar klose,0.0,0.5226356217720824,0.47736437822791755,-150.0,110.0,1.9090909090909087,1.819672131147541,-0.0
0.0,-0.04841554209956622,1.63217446856347,1.5649717514124295,1,1.5649717514124295,0.608052162629519,0.608052162629519,1,-177,True,-3089.0808813062545,-1.0,0.38551086282566827,-3089.0808813062545,0.0,0.839791175339638,0.839791175339638,0.5303723159174745,-0.19861313854541826,19328.45373285991,1.0,-1701.220836574828,-0.37106918238993725,0.11135225401573541,0.0,0.0,0.0,0.0,-0.00462743704595725,2025-08-23,sumudaerji,kevin borjas,1.0,0.608052162629519,0.391947837370481,-166.0,130.0,2.38,1.5649717514124295,0.0
0.0,-0.04445515565815861,1.4115799966548894,1.359712230215827,1,1.359712230215827,0.702755202981566,0.702755202981566,1,-278,False,-3089.0808813062545,-1.0,0.38551086282566827,-3089.0808813062545,0.0,0.839791175339638,0.839791175339638,0.5303723159174745,-0.19861313854541826,19328.45373285991,1.0,-1701.220836574828,-0.37106918238993725,0.11135225401573541,0.0,0.0,0.0,0.0,-0.00567081776806444,2025-08-23,sergei pavlovich,waldo cortes acosta,1.0,0.702755202981566,0.297244797018434,-265.0,200.0,3.0,1.359712230215827,0.0
0.3265205628807049,0.22981091343831606,1.956166183256912,1.8333333333333333,0,1.8333333333333333,0.670805952784536,0.670805952784536,0,-120,True,-3089.0808813062545,-1.0,0.38551086282566827,-3089.0808813062545,0.0,0.839791175339638,0.839791175339638,0.5303723159174745,-0.19861313854541826,19328.45373285991,1.0,-1701.220836574828,-0.37106918238993725,0.11135225401573541,-4790.648816333757,-1.0,0.19862752977109258,0.3265205628807049,0.15960194130579064,2025-08-23,uran satybaldiev,diyar nurgozhay,1.0,0.329194047215464,0.670805952784536,-205.0,170.0,1.8333333333333333,1.9090909090909087,-0.19862752977109258
0.0,-0.05501283586386507,1.4115799966548894,1.359712230215827,1,1.359712230215827,0.6949905598673163,0.6949905598673163,1,-278,False,-3089.0808813062545,-1.0,0.38551086282566827,-3089.0808813062545,0.0,0.839791175339638,0.839791175339638,0.5303723159174745,-0.19861313854541826,19328.45373285991,1.0,-1701.220836574828,-0.37106918238993725,0.11135225401573541,0.0,0.0,0.0,0.0,-0.013435460882314176,2025-08-23,michel pereira,kyle daukaus,0.0,0.6949905598673163,0.3050094401326837,-295.0,220.0,3.0,1.359712230215827,-0.0
0.0,-0.06299153459798806,1.2899308900555997,1.25,0,1.25,0.7496067723216095,0.7496067723216095,0,-400,False,-3089.0808813062545,-1.0,0.38551086282566827,-3089.0808813062545,0.0,0.839791175339638,0.839791175339638,0.5303723159174745,-0.19861313854541826,19328.45373285991,1.0,-1701.220836574828,-0.37106918238993725,0.11135225401573541,0.0,0.0,0.0,0.0,-0.025628558275750724,2025-08-23,johnny walker,zhang mingyang,1.0,0.2503932276783904,0.7496067723216095,280.0,-390.0,1.25,3.7,-0.0
0.0,-0.05234198757134856,1.1026038181883908,1.0833333333333333,1,1.0833333333333333,0.8747612422418322,0.8747612422418322,1,-1200,False,-3089.0808813062545,-1.0,0.38551086282566827,-3089.0808813062545,0.0,0.839791175339638,0.839791175339638,0.5303723159174745,-0.19861313854541826,19328.45373285991,1.0,-1701.220836574828,-0.37106918238993725,0.11135225401573541,0.0,0.0,0.0,0.0,-0.03218283277781375,2025-08-23,yizha,westin wilson,1.0,0.8747612422418322,0.12523875775816784,-1400.0,680.0,7.0,1.0833333333333333,0.0
0.0,0.04125148899904346,1.3698538208034297,1.3125,1,1.3125,0.793334467808795,0.793334467808795,1,-320,False,-3089.0808813062545,-1.0,0.38551086282566827,-3089.0808813062545,0.0,0.839791175339638,0.839791175339638,0.5303723159174745,-0.19861313854541826,19328.45373285991,1.0,-1701.220836574828,-0.37106918238993725,0.11135225401573541,0.0,0.0,0.0,0.0,0.06332956888206687,2025-08-23,rongzhu,austin hubbard,1.0,0.793334467808795,0.20666553219120498,-350.0,255.0,3.1,1.3125,0.0
0.0,-0.051786180849144936,1.414293077175543,1.3636363636363638,0,1.3636363636363638,0.695356800710627,0.695356800710627,0,-275,False,-3089.0808813062545,-1.0,0.38551086282566827,-3089.0808813062545,0.0,0.839791175339638,0.839791175339638,0.5303723159174745,-0.19861313854541826,19328.45373285991,1.0,-1701.220836574828,-0.37106918238993725,0.11135225401573541,0.0,0.0,0.0,0.0,-0.011710225309948807,2025-08-23,charles johnson,loneer kavanagh,1.0,0.30464319928937295,0.695356800710627,186.0,-245.0,1.3636363636363638,3.0,-0.0
0.2648973900014612,0.1266047875213963,1.7226618111835676,1.6289308176100628,0,1.6289308176100628,0.6916222440768418,0.6916222440768418,0,-159,True,-3089.0808813062545,-1.0,0.38551086282566827,-3089.0808813062545,0.0,0.839791175339638,0.839791175339638,0.5303723159174745,-0.19861313854541826,19328.45373285991,1.0,-1701.220836574828,-0.37106918238993725,0.11135225401573541,3089.4279797589293,0.6289308176100628,0.20366683089635884,0.2648973900014612,0.11112525185934874,2025-08-23,maheshate,gauge young,0.0,0.30837775592315814,0.6916222440768418,-102.0,-125.0,1.6289308176100628,2.18,0.20366683089635884
0.1724779901299649,0.05632913065795725,1.5775680203566915,1.5154639175257731,1,1.5154639175257731,0.6970335079851827,0.6970335079851827,1,-194,True,-1357.5430721824678,-1.0,0.1570938365064991,-1357.5430721824678,0.0,0.7214841558152801,0.7214841558152801,0.33578486211891395,-0.14721183473008903,16483.076596349965,1.0,-1487.8340643274776,-0.48453608247422686,0.0641966511235786,1239.7364065136828,0.5154639175257731,0.12443254188242192,0.1724779901299649,0.06314641906340179,2025-09-06,sam patterson,trey waters,1.0,0.6970335079851827,0.3029664920148173,-210.0,170.0,2.5,1.5154639175257731,0.12443254188242192
0.0,-0.04875660142491017,1.1813220564655833,1.1538461538461535,1,1.1538461538461535,0.8244109454317448,0.8244109454317448,1,-650,False,-1357.5430721824678,-1.0,0.1570938365064991,-1357.5430721824678,0.0,0.7214841558152801,0.7214841558152801,0.33578486211891395,-0.14721183473008903,16483.076596349965,1.0,-1487.8340643274776,-0.48453608247422686,0.0641966511235786,0.0,0.0,0.0,0.0,-0.022098263912840088,2025-09-06,oumar sy,brendson ribeiro,1.0,0.8244109454317448,0.17558905456825524,-400.0,275.0,5.0,1.1538461538461535,0.0
0.0,-0.1051760613637446,1.3969772214402398,1.3389830508474576,0,1.3389830508474576,0.6682862326523933,0.6682862326523933,0,-295,False,-1357.5430721824678,-1.0,0.1570938365064991,-1357.5430721824678,0.0,0.7214841558152801,0.7214841558152801,0.33578486211891395,-0.14721183473008903,16483.076596349965,1.0,-1487.8340643274776,-0.48453608247422686,0.0641966511235786,0.0,0.0,0.0,0.0,-0.04754505267739273,2025-09-06,shauna bannon,sam hughes,0.0,0.3317137673476067,0.6682862326523933,175.0,-250.0,1.3389830508474576,3.0,0.0
0.19560438112221382,0.09539139168279714,1.830091266378482,1.7246376811594204,1,1.7246376811594204,0.6351429077824622,0.6351429077824622,1,-138,True,-1357.5430721824678,-1.0,0.1570938365064991,-1357.5430721824678,0.0,0.7214841558152801,0.7214841558152801,0.33578486211891395,-0.14721183473008903,16483.076596349965,1.0,-1487.8340643274776,-0.48453608247422686,0.0641966511235786,-2727.5704708411604,-1.0,0.14111684817311967,0.19560438112221382,0.08872207163538148,2025-09-06,andreas gustafsson,rinat fakhretdinov,0.0,0.6351429077824622,0.3648570922175378,110.0,-135.0,2.04,1.7246376811594204,-0.14111684817311967
0.0,0.02003428781265404,1.304111359206534,1.263157894736842,1,1.263157894736842,0.8075271445183512,0.8075271445183512,1,-380,False,-1357.5430721824678,-1.0,0.1570938365064991,-1357.5430721824678,0.0,0.7214841558152801,0.7214841558152801,0.33578486211891395,-0.14721183473008903,16483.076596349965,1.0,-1487.8340643274776,-0.48453608247422686,0.0641966511235786,0.0,0.0,0.0,0.0,0.040721462671952535,2025-09-06,modestas bukauskas,paul craig,1.0,0.8075271445183512,0.19247285548164883,-275.0,200.0,3.6,1.263157894736842,0.0
0.0,-0.09972938269625164,1.7451892711500487,1.625,0,1.625,0.5540126875715374,0.5540126875715374,0,-160,True,-1357.5430721824678,-1.0,0.1570938365064991,-1357.5430721824678,0.0,0.7214841558152801,0.7214841558152801,0.33578486211891395,-0.14721183473008903,16483.076596349965,1.0,-1487.8340643274776,-0.48453608247422686,0.0641966511235786,0.0,0.0,0.0,0.0,-0.018991064245603706,2025-09-06,bolaji oki,mason jones,0.0,0.4459873124284626,0.5540126875715374,163.0,-225.0,1.625,2.1,0.0
0.0,-0.09715747005633174,1.8367709962548757,1.7092198581560285,0,1.7092198581560285,0.5282190735355071,0.5282190735355071,0,-141,True,-1357.5430721824678,-1.0,0.1570938365064991,-1357.5430721824678,0.0,0.7214841558152801,0.7214841558152801,0.33578486211891395,-0.14721183473008903,16483.076596349965,1.0,-1487.8340643274776,-0.48453608247422686,0.0641966511235786,0.0,0.0,0.0,0.0,-0.016214610379892136,2025-09-06,nassourdine imavov,caio borralho,1.0,0.4717809264644929,0.5282190735355071,-150.0,110.0,1.7092198581560285,2.0,-0.0
0.0,-0.22321500392098487,1.6154697446230701,1.5128205128205128,0,1.5128205128205128,0.5134680482556202,0.5134680482556202,0,-195,True,-1357.5430721824678,-1.0,0.1570938365064991,-1357.5430721824678,0.0,0.7214841558152801,0.7214841558152801,0.33578486211891395,-0.14721183473008903,16483.076596349965,1.0,-1487.8340643274776,-0.48453608247422686,0.0641966511235786,0.0,0.0,0.0,0.0,-0.10554694928822128,2025-09-06,benoit st denis,mauricio ruffy,1.0,0.48653195174437974,0.5134680482556202,175.0,-225.0,1.5128205128205128,2.3,-0.0
0.048833270588280506,-0.021861273507131684,1.463699921554961,1.4,0,1.4,0.6986705189234774,0.6986705189234774,0,-250,True,-1758.070861592276,-1.0,0.6076256317352415,-1758.070861592276,0.0,0.9091720620850393,0.9091720620850393,0.6861229801397941,0.04493346510578101,17223.718343427972,0.75,2498.712608670283,1.2774576271186442,0.1370260609407158,0.0,0.0,0.0,0.048833270588280506,0.015470372996264192,2025-09-13,diego lopes,jean silva,1.0,0.3013294810765226,0.6986705189234774,150.0,-200.0,1.4,2.76,-0.0
0.26794752089805113,0.1682909468842375,2.0087593848235055,1.847457627118644,1,1.847457627118644,0.6323776684969726,0.6323776684969726,1,-118,True,-1758.070861592276,-1.0,0.6076256317352415,-1758.070861592276,0.0,0.9091720620850393,0.9091720620850393,0.6861229801397941,0.04493346510578101,17223.718343427972,0.75,2498.712608670283,1.2774576271186442,0.1370260609407158,2623.8478713846275,0.847457627118644,0.1878375356770152,0.26794752089805113,0.1345579656718568,2025-09-13,alexander hernandez,diego ferreira,1.0,0.6323776684969726,0.36762233150302737,-150.0,120.0,1.8333333333333333,1.847457627118644,0.1878375356770152
0.0519733595973349,-0.030663099171800767,1.8777275847555406,1.7407407407407407,1,1.7407407407407407,0.5568531132417315,0.5568531132417315,1,-135,True,-1758.070861592276,-1.0,0.6076256317352415,-1758.070861592276,0.0,0.9091720620850393,0.9091720620850393,0.6861229801397941,0.04493346510578101,17223.718343427972,0.75,2498.712608670283,1.2774576271186442,0.1370260609407158,0.0,0.0,0.0,0.0519733595973349,0.024294499245447798,2025-09-13,rob font,david martinez,0.0,0.5568531132417315,0.4431468867582685,-225.0,175.0,1.9523809523809523,1.7407407407407407,-0.0
0.25676039138202855,0.29938946965577673,2.673833615163067,2.43,1,2.43,0.5347281768130768,0.5347281768130768,1,143,True,-1758.070861592276,-1.0,0.6076256317352415,-1758.070861592276,0.0,0.9091720620850393,0.9091720620850393,0.6861229801397941,0.04493346510578101,17223.718343427972,0.75,2498.712608670283,1.2774576271186442,0.1370260609407158,3725.103524187696,1.4300000000000002,0.15803891246909588,0.25676039138202855,0.1607333274966904,2025-09-13,rafa garcia,jared gordon,1.0,0.5347281768130768,0.4652718231869232,150.0,-200.0,1.526315789473684,2.43,0.15803891246909588
0.0,-0.12479446392164567,1.476268409759554,1.4166666666666667,1,1.4166666666666667,0.6177921431141324,0.6177921431141324,1,-240,True,-1758.070861592276,-1.0,0.6076256317352415,-1758.070861592276,0.0,0.9091720620850393,0.9091720620850393,0.6861229801397941,0.04493346510578101,17223.718343427972,0.75,2498.712608670283,1.2774576271186442,0.1370260609407158,0.0,0.0,0.0,0.0,-0.0595914501328938,2025-09-13,kelvin gastelum,dustin stoltzfus,1.0,0.6177921431141324,0.38220785688586756,-225.0,175.0,2.75,1.4166666666666667,0.0
0.02968310227281077,-0.026996496483018717,1.5675912773046496,1.5,0,1.5,0.6486690023446542,0.6486690023446542,0,-200,True,-1758.070861592276,-1.0,0.6076256317352415,-1758.070861592276,0.0,0.9091720620850393,0.9091720620850393,0.6861229801397941,0.04493346510578101,17223.718343427972,0.75,2498.712608670283,1.2774576271186442,0.1370260609407158,0.0,0.0,0.0,0.02968310227281077,0.010747616535834448,2025-09-13,jesus aguilar,luis gurule,1.0,0.35133099765534576,0.6486690023446542,163.0,-225.0,1.5,2.5,-0.0
0.0,0.056317479215116734,1.2411589160014913,1.2083333333333333,1,1.2083333333333333,0.8741937759021656,0.8741937759021656,1,-480,False,-1758.070861592276,-1.0,0.6076256317352415,-1758.070861592276,0.0,0.9091720620850393,0.9091720620850393,0.6861229801397941,0.04493346510578101,17223.718343427972,0.75,2498.712608670283,1.2774576271186442,0.1370260609407158,0.0,0.0,0.0,0.0,0.06849517670779903,2025-09-13,tatiana suarez,amanda lemos,1.0,0.8741937759021656,0.12580622409783437,-275.0,200.0,4.2,1.2083333333333333,0.0
0.0,-0.0841814829328085,1.2668045221265223,1.2222222222222223,0,1.2222222222222223,0.7493060594186112,0.7493060594186112,0,-450,False,-1758.070861592276,-1.0,0.6076256317352415,-1758.070861592276,0.0,0.9091720620850393,0.9091720620850393,0.6861229801397941,0.04493346510578101,17223.718343427972,0.75,2498.712608670283,1.2774576271186442,0.1370260609407158,0.0,0.0,0.0,0.0,-0.04008171314897435,2025-09-13,jose daniel medina,dusko todorovic,0.0,0.2506939405813888,0.7493060594186112,200.0,-275.0,1.2222222222222223,3.75,0.0
0.3984315711739427,0.23721614594977447,1.8608402458020459,1.7142857142857144,1,1.7142857142857144,0.7217094184707017,0.7217094184707017,1,-140,True,-1758.070861592276,-1.0,0.6076256317352415,-1758.070861592276,0.0,0.9091720620850393,0.9091720620850393,0.6861229801397941,0.04493346510578101,17223.718343427972,0.75,2498.712608670283,1.2774576271186442,0.1370260609407158,-3850.2387869020404,-1.0,0.23358738669907306,0.3984315711739427,0.18431777388651693,2025-09-13,claudio puelles,joaquim silva,0.0,0.7217094184707017,0.2782905815292983,-110.0,-120.0,1.9523809523809523,1.7142857142857144,-0.23358738669907306
0.0,0.04872878822105364,1.4282748279266073,1.3773584905660377,1,1.3773584905660377,0.7614058325440527,0.7614058325440527,1,-265,False,1165.3510578262144,0.9488765364440617,0.0977064476539864,1165.3510578262144,0.0,0.6925213134628391,0.6925213134628391,0.3667783533771491,0.10132953145675935,18968.98965311072,0.75,579.9202518565335,-0.013633669235328938,0.05803877141664368,0.0,0.0,0.0,0.0,0.06126046804744789,2025-09-27,carlos ulberg,dominick reyes,1.0,0.7614058325440527,0.2385941674559473,-175.0,145.0,2.95,1.3773584905660377,0.0
0.1919716400263961,0.046701930931077995,1.4750976348768552,1.4149377593360997,1,1.4149377593360997,0.7397512180480639,0.7397512180480639,1,-241,True,1165.3510578262144,0.9488765364440617,0.0977064476539864,1165.3510578262144,0.0,0.6925213134628391,0.6925213134628391,0.3667783533771491,0.10132953145675935,18968.98965311072,0.75,579.9202518565335,-0.013633669235328938,0.05803877141664368,950.0655782354411,0.41493775933609967,0.13293633801327653,0.1919716400263961,0.061829990085765285,2025-09-27,jimmy crute,ivan erslan,1.0,0.7397512180480639,0.2602487819519361,-235.0,195.0,2.75,1.4149377593360997,0.13293633801327653
0.0,-0.03458632247527127,1.3594891002881326,1.2985074626865671,1,1.2985074626865671,0.7434794987834118,0.7434794987834118,1,-335,False,1165.3510578262144,0.9488765364440617,0.0977064476539864,1165.3510578262144,0.0,0.6925213134628391,0.6925213134628391,0.3667783533771491,0.10132953145675935,18968.98965311072,0.75,579.9202518565335,-0.013633669235328938,0.05803877141664368,0.0,0.0,0.0,0.0,0.007909055601441395,2025-09-27,jack jenkins,ramon taveras,1.0,0.7434794987834118,0.2565205012165882,-300.0,240.0,3.1,1.2985074626865671,0.0
0.12961676335442748,0.01795528924549572,1.679715642223781,1.5714285714285714,1,1.5714285714285714,0.6477897295198609,0.6477897295198609,1,-175,True,1165.3510578262144,0.9488765364440617,0.0977064476539864,1165.3510578262144,0.0,0.6925213134628391,0.6925213134628391,0.3667783533771491,0.10132953145675935,18968.98965311072,0.75,579.9202518565335,-0.013633669235328938,0.05803877141664368,883.3985351831562,0.5714285714285714,0.08975689254465824,0.12961676335442748,0.052450866879934055,2025-09-27,tom nolan,charlie campbell,1.0,0.6477897295198609,0.3522102704801391,-160.0,135.0,2.2,1.5714285714285714,0.08975689254465824
0.0,-0.0015824688643021056,1.3115663221882985,1.2666666666666666,1,1.2666666666666666,0.7882243666860773,0.7882243666860773,1,-375,False,1165.3510578262144,0.9488765364440617,0.0977064476539864,1165.3510578262144,0.0,0.6925213134628391,0.6925213134628391,0.3667783533771491,0.10132953145675935,18968.98965311072,0.75,579.9202518565335,-0.013633669235328938,0.05803877141664368,0.0,0.0,0.0,0.0,0.025777220032038417,2025-09-27,jake matthews,neil magny,0.0,0.7882243666860773,0.21177563331392268,-480.0,360.0,3.5,1.2666666666666666,-0.0
0.0,-0.24071773777277178,1.4489446172428937,1.3773584905660377,0,1.3773584905660377,0.5512597246307274,0.5512597246307274,0,-265,False,1165.3510578262144,0.9488765364440617,0.0977064476539864,1165.3510578262144,0.0,0.6925213134628391,0.6925213134628391,0.3667783533771491,0.10132953145675935,18968.98965311072,0.75,579.9202518565335,-0.013633669235328938,0.05803877141664368,0.0,0.0,0.0,0.0,-0.13889777904449085,2025-09-27,loma lookboonmee,alexia thainara,0.0,0.4487402753692726,0.5512597246307274,170.0,-205.0,1.3773584905660377,2.75,0.0
0.0,-0.0016406841333913014,1.3698538208034297,1.3125,1,1.3125,0.7606547168507495,0.7606547168507495,1,-320,False,1165.3510578262144,0.9488765364440617,0.0977064476539864,1165.3510578262144,0.0,0.6925213134628391,0.6925213134628391,0.3667783533771491,0.10132953145675935,18968.98965311072,0.75,579.9202518565335,-0.013633669235328938,0.05803877141664368,0.0,0.0,0.0,0.0,0.030649817924021328,2025-09-27,navajo stirling,rodolfo bellato,1.0,0.7606547168507495,0.23934528314925052,-210.0,175.0,3.1,1.3125,0.0
0.10510079076098856,0.035904311014864465,2.1676062759017927,2.0,0,2.0,0.5179521555074322,0.5179521555074322,0,100,True,1165.3510578262144,0.9488765364440617,0.0977064476539864,1165.3510578262144,0.0,0.6925213134628391,0.6925213134628391,0.3667783533771491,0.10132953145675935,18968.98965311072,0.75,579.9202518565335,-0.013633669235328938,0.05803877141664368,-1253.5438615620637,-1.0,0.07278009524815393,0.10510079076098856,0.05661376065342749,2025-09-27,jamie mullarkey,rolando bedoya,1.0,0.4820478444925677,0.5179521555074322,-105.0,-115.0,2.0,1.7407407407407407,-0.07278009524815393
0.0,-0.03485808037961394,1.2010433168936516,1.1666666666666667,0,1.1666666666666667,0.8272645025317594,0.8272645025317594,0,-600,False,2933.7959977554997,1.4554140127388533,0.18889143384534535,2933.7959977554997,0.0,0.8188417106399,0.8188417106399,0.552958057965359,0.27429835296961935,24172.15227245674,1.0,2269.3666215905223,0.13694267515923553,0.07512370031397056,0.0,0.0,0.0,0.0,-0.005344934558632053,2025-10-04,chris gutierrez,farid basharat,0.0,0.17273549746824055,0.8272645025317594,225.0,-333.0,1.1666666666666667,4.5,0.0
0.0,-0.016939678471374037,1.2966756149614482,1.2469135802469136,1,1.2469135802469136,0.7883949113249377,0.7883949113249377,1,-405,False,2933.7959977554997,1.4554140127388533,0.18889143384534535,2933.7959977554997,0.0,0.8188417106399,0.8188417106399,0.552958057965359,0.27429835296961935,24172.15227245674,1.0,2269.3666215905223,0.13694267515923553,0.07512370031397056,0.0,0.0,0.0,0.0,0.017192007173978285,2025-10-04,punahele soriano,nikolay veretennikov,1.0,0.7883949113249377,0.21160508867506234,-220.0,185.0,3.5,1.2469135802469136,0.0
0.0,0.0639350101944117,1.2333987549834118,1.2,0,1.2,0.8866125084953431,0.8866125084953431,0,-500,False,2933.7959977554997,1.4554140127388533,0.18889143384534535,2933.7959977554997,0.0,0.8188417106399,0.8188417106399,0.552958057965359,0.27429835296961935,24172.15227245674,1.0,2269.3666215905223,0.13694267515923553,0.07512370031397056,0.0,0.0,0.0,0.0,0.07584470452309966,2025-10-04,josh emmett,youssef zalal,0.0,0.11338749150465688,0.8866125084953431,240.0,-350.0,1.2,4.25,0.0
0.10610240960307368,0.004589345506961051,1.5291991472058835,1.4545454545454546,1,1.4545454545454546,0.6906551750360357,0.6906551750360357,1,-220,True,2933.7959977554997,1.4554140127388533,0.18889143384534535,2933.7959977554997,0.0,0.8188417106399,0.8188417106399,0.552958057965359,0.27429835296961935,24172.15227245674,1.0,2269.3666215905223,0.13694267515923553,0.07512370031397056,-1647.9456919183242,-1.0,0.08687577578218976,0.10610240960307368,0.0367181114252062,2025-10-04,macy chiasson,yana santos,0.0,0.6906551750360357,0.3093448249639643,-225.0,163.0,2.55,1.4545454545454546,-0.08687577578218976
0.25706614662104693,0.11456035402063192,1.7529750510993205,1.6369426751592355,1,1.6369426751592355,0.6808792824172732,0.6808792824172732,1,-157,True,2933.7959977554997,1.4554140127388533,0.18889143384534535,2933.7959977554997,0.0,0.8188417106399,0.8188417106399,0.552958057965359,0.27429835296961935,24172.15227245674,1.0,2269.3666215905223,0.13694267515923553,0.07512370031397056,2347.1992937807368,0.6369426751592355,0.19426985615079603,0.25706614662104693,0.1104205075631286,2025-10-04,daniel santos,joosang yoo,1.0,0.6808792824172732,0.31912071758272675,102.0,-130.0,2.1,1.6369426751592355,0.19426985615079603
0.0,0.06479296956114355,1.2472269381562773,1.2083333333333333,1,1.2083333333333333,0.8812079748092223,0.8812079748092223,1,-480,False,2933.7959977554997,1.4554140127388533,0.18889143384534535,2933.7959977554997,0.0,0.8188417106399,0.8188417106399,0.552958057965359,0.27429835296961935,24172.15227245674,1.0,2269.3666215905223,0.13694267515923553,0.07512370031397056,0.0,0.0,0.0,0.0,0.07942926926084981,2025-10-04,merab dvalishvili,cory sandhagen,1.0,0.8812079748092223,0.1187920251907777,-385.0,285.0,4.0,1.2083333333333333,0.0
0.20218236020676764,0.06669094190958236,1.5675912773046496,1.5,1,1.5,0.7111272946063882,0.7111272946063882,1,-200,True,2933.7959977554997,1.4554140127388533,0.18889143384534535,2933.7959977554997,0.0,0.8188417106399,0.8188417106399,0.552958057965359,0.27429835296961935,24172.15227245674,1.0,2269.3666215905223,0.13694267515923553,0.07512370031397056,1570.1130197281095,0.5,0.16554524499628553,0.20218236020676764,0.0732059087975685,2025-10-04,jiri prochazka,khalil rountree jr,1.0,0.7111272946063882,0.28887270539361176,-215.0,165.0,2.5,1.5,0.16554524499628553
0.0,-0.005796688243524167,1.3413322226173183,1.3003003003003002,1,1.3003003003003002,0.7645951566164122,0.7645951566164122,1,-333,False,2933.7959977554997,1.4554140127388533,0.18889143384534535,2933.7959977554997,0.0,0.8188417106399,0.8188417106399,0.552958057965359,0.27429835296961935,24172.15227245674,1.0,2269.3666215905223,0.13694267515923553,0.07512370031397056,0.0,0.0,0.0,0.0,0.019067700302332624,2025-10-04,edmen shahbazyan,andre muniz,1.0,0.7645951566164122,0.2354048433835878,-250.0,175.0,3.4,1.3003003003003002,0.0
0.0,-0.023062712399565033,1.4706089605574313,1.3636363636363638,1,1.3636363636363638,0.7164206775736522,0.7164206775736522,1,-275,False,2933.7959977554997,1.4554140127388533,0.18889143384534535,2933.7959977554997,0.0,0.8188417106399,0.8188417106399,0.552958057965359,0.27429835296961935,24172.15227245674,1.0,2269.3666215905223,0.13694267515923553,0.07512370031397056,0.0,0.0,0.0,0.0,0.03643026080035039,2025-10-04,magomed ankalaev,alex pereira,0.0,0.7164206775736522,0.28357932242634776,-180.0,150.0,2.5,1.3636363636363638,-0.0
0.0,-0.04101099969954583,1.2991303093488662,1.2564102564102564,1,1.2564102564102564,0.7632769594228105,0.7632769594228105,1,-390,False,2541.9048101164403,0.53125,0.12640600426995374,2541.9048101164403,0.0,0.8319606129232986,0.8319606129232986,0.19794521983734795,0.1051583980385911,26714.05708257318,1.0,0.0,0.0,0.06655545662687494,0.0,0.0,0.0,0.0,-0.006468764161459917,2025-10-11,luan lacerda,saimon oliveira,1.0,0.7632769594228105,0.23672304057718951,-200.0,150.0,3.6,1.2564102564102564,0.0
0.01362514294364038,-0.08047608698705794,2.0215360290918336,1.8333333333333333,0,1.8333333333333333,0.5015584980070593,0.5015584980070593,0,-120,True,2541.9048101164403,0.53125,0.12640600426995374,2541.9048101164403,0.0,0.8319606129232986,0.8319606129232986,0.19794521983734795,0.1051583980385911,26714.05708257318,1.0,0.0,0.0,0.06655545662687494,0.0,0.0,0.0,0.01362514294364038,0.00688514783716615,2025-10-11,charles oliveira,mateusz gamrot,1.0,0.49844150199294074,0.5015584980070593,-125.0,-102.0,1.8333333333333333,1.8,-0.0
0.0,0.09573368926862391,1.373655113485077,1.3125,0,1.3125,0.8348447156332373,0.8348447156332373,0,-320,False,2541.9048101164403,0.53125,0.12640600426995374,2541.9048101164403,0.0,0.8319606129232986,0.8319606129232986,0.19794521983734795,0.1051583980385911,26714.05708257318,1.0,0.0,0.0,0.06655545662687494,0.0,0.0,0.0,0.0,0.1068599469798327,2025-10-11,lucas almeida,michael aswell jr,0.0,0.16515528436676277,0.8348447156332373,115.0,-140.0,1.3125,3.05,0.0
0.0,-0.07334918203568973,1.1813220564655833,1.1538461538461535,0,1.1538461538461535,0.8030973755690691,0.8030973755690691,0,-650,False,2541.9048101164403,0.53125,0.12640600426995374,2541.9048101164403,0.0,0.8319606129232986,0.8319606129232986,0.19794521983734795,0.1051583980385911,26714.05708257318,1.0,0.0,0.0,0.06655545662687494,0.0,0.0,0.0,0.0,-0.04341183377551572,2025-10-11,vicente luque,joel alvarez,0.0,0.19690262443093084,0.8030973755690691,330.0,-400.0,1.1538461538461535,5.0,0.0
0.0,0.02697468215646301,1.3254185581560385,1.2857142857142856,0,1.2857142857142856,0.7987580861216935,0.7987580861216935,0,-350,False,2541.9048101164403,0.53125,0.12640600426995374,2541.9048101164403,0.0,0.8319606129232986,0.8319606129232986,0.19794521983734795,0.1051583980385911,26714.05708257318,1.0,0.0,0.0,0.06655545662687494,0.0,0.0,0.0,0.0,0.04427943947347579,2025-10-11,deiveson figueiredo,montel jackson,1.0,0.2012419138783065,0.7987580861216935,190.0,-225.0,1.2857142857142856,3.5,-0.0
0.08491909944828378,-0.013776573236414735,1.914265154226893,1.7518796992481205,1,1.7518796992481205,0.5629515697835057,0.5629515697835057,1,-133,True,2541.9048101164403,0.53125,0.12640600426995374,2541.9048101164403,0.0,0.8319606129232986,0.8319606129232986,0.19794521983734795,0.1051583980385911,26714.05708257318,1.0,0.0,0.0,0.06655545662687494,0.0,0.0,0.0,0.08491909944828378,0.04055789940200294,2025-10-11,jafel filho,clayton carpenter,1.0,0.5629515697835057,0.4370484302164943,-150.0,130.0,1.8928571428571428,1.7518796992481205,0.0
0.10471266542640238,-0.006146943478756217,1.9589230829231123,1.7692307692307692,0,1.7692307692307692,0.56174303194679,0.56174303194679,0,-130,True,2541.9048101164403,0.53125,0.12640600426995374,2541.9048101164403,0.0,0.8319606129232986,0.8319606129232986,0.19794521983734795,0.1051583980385911,26714.05708257318,1.0,0.0,0.0,0.06655545662687494,0.0,0.0,0.0,0.10471266542640238,0.051258465851526935,2025-10-11,lucas rocha,stewart nicoll,1.0,0.43825696805320996,0.56174303194679,170.0,-200.0,1.7692307692307692,1.8333333333333333,-0.0
0.0,0.027992490603992504,1.2010433168936516,1.1666666666666667,1,1.1666666666666667,0.8811364205177078,0.8811364205177078,1,-600,False,2541.9048101164403,0.53125,0.12640600426995374,2541.9048101164403,0.0,0.8319606129232986,0.8319606129232986,0.19794521983734795,0.1051583980385911,26714.05708257318,1.0,0.0,0.0,0.06655545662687494,0.0,0.0,0.0,0.0,0.04852698342731632,2025-10-11,julia polastri,karolina kowalkiewicz,1.0,0.8811364205177078,0.1188635794822922,-400.0,330.0,4.5,1.1666666666666667,0.0
0.01855877309226865,-0.04742579453564488,1.8564530875167284,1.7407407407407407,1,1.7407407407407407,0.5472234797348423,0.5472234797348423,1,-135,True,2541.9048101164403,0.53125,0.12640600426995374,2541.9048101164403,0.0,0.8319606129232986,0.8319606129232986,0.19794521983734795,0.1051583980385911,26714.05708257318,1.0,0.0,0.0,0.06655545662687494,0.0,0.0,0.0,0.01855877309226865,0.00856187458884694,2025-10-11,jhonata diniz,mario pinto,0.0,0.5472234797348423,0.4527765202651577,-170.0,145.0,2.0,1.7407407407407407,-0.0
0.0,-0.05819984081638835,1.4797987565403274,1.4,1,1.4,0.6727143994168655,0.6727143994168655,1,-250,True,2541.9048101164403,0.53125,0.12640600426995374,2541.9048101164403,0.0,0.8319606129232986,0.8319606129232986,0.19794521983734795,0.1051583980385911,26714.05708257318,1.0,0.0,0.0,0.06655545662687494,0.0,0.0,0.0,0.0,-0.003053163963127159,2025-10-11,ricardo ramos,kaan ofli,0.0,0.6727143994168655,0.3272856005831345,-155.0,135.0,2.63,1.4,-0.0
0.0,-0.04431053385456632,1.3413322226173183,1.3003003003003002,1,1.3003003003003002,0.7349759635714306,0.7349759635714306,1,-333,False,2541.9048101164403,0.53125,0.12640600426995374,2541.9048101164403,0.0,0.8319606129232986,0.8319606129232986,0.19794521983734795,0.1051583980385911,26714.05708257318,1.0,0.0,0.0,0.06655545662687494,0.0,0.0,0.0,0.0,-0.010551492742648994,2025-10-11,vitor petrino,thomas petersen,1.0,0.7349759635714306,0.2650240364285694,-225.0,190.0,3.4,1.3003003003003002,0.0
0.1322330228807111,0.013009934657674083,1.4888780405725184,1.4166666666666667,1,1.4166666666666667,0.7150658362289464,0.7150658362289464,1,-240,True,-1863.9044193682416,-1.0,0.1243151887165157,-1863.9044193682416,0.0,0.7237666810660601,0.7237666810660601,0.5125265784999026,-0.28357387378727245,19138.648431093585,1.0,-5711.504232111356,-2.473684210526316,0.058629766181761966,-2556.535654853045,-1.0,0.09570001467582369,0.1322330228807111,0.04341915144375741,2025-10-18,reinier de ridder,brendan allen,0.0,0.7150658362289464,0.28493416377105363,-175.0,140.0,2.65,1.4166666666666667,-0.09570001467582369
0.10124798826832922,0.020175492223258984,2.022270149156807,1.869565217391304,1,1.869565217391304,0.5456752632822084,0.5456752632822084,1,-115,True,-1863.9044193682416,-1.0,0.1243151887165157,-1863.9044193682416,0.0,0.7237666810660601,0.7237666810660601,0.5125265784999026,-0.28357387378727245,19138.648431093585,1.0,-5711.504232111356,-2.473684210526316,0.058629766181761966,-1957.484494804544,-1.0,0.07327544778219038,0.10124798826832922,0.05118148834469394,2025-10-18,kevin holland,mike malott,0.0,0.5456752632822084,0.4543247367177916,110.0,-150.0,1.8333333333333333,1.869565217391304,-0.07327544778219038
0.0,-0.06928328082281537,1.4822290909965117,1.425531914893617,1,1.425531914893617,0.652890832855637,0.652890832855637,1,-235,True,-1863.9044193682416,-1.0,0.1243151887165157,-1863.9044193682416,0.0,0.7237666810660601,0.7237666810660601,0.5125265784999026,-0.28357387378727245,19138.648431093585,1.0,-5711.504232111356,-2.473684210526316,0.058629766181761966,0.0,0.0,0.0,0.0,-0.02176870936647246,2025-10-18,manon fiorot,jasmine jasudavicius,1.0,0.652890832855637,0.347109167144363,-225.0,163.0,2.75,1.425531914893617,0.0
0.06419551066108206,-0.04423406465957519,1.9512091446005968,1.7575757575757576,1,1.7575757575757576,0.5437978597626555,0.5437978597626555,1,-132,True,-1863.9044193682416,-1.0,0.1243151887165157,-1863.9044193682416,0.0,0.7237666810660601,0.7237666810660601,0.5125265784999026,-0.28357387378727245,19138.648431093585,1.0,-5711.504232111356,-2.473684210526316,0.058629766181761966,0.0,0.0,0.0,0.06419551066108206,0.03129513663468697,2025-10-18,kyle nelson,matt frevola,1.0,0.5437978597626555,0.4562021402373445,-170.0,145.0,1.8333333333333333,1.7575757575757576,0.0
0.0,-0.1703226555542021,1.3040659388159086,1.25,0,1.25,0.6637418755566383,0.6637418755566383,0,-400,False,-1863.9044193682416,-1.0,0.1243151887165157,-1863.9044193682416,0.0,0.7237666810660601,0.7237666810660601,0.5125265784999026,-0.28357387378727245,19138.648431093585,1.0,-5711.504232111356,-2.473684210526316,0.058629766181761966,0.0,0.0,0.0,0.0,-0.10309051399875457,2025-10-18,kyle prepolec,drew dober,0.0,0.3362581244433617,0.6637418755566383,250.0,-300.0,1.25,3.4,0.0
0.2072665904096935,0.07101174806574428,1.603325421643099,1.526315789473684,1,1.526315789473684,0.7016973521810049,0.7016973521810049,1,-190,True,-1863.9044193682416,-1.0,0.1243151887165157,-1863.9044193682416,0.0,0.7237666810660601,0.7237666810660601,0.5125265784999026,-0.28357387378727245,19138.648431093585,1.0,-5711.504232111356,-2.473684210526316,0.058629766181761966,2109.053663069905,0.5263157894736841,0.15000349619103362,0.2072665904096935,0.07799365079816711,2025-10-18,charles jourdain,davey grant,1.0,0.7016973521810049,0.29830264781899507,-200.0,170.0,2.4,1.526315789473684,0.15000349619103362
0.0,-0.1480129718267321,1.3525146321951216,1.303030303030303,1,1.303030303030303,0.6538505099934382,0.6538505099934382,1,-330,False,-1863.9044193682416,-1.0,0.1243151887165157,-1863.9044193682416,0.0,0.7237666810660601,0.7237666810660601,0.5125265784999026,-0.28357387378727245,19138.648431093585,1.0,-5711.504232111356,-2.473684210526316,0.058629766181761966,0.0,0.0,0.0,0.0,-0.08551302530303928,2025-10-18,stephanie luciano,ravena oliveira,1.0,0.6538505099934382,0.3461494900065618,-325.0,275.0,3.25,1.303030303030303,0.0
0.03372697133851573,-0.026250727722103295,1.8085062642737475,1.7142857142857144,0,1.7142857142857144,0.568020408828773,0.568020408828773,0,-140,True,-1863.9044193682416,-1.0,0.1243151887165157,-1863.9044193682416,0.0,0.7237666810660601,0.7237666810660601,0.5125265784999026,-0.28357387378727245,19138.648431093585,1.0,-5711.504232111356,-2.473684210526316,0.058629766181761966,0.0,0.0,0.0,0.03372697133851573,0.015077895023560495,2025-10-18,marlon vera,aiemann zahabi,0.0,0.4319795911712269,0.568020408828773,105.0,-138.0,1.7142857142857144,2.08,0.0
0.17102577096070248,0.04976923992387372,1.5675912773046496,1.5,1,1.5,0.6998461599492491,0.6998461599492491,1,-200,True,-1863.9044193682416,-1.0,0.1243151887165157,-1863.9044193682416,0.0,0.7237666810660601,0.7237666810660601,0.5125265784999026,-0.28357387378727245,19138.648431093585,1.0,-5711.504232111356,-2.473684210526316,0.058629766181761966,-3306.537745523671,-1.0,0.12377519952522222,0.17102577096070248,0.061924774140429406,2025-10-18,cody gibson,aoriqileng,0.0,0.6998461599492491,0.30015384005075085,145.0,-170.0,2.5,1.5,-0.12377519952522222
0.04795583897671812,-0.02668984692195142,1.470870714434633,1.4,0,1.4,0.6952215379128919,0.6952215379128919,0,-250,True,-1863.9044193682416,-1.0,0.1243151887165157,-1863.9044193682416,0.0,0.7237666810660601,0.7237666810660601,0.5125265784999026,-0.28357387378727245,19138.648431093585,1.0,-5711.504232111356,-2.473684210526316,0.058629766181761966,0.0,0.0,0.0,0.04795583897671812,0.015352131182351458,2025-10-18,bruno silva,hyunsung park,1.0,0.3047784620871081,0.6952215379128919,250.0,-300.0,1.4,2.7,-0.0
0.20244229625950846,0.07639540711772386,1.765143704702151,1.6451612903225803,1,1.6451612903225803,0.6542795611892048,0.6542795611892048,1,-155,True,-1453.8061649611145,-1.0,0.25070790919748376,-1453.8061649611145,0.0,0.7782809775305028,0.7782809775305028,0.6492141102870658,-0.09864426112499632,17250.730597677288,0.8333333333333334,-434.1116684551821,-0.614097968936679,0.07726869861629289,1945.318553818821,0.6451612903225803,0.15754737171097524,0.20244229625950846,0.08775344927202289,2025-10-25,ludovit klein,mateusz rebecki,1.0,0.6542795611892048,0.34572043881079517,130.0,-150.0,2.08,1.6451612903225803,0.15754737171097524
0.0,0.02786300613242515,1.237541381189631,1.2083333333333333,1,1.2083333333333333,0.8506452464544209,0.8506452464544209,1,-480,False,-1453.8061649611145,-1.0,0.25070790919748376,-1453.8061649611145,0.0,0.7782809775305028,0.7782809775305028,0.6492141102870658,-0.09864426112499632,17250.730597677288,0.8333333333333334,-434.1116684551821,-0.614097968936679,0.07726869861629289,0.0,0.0,0.0,0.0,0.04259145916311091,2025-10-25,hamdy abdelwahab,chris barnett,1.0,0.8506452464544209,0.14935475354557914,-230.0,195.0,4.33,1.2083333333333333,0.0
0.0,-0.09281103966922916,1.709495695161137,1.617283950617284,0,1.617283950617284,0.5609336319602476,0.5609336319602476,0,-162,True,-1453.8061649611145,-1.0,0.25070790919748376,-1453.8061649611145,0.0,0.7782809775305028,0.7782809775305028,0.6492141102870658,-0.09864426112499632,17250.730597677288,0.8333333333333334,-434.1116684551821,-0.614097968936679,0.07726869861629289,0.0,0.0,0.0,0.0,-0.024034205531580644,2025-10-25,nathaniel wood,jose delgado,1.0,0.4390663680397524,0.5609336319602476,-115.0,-105.0,1.617283950617284,2.2,-0.0
0.0,-0.14741823106176172,1.2322337924761524,1.181818181818182,1,1.181818181818182,0.7214153429477399,0.7214153429477399,1,-550,False,-1453.8061649611145,-1.0,0.25070790919748376,-1453.8061649611145,0.0,0.7782809775305028,0.7782809775305028,0.6492141102870658,-0.09864426112499632,17250.730597677288,0.8333333333333334,-434.1116684551821,-0.614097968936679,0.07726869861629289,0.0,0.0,0.0,0.0,-0.0901189666174258,2025-10-25,azat maksum,mitch raposo,0.0,0.7214153429477399,0.2785846570522601,-250.0,210.0,3.8,1.181818181818182,-0.0
0.0,0.023547034081346924,1.2473063864508638,1.2,1,1.2,0.8529558617344558,0.8529558617344558,1,-500,False,-1453.8061649611145,-1.0,0.25070790919748376,-1453.8061649611145,0.0,0.7782809775305028,0.7782809775305028,0.6492141102870658,-0.09864426112499632,17250.730597677288,0.8333333333333334,-434.1116684551821,-0.614097968936679,0.07726869861629289,0.0,0.0,0.0,0.0,0.05122822619701528,2025-10-25,jaqueline amorim,mizuki,0.0,0.8529558617344558,0.1470441382655442,-400.0,330.0,3.8,1.2,-0.0
0.21508705078572649,0.09401664273435273,1.8987198998506056,1.7407407407407407,0,1.7407407407407407,0.6284776458261175,0.6284776458261175,0,-135,True,-1453.8061649611145,-1.0,0.25070790919748376,-1453.8061649611145,0.0,0.7782809775305028,0.7782809775305028,0.6492141102870658,-0.09864426112499632,17250.730597677288,0.8333333333333334,-434.1116684551821,-0.614097968936679,0.07726869861629289,2373.0214755893944,0.7407407407407407,0.16738794296680803,0.21508705078572649,0.10180701890601118,2025-10-25,nasrat haqparast,quillan salkilld,0.0,0.37152235417388246,0.6284776458261175,130.0,-150.0,1.7407407407407407,1.9090909090909087,0.16738794296680803
0.0,-0.08045735459226443,1.16939065123848,1.1428571428571428,1,1.1428571428571428,0.8045998147317687,0.8045998147317687,1,-700,False,-1453.8061649611145,-1.0,0.25070790919748376,-1453.8061649611145,0.0,0.7782809775305028,0.7782809775305028,0.6492141102870658,-0.09864426112499632,17250.730597677288,0.8333333333333334,-434.1116684551821,-0.614097968936679,0.07726869861629289,0.0,0.0,0.0,0.0,-0.050546409449960916,2025-10-25,umar nurmagomedov,mario bautista,1.0,0.8045998147317687,0.19540018526823133,-430.0,300.0,5.2,1.1428571428571428,0.0
0.07622690563937587,-0.00020750199464125707,1.570869683832747,1.5050505050505052,0,1.5050505050505052,0.6642916597485269,0.6642916597485269,0,-198,True,-1453.8061649611145,-1.0,0.25070790919748376,-1453.8061649611145,0.0,0.7782809775305028,0.7782809775305028,0.6492141102870658,-0.09864426112499632,17250.730597677288,0.8333333333333334,-434.1116684551821,-0.614097968936679,0.07726869861629289,0.0,0.0,0.0,0.07622690563937587,0.027701616480194535,2025-10-25,alexander volkov,jailton almeida,1.0,0.3357083402514731,0.6642916597485269,210.0,-250.0,1.5050505050505052,2.5,-0.0
0.0,-0.0691875103346225,1.5403178728116842,1.434782608695652,1,1.434782608695652,0.6487480988576874,0.6487480988576874,1,-230,True,-1453.8061649611145,-1.0,0.25070790919748376,-1453.8061649611145,0.0,0.7782809775305028,0.7782809775305028,0.6492141102870658,-0.09864426112499632,17250.730597677288,0.8333333333333334,-434.1116684551821,-0.614097968936679,0.07726869861629289,0.0,0.0,0.0,0.0,-0.00046854509036198255,2025-10-25,ikram aliskerov,junyong park,1.0,0.6487480988576874,0.35125190114231264,-350.0,285.0,2.4,1.434782608695652,0.0
0.2057428983525156,0.14322566983213492,2.25687282716128,2.05,1,2.05,0.5576710584547,0.5576710584547,1,105,True,-1453.8061649611145,-1.0,0.25070790919748376,-1453.8061649611145,0.0,0.7782809775305028,0.7782809775305028,0.6492141102870658,-0.09864426112499632,17250.730597677288,0.8333333333333334,-434.1116684551821,-0.614097968936679,0.07726869861629289,-2721.171332671753,-1.0,0.14218200112035106,0.2057428983525156,0.11458007522999997,2025-10-25,virna jandiroba,mackenzie dern,0.0,0.5576710584547,0.4423289415453,-215.0,164.0,1.6756756756756757,2.05,-0.14218200112035106
0.1363793757397052,0.044306883163702016,1.928239282636595,1.7874015748031495,1,1.7874015748031495,0.5842597980695602,0.5842597980695602,1,-127,True,-1453.8061649611145,-1.0,0.25070790919748376,-1453.8061649611145,0.0,0.7782809775305028,0.7782809775305028,0.6492141102870658,-0.09864426112499632,17250.730597677288,0.8333333333333334,-434.1116684551821,-0.614097968936679,0.07726869861629289,-2031.2803651916447,-1.0,0.10613499550425552,0.1363793757397052,0.06565196292959707,2025-10-25,aleksandar rakic,azamat murzakanov,0.0,0.5842597980695602,0.4157402019304398,115.0,-135.0,1.9090909090909087,1.7874015748031495,-0.10613499550425552
0.3377170367169988,0.04229018192317502,1.6833062767081428,1.425531914893617,1,1.425531914893617,0.7311587843341676,0.7311587843341676,1,-235,True,4258.123674270865,2.739130434782608,0.29436322682111116,4258.123674270865,0.0,0.8385978240244886,0.8385978240244886,0.7689618049282598,0.42621418717553555,24603.236717550455,0.8333333333333334,3094.382445602301,2.168915542228885,0.0775454124179562,-3708.0027222131357,-1.0,0.2149475757689009,0.3377170367169988,0.1370898297790939,2025-11-01,isaac dulgarian,yadier del valle,0.0,0.7311587843341676,0.2688412156658324,-240.0,205.0,1.847457627118644,1.425531914893617,-0.2149475757689009
0.08216951141186671,0.017487888419249253,1.8074557832989888,1.7246376811594204,1,1.7246376811594204,0.589971968915363,0.589971968915363,1,-138,True,4258.123674270865,2.739130434782608,0.29436322682111116,4258.123674270865,0.0,0.8385978240244886,0.8385978240244886,0.7689618049282598,0.42621418717553555,24603.236717550455,0.8333333333333334,3094.382445602301,2.168915542228885,0.0775454124179562,861.3235749012559,0.7246376811594204,0.06890296771104724,0.08216951141186671,0.03670808869208653,2025-11-01,steve garcia,david onama,1.0,0.589971968915363,0.41002803108463703,-150.0,130.0,2.1,1.7246376811594204,0.06890296771104724
0.2050024383024584,0.13889950303873833,2.18137857755142,2.0,1,2.0,0.5694497515193692,0.5694497515193692,1,100,True,4258.123674270865,2.739130434782608,0.29436322682111116,4258.123674270865,0.0,0.8385978240244886,0.8385978240244886,0.7689618049282598,0.42621418717553555,24603.236717550455,0.8333333333333334,3094.382445602301,2.168915542228885,0.0775454124179562,2725.2723968832697,1.0,0.15798011460744812,0.2050024383024584,0.11102405215154465,2025-11-01,waldo cortes acosta,ante delija,1.0,0.5694497515193692,0.43055024848063084,145.0,-170.0,1.7246376811594204,2.0,0.15798011460744812
0.06831816227276749,-0.008782941303442815,1.5077977326141472,1.4444444444444444,1,1.4444444444444444,0.6862271944822319,0.6862271944822319,1,-225,True,4258.123674270865,2.739130434782608,0.29436322682111116,4258.123674270865,0.0,0.8385978240244886,0.8385978240244886,0.7689618049282598,0.42621418717553555,24603.236717550455,0.8333333333333334,3094.382445602301,2.168915542228885,0.0775454124179562,0.0,0.0,0.0,0.06831816227276749,0.02300826373994458,2025-11-01,talita alencar,ariane carnelossi,1.0,0.6862271944822319,0.3137728055177681,-310.0,230.0,2.65,1.4444444444444444,0.0
0.0,-0.1619725622341956,1.5848982409661754,1.5128205128205128,0,1.5128205128205128,0.5539503402180741,0.5539503402180741,0,-195,True,4258.123674270865,2.739130434782608,0.29436322682111116,4258.123674270865,0.0,0.8385978240244886,0.8385978240244886,0.7689618049282598,0.42621418717553555,24603.236717550455,0.8333333333333334,3094.382445602301,2.168915542228885,0.0775454124179562,0.0,0.0,0.0,0.0,-0.07700499442245556,2025-11-01,phil rowe,seokhyeon ko,0.0,0.44604965978192584,0.5539503402180741,170.0,-200.0,1.5128205128205128,2.45,0.0
0.04326220254850075,-0.04460221170500145,1.7302006798020184,1.6024096385542168,0,1.6024096385542168,0.5962256874322172,0.5962256874322172,0,-166,True,4258.123674270865,2.739130434782608,0.29436322682111116,4258.123674270865,0.0,0.8385978240244886,0.8385978240244886,0.7689618049282598,0.42621418717553555,24603.236717550455,0.8333333333333334,3094.382445602301,2.168915542228885,0.0775454124179562,0.0,0.0,0.0,0.04326220254850075,0.01825804953114607,2025-11-01,jeremiah wells,themba gorimbo,1.0,0.4037743125677828,0.5962256874322172,155.0,-180.0,1.6024096385542168,2.1,-0.0
0.2243363572127832,0.1365034609002591,2.022270149156807,1.869565217391304,1,1.869565217391304,0.6078972000164178,0.6078972000164178,1,-115,True,4258.123674270865,2.739130434782608,0.29436322682111116,4258.123674270865,0.0,0.8385978240244886,0.8385978240244886,0.7689618049282598,0.42621418717553555,24603.236717550455,0.8333333333333334,3094.382445602301,2.168915542228885,0.0775454124179562,2553.855939432308,0.869565217391304,0.1702498519536672,0.2243363572127832,0.11340342507890333,2025-11-01,timmy cuamba,changho lee,1.0,0.6078972000164178,0.3921027999835822,155.0,-180.0,1.8333333333333333,1.869565217391304,0.1702498519536672
0.0,0.01794568998015475,1.331382335835144,1.2941176470588236,1,1.2941176470588236,0.7865943968028468,0.7865943968028468,1,-340,False,4258.123674270865,2.739130434782608,0.29436322682111116,4258.123674270865,0.0,0.8385978240244886,0.8385978240244886,0.7689618049282598,0.42621418717553555,24603.236717550455,0.8333333333333334,3094.382445602301,2.168915542228885,0.0775454124179562,0.0,0.0,0.0,0.0,0.0354953525356535,2025-11-01,allan nascimento,cody durden,1.0,0.7865943968028468,0.21340560319715318,-300.0,250.0,3.5,1.2941176470588236,0.0
0.0,-0.16618106000847366,1.6341430521987956,1.5405405405405406,1,1.5405405405405406,0.5412508908716925,0.5412508908716925,1,-185,True,4258.123674270865,2.739130434782608,0.29436322682111116,4258.123674270865,0.0,0.8385978240244886,0.8385978240244886,0.7689618049282598,0.42621418717553555,24603.236717550455,0.8333333333333334,3094.382445602301,2.168915542228885,0.0775454124179562,0.0,0.0,0.0,0.0,-0.07069063937222686,2025-11-01,charles radtke,daniel frunza,1.0,0.5412508908716925,0.45874910912830746,-175.0,150.0,2.3,1.5405405405405406,0.0
0.07962120271941815,0.0003815729463950701,1.6563775726568404,1.5747126436781609,0,1.5747126436781609,0.6352788090973458,0.6352788090973458,0,-174,True,4258.123674270865,2.739130434782608,0.29436322682111116,4258.123674270865,0.0,0.8385978240244886,0.8385978240244886,0.7689618049282598,0.42621418717553555,24603.236717550455,0.8333333333333334,3094.382445602301,2.168915542228885,0.0775454124179562,661.933256598603,0.5747126436781609,0.06676609201911991,0.07962120271941815,0.03155172627045533,2025-11-01,ketlen vieira,norma dumont,0.0,0.3647211909026542,0.6352788090973458,110.0,-150.0,1.5747126436781609,2.3,0.06676609201911991
0.0,-0.01986762040726836,1.2857872911994084,1.25,1,1.25,0.7841059036741853,0.7841059036741853,1,-400,False,4258.123674270865,2.739130434782608,0.29436322682111116,4258.123674270865,0.0,0.8385978240244886,0.8385978240244886,0.7689618049282598,0.42621418717553555,24603.236717550455,0.8333333333333334,3094.382445602301,2.168915542228885,0.0775454124179562,0.0,0.0,0.0,0.0,0.0063722872008261655,2025-11-01,alice ardelean,montserrat conejo ruiz,1.0,0.7841059036741853,0.2158940963258147,-500.0,385.0,3.8,1.25,0.0
0.10113183567118993,0.0015125161881915372,1.9830443745803379,1.806451612903225,1,1.806451612903225,0.5544087143184634,0.5544087143184634,1,-124,True,4976.228350023092,1.3984962406015033,0.2634765975638289,4976.228350023092,0.0,0.8304155382213574,0.7910224774420492,1.0,0.24707738965279868,30682.140222732713,1.0,1102.6751551591647,0.348640418249925,0.07294256234804088,1587.1602081550043,0.8064516129032251,0.07999267253760556,0.10113183567118993,0.05013356404018221,2025-11-08,chris padilla,ismael bonfim,1.0,0.5544087143184634,0.4455912856815366,170.0,-200.0,1.8333333333333333,1.806451612903225,0.07999267253760556
0.23539287590883448,0.07127299869382536,1.5776705890554692,1.4878048780487805,1,1.4878048780487805,0.7200359499417515,0.7200359499417515,1,-205,True,4976.228350023092,1.3984962406015033,0.2634765975638289,4976.228350023092,0.0,0.8304155382213574,0.7910224774420492,1.0,0.24707738965279868,30682.140222732713,1.0,1102.6751551591647,0.348640418249925,0.07294256234804088,-4580.869043592446,-1.0,0.18618969106307595,0.23539287590883448,0.0861900717608779,2025-11-08,ricky simon,raoni barcelos,0.0,0.7200359499417515,0.27996405005824854,-210.0,180.0,2.4,1.4878048780487805,-0.18618969106307595
0.26189519176580295,0.11468290863516895,1.6495861435930104,1.5714285714285714,1,1.5714285714285714,0.7093436691314712,0.7093436691314712,1,-175,True,4976.228350023092,1.3984962406015033,0.2634765975638289,4976.228350023092,0.0,0.8304155382213574,0.7910224774420492,1.0,0.24707738965279868,30682.140222732713,1.0,1102.6751551591647,0.348640418249925,0.07294256234804088,2830.5804437867428,0.5714285714285714,0.20133593939261102,0.26189519176580295,0.10313101156035964,2025-11-08,gabriel bonfim,randy brown,1.0,0.7093436691314712,0.2906563308685288,-300.0,250.0,2.3200000000000003,1.5714285714285714,0.20133593939261102
0.0,-0.10141307230173513,1.2204407045207246,1.181818181818182,0,1.181818181818182,0.7603427849754547,0.7603427849754547,0,-550,False,4976.228350023092,1.3984962406015033,0.2634765975638289,4976.228350023092,0.0,0.8304155382213574,0.7910224774420492,1.0,0.24707738965279868,30682.140222732713,1.0,1102.6751551591647,0.348640418249925,0.07294256234804088,0.0,0.0,0.0,0.0,-0.05903336029389439,2025-11-08,matt schnell,joseph morales,0.0,0.2396572150245453,0.7603427849754547,210.0,-250.0,1.181818181818182,4.2,0.0
0.0,-0.11721163176871391,1.8464687095246355,1.7246376811594204,0,1.7246376811594204,0.5118688857811658,0.5118688857811658,0,-138,True,4976.228350023092,1.3984962406015033,0.2634765975638289,4976.228350023092,0.0,0.8304155382213574,0.7910224774420492,1.0,0.24707738965279868,30682.140222732713,1.0,1102.6751551591647,0.348640418249925,0.07294256234804088,0.0,0.0,0.0,0.0,-0.029705414851009637,2025-11-08,muslim salikhov,uros medic,0.0,0.48813111421883415,0.5118688857811658,170.0,-200.0,1.7246376811594204,2.0,0.0
0.0980915610245907,0.013263965214902196,1.494713487550269,1.4444444444444444,0,1.4444444444444444,0.7014904374564708,0.7014904374564708,0,-225,True,4976.228350023092,1.3984962406015033,0.2634765975638289,4976.228350023092,0.0,0.8304155382213574,0.7910224774420492,1.0,0.24707738965279868,30682.140222732713,1.0,1102.6751551591647,0.348640418249925,0.07294256234804088,848.4059182624331,0.4444444444444444,0.07758789373955711,0.0980915610245907,0.032465899757991745,2025-11-08,mayra bueno silva,jacqueline cavalcanti,0.0,0.2985095625435293,0.7014904374564708,250.0,-300.0,1.4444444444444444,2.75,0.07758789373955711
0.12120971280802478,0.02858859998044444,1.771956645840295,1.6666666666666663,1,1.6666666666666663,0.6171531599882668,0.6171531599882668,1,-150,True,4976.228350023092,1.3984962406015033,0.2634765975638289,4976.228350023092,0.0,0.8304155382213574,0.7910224774420492,1.0,0.24707738965279868,30682.140222732713,1.0,1102.6751551591647,0.348640418249925,0.07294256234804088,-2358.8046963666534,-1.0,0.09587375528862936,0.12120971280802478,0.05280526674408348,2025-11-08,hyder amil,jamall emmers,0.0,0.6171531599882668,0.3828468400117332,160.0,-185.0,2.1,1.6666666666666663,-0.09587375528862936
0.0,-0.14294098240749065,1.647286105653171,1.5714285714285714,0,1.5714285714285714,0.545401193013415,0.545401193013415,0,-175,True,4976.228350023092,1.3984962406015033,0.2634765975638289,4976.228350023092,0.0,0.8304155382213574,0.7910224774420492,1.0,0.24707738965279868,30682.140222732713,1.0,1102.6751551591647,0.348640418249925,0.07294256234804088,0.0,0.0,0.0,0.0,-0.0616578943959859,2025-11-08,christian leroy duncan,marco tulio,1.0,0.45459880698658495,0.545401193013415,-140.0,120.0,1.5714285714285714,2.33,-0.0
0.30496667332455146,0.1334852160879051,1.588061122154347,1.526315789473684,0,1.526315789473684,0.7426282450231103,0.7426282450231103,0,-190,True,4976.228350023092,1.3984962406015033,0.2634765975638289,4976.228350023092,0.0,0.8304155382213574,0.7910224774420492,1.0,0.24707738965279868,30682.140222732713,1.0,1102.6751551591647,0.348640418249925,0.07294256234804088,2776.202324914084,0.5263157894736841,0.21439392214496925,0.30496667332455146,0.11292956022475031,2025-11-08,tecia pennington,denise gomes,0.0,0.25737175497688974,0.7426282450231103,170.0,-200.0,1.526315789473684,2.48,0.21439392214496925
0.0,-0.04027758449135138,1.5758754024583868,1.5128205128205128,0,1.5128205128205128,0.6343927831328355,0.6343927831328355,0,-195,True,4976.228350023092,1.3984962406015033,0.2634765975638289,4976.228350023092,0.0,0.8304155382213574,0.7910224774420492,1.0,0.24707738965279868,30682.140222732713,1.0,1102.6751551591647,0.348640418249925,0.07294256234804088,0.0,0.0,0.0,0.0,-0.00017515189552175237,2025-11-08,miles johns,daniel marcos,0.0,0.3656072168671645,0.6343927831328355,250.0,-300.0,1.5128205128205128,2.5,0.0
0.0,-0.07012625734923772,1.5518654362587159,1.4761904761904765,0,1.4761904761904765,0.6299144708279356,0.6299144708279356,0,-210,True,1387.1662885382475,1.2679769894534996,0.0685641522417515,1387.1662885382475,0.0,0.6594354236612745,0.6594354236612745,0.11491253890621146,0.09840324074883798,33701.362253759886,1.0,1632.0557424889246,0.6711409395973154,0.052325280098018324,0.0,0.0,0.0,0.0,-0.01447129654299717,2025-11-15,roman kopylov,gregory rodrigues,0.0,0.37008552917206444,0.6299144708279356,109.0,-129.0,1.4761904761904765,2.5,0.0
0.0,0.03814828216732602,1.434281039552804,1.3571428571428572,1,1.3571428571428572,0.7649513658075033,0.7649513658075033,1,-280,False,1387.1662885382475,1.2679769894534996,0.0685641522417515,1387.1662885382475,0.0,0.6594354236612745,0.6594354236612745,0.11491253890621146,0.09840324074883798,33701.362253759886,1.0,1632.0557424889246,0.6711409395973154,0.052325280098018324,0.0,0.0,0.0,0.0,0.0677379380180716,2025-11-15,bo nickal,rodolfo vieira,1.0,0.7649513658075033,0.23504863419249666,-160.0,140.0,2.75,1.3571428571428572,0.0
0.0,-0.03489928378060689,1.3116549203863872,1.238095238095238,1,1.238095238095238,0.7795044246387407,0.7795044246387407,1,-420,False,1387.1662885382475,1.2679769894534996,0.0685641522417515,1387.1662885382475,0.0,0.6594354236612745,0.6594354236612745,0.11491253890621146,0.09840324074883798,33701.362253759886,1.0,1632.0557424889246,0.6711409395973154,0.052325280098018324,0.0,0.0,0.0,0.0,0.0171087789109603,2025-11-15,erin blanchfield,tracy cortez,1.0,0.7795044246387407,0.2204955753612593,-225.0,190.0,3.1,1.238095238095238,0.0
0.0,-0.0666135491354235,1.766412415477655,1.6578947368421053,1,1.6578947368421053,0.5629950021087922,0.5629950021087922,1,-152,True,1387.1662885382475,1.2679769894534996,0.0685641522417515,1387.1662885382475,0.0,0.6594354236612745,0.6594354236612745,0.11491253890621146,0.09840324074883798,33701.362253759886,1.0,1632.0557424889246,0.6711409395973154,0.052325280098018324,0.0,0.0,0.0,0.0,-0.0031242072206951743,2025-11-15,sean brady,michael morales,0.0,0.5629950021087922,0.43700499789120784,-115.0,-105.0,2.1,1.6578947368421053,-0.0
0.0,-0.13005551034962287,1.6542766747881525,1.5714285714285714,0,1.5714285714285714,0.5536010388684218,0.5536010388684218,0,-175,True,1387.1662885382475,1.2679769894534996,0.0685641522417515,1387.1662885382475,0.0,0.6594354236612745,0.6594354236612745,0.11491253890621146,0.09840324074883798,33701.362253759886,1.0,1632.0557424889246,0.6711409395973154,0.052325280098018324,0.0,0.0,0.0,0.0,-0.05089276512483132,2025-11-15,leon edwards,carlos prates,0.0,0.4463989611315781,0.5536010388684218,150.0,-188.0,1.5714285714285714,2.3,0.0
0.10750571515145782,-0.00221734205588775,1.5301644817011972,1.4444444444444444,0,1.4444444444444444,0.6907726093459239,0.6907726093459239,0,-225,True,1387.1662885382475,1.2679769894534996,0.0685641522417515,1387.1662885382475,0.0,0.6594354236612745,0.6594354236612745,0.11491253890621146,0.09840324074883798,33701.362253759886,1.0,1632.0557424889246,0.6711409395973154,0.052325280098018324,0.0,0.0,0.0,0.10750571515145782,0.03724809485175273,2025-11-15,beneil dariush,benoit st denis,0.0,0.30922739065407606,0.6907726093459239,215.0,-255.0,1.4444444444444444,2.5,0.0
0.0,0.014272381542720591,1.2010433168936516,1.1666666666666667,0,1.1666666666666667,0.8693763270366176,0.8693763270366176,0,-600,False,1387.1662885382475,1.2679769894534996,0.0685641522417515,1387.1662885382475,0.0,0.6594354236612745,0.6594354236612745,0.11491253890621146,0.09840324074883798,33701.362253759886,1.0,1632.0557424889246,0.6711409395973154,0.052325280098018324,0.0,0.0,0.0,0.0,0.03676688994622612,2025-11-15,angela hill,fatima kline,0.0,0.1306236729633824,0.8693763270366176,500.0,-700.0,1.1666666666666667,4.5,0.0
0.0,-0.02427153727760023,1.342878580052223,1.2941176470588236,0,1.2941176470588236,0.7539719939218543,0.7539719939218543,0,-340,False,1387.1662885382475,1.2679769894534996,0.0685641522417515,1387.1662885382475,0.0,0.6594354236612745,0.6594354236612745,0.11491253890621146,0.09840324074883798,33701.362253759886,1.0,1632.0557424889246,0.6711409395973154,0.052325280098018324,0.0,0.0,0.0,0.0,0.009303030655561706,2025-11-15,jack della maddalena,islam makhachev,0.0,0.2460280060781457,0.7539719939218543,275.0,-385.0,1.2941176470588236,3.3,0.0
0.12019595183811722,0.029298194291596635,1.7747664702347983,1.6711409395973154,1,1.6711409395973154,0.6159254254997908,0.6159254254997908,1,-149,True,1387.1662885382475,1.2679769894534996,0.0685641522417515,1387.1662885382475,0.0,0.6594354236612745,0.6594354236612745,0.11491253890621146,0.09840324074883798,33701.362253759886,1.0,1632.0557424889246,0.6711409395973154,0.052325280098018324,1632.0557424889246,0.6711409395973154,0.07925663068662919,0.12019595183811722,0.05247101232975726,2025-11-15,valentina shevchenko,zhang weili,1.0,0.6159254254997908,0.3840745745002092,148.0,-195.0,2.1,1.6711409395973154,0.07925663068662919
0.0,-0.023238433630292155,1.2166287491248218,1.181818181818182,1,1.181818181818182,0.8264905561589834,0.8264905561589834,1,-550,False,1387.1662885382475,1.2679769894534996,0.0685641522417515,1387.1662885382475,0.0,0.6594354236612745,0.6594354236612745,0.11491253890621146,0.09840324074883798,33701.362253759886,1.0,1632.0557424889246,0.6711409395973154,0.052325280098018324,0.0,0.0,0.0,0.0,0.00454713198842438,2025-11-15,kyle daukaus,gerald meerschaert,1.0,0.8264905561589834,0.17350944384101663,-260.0,220.0,4.35,1.181818181818182,0.0
0.16460254153082435,0.07283261049937906,1.8261647806963734,1.7246376811594204,1,1.7246376811594204,0.6220626060878752,0.6220626060878752,1,-138,True,-3855.3622366946493,-1.0,0.1973733471580048,-3855.3622366946493,0.0,0.845414957057471,0.845414957057471,0.8443447355607937,-0.10250066702972671,30246.950142939044,1.0,400.9501258738069,1.1739840863881787,0.06664983099858035,3398.195224558119,0.7246376811594204,0.13914895708309297,0.16460254153082435,0.07446689590302058,2025-11-22,ismail naurdiev,ryan loder,1.0,0.6220626060878752,0.3779373939121248,-155.0,135.0,2.05,1.7246376811594204,0.13914895708309297
0.05951381052385123,-0.017264372128192873,1.5148568537970253,1.4444444444444444,0,1.4444444444444444,0.6803554346804819,0.6803554346804819,0,-225,True,-3855.3622366946493,-1.0,0.1973733471580048,-3855.3622366946493,0.0,0.845414957057471,0.845414957057471,0.8443447355607937,-0.10250066702972671,30246.950142939044,1.0,400.9501258738069,1.1739840863881787,0.06664983099858035,0.0,0.0,0.0,0.05951381052385123,0.020227055227680202,2025-11-22,alex perez,asu almabayev,0.0,0.3196445653195182,0.6803554346804819,140.0,-160.0,1.4444444444444444,2.6,0.0
0.3467744181624319,0.11608589768785527,1.4977033594087001,1.425531914893617,1,1.425531914893617,0.782925928228794,0.782925928228794,1,-235,True,-3855.3622366946493,-1.0,0.1973733471580048,-3855.3622366946493,0.0,0.845414957057471,0.845414957057471,0.8443447355607937,-0.10250066702972671,30246.950142939044,1.0,400.9501258738069,1.1739840863881787,0.06664983099858035,-8489.56536216639,-1.0,0.25190570334346807,0.3467744181624319,0.11523696718192533,2025-11-22,tagir ulanbekov,kyoji horiguchi,0.0,0.782925928228794,0.21707407177120597,-180.0,155.0,2.63,1.425531914893617,-0.25190570334346807
0.12657143014443156,0.02147221202973504,1.6907979217056621,1.5882352941176472,1,1.5882352941176472,0.6431491705372405,0.6431491705372405,1,-170,True,-3855.3622366946493,-1.0,0.1973733471580048,-3855.3622366946493,0.0,0.845414957057471,0.845414957057471,0.8443447355607937,-0.10250066702972671,30246.950142939044,1.0,400.9501258738069,1.1739840863881787,0.06664983099858035,2121.180572895774,0.5882352941176472,0.10699884909015842,0.12657143014443156,0.0517124369320745,2025-11-22,waldo cortes acosta,shamil gaziev,1.0,0.6431491705372405,0.3568508294627595,-105.0,-115.0,2.2,1.5882352941176472,0.10699884909015842
0.0,-0.014769387978181642,1.3628660776671344,1.303030303030303,0,1.303030303030303,0.7561072138772095,0.7561072138772095,0,-330,False,-3855.3622366946493,-1.0,0.1973733471580048,-3855.3622366946493,0.0,0.845414957057471,0.845414957057471,0.8443447355607937,-0.10250066702972671,30246.950142939044,1.0,400.9501258738069,1.1739840863881787,0.06664983099858035,0.0,0.0,0.0,0.0,0.022359403738934525,2025-11-22,belal muhammad,ian machado garry,0.0,0.24389278612279053,0.7561072138772095,155.0,-180.0,1.303030303030303,3.1,0.0
0.1292020204172984,0.015211805506713971,1.4824160386059584,1.4166666666666667,1,1.4166666666666667,0.7166200980047392,0.7166200980047392,1,-240,True,-3855.3622366946493,-1.0,0.1973733471580048,-3855.3622366946493,0.0,0.845414957057471,0.845414957057471,0.8443447355607937,-0.10250066702972671,30246.950142939044,1.0,400.9501258738069,1.1739840863881787,0.06664983099858035,1533.7300913077645,0.41666666666666674,0.1092226537141824,0.1292020204172984,0.04204563715339493,2025-11-22,volkan oezdemir,alonzo menifield,1.0,0.7166200980047392,0.28337990199526075,-350.0,285.0,2.7,1.4166666666666667,0.1092226537141824
0.0,-0.03220294171643434,1.144899228064955,1.1111111111111112,1,1.1111111111111112,0.8710173524552091,0.8710173524552091,1,-900,False,-3855.3622366946493,-1.0,0.1973733471580048,-3855.3622366946493,0.0,0.845414957057471,0.845414957057471,0.8443447355607937,-0.10250066702972671,30246.950142939044,1.0,400.9501258738069,1.1739840863881787,0.06664983099858035,0.0,0.0,0.0,0.0,-0.00242196472394951,2025-11-22,arman tsarukyan,dan hooker,1.0,0.8710173524552091,0.12898264754479094,-310.0,260.0,5.0,1.1111111111111112,0.0
0.1451100941992331,0.02077097817052287,1.522300833912221,1.4444444444444444,0,1.4444444444444444,0.7066876002719005,0.7066876002719005,0,-225,True,-3855.3622366946493,-1.0,0.1973733471580048,-3855.3622366946493,0.0,0.845414957057471,0.845414957057471,0.8443447355607937,-0.10250066702972671,30246.950142939044,1.0,400.9501258738069,1.1739840863881787,0.06664983099858035,1837.4095992785394,0.4444444444444444,0.1226707563702558,0.1451100941992331,0.04978721782248641,2025-11-22,jack hermansson,myktybek orolbai,0.0,0.29331239972809947,0.7066876002719005,180.0,-210.0,1.4444444444444444,2.55,0.1226707563702558
0.0,0.07224448708977299,1.418811613053278,1.3636363636363638,1,1.3636363636363638,0.7863126238658334,0.7863126238658334,1,-275,False,5229.495010322186,1.1162790697674416,0.2105668448857163,5229.495010322186,0.0,0.8211352210617203,0.8211352210617203,0.8155825070522077,0.32447122448837395,40061.215092857274,1.0,4584.7699395960435,0.7095607235142118,0.07608095148797797,0.0,0.0,0.0,0.0,0.08149741739314098,2025-12-06,grant dawson,manuel torres,0.0,0.7863126238658334,0.21368737613416655,-200.0,170.0,2.95,1.3636363636363638,-0.0
0.227549467726658,0.07226229274765128,1.531691459745475,1.4651162790697674,0,1.4651162790697674,0.7318615648912541,0.7318615648912541,0,-215,True,5229.495010322186,1.1162790697674416,0.2105668448857163,5229.495010322186,0.0,0.8211352210617203,0.8211352210617203,0.8155825070522077,0.32447122448837395,40061.215092857274,1.0,4584.7699395960435,0.7095607235142118,0.07608095148797797,2628.494830667668,0.4651162790697674,0.18683747813346854,0.227549467726658,0.07898856384561759,2025-12-06,nazim sadykhov,fares ziam,0.0,0.2681384351087459,0.7318615648912541,110.0,-130.0,1.4651162790697674,2.58,0.18683747813346854
0.35152003922245784,0.12898388115809084,1.5077977326141472,1.4444444444444444,1,1.4444444444444444,0.7816042254171398,0.7816042254171398,1,-225,True,5229.495010322186,1.1162790697674416,0.2105668448857163,5229.495010322186,0.0,0.8211352210617203,0.8211352210617203,0.8155825070522077,0.32447122448837395,40061.215092857274,1.0,4584.7699395960435,0.7095607235142118,0.07608095148797797,3267.3607492291876,0.4444444444444444,0.24305133744143284,0.35152003922245784,0.11838529467485248,2025-12-06,maycee barber,karine silva,1.0,0.7816042254171398,0.2183957745828602,-135.0,115.0,2.65,1.4444444444444444,0.24305133744143284
0.0,0.013504181566058593,1.414293077175543,1.3636363636363638,0,1.3636363636363638,0.7432363998151096,0.7432363998151096,0,-275,False,5229.495010322186,1.1162790697674416,0.2105668448857163,5229.495010322186,0.0,0.8211352210617203,0.8211352210617203,0.8155825070522077,0.32447122448837395,40061.215092857274,1.0,4584.7699395960435,0.7095607235142118,0.07608095148797797,0.0,0.0,0.0,0.0,0.03616937379453378,2025-12-06,henry cejudo,payton talbott,0.0,0.2567636001848904,0.7432363998151096,210.0,-250.0,1.3636363636363638,3.0,0.0
0.0,-0.03605149480394049,1.2260101979588212,1.181818181818182,0,1.181818181818182,0.8156487351658963,0.8156487351658963,0,-550,False,5229.495010322186,1.1162790697674416,0.2105668448857163,5229.495010322186,0.0,0.8211352210617203,0.8211352210617203,0.8155825070522077,0.32447122448837395,40061.215092857274,1.0,4584.7699395960435,0.7095607235142118,0.07608095148797797,0.0,0.0,0.0,0.0,-5.165319512001609e-06,2025-12-06,edson barboza,jalin turner,0.0,0.18435126483410372,0.8156487351658963,210.0,-250.0,1.181818181818182,4.0,0.0
0.12684032772382658,0.040131638778932555,1.9360070600376988,1.8,0,1.8,0.5778509104327403,0.5778509104327403,0,-125,True,5229.495010322186,1.1162790697674416,0.2105668448857163,5229.495010322186,0.0,0.8211352210617203,0.8211352210617203,0.8155825070522077,0.32447122448837395,40061.215092857274,1.0,4584.7699395960435,0.7095607235142118,0.07608095148797797,2520.0961197833008,0.8,0.1041467035467211,0.12684032772382658,0.061323868439139506,2025-12-06,brandon moreno,tatsuro taira,0.0,0.42214908956725977,0.5778509104327403,-125.0,105.0,1.8,1.9090909090909087,0.1041467035467211
0.0,-0.12433263200109063,1.5018778609678551,1.425531914893617,1,1.425531914893617,0.6142741238201305,0.6142741238201305,1,-235,True,5229.495010322186,1.1162790697674416,0.2105668448857163,5229.495010322186,0.0,0.8211352210617203,0.8211352210617203,0.8155825070522077,0.32447122448837395,40061.215092857274,1.0,4584.7699395960435,0.7095607235142118,0.07608095148797797,0.0,0.0,0.0,0.0,-0.05155898151346172,2025-12-06,alexandre pantoja,joshua van,0.0,0.6142741238201305,0.38572587617986953,-270.0,230.0,2.6,1.425531914893617,-0.0
0.0,-0.0862091707173966,1.0763055355043034,1.0555555555555556,1,1.0555555555555556,0.8656965751098348,0.8656965751098348,1,-1800,False,5229.495010322186,1.1162790697674416,0.2105668448857163,5229.495010322186,0.0,0.8211352210617203,0.8211352210617203,0.8155825070522077,0.32447122448837395,40061.215092857274,1.0,4584.7699395960435,0.7095607235142118,0.07608095148797797,0.0,0.0,0.0,0.0,-0.06340763091048418,2025-12-06,mansur abdul malik,antonio trocoli,1.0,0.8656965751098348,0.13430342489016522,-800.0,550.0,7.0,1.0555555555555556,0.0
0.08430526498113937,-0.0023322214333280633,1.8399725524749648,1.7142857142857144,1,1.7142857142857144,0.5819728708305586,0.5819728708305586,1,-140,True,5229.495010322186,1.1162790697674416,0.2105668448857163,5229.495010322186,0.0,0.8211352210617203,0.8211352210617203,0.8155825070522077,0.32447122448837395,40061.215092857274,1.0,4584.7699395960435,0.7095607235142118,0.07608095148797797,0.0,0.0,0.0,0.08430526498113937,0.03848650270246323,2025-12-06,marvin vettori,brunno ferreira,0.0,0.5819728708305586,0.4180271291694414,-110.0,-110.0,2.0,1.7142857142857144,-0.0
0.0,-0.0069478492811467785,1.5770346609486119,1.2272727272727273,1,1.2272727272727273,0.809153604289436,0.809153604289436,1,-440,False,5229.495010322186,1.1162790697674416,0.2105668448857163,5229.495010322186,0.0,0.8211352210617203,0.8211352210617203,0.8155825070522077,0.32447122448837395,40061.215092857274,1.0,4584.7699395960435,0.7095607235142118,0.07608095148797797,0.0,0.0,0.0,0.0,0.17505213222763372,2025-12-06,merab dvalishvili,petr yan,0.0,0.809153604289436,0.19084639571056405,-330.0,240.0,1.5714285714285714,1.2272727272727273,-0.0
0.1542634334313888,0.06140482445158102,2.0806415872519244,1.8928571428571428,1,1.8928571428571428,0.5607421714083825,0.5607421714083825,1,-112,True,5229.495010322186,1.1162790697674416,0.2105668448857163,5229.495010322186,0.0,0.8211352210617203,0.8211352210617203,0.8155825070522077,0.32447122448837395,40061.215092857274,1.0,4584.7699395960435,0.7095607235142118,0.07608095148797797,-3831.1817600841123,-1.0,0.12666340711969193,0.1542634334313888,0.0801211907805835,2025-12-06,terrance mckinney,chris duncan,0.0,0.5607421714083825,0.43925782859161755,130.0,-150.0,1.7692307692307692,1.8928571428571428,-0.12666340711969193
0.0,-0.05334689761712824,1.4434853894495172,1.4,0,1.4,0.676180787416337,0.676180787416337,0,-250,True,5229.495010322186,1.1162790697674416,0.2105668448857163,5229.495010322186,0.0,0.8211352210617203,0.8211352210617203,0.8155825070522077,0.32447122448837395,40061.215092857274,1.0,4584.7699395960435,0.7095607235142118,0.07608095148797797,0.0,0.0,0.0,0.0,-0.016586875705876247,2025-12-06,muhammad naimov,mairon santos,0.0,0.3238192125836629,0.676180787416337,130.0,-150.0,1.4,2.95,0.0
0.0,0.02127045059714311,1.4531663063749718,1.3636363636363638,0,1.3636363636363638,0.7489316637712382,0.7489316637712382,0,-275,False,-3473.960790845729,-1.0,0.11640911565178547,-3473.960790845729,0.0,0.8684707576995192,0.8684707576995192,0.28790213362357664,0.03162829039200918,41328.282837270905,1.0,4741.02853525936,0.5882352941176472,0.07738435272289379,0.0,0.0,0.0,0.0,0.06077918210892097,2025-12-13,jamey lyn horth,tereza bleda,1.0,0.25106833622876173,0.7489316637712382,300.0,-400.0,1.3636363636363638,2.63,-0.0
0.03043058888564988,-0.04449426266236989,1.8399725524749648,1.7142857142857144,0,1.7142857142857144,0.5573783467802842,0.5573783467802842,0,-140,True,-3473.960790845729,-1.0,0.11640911565178547,-3473.960790845729,0.0,0.8684707576995192,0.8684707576995192,0.28790213362357664,0.03162829039200918,41328.282837270905,1.0,4741.02853525936,0.5882352941176472,0.07738435272289379,0.0,0.0,0.0,0.03043058888564988,0.01389197865218883,2025-12-13,melissa croden,luana santos,0.0,0.44262165321971575,0.5573783467802842,130.0,-150.0,1.7142857142857144,2.0,0.0
0.2316694038368286,0.09315717007088004,1.6826670897415006,1.5882352941176472,1,1.5882352941176472,0.6882841441187022,0.6882841441187022,1,-170,True,-3473.960790845729,-1.0,0.11640911565178547,-3473.960790845729,0.0,0.8684707576995192,0.8684707576995192,0.28790213362357664,0.03162829039200918,41328.282837270905,1.0,4741.02853525936,0.5882352941176472,0.07738435272289379,4741.02853525936,0.5882352941176472,0.2011858225283318,0.2316694038368286,0.09398952333686661,2025-12-13,melquizael costa,morgan charriere,1.0,0.6882841441187022,0.3117158558812978,130.0,-150.0,2.23,1.5882352941176472,0.2011858225283318
0.0,-0.032169445968299015,1.4160699062979973,1.359712230215827,0,1.359712230215827,0.7117907249227855,0.7117907249227855,0,-278,False,-3473.960790845729,-1.0,0.11640911565178547,-3473.960790845729,0.0,0.8684707576995192,0.8684707576995192,0.28790213362357664,0.03162829039200918,41328.282837270905,1.0,4741.02853525936,0.5882352941176472,0.07738435272289379,0.0,0.0,0.0,0.0,0.005610898946340925,2025-12-13,brandon royval,manel kape,0.0,0.28820927507721456,0.7117907249227855,250.0,-300.0,1.359712230215827,2.95,0.0
0.0,-0.061635849791119635,1.2772310849016453,1.2222222222222223,0,1.2222222222222223,0.7677524865345384,0.7677524865345384,0,-450,False,-3473.960790845729,-1.0,0.11640911565178547,-3473.960790845729,0.0,0.8684707576995192,0.8684707576995192,0.28790213362357664,0.03162829039200918,41328.282837270905,1.0,4741.02853525936,0.5882352941176472,0.07738435272289379,0.0,0.0,0.0,0.0,-0.015191188906156117,2025-12-13,giga chikadze,kevin vallejos,0.0,0.2322475134654616,0.7677524865345384,210.0,-250.0,1.2222222222222223,3.5,0.0
0.0,-0.10390351791050667,1.8085062642737475,1.7142857142857144,0,1.7142857142857144,0.5227229478855377,0.5227229478855377,0,-140,True,-3243.969208170791,-1.0,0.0837057966554533,-3243.969208170791,0.0,0.7502229114625609,0.7502229114625609,0.24888705975118802,-0.24888705975118802,31042.208037337063,1.0,-7042.105591763051,-1.0,0.055590797657042224,0.0,0.0,0.0,0.0,-0.030219565919674785,2026-01-24,nikita krylov,modestas bukauskas,1.0,0.47727705211446225,0.5227229478855377,170.0,-200.0,1.7142857142857144,2.08,-0.0
0.22713881546934273,0.05663227038966162,1.4648660950833083,1.4,0,1.4,0.7547373359926155,0.7547373359926155,0,-250,True,-3243.969208170791,-1.0,0.0837057966554533,-3243.969208170791,0.0,0.7502229114625609,0.7502229114625609,0.24888705975118802,-0.24888705975118802,31042.208037337063,1.0,-7042.105591763051,-1.0,0.055590797657042224,-7042.105591763051,-1.0,0.1703943427674256,0.22713881546934273,0.07208108273068914,2026-01-24,justin gaethje,paddy pimblett,1.0,0.24526266400738453,0.7547373359926155,176.0,-230.0,1.4,2.75,-0.1703943427674256
0.0,0.023173744678875702,1.3430078426649175,1.2985074626865671,1,1.2985074626865671,0.7879613895802836,0.7879613895802836,1,-335,False,-3243.969208170791,-1.0,0.0837057966554533,-3243.969208170791,0.0,0.7502229114625609,0.7502229114625609,0.24888705975118802,-0.24888705975118802,31042.208037337063,1.0,-7042.105591763051,-1.0,0.055590797657042224,0.0,0.0,0.0,0.0,0.04336409965254229,2026-01-24,waldo cortes acosta,derrick lewis,1.0,0.7879613895802836,0.2120386104197164,-200.0,170.0,3.35,1.2985074626865671,0.0
0.0,0.025622467744438243,1.339801621863056,1.2857142857142856,1,1.2857142857142856,0.7977063638012298,0.7977063638012298,1,-350,False,-3243.969208170791,-1.0,0.0837057966554533,-3243.969208170791,0.0,0.7502229114625609,0.7502229114625609,0.24888705975118802,-0.24888705975118802,31042.208037337063,1.0,-7042.105591763051,-1.0,0.055590797657042224,0.0,0.0,0.0,0.0,0.051327210587895244,2026-01-24,natalia silva,rose namajunas,1.0,0.7977063638012298,0.20229363619877017,-150.0,130.0,3.25,1.2857142857142856,0.0
0.0,-0.07944257054565496,1.4884514864411338,1.425531914893617,0,1.425531914893617,0.64576416693066,0.64576416693066,0,-235,True,-3243.969208170791,-1.0,0.0837057966554533,-3243.969208170791,0.0,0.7502229114625609,0.7502229114625609,0.24888705975118802,-0.24888705975118802,31042.208037337063,1.0,-7042.105591763051,-1.0,0.055590797657042224,0.0,0.0,0.0,0.0,-0.026074995520637412,2026-01-24,arnold allen,jean silva,0.0,0.35423583306934003,0.64576416693066,130.0,-150.0,1.425531914893617,2.7,0.0
0.0,-0.03472714014648951,1.0751271668978275,1.05998800239952,1,1.05998800239952,0.9106450805748738,0.9106450805748738,1,-1667,False,-3243.969208170791,-1.0,0.0837057966554533,-3243.969208170791,0.0,0.7502229114625609,0.7502229114625609,0.24888705975118802,-0.24888705975118802,31042.208037337063,1.0,-7042.105591763051,-1.0,0.055590797657042224,0.0,0.0,0.0,0.0,-0.019477448916591422,2026-01-24,umar nurmagomedov,deiveson figueiredo,1.0,0.9106450805748738,0.08935491942512619,-800.0,550.0,8.5,1.05998800239952,0.0
0.0,-0.06925927162612724,1.1091384317904094,1.0833333333333333,1,1.0833333333333333,0.8591452877297288,0.8591452877297288,1,-1200,False,-3243.969208170791,-1.0,0.0837057966554533,-3243.969208170791,0.0,0.7502229114625609,0.7502229114625609,0.24888705975118802,-0.24888705975118802,31042.208037337063,1.0,-7042.105591763051,-1.0,0.055590797657042224,0.0,0.0,0.0,0.0,-0.04245542444266037,2026-01-24,ateba gautier,andrey pulyaev,1.0,0.8591452877297288,0.14085471227027124,-900.0,600.0,6.0,1.0833333333333333,0.0
0.01634448854475166,-0.04873333585784667,1.886826644447978,1.7692307692307692,1,1.7692307692307692,0.5376724623412171,0.5376724623412171,1,-130,True,1424.039971318666,1.1544401544401541,0.06981551250974105,1424.039971318666,0.0,0.6571191929076374,0.6571191929076374,0.12159340115974857,0.10118250223678951,34183.1363215098,1.0,1716.8883128540767,0.6756756756756757,0.05392159617429343,0.0,0.0,0.0,0.01634448854475166,0.0076820665926101706,2026-01-31,rafael fiziev,mauricio ruffy,0.0,0.5376724623412171,0.46232753765878287,-110.0,-110.0,1.970873786407767,1.7692307692307692,-0.0
0.0,0.034661156565883644,1.3308699435100788,1.2857142857142856,0,1.2857142857142856,0.8047364551067985,0.8047364551067985,0,-350,False,1424.039971318666,1.1544401544401541,0.06981551250974105,1424.039971318666,0.0,0.6571191929076374,0.6571191929076374,0.12159340115974857,0.10118250223678951,34183.1363215098,1.0,1716.8883128540767,0.6756756756756757,0.05392159617429343,0.0,0.0,0.0,0.0,0.05334823353304485,2026-01-31,tai tuivasa,tallison teixeira,0.0,0.19526354489320155,0.8047364551067985,250.0,-300.0,1.2857142857142856,3.4,0.0
0.0,-0.0585868574680045,1.0976455374969054,1.0714285714285714,1,1.0714285714285714,0.8786522663631958,0.8786522663631958,1,-1400,False,1424.039971318666,1.1544401544401541,0.06981551250974105,1424.039971318666,0.0,0.6571191929076374,0.6571191929076374,0.12159340115974857,0.10118250223678951,34183.1363215098,1.0,1716.8883128540767,0.6756756756756757,0.05392159617429343,0.0,0.0,0.0,0.0,-0.03238865334975782,2026-01-31,quillan salkilld,jamie mullarkey,1.0,0.8786522663631958,0.12134773363680418,-700.0,525.0,6.0,1.0714285714285714,0.0
0.0,-0.05756190180169274,1.709495695161137,1.617283950617284,1,1.617283950617284,0.5827289004126938,0.5827289004126938,1,-162,True,1424.039971318666,1.1544401544401541,0.06981551250974105,1424.039971318666,0.0,0.6571191929076374,0.6571191929076374,0.12159340115974857,0.10118250223678951,34183.1363215098,1.0,1716.8883128540767,0.6756756756756757,0.05392159617429343,0.0,0.0,0.0,0.0,-0.002238937079134473,2026-01-31,alexander volkanovski,diego lopes,1.0,0.5827289004126938,0.41727109958730624,-166.0,130.0,2.2,1.617283950617284,0.0
0.0,-0.005837256787811773,1.2772310849016453,1.2222222222222223,0,1.2222222222222223,0.8134058808099721,0.8134058808099721,0,-450,False,1424.039971318666,1.1544401544401541,0.06981551250974105,1424.039971318666,0.0,0.6571191929076374,0.6571191929076374,0.12159340115974857,0.10118250223678951,34183.1363215098,1.0,1716.8883128540767,0.6756756756756757,0.05392159617429343,0.0,0.0,0.0,0.0,0.030462205369277573,2026-01-31,dan hooker,benoit st denis,0.0,0.18659411919002789,0.8134058808099721,200.0,-265.0,1.2222222222222223,3.5,0.0
0.0,-0.019152631677360116,1.2789062493373966,1.2298850574712643,1,1.2298850574712643,0.7975114116268194,0.7975114116268194,1,-435,False,1424.039971318666,1.1544401544401541,0.06981551250974105,1424.039971318666,0.0,0.6571191929076374,0.6571191929076374,0.12159340115974857,0.10118250223678951,34183.1363215098,1.0,1716.8883128540767,0.6756756756756757,0.05392159617429343,0.0,0.0,0.0,0.0,0.015593268277295791,2026-01-31,cam rowston,cody brundage,1.0,0.7975114116268194,0.20248858837318062,-300.0,250.0,3.6,1.2298850574712643,0.0
0.0,-0.04233197285373058,1.4055084845408972,1.3571428571428572,0,1.3571428571428572,0.7056501252656722,0.7056501252656722,0,-280,False,1424.039971318666,1.1544401544401541,0.06981551250974105,1424.039971318666,0.0,0.6571191929076374,0.6571191929076374,0.12159340115974857,0.10118250223678951,34183.1363215098,1.0,1716.8883128540767,0.6756756756756757,0.05392159617429343,0.0,0.0,0.0,0.0,-0.005836152475756973,2026-01-31,junior tafa,billy elekana,0.0,0.2943498747343279,0.7056501252656722,150.0,-175.0,1.3571428571428572,3.05,0.0
0.06744187992738353,-0.0029753911407693345,1.8261647806963734,1.7246376811594204,1,1.7246376811594204,0.5781067059772009,0.5781067059772009,1,-138,True,1424.039971318666,1.1544401544401541,0.06981551250974105,1424.039971318666,0.0,0.6571191929076374,0.6571191929076374,0.12159340115974857,0.10118250223678951,34183.1363215098,1.0,1716.8883128540767,0.6756756756756757,0.05392159617429343,0.0,0.0,0.0,0.06744187992738353,0.030510995792346285,2026-01-31,jonathan micallef,oban elliott,1.0,0.5781067059772009,0.42189329402279907,-110.0,-110.0,2.05,1.7246376811594204,0.0
0.0,-0.03101395251201733,1.4390391158522102,1.3636363636363638,0,1.3636363636363638,0.7105897681578539,0.7105897681578539,0,-275,False,1424.039971318666,1.1544401544401541,0.06981551250974105,1424.039971318666,0.0,0.6571191929076374,0.6571191929076374,0.12159340115974857,0.10118250223678951,34183.1363215098,1.0,1716.8883128540767,0.6756756756756757,0.05392159617429343,0.0,0.0,0.0,0.0,0.015681624950230177,2026-01-31,kaan ofli,yizha,1.0,0.28941023184214615,0.7105897681578539,160.0,-185.0,1.3636363636363638,2.75,-0.0
0.1245757500134541,0.03397668475400911,1.7776019346249272,1.6756756756756757,1,1.6756756756756757,0.6170506021919087,0.6170506021919087,1,-148,True,1424.039971318666,1.1544401544401541,0.06981551250974105,1424.039971318666,0.0,0.6571191929076374,0.6571191929076374,0.12159340115974857,0.10118250223678951,34183.1363215098,1.0,1716.8883128540767,0.6756756756756757,0.05392159617429343,1716.8883128540767,0.6756756756756757,0.08185611989868011,0.1245757500134541,0.054494958815542005,2026-01-31,jacob malkoun,torrez finney,1.0,0.6170506021919087,0.38294939780809134,-250.0,210.0,2.1,1.6756756756756757,0.08185611989868011
0.0,-0.03565299349823267,1.3497935305821327,1.2857142857142856,0,1.2857142857142856,0.7500476717235969,0.7500476717235969,0,-350,False,-4132.8147750969265,-1.0,0.5447860060644028,-4132.8147750969265,0.0,0.8820413908422353,0.8820413908422353,0.9057987891943639,-0.4768497935629631,17882.91482326323,0.8,-12167.406723149648,-2.4871794871794872,0.11383102322508805,0.0,0.0,0.0,0.0,0.009193624535561606,2026-02-07,jean matsumoto,farid basharat,0.0,0.24995232827640307,0.7500476717235969,330.0,-400.0,1.2857142857142856,3.1,0.0
0.0,-0.055638657893673255,1.31970450434142,1.2777777777777777,1,1.2777777777777777,0.7390653981701688,0.7390653981701688,1,-360,False,-4132.8147750969265,-1.0,0.5447860060644028,-4132.8147750969265,0.0,0.8820413908422353,0.8820413908422353,0.9057987891943639,-0.4768497935629631,17882.91482326323,0.8,-12167.406723149648,-2.4871794871794872,0.11383102322508805,0.0,0.0,0.0,0.0,-0.018679988551107862,2026-02-07,wang cong,eduarda moura,1.0,0.7390653981701688,0.2609346018298312,-225.0,163.0,3.5,1.2777777777777777,0.0
0.5032803704962349,0.22653023008399148,1.6154697446230701,1.5128205128205128,1,1.5128205128205128,0.8107572707334859,0.8107572707334859,1,-195,True,-4132.8147750969265,-1.0,0.5447860060644028,-4132.8147750969265,0.0,0.8820413908422353,0.8820413908422353,0.9057987891943639,-0.4768497935629631,17882.91482326323,0.8,-12167.406723149648,-2.4871794871794872,0.11383102322508805,4970.448133099282,0.5128205128205128,0.28354255643431575,0.5032803704962349,0.19174227318964443,2026-02-07,klaudia sygula,priscila cachoeira,1.0,0.8107572707334859,0.1892427292665141,-300.0,250.0,2.3,1.5128205128205128,0.28354255643431575
0.14209128846147112,0.03733673432484269,1.8674967200331718,1.7246376811594204,1,1.7246376811594204,0.6014809636001188,0.6014809636001188,1,-138,True,-4132.8147750969265,-1.0,0.5447860060644028,-4132.8147750969265,0.0,0.8820413908422353,0.8820413908422353,0.9057987891943639,-0.4768497935629631,17882.91482326323,0.8,-12167.406723149648,-2.4871794871794872,0.11383102322508805,-4283.92458388029,-1.0,0.1253227481407147,0.14209128846147112,0.06600478885094052,2026-02-07,muin gafurov,jakub wiklacz,0.0,0.6014809636001188,0.3985190363998812,-135.0,115.0,1.9523809523809523,1.7246376811594204,-0.1253227481407147
0.0,-0.11644344597649448,1.7070898936730217,1.6134969325153374,0,1.6134969325153374,0.5476034916571536,0.5476034916571536,0,-163,True,-4132.8147750969265,-1.0,0.5447860060644028,-4132.8147750969265,0.0,0.8820413908422353,0.8820413908422353,0.9057987891943639,-0.4768497935629631,17882.91482326323,0.8,-12167.406723149648,-2.4871794871794872,0.11383102322508805,0.0,0.0,0.0,0.0,-0.038188740905580665,2026-02-07,bruna brasil,ketlen souza,0.0,0.4523965083428464,0.5476034916571536,130.0,-150.0,1.6134969325153374,2.2,0.0
0.2809516578951504,0.2594765038596867,2.5560288864226095,2.24,0,2.24,0.5622662963659315,0.5622662963659315,0,124,True,-4132.8147750969265,-1.0,0.5447860060644028,-4132.8147750969265,0.0,0.8820413908422353,0.8820413908422353,0.9057987891943639,-0.4768497935629631,17882.91482326323,0.8,-12167.406723149648,-2.4871794871794872,0.11383102322508805,-5469.102904441245,-1.0,0.1599941811366151,0.2809516578951504,0.17103441111146195,2026-02-07,dustin jacoby,julius walker,1.0,0.43773370363406855,0.5622662963659315,-170.0,145.0,2.24,1.5319148936170213,-0.1599941811366151
0.24566329667652742,0.0991210093088622,1.6125154746838433,1.5405405405405406,1,1.5405405405405406,0.7134645148145246,0.7134645148145246,1,-185,True,-4132.8147750969265,-1.0,0.5447860060644028,-4132.8147750969265,0.0,0.8820413908422353,0.8820413908422353,0.9057987891943639,-0.4768497935629631,17882.91482326323,0.8,-12167.406723149648,-2.4871794871794872,0.11383102322508805,-7384.827367927394,-1.0,0.2160371505548623,0.24566329667652742,0.0933154274415402,2026-02-07,jailton almeida,rizvan kuniev,0.0,0.7134645148145246,0.28653548518547545,-400.0,330.0,2.4,1.5405405405405406,-0.2160371505548623
0.0,-0.1369510772491544,1.304111359206534,1.263157894736842,0,1.263157894736842,0.6832470638444195,0.6832470638444195,0,-380,False,-4132.8147750969265,-1.0,0.5447860060644028,-4132.8147750969265,0.0,0.8820413908422353,0.8820413908422353,0.9057987891943639,-0.4768497935629631,17882.91482326323,0.8,-12167.406723149648,-2.4871794871794872,0.11383102322508805,0.0,0.0,0.0,0.0,-0.08355861800197917,2026-02-07,amir albazi,kyoji horiguchi,0.0,0.3167529361555805,0.6832470638444195,185.0,-220.0,1.263157894736842,3.6,0.0
0.0,-0.1369957021226128,1.7898506227849404,1.6666666666666663,1,1.6666666666666663,0.5178025787264324,0.5178025787264324,1,-150,True,-4132.8147750969265,-1.0,0.5447860060644028,-4132.8147750969265,0.0,0.8820413908422353,0.8820413908422353,0.9057987891943639,-0.4768497935629631,17882.91482326323,0.8,-12167.406723149648,-2.4871794871794872,0.11383102322508805,0.0,0.0,0.0,0.0,-0.040903263688527036,2026-02-07,mario bautista,vinicius oliveira,1.0,0.5178025787264324,0.4821974212735676,-140.0,120.0,2.05,1.6666666666666663,0.0
0.0,0.02733032635632643,1.4003163300090786,1.3496503496503496,1,1.3496503496503496,0.761182573414273,0.761182573414273,1,-286,False,-4132.8147750969265,-1.0,0.5447860060644028,-4132.8147750969265,0.0,0.8820413908422353,0.8820413908422353,0.9057987891943639,-0.4768497935629631,17882.91482326323,0.8,-12167.406723149648,-2.4871794871794872,0.11383102322508805,0.0,0.0,0.0,0.0,0.047058215531853076,2026-02-07,nikolay veretennikov,niko price,1.0,0.761182573414273,0.23881742658572702,-325.0,275.0,3.05,1.3496503496503496,0.0
0.2564956068799909,0.19821901443049206,2.1331619951972516,1.9803921568627447,1,1.9803921568627447,0.605041284514407,0.605041284514407,1,-102,True,-2670.4363223144055,-1.0,0.4272296074507751,-2670.4363223144055,0.0,0.892305623392521,0.892305623392521,0.3226735536765075,0.020616803132945425,18251.603357617678,1.0,3039.124856668855,0.9803921568627447,0.11801756912264673,3039.124856668855,0.9803921568627447,0.17334463561665447,0.2564956068799909,0.13625363395084494,2026-02-21,serghei spivac,ante delija,1.0,0.605041284514407,0.394958715485593,160.0,-185.0,1.7692307692307692,1.9803921568627447,0.17334463561665447
0.0,-0.0259395571533535,1.3015097584577378,1.25,0,1.25,0.7792483542773172,0.7792483542773172,0,-400,False,-2670.4363223144055,-1.0,0.4272296074507751,-2670.4363223144055,0.0,0.892305623392521,0.892305623392521,0.3226735536765075,0.020616803132945425,18251.603357617678,1.0,3039.124856668855,0.9803921568627447,0.11801756912264673,0.0,0.0,0.0,0.0,0.0109098969575816,2026-02-21,nora cornolle,joselyne edwards,0.0,0.22075164572268274,0.7792483542773172,167.0,-192.0,1.25,3.45,0.0
0.0,-0.0823546645895274,1.825398859292949,1.704225352112676,0,1.704225352112676,0.5384530480507732,0.5384530480507732,0,-142,True,-2670.4363223144055,-1.0,0.4272296074507751,-2670.4363223144055,0.0,0.892305623392521,0.892305623392521,0.3226735536765075,0.020616803132945425,18251.603357617678,1.0,3039.124856668855,0.9803921568627447,0.11801756912264673,0.0,0.0,0.0,0.0,-0.009372428506903896,2026-02-21,ramiz brahimaj,punahele soriano,0.0,0.46154695194922685,0.5384530480507732,146.0,-171.0,1.704225352112676,2.02,0.0
0.0,-0.054662203613689675,1.7862660618890451,1.6896551724137931,0,1.6896551724137931,0.5594856345959796,0.5594856345959796,0,-145,True,-2670.4363223144055,-1.0,0.4272296074507751,-2670.4363223144055,0.0,0.892305623392521,0.892305623392521,0.3226735536765075,0.020616803132945425,18251.603357617678,1.0,3039.124856668855,0.9803921568627447,0.11801756912264673,0.0,0.0,0.0,0.0,-0.000341381846611033,2026-02-21,chidi njokuani,carlos leal,0.0,0.4405143654040204,0.5594856345959796,220.0,-260.0,1.6896551724137931,2.1,0.0
0.0,0.05973689423009118,1.2558298410549782,1.2083333333333333,1,1.2083333333333333,0.8770236366042135,0.8770236366042135,1,-480,False,-2670.4363223144055,-1.0,0.4272296074507751,-2670.4363223144055,0.0,0.892305623392521,0.892305623392521,0.3226735536765075,0.020616803132945425,18251.603357617678,1.0,3039.124856668855,0.9803921568627447,0.11801756912264673,0.0,0.0,0.0,0.0,0.0807374142924906,2026-02-21,alden coria,luis gurule,1.0,0.8770236366042135,0.12297636339578655,-210.0,180.0,3.75,1.2083333333333333,0.0
0.0,0.06985493316253255,1.4284630703555674,1.3636363636363638,0,1.3636363636363638,0.7845602843191904,0.7845602843191904,0,-275,False,-2670.4363223144055,-1.0,0.4272296074507751,-2670.4363223144055,0.0,0.892305623392521,0.892305623392521,0.3226735536765075,0.020616803132945425,18251.603357617678,1.0,3039.124856668855,0.9803921568627447,0.11801756912264673,0.0,0.0,0.0,0.0,0.08450718476577745,2026-02-21,dan ige,melquizael costa,0.0,0.21543971568080958,0.7845602843191904,105.0,-125.0,1.3636363636363638,2.85,0.0
0.0,-0.09366729801509624,1.1338676399920844,1.1111111111111112,0,1.1111111111111112,0.8156994317864134,0.8156994317864134,0,-900,False,-2670.4363223144055,-1.0,0.4272296074507751,-2670.4363223144055,0.0,0.892305623392521,0.892305623392521,0.3226735536765075,0.020616803132945425,18251.603357617678,1.0,3039.124856668855,0.9803921568627447,0.11801756912264673,0.0,0.0,0.0,0.0,-0.06623772271865835,2026-02-21,juliana miller,carli judice,0.0,0.18430056821358667,0.8156994317864134,285.0,-350.0,1.1111111111111112,6.0,0.0
0.0,-0.05359040448391694,1.5148568537970253,1.4444444444444444,1,1.4444444444444444,0.655206643049596,0.655206643049596,1,-225,True,-2670.4363223144055,-1.0,0.4272296074507751,-2670.4363223144055,0.0,0.892305623392521,0.892305623392521,0.3226735536765075,0.020616803132945425,18251.603357617678,1.0,3039.124856668855,0.9803921568627447,0.11801756912264673,0.0,0.0,0.0,0.0,-0.004921736403205701,2026-02-21,geoff neal,uros medic,0.0,0.655206643049596,0.34479335695040403,-180.0,155.0,2.6,1.4444444444444444,-0.0
0.0,-0.24219328705563276,1.263347774252763,1.2272727272727273,0,1.2272727272727273,0.6174721364731881,0.6174721364731881,0,-440,False,-2670.4363223144055,-1.0,0.4272296074507751,-2670.4363223144055,0.0,0.892305623392521,0.892305623392521,0.3226735536765075,0.020616803132945425,18251.603357617678,1.0,3039.124856668855,0.9803921568627447,0.11801756912264673,0.0,0.0,0.0,0.0,-0.17407554373028844,2026-02-21,jordan leavitt,yadier del valle,1.0,0.38252786352681184,0.6174721364731881,385.0,-500.0,1.2272727272727273,3.95,-0.0
0.0,0.19112582112472215,1.4045496985966854,1.3496503496503496,0,1.3496503496503496,0.8825440021804937,0.8825440021804937,0,-286,False,-2670.4363223144055,-1.0,0.4272296074507751,-2670.4363223144055,0.0,0.892305623392521,0.892305623392521,0.3226735536765075,0.020616803132945425,18251.603357617678,1.0,3039.124856668855,0.9803921568627447,0.11801756912264673,0.0,0.0,0.0,0.0,0.17057204348147392,2026-02-21,sean strickland,anthony hernandez,1.0,0.11745599781950634,0.8825440021804937,186.0,-245.0,1.3496503496503496,3.0,-0.0
0.048093139275207676,-0.021888966172855073,1.793381245645566,1.6896551724137931,0,1.6896551724137931,0.5788820404283103,0.5788820404283103,0,-145,True,-2670.4363223144055,-1.0,0.4272296074507751,-2670.4363223144055,0.0,0.892305623392521,0.892305623392521,0.3226735536765075,0.020616803132945425,18251.603357617678,1.0,3039.124856668855,0.9803921568627447,0.11801756912264673,0.0,0.0,0.0,0.048093139275207676,0.02127612008758062,2026-02-21,ode osbourne,alibi idiris,0.0,0.42111795957168974,0.5788820404283103,170.0,-200.0,1.6896551724137931,2.08,0.0
