date,fighter_red,fighter_blue,open_red,open_blue,close1_red,close2_red,close1_blue,close2_blue,pred_name_open,pred_winner_open,choice_proba_open,fstar_open,stake_open,edge_open,ev_open,pred_name_close1,pred_winner_close1,choice_proba_close1,fstar_close1,stake_close1,edge_close1,ev_close1,pred_name_close2,pred_winner_close2,choice_proba_close2,fstar_close2,stake_close2,edge_close2,ev_close2,winner_bool,winner_name,win_bet_open,chosen_odds_open,net_odds_open,net_stake_open,win_bet_close1,chosen_odds_close1,net_odds_close1,net_stake_close1,win_bet_close2,chosen_odds_close2,net_odds_close2,net_stake_close2
2026-02-28,erik silva,francis marshall,350.0,-450.0,500.0,750.0,-1200.0,-800.0,francis marshall,0,0.7419006039857423,0.0,0.0,-0.06248017625366775,-0.0932325951285371,francis marshall,0,0.8026535781232752,0.0,0.0,-0.09894713404911393,-0.13045862369978525,francis marshall,0,0.7942333658601511,0.0,0.0,-0.09271038568915191,-0.10648746340732997,0,Francis Marshall,,-450.0,,,,-1200.0,,,,-800.0,,
2026-02-28,regina tarin,ernesta kareckaite,130.0,-150.0,105.0,133.0,-167.0,-125.0,,,,,,,,,,,,,,,,,,,,,,1,Regina Tarin,,,,,,,,,,,,
2026-02-28,douglas silva de andrade,javier reyes,180.0,-210.0,175.0,225.0,-265.0,-225.0,,,,,,,,,,,,,,,,,,,,,,0,Javier Reyes,,,,,,,,,,,,
2026-02-28,cristian quinonez,kris moutinho,-500.0,385.0,-700.0,-560.0,420.0,500.0,cristian quinonez,1,0.8423902003171508,0.12321384525685233,431.2484583989832,0.02215028295098509,0.010868240380580957,cristian quinonez,1,0.8582393005516781,0.0,0.0,0.0030930763699484887,-0.01915508508379654,cristian quinonez,1,0.8531353670090951,0.06115507332290524,214.04275663016836,0.009567183118736944,0.0054809682607192545,1,Cristian Quinonez,True,-500.0,0.19999999999999996,0.12321384525685233,,-700.0,,,True,-560.0,0.1785714285714286,0.06115507332290524
2026-02-28,ailin perez,macy chiasson,-129.0,109.0,-195.0,-180.0,148.0,165.0,ailin perez,1,0.7022499941667392,0.15476521874281887,541.6782655998661,0.1589692197650151,0.2466298346060719,ailin perez,1,0.7647425240223515,0.26380848704222265,923.3297046477793,0.13159961375703388,0.1569181773671472,ailin perez,1,0.7652966176570148,0.2642691649259016,924.9420772406555,0.13129035170639225,0.19046140524424532,1,Ailin Perez,True,-129.0,0.7751937984496124,0.15476521874281887,True,-195.0,0.5128205128205128,0.26380848704222265,True,-180.0,0.5555555555555556,0.2642691649259016
2026-02-28,santiago luna,angel pacheco,-400.0,300.0,-1200.0,-649.0,450.0,750.0,santiago luna,1,0.7842496042810757,0.0,0.0,0.001897472045140458,-0.019687994648655366,santiago luna,1,0.846108546362881,0.0,0.0,-0.052146906885242816,-0.08338240810687896,santiago luna,1,0.8332978325353737,0.0,0.0,-0.038287258727335294,-0.03830496676580131,1,Santiago Luna,,-400.0,,,,-1200.0,,,,-649.0,,
2026-02-28,ryan gandra,jose daniel medina,-550.0,420.0,-1000.0,-649.0,450.0,650.0,,,,,,,,,,,,,,,,,,,,,,1,Ryan Gandra,,,,,,,,,,,,
2026-02-28,imanol rodriguez,kevin borjas,-230.0,195.0,-530.0,-450.0,333.0,380.0,,,,,,,,,,,,,,,,,,,,,,1,Imanol Rodriguez,,,,,,,,,,,,
2026-02-28,edgar chairez,felipe bunes,-220.0,185.0,-350.0,-255.0,215.0,260.0,edgar chairez,1,0.729662050308411,0.17707046595928522,619.7466308574983,0.0581731671382022,0.06132661863041605,edgar chairez,1,0.7768413761152017,0.0,0.0,0.034082931383862536,-0.0012039449947408298,edgar chairez,1,0.7623579409581548,0.15165196674293094,530.7818836002583,0.04248430745163012,0.061321839373117415,1,Edgar Chairez,True,-220.0,0.4545454545454546,0.17707046595928522,,-350.0,,,True,-255.0,0.392156862745098,0.15165196674293094
2026-02-28,daniel zellhuber,king green,-520.0,350.0,-500.0,-360.0,290.0,350.0,daniel zellhuber,1,0.8296426037212852,0.0,0.0,0.010757145246035216,-0.010810741716929223,daniel zellhuber,1,0.8219568997740243,0.0,0.0,0.018038261498051322,-0.01365172027117087,daniel zellhuber,1,0.8095778751973084,0.13111704559262283,458.9096595741799,0.028737288811865103,0.03446061830767175,0,King Green,,-520.0,,,,-500.0,,,False,-360.0,-1.0,-0.13111704559262283
2026-02-28,marlon vera,david martinez,130.0,-150.0,210.0,265.0,-340.0,-275.0,david martinez,0,0.6210713951694777,0.0891465105504303,312.01278692650607,0.03708876013316764,0.035118991949129486,david martinez,0,0.7391756488702232,0.0,0.0,0.0018138743629185772,-0.04341974852088751,david martinez,0,0.7344028528619754,0.014597289098115767,51.09051184340518,0.003934674068743482,0.0014584357208756171,0,David Martinez,True,-150.0,0.6666666666666665,0.0891465105504303,,-340.0,,,True,-275.0,0.36363636363636376,0.014597289098115767
2026-02-28,brandon moreno,loneer kavanagh,-210.0,180.0,-215.0,-198.0,163.0,170.0,brandon moreno,1,0.6205949411661633,0.0,0.0,-0.04223641866183625,-0.08388365827852079,brandon moreno,1,0.6148708438025171,0.0,0.0,-0.04117072781643483,-0.09914271721956802,brandon moreno,1,0.6093348309105281,0.0,0.0,-0.04017584979379063,-0.08292030499324549,0,Lone'er Kavanagh,,-210.0,,,,-215.0,,,,-198.0,,
2026-02-28,damian pinas,wes schultz,-400.0,300.0,-265.0,-225.0,190.0,200.0,,,,,,,,,,,,,,,,,,,,,,1,Damian Pinas,,,,,,,,,,,,
2026-03-07,ricky turcios,alberto montes,190.0,-225.0,150.0,160.0,-195.0,-175.0,,,,,,,,,,,,,,,,,,,,,,0,Alberto Montes,,,,,,,,,,,,
2026-03-07,donte johnson,cody brundage,-800.0,550.0,-910.0,-725.0,500.0,610.0,donte johnson,1,0.9244397926217225,0.2762159925372549,966.7559738803919,0.04781245767853881,0.0399947666994378,donte johnson,1,0.9259507373194539,0.31039551070620947,1086.3842874717332,0.04320820584434426,0.027703565596316995,donte johnson,1,0.9234979340519904,0.26275076539219616,919.6276788726866,0.050625968659107845,0.050876959438471925,1,Donte Johnson,True,-800.0,0.125,0.2762159925372549,True,-910.0,0.10989010989010994,0.31039551070620947,True,-725.0,0.13793103448275867,0.26275076539219616
2026-03-07,luke fernandez,rodolfo bellato,-125.0,105.0,-245.0,-220.0,175.0,190.0,,,,,,,,,,,,,,,,,,,,,,0,Rodolfo Bellato,,,,,,,,,,,,
2026-03-07,rafael tobias,diyar nurgozhay,-300.0,250.0,-190.0,-170.0,140.0,150.0,,,,,,,,,,,,,,,,,,,,,,0,Diyar Nurgozhay,,,,,,,,,,,,
2026-03-07,sumudaerji,jesus aguilar,-215.0,185.0,-205.0,-155.0,130.0,163.0,sumudaerji,1,0.7303780697297598,0.14157493856317133,495.5122849710997,0.06185208800842745,0.0700887998366248,sumudaerji,1,0.6992670744690468,0.16547575932214964,579.1651576275237,0.07352092192262161,0.04037296445394767,sumudaerji,1,0.6897768408030928,0.13060177021572872,457.1061957550505,0.07656059747897448,0.1347941574502493,1,Sumudaerji,True,-215.0,0.4651162790697674,0.14157493856317133,True,-205.0,0.4878048780487805,0.16547575932214964,True,-155.0,0.6451612903225805,0.13060177021572872
2026-03-07,cody durden,nyamjargal tumendemberel,140.0,-160.0,155.0,180.0,-220.0,-194.0,nyamjargal tumendemberel,0,0.6412265933456629,0.0767025106911167,268.45878741890846,0.0403491451218404,0.04199321418670221,nyamjargal tumendemberel,0,0.6835476994373241,0.0,0.0,0.02961063582649459,-0.005748800818437705,nyamjargal tumendemberel,0,0.6824859821583158,0.056824326653592855,198.88514328757498,0.029922493177601095,0.03428288017806619,0,Nyamjargal Tumendemberel,True,-160.0,0.625,0.0767025106911167,,-220.0,,,True,-194.0,0.5154639175257731,0.056824326653592855
2026-03-07,drew dober,michael johnson,160.0,-185.0,-225.0,-190.0,160.0,175.0,michael johnson,0,0.5723019318941417,0.0,0.0,-0.06210204799937702,-0.1183456724874033,drew dober,1,0.6814150497186665,0.0,0.0,0.021286670265864838,-0.01573381707303728,drew dober,1,0.671195897732904,0.04513380931423333,157.96833259981665,0.024143501215449947,0.02445689653969546,1,Drew Dober,,-185.0,,,,-225.0,,,True,-190.0,0.5263157894736841,0.04513380931423333
2026-03-07,rob font,raul rosas jr,375.0,-500.0,245.0,275.0,-350.0,-290.0,raul rosas jr,0,0.8740934011658319,0.21802462969702183,763.0862039395764,0.05527144718905641,0.04891208139899825,raul rosas jr,0,0.8458604973811306,0.2889892754996874,1011.4624642489058,0.09290382537011488,0.08753492520431061,raul rosas jr,0,0.8395509717847568,0.22063815161368874,772.2335306479107,0.09992852975078181,0.1290513068829488,0,Raul Rosas Jr.,True,-500.0,0.19999999999999996,0.21802462969702183,True,-350.0,0.2857142857142856,0.2889892754996874,True,-290.0,0.3448275862068966,0.22063815161368874
2026-03-07,caio borralho,reinier de ridder,-235.0,180.0,-245.0,-210.0,175.0,190.0,caio borralho,1,0.6958073809775569,0.0,0.0,0.01843861672537206,-0.008104371797950816,caio borralho,1,0.6978285066676349,0.0,0.0,0.017780065792655453,-0.01734353142720807,caio borralho,1,0.6887215997716001,0.04108404337664964,143.79415181827375,0.020669558726388426,0.016684266329504926,1,Caio Borralho,,-235.0,,,,-245.0,,,True,-210.0,0.4761904761904763,0.04108404337664964
2026-03-07,max holloway,charles oliveira,-150.0,130.0,-225.0,-190.0,155.0,175.0,charles oliveira,0,0.53011777384276,0.08540854667006821,298.9299133452387,0.11410040887907025,0.21927087983834803,max holloway,1,0.5348712704959939,0.0,0.0,-0.12202911195342014,-0.2274081648391199,max holloway,1,0.5261144351554871,0.0,0.0,-0.120937961361967,-0.1969832305521514,0,Charles Oliveira,True,130.0,1.2999999999999998,0.08540854667006821,,-225.0,,,,-190.0,,
2026-03-07,gregory rodrigues,brunno ferreira,-150.0,130.0,-175.0,-155.0,130.0,140.0,gregory rodrigues,1,0.6412868327676758,0.10450967267996307,365.7838543798707,0.05730419773136575,0.06881138794612629,gregory rodrigues,1,0.6579522863604585,0.11385524598242444,398.4933609384855,0.05345848236720541,0.03392502142357767,gregory rodrigues,1,0.6516526957659685,0.08992058625544805,314.72205189406816,0.05496535055005347,0.07207378980852874,1,Gregory Rodrigues,True,-150.0,0.6666666666666665,0.10450967267996307,True,-175.0,0.5714285714285714,0.11385524598242444,True,-155.0,0.6451612903225805,0.08992058625544805
2026-03-07,cody garbrandt,xiao long,,,,,,,,,,,,,,,,,,,,,,,,,,,,1,Cody Garbrandt,,,,,,,,,,,,
2026-03-14,elijah smith,suyoung you,-250.0,210.0,-280.0,-260.0,210.0,230.0,elijah smith,1,0.7510238144528547,0.12039576676640959,421.3851836824336,0.051593919330165994,0.05143334023399654,elijah smith,1,0.7603464815253732,0.16328449158353966,571.4957205423889,0.04677164130593903,0.03189879635586368,elijah smith,1,0.7594283758005186,0.1366859660631877,478.40088122115696,0.04726295296475602,0.05151621264687184,1,Elijah Smith,True,-250.0,0.3999999999999999,0.12039576676640959,True,-280.0,0.3571428571428572,0.16328449158353966,True,-260.0,0.3846153846153846,0.1366859660631877
2026-03-14,bolaji oki,manoel sousa,170.0,-200.0,210.0,265.0,-320.0,-270.0,,,,,,,,,,,,,,,,,,,,,,0,Manoel Sousa,,,,,,,,,,,,
2026-03-14,vitor petrino,steven asplund,-240.0,205.0,-230.0,-200.0,163.0,188.0,vitor petrino,1,0.7051222165251209,0.0,0.0,0.012985246213592982,-0.0010768599227454212,vitor petrino,1,0.6844898717827559,0.0,0.0,0.019614070008728057,-0.01790583613778507,vitor petrino,1,0.6813034220613586,0.05042276860686684,176.47969012403394,0.020549209198500673,0.02195513309203795,1,Vitor Petrino,,-240.0,,,,-230.0,,,True,-200.0,0.5,0.05042276860686684
2026-03-14,piera rodriguez,sam hughes,-140.0,120.0,-152.0,-140.0,118.0,128.0,piera rodriguez,1,0.6299848744257385,0.10400518461762746,364.0181461616961,0.06442012564182142,0.07997407044412319,piera rodriguez,1,0.6373761893748056,0.14779377848617023,517.2782247015958,0.06289250235682475,0.05670262975296714,piera rodriguez,1,0.6362390345746851,0.12310610306106028,430.871360713711,0.06313251118699537,0.0906954878423174,1,Piera Rodriguez,True,-140.0,0.7142857142857144,0.10400518461762746,True,-152.0,0.6578947368421053,0.14779377848617023,True,-140.0,0.7142857142857144,0.12310610306106028
2026-03-14,luan lacerda,hecher sosa,170.0,-200.0,150.0,200.0,-250.0,-180.0,,,,,,,,,,,,,,,,,,,,,,0,Hecher Sosa,,,,,,,,,,,,
2026-03-14,bia mesquita,montse rendon,-500.0,375.0,-1667.0,-649.0,450.0,900.0,bia mesquita,1,0.8581201811561027,0.15213385384509187,532.4684884578215,0.03929822717932718,0.029744217387323163,bia mesquita,1,0.896047154224588,0.0,0.0,-0.022011387534741633,-0.050200766937704255,bia mesquita,1,0.8817659012583601,0.028978172447352915,101.4236035657352,0.004264377479441528,0.017631217322822412,1,Bia Mesquita,True,-500.0,0.19999999999999996,0.15213385384509187,,-1667.0,,,True,-649.0,0.15408320493066263,0.028978172447352915
2026-03-14,brad tavares,eryk anders,-185.0,160.0,100.0,118.0,-140.0,-125.0,brad tavares,1,0.6329194837508073,0.0,0.0,-0.0014844961427114,-0.024961876383891413,eryk anders,0,0.5225690069195523,0.0,0.0,-0.02091736120854304,-0.10416741670933882,eryk anders,0,0.5272425034047552,0.0,0.0,-0.02149308369274061,-0.05096349387144061,0,Eryk Anders,,-185.0,,,,-140.0,,,,-125.0,,
2026-03-14,marwan rahiki,harry hardwick,-200.0,170.0,-320.0,-275.0,210.0,260.0,,,,,,,,,,,,,,,,,,,,,,1,Marwan Rahiki,,,,,,,,,,,,
2026-03-14,ion cutelaba,oumar sy,170.0,-200.0,200.0,320.0,-420.0,-250.0,oumar sy,0,0.6522844523775294,0.0,0.0,0.001462086841159116,-0.021573321433705883,oumar sy,0,0.7337707158676896,0.0,0.0,-0.024817476881164646,-0.0915219708304795,oumar sy,0,0.7158724262034744,0.0,0.0,-0.017574114506579086,0.002221396684864041,1,Ion Cutelaba,,-200.0,,,,-420.0,,,False,-250.0,-1.0,-0.0
2026-03-14,andre fili,jose delgado,220.0,-260.0,301.0,375.0,-500.0,-401.0,jose delgado,0,0.727631271491644,0.04629749901256528,162.04124654397847,0.019249227872349395,0.0074894528345839095,jose delgado,0,0.791149252979806,0.0,0.0,-0.015051316661493508,-0.05062089642423284,jose delgado,0,0.7853792839196065,0.0,0.0,-0.011137620664534054,-0.01876553305804768,0,Jose Delgado,True,-260.0,0.3846153846153846,0.04629749901256528,,-500.0,,,,-401.0,,
2026-03-14,amanda lemos,gillian robertson,210.0,-250.0,194.0,210.0,-250.0,-235.0,gillian robertson,0,0.7506148065376923,0.11944133604668875,418.0446761634106,0.05118491141500359,0.05086072915276918,gillian robertson,0,0.7458178791135017,0.17392458547531037,608.7360491635862,0.05352027896199674,0.04414503075890236,gillian robertson,0,0.745377067773623,0.14504991663662312,507.674708228181,0.05373040268634299,0.06255879874112213,0,Gillian Robertson,True,-250.0,0.3999999999999999,0.11944133604668875,True,-250.0,0.3999999999999999,0.17392458547531037,True,-235.0,0.42553191489361697,0.14504991663662312
2026-03-14,josh emmett,kevin vallejos,375.0,-500.0,360.0,400.0,-560.0,-480.0,kevin vallejos,0,0.8385754007112649,0.07647082818083178,267.6478986329112,0.01975344673448942,0.006290480853517855,kevin vallejos,0,0.8427616246945654,0.0,0.0,0.015185240422634139,-0.006745228038547907,kevin vallejos,0,0.8383232447969756,0.09173084947551585,321.05797316430545,0.020022718766782077,0.01297392079634549,0,Kevin Vallejos,True,-500.0,0.19999999999999996,0.07647082818083178,,-560.0,,,True,-480.0,0.20833333333333326,0.09173084947551585
2026-03-14,chris curtis,myktybek orolbai,210.0,-250.0,333.0,380.0,-500.0,-450.0,myktybek orolbai,0,0.7773352230631534,0.14609665624866092,511.3382968703132,0.07790532794046467,0.08826931228841467,myktybek orolbai,0,0.8392605205748478,0.14418155922656092,504.6354572929632,0.02708205458773616,0.0071126246898172985,myktybek orolbai,0,0.8377678511496033,0.12504140277383918,437.6449097084371,0.02867706405299497,0.023938484738404098,0,Myktybek Orolbai,True,-250.0,0.3999999999999999,0.14609665624866092,True,-500.0,0.19999999999999996,0.14418155922656092,True,-450.0,0.22222222222222232,0.12504140277383918
2026-03-14,charles johnson,bruno silva,-150.0,130.0,-195.0,-175.0,140.0,165.0,charles johnson,1,0.6792655796449444,0.11309638060631175,395.83733212209114,0.09528294460863429,0.13210929940824057,charles johnson,1,0.7118899770379493,0.2272234409249618,795.2820432373663,0.08472115384767043,0.07696176013433353,charles johnson,1,0.7141940029567776,0.18885827371569397,661.0039580049289,0.08387114593999145,0.1223048617892219,1,Charles Johnson,True,-150.0,0.6666666666666665,0.11309638060631175,True,-195.0,0.5128205128205128,0.2272234409249618,True,-175.0,0.5714285714285714,0.18885827371569397
2026-03-21,mario pinto,felipe franco,-300.0,250.0,-1400.0,-800.0,500.0,800.0,,,,,,,,,,,,,,,,,,,,,,1,Mario Pinto,,,,,,,,,,,,
2026-03-21,mason jones,axel sola,-220.0,185.0,-177.0,-138.0,110.0,152.0,mason jones,1,0.733290544431668,0.18811506223524957,658.4027178233735,0.06180166126145914,0.06660442826424434,mason jones,1,0.6700752528381465,0.20179706295951633,706.2897203583071,0.08341605022584042,0.04864884201224068,mason jones,1,0.6731769308312653,0.20169302763622257,705.925596726779,0.08257847769648896,0.16098630099884892,1,Mason Jones,True,-220.0,0.4545454545454546,0.18811506223524957,True,-177.0,0.5649717514124295,0.20179706295951633,True,-138.0,0.7246376811594204,0.20169302763622257
2026-03-21,shem rock,abdul kareem al selwady,160.0,-185.0,-155.0,-104.0,-118.0,130.0,abdul kareem al selwady,0,0.7929781260702196,0.1974921375941022,691.2224815793577,0.15857414617670085,0.22161495097304096,abdul kareem al selwady,0,0.6756340381859034,0.1886510428189498,660.2786498663243,0.2118637808440184,0.2482052569875164,abdul kareem al selwady,0,0.675271553077816,0.18843317109469138,659.5160988314199,0.211964452487166,0.5531245720789766,0,Abdul-Kareem Al-Selwady,True,-185.0,0.5405405405405406,0.1974921375941022,True,-118.0,0.847457627118644,0.1886510428189498,True,130.0,1.2999999999999998,0.18843317109469138
2026-03-21,louie sutherland,brando pericic,-170.0,145.0,180.0,210.0,-275.0,-210.0,,,,,,,,,,,,,,,,,,,,,,0,Brando Pericic,,,,,,,,,,,,
2026-03-21,mantas kondratavicius,antonio trocoli,-400.0,300.0,-1115.0,-750.0,490.0,750.0,,,,,,,,,,,,,,,,,,,,,,1,Mantas Kondratavicius,,,,,,,,,,,,
2026-03-21,nathaniel wood,losene keita,130.0,-150.0,194.0,235.0,-290.0,-245.0,,,,,,,,,,,,,,,,,,,,,,1,Nathaniel Wood,,,,,,,,,,,,
2026-03-21,shanelle dyer,ravena oliveira,-200.0,170.0,-600.0,-450.0,330.0,440.0,,,,,,,,,,,,,,,,,,,,,,1,Shanelle Dyer,,,,,,,,,,,,
2026-03-21,kurtis campbell,danny silva,-125.0,105.0,-300.0,-230.0,184.0,240.0,,,,,,,,,,,,,,,,,,,,,,0,Danny Silva,,,,,,,,,,,,
2026-03-21,roman dolidze,christian leroy duncan,210.0,-250.0,290.0,340.0,-470.0,-370.0,christian leroy duncan,0,0.7508148864880853,0.17094798930649815,598.3179625727436,0.05138499136539654,0.05114084108331929,christian leroy duncan,0,0.8104494039491459,0.0,0.0,0.012993505860403154,-0.017114552657418763,christian leroy duncan,0,0.8018115380178192,0.09098694057472222,318.45429201152774,0.01983884884075149,0.01851735910371624,0,Christian Leroy Duncan,True,-250.0,0.3999999999999999,0.17094798930649815,,-470.0,,,True,-370.0,0.2702702702702702,0.09098694057472222
2026-03-21,michael page,sam patterson,-155.0,135.0,-230.0,-178.0,144.0,190.0,michael page,1,0.5547835547683497,0.0,0.0,-0.037824580691844245,-0.08729157118755376,michael page,1,0.6065235513164022,0.0,0.0,-0.04566287982132289,-0.1297705568069012,michael page,1,0.6019017328962217,0.0,0.0,-0.04487122935330734,-0.059951226150844694,1,Michael Page,,-155.0,,,,-230.0,,,,-178.0,,
2026-03-21,iwo baraniewski,austen lane,-450.0,350.0,-800.0,-590.0,410.0,550.0,iwo baraniewski,1,0.7673969285725715,0.0,0.0,-0.036983851666838596,-0.06207042063352369,iwo baraniewski,1,0.8038669615428014,0.0,0.0,-0.06128673476465585,-0.09564966826434848,iwo baraniewski,1,0.7964766265754736,0.0,0.0,-0.05572989526850236,-0.06852733502190378,1,Iwo Baraniewski,,-450.0,,,,-800.0,,,,-590.0,,
2026-03-21,luke riley,michael aswell jr,-150.0,130.0,-250.0,-188.0,150.0,205.0,luke riley,1,0.5403408926405684,0.0,0.0,-0.0436417423957417,-0.09943184559905277,luke riley,1,0.6129462443767644,0.0,0.0,-0.054505322680848844,-0.14187525787252994,luke riley,1,0.6075491568377328,0.0,0.0,-0.05354645783935019,-0.0692863980358136,1,Luke Riley,,-150.0,,,,-250.0,,,,-188.0,,
2026-03-21,movsar evloev,lerone murphy,-250.0,210.0,-275.0,-225.0,175.0,210.0,movsar evloev,1,0.7436468155150376,0.14710119498993937,514.8541824647878,0.044216920392348924,0.04110554172105263,movsar evloev,1,0.7405572059045227,0.1496148634681133,523.6520221383965,0.045649062696898945,0.009850735324349214,movsar evloev,1,0.7345091505294129,0.15405648175493233,539.1976861422631,0.04835256318137093,0.060957661875818636,1,Movsar Evloev,True,-250.0,0.3999999999999999,0.14710119498993937,True,-275.0,0.36363636363636376,0.1496148634681133,True,-225.0,0.4444444444444444,0.15405648175493233
2026-03-28,casey oneill,gabriella fernandes,110.0,-130.0,-130.0,-113.0,-113.0,110.0,casey oneill,1,0.5839369990212304,0.08431713996942368,295.10998989298287,0.1293397344656642,0.2262676979445839,casey oneill,1,0.6378800444194259,0.20106249831505657,703.718744102698,0.1196392865615562,0.12855700166513812,casey oneill,1,0.6452720166451356,0.18142677266048568,634.9937043116998,0.11802721867185328,0.21630919951693695,1,Casey O'Neill,True,110.0,1.1,0.08431713996942368,True,-130.0,0.7692307692307692,0.20106249831505657,True,-113.0,0.8849557522123894,0.18142677266048568
2026-03-28,marcin tybura,tyrell fortune,-160.0,140.0,-104.0,116.0,-143.0,-122.0,,,,,,,,,,,,,,,,,,,,,,0,Tyrell Fortune,,,,,,,,,,,,
2026-03-28,ignacio bahamondes,tofiq musayev,-200.0,175.0,-350.0,-295.0,220.0,280.0,ignacio bahamondes,1,0.703382879613121,0.09809339685474831,343.3268889916191,0.049659714839006996,0.05507431941968144,ignacio bahamondes,1,0.7663655765835989,0.0,0.0,0.021766583314469568,-0.014672830106801454,ignacio bahamondes,1,0.7653335335078427,0.07704323535850528,269.6513237547685,0.022346560879492605,0.02476862961219617,0,Tofiq Musayev,False,-200.0,-1.0,-0.09809339685474831,,-350.0,,,False,-295.0,-1.0,-0.07704323535850528
2026-03-28,chase hooper,lance gibson jr,-350.0,285.0,-420.0,-280.0,210.0,320.0,chase hooper,1,0.7461841226819528,0.0,0.0,-0.01781786521821782,-0.040620413694632235,chase hooper,1,0.7450964340804221,0.0,0.0,-0.01729921164735837,-0.07749965304328685,chase hooper,1,0.7342708909932779,0.0,0.0,-0.012375455429834203,-0.0034895050805513472,0,Lance Gibson Jr.,,-350.0,,,,-420.0,,,,-280.0,,
2026-03-28,michael chiesa,niko price,-500.0,375.0,-1115.0,-901.0,550.0,700.0,michael chiesa,1,0.8548962785793482,0.13619200997880976,476.67203492583417,0.03607432460257276,0.025875534295217856,michael chiesa,1,0.8872223638246347,0.0,0.0,-0.012588997864422136,-0.03320612372472538,michael chiesa,1,0.8847774421575351,0.0,0.0,-0.008253578988070998,-0.017023063707333447,1,Michael Chiesa,True,-500.0,0.19999999999999996,0.13619200997880976,,-1115.0,,,,-901.0,,
2026-03-28,alexia thainara,bruna brasil,-300.0,250.0,-1000.0,-480.0,330.0,650.0,alexia thainara,1,0.7866504593642049,0.13058096379281026,457.03337327483587,0.0503400816587084,0.04886727915227307,alexia thainara,1,0.8575348955180767,0.0,0.0,-0.016055260565785323,-0.05671161493011555,alexia thainara,1,0.8428420324789829,0.008850193279123595,30.97567647693258,0.001585512600713268,0.018434122578770973,1,Alexia Thainara,True,-300.0,0.33333333333333326,0.13058096379281026,,-1000.0,,,True,-480.0,0.20833333333333326,0.008850193279123595
2026-03-28,terrance mckinney,kyle nelson,-175.0,150.0,-200.0,-150.0,118.0,165.0,terrance mckinney,1,0.6959677654490083,0.11760985304454834,411.6344856559192,0.07571051750832603,0.09366363141987016,terrance mckinney,1,0.6892959856068516,0.20027790681507193,700.9726738527518,0.07781690632166327,0.03394397841027735,terrance mckinney,1,0.6883545372244527,0.17757192698999244,621.5017444649735,0.07810570981422282,0.1472575620407544,1,Terrance McKinney,True,-175.0,0.5714285714285714,0.11760985304454834,True,-200.0,0.5,0.20027790681507193,True,-150.0,0.6666666666666665,0.17757192698999244
2026-03-28,mansur abdul malik,yousri belgaroui,-110.0,-110.0,-164.0,-148.0,118.0,142.0,yousri belgaroui,0,0.5168231901234088,0.0,0.0,0.016823190123408827,-0.01333754612803767,mansur abdul malik,1,0.5584535939142209,0.0,0.0,-0.026193991706779385,-0.10102592199174193,mansur abdul malik,1,0.5650852162381852,0.0,0.0,-0.027107669963474135,-0.053100448465743744,0,Yousri Belgaroui,,-110.0,,,,-164.0,,,,-148.0,,
2026-03-28,israel adesanya,joe pyfer,-110.0,-110.0,-145.0,-130.0,102.0,122.0,joe pyfer,0,0.5271759633391486,0.03717696527819153,130.11937847367037,0.027175963339148623,0.006426839102011028,israel adesanya,1,0.51796476904393,0.0,0.0,-0.032649327070471745,-0.12481814885680798,israel adesanya,1,0.5243630032568363,0.0,0.0,-0.03343259962384415,-0.07228084039175126,0,Joe Pyfer,True,-110.0,0.9090909090909092,0.03717696527819153,,-145.0,,,,-130.0,,
2026-03-28,julian erosa,lerryan douglas,285.0,-350.0,235.0,250.0,-335.0,-280.0,,,,,,,,,,,,,,,,,,,,,,0,Lerryan Douglas,,,,,,,,,,,,
2026-03-28,alexa grasso,maycee barber,170.0,-200.0,124.0,170.0,-205.0,-158.0,maycee barber,0,0.7667642858138994,0.1324616995236981,463.61594833294333,0.11594192027752914,0.15014642872084916,maycee barber,0,0.7468277623323137,0.25402822263593944,889.098779225788,0.1263583458205637,0.11113398786027168,maycee barber,0,0.7465903969706422,0.22493901164785732,787.2865407675006,0.12647250608114946,0.21911596467358035,1,Alexa Grasso,False,-200.0,-1.0,-0.1324616995236981,False,-205.0,-1.0,-0.25402822263593944,False,-158.0,-1.0,-0.22493901164785732
2026-03-28,navajo stirling,bruno lopes,-425.0,355.0,-900.0,-440.0,310.0,600.0,navajo stirling,1,0.8169439047123991,0.060061858133050976,210.2165034656784,0.01762131254529653,0.009165999938845981,navajo stirling,1,0.8482361122864659,0.0,0.0,-0.014124113894820822,-0.05751543079281564,navajo stirling,1,0.832715123817568,0.014594427785817108,51.08049725035988,0.0028014148619033286,0.021968561048833435,1,Navajo Stirling,True,-425.0,0.23529411764705888,0.060061858133050976,,-900.0,,,True,-440.0,0.2272727272727273,0.014594427785817108
2026-04-04,kai kamaka iii,dakota hope,,,,,,,,,,,,,,,,,,,,,,,,,,,,1,Kai Kamaka III,,,,,,,,,,,,
2026-04-04,guilherme pat,thomas petersen,-110.0,-110.0,-164.0,-105.0,-120.0,128.0,,,,,,,,,,,,,,,,,,,,,,0,Thomas Petersen,,,,,,,,,,,,
2026-04-04,dione barbosa,melissa gatto,115.0,-135.0,-125.0,-110.0,-112.0,100.0,melissa gatto,0,0.5538710802046489,0.0,0.0,-0.0018461722319582652,-0.035854045569685244,dione barbosa,1,0.5083449600770624,0.0,0.0,-0.005880304583306573,-0.08497907186128761,dione barbosa,1,0.5063918463180673,0.0,0.0,-0.005644683845157594,-0.03325192975641689,1,Dione Barbosa,,-135.0,,,,-125.0,,,,-110.0,,
2026-04-04,lando vannata,darrius flowers,-170.0,145.0,-275.0,-225.0,175.0,225.0,lando vannata,1,0.557115579453962,0.0,0.0,-0.055641363943984,-0.1151693738084133,lando vannata,1,0.6277924357085786,0.0,0.0,-0.06711570749904516,-0.14391940585193824,lando vannata,1,0.6256204763038605,0.0,0.0,-0.06668721600367478,-0.0963259786722015,0,Darrius Flowers,,-170.0,,,,-275.0,,,,-225.0,,
2026-04-04,alessandro costa,stewart nicoll,-450.0,350.0,-450.0,-400.0,300.0,350.0,alessandro costa,1,0.7554543921837186,0.0,0.0,-0.048926388055691494,-0.07666685399767723,alessandro costa,1,0.7492198352955499,0.0,0.0,-0.045788331217025635,-0.08428686797210558,alessandro costa,1,0.7472777490988491,0.0,0.0,-0.044842643033844776,-0.06590281362643857,1,Alessandro Costa,,-450.0,,,,-450.0,,,,-400.0,,
2026-04-04,virna jandiroba,tabatha ricci,-155.0,135.0,-140.0,-125.0,105.0,118.0,virna jandiroba,1,0.6562007678169319,0.15608743449581702,546.3060207353595,0.06359263235673795,0.07955610189237178,virna jandiroba,1,0.6206997438605174,0.1580291077731333,553.1018772059666,0.07119584187362205,0.06405670376088707,virna jandiroba,1,0.620053737464131,0.15803106873306993,553.1087405657448,0.07131815036663514,0.11609672743543575,1,Virna Jandiroba,True,-155.0,0.6451612903225805,0.15608743449581702,True,-140.0,0.7142857142857144,0.1580291077731333,True,-125.0,0.8,0.15803106873306993
2026-04-04,azamat bekoev,tresean gore,,,,,,,,,,,,,,,,,,,,,,,,,,,,0,Tresean Gore,,,,,,,,,,,,
2026-04-04,ethyn ewing,rafael estevam,185.0,-215.0,-142.0,-122.0,102.0,112.0,rafael estevam,0,0.6239005652915502,0.0,0.0,-0.04462541642978213,-0.08591312527051942,ethyn ewing,1,0.5661781489464707,0.0,0.0,0.018352672388793567,-0.03510484475319792,ethyn ewing,1,0.5586951981421544,0.042078854526703575,147.27599084346252,0.01938654753371616,0.016642081865231806,1,Ethyn Ewing,,-215.0,,,,-142.0,,,True,-122.0,0.819672131147541,0.042078854526703575
2026-04-04,abdul rakhman yakhyaev,brendson ribeiro,-1400.0,850.0,-1600.0,-410.0,290.0,850.0,abdul rakhman yakhyaev,1,0.9151996147424951,0.0,0.0,-0.008846186432176162,-0.01942898420446955,abdul rakhman yakhyaev,1,0.9088261911844084,0.0,0.0,0.007035867891082903,-0.034372171866566034,abdul rakhman yakhyaev,1,0.8881718472255883,0.30901698962594165,1081.5594636907958,0.05001548708142456,0.10479912703670738,1,Abdul Rakhman Yakhyaev,,-1400.0,,,,-1600.0,,,True,-410.0,0.24390243902439024,0.30901698962594165
2026-04-04,renato moicano,chris duncan,150.0,-175.0,114.0,125.0,-150.0,-134.0,chris duncan,0,0.6204213350635879,0.0,0.0,0.00016408712290560956,-0.02505218775721907,chris duncan,0,0.5761565499873769,0.0,0.0,0.007527523951744941,-0.039739083354371985,chris duncan,0,0.5726459330239333,0.0,0.0,0.008039261886447102,-6.355764176235734e-06,1,Renato Moicano,,-175.0,,,,-150.0,,,,-134.0,,
2026-04-04,tommy mcmillen,manolo zecchini,-500.0,385.0,-1000.0,-700.0,500.0,650.0,,,,,,,,,,,,,,,,,,,,,,1,Tommy McMillen,,,,,,,,,,,,
2026-04-04,jose delano,robert ruchala,-300.0,250.0,-280.0,-200.0,170.0,210.0,,,,,,,,,,,,,,,,,,,,,,1,Jose Delano,,,,,,,,,,,,
2026-04-04,alice pereira,hailey cowan,-110.0,-110.0,-180.0,-135.0,110.0,140.0,alice pereira,1,0.5897804551081726,0.13421038247737807,469.7363386708233,0.08978045510817256,0.12594450520651135,alice pereira,1,0.6638729577067294,0.18227392338829695,637.9587318590393,0.07492945356529146,0.032691267543801306,alice pereira,1,0.6555797180949362,0.1826738049286624,639.3583172503184,0.07698427202835545,0.1411943240911852,1,Alice Pereira,True,-110.0,0.9090909090909092,0.13421038247737807,True,-180.0,0.5555555555555556,0.18227392338829695,True,-135.0,0.7407407407407407,0.1826738049286624
2026-04-11,cub swanson,nate landwehr,135.0,-155.0,-150.0,-110.0,-110.0,125.0,nate landwehr,0,0.574206595940365,0.0,0.0,-0.018401539519828924,-0.05533753571101241,cub swanson,1,0.5441695425221948,0.0,0.0,0.0034018330092747684,-0.09305076246300864,cub swanson,1,0.54274588991712,0.006267865912171259,21.93753069259941,0.0035853741630573754,0.036151244387229164,1,Cub Swanson,,-155.0,,,,-150.0,,,True,-110.0,0.9090909090909092,0.006267865912171259
2026-04-11,tatiana suarez,loopy godinez,,,,,,,,,,,,,,,,,,,,,,,,,,,,1,Tatiana Suarez,,,,,,,,,,,,
2026-04-11,charles radtke,francisco prado,-250.0,210.0,-180.0,-147.0,124.0,143.0,charles radtke,1,0.5914821106973274,0.0,0.0,-0.10794778442536135,-0.17192504502374173,charles radtke,1,0.5063729335881176,0.0,0.0,-0.09653430983154498,-0.21230876997403925,francisco prado,0,0.5032851814567314,0.1279855982224446,447.94959377855616,0.09537109383715975,0.22298299093985718,1,Charles Radtke,,-250.0,,,,-180.0,,,False,143.0,-1.0,-0.1279855982224446
2026-04-11,mateusz gamrot,esteban ribovics,-190.0,165.0,-260.0,-188.0,150.0,210.0,mateusz gamrot,1,0.7149535643660582,0.1798625812712567,629.5190344493984,0.0738707817713794,0.09124491403240448,mateusz gamrot,1,0.7373342590684421,0.19110160892978395,668.8556312542439,0.0647141983804802,0.020924358710150526,mateusz gamrot,1,0.7308817611123477,0.16158844214052365,565.5595474918327,0.06752124701279194,0.1196486553210433,1,Mateusz Gamrot,True,-190.0,0.5263157894736841,0.1798625812712567,True,-260.0,0.3846153846153846,0.19110160892978395,True,-188.0,0.5319148936170213,0.16158844214052365
2026-04-11,curtis blaydes,josh hokit,-160.0,140.0,-125.0,115.0,-135.0,100.0,curtis blaydes,1,0.7113674821625303,0.16989436517708467,594.6302781197963,0.11049003393870782,0.15597215851411178,curtis blaydes,1,0.623777216912767,0.1843439027480089,645.2036596180311,0.13393723635736854,0.1227989904429806,curtis blaydes,1,0.6178677847672955,0.15137525959189424,529.8134085716298,0.13505938735206569,0.3284157372496853,0,Josh Hokit,False,-160.0,-1.0,-0.16989436517708467,False,-125.0,-1.0,-0.1843439027480089,False,115.0,-1.0,-0.15137525959189424
2026-04-11,patricio pitbull,aaron pico,,,,,,,,,,,,,,,,,,,,,,,,,,,,0,Aaron Pico,,,,,,,,,,,,
2026-04-11,azamat murzakanov,paulo costa,-230.0,190.0,-280.0,-250.0,200.0,230.0,azamat murzakanov,1,0.736369301982758,0.17684227885488848,618.9479759921097,0.05664104133460801,0.05652986806221788,azamat murzakanov,1,0.7563628088903049,0.15644852862142267,547.5698501749793,0.047039779455199215,0.026492383493985305,azamat murzakanov,1,0.7550441908680894,0.13135964710527367,459.75876486845783,0.04772176861728872,0.05706186721532508,0,Paulo Costa,False,-230.0,-1.0,-0.17684227885488848,False,-280.0,-1.0,-0.15644852862142267,False,-250.0,-1.0,-0.13135964710527367
2026-04-11,jiri prochazka,carlos ulberg,145.0,-170.0,-112.0,105.0,-125.0,-110.0,carlos ulberg,0,0.6166934925074226,0.0,0.0,0.003936549109476606,-0.020545629547034705,carlos ulberg,0,0.530901064052558,0.0,0.0,0.016675799392188995,-0.044378084705395615,carlos ulberg,0,0.5343421652589817,0.027157859061883855,95.0525067165935,0.016245015525020445,0.020107770039874184,0,Carlos Ulberg,,-170.0,,,,-125.0,,,True,-110.0,0.9090909090909092,0.027157859061883855
2026-04-11,kelvin gastelum,vicente luque,-200.0,170.0,-290.0,-250.0,200.0,235.0,kelvin gastelum,1,0.632504737524353,0.0,0.0,-0.018317628012017306,-0.051242893713470516,kelvin gastelum,1,0.6829743738371222,0.0,0.0,-0.030729373263433946,-0.08151722139145628,kelvin gastelum,1,0.6794383527710588,0.0,0.0,-0.029704599670446696,-0.048786306120517764,0,Vicente Luque,,-200.0,,,,-290.0,,,,-250.0,,
2026-04-11,dominick reyes,johnny walker,-150.0,130.0,-210.0,-163.0,130.0,175.0,dominick reyes,1,0.5825305930940522,0.0,0.0,-0.0014520419422578978,-0.029115678176579785,dominick reyes,1,0.6210159455227566,0.0,0.0,-0.007976318679358108,-0.08326217565688304,dominick reyes,1,0.6194664344482187,0.0,0.0,-0.007683203079397516,-0.000492808221585761,1,Dominick Reyes,,-150.0,,,,-210.0,,,,-163.0,,
2026-04-11,kevin holland,randy brown,109.0,-129.0,-142.0,-110.0,-110.0,118.0,kevin holland,1,0.5309384969839693,0.1222463791471354,427.8623270149739,0.0742192713856934,0.1096614586964958,kevin holland,1,0.5981340615378306,0.13411332690752178,469.3966441763262,0.0647283476534598,0.019355231634894277,kevin holland,1,0.5971882972508796,0.11176620925705687,391.181732399699,0.06488424126469061,0.14008674929713394,1,Kevin Holland,True,109.0,1.0899999999999999,0.1222463791471354,True,-142.0,0.704225352112676,0.13411332690752178,True,-110.0,0.9090909090909092,0.11176620925705687
2026-04-18,jamie siraj,john yannis,-220.0,185.0,-265.0,-230.0,175.0,215.0,,,,,,,,,,,,,,,,,,,,,,0,John Yannis,,,,,,,,,,,,
2026-04-18,jj aldrich,jamey lyn horth,220.0,-260.0,120.0,170.0,-205.0,-150.0,jamey lyn horth,0,0.613200541853018,0.0,0.0,-0.0951815017662766,-0.1509530958958213,jamey lyn horth,0,0.5333671190298189,0.0,0.0,-0.08338953887094547,-0.2064537985166109,jamey lyn horth,0,0.5303740468384728,0.0,0.0,-0.08301550122482815,-0.11604325526921211,1,JJ Aldrich,,-260.0,,,,-205.0,,,,-150.0,,
2026-04-18,melissa croden,daria zhelezniakova,-180.0,155.0,-150.0,-138.0,110.0,130.0,melissa croden,1,0.6233180774657104,0.0,0.0,-0.00414923610638207,-0.03039410172000595,melissa croden,1,0.5691314905049696,0.0,0.0,0.004783597260786254,-0.051447515825050805,melissa croden,1,0.5766984249749191,0.0,0.0,0.0036881896981181272,-0.005404165622965584,1,Melissa Croden,,-180.0,,,,-150.0,,,,-138.0,,
2026-04-18,tanner boser,gokhan saricam,-150.0,130.0,120.0,135.0,-163.0,-140.0,,,,,,,,,,,,,,,,,,,,,,0,Gokhan Saricam,,,,,,,,,,,,
2026-04-18,julien leblanc,robert valentin,-172.0,147.0,130.0,150.0,-186.0,-163.0,,,,,,,,,,,,,,,,,,,,,,0,Robert Valentin,,,,,,,,,,,,
2026-04-18,dennis buzukja,marcio barbosa,285.0,-350.0,270.0,325.0,-435.0,-330.0,,,,,,,,,,,,,,,,,,,,,,0,Marcio Barbosa,,,,,,,,,,,,
2026-04-18,kyler phillips,charles jourdain,130.0,-150.0,110.0,132.0,-165.0,-136.0,charles jourdain,0,0.5228251697316203,0.0,0.0,-0.061157465304689795,-0.12862471711396622,charles jourdain,0,0.5167378713095057,0.0,0.0,-0.06041381590752981,-0.17008766123018793,charles jourdain,0,0.5129087223897477,0.0,0.0,-0.059949015350254764,-0.10995251114720245,0,Charles Jourdain,,-150.0,,,,-165.0,,,,-136.0,,
2026-04-18,gilbert burns,mike malott,275.0,-335.0,205.0,240.0,-280.0,-250.0,mike malott,0,0.7291665261446788,0.0,0.0,-0.02727551702693287,-0.053171824259894696,mike malott,0,0.6963333848249238,0.0,0.0,-0.015152892916505345,-0.05497612059474624,mike malott,0,0.6958970864670777,0.0,0.0,-0.015011488782732507,-0.025744078946091264,0,Mike Malott,,-335.0,,,,-280.0,,,,-250.0,,
2026-04-18,thiago moises,gauge young,-150.0,130.0,110.0,145.0,-175.0,-138.0,gauge young,0,0.5304619121098968,0.11256697765503729,393.9844217926305,0.114444547146207,0.2200623978527625,gauge young,0,0.673863523763159,0.213895417052073,748.6339596822554,0.08874711559754533,0.05892839448496401,gauge young,0,0.6740760352228519,0.21389437096240094,748.6302983684033,0.08868873594479909,0.16253693031187505,0,Gauge Young,True,130.0,1.2999999999999998,0.11256697765503729,True,-175.0,0.5714285714285714,0.213895417052073,True,-138.0,0.7246376811594204,0.21389437096240094
2026-04-18,mandel nallo,jai herbert,-145.0,125.0,-180.0,-160.0,140.0,150.0,,,,,,,,,,,,,,,,,,,,,,0,Jai Herbert,,,,,,,,,,,,
2026-04-18,jasmine jasudavicius,karine silva,-250.0,210.0,-370.0,-300.0,225.0,290.0,jasmine jasudavicius,1,0.7246990374994506,0.0840655795792551,294.22952852739286,0.02526914237676192,0.014578652499230849,jasmine jasudavicius,1,0.7611370016925206,0.0,0.0,0.008199435551911827,-0.03315029514733872,jasmine jasudavicius,1,0.7576169835132565,0.03990654644167864,139.67291254587525,0.010075356747016984,0.010155978017675205,1,Jasmine Jasudavicius,True,-250.0,0.3999999999999999,0.0840655795792551,,-370.0,,,True,-300.0,0.33333333333333326,0.03990654644167864
2026-04-25,rodolfo vieira,eric mcconico,-300.0,250.0,-400.0,-300.0,225.0,310.0,rodolfo vieira,1,0.7460025201190066,0.0,0.0,0.00969214241351013,-0.005329973174657943,rodolfo vieira,1,0.7629989868763442,0.0,0.0,0.0009790314307821513,-0.04625126640456981,rodolfo vieira,1,0.7566935280546525,0.015150538026140848,53.02688309149297,0.004352602600767974,0.008924704072869938,0,Eric McConico,,-300.0,,,,-400.0,,,False,-300.0,-1.0,-0.015150538026140848
2026-04-25,max griffin,victor valenzuela,-110.0,-110.0,100.0,120.0,-150.0,-120.0,,,,,,,,,,,,,,,,,,,,,,0,Victor Valenzuela,,,,,,,,,,,,
2026-04-25,francis marshall,lucas brennan,-400.0,330.0,-600.0,-425.0,325.0,380.0,,,,,,,,,,,,,,,,,,,,,,1,Francis Marshall,,,,,,,,,,,,
2026-04-25,jafel filho,cody durden,-400.0,330.0,-715.0,-549.0,400.0,500.0,jafel filho,1,0.8004045297348147,0.0563748618830215,197.31201659057527,0.011925175018177692,0.000505662168518356,jafel filho,1,0.8355484941695647,0.0,0.0,-0.019215612059897302,-0.047591576575950825,jafel filho,1,0.829092278794352,0.0,0.0,-0.01271308330507559,-0.019889091188461938,0,Cody Durden,False,-400.0,-1.0,-0.0563748618830215,,-715.0,,,,-549.0,,
2026-04-25,talita alencar,julia polastri,170.0,-200.0,190.0,205.0,-250.0,-230.0,julia polastri,0,0.6575597633268386,0.0,0.0,0.006737397790468336,-0.013660355009742053,julia polastri,0,0.6886197302130004,0.0,0.0,-0.0017625614113162547,-0.03593237770179952,julia polastri,0,0.6858339617594117,0.0,0.0,-0.0009181490196062958,-0.01597735921475718,1,Talita Alencar,,-200.0,,,,-250.0,,,,-230.0,,
2026-04-25,mayra bueno silva,michelle montague,330.0,-400.0,300.0,360.0,-480.0,-400.0,michelle montague,0,0.7273878231241129,0.0,0.0,-0.06109153159252412,-0.0907652210948589,michelle montague,0,0.7367007580201637,0.0,0.0,-0.06507794752820883,-0.10981991739230229,michelle montague,0,0.7311567735431896,0.0,0.0,-0.06266962889156225,-0.08605403307101295,0,Michelle Montague,,-400.0,,,,-480.0,,,,-400.0,,
2026-04-25,jackson mcvey,sedriques dumas,-150.0,130.0,-210.0,-160.0,140.0,165.0,jackson mcvey,1,0.6446509129371611,0.14582221828246228,510.37776398861797,0.06066827790085105,0.0744181882286018,jackson mcvey,1,0.6867827706428021,0.12898503118925794,451.4476091624028,0.04971790684874655,0.013822185234612705,jackson mcvey,1,0.6724562175317277,0.12166382565358586,425.82338978755047,0.05382345396832999,0.09274135348905749,1,Jackson McVey,True,-150.0,0.6666666666666665,0.14582221828246228,True,-210.0,0.4761904761904763,0.12898503118925794,True,-160.0,0.625,0.12166382565358586
2026-04-25,davey grant,adrian luna martinetti,105.0,-138.0,-125.0,-121.0,-103.0,100.0,,,,,,,,,,,,,,,,,,,,,,1,Davey Grant,,,,,,,,,,,,
2026-04-25,marcus buchecha,ryan spann,-110.0,-110.0,-162.0,-138.0,110.0,136.0,marcus buchecha,1,0.6327260344481302,0.13690612684163825,479.17144394573387,0.13272603444813025,0.2079315203100669,marcus buchecha,1,0.6922242203915221,0.21344740332006643,747.0659116202324,0.11754747597911408,0.11952312186777037,marcus buchecha,1,0.6948794783507665,0.1967761737828429,688.7166082399502,0.11670341522468386,0.19841533222813357,0,Ryan Spann,False,-110.0,-1.0,-0.13690612684163825,False,-162.0,-1.0,-0.21344740332006643,False,-138.0,-1.0,-0.1967761737828429
2026-04-25,rafa garcia,alexander hernandez,130.0,-150.0,-105.0,105.0,-125.0,-118.0,alexander hernandez,0,0.5124386457478731,0.0,0.0,-0.07154398928843697,-0.14593559042021154,rafa garcia,1,0.5423988499999096,0.11683451795833501,408.92081285417254,0.06482466965701528,0.058969183333156816,rafa garcia,1,0.5382492875218177,0.10688400593389598,374.09402076863597,0.06535471519611191,0.10341103941972607,1,Rafa Garcia,,-150.0,,,True,-105.0,0.9523809523809523,0.11683451795833501,True,105.0,1.0499999999999998,0.10688400593389598
2026-04-25,norma dumont,joselyne edwards,-200.0,170.0,-235.0,-205.0,165.0,195.0,norma dumont,1,0.6630679106681729,0.0,0.0,0.012245545131802649,-0.005398133997740584,norma dumont,1,0.6773316068361691,0.0,0.0,0.008431744152820442,-0.034442177488865355,norma dumont,1,0.6761849757723416,0.022689397964361358,79.41289287526475,0.00875327427310113,0.006031305417386279,0,Joselyne Edwards,,-200.0,,,,-235.0,,,False,-205.0,-1.0,-0.022689397964361358
2026-04-25,aljamain sterling,youssef zalal,-155.0,135.0,105.0,115.0,-141.0,-125.0,youssef zalal,0,0.5115945636528526,0.11031696010677682,386.10936037371886,0.10420269911304675,0.20224722458420363,youssef zalal,0,0.6357873423788074,0.17873917447515347,625.5871106630372,0.08533810504925055,0.08670035115810354,youssef zalal,0,0.6318123366988712,0.16347509197397972,572.1628219089291,0.08616022391796263,0.13726220605796813,1,Aljamain Sterling,False,135.0,-1.0,-0.11031696010677682,False,-141.0,-1.0,-0.17873917447515347,False,-125.0,-1.0,-0.16347509197397972
2026-04-25,montel jackson,raoni barcelos,-221.0,186.0,-225.0,-188.0,150.0,180.0,montel jackson,1,0.7569351579397888,0.19621624326978981,686.7568514442644,0.08434696175938539,0.09943975429263441,montel jackson,1,0.7441951964111763,0.24640519592349677,862.4181857322386,0.09067068191700511,0.0749486170383657,montel jackson,1,0.7407596534535474,0.22469291727167603,786.4252104508662,0.09226797146742416,0.13478074571607268,0,Raoni Barcelos,False,-221.0,-1.0,-0.19621624326978981,False,-225.0,-1.0,-0.24640519592349677,False,-188.0,-1.0,-0.22469291727167603
2026-05-02,dom mar fan,kody steele,175.0,-205.0,125.0,270.0,-380.0,-150.0,,,,,,,,,,,,,,,,,,,,,,0,Kody Steele,,,,,,,,,,,,
2026-05-02,jonathan micallef,themba gorimbo,-150.0,130.0,-250.0,-220.0,170.0,205.0,jonathan micallef,1,0.6079974233897226,0.05772192372101811,202.02673302356337,0.02401478835341253,0.013329038982870967,jonathan micallef,1,0.6859461477073894,0.0,0.0,0.00607674097684896,-0.03967539320965491,jonathan micallef,1,0.6869019360974488,0.0,0.0,0.005788766944437529,-0.0008699111309836138,1,Jonathan Micallef,True,-150.0,0.6666666666666665,0.05772192372101811,,-250.0,,,,-220.0,,
2026-05-02,ben johnston,wes schultz,,,,,,,,,,,,,,,,,,,,,,,,,,,,0,Wes Schultz,,,,,,,,,,,,
2026-05-02,colby thicknesse,vince morales,-110.0,-110.0,-145.0,102.0,-128.0,122.0,colby thicknesse,1,0.6636813514618288,0.1396446490926174,488.7562718241609,0.16368135146182883,0.267028034608946,colby thicknesse,1,0.6767882595463715,0.20590778836974036,720.6772592940913,0.16017625566349236,0.14353878337145526,colby thicknesse,1,0.6808425198685869,0.20821350504341146,728.7472676519401,0.15902192536438975,0.3753018901345455,1,Colby Thicknesse,True,-110.0,0.9090909090909092,0.1396446490926174,True,-145.0,0.6896551724137931,0.20590778836974036,True,102.0,1.02,0.20821350504341146
2026-05-02,jacob malkoun,gerald meerschaert,-600.0,450.0,-1800.0,-550.0,350.0,950.0,jacob malkoun,1,0.8960665553093998,0.31542307508421874,1103.9807627947655,0.051158323636243064,0.04541098119429987,jacob malkoun,1,0.9172090597400265,0.0,0.0,0.0020653519831449474,-0.03183488138552753,jacob malkoun,1,0.9030727764099169,0.2731858307891865,956.1504077621528,0.03643485368245836,0.06726782666626549,1,Jacob Malkoun,True,-600.0,0.16666666666666674,0.31542307508421874,,-1800.0,,,True,-550.0,0.18181818181818188,0.2731858307891865
2026-05-02,tai tuivasa,louie sutherland,-150.0,130.0,-265.0,-225.0,175.0,215.0,tai tuivasa,1,0.5047781962360206,0.0,0.0,-0.07920443880028949,-0.15870300627329909,tai tuivasa,1,0.5982493636335906,0.0,0.0,-0.09190814004162762,-0.17599615952354508,tai tuivasa,1,0.5966326634486674,0.0,0.0,-0.09164198878039453,-0.13819726390748044,0,Louie Sutherland,,-150.0,,,,-265.0,,,,-225.0,,
2026-05-02,cam rowston,robert bryczek,-300.0,250.0,-225.0,-163.0,130.0,185.0,cam rowston,1,0.7552306761476051,0.07174777480475508,251.1172118166428,0.01892029844210863,0.006974234863473372,cam rowston,1,0.684981164573221,0.0,0.0,0.0466906977840873,-0.010582762283125213,cam rowston,1,0.6807272108487502,0.1305400903100379,456.89031608513267,0.047938753948462476,0.09835126658417981,1,Cam Rowston,True,-300.0,0.33333333333333326,0.07174777480475508,,-225.0,,,True,-163.0,0.6134969325153374,0.1305400903100379
2026-05-02,shamil gaziev,brando pericic,-155.0,135.0,-120.0,104.0,-122.0,-105.0,shamil gaziev,1,0.5938357516987183,0.0,0.0,0.0012276162385242984,-0.023044408495657087,shamil gaziev,1,0.5103826363700081,0.0,0.0,0.012534214282537537,-0.06429849998831833,shamil gaziev,1,0.5024764899839967,0.02639255355480073,92.37393744180255,0.013487714330418843,0.025052039567353357,0,Brando Pericic,,-155.0,,,,-120.0,,,False,104.0,-1.0,-0.02639255355480073
2026-05-02,marwan rahiki,ollie schmid,-900.0,600.0,-800.0,-650.0,475.0,525.0,,,,,,,,,,,,,,,,,,,,,,1,Marwan Rahiki,,,,,,,,,,,,
2026-05-02,tim elliott,steve erceg,210.0,-250.0,150.0,160.0,-196.0,-180.0,steve erceg,0,0.6600004429292365,0.0,0.0,-0.039429452193452175,-0.07599937989906891,steve erceg,0,0.6068633183085747,0.0,0.0,-0.028382037860620102,-0.0835125396972547,steve erceg,0,0.6030762128509465,0.0,0.0,-0.027730434701913942,-0.06188144667630546,0,Steve Erceg,,-250.0,,,,-196.0,,,,-180.0,,
2026-05-02,beneil dariush,quillan salkilld,285.0,-350.0,285.0,350.0,-450.0,-350.0,quillan salkilld,0,0.7997175012458899,0.15132895877391814,529.6513557087135,0.03571551334571932,0.028208215887572635,quillan salkilld,0,0.8151013293446857,0.0,0.0,0.023376653007723736,-0.0037650419120507095,quillan salkilld,0,0.8074789734081698,0.1336472226605093,467.76527931178254,0.029701195630588928,0.038187251524789606,0,Quillan Salkilld,True,-350.0,0.2857142857142856,0.15132895877391814,,-450.0,,,True,-350.0,0.2857142857142856,0.1336472226605093
2026-05-02,jack della maddalena,carlos prates,150.0,-175.0,-115.0,-105.0,-120.0,-104.0,carlos prates,0,0.5905267455581644,0.0,0.0,-0.029730502382517843,-0.07202939983717022,jack della maddalena,1,0.5108827128729683,0.0,0.0,0.016388937935453818,-0.04487144984618985,jack della maddalena,1,0.5168705672082268,0.03139950751143087,109.89827629000804,0.01566278600122495,0.009128250263680804,0,Carlos Prates,,-175.0,,,,-115.0,,,False,-105.0,-1.0,-0.03139950751143087
2026-05-02,junior tafa,kevin christian,-400.0,330.0,-240.0,-213.0,175.0,200.0,junior tafa,1,0.6822272937599635,0.0,0.0,-0.1062520609566735,-0.14721588280004563,junior tafa,1,0.5908294563516651,0.0,0.0,-0.08655413689536118,-0.16299160350180777,junior tafa,1,0.5885210700548846,0.0,0.0,-0.08619025862453589,-0.13517795808836197,1,Junior Tafa,,-400.0,,,,-240.0,,,,-213.0,,
2026-05-09,baisangur susurkaev,djorden santos,-500.0,375.0,-900.0,-770.0,500.0,600.0,baisangur susurkaev,1,0.8527202842115165,0.14182502493030263,496.3875872560593,0.03389833023474098,0.02326434105381972,baisangur susurkaev,1,0.8788335382126732,0.0,0.0,-0.0031036162923985255,-0.02351829087480753,baisangur susurkaev,1,0.8768867091359093,0.0,0.0,3.5407496504324953e-05,-0.009231900067219356,1,Baisangur Susurkaev,True,-500.0,0.19999999999999996,0.14182502493030263,,-900.0,,,,-770.0,,
2026-05-09,pat sabatini,william gomis,-270.0,230.0,-340.0,-165.0,138.0,240.0,pat sabatini,1,0.722090522522406,0.0,0.0,0.005283437738948016,-0.010468543210036263,pat sabatini,1,0.7094883080351966,0.0,0.0,0.010034686171440876,-0.08183866018974556,pat sabatini,1,0.6789950304341176,0.038364420427569615,134.27547149649362,0.019803594155136772,0.09050717009115844,1,Pat Sabatini,,-270.0,,,,-340.0,,,True,-165.0,0.606060606060606,0.038364420427569615
2026-05-09,clayton carpenter,jose ochoa,160.0,-185.0,145.0,160.0,-190.0,-180.0,jose ochoa,0,0.6423461439485072,0.0,0.0,0.007942164054988488,-0.010439724187434829,jose ochoa,0,0.6366665899788126,0.0,0.0,0.009163247449030631,-0.02824573108497025,jose ochoa,0,0.6393902378611078,0.0,0.0,0.008583590308247402,-0.005392963327165601,0,Jose Ochoa,,-185.0,,,,-190.0,,,,-180.0,,
2026-05-09,joel alvarez,yaroslav amosov,-200.0,170.0,140.0,170.0,-205.0,-175.0,joel alvarez,1,0.7579154470730622,0.14504243686209495,507.6485290173324,0.10709308153669195,0.13687317060959336,joel alvarez,1,0.5312018379472081,0.10710195392103714,374.85683872363,0.16504771612808167,0.2748844110732994,joel alvarez,1,0.5315945107859635,0.09599254332969011,335.9739016539154,0.16499869901196257,0.43530517912210165,0,Yaroslav Amosov,False,-200.0,-1.0,-0.14504243686209495,False,140.0,-1.0,-0.10710195392103714,False,170.0,-1.0,-0.09599254332969011
2026-05-09,grant dawson,mateusz rebecki,-110.0,-110.0,-160.0,-143.0,115.0,135.0,grant dawson,1,0.6451176879172148,0.10454317018778103,365.90109565723367,0.1451176879172148,0.23158831329650098,grant dawson,1,0.7062400922961338,0.17008511270325918,595.297894461407,0.12793972010918664,0.14764014998121744,grant dawson,1,0.7089695866049255,0.15342310728170747,536.9808754859761,0.12697404564378434,0.20475251430067748,1,Grant Dawson,True,-110.0,0.9090909090909092,0.10454317018778103,True,-160.0,0.625,0.17008511270325918,True,-143.0,0.6993006993006992,0.15342310728170747
2026-05-09,ateba gautier,ozzy diaz,-1000.0,675.0,-1800.0,-1400.0,700.0,900.0,ateba gautier,1,0.8785576505763106,0.0,0.0,-0.020290534960488382,-0.03358658436605823,ateba gautier,1,0.8907562021125562,0.0,0.0,-0.04160487393700674,-0.059757342214523945,ateba gautier,1,0.8882559698217787,0.0,0.0,-0.03697952548680272,-0.04829717519095145,1,Ateba Gautier,,-1000.0,,,,-1800.0,,,,-1400.0,,
2026-05-09,jim miller,jared gordon,210.0,-250.0,210.0,230.0,-280.0,-260.0,jared gordon,0,0.6559954326859834,0.0,0.0,-0.043434462436705346,-0.08160639423962335,jared gordon,0,0.6673000586448836,0.0,0.0,-0.04627478157455056,-0.09437849183908648,jared gordon,0,0.6661819920326393,0.0,0.0,-0.04598343080312328,-0.07759416487788412,1,Jim Miller,,-250.0,,,,-280.0,,,,-260.0,,
2026-05-09,king green,jeremy stephens,-200.0,170.0,-500.0,-400.0,300.0,375.0,king green,1,0.7846593812526133,0.15076014432769408,527.6605051469292,0.13383701571624296,0.17698907187891988,king green,1,0.8637784724851305,0.21962754277785024,768.6963997224758,0.05778011210743739,0.036534166982156585,king green,1,0.8596341221732043,0.20537445371549665,718.8105880042382,0.06337743562779952,0.07454265271650543,1,King Green,True,-200.0,0.5,0.15076014432769408,True,-500.0,0.19999999999999996,0.21962754277785024,True,-400.0,0.25,0.20537445371549665
2026-05-09,sean brady,joaquin buckley,-300.0,250.0,130.0,138.0,-167.0,-150.0,sean brady,1,0.7712506324318956,0.10044149368461933,351.54522789616766,0.03494025472639917,0.028334176575860792,sean brady,1,0.5052441468613451,0.11566379583574775,404.8232854251171,0.1034858805476952,0.16206153778109367,sean brady,1,0.5119213487603826,0.10520038505737957,368.2013477008285,0.10267967105044545,0.21837281004971065,1,Sean Brady,True,-300.0,0.33333333333333326,0.10044149368461933,True,130.0,1.2999999999999998,0.11566379583574775,True,138.0,1.38,0.10520038505737957
2026-05-09,alexander volkov,waldo cortes acosta,-185.0,160.0,-150.0,-126.0,108.0,130.0,alexander volkov,1,0.6369069309934879,0.0,0.0,0.0025029510999692306,-0.018819052253275292,alexander volkov,1,0.5754050436388861,0.0,0.0,0.013273685890873521,-0.04099159393518992,alexander volkov,1,0.5745606069107368,0.02015597240586915,70.54590342054202,0.013397118093653737,0.03056108858592471,1,Alexander Volkov,,-185.0,,,,-150.0,,,True,-126.0,0.7936507936507935,0.02015597240586915
2026-05-09,joshua van,tatsuro taira,130.0,-150.0,123.0,145.0,-175.0,-152.0,tatsuro taira,0,0.573721445522334,0.0,0.0,-0.010261189513976143,-0.043797590796110175,tatsuro taira,0,0.5860764970026178,0.0,0.0,-0.012112216330174896,-0.07902264756731497,tatsuro taira,0,0.5859220493845068,0.0,0.0,-0.012088346553722373,-0.02860291812568616,1,Joshua Van,,-150.0,,,,-175.0,,,,-152.0,,
2026-05-09,khamzat chimaev,sean strickland,-400.0,300.0,-500.0,-410.0,310.0,375.0,khamzat chimaev,1,0.8928857280790288,0.22409819937418482,784.343697809647,0.11053359584309352,0.11610716009878597,khamzat chimaev,1,0.9013258207172614,0.3089679404220664,1081.3877914772322,0.09334996853983879,0.08159098486071367,khamzat chimaev,1,0.8983811352339972,0.2719691181009866,951.8919133534531,0.09955842325577591,0.11749848529106968,0,Sean Strickland,False,-400.0,-1.0,-0.22409819937418482,False,-500.0,-1.0,-0.3089679404220664,False,-410.0,-1.0,-0.2719691181009866
2026-05-09,roman kopylov,marco tulio,-225.0,190.0,140.0,154.0,-188.0,-165.0,roman kopylov,1,0.6177611674561783,0.0,0.0,-0.059150222361226135,-0.10767831367440917,marco tulio,0,0.642941628594703,0.0,0.0,0.020648807560317506,-0.015068143429391057,marco tulio,0,0.6372198535275745,0.03756095975905726,131.46335915670042,0.021883816220101715,0.023413704150346826,1,Roman Kopylov,,-225.0,,,,-188.0,,,False,-165.0,-1.0,-0.03756095975905726
2026-05-16,tuco tokkos,ivan erslan,250.0,-300.0,135.0,145.0,-182.0,-167.0,ivan erslan,0,0.6313005390050167,0.0,0.0,-0.10500983870047975,-0.15826594799331112,ivan erslan,0,0.5252276170347925,0.0,0.0,-0.08873465622129062,-0.18618578019883802,ivan erslan,0,0.522058487240644,0.0,0.0,-0.08834514386035319,-0.1653316401601681,0,Ivan Erslan,,-300.0,,,,-182.0,,,,-167.0,,
2026-05-16,arnold allen,melquizael costa,-150.0,130.0,-132.0,-115.0,-105.0,106.0,melquizael costa,0,0.5554703320877048,0.11305809876589613,395.70334568063646,0.139452967124015,0.27758176380172095,melquizael costa,0,0.6027659260962812,0.18267791050294618,639.3726867603117,0.13235209559399252,0.1768287128546442,melquizael costa,0,0.6067176799804157,0.18446147193956178,645.6151517884662,0.13167308723482457,0.24983842075965634,1,Arnold Allen,False,130.0,-1.0,-0.11305809876589613,False,-105.0,-1.0,-0.18267791050294618,False,106.0,-1.0,-0.18446147193956178
2026-05-16,dooho choi,daniel santos,,,,,,,,,,,,,,,,,,,,,,,,,,,,1,Dooho Choi,,,,,,,,,,,,
2026-05-16,malcolm wellmaker,juan diaz,-300.0,250.0,-265.0,-225.0,188.0,205.0,,,,,,,,,,,,,,,,,,,,,,0,Juan Diaz,,,,,,,,,,,,
2026-05-16,timmy cuamba,benardo sopaj,170.0,-200.0,-105.0,108.0,-128.0,-115.0,benardo sopaj,0,0.6240655323771881,0.0,0.0,-0.026756833159182203,-0.06390170143421786,benardo sopaj,0,0.5148805582181611,0.0,0.0,-0.010653576693056,-0.08286900567390049,benardo sopaj,0,0.5164114187342279,0.0,0.0,-0.010839565138872187,-0.03453517367079134,0,Benardo Sopaj,,-200.0,,,,-128.0,,,,-115.0,,
2026-05-16,nikolay veretennikov,khaos williams,130.0,-150.0,-110.0,105.0,-127.0,-110.0,khaos williams,0,0.5271141975749325,0.0,0.0,-0.0568684374613776,-0.1214763373751126,nikolay veretennikov,1,0.5311685551921673,0.09597493298367919,335.9122654428772,0.04977639033213038,0.014049059912319473,nikolay veretennikov,1,0.5316225669134721,0.09596015346212235,335.86053711742824,0.04971971664743341,0.08982626217261769,0,Khaos Williams,,-150.0,,,False,-110.0,-1.0,-0.09597493298367919,False,105.0,-1.0,-0.09596015346212235
2026-05-16,tommy gantt,artur minev,,,,,,,,,,,,,,,,,,,,,,,,,,,,1,Tommy Gantt,,,,,,,,,,,,
2026-05-16,alice ardelean,polyana viana,-270.0,230.0,-200.0,-168.0,142.0,165.0,alice ardelean,1,0.7294707933052713,0.0,0.0,0.01266370852181331,-0.0003548388038875361,alice ardelean,1,0.6658438382567062,0.0,0.0,0.033764436533340936,-0.0012342426149406505,alice ardelean,1,0.6601903151064765,0.09385514555381913,328.493009438367,0.0351986060862145,0.053160740765093584,1,Alice Ardelean,,-270.0,,,,-200.0,,,True,-168.0,0.5952380952380953,0.09385514555381913
2026-05-16,daniel barez,luis gurule,-130.0,110.0,136.0,155.0,-188.0,-162.0,daniel barez,1,0.5172076942977623,0.0,0.0,-0.028195041146671485,-0.08494023316549759,luis gurule,0,0.626795765120838,0.0,0.0,0.007681873889624491,-0.03980223215531198,luis gurule,0,0.6221990032851865,0.022193963802690467,77.67887330941663,0.008575755065769797,0.006272462103202925,0,Luis Gurule,,-130.0,,,,-188.0,,,True,-162.0,0.617283950617284,0.022193963802690467
2026-05-16,shauna bannon,nicolle caliari,190.0,-225.0,200.0,225.0,-275.0,-240.0,nicolle caliari,0,0.7158889910909473,0.12063322890748707,422.21630117620475,0.03897760127354288,0.034061876020257176,nicolle caliari,0,0.7372687689765612,0.10309491341185212,360.83219694148244,0.030201742955985433,0.0053665031498563165,nicolle caliari,0,0.7326092966695235,0.10759858525248972,376.595048383714,0.032242025628388626,0.037863170281824954,0,Nicolle Caliari,True,-225.0,0.4444444444444444,0.12063322890748707,True,-275.0,0.36363636363636376,0.10309491341185212,True,-240.0,0.41666666666666674,0.10759858525248972
2026-05-16,modestas bukauskas,christian edwards,-250.0,210.0,-350.0,-290.0,215.0,275.0,,,,,,,,,,,,,,,,,,,,,,1,Modestas Bukauskas,,,,,,,,,,,,
2026-05-16,ketlen vieira,jacqueline cavalcanti,140.0,-160.0,120.0,135.0,-159.0,-150.0,jacqueline cavalcanti,0,0.671292030272892,0.1641371350037769,574.4799725132192,0.07041458204906947,0.09084954919344945,jacqueline cavalcanti,0,0.6566282964601524,0.1776077849283533,621.6272472492366,0.07416171143974115,0.06960206781873873,jacqueline cavalcanti,0,0.6612923175736451,0.17732457308483554,620.6360057969243,0.07301257525823801,0.10215386262274184,1,Ketlen Vieira,False,-160.0,-1.0,-0.1641371350037769,False,-159.0,-1.0,-0.1776077849283533,False,-150.0,-1.0,-0.17732457308483554
2026-05-16,cody brundage,andre petroski,140.0,-160.0,120.0,130.0,-163.0,-150.0,andre petroski,0,0.5572703627445561,0.0,0.0,-0.043607085479266394,-0.09443566054009633,andre petroski,0,0.5439449177714478,0.0,0.0,-0.04184731479128645,-0.12234654371846149,andre petroski,0,0.5423418002821407,0.0,0.0,-0.041640834754169354,-0.09609699952976553,1,Cody Brundage,,-160.0,,,,-163.0,,,,-150.0,,
2026-05-30,ding meng,jose souza,,,,,,,,,,,,,,,,,,,,,,,,,,,,0,Jose Souza,,,,,,,,,,,,
2026-05-30,yisak lee,luis felipe dias,,,,,,,,,,,,,,,,,,,,,,,,,,,,0,Luis Felipe Dias,,,,,,,,,,,,
2026-05-30,loma lookboonmee,jaqueline amorim,210.0,-250.0,-105.0,120.0,-150.0,-120.0,jaqueline amorim,0,0.6720580910890175,0.0,0.0,-0.027371804033671232,-0.059118672475375555,jaqueline amorim,0,0.5428937896830908,0.0,0.0,-0.0037395093026345583,-0.09517701719484878,jaqueline amorim,0,0.5418492568597217,0.0,0.0,-0.0036052885947824853,-0.006609695757176737,0,Jaqueline Amorim,,-250.0,,,,-150.0,,,,-120.0,,
2026-05-30,zhu kangjie,rodrigo vera,210.0,-250.0,-125.0,-105.0,-120.0,105.0,,,,,,,,,,,,,,,,,,,,,,0,Rodrigo Vera,,,,,,,,,,,,
2026-05-30,song yadong,deiveson figueiredo,-300.0,250.0,-670.0,-549.0,400.0,460.0,song yadong,1,0.7643578633775809,0.10080579542261531,352.8202839791536,0.028047485672084482,0.019143817836774546,song yadong,1,0.8291532586072132,0.0,0.0,-0.020013341768158943,-0.047092523690217644,song yadong,1,0.8234150094837295,0.0,0.0,-0.014553239048694655,-0.02660047148462588,1,Song Yadong,True,-300.0,0.33333333333333326,0.10080579542261531,,-670.0,,,,-549.0,,
2026-05-30,angela hill,xiong jingnan,165.0,-190.0,155.0,175.0,-225.0,-190.0,,,,,,,,,,,,,,,,,,,,,,1,Angela Hill,,,,,,,,,,,,
2026-05-30,kai asakura,cameron smotherman,-350.0,285.0,-333.0,-260.0,220.0,250.0,kai asakura,1,0.692973172708949,0.0,0.0,-0.07102881519122162,-0.1090344922313514,kai asakura,1,0.6733809235331908,0.0,0.0,-0.06526107370307388,-0.12440258291329853,kai asakura,1,0.6578262148500145,0.0,0.0,-0.06123842708039451,-0.0891637025153646,1,Kai Asakura,,-350.0,,,,-333.0,,,,-260.0,,
2026-05-30,jake matthews,carlston harris,-200.0,170.0,-700.0,-450.0,333.0,500.0,jake matthews,1,0.7219170904531638,0.1738239595685376,608.3838584898816,0.07109472491679347,0.08287563567974565,jake matthews,1,0.8381225486270804,0.0,0.0,-0.006061217827889043,-0.042145658711908215,jake matthews,1,0.8278358701454205,0.024739946941411604,86.58981429494061,0.004367653534945504,0.011799396844402898,1,Jake Matthews,True,-200.0,0.5,0.1738239595685376,,-700.0,,,True,-450.0,0.22222222222222232,0.024739946941411604
2026-05-30,rei tsuruya,luis gurule,-200.0,170.0,-450.0,-333.0,250.0,350.0,rei tsuruya,1,0.7509011916469476,0.17971162585849862,628.9906905047451,0.10007882611057728,0.12635178747042136,rei tsuruya,1,0.8285123430020186,0.20992655414714495,734.7429395150074,0.04556866756132405,0.012626197002467254,rei tsuruya,1,0.8230554496957392,0.22282774995113022,779.8971248289557,0.05073682537944213,0.07021924840316829,1,Rei Tsuruya,True,-200.0,0.5,0.17971162585849862,True,-450.0,0.22222222222222232,0.20992655414714495,True,-333.0,0.3003003003003002,0.22282774995113022
2026-05-30,sergei pavlovich,tallison teixeira,-250.0,210.0,-700.0,-549.0,400.0,500.0,sergei pavlovich,1,0.6026224386892796,0.0,0.0,-0.09680745643340916,-0.15632858583500867,sergei pavlovich,1,0.7240241003256324,0.0,0.0,-0.12892974324448847,-0.1725438853421345,sergei pavlovich,1,0.7160006497289835,0.0,0.0,-0.1258047123704441,-0.15358028838959883,1,Sergei Pavlovich,,-250.0,,,,-700.0,,,,-549.0,,
2026-05-30,zhang mingyang,alonzo menifield,-300.0,250.0,-250.0,-222.0,175.0,205.0,zhang mingyang,1,0.8128939768271545,0.21802596227868087,763.090867975383,0.07658359912165802,0.08385863576953922,zhang mingyang,1,0.7820018841843249,0.2854627764257017,999.1197174899561,0.09934563092239856,0.09480263785805482,zhang mingyang,1,0.7817619996591538,0.2852452490993628,998.3583718477697,0.09949973180249594,0.1339070445506646,0,Alonzo Menifield,False,-300.0,-1.0,-0.21802596227868087,False,-250.0,-1.0,-0.2854627764257017,False,-222.0,-1.0,-0.2852452490993628
2026-05-30,aoriqileng,cody haddon,250.0,-300.0,260.0,360.0,-460.0,-350.0,cody haddon,0,0.7591792429042801,0.08219325517190357,287.6763931016625,0.022868865198783617,0.01223899053904004,cody haddon,0,0.7913052117901391,0.0,0.0,0.00328140633151075,-0.036671916081569694,cody haddon,0,0.7862725422331328,0.030438715012058477,106.53550254220467,0.0067102501297413575,0.010921840014027795,0,Cody Haddon,True,-300.0,0.33333333333333326,0.08219325517190357,,-460.0,,,True,-350.0,0.2857142857142856,0.030438715012058477
2026-06-06,bryce mitchell,santiago luna,-250.0,210.0,-142.0,-115.0,-105.0,112.0,bryce mitchell,1,0.6219644710277533,0.0,0.0,-0.0774654240949354,-0.1292497405611454,santiago luna,0,0.5184550090557343,0.1070596405798503,374.70874202947607,0.057739083269760016,0.012221684346909734,santiago luna,0,0.5252234110885639,0.10702953346383544,374.60336712342405,0.056909598022961694,0.11347363150775547,1,Bryce Mitchell,,-250.0,,,False,-105.0,-1.0,-0.1070596405798503,False,112.0,-1.0,-0.10702953346383544
2026-06-06,fares ziam,tom nolan,-185.0,160.0,-370.0,-320.0,250.0,290.0,fares ziam,1,0.7087626751359519,0.17724652919487707,620.3628521820698,0.07435869524243321,0.09187763466889892,fares ziam,1,0.7926566823455272,0.132789930318324,464.764756114134,0.03175129488367123,0.006888218114588562,fares ziam,1,0.789172570869579,0.1394574824523317,488.10118858316093,0.034168617338184215,0.03578899926632248,0,Tom Nolan,False,-185.0,-1.0,-0.17724652919487707,False,-370.0,-1.0,-0.132789930318324,False,-320.0,-1.0,-0.1394574824523317
2026-06-06,belal muhammad,gabriel bonfim,115.0,-135.0,-130.0,-110.0,-110.0,110.0,gabriel bonfim,0,0.6536495412617309,0.1517863130248084,531.2520955868295,0.09793228882512373,0.13783438664079084,gabriel bonfim,0,0.5887502331009298,0.18417416285112911,644.6095699789519,0.11042946556650057,0.1239777177381387,gabriel bonfim,0,0.5869075263089204,0.183386786532883,641.8537528650905,0.1107170501184227,0.23250580524873288,0,Gabriel Bonfim,True,-135.0,0.7407407407407407,0.1517863130248084,True,-110.0,0.9090909090909092,0.18417416285112911,True,110.0,1.1,0.183386786532883
2026-06-06,iwo baraniewski,junior tafa,220.0,-260.0,-500.0,-400.0,300.0,380.0,junior tafa,0,0.6575354575911334,0.0,0.0,-0.05084658602816117,-0.08956628948919992,iwo baraniewski,1,0.7656836104355105,0.0,0.0,-0.04031474994218265,-0.08117966747738747,iwo baraniewski,1,0.7598933683507824,0.0,0.0,-0.03714135116308115,-0.05013328956152205,1,Iwo Baraniewski,,-260.0,,,,-500.0,,,,-400.0,,
2026-06-06,matt schnell,alessandro costa,400.0,-550.0,340.0,360.0,-500.0,-430.0,alessandro costa,0,0.7890847463135982,0.0,0.0,-0.0422398724689772,-0.06744529981120215,alessandro costa,0,0.778219621515281,0.0,0.0,-0.0351517677245865,-0.06613645418166281,alessandro costa,0,0.7707281065138882,0.0,0.0,-0.030628708745922384,-0.05003279894799825,0,Alessandro Costa,,-550.0,,,,-500.0,,,,-430.0,,
2026-06-06,brendan allen,edmen shahbazyan,-350.0,285.0,-205.0,-175.0,140.0,172.0,brendan allen,1,0.7339933437224482,0.0,0.0,-0.03000864417772242,-0.05629427235685244,brendan allen,1,0.6342048953511407,0.0,0.0,0.0003590171702669842,-0.05642686301415656,brendan allen,1,0.6348310347712681,0.0,0.0,0.0002288953515532377,-0.0024083739308644048,1,Brendan Allen,,-350.0,,,,-205.0,,,,-175.0,,
2026-06-06,bruno silva,edgar chairez,-110.0,-110.0,-125.0,100.0,-120.0,100.0,edgar chairez,0,0.6093767422000638,0.13529230086831617,473.5230530391066,0.10937674220006377,0.16335559874557637,edgar chairez,0,0.6048406840168754,0.19048116987167799,666.6840945508729,0.11016733384698224,0.10887458736427169,edgar chairez,0,0.6093767422000638,0.19251748605746088,673.8112012011131,0.10937674220006377,0.21875348440012754,0,Edgar Chairez,True,-110.0,0.9090909090909092,0.13529230086831617,True,-120.0,0.8333333333333335,0.19048116987167799,True,100.0,1.0,0.19251748605746088
2026-06-06,priscila cachoeira,chelsea chandler,-110.0,-110.0,100.0,118.0,-140.0,-125.0,chelsea chandler,0,0.5122917778808991,0.0,0.0,0.01229177788089908,-0.021988424045556287,chelsea chandler,0,0.5509304748654436,0.0,0.0,0.007444106737348188,-0.05554775737352524,chelsea chandler,0,0.5555624623421016,0.015127402848589851,52.94590997006448,0.00682687524460579,1.2432215782898215e-05,0,Chelsea Chandler,,-110.0,,,,-140.0,,,True,-125.0,0.8,0.015127402848589851
2026-06-06,jeisla chaves,yuneisy duben,-900.0,600.0,-295.0,-255.0,210.0,230.0,,,,,,,,,,,,,,,,,,,,,,1,Jeisla Chaves,,,,,,,,,,,,
2026-06-06,ketlen souza,ariane carnelossi,-300.0,250.0,-380.0,-320.0,250.0,300.0,ketlen souza,1,0.7953354173280653,0.22305044910318933,780.6765718611626,0.05902503962256889,0.06044722310408707,ketlen souza,1,0.8109386467572629,0.19900155415321058,696.5054395362371,0.046974336100964686,0.024343553798647832,ketlen souza,1,0.807328751609979,0.2057388427634198,720.0859496719693,0.049911802548850415,0.05961898648809738,1,Ketlen Souza,True,-300.0,0.33333333333333326,0.22305044910318933,True,-380.0,0.26315789473684204,0.19900155415321058,True,-320.0,0.3125,0.2057388427634198
2026-06-06,marcus mcghee,john yannis,-450.0,350.0,-600.0,-350.0,260.0,390.0,marcus mcghee,1,0.7307092129333237,0.0,0.0,-0.07367156730608637,-0.10691096197038208,marcus mcghee,1,0.7386550970122441,0.0,0.0,-0.0771442584748725,-0.13823572015238184,marcus mcghee,1,0.7165174103406127,0.0,0.0,-0.06798423501820317,-0.07876332956206952,1,Marcus McGhee,,-450.0,,,,-600.0,,,,-350.0,,
2026-06-06,jordan leavitt,joanderson brito,330.0,-400.0,140.0,155.0,-188.0,-166.0,joanderson brito,0,0.6531717729097979,0.0,0.0,-0.1353075818068391,-0.18353528386275264,joanderson brito,0,0.5099226333495872,0.0,0.0,-0.11237018768479834,-0.21884192337935576,joanderson brito,0,0.5050406584375668,0.0,0.0,-0.11178116013586037,-0.19071798105787485,0,Joanderson Brito,,-400.0,,,,-188.0,,,,-166.0,,
2026-06-14,mauricio ruffy,michael chandler,-700.0,500.0,-556.0,-475.0,340.0,400.0,mauricio ruffy,1,0.8610100560600807,0.0,0.0,-0.00152060375590235,-0.015988507359907783,mauricio ruffy,1,0.8436276285478541,0.0,0.0,0.01981597152952841,-0.004640783583826802,mauricio ruffy,1,0.8405244672597707,0.10036642544820007,351.2824890687002,0.02324904357747337,0.017476986682880308,1,Mauricio Ruffy,,-700.0,,,,-556.0,,,True,-475.0,0.21052631578947367,0.10036642544820007
2026-06-14,ilia topuria,justin gaethje,-500.0,385.0,-500.0,-250.0,210.0,360.0,ilia topuria,1,0.8743287935818859,0.2878922771146994,1007.6229699014478,0.054088876215720116,0.049194552298263,ilia topuria,1,0.8586387058403114,0.3508943526097423,1228.130234134098,0.07642445351715721,0.03036644700837368,ilia topuria,1,0.8402328444939539,0.26469740557138316,926.4409194998411,0.09837172286790807,0.17632598229153534,0,Justin Gaethje,False,-500.0,-1.0,-0.2878922771146994,False,-500.0,-1.0,-0.3508943526097423,False,-250.0,-1.0,-0.26469740557138316
2026-06-14,alex pereira,ciryl gane,160.0,-185.0,-130.0,-110.0,-110.0,110.0,ciryl gane,0,0.61839345933033,0.0,0.0,-0.016010520563188746,-0.047339805896518705,alex pereira,1,0.5186187159571846,0.0,0.0,-0.003060516508386346,-0.08244381022959657,alex pereira,1,0.5205171789268299,0.0,0.0,-0.003292344882672271,-0.0062853856851428636,0,Ciryl Gane,,-185.0,,,,-130.0,,,,-110.0,,
2026-06-14,bo nickal,kyle daukaus,-300.0,250.0,-410.0,-333.0,250.0,295.0,bo nickal,1,0.7798129721832167,0.16496644392582807,577.3825537403983,0.0435025944777202,0.039750629577622154,bo nickal,1,0.8012434705315402,0.0,0.0,0.028658258680259063,-0.0033312927534499825,bo nickal,1,0.7944422541196274,0.11102006160176943,388.570215606193,0.033669058648428174,0.03301350160299896,1,Bo Nickal,True,-300.0,0.33333333333333326,0.16496644392582807,,-410.0,,,True,-333.0,0.3003003003003002,0.11102006160176943
2026-06-14,diego lopes,steve garcia,-225.0,190.0,-177.0,-150.0,120.0,145.0,diego lopes,1,0.6136761228357092,0.0,0.0,-0.06323526698169524,-0.11357893368175342,diego lopes,1,0.5441428777469396,0.0,0.0,-0.052727921095714114,-0.1484317675937724,diego lopes,1,0.5436137709696239,0.0,0.0,-0.05265961912688055,-0.0939770483839602,1,Diego Lopes,,-225.0,,,,-177.0,,,,-150.0,,
2026-06-14,josh hokit,derrick lewis,-400.0,330.0,-515.0,-385.0,290.0,400.0,josh hokit,1,0.8653856544466658,0.27277952311609366,954.7283309063278,0.07690629973002883,0.08173206805833227,josh hokit,1,0.8728904692742551,0.34149738435509913,1195.240845242847,0.06592471307360603,0.0423837642789647,josh hokit,1,0.86850199217157,0.28023314967109125,980.8160238488194,0.07245524135654535,0.09408692520314668,1,Josh Hokit,True,-400.0,0.25,0.27277952311609366,True,-515.0,0.1941747572815533,0.34149738435509913,True,-385.0,0.2597402597402598,0.28023314967109125
2026-06-14,sean omalley,aiemann zahabi,,,,,,,,,,,,,,,,,,,,,,,,,,,,1,Sean O'Malley,,,,,,,,,,,,
2026-06-20,leon shahbazyan,levan chokheli,215.0,-255.0,260.0,320.0,-420.0,-350.0,,,,,,,,,,,,,,,,,,,,,,0,Levan Chokheli,,,,,,,,,,,,
2026-06-20,gaston bolanos,michael aswell jr,330.0,-400.0,295.0,330.0,-435.0,-360.0,michael aswell jr,0,0.7853352813486519,0.0,0.0,-0.0031440733679850563,-0.01833089831418508,michael aswell jr,0,0.7864439472354309,0.0,0.0,-0.0038809023889745387,-0.03276434075642415,michael aswell jr,0,0.7783875368458597,0.0,0.0,0.0013191257994455974,-0.005393702919179344,1,Gaston Bolanos,,-400.0,,,,-435.0,,,,-360.0,,
2026-06-20,karol rosa,luana santos,-120.0,100.0,-125.0,100.0,-120.0,100.0,luana santos,0,0.5257668136213869,0.0936356069366745,327.72462427836075,0.0489958597732873,0.05153362724277377,luana santos,0,0.5416714373971379,0.0,0.0,0.04699808722724469,-0.00693569810524719,luana santos,0,0.5463887996540693,0.09277193661286828,324.701778145039,0.04638879965406928,0.09277759930813856,0,Luana Santos,True,100.0,1.0,0.0936356069366745,,-120.0,,,True,100.0,1.0,0.09277193661286828
2026-06-20,bia mesquita,melissa mullins,-600.0,450.0,-950.0,-549.0,400.0,650.0,bia mesquita,1,0.8341705183462705,0.0,0.0,-0.010737713326886222,-0.026801061929350972,bia mesquita,1,0.8496779104661423,0.0,0.0,-0.027889600411467153,-0.06088230948479022,bia mesquita,1,0.8380628133087937,0.0,0.0,-0.014802099311766903,-0.009284579531134624,1,Bia Mesquita,,-600.0,,,,-950.0,,,,-549.0,,
2026-06-20,allan nascimento,mitch raposo,-250.0,210.0,-175.0,-155.0,130.0,140.0,allan nascimento,1,0.6811358536179495,0.0,0.0,-0.018294041504739234,-0.04640980493487079,allan nascimento,1,0.6034972046401335,0.0,0.0,-0.000996599353119687,-0.05164724985121888,allan nascimento,1,0.596809281704406,0.0,0.0,0.00012193648849090355,-0.01815247203468706,0,Mitch Raposo,,-250.0,,,,-175.0,,,,-155.0,,
2026-06-20,shane collins,otari tanzilovi,-170.0,145.0,-225.0,-200.0,170.0,185.0,,,,,,,,,,,,,,,,,,,,,,1,Shane Collins,,,,,,,,,,,,
2026-06-20,andre lima,kevin borjas,-600.0,450.0,-900.0,-649.0,450.0,600.0,andre lima,1,0.8598505784680407,0.09633931541050426,337.1876039367649,0.014942346794883932,0.0031590082127141983,andre lima,1,0.8735133103045816,0.0,0.0,-0.004540874862803412,-0.029429655217131548,andre lima,1,0.8676847845110262,0.030225868070664155,105.79053824732453,0.0041242531016852935,0.001380436978056454,0,Kevin Borjas,False,-600.0,-1.0,-0.09633931541050426,,-900.0,,,False,-649.0,-1.0,-0.030225868070664155
2026-06-20,melsik baghdasaryan,murtazali magomedov,385.0,-500.0,250.0,430.0,-600.0,-333.0,,,,,,,,,,,,,,,,,,,,,,0,Murtazali Magomedov,,,,,,,,,,,,
2026-06-20,manel kape,kyoji horiguchi,-275.0,235.0,-175.0,-162.0,130.0,150.0,manel kape,1,0.7342760728863933,0.048139268108304704,168.48743837906648,0.013439545540923858,0.0012855539359909463,manel kape,1,0.6458995722186583,0.10468417798735487,366.394622955742,0.041405768225405204,0.01498504205789164,manel kape,1,0.650454630497748,0.10351963147629523,362.3187101670333,0.04036593867201421,0.05196983450870357,1,Manel Kape,True,-275.0,0.36363636363636376,0.048139268108304704,True,-175.0,0.5714285714285714,0.10468417798735487,True,-162.0,0.617283950617284,0.10351963147629523
2026-06-20,ion cutelaba,navajo stirling,275.0,-350.0,250.0,320.0,-420.0,-333.0,navajo stirling,0,0.7415819856515269,0.0,0.0,-0.01988279936560844,-0.04653744701946552,navajo stirling,0,0.7509267168051865,0.0,0.0,-0.024361952120408814,-0.07028120776500713,navajo stirling,0,0.7449337992430773,0.0,0.0,-0.021450912919937948,-0.03136235714038299,0,Navajo Stirling,,-350.0,,,,-420.0,,,,-333.0,,
2026-06-20,vinicius oliveira,andre fili,-225.0,190.0,-305.0,-245.0,205.0,230.0,vinicius oliveira,1,0.7337765182966025,0.1759940026207067,615.9790091724734,0.05686512847919811,0.05989941531731474,vinicius oliveira,1,0.7640746305744988,0.1510754589547936,528.7641063417776,0.0419885331596519,0.014590902894006497,vinicius oliveira,1,0.7527828212549394,0.16247472950412511,568.6615532644379,0.04796210100731946,0.06004111564471065,1,Vinicius Oliveira,True,-225.0,0.4444444444444444,0.1759940026207067,True,-305.0,0.3278688524590163,0.1510754589547936,True,-245.0,0.40816326530612246,0.16247472950412511
2026-06-20,hyder amil,christian rodriguez,145.0,-170.0,150.0,205.0,-240.0,-188.0,christian rodriguez,0,0.6590422269122093,0.11951785240739285,418.312483425875,0.04628528351426331,0.04671412509586187,christian rodriguez,0,0.6974228244976315,0.0,0.0,0.0353611299449037,-0.011984331961688688,christian rodriguez,0,0.6966944913486735,0.10503465115883068,367.6212790559074,0.03559887667159045,0.06727666759796785,0,Christian Rodriguez,True,-170.0,0.5882352941176472,0.11951785240739285,,-240.0,,,True,-188.0,0.5319148936170213,0.10503465115883068
2026-06-27,farman hasanov,eric nolan,-110.0,-110.0,-175.0,-160.0,138.0,145.0,,,,,,,,,,,,,,,,,,,,,,1,Farman Hasanov,,,,,,,,,,,,
2026-06-27,tahir abdullayev,jefferson nascimento,170.0,-200.0,-105.0,140.0,-160.0,-120.0,,,,,,,,,,,,,,,,,,,,,,1,Tahir Abdullayev,,,,,,,,,,,,
2026-06-27,bekzat almakhan,jean matsumoto,150.0,-175.0,140.0,160.0,-190.0,-175.0,jean matsumoto,0,0.6797877259885967,0.1567557096826084,548.6449838891294,0.05953047804791445,0.06823785512493769,jean matsumoto,0,0.6824601655439901,0.15613461563956482,546.4711547384769,0.05875646416115232,0.04164972635661646,jean matsumoto,0,0.6850905184638849,0.1554777209636947,544.1720233729314,0.05797946188048886,0.07657081472896199,0,Jean Matsumoto,True,-175.0,0.5714285714285714,0.1567557096826084,True,-190.0,0.5263157894736841,0.15613461563956482,True,-175.0,0.5714285714285714,0.1554777209636947
2026-06-27,daniil donchenko,theodor berggren,-700.0,525.0,-590.0,-460.0,350.0,430.0,,,,,,,,,,,,,,,,,,,,,,1,Daniil Donchenko,,,,,,,,,,,,
2026-06-27,kaan ofli,javier reyes,150.0,-175.0,163.0,210.0,-260.0,-220.0,javier reyes,0,0.5721004136350206,0.0,0.0,-0.048156834305661644,-0.10098506428782478,javier reyes,0,0.6240649573745636,0.0,0.0,-0.05680898644083554,-0.13591005901983508,javier reyes,0,0.6261063896530232,0.0,0.0,-0.0572074702081794,-0.08929979686832984,1,Kaan Ofli,,-175.0,,,,-260.0,,,,-220.0,,
2026-06-27,nursulton ruziboev,andrey pulyaev,-225.0,190.0,-225.0,-174.0,143.0,175.0,nursulton ruziboev,1,0.6143969528392004,0.0,0.0,-0.06251443697820402,-0.1125377347878217,nursulton ruziboev,1,0.5901287830785735,0.0,0.0,-0.05839884008338059,-0.1475917577753938,nursulton ruziboev,1,0.5789375618066963,0.0,0.0,-0.05668192629829272,-0.08833970152278858,1,Nursulton Ruziboev,,-225.0,,,,-225.0,,,,-174.0,,
2026-06-27,abdul rakhman yakhyaev,julius walker,-500.0,385.0,-750.0,-625.0,440.0,530.0,abdul rakhman yakhyaev,1,0.7916166656696583,0.0,0.0,-0.02862325169650748,-0.0500600011964101,abdul rakhman yakhyaev,1,0.8156214099566337,0.0,0.0,-0.04726661929229792,-0.07562906871581519,abdul rakhman yakhyaev,1,0.8116454845549783,0.0,0.0,-0.04389798614065055,-0.05849123791622521,1,Abdul Rakhman Yakhyaev,,-500.0,,,,-750.0,,,,-625.0,,
2026-06-27,abus magomedov,michal oleksiejczuk,-190.0,165.0,-110.0,103.0,-125.0,-110.0,abus magomedov,1,0.6579603583368124,0.0470207189798939,164.57251642962865,0.016877575742133666,0.004255283777239938,abus magomedov,1,0.522864945215559,0.0,0.0,0.03939198720915993,-0.0018032864066599985,abus magomedov,1,0.5235866910306525,0.07620647038930006,266.7226463625502,0.039303344789752115,0.06288098279222465,1,Abus Magomedov,True,-190.0,0.5263157894736841,0.0470207189798939,,-110.0,,,True,103.0,1.0300000000000002,0.07620647038930006
2026-06-27,ikram aliskerov,brunno ferreira,-300.0,250.0,-295.0,-250.0,200.0,240.0,ikram aliskerov,1,0.7857936719200729,0.18764589051107933,656.7606167887776,0.04948329421457642,0.04772489589343043,ikram aliskerov,1,0.7732300668573201,0.20197606288413505,706.9162200944727,0.05739878152753408,0.03534195392759809,ikram aliskerov,1,0.7701335955154938,0.2048535528457555,716.9874349601442,0.05922502026568355,0.07818703372169122,1,Ikram Aliskerov,True,-300.0,0.33333333333333326,0.18764589051107933,True,-295.0,0.3389830508474576,0.20197606288413505,True,-250.0,0.3999999999999999,0.2048535528457555
2026-06-27,asu almabayev,charles johnson,-325.0,275.0,-365.0,-275.0,210.0,290.0,asu almabayev,1,0.8310057893382882,0.24259051633665782,849.0668071783024,0.07806298355779817,0.08669987836545379,asu almabayev,1,0.8274344134190796,0.32091244723389756,1123.1935653186415,0.0815556436484487,0.05412877325992335,asu almabayev,1,0.8230472097370652,0.3227149292193859,1129.5022522678505,0.08568956142071771,0.12233710418690724,1,Asu Almabayev,True,-325.0,0.3076923076923077,0.24259051633665782,True,-365.0,0.273972602739726,0.32091244723389756,True,-275.0,0.36363636363636376,0.3227149292193859
2026-06-27,nazim sadykhov,matheus camilo,-200.0,170.0,-205.0,-186.0,150.0,170.0,nazim sadykhov,1,0.528514030082818,0.0,0.0,-0.12230833545355224,-0.20722895487577292,nazim sadykhov,1,0.5199396627115469,0.0,0.0,-0.1212531895258524,-0.2264312335267229,nazim sadykhov,1,0.5200815114413083,0.0,0.0,-0.12127052218213574,-0.20030477273003133,0,Matheus Camilo,,-200.0,,,,-205.0,,,,-186.0,,
2026-06-27,shara magomedov,michel pereira,-300.0,250.0,-435.0,-350.0,260.0,335.0,shara magomedov,1,0.7319108670418918,0.0,0.0,-0.004399510663604667,-0.024118843944144347,shara magomedov,1,0.7626325320557008,0.0,0.0,-0.01928561129382278,-0.06204964448321859,shara magomedov,1,0.7581024906980022,0.0,0.0,-0.016851733330532914,-0.025296797673997312,1,Shara Magomedov,,-300.0,,,,-435.0,,,,-350.0,,
2026-06-27,rafael fiziev,manuel torres,-141.0,108.0,-116.0,-108.0,-113.0,-104.0,rafael fiziev,1,0.5350691307457813,0.0,0.0,-0.01881747258555233,-0.08544921624302615,manuel torres,0,0.5099583475696906,0.0,0.0,0.013330351369095605,-0.03875107935978672,manuel torres,0,0.5087041286836927,0.0,0.0,0.013481841767667202,-0.002157286043525719,1,Rafael Fiziev,,-141.0,,,,-113.0,,,,-104.0,,
2026-07-11,luke riley,kai kamaka iii,,,,,,,,,,,,,,,,,,,,,,,,,,,,1,Luke Riley,,,,,,,,,,,,
2026-07-11,tracy cortez,wang cong,113.0,-133.0,-105.0,102.0,-124.0,-120.0,tracy cortez,1,0.5021221776047299,0.09746818826374021,341.1386589230907,0.05377154649756233,0.06952023829807463,tracy cortez,1,0.5291094569355819,0.09682541914637388,338.88896701230857,0.05048553907921788,0.03302322544565983,tracy cortez,1,0.5252673742848316,0.09693438721203411,339.27035524211936,0.05096088912854646,0.06104009605535987,0,Wang Cong,False,113.0,-1.0,-0.09746818826374021,False,-105.0,-1.0,-0.09682541914637388,False,102.0,-1.0,-0.09693438721203411
2026-07-11,damian pinas,cesar almeida,-265.0,225.0,-300.0,-250.0,200.0,250.0,,,,,,,,,,,,,,,,,,,,,,1,Damian Pinas,,,,,,,,,,,,
2026-07-11,cody garbrandt,adrian yanez,210.0,-250.0,295.0,333.0,-450.0,-370.0,adrian yanez,0,0.6553082577737758,0.0,0.0,-0.044121637348912945,-0.08256843911671397,adrian yanez,0,0.7270840793285482,0.0,0.0,-0.06685750355009368,-0.1113416808206632,adrian yanez,0,0.7175631111052833,0.0,0.0,-0.06308147717027845,-0.08850091292031592,0,Adrian Yanez,,-250.0,,,,-450.0,,,,-370.0,,
2026-07-11,ryan gandra,zach reese,,,,,,,,,,,,,,,,,,,,,,,,,,,,1,Ryan Gandra,,,,,,,,,,,,
2026-07-11,alessandro costa,cody durden,-300.0,250.0,-250.0,-205.0,175.0,200.0,alessandro costa,1,0.7731819293681383,0.13982082753543962,489.37289637403865,0.03687155166264189,0.030909239157517754,alessandro costa,1,0.7378476598756708,0.1739061776540022,608.6716217890078,0.05519140661374444,0.032986723825939035,alessandro costa,1,0.728889111372682,0.17888201759710648,626.0870615898726,0.05906638134276787,0.08444477545691709,1,Alessandro Costa,True,-300.0,0.33333333333333326,0.13982082753543962,True,-250.0,0.3999999999999999,0.1739061776540022,True,-205.0,0.4878048780487805,0.17888201759710648
2026-07-11,farid basharat,john garza,-525.0,410.0,-750.0,-620.0,450.0,525.0,,,,,,,,,,,,,,,,,,,,,,1,Farid Basharat,,,,,,,,,,,,
2026-07-11,cory sandhagen,mario bautista,-200.0,170.0,-155.0,-148.0,120.0,133.0,cory sandhagen,1,0.6544528394848008,0.0,0.0,0.0036304739484305237,-0.01832074077279877,cory sandhagen,1,0.5944714849235033,0.0,0.0,0.015407209536139832,-0.021998524803268804,cory sandhagen,1,0.5994125182472314,0.035153524567079326,123.03733598477764,0.014596055550985643,0.004420976522387765,0,Mario Bautista,,-200.0,,,,-155.0,,,False,-148.0,-1.0,-0.035153524567079326
2026-07-11,gable steveson,elisha ellison,-1800.0,900.0,-2000.0,-1100.0,725.0,900.0,,,,,,,,,,,,,,,,,,,,,,1,Gable Steveson,,,,,,,,,,,,
2026-07-11,king green,terrance mckinney,175.0,-205.0,-120.0,100.0,-120.0,100.0,terrance mckinney,0,0.630456174927974,0.0,0.0,-0.02647773225205241,-0.06200422754618501,king green,1,0.5065263742489429,0.0,0.0,0.006526374248942868,-0.07136831387693798,king green,1,0.5065263742489429,0.013051951821341674,45.68183137469586,0.006526374248942868,0.013052748497885736,1,King Green,,-205.0,,,,-120.0,,,True,100.0,1.0,0.013051951821341674
2026-07-11,brandon royval,loneer kavanagh,170.0,-200.0,175.0,210.0,-260.0,-225.0,loneer kavanagh,0,0.6848146357725932,0.09734356430047386,340.7024750516585,0.033992270236222866,0.02722195365888974,loneer kavanagh,0,0.7125248874285652,0.0,0.0,0.02481600234823833,-0.013427078945063564,loneer kavanagh,0,0.7113883719738507,0.08039118739723611,281.3691558903264,0.025231784625808773,0.027560981740006596,1,Brandon Royval,False,-200.0,-1.0,-0.09734356430047386,,-260.0,,,False,-225.0,-1.0,-0.08039118739723611
2026-07-11,nikita krylov,robert whittaker,-116.0,-104.0,100.0,110.0,-130.0,-125.0,nikita krylov,1,0.6265922437823713,0.13971700539741777,489.00951889096217,0.11266513027061431,0.16675797118096725,nikita krylov,1,0.5860468240641065,0.18021434061268932,630.7501921444126,0.11973032945819329,0.17209364812821293,nikita krylov,1,0.5803235972787473,0.17777098792652235,622.1984577428283,0.12060199087063805,0.21867955428536934,0,Robert Whittaker,False,-116.0,-1.0,-0.13971700539741777,False,100.0,-1.0,-0.18021434061268932,False,110.0,-1.0,-0.17777098792652235
2026-07-11,benoit st denis,paddy pimblett,-110.0,-110.0,-125.0,-120.0,100.0,105.0,benoit st denis,1,0.6581175916835589,0.13910564981242785,486.86977434349745,0.15811759168355888,0.2564063113958852,benoit st denis,1,0.6806627718470292,0.2103074880713691,736.0762082497919,0.15212003657562367,0.22519298932465248,benoit st denis,1,0.6812341442054505,0.21062449371214134,737.1857279924947,0.15195476961387056,0.2489292643766593,0,Paddy Pimblett,False,-110.0,-1.0,-0.13910564981242785,False,-125.0,-1.0,-0.2103074880713691,False,-120.0,-1.0,-0.21062449371214134
2026-07-11,conor mcgregor,max holloway,230.0,-270.0,200.0,240.0,-295.0,-250.0,max holloway,0,0.6003218199242345,0.0,0.0,-0.1164852648592235,-0.17733676528901207,max holloway,0,0.5994856475034098,0.0,0.0,-0.11634563782637619,-0.19729887876662075,max holloway,0,0.595258579146414,0.0,0.0,-0.11564999610339621,-0.16663798919502046,0,Max Holloway,,-270.0,,,,-295.0,,,,-250.0,,
2026-07-18,levi rodrigues jr,felipe franco,,,,,,,,,,,,,,,,,,,,,,,,,,,,0,Felipe Franco,,,,,,,,,,,,
2026-07-18,jean paul lebosnoyani,seokhyeon ko,,,,,,,,,,,,,,,,,,,,,,,,,,,,1,Jean-Paul Lebosnoyani,,,,,,,,,,,,
2026-07-18,anna melisano,dione barbosa,240.0,-280.0,450.0,550.0,-800.0,-649.0,,,,,,,,,,,,,,,,,,,,,,0,Dione Barbosa,,,,,,,,,,,,
2026-07-18,rj harris,alvin hines,,,,,,,,,,,,,,,,,,,,,,,,,,,,1,RJ Harris,,,,,,,,,,,,
2026-07-18,alden coria,stewart nicoll,-800.0,550.0,-1500.0,-1000.0,600.0,850.0,alden coria,1,0.8490561309247313,0.0,0.0,-0.027571204018452367,-0.044811852709677275,alden coria,1,0.8677424712718184,0.0,0.0,-0.051999496818997404,-0.07440803064339377,alden coria,1,0.8616303023932833,0.0,0.0,-0.043477431014916634,-0.052206667367388285,1,Alden Coria,,-800.0,,,,-1500.0,,,,-1000.0,,
2026-07-18,ezra elliott,damien anderson,,,,,,,,,,,,,,,,,,,,,,,,,,,,1,Ezra Elliott,,,,,,,,,,,,
2026-07-18,tabatha ricci,fatima kline,250.0,-300.0,350.0,380.0,-500.0,-465.0,fatima kline,0,0.791835385315399,0.19370249837247602,677.958744303666,0.05552500760990253,0.05578051375386528,fatima kline,0,0.8343816388103436,0.09281337918516792,324.8468271480877,0.019369079889270835,0.001257966572412228,fatima kline,0,0.8330773641971612,0.09191443565640989,321.70052479743464,0.020700172960990693,0.012233786605152841,0,Fatima Kline,True,-300.0,0.33333333333333326,0.19370249837247602,True,-500.0,0.19999999999999996,0.09281337918516792,True,-465.0,0.21505376344086025,0.09191443565640989
2026-07-18,chase hooper,mitch ramirez,-255.0,215.0,-375.0,-350.0,260.0,295.0,chase hooper,1,0.7621039908870498,0.1806359783330727,632.2259241657545,0.05812902885726079,0.06096830103883405,chase hooper,1,0.7995030265949902,0.12917931335011026,452.1275967253859,0.03420281307403983,0.012703833686987492,chase hooper,1,0.8001378255037088,0.12028768274446935,421.00688960564275,0.033727070239998325,0.028748632790482676,1,Chase Hooper,True,-255.0,0.392156862745098,0.1806359783330727,True,-375.0,0.2666666666666666,0.12917931335011026,True,-350.0,0.2857142857142856,0.12028768274446935
2026-07-18,jared cannonier,christian leroy duncan,275.0,-325.0,245.0,300.0,-400.0,-300.0,christian leroy duncan,0,0.8072649024101803,0.2022640283384036,707.9240991844126,0.05432209662969034,0.0556541031517743,christian leroy duncan,0,0.8156727200780812,0.18111962592644043,633.9186907425415,0.047334262758345624,0.019590900097601532,christian leroy duncan,0,0.8056249619970801,0.18536387621772096,648.7735667620234,0.05562496199726752,0.07416661599610674,0,Christian Leroy Duncan,True,-325.0,0.3076923076923077,0.2022640283384036,True,-400.0,0.25,0.18111962592644043,True,-300.0,0.33333333333333326,0.18536387621772096
2026-07-18,dricus du plessis,kamaru usman,-240.0,205.0,-225.0,-205.0,163.0,185.0,dricus du plessis,1,0.7524297464422236,0.18015543796402858,630.5440328741,0.060292776130695724,0.06594214079315014,dricus du plessis,1,0.7318470370620741,0.1831817208822543,641.13602308789,0.06984845767831127,0.05711238686744036,dricus du plessis,1,0.7321150539300992,0.17207281337808306,602.2548468232907,0.06973381946611001,0.08924434853014762,1,Dricus Du Plessis,True,-240.0,0.41666666666666674,0.18015543796402858,True,-225.0,0.4444444444444444,0.1831817208822543,True,-205.0,0.4878048780487805,0.17207281337808306
2026-07-18,tommy mcmillen,alberto montes,125.0,-145.0,-220.0,-195.0,155.0,180.0,tommy mcmillen,1,0.5530792950206233,0.10594547994127902,370.80917979447656,0.12805622797592353,0.24442841379640234,tommy mcmillen,1,0.7369901207994282,0.21273765823640953,744.5818038274333,0.08305305718859868,0.07198563025371374,tommy mcmillen,1,0.7365004246049909,0.20005305886582642,700.1857060303923,0.08327056377682152,0.1141929500434477,1,Tommy McMillen,True,125.0,1.25,0.10594547994127902,True,-220.0,0.4545454545454546,0.21273765823640953,True,-195.0,0.5128205128205128,0.20005305886582642
2026-07-18,austin bashi,jose delgado,145.0,-170.0,-150.0,-130.0,106.0,125.0,jose delgado,0,0.5458922047386303,0.0,0.0,-0.06686473865931564,-0.1329947336504106,austin bashi,1,0.6063966815845537,0.0937208353577062,328.0229237519717,0.04653521246246706,0.010661135974256108,austin bashi,1,0.6070690045795767,0.08801865485139256,308.0652919798739,0.04641830554683413,0.07404516194848176,0,Jose Delgado,,-170.0,,,False,-150.0,-1.0,-0.0937208353577062,False,-130.0,-1.0,-0.08801865485139256
2026-07-25,santiago ponzinibbio,sam patterson,350.0,-450.0,350.0,480.0,-770.0,-500.0,sam patterson,0,0.7963578303217519,0.0,0.0,-0.008022949917658173,-0.026673762940080947,sam patterson,0,0.82407144392558,0.0,0.0,-0.030865705419386935,-0.06890629062953949,sam patterson,0,0.811556049942032,0.0,0.0,-0.019845434002551454,-0.026132740069561622,0,Sam Patterson,,-450.0,,,,-770.0,,,,-500.0,,
2026-07-25,dustin jacoby,muhammad saidov,,,,,,,,,,,,,,,,,,,,,,,,,,,,0,Muhammad Saidov,,,,,,,,,,,,
2026-07-25,cody gibson,abdul hussein,285.0,-350.0,420.0,475.0,-650.0,-600.0,,,,,,,,,,,,,,,,,,,,,,0,Abdul Hussein,,,,,,,,,,,,
2026-07-25,nurullo aliev,mike davis,-172.0,147.0,-235.0,-225.0,175.0,193.0,nurullo aliev,1,0.7166451383346845,0.17429654555664922,610.0379094482723,0.10085210829992086,0.13329928852926853,nurullo aliev,1,0.7573204107007879,0.2540594668864827,889.2081341026893,0.08266086847867848,0.07958441525431464,nurullo aliev,1,0.7597558323651851,0.25299386315658506,885.4785210480477,0.08137184370508932,0.09742509119415621,1,Nurullo Aliev,True,-172.0,0.5813953488372094,0.17429654555664922,True,-235.0,0.42553191489361697,0.2540594668864827,True,-225.0,0.4444444444444444,0.25299386315658506
2026-07-25,magomed tuchalov,brendson ribeiro,-550.0,420.0,-1250.0,-800.0,500.0,700.0,,,,,,,,,,,,,,,,,,,,,,1,Magomed Tuchalov,,,,,,,,,,,,
2026-07-25,ismael bonfim,axel sola,145.0,-170.0,160.0,182.0,-212.0,-198.0,axel sola,0,0.6359796903957224,0.05996577394452312,209.8802088058309,0.02322274699777649,0.010085390628500446,axel sola,0,0.6680034755753941,0.0,0.0,0.01569329857309476,-0.01690054537960861,axel sola,0,0.67115138686278,0.04322016795181383,151.27058783134842,0.014855872317638852,0.010116733763174013,0,Axel Sola,True,-170.0,0.5882352941176472,0.05996577394452312,,-212.0,,,True,-198.0,0.5050505050505052,0.04322016795181383
2026-07-25,rizvan kuniev,tyrell fortune,-250.0,210.0,-350.0,-310.0,250.0,275.0,rizvan kuniev,1,0.7156661193365145,0.054014797113541776,189.05178989739622,0.016236224213825756,0.001932567071120217,rizvan kuniev,1,0.7539141711458478,0.0,0.0,-0.0005644755023699322,-0.030681779955338634,rizvan kuniev,1,0.7492284446836331,0.0,0.0,0.0017793182743403024,-0.009084960257130403,1,Rizvan Kuniev,True,-250.0,0.3999999999999999,0.054014797113541776,,-350.0,,,,-310.0,,
2026-07-25,magomed zaynukov,damian rzepecki,-275.0,235.0,-286.0,-241.0,206.0,215.0,,,,,,,,,,,,,,,,,,,,,,1,Magomed Zaynukov,,,,,,,,,,,,
2026-07-25,steve erceg,ramazan temirov,-150.0,130.0,-115.0,-101.0,-119.0,-104.0,steve erceg,1,0.6916494509151767,0.16290540318696678,570.1689111543837,0.10766681587886662,0.15274908485862776,steve erceg,1,0.6206315997199968,0.19216763137463572,672.586709811225,0.12505140885470045,0.1603112516504287,steve erceg,1,0.6212544572520402,0.19246508919396538,673.6278121788788,0.12493305305346997,0.23635788027386218,0,Ramazan Temirov,False,-150.0,-1.0,-0.16290540318696678,False,-115.0,-1.0,-0.19216763137463572,False,-101.0,-1.0,-0.19246508919396538
2026-07-25,magomed ankalaev,bogdan guskov,-300.0,250.0,-560.0,-549.0,390.0,410.0,magomed ankalaev,1,0.7466556342284741,0.0,0.0,0.010345256522977686,-0.004459154362034534,magomed ankalaev,1,0.8055752680587485,0.0,0.0,-0.026152641196088733,-0.05057200550218929,magomed ankalaev,1,0.8059476211696774,0.0,0.0,-0.026446670986507548,-0.04724953344422475,1,Magomed Ankalaev,,-300.0,,,,-560.0,,,,-549.0,,
2026-07-25,valter walker,thomas petersen,-250.0,210.0,-210.0,-188.0,150.0,175.0,valter walker,1,0.7715397290330861,0.20652425889661627,722.834906138157,0.07210983391039738,0.08015562064632048,valter walker,1,0.7350716861409585,0.2549964973853857,892.48774084885,0.09068591877002563,0.0851058223985579,valter walker,1,0.7359679685812787,0.254812644411026,891.8442554385911,0.09029167040556041,0.12744029229472476,1,Valter Walker,True,-250.0,0.3999999999999999,0.20652425889661627,True,-210.0,0.4761904761904763,0.2549964973853857,True,-188.0,0.5319148936170213,0.254812644411026
2026-07-25,abubakar vagaev,saygid izagakhmaev,-205.0,175.0,-275.0,-190.0,164.0,210.0,,,,,,,,,,,,,,,,,,,,,,1,Abubakar Vagaev,,,,,,,,,,,,
2026-08-01,mateusz rebecki,kyle prepolec,-500.0,385.0,-1100.0,-649.0,450.0,709.0,mateusz rebecki,1,0.8119599306807657,0.0,0.0,-0.008279986685400087,-0.025648083183081233,mateusz rebecki,1,0.8481985473889421,0.0,0.0,-0.044235449342152844,-0.07469249375751781,mateusz rebecki,1,0.8374252052570273,0.0,0.0,-0.03222347646755397,-0.0335416352272519,1,Mateusz Rebecki,,-500.0,,,,-1100.0,,,,-649.0,,
2026-08-01,dennis buzukja,bogdan grad,,,,,,,,,,,,,,,,,,,,,,,,,,,,0,Bogdan Grad,,,,,,,,,,,,
2026-08-01,marina spasic,stephanie luciano,250.0,-300.0,250.0,334.0,-425.0,-333.0,,,,,,,,,,,,,,,,,,,,,,0,Stephanie Luciano,,,,,,,,,,,,
2026-08-01,jovan leka,alexander poppeck,-300.0,250.0,-360.0,-290.0,225.0,280.0,,,,,,,,,,,,,,,,,,,,,,1,Jovan Leka,,,,,,,,,,,,
2026-08-01,nina milosevic,hailey cowan,-500.0,385.0,-910.0,-500.0,350.0,575.0,,,,,,,,,,,,,,,,,,,,,,1,Nina Milosevic,,,,,,,,,,,,
2026-08-01,borislav nikolic,mark vologdin,-150.0,130.0,-230.0,-200.0,163.0,190.0,,,,,,,,,,,,,,,,,,,,,,1,Borislav Nikolic,,,,,,,,,,,,
2026-08-01,oban elliott,michael oliveira,235.0,-275.0,275.0,575.0,-910.0,-350.0,,,,,,,,,,,,,,,,,,,,,,0,Michael Oliveira,,,,,,,,,,,,
2026-08-01,milos janicic,noah gugnon,-500.0,375.0,-138.0,-105.0,-120.0,118.0,,,,,,,,,,,,,,,,,,,,,,0,Noah Gugnon,,,,,,,,,,,,
2026-08-01,dusko todorovic,robert valentin,110.0,-130.0,125.0,140.0,-175.0,-150.0,robert valentin,0,0.5024428443530854,0.0,0.0,-0.042959891091348346,-0.11106265999069509,robert valentin,0,0.551028871952957,0.0,0.0,-0.0490090699317377,-0.13409748693106754,robert valentin,0,0.5442483512443756,0.0,0.0,-0.04812302087033593,-0.0929194145927073,0,Robert Valentin,,-130.0,,,,-175.0,,,,-150.0,,
2026-08-01,aleksandar rakic,marcin tybura,-250.0,210.0,-420.0,-350.0,260.0,310.0,aleksandar rakic,1,0.7818384739160529,0.20969710376924547,733.9398631923591,0.08240857879336416,0.09457386348247399,aleksandar rakic,1,0.8259319153901357,0.21575339166960444,755.1368708436155,0.04789144422026981,0.02258237143540609,aleksandar rakic,1,0.8216645703065175,0.22245669775727034,778.5984421504462,0.05185893598092106,0.05642587610837957,1,Aleksandar Rakic,True,-250.0,0.3999999999999999,0.20969710376924547,True,-420.0,0.23809523809523814,0.21575339166960444,True,-350.0,0.2857142857142856,0.22245669775727034
2026-08-01,jan blachowicz,navajo stirling,170.0,-200.0,250.0,290.0,-370.0,-330.0,navajo stirling,0,0.753312710597912,0.1901855458584963,665.6494105047371,0.10249034506154175,0.12996906589686807,navajo stirling,0,0.8189684776211291,0.2428308427912833,849.9079497694916,0.058063090159273134,0.040311309410623386,navajo stirling,0,0.8177089167579896,0.2419960775730332,846.9862715056162,0.05917673703718862,0.06549949759374402,0,Navajo Stirling,True,-200.0,0.5,0.1901855458584963,True,-370.0,0.2702702702702702,0.2428308427912833,True,-330.0,0.303030303030303,0.2419960775730332
2026-08-01,uros medic,daniel rodriguez,-501.0,386.0,-435.0,-350.0,280.0,315.0,uros medic,1,0.8276852807675722,0.0,0.0,0.007112373094759761,-0.007108076364648969,uros medic,1,0.8098670140807992,0.0,0.0,0.022951886939534538,-0.0039566608431550465,uros medic,1,0.8008971675035176,0.1293532880482569,452.73650816889915,0.030013524213972076,0.029724929647379633,1,Uros Medic,,-501.0,,,,-435.0,,,True,-350.0,0.2857142857142856,0.1293532880482569
2026-08-01,vlasto cepo,gilbert urbina,-400.0,300.0,-350.0,-280.0,230.0,275.0,,,,,,,,,,,,,,,,,,,,,,0,Gilbert Urbina,,,,,,,,,,,,
2026-08-01,ludovit klein,tofiq musayev,-145.0,125.0,-275.0,-250.0,200.0,225.0,ludovit klein,1,0.6803694829569455,0.15929405829080506,557.5292040178177,0.10539255000164527,0.14958981603070115,ludovit klein,1,0.7733026919700773,0.2260982174370478,791.3437610296673,0.06623566594950148,0.05450367086828728,ludovit klein,1,0.7722853326474121,0.22407497731835596,784.2624206142459,0.06684124524741542,0.08119946570637682,0,Tofiq Musayev,False,-145.0,-1.0,-0.15929405829080506,False,-275.0,-1.0,-0.2260982174370478,False,-250.0,-1.0,-0.22407497731835596
2026-08-08,gigi canuto,carol foro,174.0,-200.0,160.0,188.0,-225.0,-205.0,,,,,,,,,,,,,,,,,,,,,,0,Carol Foro,,,,,,,,,,,,
2026-08-08,juliana miller,ravena oliveira,-190.0,165.0,-370.0,-333.0,250.0,290.0,juliana miller,1,0.6609904004399896,0.05546237910973476,194.11832688407168,0.01990761784531081,0.008880084882089245,juliana miller,1,0.749415689087977,0.0,0.0,-0.011489698373879031,-0.04803953007743475,juliana miller,1,0.7485166259574314,0.0,0.0,-0.011049372427603066,-0.02670360648778447,1,Juliana Miller,True,-190.0,0.5263157894736841,0.05546237910973476,,-370.0,,,,-333.0,,
2026-08-08,miles johns,gianni vazquez,-175.0,135.0,-220.0,-200.0,163.0,180.0,miles johns,1,0.6129250028683166,0.0,0.0,0.0041983332264876605,-0.03683213834978816,miles johns,1,0.6545961252181507,0.0,0.0,-0.004458613241156373,-0.04786018150087168,miles johns,1,0.652539922044254,0.0,0.0,-0.003971098860286126,-0.02119011693361894,1,Miles Johns,,-175.0,,,,-220.0,,,,-200.0,,
2026-08-08,manoel sousa,richie miranda,-500.0,383.0,-375.0,-333.0,250.0,290.0,,,,,,,,,,,,,,,,,,,,,,1,Manoel Sousa,,,,,,,,,,,,
2026-08-08,louie sutherland,jose montanha,-110.0,-110.0,-250.0,-205.0,163.0,205.0,,,,,,,,,,,,,,,,,,,,,,0,Jose Montanha,,,,,,,,,,,,
2026-08-08,diyar nurgozhay,bruno lopes,186.0,-220.0,-167.0,-160.0,130.0,141.0,bruno lopes,0,0.5149296619327688,0.0,0.0,-0.1570747640007618,-0.25101140082506357,diyar nurgozhay,1,0.7119942285717606,0.2379979323620461,832.9927632671614,0.11375249488541062,0.13833807801592857,diyar nurgozhay,1,0.7144957334848939,0.23961565741284002,838.6548009449401,0.11282818112832116,0.16105556691295264,1,Diyar Nurgozhay,,-220.0,,,True,-167.0,0.5988023952095807,0.2379979323620461,True,-160.0,0.625,0.23961565741284002
2026-08-08,steven asplund,guilherme pat,-204.0,177.0,-333.0,-265.0,219.0,250.0,steven asplund,1,0.6381740597442268,0.0,0.0,-0.019248687967903688,-0.04899551881252473,steven asplund,1,0.7018451765476844,0.0,0.0,-0.0364285822379784,-0.08739050617072874,steven asplund,1,0.6890710168099294,0.0,0.0,-0.03230716603473005,-0.05090218439387084,1,Steven Asplund,,-204.0,,,,-333.0,,,,-265.0,,
2026-08-08,amanda lemos,alexia thainara,245.0,-300.0,210.0,260.0,-330.0,-275.0,alexia thainara,0,0.7542255163821114,0.07351961110884578,257.31863888096024,0.01950439008340832,0.005634021842815196,alexia thainara,0,0.7535808059939088,0.0,0.0,0.019832995855633806,-0.018061374007937114,alexia thainara,0,0.7504035009665084,0.07905690206210846,276.6991572173796,0.021427636368040348,0.02327750131796613,0,Alexia Thainara,True,-300.0,0.33333333333333326,0.07351961110884578,,-330.0,,,True,-275.0,0.36363636363636376,0.07905690206210846
2026-08-08,darren elkins,yadier del valle,263.0,-325.0,500.0,950.0,-2000.0,-800.0,yadier del valle,0,0.7101199912640865,0.0,0.0,-0.03952046397998632,-0.07138154988542528,yadier del valle,0,0.8235036036716876,0.0,0.0,-0.10660443241518769,-0.13532121614472797,yadier del valle,0,0.8038484630123655,0.0,0.0,-0.08991842581494669,-0.09567047911108886,0,Yadier del Valle,,-325.0,,,,-2000.0,,,,-800.0,,
2026-08-08,diego ferreira,billy quarantillo,-205.0,177.0,-188.0,-175.0,143.0,154.0,diego ferreira,1,0.6865875827708136,0.08342996059771791,292.0048620920127,0.028529982246903507,0.021508354854137213,diego ferreira,1,0.660327771640139,0.0951729341398466,333.10526948946307,0.03573034521828511,0.011565948044468255,diego ferreira,1,0.6591046247874759,0.0955913616538992,334.5697657886472,0.036033327210843624,0.03573583895174781,1,Diego Ferreira,True,-205.0,0.4878048780487805,0.08342996059771791,True,-188.0,0.5319148936170213,0.0951729341398466,True,-175.0,0.5714285714285714,0.0955913616538992
2026-08-08,mateusz gamrot,quillan salkilld,-131.0,111.0,120.0,141.0,-175.0,-150.0,mateusz gamrot,1,0.5027715314781775,0.0,0.0,-0.044733097212137696,-0.11343340632474036,quillan salkilld,0,0.6221983981716646,0.0,0.0,0.0268595355317377,-0.022259660015955696,quillan salkilld,0,0.6203735345494803,0.06687110109278127,234.04885382473444,0.027207066854262996,0.033955890915800424,0,Quillan Salkilld,,-131.0,,,,-175.0,,,True,-150.0,0.6666666666666665,0.06687110109278127
2026-08-08,billy ray goff,ty miller,153.0,-175.0,300.0,380.0,-500.0,-400.0,ty miller,0,0.6019909960602738,0.0,0.0,-0.020386166742456524,-0.054014149048141114,ty miller,0,0.7444689854855295,0.0,0.0,-0.06152937489216359,-0.1066372174173646,ty miller,0,0.738333658879942,0.0,0.0,-0.058701060633921553,-0.07708292640007255,0,Ty Miller,,-175.0,,,,-500.0,,,,-400.0,,
2026-08-15,donte johnson,eric mcconico,-225.0,189.0,-370.0,-300.0,225.0,290.0,donte johnson,1,0.7747499474348208,0.20202852783395275,707.0998474188347,0.0983367355543695,0.1190832574058523,donte johnson,1,0.8188439070602842,0.2667435809094555,933.6025331830942,0.0659063409196754,0.04015307113063121,donte johnson,1,0.8159686759570367,0.2710263551916454,948.5922431707589,0.06842704919079723,0.08795823460938224,1,Donte Johnson,True,-225.0,0.4444444444444444,0.20202852783395275,True,-370.0,0.2702702702702702,0.2667435809094555,True,-300.0,0.33333333333333326,0.2710263551916454
2026-08-15,jeremiah wells,myktybek orolbai,263.0,-325.0,600.0,950.0,-2000.0,-1000.0,myktybek orolbai,0,0.7993647648527062,0.19859947710841125,695.0981698794394,0.04972430960863339,0.045323154038154345,myktybek orolbai,0,0.8850185667391324,0.0,0.0,-0.0490692522297973,-0.07073050492391098,myktybek orolbai,0,0.8751446712860714,0.0,0.0,-0.03272468999055134,-0.03734086158532135,1,Jeremiah Wells,False,-325.0,-1.0,-0.19859947710841125,,-2000.0,,,,-1000.0,,
2026-08-15,neil magny,ramiz brahimaj,105.0,-125.0,118.0,135.0,-160.0,-148.0,neil magny,1,0.5390363995063824,0.12442949643299725,435.50323751549035,0.07362262693929739,0.1050246189880838,ramiz brahimaj,0,0.5026106091280095,0.0,0.0,-0.07872588046712148,-0.18325776016698458,ramiz brahimaj,0,0.507229195148412,0.0,0.0,-0.07928246706898667,-0.15004837569725554,1,Neil Magny,True,105.0,1.0499999999999998,0.12442949643299725,,-160.0,,,,-148.0,,
2026-08-15,rafael tobias,lucas fernando,177.0,-205.0,210.0,250.0,-320.0,-275.0,,,,,,,,,,,,,,,,,,,,,,0,Lucas Fernando,,,,,,,,,,,,
2026-08-15,vicente luque,tresean gore,-110.0,-110.0,-112.0,-105.0,-120.0,-110.0,tresean gore,0,0.5189561898826369,0.0,0.0,0.01895618988263692,-0.009265455678602208,tresean gore,0,0.5268839366683065,0.0,0.0,0.017982846948205622,-0.03404611610810476,tresean gore,0,0.524218398911497,0.037058737659840704,129.70558180944246,0.018311587506251836,0.0007805797401307379,0,Tresean Gore,,-110.0,,,,-120.0,,,True,-110.0,0.9090909090909092,0.037058737659840704
2026-08-15,charles johnson,eduardo chapolin,,,,,,,,,,,,,,,,,,,,,,,,,,,,1,Charles Johnson,,,,,,,,,,,,
2026-08-15,chidi njokuani,joel alvarez,245.0,-300.0,250.0,300.0,-380.0,-333.0,joel alvarez,0,0.6890866344652264,0.0,0.0,-0.045634491833476676,-0.08121782071303146,joel alvarez,0,0.7110020955098761,0.0,0.0,-0.052962215146422076,-0.10189208988226175,joel alvarez,0,0.7095225776481608,0.0,0.0,-0.05242797230793894,-0.0774075792142534,1,Chidi Njokuani,,-300.0,,,,-380.0,,,,-333.0,,
2026-08-15,jalin turner,kaue fernandes,-200.0,174.0,-122.0,-112.0,-112.0,104.0,jalin turner,1,0.6321720771584233,0.0,0.0,-0.02098020264692313,-0.05174188426236509,jalin turner,1,0.5085550034225643,0.0,0.0,-0.0024968875513049493,-0.07459663311631737,jalin turner,1,0.5158364830737917,0.0,0.0,-0.0033785331459980084,-0.023595228467465756,1,Jalin Turner,,-200.0,,,,-122.0,,,,-112.0,,
2026-08-15,mackenzie dern,gillian robertson,-211.0,181.0,-245.0,-188.0,150.0,203.0,mackenzie dern,1,0.5898364732733201,0.0,0.0,-0.07414969150824213,-0.13062017446444285,mackenzie dern,1,0.5905265430012122,0.0,0.0,-0.07425876860874792,-0.1684422149574767,mackenzie dern,1,0.5865345130209699,0.0,0.0,-0.07363336623686823,-0.10147904388276946,1,Mackenzie Dern,,-211.0,,,,-245.0,,,,-188.0,,
2026-08-15,islam makhachev,ian machado garry,-400.0,330.0,-360.0,-330.0,250.0,280.0,islam makhachev,1,0.8458801213161505,0.2595954786485407,908.5841752698925,0.05740076659951354,0.05735015164518817,islam makhachev,1,0.8310267149890987,0.30247867951308394,1058.6753782957937,0.07328132826782208,0.06186746915273719,islam makhachev,1,0.8301581027385257,0.30386159804802987,1063.5155931681045,0.07414180201685339,0.08172116417444258,1,Islam Makhachev,True,-400.0,0.25,0.2595954786485407,True,-360.0,0.2777777777777777,0.30247867951308394,True,-330.0,0.303030303030303,0.30386159804802987
2026-08-15,edson barboza,esteban ribovics,245.0,-300.0,450.0,561.0,-800.0,-649.0,esteban ribovics,0,0.7261917665088233,0.0,0.0,-0.008529359789879787,-0.031744311321568935,esteban ribovics,0,0.8107273470610448,0.0,0.0,-0.058260944737613674,-0.08793173455632464,esteban ribovics,0,0.8062885939103216,0.0,0.0,-0.05466901291764603,-0.0694758754409385,0,Esteban Ribovics,,-300.0,,,,-800.0,,,,-649.0,,
2026-08-15,mansur abdul malik,dustin stoltzfus,-650.0,476.0,-800.0,-649.0,450.0,550.0,mansur abdul malik,1,0.8641582731016092,0.0,0.0,0.009830735381114786,-0.0028943002673740836,mansur abdul malik,1,0.8701862953389562,0.0,0.0,0.001198003540297754,-0.02104041774367428,mansur abdul malik,1,0.8665896114406,0.04588551102746828,160.599288596139,0.0064164160099565715,0.00011651613098526137,0,Dustin Stoltzfus,,-650.0,,,,-800.0,,,False,-649.0,-1.0,-0.04588551102746828
2026-08-22,marcio barbosa,ryan kuse,-1000.0,661.0,-1667.0,-800.0,500.0,850.0,,,,,,,,,,,,,,,,,,,,,,1,Marcio Barbosa,,,,,,,,,,,,
2026-08-22,chris padilla,nasrat haqparast,135.0,-155.0,-130.0,-110.0,-110.0,110.0,chris padilla,1,0.5010296935979172,0.10765879590914576,376.80578568201014,0.0936378290581113,0.17741977995510538,chris padilla,1,0.601601982451908,0.15442351576135974,540.482305164759,0.07992274998633708,0.06437273818414485,chris padilla,1,0.6034234322314544,0.14168135224828596,495.8847328690008,0.07961390842195226,0.15199018880550397,1,Chris Padilla,True,135.0,1.35,0.10765879590914576,True,-130.0,0.7692307692307692,0.15442351576135974,True,-110.0,0.9090909090909092,0.14168135224828596
2026-08-22,kennedy nzechukwu,shamil gaziev,-130.0,110.0,-105.0,108.0,-126.0,-115.0,kennedy nzechukwu,1,0.6246432512222465,0.14335639485218515,501.747381982648,0.07924051577781277,0.10513805985474378,kennedy nzechukwu,1,0.5654770284876135,0.1570350407632046,549.6226426712161,0.08894571357511694,0.10402657942819771,kennedy nzechukwu,1,0.5621561695898193,0.143700845305212,502.9529585682419,0.08940715346291939,0.16928483274682415,0,Shamil Gaziev,False,-130.0,-1.0,-0.14335639485218515,False,-105.0,-1.0,-0.1570350407632046,False,108.0,-1.0,-0.143700845305212
2026-08-22,jamall emmers,lerryan douglas,250.0,-300.0,295.0,320.0,-420.0,-375.0,lerryan douglas,0,0.5957323243470096,0.0,0.0,-0.14057805335848683,-0.20569023420398722,lerryan douglas,0,0.6380869520662953,0.0,0.0,-0.14846085871262382,-0.20998758315601534,lerryan douglas,0,0.6322839812774458,0.0,0.0,-0.14724935257488203,-0.1991069570485687,1,Jamall Emmers,,-300.0,,,,-420.0,,,,-375.0,,
2026-08-22,gauge young,stan dorsainvil,,,,,,,,,,,,,,,,,,,,,,,,,,,,0,Stan Dorsainvil,,,,,,,,,,,,
2026-08-22,serghei spivac,vitor petrino,200.0,-235.0,110.0,125.0,-150.0,-138.0,vitor petrino,0,0.6912862781323854,0.0,0.0,0.00405948510380616,-0.014549348194259126,vitor petrino,0,0.5908404058813548,0.0,0.0,0.02649251263717145,-0.015265990197742108,vitor petrino,0,0.5943858299966491,0.05090910218710616,178.18185765487158,0.025924519955347503,0.02510019955943843,0,Vitor Petrino,,-235.0,,,,-150.0,,,True,-138.0,0.7246376811594204,0.05090910218710616
2026-08-22,shanelle dyer,elise reed,-500.0,385.0,-1430.0,-700.0,500.0,800.0,shanelle dyer,1,0.8542680166278855,0.18476916992444073,646.6920947355426,0.03402809926171979,0.0251216199534626,shanelle dyer,1,0.8906189292165988,0.0,0.0,-0.021662178330919546,-0.04710002678224038,shanelle dyer,1,0.8786395612473084,0.0,0.0,-0.0007386663030296559,0.004159498568352349,1,Shanelle Dyer,True,-500.0,0.19999999999999996,0.18476916992444073,,-1430.0,,,True,-700.0,0.1428571428571428,0.0
2026-08-22,marquel mederos,mason jones,250.0,-300.0,260.0,340.0,-440.0,-340.0,mason jones,0,0.7436651093262475,0.0,0.0,0.007354731620751065,-0.008446520898336696,mason jones,0,0.7742413044198009,0.0,0.0,-0.008932571640535292,-0.0497947627575171,mason jones,0,0.7676556444704478,0.0,0.0,-0.005071628256629546,-0.006563283626479316,1,MarQuel Mederos,,-300.0,,,,-440.0,,,,-340.0,,
2026-08-22,reinier de ridder,roman dolidze,-350.0,285.0,-435.0,-390.0,300.0,310.0,reinier de ridder,1,0.8432214864063208,0.2459917261694665,860.9710415931328,0.07921949850615018,0.0841419110938409,reinier de ridder,1,0.8557248049355298,0.28497500200716863,997.4125070250901,0.06432059433444814,0.05244315089772053,reinier de ridder,1,0.8514135976103551,0.2705135333019813,946.7973665569347,0.06967134908136419,0.06972477648480507,1,Reinier de Ridder,True,-350.0,0.2857142857142856,0.2459917261694665,True,-435.0,0.2298850574712643,0.28497500200716863,True,-390.0,0.2564102564102564,0.2705135333019813
2026-08-22,anthony wint,terrance chatman,-1100.0,709.0,-1430.0,-900.0,600.0,800.0,,,,,,,,,,,,,,,,,,,,,,1,Anthony Wint,,,,,,,,,,,,
2026-08-22,anthony hernandez,gregory rodrigues,-165.0,145.0,-225.0,-205.0,170.0,180.0,anthony hernandez,1,0.7623470428468787,0.17794972416066404,622.8240345623242,0.15353447680787258,0.22437555366316875,anthony hernandez,1,0.7974459625824813,0.2656102978807145,929.6360425825006,0.131264496663829,0.15186639039691746,anthony hernandez,1,0.7936885829386099,0.2403747853300577,841.311748655202,0.13397821998505244,0.1808537453476879,0,Gregory Rodrigues,False,-165.0,-1.0,-0.17794972416066404,False,-225.0,-1.0,-0.2656102978807145,False,-205.0,-1.0,-0.2403747853300577
2026-08-22,carli judice,jeisla chaves,-400.0,330.0,-700.0,-549.0,400.0,500.0,carli judice,1,0.7845636899943645,0.0,0.0,-0.0039156647222724494,-0.01929538750704432,carli judice,1,0.8209280147542143,0.0,0.0,-0.03202582881590654,-0.0617965545666123,carli judice,1,0.8150019972492061,0.0,0.0,-0.0268033648502215,-0.03654590853418088,1,Carli Judice,,-400.0,,,,-700.0,,,,-549.0,,
2026-08-22,wes schultz,jackson mcvey,170.0,-200.0,143.0,155.0,-195.0,-172.0,,,,,,,,,,,,,,,,,,,,,,0,Jackson McVey,,,,,,,,,,,,
2026-08-29,bilal hasan,nilson rojas,-500.0,375.0,-1115.0,-770.0,500.0,650.0,,,,,,,,,,,,,,,,,,,,,,1,Bilal Hasan,,,,,,,,,,,,
2026-08-29,ding meng,cam nelson,,,,,,,,,,,,,,,,,,,,,,,,,,,,0,Cam Nelson,,,,,,,,,,,,
2026-08-29,xiong jingnan,julia polastri,126.0,-146.0,175.0,200.0,-240.0,-225.0,julia polastri,0,0.693324936447157,0.16145817068657975,565.1035974030291,0.11651522027945982,0.16820502990411385,julia polastri,0,0.7640072522048562,0.2684871880542451,939.7051581898578,0.08662365895782997,0.082343607290213,julia polastri,0,0.7667729162852022,0.2672618687620598,935.4165406672093,0.08507527609760634,0.10756087907862533,0,Julia Polastri,True,-146.0,0.6849315068493151,0.16145817068657975,True,-240.0,0.41666666666666674,0.2684871880542451,True,-225.0,0.4444444444444444,0.2672618687620598
2026-08-29,lawrence lui,hector santiago,-300.0,250.0,-375.0,-333.0,250.0,295.0,,,,,,,,,,,,,,,,,,,,,,0,Hector Santiago,,,,,,,,,,,,
2026-08-29,xiao long,francesco nuzzi,-300.0,250.0,-190.0,-167.0,133.0,160.0,,,,,,,,,,,,,,,,,,,,,,0,Francesco Nuzzi,,,,,,,,,,,,
2026-08-29,rei tsuruya,kevin borjas,-500.0,385.0,-900.0,-800.0,500.0,600.0,rei tsuruya,1,0.8264064488679916,0.0,0.0,0.006166531501825889,-0.008312261358410067,rei tsuruya,1,0.8557758640674943,0.0,0.0,-0.026161290437577422,-0.0491379288138952,rei tsuruya,1,0.8547843231675591,0.0,0.0,-0.024909021085310012,-0.03836763643649596,1,Rei Tsuruya,,-500.0,,,,-900.0,,,,-800.0,,
2026-08-29,jack jenkins,sean woodson,105.0,-125.0,118.0,140.0,-165.0,-146.0,sean woodson,0,0.5209166753000558,0.0,0.0,-0.013669552132859253,-0.06234998445989953,sean woodson,0,0.5659528433109671,0.0,0.0,-0.019511027302311912,-0.09104543347026506,sean woodson,0,0.5688967483454401,0.0,0.0,-0.019926554688902032,-0.041447944568641926,0,Sean Woodson,,-125.0,,,,-165.0,,,,-146.0,,
2026-08-29,liu ce,levi rodrigues jr,-110.0,-110.0,-184.0,-170.0,145.0,154.0,,,,,,,,,,,,,,,,,,,,,,1,Liu Ce,,,,,,,,,,,,
2026-08-29,alex perez,sumudaerji,140.0,-160.0,165.0,188.0,-225.0,-210.0,sumudaerji,0,0.616001396145986,0.03789067984842862,132.61737946950018,0.015123947922163539,0.0010022687372273076,sumudaerji,0,0.6671183011685797,0.0,0.0,0.0038993704262924034,-0.036384676089829315,sumudaerji,0,0.6701401587502558,0.0,0.0,0.0031010168715149833,-0.010745479940098557,0,Sumudaerji,True,-160.0,0.625,0.03789067984842862,,-225.0,,,,-210.0,,
2026-08-29,aoriqileng,kai asakura,250.0,-300.0,333.0,385.0,-500.0,-435.0,kai asakura,0,0.6818482538280842,0.0,0.0,-0.05446212387741223,-0.09086899489588773,kai asakura,0,0.7375243744791401,0.0,0.0,-0.07465409150797153,-0.11497075062503193,kai asakura,0,0.7335115910165111,0.0,0.0,-0.0728889304741811,-0.09786505472681975,0,Kai Asakura,,-300.0,,,,-500.0,,,,-435.0,,
2026-08-29,yan xiaonan,denise gomes,-130.0,110.0,-163.0,-144.0,117.0,130.0,denise gomes,0,0.5880005282549099,0.12344747052140674,432.0661468249236,0.1334032636993437,0.23480110933531084,denise gomes,0,0.5552960589967411,0.16287196126367362,570.0518644228576,0.13812362147990476,0.20499244802292804,denise gomes,0,0.5590215300616163,0.1643931548910938,575.3760421188283,0.13761980711874522,0.2857495191417173,0,Denise Gomes,True,110.0,1.1,0.12344747052140674,True,117.0,1.17,0.16287196126367362,True,130.0,1.2999999999999998,0.1643931548910938
2026-08-29,umar nurmagomedov,song yadong,-700.0,525.0,-1250.0,-549.0,400.0,700.0,umar nurmagomedov,1,0.8605882449776486,0.0,0.0,-0.0038894638604090037,-0.016470577168401626,umar nurmagomedov,1,0.8739461214059071,0.0,0.0,-0.023058007256042568,-0.05613818888162027,umar nurmagomedov,1,0.8567997923855283,0.007401132652367298,25.903964283285543,0.0010678119241673834,0.012865328339176335,0,Song Yadong,,-700.0,,,,-1250.0,,,False,-549.0,-1.0,-0.007401132652367298
2026-08-29,namsrai batbayar,andre lima,246.0,-286.0,203.0,220.0,-275.0,-245.0,,,,,,,,,,,,,,,,,,,,,,0,Andre Lima,,,,,,,,,,,,
2026-09-05,mario pinto,ryan spann,-225.0,189.0,-440.0,-333.0,250.0,347.0,mario pinto,1,0.8276500277320302,0.15418177127241298,539.6361994534454,0.1512368158515789,0.19549448450182144,mario pinto,1,0.8744118831211207,0.21146698479206474,740.1344467722265,0.09394753150341195,0.07314185655773908,mario pinto,1,0.8709591962001828,0.2025736593584547,709.0078077545915,0.09919958171440157,0.13250850436840578,1,Mario Pinto,True,-225.0,0.4444444444444444,0.15418177127241298,True,-440.0,0.2272727272727273,0.21146698479206474,True,-333.0,0.3003003003003002,0.2025736593584547
2026-09-05,delphine benouaich,sofia montenegro,130.0,-150.0,-143.0,-132.0,110.0,116.0,,,,,,,,,,,,,,,,,,,,,,1,Delphine Benouaich,,,,,,,,,,,,
2026-09-05,matthieu duclos,luis felipe dias,245.0,-300.0,-130.0,-112.0,-105.0,111.0,,,,,,,,,,,,,,,,,,,,,,1,Matthieu Duclos,,,,,,,,,,,,
2026-09-05,nora cornolle,klaudia sygula,-250.0,207.0,-108.0,115.0,-135.0,-115.0,nora cornolle,1,0.5962392602604123,0.0,0.0,-0.1019135903588192,-0.16526503563542283,klaudia sygula,0,0.6037605634202257,0.08901962760610334,311.5686966213617,0.07475958546034334,0.050990610398170544,klaudia sygula,0,0.6087739398867194,0.08677774581616621,303.7221103565817,0.07389021895651837,0.13814258326647522,1,Nora Cornolle,,-250.0,,,False,-135.0,-1.0,-0.08901962760610334,False,-115.0,-1.0,-0.08677774581616621
2026-09-05,michael aljarouj,fabia sintes,-230.0,192.0,-136.0,-125.0,100.0,116.0,,,,,,,,,,,,,,,,,,,,,,0,Fabia Sintes,,,,,,,,,,,,
2026-09-05,oumar sy,modestas bukauskas,-192.0,167.0,-260.0,-240.0,188.0,215.0,oumar sy,1,0.7458381578866251,0.12979933453018117,454.29767085563407,0.10215280283707506,0.13429553178590914,oumar sy,1,0.7786128388176456,0.1545468914105284,540.9141199368494,0.08421188117132627,0.0780793152859709,oumar sy,1,0.7798337924765014,0.1501292125915462,525.4522440704118,0.08344492999980457,0.10476453934171043,0,Modestas Bukauskas,False,-192.0,-1.0,-0.12979933453018117,False,-260.0,-1.0,-0.1545468914105284,False,-240.0,-1.0,-0.1501292125915462
2026-09-05,morgan charriere,felipe lima,161.0,-185.0,163.0,180.0,-220.0,-200.0,felipe lima,0,0.6121472918775994,0.0,0.0,-0.022905016693221536,-0.05696228008045495,felipe lima,0,0.6322868733264351,0.0,0.0,-0.026767865132871993,-0.08031000243427622,felipe lima,0,0.6301728947290635,0.0,0.0,-0.026338126175476706,-0.05474065790640481,0,Felipe Lima,,-185.0,,,,-220.0,,,,-200.0,,
2026-09-05,nathaniel wood,pavel andrusca,-300.0,245.0,-333.0,-291.0,240.0,250.0,,,,,,,,,,,,,,,,,,,,,,0,Pavel Andrusca,,,,,,,,,,,,
2026-09-05,losene keita,muhammad naimov,-250.0,207.0,-450.0,-333.0,250.0,350.0,losene keita,1,0.7396369261091191,0.09552076748538142,334.322686198835,0.04148407548988764,0.03549169655276674,losene keita,1,0.7936060225212922,0.0,0.0,0.010662347080597656,-0.03003708358508725,losene keita,1,0.7873235045664911,0.03599879618724531,125.99578665535859,0.015004880250194086,0.0237569894212932,1,Losene Keita,True,-250.0,0.3999999999999999,0.09552076748538142,,-450.0,,,True,-333.0,0.3003003003003002,0.03599879618724531
2026-09-05,michael page,nursulton ruziboev,-165.0,145.0,-210.0,-181.0,154.0,176.0,michael page,1,0.6388065309504569,0.053290825733080936,186.51789006578326,0.029993964911450788,0.025962004253764104,michael page,1,0.6697343599947433,0.0,0.0,0.02260546172961475,-0.011344516198236065,michael page,1,0.6651298953845599,0.036262622630056016,126.91917920519604,0.023811418301190823,0.03260497570752113,1,Michael Page,True,-165.0,0.606060606060606,0.053290825733080936,,-210.0,,,True,-181.0,0.5524861878453038,0.036262622630056016
2026-09-05,dan hooker,salahdine parnasse,300.0,-400.0,350.0,500.0,-770.0,-450.0,,,,,,,,,,,,,,,,,,,,,,0,Salahdine Parnasse,,,,,,,,,,,,
2026-09-05,fares ziam,axel sola,-175.0,153.0,-157.0,-138.0,118.0,130.0,fares ziam,1,0.6682391983140741,0.08441090207833846,295.4381572741846,0.04586203551134371,0.05009016877925926,fares ziam,1,0.6328973522338222,0.0720280095302702,252.0980333559457,0.0540937611594664,0.036016684866829796,fares ziam,1,0.6280787595958714,0.07044804168153203,246.56814588536213,0.0550685243190705,0.08320829553490883,0,Axel Sola,False,-175.0,-1.0,-0.08441090207833846,False,-157.0,-1.0,-0.0720280095302702,False,-138.0,-1.0,-0.07044804168153203
2026-09-05,kurtis campbell,trevor peek,-355.0,285.0,-440.0,-400.0,300.0,340.0,kurtis campbell,1,0.9079725236898447,0.21456416777909507,750.9745872268327,0.14236419163848413,0.1637394317714912,kurtis campbell,1,0.9157205405554424,0.2456749770666565,859.8624197332978,0.12309780008562687,0.12383884522713384,kurtis campbell,1,0.9150894076125604,0.23826243538696387,833.9185238543736,0.12474950607743951,0.14386175951570052,1,Kurtis Campbell,True,-355.0,0.2816901408450705,0.21456416777909507,True,-440.0,0.2272727272727273,0.2456749770666565,True,-400.0,0.25,0.23826243538696387
2026-09-05,daniil donchenko,punahele soriano,-235.0,195.0,-250.0,-225.0,175.0,201.0,daniil donchenko,1,0.7168583121234027,0.07049731229260162,246.7405930241056,0.031961068992348074,0.021904402388680355,daniil donchenko,1,0.7152315718894832,0.0575701845146441,201.49564580125437,0.032575318627556804,0.0013242006452763855,daniil donchenko,1,0.7148688568254555,0.05621704041504923,196.7596414526723,0.03271122556017969,0.03258834874788019,1,Daniil Donchenko,True,-235.0,0.42553191489361697,0.07049731229260162,True,-250.0,0.3999999999999999,0.0575701845146441,True,-225.0,0.4444444444444444,0.05621704041504923
2026-09-12,drakkar klose,tommy gantt,383.0,-500.0,291.0,333.0,-450.0,-360.0,,,,,,,,,,,,,,,,,,,,,,0,Tommy Gantt,,,,,,,,,,,,
2026-09-12,yousri belgaroui,djorden santos,-600.0,446.0,-1430.0,-800.0,500.0,750.0,yousri belgaroui,1,0.8351052909895262,0.0,0.0,-0.009393189434729998,-0.025710493845552657,yousri belgaroui,1,0.8657911347671403,0.0,0.0,-0.04648997278037803,-0.0736640306337589,yousri belgaroui,1,0.854928070846099,0.0,0.0,-0.03201568070320404,-0.038205920298138615,1,Yousri Belgaroui,,-600.0,,,,-1430.0,,,,-800.0,,
2026-09-12,brandon moreno,joseph morales,-170.0,149.0,-116.0,-105.0,-120.0,100.0,brandon moreno,1,0.637243024538828,0.05602570556105417,196.08996946368958,0.021531338073215167,0.012091862502844497,brandon moreno,1,0.533607727531755,0.0,0.0,0.037997784049872696,-0.006385610802938979,brandon moreno,1,0.5429432014177132,0.07453324667127842,260.86636334947445,0.036811883093604836,0.06003196467267824,1,Brandon Moreno,True,-170.0,0.5882352941176472,0.05602570556105417,,-116.0,,,True,-105.0,0.9523809523809523,0.07453324667127842
2026-09-12,jj aldrich,regina tarin,245.0,-300.0,210.0,240.0,-315.0,-275.0,regina tarin,0,0.7543837189166849,0.07411593782137224,259.40578237480287,0.019662592617981756,0.00584495855557976,regina tarin,0,0.7499658475831097,0.0,0.0,0.021883197925948394,-0.01194975635876025,regina tarin,0,0.7462519550134536,0.08538216356398402,298.8375724739441,0.023689679034440747,0.01761630229107325,0,Regina Tarin,True,-300.0,0.33333333333333326,0.07411593782137224,,-315.0,,,True,-275.0,0.36363636363636376,0.08538216356398402
2026-09-12,rafa garcia,rongzhu,-150.0,130.0,115.0,130.0,-163.0,-135.0,rafa garcia,1,0.5735156784956237,0.0,0.0,-0.010466956540686412,-0.04414053584062727,rongzhu,0,0.5725042964756566,0.0,0.0,-0.008290960345542997,-0.07626607378467676,rongzhu,0,0.5631653028004067,0.0,0.0,-0.006970062535641808,-0.01967521364373659,0,Rongzhu,,-150.0,,,,-163.0,,,,-135.0,,
2026-09-12,ignacio bahamondes,muslim salikhov,-300.0,245.0,-650.0,-549.0,400.0,460.0,ignacio bahamondes,1,0.8138838236964038,0.23007535282686964,805.2637348940438,0.07916269739770065,0.085178431595205,ignacio bahamondes,1,0.8669838048069345,0.13338484807325543,466.846968256394,0.020474595462349643,0.0003659286233858583,ignacio bahamondes,1,0.8634277796112049,0.15711721265580256,549.910244295309,0.02545953107878074,0.020700599212517157,1,Ignacio Bahamondes,True,-300.0,0.33333333333333326,0.23007535282686964,True,-650.0,0.15384615384615374,0.13338484807325543,True,-549.0,0.18214936247723124,0.15711721265580256
2026-09-12,jean silva,jose delgado,-360.0,295.0,-450.0,-420.0,310.0,340.0,jean silva,1,0.7031293502064114,0.0,0.0,-0.06644607686483861,-0.1015569414029188,jean silva,1,0.7231980028625729,0.0,0.0,-0.07386523576371251,-0.1160913298346331,jean silva,1,0.7220759237709494,0.0,0.0,-0.07341924343896811,-0.10600123723596735,1,Jean Silva,,-360.0,,,,-450.0,,,,-420.0,,
2026-09-12,david martinez,dan ige,-280.0,230.0,-670.0,-420.0,310.0,440.0,david martinez,1,0.8041724402715895,0.2228344527509392,779.9205846282872,0.08291128731948849,0.09137688322572868,david martinez,1,0.8610416781976666,0.0,0.0,0.02455094052889939,-0.010444638489248814,david martinez,1,0.8494301943552109,0.20664150325199687,723.245261381989,0.03922106459331154,0.051675478725499296,1,David Martinez,True,-280.0,0.3571428571428572,0.2228344527509392,,-670.0,,,True,-420.0,0.23809523809523814,0.20664150325199687
2026-09-12,manon fiorot,alexa grasso,-216.0,184.0,-286.0,-265.0,210.0,230.0,manon fiorot,1,0.6720600278392589,0.0,0.0,0.0034570214692674073,-0.016801070383306416,manon fiorot,1,0.7083646851263247,0.0,0.0,-0.007837651331568884,-0.04395535503929612,manon fiorot,1,0.7071153389316647,0.0,0.0,-0.0073951903607210046,-0.026048684112990217,0,Alexa Grasso,,-216.0,,,,-286.0,,,,-265.0,,
2026-09-12,tommy mcmillen,marwan rahiki,-135.0,115.0,-186.0,-170.0,140.0,155.0,tommy mcmillen,1,0.5306718808601122,0.0,0.0,-0.025045371576495,-0.07623783702128623,tommy mcmillen,1,0.5879358913677778,0.0,0.0,-0.03293147337330926,-0.09596954338072877,tommy mcmillen,1,0.58714073245221,0.0,0.0,-0.03280757008771651,-0.0674823661053135,1,Tommy McMillen,,-135.0,,,,-186.0,,,,-170.0,,
2026-09-12,tim elliott,edgar chairez,153.0,-175.0,160.0,175.0,-225.0,-189.0,edgar chairez,0,0.6640341028813375,0.11030688146384618,386.0740851234616,0.041656940078607096,0.04348216167067315,edgar chairez,0,0.6934083290663204,0.09791320120525561,342.69620421839466,0.03327994961351877,0.0015898086513517207,edgar chairez,0,0.6828648003576194,0.10320397629628025,361.2139170369809,0.03649864680715065,0.04416892753096302,1,Tim Elliott,False,-175.0,-1.0,-0.11030688146384618,False,-225.0,-1.0,-0.09791320120525561,False,-189.0,-1.0,-0.10320397629628025
2026-09-12,waldo cortes acosta,curtis blaydes,-130.0,110.0,-200.0,-195.0,155.0,165.0,curtis blaydes,0,0.5464353550247106,0.12204478097896558,427.15673342637956,0.09183809046914443,0.1475142455518924,waldo cortes acosta,1,0.538997350887908,0.0,0.0,-0.1023629247641028,-0.19150397366813798,waldo cortes acosta,1,0.5417677557554714,0.0,0.0,-0.10271685232421746,-0.1804026259083894,0,Curtis Blaydes,True,110.0,1.1,0.12204478097896558,,-200.0,,,,-195.0,,
2026-09-12,sean king iii,jessie rosas,,,,,,,,,,,,,,,,,,,,,,,,,,,,1,Sean King III,,,,,,,,,,,,
2026-09-19,ryan gandra,ozzy diaz,-500.0,387.0,-770.0,-500.0,350.0,500.0,ryan gandra,1,0.7683413399584462,0.0,0.0,-0.0521755006259248,-0.07799039204986458,ryan gandra,1,0.7894902590367257,0.0,0.0,-0.06544689030824125,-0.10797853849097229,ryan gandra,1,0.7763856054696106,0.0,0.0,-0.056947727863519426,-0.06833727343646737,1,Ryan Gandra,,-500.0,,,,-770.0,,,,-500.0,,
2026-09-19,marlon vera,charles jourdain,144.0,-164.0,157.0,175.0,-225.0,-185.0,charles jourdain,0,0.6924831227238224,0.16842930660490957,589.5025731171835,0.08523183797468992,0.11472892926273859,charles jourdain,0,0.7298143311627705,0.17166222161166958,600.8177756408435,0.07160561302927515,0.05417625612400184,charles jourdain,0,0.719396610362943,0.16705693376340822,584.6992681719288,0.07581188829714236,0.10825964299156088,1,Marlon Vera,False,-164.0,-1.0,-0.16842930660490957,False,-225.0,-1.0,-0.17166222161166958,False,-185.0,-1.0,-0.16705693376340822
2026-09-19,giga chikadze,joanderson brito,334.0,-425.0,300.0,480.0,-770.0,-400.0,joanderson brito,0,0.7705403483389154,0.0,0.0,-0.02511238832054785,-0.048156040287222146,joanderson brito,0,0.8015663198000595,0.0,0.0,-0.04583402957308569,-0.09433415814798464,joanderson brito,0,0.7794410678348205,0.0,0.0,-0.030509949184570173,-0.025698665206474403,0,Joanderson Brito,,-425.0,,,,-770.0,,,,-400.0,,
2026-09-19,michael aswell jr,joosang yoo,,,,,,,,,,,,,,,,,,,,,,,,,,,,1,Michael Aswell Jr.,,,,,,,,,,,,
2026-09-19,tai tuivasa,robelis despaigne,316.0,-400.0,320.0,350.0,-480.0,-405.0,robelis despaigne,0,0.7304477971305163,0.0,0.0,-0.05528041548166274,-0.08694025358685459,robelis despaigne,0,0.7442532059987979,0.0,0.0,-0.06144539319556874,-0.10069404275145266,robelis despaigne,0,0.7358282607326917,0.0,0.0,-0.05760311756744707,-0.08248574896294,0,Robelis Despaigne,,-400.0,,,,-480.0,,,,-405.0,,
2026-09-19,casey oneill,eduarda moura,-200.0,174.0,-250.0,-210.0,175.0,205.0,casey oneill,1,0.7284709340995663,0.18522328613126005,648.2815014594102,0.07531865429421991,0.09270640114934947,casey oneill,1,0.7487981850830647,0.17077943515850708,597.7280230547748,0.06614193182113837,0.04831745911629054,casey oneill,1,0.7437571202057658,0.16577749060552407,580.2212171193343,0.06855822305369808,0.09792717744660673,1,Casey O'Neill,True,-200.0,0.5,0.18522328613126005,True,-250.0,0.3999999999999999,0.17077943515850708,True,-210.0,0.4761904761904763,0.16577749060552407
2026-09-19,alonzo menifield,iwo baraniewski,208.0,-250.0,200.0,275.0,-350.0,-250.0,iwo baraniewski,0,0.7030179217884513,0.0,0.0,0.004436464192703826,-0.015774909496168166,iwo baraniewski,0,0.7307231466650722,0.0,0.0,-0.006115280333283235,-0.060498811430621524,iwo baraniewski,0,0.720126911595787,0.0,0.0,-0.0018093286668913189,0.00817767623410176,1,Alonzo Menifield,,-250.0,,,,-350.0,,,False,-250.0,-1.0,-0.0
2026-09-19,gable steveson,sean sharaf,-1600.0,900.0,-3335.0,-1350.0,760.0,1200.0,gable steveson,1,0.8150086588573279,0.0,0.0,-0.11674727318116807,-0.13405329996408913,gable steveson,1,0.828491350667336,0.0,0.0,-0.12905687936878107,-0.14666632997232415,gable steveson,1,0.8135041227473722,0.0,0.0,-0.11546543029367262,-0.12623631260467444,0,Sean Sharaf,,-1600.0,,,,-3335.0,,,,-1350.0,,
2026-09-19,arman tsarukyan,mauricio ruffy,-350.0,280.0,-333.0,-275.0,225.0,250.0,arman tsarukyan,1,0.8121892637889683,0.20837147523672736,729.3001633285458,0.04943912007934659,0.04424333915724482,arman tsarukyan,1,0.7997404507587869,0.18718398377826456,655.143943223926,0.05929333933734737,0.03990274828394799,arman tsarukyan,1,0.7912707704165974,0.1873911821844004,655.8691376454015,0.06540855322301997,0.07900559602263296,1,Arman Tsarukyan,True,-350.0,0.2857142857142856,0.20837147523672736,True,-333.0,0.3003003003003002,0.18718398377826456,True,-275.0,0.36363636363636376,0.1873911821844004
2026-09-19,joshua van,alexandre pantoja,160.0,-185.0,-164.0,-145.0,122.0,138.0,joshua van,1,0.5385768874837323,0.10040273832037135,351.4095841212997,0.17298086737725105,0.40029990745770416,joshua van,1,0.7212241330122714,0.1943834015249812,680.3419053374342,0.1326902090463472,0.16099494582463209,joshua van,1,0.7196210939279744,0.185477624739808,649.171686589328,0.13331645865368913,0.21591150353347394,1,Joshua Van,True,160.0,1.6,0.10040273832037135,True,-164.0,0.6097560975609757,0.1943834015249812,True,-145.0,0.6896551724137931,0.185477624739808
2026-09-19,edmen shahbazyan,brunno ferreira,-105.0,-115.0,-195.0,-175.0,140.0,155.0,edmen shahbazyan,1,0.5753089148399255,0.13086577957607262,458.03022851625417,0.08691336933813792,0.12322216706842604,edmen shahbazyan,1,0.6897583435929433,0.1375555268311624,481.4443439090684,0.06258952040266441,0.04348057107650394,edmen shahbazyan,1,0.6871475364459162,0.13232021932574295,463.1207676401003,0.06338820356603392,0.07980327155786826,1,Edmen Shahbazyan,True,-105.0,0.9523809523809523,0.13086577957607262,True,-195.0,0.5128205128205128,0.1375555268311624,True,-175.0,0.5714285714285714,0.13232021932574295
2026-09-19,patricio pitbull,dooho choi,,,,,,,,,,,,,,,,,,,,,,,,,,,,1,Patricio Pitbull,,,,,,,,,,,,
2026-09-26,brady hiestand,rinya nakamura,387.0,-500.0,280.0,320.0,-435.0,-350.0,rinya nakamura,0,0.575090127939194,0.0,0.0,-0.24542671264517701,-0.3098918464729672,rinya nakamura,0,0.5455448381825044,0.0,0.0,-0.24137028895876023,-0.3290425553387589,rinya nakamura,0,0.5322575620580134,0.0,0.0,-0.2396790130598797,-0.3156688487825542,1,Brady Hiestand,,-500.0,,,,-435.0,,,,-350.0,,
2026-09-26,vanessa demopoulos,yazmin jauregui,-850.0,596.0,575.0,750.0,-1200.0,-900.0,vanessa demopoulos,1,0.7001026672124331,0.0,0.0,-0.183777548691876,-0.21753231311551596,yazmin jauregui,0,0.8777518503839818,0.0,0.0,-0.02799277723781135,-0.049102162084019726,yazmin jauregui,0,0.8735686801532305,0.0,0.0,-0.02141360995861319,-0.029368133163077154,0,Yazmin Jauregui,,-850.0,,,,-1200.0,,,,-900.0,,
2026-09-26,john castaneda,alatengheili,-200.0,169.0,-370.0,-330.0,260.0,295.0,john castaneda,1,0.7567285199471525,0.18185468742834152,636.4914059991953,0.10650054142819876,0.13509277992072877,john castaneda,1,0.823492665733676,0.22644528792372265,792.5585077330293,0.059722399427716844,0.04605825106710182,john castaneda,1,0.8213928719593048,0.2173236035767766,760.6326125187181,0.06165021620433553,0.07029980285606374,0,Alatengheili,False,-200.0,-1.0,-0.18185468742834152,False,-370.0,-1.0,-0.22644528792372265,False,-330.0,-1.0,-0.2173236035767766
2026-09-26,rodolfo bellato,christian edwards,-250.0,208.0,-220.0,-175.0,140.0,180.0,rodolfo bellato,1,0.6249562221520975,0.0,0.0,-0.07362523544365007,-0.12506128898706362,rodolfo bellato,1,0.5776667265564528,0.0,0.0,-0.0656130811311143,-0.15975748864515954,rodolfo bellato,1,0.5741170945215471,0.0,0.0,-0.06509192488320181,-0.09781599432328308,0,Christian Edwards,,-250.0,,,,-220.0,,,,-175.0,,
2026-09-26,montel jackson,ricky simon,-250.0,208.0,-255.0,-225.0,175.0,212.0,montel jackson,1,0.7557167846534998,0.18056389897813124,631.9736464234594,0.05713532705775226,0.05800349851489961,montel jackson,1,0.7467960289978867,0.1752375065183183,613.331272814114,0.061586943963198526,0.03965721684019513,montel jackson,1,0.7480114455444475,0.165061309225689,577.7145822899115,0.060999117401850045,0.08046097689753534,1,Montel Jackson,True,-250.0,0.3999999999999999,0.18056389897813124,True,-255.0,0.392156862745098,0.1752375065183183,True,-225.0,0.4444444444444444,0.165061309225689
2026-09-26,luis hernandez,sedriques dumas,-400.0,300.0,-250.0,-235.0,188.0,205.0,,,,,,,,,,,,,,,,,,,,,,1,Luis Hernandez,,,,,,,,,,,,
2026-09-26,melissa amaya,tina black,,,,,,,,,,,,,,,,,,,,,,,,,,,,0,Tina Black,,,,,,,,,,,,
2026-09-26,norma dumont,ailin perez,169.0,-200.0,120.0,159.0,-188.0,-150.0,ailin perez,0,0.6864986177534078,0.0987793841801449,345.72784463050715,0.03627063923445406,0.02974792663011172,ailin perez,0,0.6507619257514596,0.0,0.0,0.045744753171049535,-0.0030881137424448313,ailin perez,0,0.6518067774464242,0.09788378909810753,342.59326184337635,0.045500988960729405,0.08634462907737361,0,Ailin Perez,True,-200.0,0.5,0.0987793841801449,,-188.0,,,True,-150.0,0.6666666666666665,0.09788378909810753
2026-09-26,rodolfo vieira,robert bryczek,-101.0,-115.0,-175.0,-163.0,130.0,146.0,rodolfo vieira,1,0.5625575788942406,0.1231374788055898,430.98117581956427,0.07904490023342359,0.11954528076972637,rodolfo vieira,1,0.6645131745042089,0.13592481330428105,475.7368465649837,0.06001937051095574,0.04423498850661395,rodolfo vieira,1,0.667263005699512,0.12812133511996004,448.4246729198602,0.05930721543955897,0.07662681287712675,1,Rodolfo Vieira,True,-101.0,0.9900990099009901,0.1231374788055898,True,-175.0,0.5714285714285714,0.13592481330428105,True,-163.0,0.6134969325153374,0.12812133511996004
2026-09-26,elves brener,josiah harrell,-110.0,-110.0,100.0,115.0,-135.0,-122.0,josiah harrell,0,0.512570445428811,0.0,0.0,0.012570445428811028,-0.021456422363178906,josiah harrell,0,0.5469416055849039,0.0,0.0,0.00828000043890853,-0.04791646435220437,josiah harrell,0,0.5503346843525234,0.014504589424480886,50.76606298568311,0.007835162834290088,0.0014286879201655944,1,Elves Brener,,-110.0,,,,-135.0,,,False,-122.0,-1.0,-0.014504589424480886
2026-09-26,mahammadali osmanli,ilimbek akylbek,,,,,,,,,,,,,,,,,,,,,,,,,,,,0,Ilimbek Akylbek,,,,,,,,,,,,
2026-09-26,raul rosas jr,raoni barcelos,-205.0,173.0,-163.0,-144.0,122.0,130.0,raul rosas jr,1,0.8235542905196118,0.2045184918411345,715.8147214439707,0.16776210107375922,0.22528809077308098,raul rosas jr,1,0.7854256428869322,0.23045618377727023,806.5966432204458,0.19771047462693914,0.26728186551695193,raul rosas jr,1,0.7798891610944861,0.21354972469723826,747.4240364403339,0.20129088403735718,0.3214788562989904,1,Raul Rosas Jr.,True,-205.0,0.4878048780487805,0.2045184918411345,True,-163.0,0.6134969325153374,0.23045618377727023,True,-144.0,0.6944444444444444,0.21354972469723826
