,blue_probs,red_probs,pred_winner,winner,correct_pred,event_dates,open_red,open_blue,close1_red,close1_blue,close2_red,close2_blue,fighter_red,fighter_blue
0,0.18010652,0.8198935,1,0,0,2017-12-16,-210.0,160.0,-290.0,230.0,-270.0,245.0,ricardo lamas,josh emmett
1,0.71073425,0.28926572,0,0,1,2017-12-16,-160.0,120.0,105.0,-128.0,108.0,-125.0,robbie lawler,rafael dos anjos
2,0.69364095,0.30635908,0,1,0,2017-12-16,-155.0,115.0,125.0,-155.0,135.0,-145.0,glover teixeira,misha cirkunov
3,0.6612636,0.33873641,0,1,0,2017-12-16,-155.0,115.0,-161.0,140.0,-160.0,141.0,jordan mein,erick silva
4,0.074974954,0.92502505,1,2,0,2017-12-30,-265.0,185.0,-270.0,210.0,-250.0,230.0,marvin vettori,omari akhmedov
5,0.23773432,0.7622657,1,1,1,2017-12-30,-230.0,170.0,-200.0,165.0,-190.0,170.0,tim elliott,mark de la rosa
6,0.5812441,0.41875592,0,2,0,2017-12-30,,,,,,,khalil rountree jr,michal oleksiejczuk
7,0.45555878,0.5444412,1,0,0,2017-12-30,120.0,-160.0,170.0,-214.0,184.0,-200.0,louis smolka,matheus nicolau
8,0.2451101,0.7548899,1,1,1,2017-12-30,,,,,,,myles jury,ricky glenn
9,0.55814797,0.44185203,0,0,1,2017-12-30,-150.0,110.0,-130.0,110.0,-130.0,110.0,carlos condit,neil magny
10,0.13220918,0.8677908,1,1,1,2017-12-30,-260.0,180.0,-410.0,295.0,-360.0,330.0,khabib nurmagomedov,edson barboza
11,0.28178185,0.71821815,1,1,1,2017-12-30,-400.0,280.0,-325.0,250.0,-300.0,265.0,cristiane justino,holly holm
12,0.75437415,0.24562588,0,1,0,2017-12-30,170.0,-230.0,163.0,-190.0,165.0,-188.0,dan hooker,marc diakiese
13,0.35813856,0.64186144,1,0,0,2017-12-30,-190.0,150.0,-220.0,170.0,-200.0,180.0,cynthia calvillo,carla esparza
14,0.5446111,0.45538887,0,1,0,2018-01-14,175.0,-245.0,165.0,-205.0,175.0,-190.0,mads burnell,mike santiago
15,0.14142513,0.85857487,1,0,0,2018-01-14,-230.0,170.0,-202.0,172.0,-200.0,185.0,matt frevola,marco polo reyes
16,0.19898123,0.8010188,1,0,0,2018-01-14,-125.0,-115.0,105.0,-130.0,110.0,-125.0,danielle taylor,jj aldrich
17,0.19511324,0.80488676,1,0,0,2018-01-14,-145.0,105.0,110.0,-135.0,115.0,-130.0,kalindra faria,jessica eye
18,0.47221625,0.52778375,1,1,1,2018-01-14,-300.0,220.0,-300.0,245.0,-290.0,250.0,kyung ho kang,guido cannetti
19,0.20302165,0.79697835,1,0,0,2018-01-14,180.0,-260.0,115.0,-145.0,125.0,-135.0,talita bernardo,irene aldana
20,0.8608664,0.13913357,0,1,0,2018-01-14,-230.0,170.0,-180.0,140.0,-160.0,158.0,james krause,alex white
21,0.60302603,0.39697394,0,1,0,2018-01-14,125.0,-165.0,170.0,-210.0,175.0,-200.0,darren elkins,michael johnson
22,0.5686408,0.4313592,0,1,0,2018-01-14,-705.0,435.0,-750.0,470.0,-620.0,525.0,kamaru usman,emil meek
23,0.35073608,0.6492639,1,1,1,2018-01-14,,,,,,,jeremy stephens,dooho choi
24,0.74249244,0.25750753,0,0,1,2018-01-14,-145.0,105.0,-127.0,100.0,-120.0,107.0,paige vanzant,jessica rose clark
25,0.2814458,0.7185542,1,1,1,2018-01-20,145.0,-185.0,120.0,-140.0,120.0,-140.0,kyle bochniak,brandon davis
26,0.726394,0.273606,0,0,1,2018-01-20,165.0,-215.0,235.0,-290.0,245.0,-275.0,matt bessette,enrique barzola
27,0.560858,0.43914202,0,0,1,2018-01-20,140.0,-180.0,120.0,-147.0,127.0,-140.0,dan ige,julio arce
28,0.482916,0.517084,1,1,1,2018-01-20,110.0,-150.0,-135.0,109.0,-129.0,115.0,dustin ortiz,alexandre pantoja
29,0.5726167,0.4273833,0,0,1,2018-01-20,235.0,-315.0,168.0,-210.0,180.0,-195.0,sabah homasi,abdul razak alhassan
30,0.37179828,0.6282017,1,1,1,2018-01-20,-215.0,165.0,-164.0,135.0,-155.0,144.0,gian villante,francimar barroso
31,0.46738374,0.53261626,1,0,0,2018-01-20,-175.0,135.0,-145.0,120.0,-140.0,125.0,thomas almeida,rob font
32,0.15758377,0.8424162,1,1,1,2018-01-20,185.0,-265.0,190.0,-250.0,210.0,-230.0,calvin kattar,shane burgos
33,0.28613448,0.7138655,1,1,1,2018-01-20,-380.0,260.0,-345.0,280.0,-340.0,285.0,daniel cormier,volkan oezdemir
34,0.7417859,0.2582141,0,1,0,2018-01-20,130.0,-160.0,150.0,-176.0,151.0,-170.0,stipe miocic,francis ngannou
35,0.052999675,0.9470003,1,1,1,2018-01-20,-270.0,190.0,-300.0,245.0,-290.0,250.0,islam makhachev,gleison tibau
36,0.10385668,0.8961433,1,0,0,2018-01-27,150.0,-190.0,167.0,-200.0,170.0,-192.0,austin arnett,cory sandhagen
37,0.44011164,0.55988836,1,1,1,2018-01-27,110.0,-150.0,110.0,-135.0,115.0,-130.0,vinc pichel,joaquim silva
38,0.49719942,0.5028006,1,1,1,2018-01-27,-150.0,110.0,-160.0,135.0,-155.0,140.0,randa markos,juliana lima
39,0.78002465,0.21997537,0,1,0,2018-01-27,-565.0,375.0,-625.0,425.0,-550.0,475.0,mirsad bektic,godofredo pepey
40,0.90861684,0.09138318,0,1,0,2018-01-27,-185.0,145.0,-365.0,295.0,-360.0,305.0,niko price,george sullivan
41,0.28984702,0.710153,1,1,1,2018-01-27,,,,,,,katlyn cerminara,mara romero borella
42,0.27476072,0.7252393,1,1,1,2018-01-27,-190.0,150.0,-141.0,120.0,-140.0,121.0,drew dober,frank camacho
43,0.775236,0.22476399,0,0,1,2018-01-27,,,,,,,erik koch,king green
44,0.30762732,0.6923727,1,0,0,2018-01-27,-190.0,150.0,-151.0,130.0,-150.0,131.0,dennis bermudez,andre fili
45,0.346915,0.653085,1,1,1,2018-01-27,,,,,,,jacare souza,derek brunson
46,0.5248904,0.47510958,0,0,1,2018-01-27,-230.0,170.0,-163.0,140.0,-160.0,143.0,justine kish,ji yeon kim
47,0.59015495,0.40984505,0,0,1,2018-01-27,285.0,-405.0,425.0,-560.0,430.0,-550.0,jordan rinaldi,gregor gillespie
48,0.3160963,0.6839037,1,1,1,2018-02-03,-165.0,125.0,107.0,-130.0,110.0,-127.0,deiveson figueiredo,joseph morales
49,0.18095297,0.81904703,1,1,1,2018-02-03,-125.0,-115.0,-125.0,100.0,-120.0,105.0,iuri alcantara,joe soto
50,0.2940334,0.7059666,1,0,0,2018-02-03,190.0,-270.0,350.0,-440.0,355.0,-425.0,maia stevenson,polyana viana
51,0.73301524,0.26698476,0,1,0,2018-02-03,-215.0,165.0,-250.0,200.0,-240.0,210.0,alan patrick,damir hadzovic
52,0.21246147,0.7875385,1,1,1,2018-02-03,180.0,-260.0,165.0,-205.0,173.0,-190.0,sergio moraes,tim means
53,0.43599612,0.5640039,1,1,1,2018-02-03,-230.0,170.0,-255.0,210.0,-245.0,215.0,thiago santos,anthony smith
54,0.78634775,0.21365224,0,1,0,2018-02-03,120.0,-160.0,165.0,-190.0,165.0,-190.0,douglas silva de andrade,marlon vera
55,0.35532612,0.6446739,1,1,1,2018-02-03,145.0,-185.0,147.0,-172.0,150.0,-170.0,timothy johnson,marcelo golm
56,0.39886367,0.6011363,1,1,1,2018-02-03,-175.0,135.0,-127.0,100.0,-120.0,107.0,michel prazeres,desmond green
57,0.45091033,0.54908967,1,1,1,2018-02-03,-705.0,435.0,-1100.0,650.0,-950.0,700.0,valentina shevchenko,priscila cachoeira
58,0.27392673,0.72607327,1,1,1,2018-02-03,220.0,-300.0,205.0,-250.0,210.0,-245.0,lyoto machida,eryk anders
59,0.79847425,0.20152573,0,0,1,2018-02-10,115.0,-145.0,115.0,-140.0,120.0,-135.0,damien brown,dong hyun ma
60,0.23386246,0.76613754,1,0,0,2018-02-10,145.0,-175.0,135.0,-163.0,143.0,-155.0,teruto ishihara,jose quinonez
61,0.6915277,0.30847225,0,1,0,2018-02-10,-155.0,125.0,-160.0,134.0,-154.0,140.0,ross pearson,mizuto hirota
62,0.16584003,0.83416,1,1,1,2018-02-10,-155.0,125.0,-113.0,-110.0,-110.0,-107.0,jussier formiga,ben nguyen
63,0.6041218,0.39587817,0,1,0,2018-02-10,,,,,,,alexander volkanovski,jeremy kennedy
64,0.22476733,0.7752327,1,0,0,2018-02-10,250.0,-325.0,285.0,-365.0,305.0,-350.0,rob wilkinson,israel adesanya
65,0.6879594,0.31204063,0,1,0,2018-02-10,-190.0,150.0,160.0,-186.0,161.0,-185.0,yoel romero,luke rockhold
66,0.36182016,0.63817984,1,1,1,2018-02-10,,,,,,,tyson pedro,saparbeg safarov
67,0.40469384,0.59530616,1,1,1,2018-02-10,130.0,-170.0,125.0,-150.0,130.0,-145.0,jake matthews,li jingliang
68,0.23781312,0.7621869,1,1,1,2018-02-10,-190.0,150.0,-275.0,225.0,-265.0,235.0,tai tuivasa,cyril asker
69,0.1827082,0.8172918,1,0,0,2018-02-10,-120.0,-120.0,165.0,-191.0,166.0,-190.0,mark hunt,curtis blaydes
70,0.2123779,0.7876221,1,1,1,2018-02-10,130.0,-160.0,137.0,-160.0,140.0,-157.0,luke jumeau,daichi abe
71,0.69664866,0.30335134,0,1,0,2018-02-18,,,,,,,geoff neal,brian camozzi
72,0.38303292,0.6169671,1,1,1,2018-02-18,-215.0,170.0,-375.0,300.0,-365.0,313.0,sage northcutt,thibault gouti
73,0.7857554,0.21424459,0,0,1,2018-02-18,,,,,,,joshua burkman,alex morono
74,0.6336094,0.36639062,0,0,1,2018-02-18,155.0,-185.0,127.0,-150.0,130.0,-147.0,sarah moras,lucie pudilova
75,0.71197945,0.28802055,0,1,0,2018-02-18,,,,,,,robert sanchez,joby sanchez
76,0.8613467,0.1386533,0,0,1,2018-02-18,-195.0,160.0,-180.0,155.0,-175.0,155.0,jared gordon,diego ferreira
77,0.42348093,0.5765191,1,0,0,2018-02-18,-160.0,130.0,-151.0,130.0,-150.0,131.0,thiago alves,curtis millender
78,0.72114336,0.27885664,0,0,1,2018-02-18,160.0,-195.0,130.0,-153.0,133.0,-150.0,steven peterson,brandon davis
79,0.31668425,0.68331575,1,1,1,2018-02-18,-245.0,175.0,-210.0,170.0,-200.0,175.0,james vick,francisco trinaldo
80,0.40862477,0.59137523,1,1,1,2018-02-18,-110.0,-130.0,-115.0,-110.0,-110.0,-105.0,derrick lewis,marcin tybura
81,0.16090131,0.8390987,1,1,1,2018-02-18,-160.0,120.0,100.0,-121.0,101.0,-120.0,donald cerrone,yancy medeiros
82,0.33813477,0.66186523,1,1,1,2018-02-18,-255.0,215.0,-340.0,267.0,-317.0,280.0,oskar piechota,tim williams
83,0.6848412,0.31515878,0,0,1,2018-02-24,-140.0,100.0,130.0,-152.0,132.0,-150.0,maryna moroz,angela hill
84,0.57889205,0.42110795,0,0,1,2018-02-24,175.0,-245.0,155.0,-180.0,155.0,-175.0,albert morales,manny bermudez
85,0.5076331,0.49236688,0,0,1,2018-02-24,120.0,-160.0,-140.0,100.0,-120.0,120.0,eric shelton,alex perez
86,0.090495706,0.9095043,1,1,1,2018-02-24,-285.0,205.0,-220.0,180.0,-210.0,180.0,rani yahya,russell doane
87,0.46804738,0.5319526,1,1,1,2018-02-24,200.0,-280.0,180.0,-220.0,183.0,-213.0,sam alvey,marcin prachnio
88,0.37700284,0.62299716,1,0,0,2018-02-24,165.0,-215.0,210.0,-250.0,210.0,-250.0,ben saunders,alan jouban
89,0.34954524,0.65045476,1,0,0,2018-02-24,-160.0,120.0,-165.0,137.0,-157.0,145.0,renan barao,brian kelleher
90,0.557294,0.44270602,0,0,1,2018-02-24,-230.0,170.0,-320.0,250.0,-300.0,270.0,mike perry,max griffin
91,0.485654,0.514346,1,0,0,2018-02-24,-135.0,-105.0,-165.0,143.0,-163.0,145.0,ovince st preux,ilir latifi
92,0.10017222,0.8998278,1,1,1,2018-02-24,,,,,,,jessica andrade,tecia pennington
93,0.4718449,0.5281551,1,0,0,2018-02-24,-110.0,-130.0,110.0,-130.0,110.0,-130.0,josh emmett,jeremy stephens
94,0.40027344,0.59972656,1,0,0,2018-02-24,-195.0,160.0,-190.0,165.0,-190.0,165.0,sara mcmann,marion reneau
95,0.21233171,0.7876683,1,1,1,2018-03-03,-180.0,140.0,-163.0,140.0,-160.0,143.0,john dodson,pedro munhoz
96,0.41132057,0.58867943,1,0,0,2018-03-03,325.0,-475.0,385.0,-500.0,390.0,-490.0,ashley yoder,mackenzie dern
97,0.3816868,0.6183132,1,0,0,2018-03-03,-120.0,-120.0,-105.0,-122.0,102.0,-115.0,bryan caraway,cody stamann
98,0.18019485,0.81980515,1,0,0,2018-03-03,175.0,-245.0,270.0,-345.0,285.0,-330.0,mike pyle,zak ottow
99,0.16287893,0.83712107,1,1,1,2018-03-03,-275.0,195.0,-255.0,205.0,-240.0,215.0,jordan johnson,adam milstead
100,0.096454084,0.9035459,1,0,0,2018-03-03,-350.0,250.0,-430.0,335.0,-420.0,360.0,beneil dariush,alexander hernandez
101,0.3401664,0.6598336,1,1,1,2018-03-03,,,,,,,cristiane justino,yana santos
102,0.6578995,0.3421005,0,0,1,2018-03-03,140.0,-180.0,170.0,-210.0,175.0,-200.0,cat zingano,ketlen vieira
103,0.5075928,0.49240717,0,1,0,2018-03-03,-260.0,180.0,-146.0,125.0,-145.0,126.0,sean omalley,andre soukhamthath
104,0.21830952,0.7816905,1,0,0,2018-03-03,-155.0,115.0,-155.0,125.0,-145.0,135.0,frankie edgar,brian ortega
105,0.27881873,0.7211813,1,1,1,2018-03-03,-120.0,-120.0,-110.0,-117.0,-103.0,-110.0,cb dollaway,hector lombard
106,0.056563556,0.94343644,1,0,0,2018-03-03,-380.0,290.0,-185.0,148.0,-173.0,160.0,stefan struve,andrei arlovski
107,0.35030735,0.64969265,1,0,0,2018-03-17,-160.0,120.0,-115.0,-106.0,-114.0,-105.0,john phillips,charles byrd
108,0.6059696,0.3940304,0,0,1,2018-03-17,180.0,-260.0,220.0,-270.0,230.0,-260.0,mark godbeer,dmitry sosnovskiy
109,0.3479532,0.6520468,1,0,0,2018-03-17,-175.0,135.0,-210.0,175.0,-210.0,180.0,stevie ray,kajan johnson
110,0.39346296,0.60653704,1,1,1,2018-03-17,290.0,-410.0,550.0,-800.0,575.0,-800.0,paul craig,magomed ankalaev
111,0.35001373,0.64998627,1,1,1,2018-03-17,200.0,-280.0,205.0,-260.0,240.0,-240.0,danny henry,hakeem dawodu
112,0.50418615,0.49581385,0,1,0,2018-03-17,-230.0,170.0,-130.0,110.0,-130.0,110.0,danny roberts,oliver enkamp
113,0.67989624,0.32010373,0,1,0,2018-03-17,-300.0,220.0,-190.0,165.0,-190.0,165.0,leon edwards,peter sobotta
114,0.5112908,0.48870924,0,1,0,2018-03-17,-350.0,250.0,-430.0,320.0,-385.0,345.0,tom duquesnoy,terrion ware
115,0.8179609,0.1820391,0,0,1,2018-03-17,-210.0,160.0,-163.0,130.0,-150.0,143.0,jimi manuwa,jan blachowicz
116,0.48914266,0.51085734,1,0,0,2018-03-17,-245.0,175.0,-210.0,175.0,-210.0,180.0,fabricio werdum,alexander volkov
117,0.43769872,0.5623013,1,0,0,2018-04-07,-245.0,175.0,-158.0,125.0,-145.0,138.0,joe lauzon,chris gruetzemacher
118,0.6656282,0.3343718,0,0,1,2018-04-07,170.0,-230.0,165.0,-200.0,170.0,-190.0,bec rawlings,ashlee evans smith
119,0.70305204,0.296948,0,0,1,2018-04-07,-180.0,140.0,-145.0,120.0,-140.0,125.0,evan dunham,olivier aubin mercier
120,0.70868945,0.29131058,0,1,0,2018-04-07,-270.0,190.0,-190.0,162.0,-187.0,165.0,karolina kowalkiewicz,felice herrig
121,0.3306216,0.6693784,1,1,1,2018-04-07,140.0,-180.0,-115.0,-125.0,105.0,-105.0,renato moicano,calvin kattar
122,0.49973488,0.5002651,1,1,1,2018-04-07,-530.0,350.0,-800.0,500.0,-700.0,575.0,zabit magomedsharipov,kyle bochniak
123,0.21968538,0.7803146,1,1,1,2018-04-07,160.0,-210.0,-110.0,-123.0,103.0,-110.0,rose namajunas,joanna jedrzejczyk
124,0.6175312,0.3824688,0,1,0,2018-04-07,-1050.0,550.0,-640.0,470.0,-640.0,470.0,khabib nurmagomedov,al iaquinta
125,0.4418015,0.5581985,1,1,1,2018-04-07,-120.0,-120.0,-105.0,-115.0,-105.0,-115.0,devin clark,mike rodriguez
126,0.256155,0.743845,1,1,1,2018-04-14,-475.0,325.0,-640.0,420.0,-550.0,470.0,gilbert burns,dan moret
127,0.7122046,0.28779542,0,0,1,2018-04-14,-170.0,145.0,-120.0,100.0,-120.0,100.0,wilson reis,john moraga
128,0.21724439,0.7827556,1,0,0,2018-04-14,110.0,-150.0,-110.0,-115.0,-105.0,-110.0,matthew lopez,alejandro perez
129,0.30529606,0.69470394,1,0,0,2018-04-14,-150.0,110.0,-335.0,265.0,-325.0,275.0,arjan bhullar,adam wieczorek
130,0.56302613,0.43697387,0,1,0,2018-04-14,-310.0,230.0,-450.0,345.0,-430.0,350.0,luke sanders,patrick williams
131,0.85905236,0.14094764,0,0,1,2018-04-14,150.0,-190.0,140.0,-160.0,140.0,-160.0,shana dobson,lauren mueller
132,0.35209942,0.6479006,1,0,0,2018-04-14,165.0,-190.0,-130.0,107.0,-127.0,110.0,krzysztof jotko,brad tavares
133,0.31643617,0.6835638,1,1,1,2018-04-14,-260.0,180.0,-245.0,202.0,-237.0,205.0,israel adesanya,marvin vettori
134,0.5393611,0.46063885,0,1,0,2018-04-14,-260.0,180.0,-210.0,175.0,-205.0,175.0,muslim salikhov,ricky rainey
135,0.5370074,0.4629926,0,1,0,2018-04-14,,,,,,,michelle waterson gomez,cortney casey
136,0.7915855,0.20841448,0,0,1,2018-04-14,120.0,-160.0,155.0,-189.0,164.0,-175.0,carlos condit,alex oliveira
137,0.46479678,0.5352032,1,1,1,2018-04-14,-130.0,-110.0,-125.0,103.0,-123.0,105.0,dustin poirier,justin gaethje
138,0.31979907,0.68020093,1,0,0,2018-04-14,220.0,-260.0,205.0,-260.0,220.0,-240.0,tim boetsch,antonio carlos junior
139,0.49238873,0.5076113,1,0,0,2018-04-14,-120.0,-120.0,105.0,-127.0,107.0,-125.0,dhiego lima,yushin okami
140,0.28417045,0.71582955,1,1,1,2018-04-21,-195.0,155.0,-150.0,130.0,-150.0,130.0,ryan laflare,alex garcia
141,0.34321392,0.6567861,1,1,1,2018-04-21,,,,,,,anthony rocco martin,keita nakamura
142,0.39950514,0.60049486,1,1,1,2018-04-21,145.0,-175.0,-165.0,144.0,-164.0,145.0,corey anderson,patrick cummins
143,0.50487536,0.49512464,0,1,0,2018-04-21,-180.0,140.0,150.0,-176.0,151.0,-170.0,siyar bahadurzada,luan chagas
144,0.093813,0.906187,1,0,0,2018-04-21,175.0,-245.0,-110.0,-110.0,-110.0,-110.0,merab dvalishvili,ricky simon
145,0.29175413,0.7082459,1,0,0,2018-04-21,190.0,-270.0,250.0,-305.0,255.0,-300.0,jim miller,dan hooker
146,0.28373897,0.716261,1,1,1,2018-04-21,145.0,-185.0,140.0,-164.0,144.0,-160.0,david branch,thiago santos
147,0.68470323,0.3152968,0,1,0,2018-04-21,-215.0,165.0,-300.0,245.0,-290.0,250.0,justin willis,chase sherman
148,0.5229819,0.47701812,0,1,0,2018-04-21,-230.0,170.0,-315.0,235.0,-275.0,265.0,frankie edgar,cub swanson
149,0.34932637,0.6506736,1,0,0,2018-04-21,-135.0,-105.0,141.0,-165.0,145.0,-161.0,edson barboza,kevin lee
150,0.05334878,0.9466512,1,1,1,2018-04-21,110.0,-150.0,-115.0,-110.0,-110.0,-105.0,aljamain sterling,brett johns
151,0.32738817,0.67261183,1,1,1,2018-05-12,-105.0,-135.0,-101.0,-120.0,100.0,-119.0,elizeu zaleski dos santos,sean strickland
152,0.26789248,0.7321075,1,1,1,2018-05-12,-200.0,170.0,-320.0,250.0,-300.0,270.0,markus perez,james bochnovic
153,0.20011187,0.79988813,1,0,0,2018-05-12,160.0,-210.0,150.0,-181.0,156.0,-170.0,alberto mina,ramazan emeev
154,0.6542089,0.34579113,0,1,0,2018-05-12,,,,,,,aleksei oleinik,junior albini
155,0.43758488,0.5624151,1,1,1,2018-05-12,-260.0,180.0,-280.0,230.0,-270.0,240.0,warlley alves,sultan aliev
156,0.49152482,0.5084752,1,1,1,2018-05-12,145.0,-185.0,-185.0,160.0,-185.0,160.0,davi ramos,nick hein
157,0.2536723,0.7463277,1,0,0,2018-05-12,160.0,-210.0,110.0,-134.0,114.0,-130.0,thales leites,jack hermansson
158,0.3319527,0.6680473,1,1,1,2018-05-12,-110.0,-130.0,-160.0,130.0,-150.0,140.0,cezar ferreira,karl roberson
159,0.18434083,0.81565917,1,0,0,2018-05-12,-120.0,-120.0,165.0,-205.0,175.0,-190.0,vitor belfort,lyoto machida
160,0.5504001,0.44959992,0,1,0,2018-05-12,-530.0,350.0,-265.0,220.0,-260.0,225.0,mackenzie dern,amanda cooper
161,0.5580445,0.4419555,0,0,1,2018-05-12,,,,,,,jacare souza,kelvin gastelum
162,0.8818939,0.11810613,0,1,0,2018-05-12,-530.0,350.0,-700.0,500.0,-700.0,525.0,amanda nunes,raquel pennington
163,0.26776814,0.73223186,1,1,1,2018-05-12,-320.0,240.0,-270.0,225.0,-265.0,230.0,john lineker,brian kelleher
164,0.294433,0.705567,1,0,0,2018-05-19,115.0,-155.0,-190.0,158.0,-183.0,165.0,zak cummings,michel prazeres
165,0.52184296,0.478157,0,1,0,2018-05-19,220.0,-300.0,245.0,-325.0,265.0,-285.0,claudio puelles,felipe silva
166,0.19371247,0.8062875,1,1,1,2018-05-19,-165.0,125.0,-235.0,190.0,-225.0,195.0,enrique barzola,brandon davis
167,0.5506599,0.44934008,0,1,0,2018-05-19,-120.0,-120.0,-158.0,138.0,-155.0,145.0,gabriel benitez,humberto bandenay
168,0.2717917,0.7282083,1,1,1,2018-05-19,-185.0,145.0,-183.0,158.0,-174.0,164.0,poliana botelho,syuri kondo
169,0.48757136,0.51242864,1,0,0,2018-05-19,-170.0,130.0,-110.0,-110.0,-110.0,-110.0,brandon moreno,alexandre pantoja
170,0.18964839,0.8103516,1,0,0,2018-05-19,185.0,-265.0,265.0,-340.0,280.0,-315.0,henry briones,frankie saenz
171,0.78709143,0.21290857,0,1,0,2018-05-19,-265.0,185.0,-235.0,188.0,-223.0,195.0,vicente luque,chad laprise
172,0.35807478,0.6419252,1,0,0,2018-05-19,,,,,,,veronica hardy,andrea lee
173,0.70853066,0.29146937,0,0,1,2018-05-19,-160.0,120.0,-175.0,150.0,-175.0,155.0,diego rivas,guido cannetti
174,0.94786495,0.052135047,0,0,1,2018-05-19,160.0,-210.0,180.0,-220.0,180.0,-210.0,jared cannonier,dominick reyes
175,0.24949741,0.7505026,1,0,0,2018-05-19,135.0,-175.0,410.0,-525.0,415.0,-525.0,demian maia,kamaru usman
176,0.35146463,0.6485354,1,0,0,2018-05-19,-110.0,-110.0,425.0,-600.0,450.0,-550.0,alexa grasso,tatiana suarez
177,0.8042952,0.1957048,0,0,1,2018-05-27,180.0,-260.0,295.0,-380.0,315.0,-360.0,daniel kelly,tom breese
178,0.2152428,0.7847572,1,1,1,2018-05-27,-350.0,250.0,-390.0,310.0,-375.0,320.0,elias theodorou,trevor smith
179,0.77261,0.22738999,0,1,0,2018-05-27,185.0,-265.0,127.0,-155.0,135.0,-147.0,gillian robertson,molly mccann
180,0.38021696,0.61978304,1,0,0,2018-05-27,160.0,-210.0,120.0,-144.0,124.0,-140.0,brad scott,carlo pedersoli jr
181,0.76845556,0.23154445,0,1,0,2018-05-27,-185.0,145.0,140.0,-165.0,145.0,-160.0,lina lansberg,gina mazany
182,0.49345624,0.50654376,1,0,0,2018-05-27,-260.0,180.0,-160.0,135.0,-155.0,140.0,eric spicely,darren stewart
183,0.27948147,0.7205185,1,0,0,2018-05-27,-230.0,170.0,-180.0,150.0,-170.0,155.0,jason knight,makwan amirkhani
184,0.13894856,0.86105144,1,1,1,2018-05-27,-245.0,175.0,-255.0,205.0,-245.0,215.0,arnold allen,mads burnell
185,0.38098955,0.61901045,1,1,1,2018-05-27,-380.0,260.0,-750.0,460.0,-610.0,525.0,neil magny,craig white
186,0.29288828,0.7071117,1,0,0,2018-05-27,-165.0,125.0,-150.0,124.0,-144.0,130.0,stephen thompson,darren till
187,0.6957586,0.30424142,0,1,0,2018-05-27,,,,,,,claudio silva,nordine taleb
188,0.8033934,0.19660659,0,0,1,2018-06-01,185.0,-265.0,245.0,-300.0,250.0,-285.0,nik lentz,david teymur
189,0.0051041245,0.9948959,1,0,0,2018-06-01,150.0,-190.0,120.0,-155.0,135.0,-140.0,gian villante,sam alvey
190,0.1309036,0.8690964,1,0,0,2018-06-01,180.0,-260.0,200.0,-245.0,205.0,-235.0,johnny eduardo,nathaniel wood
191,0.2682612,0.7317388,1,1,1,2018-06-01,-185.0,145.0,-1200.0,275.0,-325.0,600.0,desmond green,gleison tibau
192,0.5354562,0.46454382,0,1,0,2018-06-01,-400.0,280.0,-450.0,360.0,-445.0,375.0,belal muhammad,chance rencountre
193,0.36221516,0.63778484,1,1,1,2018-06-01,-190.0,150.0,-210.0,175.0,-205.0,175.0,sijara eubanks,lauren murphy
194,0.22393793,0.7760621,1,0,0,2018-06-01,-210.0,160.0,-160.0,140.0,-160.0,140.0,jake ellenberger,ben saunders
195,0.57922244,0.42077756,0,1,0,2018-06-01,-230.0,170.0,-185.0,150.0,-175.0,160.0,julio arce,daniel teymur
196,0.2954365,0.7045635,1,1,1,2018-06-01,-260.0,180.0,-220.0,180.0,-212.0,182.0,walt harris,daniel spitz
197,0.41578078,0.5842192,1,1,1,2018-06-01,-230.0,170.0,-400.0,305.0,-370.0,325.0,gregor gillespie,vinc pichel
198,0.20298421,0.7970158,1,0,0,2018-06-01,-190.0,150.0,-128.0,100.0,-120.0,108.0,jimmie rivera,marlon moraes
199,0.3060367,0.6939633,1,0,0,2018-06-01,185.0,-265.0,117.0,-145.0,125.0,-137.0,jarred brooks,jose torres
200,0.34948492,0.6505151,1,0,0,2018-06-09,135.0,-175.0,205.0,-245.0,205.0,-240.0,ricardo lamas,mirsad bektic
201,0.75881857,0.24118145,0,0,1,2018-06-09,180.0,-260.0,-110.0,-110.0,-110.0,-110.0,mike santiago,dan ige
202,0.29161572,0.7083843,1,0,0,2018-06-09,145.0,-185.0,120.0,-148.0,128.0,-140.0,clay guida,charles oliveira
203,0.64969206,0.3503079,0,0,1,2018-06-09,-260.0,180.0,-205.0,170.0,-200.0,175.0,joseph benavidez,sergio pettis
204,0.42947042,0.5705296,1,0,0,2018-06-09,190.0,-270.0,180.0,-210.0,188.0,-205.0,rashad evans,anthony smith
205,0.17819953,0.8218005,1,0,0,2018-06-09,-190.0,150.0,-115.0,-105.0,-115.0,-105.0,rashad coulter,chris de la rocha
206,0.24278748,0.7572125,1,1,1,2018-06-09,-400.0,280.0,-270.0,220.0,-260.0,230.0,claudia gadelha,carla esparza
207,0.23573267,0.7642673,1,2,0,2018-06-09,200.0,-280.0,160.0,-190.0,165.0,-185.0,cm punk,mike jackson
208,0.42120636,0.57879364,1,0,0,2018-06-09,185.0,-265.0,190.0,-240.0,205.0,-230.0,andrei arlovski,tai tuivasa
209,0.2176246,0.7823754,1,1,1,2018-06-09,-175.0,135.0,-164.0,125.0,-145.0,144.0,holly holm,megan anderson
210,0.13135093,0.86864907,1,0,0,2018-06-09,-190.0,150.0,115.0,-142.0,122.0,-135.0,rafael dos anjos,colby covington
211,0.34832543,0.65167457,1,1,1,2018-06-09,-150.0,110.0,-285.0,235.0,-275.0,245.0,robert whittaker,yoel romero
212,0.1763134,0.8236866,1,0,0,2018-06-09,-140.0,100.0,170.0,-200.0,170.0,-200.0,alistair overeem,curtis blaydes
213,0.6079453,0.3920547,0,1,0,2018-06-23,125.0,-165.0,165.0,-190.0,165.0,-190.0,matt schnell,naoki inoue
214,0.17662501,0.823375,1,1,1,2018-06-23,-400.0,280.0,-180.0,150.0,-170.0,155.0,ji yeon kim,melinda fabian
215,0.20341992,0.7965801,1,0,0,2018-06-23,280.0,-400.0,445.0,-600.0,450.0,-575.0,shinsho anzai,jake matthews
216,0.34054792,0.6594521,1,0,0,2018-06-23,,,,,,,viviane pereira,yan xiaonan
217,0.47892833,0.5210717,1,0,0,2018-06-23,135.0,-175.0,145.0,-175.0,150.0,-165.0,rolando dy,shane young
218,0.47601312,0.5239869,1,1,1,2018-06-23,,,,,,,song kenan,hector aldana
219,0.5123503,0.48764965,0,0,1,2018-06-23,,,,,,,jenel lausa,yuta sasaki
220,0.5434041,0.4565959,0,0,1,2018-06-23,-170.0,130.0,-173.0,145.0,-165.0,148.0,jessica rose clark,jessica eye
221,0.84223944,0.15776058,0,0,1,2018-06-23,,,,,,,felipe arantes,song yadong
222,0.21303397,0.786966,1,1,1,2018-06-23,-320.0,240.0,-245.0,185.0,-215.0,205.0,li jingliang,daichi abe
223,0.568436,0.43156394,0,1,0,2018-06-23,-120.0,-120.0,118.0,-145.0,125.0,-138.0,ovince st preux,tyson pedro
224,0.49184096,0.50815904,1,0,0,2018-06-23,-155.0,115.0,198.0,-255.0,215.0,-233.0,donald cerrone,leon edwards
225,0.14196754,0.85803246,1,0,0,2018-06-23,250.0,-350.0,445.0,-600.0,450.0,-575.0,teruto ishihara,petr yan
226,0.60383713,0.39616287,0,1,0,2018-07-06,165.0,-215.0,180.0,-223.0,188.0,-220.0,gerald meerschaert,oskar piechota
227,0.42876303,0.57123697,1,0,0,2018-07-06,-180.0,140.0,-125.0,103.0,-123.0,105.0,matt bessette,steven peterson
228,0.48841798,0.511582,1,0,0,2018-07-06,-150.0,120.0,120.0,-142.0,122.0,-140.0,tyler diamond,bryce mitchell
229,0.37044823,0.62955177,1,1,1,2018-07-06,-110.0,-130.0,-130.0,107.0,-127.0,110.0,john gunther,allan zuniga
230,0.28211397,0.71788603,1,1,1,2018-07-06,-290.0,210.0,-380.0,305.0,-370.0,315.0,luis pena,richie smullen
231,0.07514632,0.9248537,1,1,1,2018-07-06,-120.0,-120.0,-149.0,125.0,-145.0,129.0,montana de la rosa,rachael ostovich
232,0.6486017,0.3513983,0,1,0,2018-07-06,160.0,-210.0,115.0,-137.0,117.0,-135.0,alessio di chirico,julian marquez
233,0.7551071,0.24489291,0,1,0,2018-07-06,-135.0,-105.0,-132.0,110.0,-130.0,112.0,alex caceres,martin bravo
234,0.10326779,0.8967322,1,0,0,2018-07-06,105.0,-145.0,220.0,-265.0,225.0,-260.0,jay cucciniello,brad katona
235,0.3034401,0.6965599,1,1,1,2018-07-06,,,,,,,michael trizano,joe giannetti
236,0.78764886,0.21235116,0,0,1,2018-07-06,-120.0,-120.0,-109.0,-115.0,-105.0,-111.0,brad tavares,israel adesanya
237,0.7344511,0.26554888,0,1,0,2018-07-06,130.0,-170.0,130.0,-153.0,133.0,-150.0,roxanne modafferi,barb honchak
238,0.8877874,0.112212576,0,0,1,2018-07-07,210.0,-290.0,245.0,-312.0,262.0,-290.0,uriah hall,paulo costa
239,0.225873,0.774127,1,0,0,2018-07-07,-350.0,250.0,-194.0,160.0,-185.0,169.0,jamie moyle,emily whitmire
240,0.25974816,0.74025184,1,1,1,2018-07-07,-190.0,150.0,-178.0,150.0,-170.0,153.0,curtis millender,max griffin
241,0.29769278,0.7023072,1,0,0,2018-07-07,-245.0,175.0,-200.0,165.0,-190.0,170.0,lando vannata,drakkar klose
242,0.10245305,0.89754695,1,1,1,2018-07-07,-270.0,190.0,-140.0,117.0,-137.0,120.0,raphael assuncao,rob font
243,0.75102466,0.24897534,0,1,0,2018-07-07,-160.0,120.0,-115.0,-107.0,-113.0,-105.0,dan hooker,gilbert burns
244,0.20359766,0.79640234,1,0,0,2018-07-07,230.0,-270.0,-170.0,141.0,-161.0,150.0,paul felder,mike perry
245,0.25314546,0.74685454,1,0,0,2018-07-07,-230.0,170.0,-340.0,255.0,-310.0,280.0,francis ngannou,derrick lewis
246,0.17044032,0.8295597,1,0,0,2018-07-07,-170.0,140.0,-160.0,132.0,-152.0,140.0,stipe miocic,daniel cormier
247,0.09105778,0.9089422,1,0,0,2018-07-07,-150.0,110.0,-175.0,144.0,-164.0,155.0,michael chiesa,anthony pettis
248,0.28906512,0.7109349,1,0,0,2018-07-07,,,,,,,gokhan saki,khalil rountree jr
249,0.6965637,0.3034363,0,0,1,2018-07-14,125.0,-165.0,-105.0,-120.0,100.0,-115.0,justin scoggins,said nurmagomedov
250,0.29412782,0.7058722,1,0,0,2018-07-14,165.0,-215.0,147.0,-175.0,155.0,-172.0,eddie wineland,alejandro perez
251,0.36964822,0.6303518,1,1,1,2018-07-14,-110.0,-130.0,115.0,-135.0,115.0,-135.0,mark de la rosa,elias garcia
252,0.10745585,0.89254415,1,1,1,2018-07-14,-120.0,-120.0,-115.0,-105.0,-115.0,-105.0,liz carmouche,jennifer maia
253,0.5156656,0.4843344,0,1,0,2018-07-14,-155.0,115.0,147.0,-172.0,150.0,-170.0,jessica aguilar,jodie esquibel
254,0.71090734,0.2890927,0,0,1,2018-07-14,,,,,,,darren elkins,alexander volkanovski
255,0.6961083,0.30389172,0,1,0,2018-07-14,-120.0,-120.0,-190.0,165.0,-190.0,165.0,junior dos santos,blagoy ivanov
256,0.64057624,0.35942376,0,1,0,2018-07-14,100.0,-140.0,-110.0,-117.0,-103.0,-110.0,cat zingano,marion reneau
257,0.3426317,0.6573683,1,0,0,2018-07-14,105.0,-145.0,-130.0,107.0,-127.0,110.0,randy brown,niko price
258,0.5586269,0.44137314,0,0,1,2018-07-14,,,,,,,dennis bermudez,ricky glenn
259,0.3212049,0.6787951,1,1,1,2018-07-14,-140.0,100.0,-148.0,105.0,-125.0,128.0,sage northcutt,zak ottow
260,0.5737059,0.42629406,0,0,1,2018-07-14,170.0,-230.0,100.0,-125.0,105.0,-120.0,myles jury,chad mendes
261,0.54869735,0.45130262,0,0,1,2018-07-14,-215.0,165.0,-165.0,134.0,-154.0,145.0,kurt holobaugh,raoni barcelos
262,0.7784151,0.2215849,0,0,1,2018-07-22,-285.0,205.0,-148.0,120.0,-140.0,128.0,emil meek,bartosz fabinski
263,0.65545726,0.3445427,0,0,1,2018-07-22,100.0,-140.0,-125.0,-113.0,-107.0,105.0,damian stasiak,pingyuan liu
264,0.27258468,0.7274153,1,0,0,2018-07-22,170.0,-230.0,190.0,-260.0,220.0,-230.0,jeremy kimball,darko stosic
265,0.31888485,0.68111515,1,0,0,2018-07-22,195.0,-275.0,235.0,-320.0,260.0,-275.0,davey grant,manny bermudez
266,0.29660738,0.7033926,1,0,0,2018-07-22,-185.0,145.0,-120.0,-115.0,-105.0,100.0,justin ledet,aleksandar rakic
267,0.17887765,0.82112235,1,0,0,2018-07-22,165.0,-215.0,180.0,-260.0,220.0,-220.0,khalid taha,nad narimani
268,0.32382476,0.67617524,1,0,0,2018-07-22,-175.0,135.0,-163.0,130.0,-150.0,143.0,nick hein,damir hadzovic
269,0.6396389,0.36036107,0,1,0,2018-07-22,-420.0,300.0,-210.0,175.0,-205.0,175.0,danny roberts,david zawada
270,0.25527203,0.74472797,1,1,1,2018-07-22,-175.0,135.0,-193.0,165.0,-190.0,168.0,marcin tybura,stefan struve
271,0.14457738,0.8554226,1,0,0,2018-07-22,125.0,-165.0,170.0,-210.0,175.0,-200.0,vitor miranda,abu azaitar
272,0.35031044,0.64968956,1,0,0,2018-07-22,-300.0,220.0,-125.0,100.0,-120.0,105.0,glover teixeira,corey anderson
273,0.59589,0.40411,0,0,1,2018-07-22,135.0,-175.0,122.0,-150.0,130.0,-142.0,mauricio rua,anthony smith
274,0.43661392,0.5633861,1,1,1,2018-07-22,225.0,-305.0,140.0,-175.0,150.0,-160.0,nasrat haqparast,marc diakiese
275,0.20195478,0.7980452,1,0,0,2018-07-28,,,,,,,alexis davis,katlyn cerminara
276,0.20317471,0.7968253,1,0,0,2018-07-28,-145.0,105.0,113.0,-135.0,115.0,-133.0,gadzhimurad antigulov,ion cutelaba
277,0.6660964,0.3339036,0,1,0,2018-07-28,-170.0,130.0,-108.0,-115.0,-105.0,-112.0,devin powell,alvaro herrera mendoza
278,0.18063557,0.8193644,1,0,0,2018-07-28,-135.0,-105.0,120.0,-145.0,125.0,-140.0,randa markos,nina nunes
279,0.21003819,0.7899618,1,1,1,2018-07-28,145.0,-185.0,169.0,-200.0,170.0,-194.0,dustin ortiz,matheus nicolau
280,0.29573417,0.70426583,1,1,1,2018-07-28,-210.0,160.0,-235.0,185.0,-220.0,195.0,john makdessi,ross pearson
281,0.20170414,0.79829586,1,0,0,2018-07-28,300.0,-420.0,440.0,-600.0,450.0,-570.0,kajan johnson,islam makhachev
282,0.47921723,0.52078277,1,1,1,2018-07-28,-120.0,-120.0,-110.0,-118.0,-102.0,-110.0,alexander hernandez,olivier aubin mercier
283,0.37463444,0.62536556,1,1,1,2018-07-28,-400.0,280.0,-500.0,375.0,-470.0,385.0,hakeem dawodu,austin arnett
284,0.6727588,0.32724118,0,1,0,2018-07-28,-130.0,-110.0,-150.0,128.0,-148.0,130.0,jordan mein,alex morono
285,0.54442406,0.4555759,0,1,0,2018-07-28,,,,,,,joanna jedrzejczyk,tecia pennington
286,0.7486938,0.2513062,0,1,0,2018-07-28,-135.0,-105.0,-103.0,-120.0,100.0,-117.0,jose aldo,jeremy stephens
287,0.75781137,0.24218865,0,0,1,2018-07-28,105.0,-145.0,134.0,-155.0,135.0,-154.0,eddie alvarez,dustin poirier
288,0.08839601,0.911604,1,1,1,2018-08-04,-230.0,170.0,-505.0,375.0,-470.0,390.0,marlon vera,wulijiburen
289,0.39515924,0.60484076,1,0,0,2018-08-04,,,,,,,danielle taylor,zhang weili
290,0.5920998,0.40790018,0,1,0,2018-08-04,-120.0,-120.0,-120.0,100.0,-120.0,100.0,alex perez,jose torres
291,0.44574642,0.5542536,1,0,0,2018-08-04,-115.0,-125.0,-140.0,113.0,-133.0,120.0,matt sayles,sheymon moraes
292,0.2523082,0.7476918,1,1,1,2018-08-04,-245.0,175.0,-300.0,235.0,-275.0,250.0,ricardo ramos,kyung ho kang
293,0.6621383,0.33786172,0,1,0,2018-08-04,-175.0,145.0,105.0,-130.0,110.0,-125.0,ricky simon,montel jackson
294,0.29695052,0.7030495,1,1,1,2018-08-04,-155.0,115.0,-210.0,170.0,-200.0,175.0,pedro munhoz,brett johns
295,0.3803339,0.6196661,1,1,1,2018-08-04,-275.0,215.0,-340.0,275.0,-335.0,280.0,thiago santos,kevin holland
296,0.50169337,0.4983066,0,0,1,2018-08-04,-210.0,160.0,-160.0,135.0,-155.0,140.0,polyana viana,jj aldrich
297,0.34954,0.65046,1,0,0,2018-08-04,125.0,-165.0,250.0,-310.0,260.0,-300.0,cub swanson,renato moicano
298,0.36543572,0.6345643,1,0,0,2018-08-04,-475.0,325.0,-500.0,375.0,-470.0,385.0,demetrious johnson,henry cejudo
299,0.08645499,0.913545,1,1,1,2018-08-04,-135.0,-105.0,-130.0,105.0,-125.0,110.0,tj dillashaw,cody garbrandt
300,0.5276719,0.47232813,0,1,0,2018-08-25,-175.0,135.0,-240.0,200.0,-240.0,205.0,drew dober,jon tuck
301,0.48108685,0.51891315,1,1,1,2018-08-25,170.0,-230.0,270.0,-330.0,270.0,-330.0,james krause,warlley alves
302,0.26840466,0.73159534,1,1,1,2018-08-25,-245.0,175.0,-330.0,270.0,-325.0,295.0,mickey gall,george sullivan
303,0.42046666,0.57953334,1,1,1,2018-08-25,120.0,-160.0,-141.0,120.0,-140.0,121.0,andrew sanchez,markus perez
304,0.43128598,0.568714,1,1,1,2018-08-25,135.0,-175.0,-200.0,170.0,-200.0,170.0,cory sandhagen,iuri alcantara
305,0.8284076,0.17159241,0,1,0,2018-08-25,-215.0,165.0,-112.0,-115.0,-105.0,-108.0,rani yahya,luke sanders
306,0.30945826,0.69054174,1,1,1,2018-08-25,-185.0,145.0,-185.0,145.0,-170.0,160.0,joanne wood,kalindra faria
307,0.52082634,0.4791737,0,0,1,2018-08-25,-105.0,-135.0,146.0,-171.0,150.0,-170.0,john moraga,deiveson figueiredo
308,0.2938807,0.7061193,1,0,0,2018-08-25,205.0,-285.0,335.0,-420.0,341.0,-411.0,jake ellenberger,bryan barberena
309,0.52958024,0.4704198,0,1,0,2018-08-25,135.0,-175.0,112.0,-135.0,115.0,-132.0,cortney casey,angela hill
310,0.3129605,0.6870395,1,1,1,2018-08-25,-165.0,125.0,-103.0,-120.0,100.0,-117.0,michael johnson,andre fili
311,0.28355312,0.7164469,1,1,1,2018-08-25,-115.0,-115.0,120.0,-145.0,125.0,-140.0,justin gaethje,james vick
312,0.29410857,0.70589143,1,1,1,2018-08-25,-280.0,200.0,-1250.0,775.0,-1200.0,825.0,eryk anders,tim williams
313,0.42293286,0.57706714,1,1,1,2018-09-08,-145.0,105.0,-173.0,148.0,-170.0,150.0,aljamain sterling,cody stamann
314,0.41270542,0.5872946,1,1,1,2018-09-08,-110.0,-130.0,-110.0,-110.0,-110.0,-110.0,irene aldana,lucie pudilova
315,0.19199884,0.80800116,1,1,1,2018-09-08,175.0,-245.0,175.0,-210.0,177.0,-207.0,diego sanchez,craig white
316,0.22360009,0.7763999,1,0,0,2018-09-08,-185.0,145.0,-178.0,150.0,-170.0,153.0,charles byrd,darren stewart
317,0.77037215,0.22962788,0,1,0,2018-09-08,-230.0,170.0,-225.0,175.0,-210.0,190.0,geoff neal,frank camacho
318,0.22762942,0.7723706,1,0,0,2018-09-08,,,,,,,robert sanchez,jarred brooks
319,0.65876096,0.34123904,0,1,0,2018-09-08,-130.0,-110.0,155.0,-185.0,160.0,-175.0,jim miller,alex white
320,0.40706235,0.59293765,1,1,1,2018-09-08,-195.0,155.0,-150.0,128.0,-148.0,130.0,jimmie rivera,john dodson
321,0.5408795,0.45912048,0,1,0,2018-09-08,-1050.0,600.0,-1449.0,899.0,-1375.0,900.0,zabit magomedsharipov,brandon davis
322,0.32690096,0.67309904,1,1,1,2018-09-08,-280.0,240.0,-450.0,350.0,-450.0,360.0,jessica andrade,karolina kowalkiewicz
323,0.300812,0.699188,1,1,1,2018-09-08,-160.0,140.0,-110.0,-115.0,-105.0,-110.0,tyron woodley,darren till
324,0.72468853,0.2753115,0,1,0,2018-09-08,-185.0,145.0,-110.0,-110.0,-110.0,-110.0,abdul razak alhassan,niko price
325,0.45829713,0.54170287,1,0,0,2018-09-08,250.0,-350.0,330.0,-420.0,335.0,-400.0,carla esparza,tatiana suarez
326,0.26736057,0.73263943,1,1,1,2018-09-15,-475.0,325.0,-840.0,570.0,-800.0,575.0,rustam khabilov,kajan johnson
327,0.64982426,0.35017574,0,1,0,2018-09-15,-350.0,250.0,-560.0,425.0,-550.0,430.0,merab dvalishvili,terrion ware
328,0.67248076,0.32751924,0,1,0,2018-09-15,-475.0,325.0,-750.0,490.0,-680.0,550.0,ramazan emeev,stefan sekulic
329,0.624233,0.37576702,0,0,1,2018-09-15,135.0,-175.0,222.0,-280.0,240.0,-262.0,adam yandiev,jordan johnson
330,0.35614341,0.6438566,1,1,1,2018-09-15,-350.0,250.0,-560.0,385.0,-485.0,430.0,magomed ankalaev,marcin prachnio
331,0.80888975,0.19111024,0,1,0,2018-09-15,-350.0,250.0,-600.0,445.0,-575.0,450.0,mairbek taisumov,desmond green
332,0.31298363,0.68701637,1,1,1,2018-09-15,,,,,,,aleksei kunchenko,thiago alves
333,0.69609594,0.30390406,0,1,0,2018-09-15,-160.0,140.0,-165.0,140.0,-160.0,145.0,khalid murtazaliev,cb dollaway
334,0.79729223,0.20270775,0,0,1,2018-09-15,-215.0,165.0,112.0,-140.0,120.0,-132.0,andrei arlovski,shamil abdurakhimov
335,0.60801566,0.3919843,0,1,0,2018-09-15,-130.0,-110.0,115.0,-145.0,125.0,-135.0,jan blachowicz,nikita krylov
336,0.3146206,0.6853794,1,0,0,2018-09-15,-215.0,165.0,-120.0,-106.0,-114.0,100.0,mark hunt,aleksei oleinik
337,0.47473383,0.5252662,1,1,1,2018-09-15,-530.0,350.0,-1200.0,775.0,-1200.0,775.0,petr yan,jin soo son
338,0.2501195,0.7498805,1,1,1,2018-09-22,,,,,,,elizeu zaleski dos santos,luigi vendramini
339,0.12913108,0.8708689,1,1,1,2018-09-22,-215.0,165.0,-170.0,145.0,-165.0,145.0,francisco trinaldo,evan dunham
340,0.2382549,0.7617451,1,1,1,2018-09-22,-320.0,240.0,-475.0,375.0,-470.0,375.0,charles oliveira,christos giagos
341,0.30321538,0.6967846,1,1,1,2018-09-22,-185.0,145.0,-275.0,230.0,-270.0,235.0,sergio moraes,ben saunders
342,0.26877916,0.73122084,1,1,1,2018-09-22,-165.0,125.0,-160.0,135.0,-155.0,140.0,thales leites,hector lombard
343,0.40281498,0.597185,1,1,1,2018-09-22,,,,,,,mayra bueno silva,gillian robertson
344,0.47867596,0.52132404,1,1,1,2018-09-22,,,,,,,livinha souza,alex chambers
345,0.51343197,0.48656803,0,0,1,2018-09-22,-350.0,250.0,-200.0,165.0,-190.0,170.0,renan barao,andre ewell
346,0.9150589,0.08494109,0,0,1,2018-09-22,155.0,-195.0,-107.0,-115.0,-105.0,-113.0,luis henrique,ryan spann
347,0.27688277,0.72311723,1,2,0,2018-09-22,120.0,-160.0,110.0,-135.0,115.0,-130.0,randa markos,marina rodriguez
348,0.69267315,0.30732685,0,1,0,2018-09-22,-285.0,205.0,-250.0,190.0,-230.0,210.0,augusto sakai,chase sherman
349,0.726691,0.273309,0,0,1,2018-09-22,-300.0,220.0,-350.0,285.0,-345.0,290.0,sam alvey,rogerio nogueira
350,0.3647924,0.6352076,1,1,1,2018-09-22,-245.0,175.0,-500.0,385.0,-500.0,400.0,alex oliveira,carlo pedersoli jr
351,0.19428718,0.8057128,1,1,1,2018-09-22,-150.0,110.0,-200.0,161.0,-186.0,170.0,thiago santos,eryk anders
352,0.7782945,0.22170551,0,1,0,2018-10-06,-320.0,240.0,-833.0,475.0,-650.0,550.0,vicente luque,jalin turner
353,0.8372084,0.16279161,0,0,1,2018-10-06,,,,,,,ryan laflare,anthony rocco martin
354,0.30164778,0.6983522,1,0,0,2018-10-06,165.0,-215.0,190.0,-250.0,205.0,-230.0,gray maynard,nik lentz
355,0.8144669,0.1855331,0,0,1,2018-10-06,,,,,,,lina lansberg,yana santos
356,0.45503664,0.54496336,1,1,1,2018-10-06,175.0,-245.0,250.0,-333.0,265.0,-315.0,scott holtzman,alan patrick
357,0.32058632,0.6794137,1,1,1,2018-10-06,-265.0,185.0,-189.0,160.0,-185.0,162.0,aspen ladd,tonya evinger
358,0.66003174,0.33996826,0,1,0,2018-10-06,,,,,,,michelle waterson gomez,felice herrig
359,0.32783377,0.6721662,1,0,0,2018-10-06,-185.0,145.0,-190.0,162.0,-189.0,165.0,sergio pettis,jussier formiga
360,0.2603613,0.7396387,1,1,1,2018-10-06,145.0,-185.0,135.0,-175.0,150.0,-155.0,derrick lewis,alexander volkov
361,0.47241414,0.52758586,1,0,0,2018-10-06,125.0,-165.0,190.0,-250.0,200.0,-225.0,ovince st preux,dominick reyes
362,0.39157057,0.60842943,1,1,1,2018-10-06,-265.0,185.0,-400.0,280.0,-340.0,300.0,tony ferguson,anthony pettis
363,0.6480777,0.3519223,0,1,0,2018-10-06,-245.0,175.0,-194.0,162.0,-189.0,169.0,khabib nurmagomedov,conor mcgregor
364,0.50545967,0.49454033,0,0,1,2018-10-27,-130.0,-110.0,-139.0,100.0,-120.0,110.0,nordine taleb,sean strickland
365,0.45081043,0.54918957,1,1,1,2018-10-27,-175.0,135.0,-161.0,130.0,-160.0,140.0,arjan bhullar,marcelo golm
366,0.2774384,0.7225616,1,0,0,2018-10-27,225.0,-305.0,-556.0,360.0,-450.0,400.0,te edwards,don madge
367,0.83561206,0.16438797,0,0,1,2018-10-27,-285.0,205.0,-172.0,140.0,-170.0,150.0,sarah moras,talita bernardo
368,0.3308692,0.6691308,1,1,1,2018-10-27,-245.0,175.0,-227.0,170.0,-200.0,187.0,calvin kattar,chris fishgold
369,0.40202248,0.5979775,1,0,0,2018-10-27,250.0,-350.0,550.0,-1000.0,600.0,-750.0,thibault gouti,nasrat haqparast
370,0.28245008,0.7175499,1,1,1,2018-10-27,-215.0,165.0,-172.0,140.0,-160.0,140.0,stevie ray,jessin ayari
371,0.50550073,0.49449927,0,0,1,2018-10-27,-175.0,135.0,-250.0,200.0,-240.0,205.0,alex garcia,court mcgee
372,0.38555205,0.61444795,1,1,1,2018-10-27,-245.0,175.0,-161.0,120.0,-140.0,130.0,andre soukhamthath,jonathan martinez
373,0.68889844,0.3111016,0,1,0,2018-10-27,-265.0,185.0,-357.0,275.0,-345.0,285.0,misha cirkunov,patrick cummins
374,0.39171195,0.60828805,1,1,1,2018-10-27,-300.0,220.0,-700.0,445.0,-575.0,500.0,michael johnson,artem lobov
375,0.3245294,0.6754706,1,1,1,2018-10-27,-300.0,220.0,-250.0,185.0,-220.0,200.0,gian villante,ed herman
376,0.40194917,0.59805083,1,0,0,2018-10-27,-210.0,160.0,-175.0,137.0,-157.0,150.0,volkan oezdemir,anthony smith
377,0.62479806,0.37520194,0,2,0,2018-11-03,205.0,-285.0,190.0,-278.0,225.0,-225.0,matt frevola,lando vannata
378,0.7845785,0.21542151,0,1,0,2018-11-03,-300.0,220.0,-420.0,250.0,-333.0,350.0,shane burgos,kurt holobaugh
379,0.13404804,0.86595196,1,0,0,2018-11-03,,,,,,,adam wieczorek,marcos rogerio de lima
380,0.61341286,0.38658714,0,1,0,2018-11-03,-380.0,260.0,-625.0,450.0,-600.0,450.0,sijara eubanks,roxanne modafferi
381,0.4084096,0.5915904,1,0,0,2018-11-03,-165.0,125.0,-278.0,215.0,-255.0,233.0,julio arce,sheymon moraes
382,0.3140484,0.6859516,1,1,1,2018-11-03,-350.0,250.0,-714.0,465.0,-615.0,500.0,lyman good,ben saunders
383,0.15967816,0.84032184,1,0,0,2018-11-03,-230.0,170.0,-357.0,240.0,-280.0,275.0,jason knight,jordan rinaldi
384,0.2695346,0.7304654,1,0,0,2018-11-03,180.0,-260.0,225.0,-290.0,245.0,-275.0,derek brunson,israel adesanya
385,0.5688089,0.43119112,0,1,0,2018-11-03,145.0,-185.0,-357.0,265.0,-325.0,275.0,karl roberson,jack marshman
386,0.2754193,0.7245807,1,0,0,2018-11-03,-300.0,220.0,-333.0,250.0,-310.0,265.0,david branch,jared cannonier
387,0.2267344,0.7732656,1,0,0,2018-11-03,,,,,,,chris weidman,jacare souza
388,0.2188189,0.7811811,1,1,1,2018-11-03,-800.0,575.0,-460.0,315.0,-380.0,360.0,daniel cormier,derrick lewis
389,0.17719233,0.82280767,1,1,1,2018-11-10,125.0,-165.0,-161.0,120.0,-140.0,130.0,ashley yoder,amanda cooper
390,0.36707252,0.6329275,1,1,1,2018-11-10,-185.0,145.0,-278.0,190.0,-230.0,225.0,mark de la rosa,joby sanchez
391,0.43329173,0.56670827,1,0,0,2018-11-10,100.0,-140.0,120.0,-145.0,125.0,-143.0,joseph morales,eric shelton
392,0.33073223,0.6692678,1,1,1,2018-11-10,-120.0,-120.0,-240.0,187.0,-227.0,210.0,devonte smith,julian erosa
393,0.44571942,0.5542806,1,1,1,2018-11-10,-445.0,315.0,-1000.0,550.0,-1000.0,675.0,davi ramos,john gunther
394,0.8664073,0.13359272,0,2,0,2018-11-10,-245.0,175.0,100.0,-130.0,110.0,-120.0,chas skelly,bobby moffett
395,0.54677814,0.45322186,0,1,0,2018-11-10,,,,,,,michael trizano,luis pena
396,0.26518595,0.73481405,1,0,0,2018-11-10,135.0,-175.0,170.0,-220.0,182.0,-200.0,raquel pennington,germaine de randamie
397,0.3964501,0.6035499,1,1,1,2018-11-10,-130.0,-110.0,165.0,-213.0,175.0,-190.0,donald cerrone,mike perry
398,0.54343987,0.45656013,0,0,1,2018-11-10,-300.0,220.0,110.0,-139.0,112.0,-130.0,chan sung jung,yair rodriguez
399,0.4751861,0.5248139,1,1,1,2018-11-10,-190.0,150.0,-172.0,133.0,-153.0,140.0,beneil dariush,thiago moises
400,0.44160944,0.55839056,1,1,1,2018-11-10,-260.0,180.0,-470.0,350.0,-455.0,375.0,maycee barber,hannah cifers
401,0.09785056,0.90214944,1,0,0,2018-11-17,-260.0,180.0,-278.0,185.0,-220.0,225.0,humberto bandenay,austin arnett
402,0.361453,0.638547,1,1,1,2018-11-17,-300.0,220.0,-420.0,300.0,-385.0,335.0,nad narimani,anderson dos santos
403,0.49611592,0.5038841,1,0,0,2018-11-17,145.0,-185.0,187.0,-240.0,205.0,-227.0,devin powell,jesus pinedo
404,0.8235245,0.17647552,0,1,0,2018-11-17,-320.0,240.0,100.0,-139.0,110.0,-120.0,laureano staropoli,hector aldana
405,0.5682367,0.43176326,0,1,0,2018-11-17,-400.0,280.0,-145.0,120.0,-143.0,125.0,michel prazeres,bartosz fabinski
406,0.27924848,0.7207515,1,1,1,2018-11-17,,,,,,,alexandre pantoja,yuta sasaki
407,0.6951599,0.3048401,0,0,1,2018-11-17,-215.0,165.0,-189.0,154.0,-179.0,162.0,cezar ferreira,ian heinisch
408,0.5899863,0.41001368,0,0,1,2018-11-17,180.0,-260.0,250.0,-333.0,260.0,-300.0,guido cannetti,marlon vera
409,0.5413399,0.45866013,0,0,1,2018-11-17,,,,,,,khalil rountree jr,johnny walker
410,0.3136965,0.6863035,1,1,1,2018-11-17,-195.0,155.0,-185.0,150.0,-175.0,160.0,ricardo lamas,darren elkins
411,0.32029688,0.6797031,1,0,0,2018-11-17,-210.0,160.0,175.0,-227.0,187.0,-210.0,neil magny,santiago ponzinibbio
412,0.47947115,0.52052885,1,1,1,2018-11-17,-165.0,125.0,150.0,-180.0,155.0,-170.0,cynthia calvillo,poliana botelho
413,0.7810536,0.21894638,0,0,1,2018-11-24,255.0,-365.0,140.0,-189.0,162.0,-160.0,sumudaerji,louis smolka
414,0.102332056,0.89766794,1,1,1,2018-11-24,-270.0,190.0,-600.0,400.0,-556.0,450.0,kevin holland,john phillips
415,0.68511635,0.31488365,0,1,0,2018-11-24,,,,,,,yan xiaonan,syuri kondo
416,0.4948212,0.5051788,1,1,1,2018-11-24,-285.0,205.0,-200.0,150.0,-170.0,170.0,pingyuan liu,martin day
417,0.36956382,0.6304362,1,1,1,2018-11-24,,,,,,,zhang weili,jessica aguilar
418,0.2864653,0.7135347,1,0,0,2018-11-24,175.0,-245.0,-125.0,-111.0,-111.0,105.0,hu yaozong,rashad coulter
419,0.6990017,0.30099827,0,0,1,2018-11-24,,,,,,,song kenan,alex morono
420,0.10517615,0.89482385,1,1,1,2018-11-24,-215.0,165.0,-220.0,162.0,-189.0,180.0,li jingliang,david zawada
421,0.7845128,0.21548717,0,1,0,2018-11-24,,,,,,,song yadong,vince morales
422,0.40893316,0.59106684,1,1,1,2018-11-24,,,,,,,alistair overeem,sergei pavlovich
423,0.7903181,0.20968191,0,0,1,2018-11-24,115.0,-155.0,-250.0,200.0,-240.0,205.0,curtis blaydes,francis ngannou
424,0.5913309,0.40866914,0,1,0,2018-11-24,260.0,-380.0,285.0,-400.0,300.0,-350.0,wu yanan,lauren mueller
425,0.5484842,0.4515158,0,1,0,2018-11-30,-195.0,155.0,100.0,-127.0,107.0,-120.0,joseph benavidez,alex perez
426,0.16111386,0.83888614,1,1,1,2018-11-30,-185.0,145.0,-400.0,280.0,-340.0,300.0,tim means,ricky rainey
427,0.5176122,0.4823878,0,0,1,2018-11-30,,,,,,,ricky glenn,kevin aguilar
428,0.35205448,0.6479455,1,0,0,2018-11-30,,,,,,,julija stoliarenko,leah letson
429,0.6437774,0.35622266,0,1,0,2018-11-30,-185.0,145.0,-143.0,113.0,-133.0,120.0,maurice greene,michel batista
430,0.5785807,0.42141932,0,1,0,2018-11-30,-245.0,175.0,-556.0,385.0,-500.0,425.0,raoni barcelos,chris gutierrez
431,0.6965711,0.3034289,0,1,0,2018-11-30,-185.0,145.0,-340.0,250.0,-333.0,280.0,roosevelt roberts,darrell horcher
432,0.7283032,0.2716968,0,0,1,2018-11-30,-110.0,-130.0,-111.0,-120.0,100.0,-111.0,darren stewart,edmen shahbazyan
433,0.48890734,0.51109266,1,1,1,2018-11-30,195.0,-275.0,-333.0,245.0,-290.0,250.0,pedro munhoz,bryan caraway
434,0.86631495,0.13368504,0,0,1,2018-11-30,-215.0,165.0,-115.0,-111.0,-110.0,-105.0,pannie kianzad,macy chiasson
435,0.75582236,0.24417765,0,1,0,2018-11-30,130.0,-170.0,-180.0,150.0,-175.0,155.0,juan espino,justin frazier
436,0.566684,0.433316,0,0,1,2018-11-30,165.0,-215.0,250.0,-333.0,270.0,-315.0,rafael dos anjos,kamaru usman
437,0.3848654,0.6151346,1,0,0,2018-11-30,265.0,-385.0,225.0,-303.0,240.0,-265.0,ji yeon kim,antonina shevchenko
438,0.61423916,0.38576084,0,1,0,2018-12-01,,,,,,,jimmy crute,paul craig
439,0.61156,0.38843998,0,0,1,2018-12-01,255.0,-365.0,270.0,-370.0,310.0,-320.0,mizuto hirota,christos giagos
440,0.42699087,0.57300913,1,1,1,2018-12-01,-195.0,155.0,-172.0,128.0,-148.0,140.0,keita nakamura,salim touahri
441,0.24433589,0.7556641,1,1,1,2018-12-01,-150.0,110.0,125.0,-161.0,130.0,-145.0,wilson reis,ben nguyen
442,0.35345805,0.64654195,1,0,0,2018-12-01,,,,,,,yushin okami,aleksei kunchenko
443,0.6206323,0.3793677,0,0,1,2018-12-01,255.0,-365.0,300.0,-400.0,330.0,-360.0,elias garcia,kai kara france
444,0.41435707,0.58564293,1,0,0,2018-12-01,265.0,-385.0,450.0,-625.0,450.0,-600.0,suman mokhtarian,sodiq yusuff
445,0.5982725,0.4017275,0,0,1,2018-12-01,-155.0,115.0,-115.0,-111.0,-110.0,-105.0,mark hunt,justin willis
446,0.5033797,0.49662027,0,1,0,2018-12-01,160.0,-210.0,400.0,-556.0,420.0,-525.0,mauricio rua,tyson pedro
447,0.81305534,0.18694466,0,1,0,2018-12-01,-135.0,-105.0,-161.0,127.0,-147.0,140.0,junior dos santos,tai tuivasa
448,0.22710586,0.77289414,1,0,0,2018-12-01,-105.0,-135.0,-152.0,125.0,-150.0,131.0,jake matthews,anthony rocco martin
449,0.31506348,0.6849365,1,0,0,2018-12-01,285.0,-405.0,400.0,-556.0,425.0,-550.0,alex gorgees,damir ismagulov
450,0.40160775,0.59839225,1,0,0,2018-12-08,280.0,-400.0,400.0,-625.0,435.0,-550.0,devin clark,aleksandar rakic
451,0.3046019,0.6953981,1,1,1,2018-12-08,-425.0,305.0,-556.0,400.0,-530.0,425.0,diego ferreira,kyle nelson
452,0.3187307,0.6812693,1,0,0,2018-12-08,-285.0,205.0,-400.0,300.0,-400.0,330.0,chad laprise,dhiego lima
453,0.18469942,0.8153006,1,1,1,2018-12-08,-215.0,165.0,-175.0,135.0,-155.0,150.0,brad katona,matthew lopez
454,0.23833132,0.7616687,1,1,1,2018-12-08,125.0,-165.0,-161.0,105.0,-125.0,130.0,elias theodorou,eryk anders
455,0.09689307,0.9031069,1,0,0,2018-12-08,-105.0,-135.0,-161.0,109.0,-129.0,130.0,olivier aubin mercier,gilbert burns
456,0.68199694,0.3180031,0,1,0,2018-12-08,-180.0,140.0,-200.0,162.0,-189.0,170.0,hakeem dawodu,kyle bochniak
457,0.4836473,0.5163527,1,0,0,2018-12-08,145.0,-185.0,160.0,-190.0,165.0,-185.0,jimi manuwa,thiago santos
458,0.42740947,0.57259053,1,0,0,2018-12-08,-120.0,-120.0,125.0,-155.0,135.0,-145.0,alex oliveira,gunnar nelson
459,0.4159873,0.5840127,1,1,1,2018-12-08,-300.0,250.0,-333.0,250.0,-300.0,275.0,valentina shevchenko,joanna jedrzejczyk
460,0.484403,0.515597,1,1,1,2018-12-08,-140.0,120.0,-111.0,-120.0,100.0,-110.0,max holloway,brian ortega
461,0.0698145,0.9301855,1,0,0,2018-12-08,,,,,,,katlyn cerminara,jessica eye
462,0.5523073,0.4476927,0,0,1,2018-12-08,-380.0,260.0,-333.0,240.0,-280.0,255.0,claudia gadelha,nina nunes
463,0.48777896,0.51222104,1,1,1,2018-12-15,-185.0,145.0,-175.0,145.0,-165.0,150.0,dan ige,jordan griffin
464,0.3926474,0.6073526,1,0,0,2018-12-15,145.0,-185.0,255.0,-357.0,275.0,-305.0,trevor smith,zak cummings
465,0.66494167,0.3350583,0,0,1,2018-12-15,-155.0,115.0,-125.0,-105.0,-115.0,101.0,jared gordon,joaquim silva
466,0.30977964,0.69022036,1,0,0,2018-12-15,185.0,-265.0,375.0,-500.0,380.0,-470.0,chris de la rocha,juan adams
467,0.15861869,0.8413813,1,0,0,2018-12-15,145.0,-185.0,130.0,-161.0,133.0,-150.0,gerald meerschaert,jack hermansson
468,0.75503206,0.24496797,0,0,1,2018-12-15,-215.0,165.0,-143.0,-115.0,-105.0,120.0,adam milstead,mike rodriguez
469,0.5334959,0.4665041,0,0,1,2018-12-15,,,,,,,king green,drakkar klose
470,0.2863189,0.7136811,1,0,0,2018-12-15,175.0,-245.0,250.0,-333.0,270.0,-310.0,jim miller,charles oliveira
471,0.17952752,0.8204725,1,1,1,2018-12-15,135.0,-175.0,-165.0,130.0,-161.0,145.0,rob font,sergio pettis
472,0.6173961,0.38260385,0,0,1,2018-12-15,-275.0,195.0,-400.0,275.0,-335.0,300.0,kevin lee,al iaquinta
473,0.4269526,0.5730474,1,1,1,2018-12-15,-105.0,-135.0,-105.0,-125.0,100.0,-115.0,edson barboza,dan hooker
474,0.6721134,0.32788655,0,1,0,2018-12-15,225.0,-305.0,230.0,-303.0,240.0,-270.0,zak ottow,dwight grant
475,0.8205426,0.1794574,0,0,1,2018-12-29,125.0,-145.0,140.0,-180.0,155.0,-172.0,brian kelleher,montel jackson
476,0.16903734,0.83096266,1,1,1,2018-12-29,-200.0,170.0,-164.0,130.0,-150.0,137.0,curtis millender,siyar bahadurzada
477,0.37986696,0.62013304,1,1,1,2018-12-29,105.0,-125.0,130.0,-170.0,150.0,-161.0,uriah hall,bevon lewis
478,0.24710447,0.75289553,1,1,1,2018-12-29,-110.0,-110.0,-129.0,100.0,-120.0,109.0,nathaniel wood,andre ewell
479,0.3944589,0.6055411,1,0,0,2018-12-29,165.0,-190.0,365.0,-500.0,380.0,-460.0,bj penn,ryan hall
480,0.3907724,0.6092276,1,0,0,2018-12-29,110.0,-130.0,275.0,-357.0,290.0,-335.0,douglas silva de andrade,petr yan
481,0.40751576,0.59248424,1,0,0,2018-12-29,-110.0,-110.0,-139.0,110.0,-130.0,120.0,cat zingano,megan anderson
482,0.40362608,0.5963739,1,2,0,2018-12-29,150.0,-175.0,180.0,-227.0,187.0,-210.0,andrei arlovski,walt harris
483,0.31279022,0.6872098,1,0,0,2018-12-29,,,,,,,chad mendes,alexander volkanovski
484,0.5190258,0.48097417,0,0,1,2018-12-29,-110.0,-110.0,-139.0,110.0,-130.0,110.0,ilir latifi,corey anderson
485,0.66405857,0.3359414,0,0,1,2018-12-29,105.0,-125.0,-120.0,-125.0,100.0,100.0,carlos condit,michael chiesa
486,0.82209134,0.17790863,0,0,1,2018-12-29,-280.0,200.0,-213.0,170.0,-195.0,175.0,cristiane justino,amanda nunes
487,0.17286682,0.8271332,1,1,1,2018-12-29,-200.0,170.0,-333.0,245.0,-290.0,250.0,jon jones,alexander gustafsson
488,0.59132063,0.40867934,0,0,1,2019-01-19,-130.0,-110.0,-220.0,170.0,-200.0,180.0,alexander hernandez,donald cerrone
489,0.28898388,0.7110161,1,0,0,2019-01-19,115.0,-155.0,162.0,-227.0,170.0,-200.0,belal muhammad,geoff neal
490,0.31403434,0.68596566,1,1,1,2019-01-19,-170.0,130.0,-108.0,-139.0,110.0,-112.0,dennis bermudez,te edwards
491,0.30379468,0.6962053,1,1,1,2019-01-19,-475.0,325.0,-625.0,380.0,-500.0,475.0,cory sandhagen,mario bautista
492,0.533072,0.46692804,0,1,0,2019-01-19,-275.0,195.0,-300.0,200.0,-250.0,250.0,alonzo menifield,vinicius moreira
493,0.357436,0.642564,1,1,1,2019-01-19,,,,,,,joanne wood,ariane da silva
494,0.21836323,0.7816368,1,0,0,2019-01-19,-215.0,165.0,-165.0,130.0,-160.0,145.0,kyle stewart,chance rencountre
495,0.548096,0.451904,0,1,0,2019-01-19,-105.0,-115.0,-113.0,-111.0,-110.0,-107.0,glover teixeira,karl roberson
496,0.3173952,0.6826048,1,1,1,2019-01-19,-210.0,160.0,-184.0,150.0,-175.0,159.0,paige vanzant,rachael ostovich
497,0.20360613,0.7963939,1,1,1,2019-01-19,-380.0,260.0,-240.0,187.0,-227.0,200.0,joseph benavidez,dustin ortiz
498,0.58081734,0.41918266,0,1,0,2019-01-19,-230.0,170.0,-556.0,375.0,-470.0,400.0,gregor gillespie,yancy medeiros
499,0.4546334,0.5453666,1,0,0,2019-01-19,-245.0,175.0,-556.0,360.0,-450.0,400.0,greg hardy,allen crowder
500,0.63705134,0.36294863,0,1,0,2019-01-19,135.0,-175.0,185.0,-240.0,205.0,-225.0,henry cejudo,tj dillashaw
501,0.16809183,0.83190817,1,1,1,2019-02-02,175.0,-245.0,115.0,-161.0,130.0,-135.0,markus perez,anthony hernandez
502,0.44352418,0.5564758,1,0,0,2019-02-02,145.0,-185.0,-170.0,125.0,-152.0,150.0,ricardo ramos,said nurmagomedov
503,0.5001342,0.49986577,0,1,0,2019-02-02,-135.0,-105.0,-139.0,100.0,-125.0,119.0,geraldo de freitas,felipe colares
504,0.30081493,0.6991851,1,0,0,2019-02-02,100.0,-140.0,-146.0,100.0,-125.0,126.0,junior albini,jairzinho rozenstruik
505,0.20364183,0.79635817,1,1,1,2019-02-02,170.0,-230.0,155.0,-200.0,170.0,-180.0,thiago alves,max griffin
506,0.40948367,0.5905163,1,1,1,2019-02-02,160.0,-210.0,162.0,-225.0,190.0,-189.0,mara romero borella,taila santos
507,0.20253402,0.797466,1,0,0,2019-02-02,-405.0,285.0,-400.0,245.0,-290.0,300.0,bibulatov magomed,rogerio bontorin
508,0.5108655,0.4891345,0,1,0,2019-02-02,,,,,,,livinha souza,sarah frota
509,0.527088,0.472912,0,1,0,2019-02-02,-400.0,280.0,-235.0,175.0,-213.0,195.0,johnny walker,justin ledet
510,0.28044033,0.71955967,1,1,1,2019-02-02,-145.0,105.0,-125.0,100.0,-120.0,100.0,charles oliveira,david teymur
511,0.37571478,0.6242852,1,1,1,2019-02-02,-155.0,115.0,-200.0,162.0,-189.0,170.0,demian maia,lyman good
512,0.553987,0.446013,0,0,1,2019-02-02,165.0,-215.0,125.0,-158.0,138.0,-150.0,raphael assuncao,marlon moraes
513,0.75809747,0.24190253,0,1,0,2019-02-02,-120.0,-120.0,-110.0,-125.0,100.0,-110.0,jose aldo,renato moicano
514,0.2678423,0.7321577,1,1,1,2019-02-09,-275.0,195.0,-400.0,300.0,-380.0,320.0,shane young,austin arnett
515,0.5071317,0.49286827,0,0,1,2019-02-09,,,,,,,wulijiburen,jonathan martinez
516,0.55373394,0.44626608,0,0,1,2019-02-09,220.0,-300.0,182.0,-250.0,200.0,-212.0,callan potter,jalin turner
517,0.25413644,0.74586356,1,0,0,2019-02-09,225.0,-305.0,285.0,-400.0,300.0,-350.0,teruto ishihara,kyung ho kang
518,0.20077777,0.79922223,1,1,1,2019-02-09,-245.0,175.0,-278.0,200.0,-235.0,225.0,kai kara france,raulian paiva
519,0.24521267,0.7547873,1,1,1,2019-02-09,-230.0,170.0,-300.0,225.0,-270.0,250.0,devonte smith,dong hyun ma
520,0.22301501,0.776985,1,1,1,2019-02-09,-120.0,-120.0,-250.0,200.0,-235.0,210.0,montana de la rosa,nadia kassem
521,0.45664918,0.5433508,1,0,0,2019-02-09,-175.0,135.0,-115.0,-111.0,-110.0,-105.0,rani yahya,ricky simon
522,0.17871094,0.82128906,1,1,1,2019-02-09,,,,,,,lando vannata,marcos mariano
523,0.34775484,0.65224516,1,1,1,2019-02-09,-400.0,280.0,-556.0,400.0,-515.0,415.0,israel adesanya,anderson silva
524,0.13700777,0.8629922,1,1,1,2019-02-09,,,,,,,jimmy crute,sam alvey
525,0.43304348,0.5669565,1,0,0,2019-02-17,225.0,-305.0,150.0,-200.0,170.0,-175.0,benito lopez,manny bermudez
526,0.58953655,0.41046345,0,0,1,2019-02-17,,,,,,,aleksandra albu,emily whitmire
527,0.2031939,0.7968061,1,0,0,2019-02-17,100.0,-140.0,130.0,-161.0,131.0,-150.0,renan barao,luke sanders
528,0.45234996,0.54765004,1,0,0,2019-02-17,-175.0,135.0,-175.0,135.0,-155.0,150.0,scott holtzman,nik lentz
529,0.55920064,0.44079936,0,0,1,2019-02-17,165.0,-215.0,150.0,-185.0,160.0,-175.0,ashlee evans smith,andrea lee
530,0.6539502,0.34604982,0,0,1,2019-02-17,-265.0,185.0,-139.0,115.0,-135.0,120.0,jimmie rivera,aljamain sterling
531,0.75112796,0.24887203,0,1,0,2019-02-17,155.0,-195.0,110.0,-150.0,130.0,-139.0,andre fili,myles jury
532,0.45131564,0.54868436,1,1,1,2019-02-17,-385.0,265.0,-470.0,350.0,-450.0,375.0,vicente luque,bryan barberena
533,0.7887405,0.21125945,0,0,1,2019-02-17,205.0,-285.0,270.0,-357.0,295.0,-330.0,cortney casey,cynthia calvillo
534,0.35399675,0.64600325,1,0,0,2019-02-17,135.0,-175.0,-125.0,-110.0,-110.0,100.0,james vick,paul felder
535,0.2612418,0.7387582,1,1,1,2019-02-17,130.0,-170.0,170.0,-210.0,175.0,-195.0,francis ngannou,cain velasquez
536,0.5473882,0.45261183,0,0,1,2019-02-17,205.0,-285.0,240.0,-303.0,248.0,-288.0,alex caceres,kron gracie
537,0.30521238,0.6947876,1,0,0,2019-02-23,-125.0,105.0,-140.0,110.0,-133.0,120.0,rustam khabilov,diego ferreira
538,0.42485744,0.57514256,1,0,0,2019-02-23,-240.0,205.0,-470.0,350.0,-450.0,375.0,michel prazeres,ismail naurdiev
539,0.5040062,0.4959938,0,1,0,2019-02-23,100.0,-120.0,-144.0,100.0,-125.0,124.0,damir hadzovic,marco polo reyes
540,0.065342486,0.9346575,1,0,0,2019-02-23,,,,,,,veronica hardy,gillian robertson
541,0.117224395,0.8827756,1,0,0,2019-02-23,-130.0,110.0,200.0,-260.0,220.0,-245.0,daniel teymur,chris fishgold
542,0.62651527,0.3734847,0,1,0,2019-02-23,125.0,-145.0,130.0,-170.0,145.0,-160.0,dwight grant,carlo pedersoli jr
543,0.60544467,0.39455533,0,1,0,2019-02-23,-110.0,-110.0,-333.0,250.0,-305.0,265.0,damir ismagulov,joel alvarez
544,0.33714724,0.66285276,1,0,0,2019-02-23,175.0,-205.0,220.0,-333.0,250.0,-260.0,john dodson,petr yan
545,0.6427789,0.35722113,0,1,0,2019-02-23,-110.0,-110.0,-155.0,125.0,-152.0,135.0,liz carmouche,lucie pudilova
546,0.11960417,0.8803958,1,0,0,2019-02-23,165.0,-190.0,175.0,-220.0,180.0,-210.0,gian villante,michal oleksiejczuk
547,0.90935796,0.090642035,0,1,0,2019-02-23,-110.0,-110.0,-115.0,-111.0,-111.0,-105.0,stefan struve,marcos rogerio de lima
548,0.6567875,0.34321246,0,0,1,2019-02-23,120.0,-140.0,100.0,-130.0,110.0,-125.0,jan blachowicz,thiago santos
549,0.6457852,0.35421482,0,1,0,2019-02-23,,,,,,,magomed ankalaev,klidson abreu
550,0.35372996,0.64627004,1,0,0,2019-03-02,220.0,-300.0,225.0,-330.0,270.0,-278.0,jeremy stephens,zabit magomedsharipov
551,0.5732801,0.42671987,0,0,1,2019-03-02,220.0,-300.0,400.0,-556.0,415.0,-515.0,gina mazany,macy chiasson
552,0.3638972,0.6361028,1,1,1,2019-03-02,-145.0,105.0,-161.0,125.0,-145.0,130.0,edmen shahbazyan,charles byrd
553,0.4137603,0.5862397,1,1,1,2019-03-02,160.0,-210.0,200.0,-252.0,212.0,-240.0,diego sanchez,mickey gall
554,0.61571324,0.3842868,0,1,0,2019-03-02,-155.0,115.0,-185.0,150.0,-170.0,160.0,cody stamann,alejandro perez
555,0.72116053,0.2788395,0,0,1,2019-03-02,165.0,-215.0,130.0,-180.0,155.0,-161.0,misha cirkunov,johnny walker
556,0.7849337,0.21506628,0,0,1,2019-03-02,-350.0,250.0,-289.0,225.0,-278.0,249.0,polyana viana,hannah cifers
557,0.0863722,0.9136278,1,0,0,2019-03-02,,,,,,,tecia pennington,zhang weili
558,0.16635728,0.8336427,1,0,0,2019-03-02,145.0,-185.0,225.0,-280.0,240.0,-270.0,robbie lawler,ben askren
559,0.074664,0.925336,1,0,0,2019-03-02,-145.0,105.0,-200.0,165.0,-190.0,170.0,tyron woodley,kamaru usman
560,0.29347384,0.70652616,1,1,1,2019-03-02,-900.0,600.0,-800.0,450.0,-714.0,550.0,jon jones,anthony smith
561,0.43674064,0.56325936,1,0,0,2019-03-02,-185.0,145.0,-178.0,140.0,-160.0,153.0,cody garbrandt,pedro munhoz
562,0.71787,0.28213,0,1,0,2019-03-09,-185.0,145.0,-200.0,150.0,-175.0,170.0,grant dawson,julian erosa
563,0.35433543,0.6456646,1,1,1,2019-03-09,-210.0,160.0,-240.0,180.0,-222.0,200.0,anthony rocco martin,sergio moraes
564,0.8183074,0.18169259,0,1,0,2019-03-09,-190.0,150.0,-189.0,155.0,-175.0,162.0,alex morono,zak ottow
565,0.67115724,0.3288428,0,0,1,2019-03-09,-210.0,160.0,-138.0,100.0,-125.0,118.0,louis smolka,matt schnell
566,0.17648482,0.8235152,1,1,1,2019-03-09,110.0,-150.0,180.0,-260.0,220.0,-222.0,maurice greene,jeff hughes
567,0.34855777,0.6514422,1,0,0,2019-03-09,,,,,,,marion reneau,yana santos
568,0.19801134,0.80198866,1,1,1,2019-03-09,-185.0,145.0,-227.0,180.0,-220.0,187.0,beneil dariush,drew dober
569,0.7173832,0.2826168,0,0,1,2019-03-09,170.0,-230.0,132.0,-164.0,137.0,-152.0,tim boetsch,omari akhmedov
570,0.44604635,0.55395365,1,1,1,2019-03-09,-130.0,-110.0,100.0,-128.0,108.0,-120.0,blagoy ivanov,ben rothwell
571,0.28750277,0.71249723,1,0,0,2019-03-09,-115.0,-125.0,-213.0,165.0,-190.0,175.0,tim means,niko price
572,0.39453048,0.6054695,1,1,1,2019-03-09,-115.0,-125.0,100.0,-139.0,110.0,-120.0,elizeu zaleski dos santos,curtis millender
573,0.2736876,0.7263124,1,0,0,2019-03-09,105.0,-145.0,180.0,-240.0,200.0,-222.0,derrick lewis,junior dos santos
574,0.93420756,0.06579241,0,1,0,2019-03-09,-175.0,135.0,-152.0,115.0,-135.0,125.0,alex white,dan moret
575,0.6015567,0.39844328,0,1,0,2019-03-16,-290.0,210.0,-151.0,110.0,-138.0,131.0,arnold allen,jordan rinaldi
576,0.46509457,0.53490543,1,1,1,2019-03-16,175.0,-245.0,115.0,-340.0,310.0,-135.0,mike grundy,nad narimani
577,0.20674306,0.79325694,1,1,1,2019-03-16,-145.0,105.0,-189.0,155.0,-175.0,162.0,molly mccann,priscila cachoeira
578,0.10231972,0.8976803,1,0,0,2019-03-16,-135.0,-105.0,117.0,-152.0,130.0,-137.0,danny henry,dan ige
579,0.26420283,0.73579717,1,0,0,2019-03-16,-215.0,165.0,-170.0,130.0,-160.0,150.0,nicolae negumereanu,saparbeg safarov
580,0.46333867,0.5366613,1,1,1,2019-03-16,185.0,-265.0,155.0,-190.0,165.0,-180.0,marc diakiese,joe duffy
581,0.5759747,0.4240253,0,1,0,2019-03-16,-175.0,135.0,-160.0,111.0,-131.0,130.0,jack marshman,john phillips
582,0.31086826,0.68913174,1,1,1,2019-03-16,-265.0,185.0,-365.0,250.0,-300.0,300.0,nathaniel wood,jose quinonez
583,0.70668256,0.29331744,0,0,1,2019-03-16,165.0,-215.0,200.0,-265.0,225.0,-250.0,volkan oezdemir,dominick reyes
584,0.14590639,0.8540936,1,1,1,2019-03-16,-130.0,-110.0,-150.0,120.0,-140.0,126.0,leon edwards,gunnar nelson
585,0.1760847,0.8239153,1,0,0,2019-03-16,-245.0,175.0,-225.0,185.0,-223.0,188.0,darren till,jorge masvidal
586,0.79884815,0.20115188,0,0,1,2019-03-16,140.0,-180.0,125.0,-160.0,130.0,-145.0,danny roberts,claudio silva
587,0.3498369,0.6501631,1,0,0,2019-03-23,-165.0,125.0,260.0,-335.0,275.0,-320.0,ryan macdonald,chris gutierrez
588,0.27036065,0.72963935,1,0,0,2019-03-23,-230.0,170.0,-146.0,125.0,-145.0,126.0,alexis davis,jennifer maia
589,0.27590424,0.72409576,1,1,1,2019-03-23,-245.0,175.0,-175.0,150.0,-170.0,150.0,marlon vera,frankie saenz
590,0.2534383,0.7465617,1,1,1,2019-03-23,-265.0,185.0,-280.0,235.0,-275.0,240.0,maycee barber,jj aldrich
591,0.31547457,0.68452543,1,1,1,2019-03-23,-110.0,-130.0,132.0,-155.0,135.0,-152.0,randa markos,angela hill
592,0.55356073,0.4464393,0,0,1,2019-03-23,-150.0,110.0,-140.0,110.0,-130.0,120.0,eric shelton,jordan espinosa
593,0.81971204,0.18028796,0,1,0,2019-03-23,145.0,-185.0,130.0,-155.0,135.0,-150.0,bryce mitchell,bobby moffett
594,0.35425615,0.64574385,1,1,1,2019-03-23,-230.0,170.0,-230.0,185.0,-225.0,195.0,luis pena,steven peterson
595,0.2741173,0.7258827,1,1,1,2019-03-23,-215.0,165.0,-310.0,250.0,-300.0,260.0,john makdessi,jesus pinedo
596,0.85741186,0.14258811,0,1,0,2019-03-23,-245.0,175.0,-275.0,200.0,-250.0,235.0,curtis blaydes,justin willis
597,0.3506614,0.6493386,1,0,0,2019-03-23,-285.0,205.0,-430.0,300.0,-400.0,345.0,stephen thompson,anthony pettis
598,0.43912858,0.5608714,1,1,1,2019-03-23,135.0,-175.0,130.0,-170.0,150.0,-160.0,jussier formiga,deiveson figueiredo
599,0.3403839,0.6596161,1,1,1,2019-03-30,-335.0,245.0,-360.0,275.0,-350.0,295.0,marina rodriguez,jessica aguilar
600,0.4742872,0.5257128,1,1,1,2019-03-30,-185.0,145.0,-390.0,275.0,-357.0,328.0,alex perez,mark de la rosa
601,0.15335876,0.84664124,1,0,0,2019-03-30,-175.0,135.0,-172.0,140.0,-160.0,145.0,sabina mazo,maryna moroz
602,0.22896701,0.771033,1,0,0,2019-03-30,-350.0,250.0,-278.0,190.0,-230.0,225.0,ray borg,casey kenney
603,0.6435187,0.35648134,0,1,0,2019-03-30,-265.0,185.0,-225.0,180.0,-210.0,185.0,kevin holland,gerald meerschaert
604,0.77631897,0.22368103,0,0,1,2019-03-30,125.0,-165.0,-139.0,105.0,-125.0,113.0,enrique barzola,kevin aguilar
605,0.6542207,0.34577927,0,0,1,2019-03-30,255.0,-365.0,350.0,-600.0,450.0,-455.0,ross pearson,desmond green
606,0.7644507,0.23554929,0,0,1,2019-03-30,-215.0,165.0,-195.0,150.0,-175.0,170.0,kennedy nzechukwu,paul craig
607,0.25067198,0.749328,1,1,1,2019-03-30,-135.0,-105.0,-152.0,125.0,-145.0,125.0,sodiq yusuff,sheymon moraes
608,0.7762555,0.22374454,0,0,1,2019-03-30,,,,,,,karolina kowalkiewicz,michelle waterson gomez
609,0.36065972,0.6393403,1,1,1,2019-03-30,-140.0,100.0,120.0,-164.0,130.0,-145.0,josh emmett,michael johnson
610,0.6241178,0.3758822,0,0,1,2019-03-30,-120.0,-120.0,110.0,-170.0,145.0,-139.0,david branch,jack hermansson
611,0.59417045,0.40582952,0,0,1,2019-03-30,-135.0,-105.0,-125.0,100.0,-120.0,102.0,edson barboza,justin gaethje
612,0.2502964,0.7497036,1,0,0,2019-04-13,175.0,-245.0,130.0,-170.0,150.0,-161.0,wilson reis,alexandre pantoja
613,0.7606393,0.2393607,0,0,1,2019-04-13,125.0,-165.0,142.0,-175.0,150.0,-162.0,lauren mueller,poliana botelho
614,0.30996853,0.69003147,1,1,1,2019-04-13,250.0,-350.0,-600.0,400.0,-556.0,450.0,montel jackson,andre soukhamthath
615,0.22180885,0.77819115,1,0,0,2019-04-13,-175.0,135.0,125.0,-155.0,135.0,-148.0,curtis millender,belal muhammad
616,0.12394494,0.87605506,1,0,0,2019-04-13,-150.0,110.0,-175.0,120.0,-152.0,155.0,boston salmon,khalid taha
617,0.096556306,0.9034437,1,1,1,2019-04-13,165.0,-215.0,100.0,-130.0,110.0,-125.0,max griffin,zelim imadaev
618,0.40468228,0.5953177,1,1,1,2019-04-13,-105.0,-135.0,-200.0,150.0,-175.0,170.0,brandon davis,randy costa
619,0.4766168,0.5233832,1,0,0,2019-04-13,-165.0,125.0,-165.0,125.0,-147.0,145.0,jalin turner,matt frevola
620,0.015436411,0.9845636,1,0,0,2019-04-13,-155.0,115.0,100.0,-130.0,110.0,-125.0,alan jouban,dwight grant
621,0.26795626,0.73204374,1,0,0,2019-04-13,,,,,,,eryk anders,khalil rountree jr
622,0.80819476,0.19180521,0,0,1,2019-04-13,185.0,-220.0,150.0,-178.0,153.0,-170.0,kelvin gastelum,israel adesanya
623,0.24264562,0.7573544,1,0,0,2019-04-13,-155.0,115.0,100.0,-138.0,118.0,-125.0,ovince st preux,nikita krylov
624,0.313277,0.686723,1,0,0,2019-04-13,-230.0,170.0,-227.0,180.0,-220.0,190.0,max holloway,dustin poirier
625,0.5984019,0.4015981,0,1,0,2019-04-20,-305.0,225.0,-455.0,340.0,-410.0,350.0,movsar evloev,seungwoo choi
626,0.4308933,0.5691067,1,1,1,2019-04-20,-180.0,140.0,112.0,-152.0,125.0,-132.0,magomed mustafaev,rafael fiziev
627,0.24139363,0.7586064,1,0,0,2019-04-20,-185.0,145.0,-143.0,109.0,-129.0,120.0,marcin tybura,shamil abdurakhimov
628,0.38839293,0.6116071,1,1,1,2019-04-20,-130.0,-110.0,-152.0,117.0,-137.0,130.0,alexander yakovlev,alex da silva
629,0.43404245,0.56595755,1,1,1,2019-04-20,-130.0,-110.0,-125.0,-110.0,-110.0,100.0,sultan aliev,keita nakamura
630,0.11109966,0.88890034,1,0,0,2019-04-20,130.0,-170.0,175.0,-220.0,185.0,-213.0,gadzhimurad antigulov,michal oleksiejczuk
631,0.3797804,0.6202196,1,1,1,2019-04-20,-130.0,-110.0,-235.0,160.0,-189.0,200.0,krzysztof jotko,alen amedovski
632,0.6135165,0.3864835,0,1,0,2019-04-20,265.0,-385.0,240.0,-330.0,270.0,-303.0,roxanne modafferi,antonina shevchenko
633,0.42279673,0.5772033,1,1,1,2019-04-20,-300.0,220.0,-300.0,225.0,-277.0,250.0,sergei pavlovich,marcelo golm
634,0.42585146,0.57414854,1,1,1,2019-04-20,-475.0,325.0,-360.0,260.0,-320.0,295.0,islam makhachev,arman tsarukyan
635,0.4514675,0.5485325,1,1,1,2019-04-20,-245.0,175.0,-250.0,195.0,-230.0,205.0,alistair overeem,aleksei oleinik
636,0.6702169,0.32978308,0,0,1,2019-04-27,-185.0,145.0,-172.0,130.0,-150.0,145.0,court mcgee,dhiego lima
637,0.5493034,0.45069656,0,0,1,2019-04-27,125.0,-165.0,175.0,-240.0,205.0,-213.0,ben saunders,takashi sato
638,0.80073285,0.19926716,0,1,0,2019-04-27,-210.0,160.0,-625.0,420.0,-550.0,455.0,angela hill,jodie esquibel
639,0.7472309,0.2527691,0,1,0,2019-04-27,-155.0,115.0,-139.0,104.0,-115.0,110.0,jim miller,jason gonzalez
640,0.5418975,0.45810252,0,1,0,2019-04-27,-270.0,190.0,-255.0,200.0,-245.0,215.0,gilbert burns,mike davis
641,0.3593707,0.6406293,1,1,1,2019-04-27,-145.0,125.0,-136.0,-111.0,-111.0,116.0,carla esparza,virna jandiroba
642,0.45341182,0.5465882,1,0,0,2019-04-27,,,,,,,jacare souza,jack hermansson
643,0.38036668,0.6196333,1,1,1,2019-04-27,-245.0,175.0,-475.0,350.0,-455.0,375.0,roosevelt roberts,thomas gifford
644,0.46063906,0.53936094,1,0,0,2019-04-27,-245.0,175.0,-155.0,125.0,-152.0,135.0,john lineker,cory sandhagen
645,0.50193477,0.4980652,0,1,0,2019-04-27,-105.0,-135.0,-125.0,100.0,-120.0,105.0,glover teixeira,ion cutelaba
646,0.14765322,0.8523468,1,0,0,2019-04-27,-175.0,135.0,-172.0,140.0,-160.0,145.0,alex oliveira,mike perry
647,0.25307631,0.7469237,1,1,1,2019-04-27,-265.0,185.0,-333.0,245.0,-290.0,250.0,greg hardy,dmitrii smoliakov
648,0.45802158,0.5419784,1,0,0,2019-04-27,-110.0,-130.0,130.0,-165.0,145.0,-161.0,andrei arlovski,augusto sakai
649,0.6661974,0.33380258,0,1,0,2019-05-04,-105.0,-135.0,-475.0,335.0,-420.0,375.0,nordine taleb,kyle prepolec
650,0.4121111,0.5878889,1,0,0,2019-05-04,-155.0,115.0,140.0,-172.0,144.0,-160.0,marc andre barriault,andrew sanchez
651,0.33027267,0.6697273,1,0,0,2019-05-04,-140.0,100.0,-125.0,100.0,-120.0,102.0,mitch gagnon,cole smith
652,0.35830003,0.64169997,1,1,1,2019-05-04,-110.0,-130.0,110.0,-146.0,126.0,-135.0,arjan bhullar,juan adams
653,0.7931243,0.20687567,0,0,1,2019-05-04,-105.0,-135.0,156.0,-213.0,175.0,-181.0,kyle nelson,matt sayles
654,0.14322317,0.85677683,1,0,0,2019-05-04,-215.0,165.0,-190.0,150.0,-175.0,165.0,aiemann zahabi,vince morales
655,0.4500196,0.5499804,1,1,1,2019-05-04,-300.0,220.0,-700.0,450.0,-625.0,525.0,macy chiasson,sarah moras
656,0.75565886,0.2443411,0,0,1,2019-05-04,-230.0,170.0,138.0,-172.0,140.0,-158.0,brad katona,merab dvalishvili
657,0.06356883,0.93643117,1,0,0,2019-05-04,-175.0,135.0,140.0,-185.0,160.0,-172.0,cub swanson,shane burgos
658,0.25076807,0.74923193,1,1,1,2019-05-04,-120.0,-120.0,-111.0,-115.0,-105.0,-110.0,derek brunson,elias theodorou
659,0.7080061,0.29199392,0,0,1,2019-05-04,-135.0,-105.0,-139.0,110.0,-130.0,110.0,al iaquinta,donald cerrone
660,0.3666833,0.6333167,1,1,1,2019-05-04,,,,,,,walt harris,serghei spivac
661,0.08268958,0.9173104,1,0,0,2019-05-11,-265.0,205.0,-285.0,240.0,-280.0,245.0,talita bernardo,viviane araujo
662,0.2690109,0.7309891,1,1,1,2019-05-11,,,,,,,raoni barcelos,carlos huachin
663,0.34154356,0.65845644,1,1,1,2019-05-11,250.0,-300.0,-175.0,150.0,-170.0,150.0,luana carolina,priscila cachoeira
664,0.0890913,0.9109087,1,0,0,2019-05-11,330.0,-400.0,475.0,-750.0,525.0,-650.0,bj penn,clay guida
665,0.4096409,0.5903591,1,1,1,2019-05-11,-160.0,140.0,-152.0,111.0,-131.0,125.0,warlley alves,sergio moraes
666,0.4888733,0.5111267,1,1,1,2019-05-11,-150.0,125.0,-135.0,100.0,-125.0,115.0,thiago moises,kurt holobaugh
667,0.9394451,0.060554948,0,1,0,2019-05-11,-175.0,150.0,-400.0,300.0,-375.0,325.0,irene aldana,bethe correia
668,0.21297276,0.78702724,1,0,0,2019-05-11,-185.0,145.0,-128.0,100.0,-125.0,108.0,thiago alves,laureano staropoli
669,0.6376366,0.3623634,0,0,1,2019-05-11,,,,,,,jose aldo,alexander volkanovski
670,0.6843801,0.3156199,0,1,0,2019-05-11,-150.0,110.0,-135.0,100.0,-125.0,115.0,jared cannonier,anderson silva
671,0.13904285,0.86095715,1,0,0,2019-05-11,100.0,-120.0,120.0,-152.0,130.0,-140.0,rose namajunas,jessica andrade
672,0.7159436,0.28405645,0,0,1,2019-05-11,165.0,-190.0,105.0,-140.0,120.0,-125.0,rogerio nogueira,ryan spann
673,0.24777329,0.7522267,1,0,0,2019-05-18,-210.0,160.0,-250.0,200.0,-250.0,210.0,danny roberts,michel pereira
674,0.49670434,0.50329566,1,1,1,2019-05-18,-400.0,280.0,-833.0,550.0,-800.0,575.0,julio arce,julian erosa
675,0.23674154,0.76325846,1,1,1,2019-05-18,-105.0,-135.0,140.0,-200.0,170.0,-172.0,zak cummings,trevin giles
676,0.37956643,0.62043357,1,0,0,2019-05-18,-265.0,185.0,-270.0,200.0,-250.0,230.0,patrick cummins,ed herman
677,0.4045328,0.5954672,1,0,0,2019-05-18,,,,,,,michael trizano,grant dawson
678,0.14850688,0.8514931,1,1,1,2019-05-18,-260.0,180.0,-900.0,550.0,-833.0,600.0,desmond green,charles jourdain
679,0.26842868,0.7315713,1,1,1,2019-05-18,-305.0,225.0,-333.0,220.0,-260.0,250.0,aspen ladd,sijara eubanks
680,0.39176404,0.60823596,1,1,1,2019-05-18,-230.0,170.0,-555.0,380.0,-500.0,425.0,davi ramos,austin hubbard
681,0.2242316,0.7757684,1,1,1,2019-05-18,-305.0,225.0,-420.0,300.0,-380.0,335.0,charles oliveira,nik lentz
682,0.53744286,0.46255714,0,1,0,2019-05-18,-515.0,345.0,-1250.0,700.0,-1100.0,775.0,vicente luque,derrick krantz
683,0.21694684,0.78305316,1,0,0,2019-05-18,-165.0,125.0,-220.0,175.0,-213.0,185.0,megan anderson,felicia spencer
684,0.38327348,0.6167265,1,1,1,2019-05-18,-105.0,-135.0,120.0,-155.0,135.0,-143.0,rafael dos anjos,kevin lee
685,0.7186786,0.28132144,0,0,1,2019-05-18,-230.0,170.0,-172.0,140.0,-160.0,145.0,antonio carlos junior,ian heinisch
686,0.61374336,0.38625664,0,1,0,2019-06-01,-135.0,-105.0,-117.0,-115.0,-105.0,-103.0,joel alvarez,danilo belluardo
687,0.14514303,0.85485697,1,0,0,2019-06-01,-265.0,185.0,-125.0,-111.0,-110.0,105.0,darko stosic,devin clark
688,0.70143294,0.29856703,0,1,0,2019-06-01,125.0,-165.0,-125.0,100.0,-123.0,105.0,bea malecki,duda santana
689,0.30092025,0.69907975,1,0,0,2019-06-01,-180.0,140.0,100.0,-130.0,110.0,-125.0,nick hein,frank camacho
690,0.23327982,0.7667202,1,0,0,2019-06-01,155.0,-195.0,130.0,-175.0,150.0,-150.0,stevie ray,leonardo santos
691,0.096337855,0.90366215,1,0,0,2019-06-01,-175.0,135.0,-400.0,250.0,-333.0,330.0,tonya evinger,lina lansberg
692,0.3618827,0.6381173,1,0,0,2019-06-01,135.0,-175.0,125.0,-164.0,137.0,-145.0,rostem akman,sergey khandozhko
693,0.21803397,0.78196603,1,1,1,2019-06-01,155.0,-195.0,108.0,-152.0,125.0,-128.0,daniel teymur,sung bin jo
694,0.37841547,0.62158453,1,0,0,2019-06-01,-275.0,195.0,-172.0,133.0,-153.0,145.0,damir hadzovic,christos giagos
695,0.40819633,0.59180367,1,1,1,2019-06-01,105.0,-145.0,-130.0,100.0,-125.0,110.0,makwan amirkhani,chris fishgold
696,0.17927414,0.82072586,1,0,0,2019-06-01,-245.0,175.0,-335.0,250.0,-320.0,275.0,alexander gustafsson,anthony smith
697,0.2592175,0.7407825,1,0,0,2019-06-01,205.0,-285.0,187.0,-260.0,220.0,-227.0,jimi manuwa,aleksandar rakic
698,0.45011723,0.54988277,1,1,1,2019-06-08,-115.0,-125.0,-172.0,140.0,-160.0,145.0,aljamain sterling,pedro munhoz
699,0.5008854,0.49911457,0,1,0,2019-06-08,,,,,,,katlyn cerminara,joanne wood
700,0.15142715,0.84857285,1,1,1,2019-06-08,-145.0,105.0,-161.0,130.0,-155.0,141.0,eddie wineland,grigory popov
701,0.32964247,0.6703575,1,0,0,2019-06-08,-155.0,115.0,-180.0,150.0,-170.0,155.0,bevon lewis,darren stewart
702,0.5140636,0.48593643,0,1,0,2019-06-08,,,,,,,yan xiaonan,angela hill
703,0.30924928,0.6907507,1,0,0,2019-06-08,-195.0,155.0,-106.0,-125.0,105.0,-114.0,karolina kowalkiewicz,alexa grasso
704,0.3311994,0.6688006,1,1,1,2019-06-08,-515.0,345.0,-800.0,500.0,-714.0,575.0,tatiana suarez,nina nunes
705,0.38750392,0.6124961,1,0,0,2019-06-08,-165.0,125.0,-172.0,140.0,-160.0,140.0,tai tuivasa,blagoy ivanov
706,0.54916394,0.45083603,0,0,1,2019-06-08,165.0,-215.0,275.0,-360.0,300.0,-340.0,jimmie rivera,petr yan
707,0.24527931,0.7547207,1,1,1,2019-06-08,-245.0,175.0,-220.0,175.0,-210.0,185.0,tony ferguson,donald cerrone
708,0.39196122,0.6080388,1,1,1,2019-06-08,-1250.0,825.0,-1500.0,700.0,-1100.0,800.0,valentina shevchenko,jessica eye
709,0.6586682,0.34133178,0,1,0,2019-06-08,150.0,-175.0,136.0,-165.0,145.0,-156.0,henry cejudo,marlon moraes
710,0.37418604,0.62581396,1,0,0,2019-06-08,125.0,-165.0,137.0,-175.0,155.0,-164.0,ricardo lamas,calvin kattar
711,0.4882437,0.5117563,1,0,0,2019-06-22,185.0,-265.0,295.0,-400.0,315.0,-360.0,matt wiman,luis pena
712,0.21156573,0.78843427,1,1,1,2019-06-22,-320.0,240.0,-360.0,250.0,-333.0,300.0,deron winn,eric spicely
713,0.6425413,0.35745874,0,1,0,2019-06-22,135.0,-175.0,120.0,-145.0,125.0,-140.0,dan ige,kevin aguilar
714,0.26794708,0.7320529,1,0,0,2019-06-22,135.0,-175.0,190.0,-250.0,200.0,-230.0,allen crowder,jairzinho rozenstruik
715,0.14988196,0.85011804,1,1,1,2019-06-22,-105.0,-135.0,-143.0,100.0,-125.0,123.0,ashley yoder,syuri kondo
716,0.12699866,0.87300134,1,0,0,2019-06-22,,,,,,,ariane da silva,molly mccann
717,0.37702882,0.6229712,1,1,1,2019-06-22,-195.0,155.0,-230.0,184.0,-214.0,190.0,kevin holland,alessio di chirico
718,0.15622658,0.8437734,1,0,0,2019-06-22,-120.0,-120.0,-230.0,175.0,-213.0,195.0,renato moicano,chan sung jung
719,0.7473326,0.2526674,0,1,0,2019-06-22,-185.0,145.0,-185.0,150.0,-175.0,160.0,andrea lee,montana de la rosa
720,0.6668372,0.33316278,0,1,0,2019-06-22,-305.0,225.0,-140.0,100.0,-125.0,120.0,andre ewell,anderson dos santos
721,0.3828621,0.6171379,1,0,0,2019-06-22,-185.0,145.0,-250.0,195.0,-235.0,205.0,bryan barberena,randy brown
722,0.7720524,0.22794762,0,0,1,2019-06-29,-305.0,225.0,-195.0,155.0,-175.0,170.0,emily whitmire,amanda ribas
723,0.453983,0.546017,1,1,1,2019-06-29,-230.0,170.0,-500.0,300.0,-400.0,385.0,dalcha lungiambula,dequan townsend
724,0.65435976,0.34564024,0,1,0,2019-06-29,-275.0,195.0,-357.0,275.0,-350.0,290.0,jared gordon,dan moret
725,0.6118667,0.38813326,0,1,0,2019-06-29,-245.0,175.0,-357.0,240.0,-280.0,275.0,eryk anders,vinicius moreira
726,0.21469963,0.7853004,1,1,1,2019-06-29,-305.0,225.0,-410.0,250.0,-333.0,340.0,ricardo ramos,journey newson
727,0.6853831,0.3146169,0,1,0,2019-06-29,-155.0,115.0,-125.0,-111.0,-111.0,105.0,maurice greene,junior albini
728,0.5480876,0.4519124,0,1,0,2019-06-29,-350.0,250.0,-450.0,275.0,-357.0,350.0,drew dober,marco polo reyes
729,0.7357289,0.26427108,0,0,1,2019-06-29,-215.0,165.0,-278.0,205.0,-245.0,235.0,roosevelt roberts,vinc pichel
730,0.78425944,0.21574055,0,1,0,2019-06-29,-195.0,155.0,-190.0,150.0,-175.0,165.0,demian maia,anthony rocco martin
731,0.26074326,0.73925674,1,0,0,2019-06-29,125.0,-165.0,105.0,-139.0,115.0,-125.0,jussier formiga,joseph benavidez
732,0.15557766,0.84442234,1,1,1,2019-06-29,-230.0,170.0,-227.0,175.0,-205.0,187.0,francis ngannou,junior dos santos
733,0.6785842,0.32141575,0,1,0,2019-06-29,-265.0,185.0,-370.0,225.0,-278.0,305.0,alonzo menifield,paul craig
734,0.46310538,0.5368946,1,0,0,2019-07-06,175.0,-245.0,260.0,-357.0,275.0,-320.0,gilbert melendez,arnold allen
735,0.63239074,0.36760926,0,0,1,2019-07-06,-305.0,225.0,-600.0,400.0,-556.0,450.0,ismail naurdiev,chance rencountre
736,0.35251915,0.64748085,1,1,1,2019-07-06,-380.0,260.0,-800.0,450.0,-570.0,575.0,edmen shahbazyan,jack marshman
737,0.832437,0.167563,0,0,1,2019-07-06,,,,,,,alejandro perez,song yadong
738,0.40156275,0.59843725,1,1,1,2019-07-06,-365.0,255.0,-227.0,170.0,-200.0,187.0,claudia gadelha,randa markos
739,0.1700905,0.8299095,1,1,1,2019-07-06,-325.0,250.0,-470.0,350.0,-455.0,375.0,marlon vera,nohelin hernandez
740,0.80536485,0.19463518,0,1,0,2019-07-06,-135.0,-105.0,-250.0,187.0,-227.0,210.0,julia avila,pannie kianzad
741,0.39650595,0.60349405,1,1,1,2019-07-06,165.0,-215.0,200.0,-278.0,225.0,-235.0,jan blachowicz,luke rockhold
742,0.7710776,0.22892241,0,1,0,2019-07-06,170.0,-230.0,168.0,-227.0,187.0,-193.0,jorge masvidal,ben askren
743,0.4040507,0.5959493,1,1,1,2019-07-06,-325.0,275.0,-400.0,300.0,-360.0,310.0,amanda nunes,holly holm
744,0.7807448,0.2192552,0,1,0,2019-07-06,-850.0,625.0,-670.0,400.0,-525.0,485.0,jon jones,thiago santos
745,0.43127632,0.5687237,1,0,0,2019-07-06,195.0,-275.0,315.0,-556.0,350.0,-380.0,diego sanchez,michael chiesa
746,0.203143,0.796857,1,0,0,2019-07-13,100.0,-140.0,-125.0,-115.0,-105.0,100.0,darren elkins,ryan hall
747,0.13541728,0.8645827,1,1,1,2019-07-13,-265.0,185.0,-105.0,-125.0,100.0,-105.0,benito lopez,vince morales
748,0.06724322,0.9327568,1,0,0,2019-07-13,,,,,,,livinha souza,brianna fortino
749,0.25555098,0.744449,1,0,0,2019-07-13,,,,,,,pingyuan liu,jonathan martinez
750,0.2468164,0.7531836,1,1,1,2019-07-13,-155.0,115.0,-250.0,170.0,-200.0,210.0,julianna pena,nicco montano
751,0.6539551,0.34604493,0,1,0,2019-07-13,-145.0,105.0,-160.0,125.0,-152.0,140.0,andre fili,sheymon moraes
752,0.6686283,0.33137172,0,1,0,2019-07-13,-170.0,130.0,-220.0,162.0,-189.0,180.0,marvin vettori,cezar ferreira
753,0.30946958,0.6905304,1,1,1,2019-07-13,145.0,-185.0,137.0,-170.0,150.0,-161.0,josh emmett,mirsad bektic
754,0.36704063,0.63295937,1,1,1,2019-07-13,155.0,-195.0,275.0,-357.0,320.0,-345.0,urijah faber,ricky simon
755,0.7615882,0.23841177,0,1,0,2019-07-13,-110.0,-130.0,-109.0,-139.0,110.0,-111.0,germaine de randamie,aspen ladd
756,0.5009793,0.49902067,0,1,0,2019-07-13,-155.0,115.0,-220.0,175.0,-210.0,180.0,karl roberson,wellington turman
757,0.54582477,0.45417526,0,2,0,2019-07-13,-385.0,265.0,-455.0,340.0,-425.0,350.0,mike rodriguez,john allan
758,0.29846156,0.70153844,1,0,0,2019-07-20,-275.0,195.0,-400.0,275.0,-357.0,325.0,domingo pilarte,felipe colares
759,0.18223214,0.81776786,1,1,1,2019-07-20,-130.0,-110.0,-125.0,-105.0,-115.0,100.0,alex caceres,steven peterson
760,0.48430467,0.51569533,1,1,1,2019-07-20,185.0,-265.0,-170.0,-189.0,150.0,145.0,mario bautista,jin soo son
761,0.43822885,0.56177115,1,0,0,2019-07-20,-110.0,-130.0,110.0,-143.0,120.0,-130.0,roxanne modafferi,jennifer maia
762,0.5942719,0.4057281,0,0,1,2019-07-20,110.0,-150.0,145.0,-175.0,150.0,-165.0,sam alvey,klidson abreu
763,0.25641358,0.7435864,1,1,1,2019-07-20,105.0,-145.0,113.0,-152.0,125.0,-133.0,raquel pennington,irene aldana
764,0.1942712,0.8057288,1,1,1,2019-07-20,-295.0,215.0,-189.0,140.0,-160.0,160.0,ray borg,gabriel silva
765,0.18733358,0.8126664,1,1,1,2019-07-20,165.0,-215.0,147.0,-189.0,162.0,-172.0,andrei arlovski,ben rothwell
766,0.19178653,0.8082135,1,1,1,2019-07-20,-175.0,135.0,-250.0,182.0,-212.0,210.0,alexander hernandez,francisco trinaldo
767,0.31776917,0.68223083,1,0,0,2019-07-20,145.0,-185.0,105.0,-143.0,120.0,-125.0,james vick,dan hooker
768,0.16132051,0.8386795,1,1,1,2019-07-20,115.0,-155.0,-114.0,-115.0,-105.0,-106.0,greg hardy,juan adams
769,0.33686018,0.6631398,1,0,0,2019-07-20,-105.0,-135.0,130.0,-164.0,137.0,-150.0,aleksei oleinik,walt harris
770,0.23415816,0.76584184,1,0,0,2019-07-20,-135.0,-105.0,-110.0,-125.0,104.0,-110.0,rafael dos anjos,leon edwards
771,0.48973823,0.5102618,1,1,1,2019-07-27,-350.0,250.0,-550.0,300.0,-400.0,420.0,hakeem dawodu,yoshinori horie
772,0.3928951,0.6071049,1,1,1,2019-07-27,115.0,-155.0,-140.0,-125.0,100.0,120.0,erik koch,kyle stewart
773,0.36267292,0.6373271,1,1,1,2019-07-27,-145.0,105.0,-152.0,110.0,-130.0,130.0,gillian robertson,sarah frota
774,0.36017585,0.63982415,1,0,0,2019-07-27,-135.0,-105.0,-140.0,100.0,-125.0,120.0,alexandre pantoja,deiveson figueiredo
775,0.6301624,0.36983758,0,1,0,2019-07-27,-215.0,165.0,100.0,-140.0,120.0,-125.0,gavin tucker,seungwoo choi
776,0.37871683,0.6212832,1,0,0,2019-07-27,225.0,-305.0,140.0,-172.0,145.0,-160.0,olivier aubin mercier,arman tsarukyan
777,0.52171844,0.47828156,0,0,1,2019-07-27,170.0,-230.0,145.0,-190.0,165.0,-165.0,marc andre barriault,krzysztof jotko
778,0.8839717,0.116028294,0,1,0,2019-07-27,-185.0,145.0,-357.0,275.0,-335.0,285.0,geoff neal,niko price
779,0.4925456,0.5074544,1,1,1,2019-07-27,-425.0,305.0,-500.0,315.0,-380.0,380.0,cristiane justino,felicia spencer
780,0.72366846,0.2763315,0,1,0,2019-07-27,-350.0,250.0,-357.0,270.0,-330.0,275.0,max holloway,frankie edgar
781,0.886089,0.113910995,0,0,1,2019-07-27,175.0,-245.0,146.0,-190.0,165.0,-171.0,alexis davis,viviane araujo
782,0.41314864,0.58685136,1,0,0,2019-08-03,-120.0,-120.0,-160.0,110.0,-139.0,145.0,jordan espinosa,matt schnell
783,0.27470922,0.7252908,1,1,1,2019-08-03,150.0,-190.0,175.0,-220.0,180.0,-205.0,lauren murphy,mara romero borella
784,0.66335773,0.33664224,0,1,0,2019-08-03,-230.0,170.0,-160.0,120.0,-143.0,140.0,antonina shevchenko,lucie pudilova
785,0.62107956,0.3789204,0,0,1,2019-08-03,-130.0,-110.0,-139.0,-103.0,-117.0,110.0,darko stosic,kennedy nzechukwu
786,0.629913,0.370087,0,1,0,2019-08-03,-400.0,280.0,-555.0,380.0,-500.0,425.0,claudio silva,cole williams
787,0.597419,0.402581,0,1,0,2019-08-03,-190.0,150.0,100.0,-125.0,100.0,-120.0,mickey gall,salim touahri
788,0.22928286,0.77071714,1,0,0,2019-08-03,-125.0,-115.0,-172.0,140.0,-170.0,150.0,trevin giles,gerald meerschaert
789,0.19590825,0.80409175,1,1,1,2019-08-03,-285.0,205.0,-455.0,320.0,-390.0,350.0,scott holtzman,dong hyun ma
790,0.48546612,0.5145339,1,0,0,2019-08-03,170.0,-230.0,270.0,-380.0,315.0,-330.0,joaquim silva,nasrat haqparast
791,0.2616797,0.7383203,1,1,1,2019-08-03,-185.0,145.0,-161.0,130.0,-140.0,133.0,jim miller,clay guida
792,0.3388059,0.6611941,1,1,1,2019-08-03,-175.0,135.0,-333.0,250.0,-300.0,255.0,colby covington,robbie lawler
793,0.16242194,0.83757806,1,1,1,2019-08-03,-110.0,-130.0,-110.0,-139.0,110.0,-110.0,miranda granger,hannah goldy
794,0.5351474,0.46485254,0,1,0,2019-08-10,,,,,,,veronica hardy,polyana viana
795,0.28195822,0.7180418,1,0,0,2019-08-10,,,,,,,kazula vargas,alex da silva
796,0.1789661,0.8210339,1,0,0,2019-08-10,150.0,-190.0,-177.0,125.0,-152.0,155.0,geraldo de freitas,chris gutierrez
797,0.8343229,0.16567704,0,1,0,2019-08-10,-135.0,-105.0,-111.0,-125.0,105.0,-111.0,rogerio bontorin,raulian paiva
798,0.4721794,0.5278206,1,0,0,2019-08-10,,,,,,,tecia pennington,marina rodriguez
799,0.24193394,0.75806606,1,1,1,2019-08-10,-380.0,260.0,-520.0,350.0,-455.0,405.0,ciryl gane,raphael pessoa
800,0.25963646,0.74036354,1,1,1,2019-08-10,140.0,-180.0,110.0,-140.0,120.0,-135.0,gilbert burns,aleksei kunchenko
801,0.7802207,0.21977931,0,1,0,2019-08-10,-230.0,170.0,-165.0,137.0,-164.0,145.0,enrique barzola,bobby moffett
802,0.5558784,0.44412157,0,1,0,2019-08-10,-300.0,220.0,-225.0,175.0,-210.0,185.0,rodolfo vieira,oskar piechota
803,0.5419034,0.45809662,0,1,0,2019-08-10,-165.0,125.0,-190.0,150.0,-175.0,165.0,volkan oezdemir,ilir latifi
804,0.9792039,0.02079613,0,1,0,2019-08-10,,,,,,,eduardo garagorri,humberto bandenay
805,0.26651835,0.73348165,1,1,1,2019-08-10,-195.0,155.0,-250.0,197.0,-232.0,210.0,vicente luque,mike perry
806,0.31830585,0.68169415,1,1,1,2019-08-10,-600.0,400.0,-1250.0,700.0,-1100.0,775.0,valentina shevchenko,liz carmouche
807,0.66431665,0.33568335,0,1,0,2019-08-17,-190.0,150.0,-145.0,110.0,-139.0,125.0,sabina mazo,shana dobson
808,0.59457767,0.40542233,0,1,0,2019-08-17,-185.0,145.0,-200.0,165.0,-190.0,170.0,kyung ho kang,brandon davis
809,0.24646258,0.7535374,1,1,1,2019-08-17,-230.0,170.0,-303.0,240.0,-280.0,245.0,hannah cifers,jodie esquibel
810,0.28121758,0.7187824,1,0,0,2019-08-17,-245.0,175.0,-172.0,140.0,-163.0,150.0,manny bermudez,casey kenney
811,0.6677098,0.3322902,0,0,1,2019-08-17,135.0,-175.0,145.0,-190.0,165.0,-170.0,christos giagos,drakkar klose
812,0.30897337,0.6910266,1,0,0,2019-08-17,105.0,-145.0,200.0,-260.0,220.0,-243.0,raphael assuncao,cory sandhagen
813,0.4270634,0.5729366,1,0,0,2019-08-17,-750.0,450.0,-1200.0,600.0,-1000.0,775.0,devonte smith,khama worthy
814,0.14999038,0.8500096,1,1,1,2019-08-17,165.0,-215.0,130.0,-161.0,140.0,-157.0,derek brunson,ian heinisch
815,0.7697837,0.23021632,0,0,1,2019-08-17,225.0,-305.0,235.0,-303.0,240.0,-275.0,gabriel benitez,sodiq yusuff
816,0.5578143,0.4421857,0,0,1,2019-08-17,-190.0,165.0,-165.0,130.0,-160.0,145.0,yoel romero,paulo costa
817,0.55193037,0.44806963,0,0,1,2019-08-17,100.0,-120.0,-139.0,100.0,-120.0,110.0,anthony pettis,nate diaz
818,0.6452495,0.35475048,0,0,1,2019-08-17,-150.0,130.0,-146.0,110.0,-139.0,126.0,daniel cormier,stipe miocic
819,0.34252292,0.6574771,1,0,0,2019-08-31,170.0,-230.0,120.0,-161.0,130.0,-140.0,junyong park,anthony hernandez
820,0.066556275,0.9334437,1,1,1,2019-08-31,125.0,-165.0,-125.0,-105.0,-115.0,100.0,karol rosa,lara procopio
821,0.2703184,0.7296816,1,1,1,2019-08-31,,,,,,,alatengheili,batgerel danaa
822,0.081727624,0.9182724,1,1,1,2019-08-31,-405.0,285.0,-220.0,175.0,-213.0,185.0,damir ismagulov,thiago moises
823,0.60961497,0.39038506,0,1,0,2019-08-31,,,,,,,da woon jung,khadis ibragimov
824,0.63135695,0.36864302,0,1,0,2019-08-31,,,,,,,sumudaerji,andre soukhamthath
825,0.46752083,0.53247917,1,0,0,2019-08-31,-135.0,-105.0,120.0,-180.0,155.0,-143.0,wu yanan,mizuki
826,0.5834574,0.4165426,0,1,0,2019-08-31,-135.0,-105.0,-110.0,-125.0,100.0,-110.0,song kenan,derrick krantz
827,0.91520035,0.08479962,0,1,0,2019-08-31,-320.0,240.0,-227.0,160.0,-185.0,187.0,kai kara france,mark de la rosa
828,0.72879773,0.27120227,0,1,0,2019-08-31,205.0,-285.0,215.0,-278.0,225.0,-255.0,li jingliang,elizeu zaleski dos santos
829,0.28555512,0.7144449,1,0,0,2019-08-31,,,,,,,jessica andrade,zhang weili
830,0.629022,0.37097803,0,2,0,2019-09-07,-565.0,375.0,-333.0,240.0,-280.0,250.0,zubaira tukhugov,lerone murphy
831,0.2183801,0.7816199,1,1,1,2019-09-07,-350.0,250.0,-192.0,140.0,-172.0,167.0,don madge,fares ziam
832,0.32553476,0.67446524,1,0,0,2019-09-07,155.0,-195.0,-131.0,100.0,-125.0,111.0,nordine taleb,muslim salikhov
833,0.39090592,0.6090941,1,1,1,2019-09-07,-230.0,170.0,-400.0,295.0,-370.0,320.0,belal muhammad,takashi sato
834,0.14946991,0.8505301,1,1,1,2019-09-07,-305.0,225.0,-200.0,165.0,-190.0,170.0,ottman azaitar,teemu packalen
835,0.3102919,0.6897081,1,0,0,2019-09-07,-215.0,165.0,-161.0,129.0,-149.0,135.0,liana jojua,sarah moras
836,0.20475543,0.7952446,1,0,0,2019-09-07,-385.0,265.0,-278.0,205.0,-245.0,225.0,mairbek taisumov,diego ferreira
837,0.61014926,0.38985077,0,1,0,2019-09-07,125.0,-165.0,180.0,-250.0,210.0,-222.0,joanne wood,andrea lee
838,0.42770386,0.57229614,1,1,1,2019-09-07,-275.0,195.0,-550.0,380.0,-500.0,425.0,curtis blaydes,shamil abdurakhimov
839,0.7547705,0.24522947,0,1,0,2019-09-07,-405.0,285.0,-400.0,300.0,-380.0,320.0,islam makhachev,davi ramos
840,0.91767514,0.08232487,0,0,1,2019-09-07,-175.0,135.0,-139.0,-102.0,-118.0,110.0,edson barboza,paul felder
841,0.8003174,0.19968261,0,1,0,2019-09-07,-240.0,205.0,-455.0,315.0,-400.0,350.0,khabib nurmagomedov,dustin poirier
842,0.03068459,0.9693154,1,1,1,2019-09-07,-185.0,145.0,-135.0,100.0,-125.0,115.0,omari akhmedov,zak cummings
843,0.5406765,0.4593235,0,0,1,2019-09-14,135.0,-175.0,110.0,-180.0,155.0,-135.0,cole smith,miles johns
844,0.6022649,0.39773515,0,1,0,2019-09-14,,,,,,,misha cirkunov,jimmy crute
845,0.15419447,0.8458055,1,1,1,2019-09-14,-230.0,170.0,-250.0,190.0,-227.0,200.0,louis smolka,ryan macdonald
846,0.5811484,0.4188516,0,1,0,2019-09-14,-130.0,-110.0,125.0,-165.0,145.0,-152.0,chas skelly,jordan griffin
847,0.2041452,0.7958548,1,0,0,2019-09-14,-185.0,145.0,-139.0,110.0,-130.0,115.0,brad katona,hunter azure
848,0.06002009,0.9399799,1,0,0,2019-09-14,-135.0,-105.0,100.0,-143.0,123.0,-125.0,marcin tybura,augusto sakai
849,0.73446476,0.2655352,0,0,1,2019-09-14,-320.0,240.0,-556.0,365.0,-460.0,400.0,michel pereira,tristan connelly
850,0.78570175,0.21429823,0,1,0,2019-09-14,155.0,-195.0,205.0,-278.0,230.0,-240.0,uriah hall,antonio carlos junior
851,0.25266218,0.7473378,1,0,0,2019-09-14,210.0,-250.0,150.0,-185.0,160.0,-175.0,donald cerrone,justin gaethje
852,0.45518243,0.54481757,1,0,0,2019-09-14,170.0,-230.0,110.0,-149.0,129.0,-139.0,kyle prepolec,austin hubbard
853,0.81756794,0.18243204,0,2,0,2019-09-14,-170.0,130.0,105.0,-139.0,110.0,-125.0,todd duffee,jeff hughes
854,0.16932017,0.83067983,1,1,1,2019-09-14,-130.0,-110.0,-115.0,-114.0,-106.0,-105.0,glover teixeira,nikita krylov
855,0.39010894,0.60989106,1,1,1,2019-09-21,-215.0,165.0,-400.0,240.0,-303.0,325.0,claudio puelles,marcos mariano
856,0.3050667,0.6949333,1,0,0,2019-09-21,-230.0,170.0,-333.0,240.0,-290.0,250.0,sijara eubanks,bethe correia
857,0.40704858,0.5929514,1,0,0,2019-09-21,120.0,-160.0,-111.0,-120.0,100.0,-111.0,vinicius moreira,paul craig
858,0.35738462,0.6426154,1,1,1,2019-09-21,-265.0,185.0,-357.0,250.0,-300.0,275.0,sergio pettis,tyson nam
859,0.578393,0.421607,0,0,1,2019-09-21,-120.0,-120.0,-111.0,-115.0,-105.0,-111.0,marco polo reyes,kyle nelson
860,0.2627858,0.7372142,1,0,0,2019-09-21,-150.0,110.0,-115.0,-125.0,100.0,-105.0,ariane carnelossi,angela hill
861,0.34528232,0.6547177,1,0,0,2019-09-21,-120.0,-120.0,-145.0,100.0,-125.0,125.0,martin bravo,steven peterson
862,0.29417253,0.7058275,1,1,1,2019-09-21,-475.0,325.0,-625.0,400.0,-525.0,450.0,irene aldana,vanessa melo
863,0.5597553,0.44024467,0,2,0,2019-09-21,135.0,-175.0,134.0,-172.0,140.0,-154.0,brandon moreno,askar askarov
864,0.89482546,0.105174564,0,1,0,2019-09-21,-105.0,-135.0,125.0,-164.0,137.0,-145.0,carla esparza,alexa grasso
865,0.60843027,0.3915697,0,2,0,2019-09-21,-165.0,125.0,-139.0,-103.0,-117.0,110.0,yair rodriguez,jeremy stephens
866,0.67416644,0.3258336,0,1,0,2019-09-21,-245.0,175.0,-170.0,130.0,-150.0,145.0,jose quinonez,carlos huachin
867,0.44763392,0.5523661,1,0,0,2019-09-28,130.0,-170.0,170.0,-230.0,190.0,-200.0,siyar bahadurzada,ismail naurdiev
868,0.7617623,0.23823768,0,0,1,2019-09-28,-190.0,150.0,-140.0,100.0,-120.0,120.0,alen amedovski,john phillips
869,0.24097443,0.7590256,1,1,1,2019-09-28,-135.0,-105.0,-175.0,143.0,-163.0,155.0,marc diakiese,lando vannata
870,0.26693046,0.73306954,1,0,0,2019-09-28,-380.0,260.0,-455.0,300.0,-400.0,350.0,macy chiasson,lina lansberg
871,0.28184247,0.71815753,1,0,0,2019-09-28,-180.0,140.0,-158.0,135.0,-155.0,138.0,brandon davis,giga chikadze
872,0.6744684,0.3255316,0,0,1,2019-09-28,-230.0,170.0,130.0,-165.0,145.0,-152.0,alessio di chirico,makhmud muradov
873,0.123161614,0.8768384,1,1,1,2019-09-28,-400.0,280.0,-667.0,410.0,-560.0,475.0,mark madsen,danilo belluardo
874,0.77594954,0.22405045,0,1,0,2019-09-28,145.0,-185.0,120.0,-155.0,135.0,-141.0,nicolas dalby,alex oliveira
875,0.3862883,0.6137117,1,0,0,2019-09-28,-210.0,160.0,-300.0,225.0,-278.0,250.0,michal oleksiejczuk,ovince st preux
876,0.49228323,0.5077168,1,1,1,2019-09-28,,,,,,,ion cutelaba,khalil rountree jr
877,0.7405679,0.25943205,0,0,1,2019-09-28,-130.0,-110.0,-113.0,-120.0,100.0,-107.0,gunnar nelson,gilbert burns
878,0.92996675,0.07003324,0,0,1,2019-09-28,-210.0,160.0,-275.0,220.0,-270.0,235.0,jack hermansson,jared cannonier
879,0.70800835,0.29199165,0,1,0,2019-09-28,-245.0,175.0,-235.0,180.0,-222.0,195.0,jack shore,nohelin hernandez
880,0.7391708,0.26082924,0,1,0,2019-10-05,-135.0,-105.0,-172.0,140.0,-161.0,147.0,brad riddell,jamie mullarkey
881,0.30740607,0.69259393,1,0,0,2019-10-05,-140.0,100.0,155.0,-180.0,155.0,-175.0,nadia kassem,ji yeon kim
882,0.1279695,0.8720305,1,1,1,2019-10-05,-265.0,185.0,-500.0,300.0,-385.0,385.0,jake matthews,rostem akman
883,0.18988645,0.81011355,1,1,1,2019-10-05,,,,,,,megan anderson,zarah fairn
884,0.7734199,0.22658007,0,1,0,2019-10-05,155.0,-195.0,310.0,-400.0,330.0,-400.0,callan potter,maki pitolo
885,0.8836457,0.11635428,0,0,1,2019-10-05,-185.0,160.0,-111.0,-130.0,110.0,-111.0,robert whittaker,israel adesanya
886,0.7254212,0.2745788,0,0,1,2019-10-05,130.0,-170.0,-120.0,-115.0,-105.0,100.0,justin tafa,yorgan de castro
887,0.45890725,0.54109275,1,2,0,2019-10-05,-265.0,185.0,-227.0,180.0,-210.0,185.0,khalid taha,bruno silva
888,0.6615658,0.3384342,0,0,1,2019-10-05,170.0,-230.0,118.0,-141.0,120.0,-138.0,luke jumeau,dhiego lima
889,0.13539422,0.8646058,1,0,0,2019-10-05,-130.0,-110.0,110.0,-135.0,115.0,-130.0,al iaquinta,dan hooker
890,0.32618475,0.67381525,1,0,0,2019-10-05,,,,,,,tai tuivasa,serghei spivac
891,0.34556293,0.65443707,1,1,1,2019-10-12,-210.0,160.0,-189.0,155.0,-175.0,162.0,deiveson figueiredo,tim elliott
892,0.33097702,0.669023,1,1,1,2019-10-12,-190.0,150.0,-305.0,240.0,-290.0,255.0,mike davis,thomas gifford
893,0.4667735,0.5332265,1,1,1,2019-10-12,-230.0,170.0,-172.0,130.0,-150.0,140.0,jj aldrich,lauren mueller
894,0.34876287,0.65123713,1,1,1,2019-10-12,-270.0,190.0,-400.0,300.0,-370.0,310.0,marvin vettori,andrew sanchez
895,0.12035847,0.87964153,1,1,1,2019-10-12,-230.0,170.0,-250.0,200.0,-242.0,210.0,miguel baeza,hector aldana
896,0.34609026,0.65390974,1,1,1,2019-10-12,-195.0,155.0,-152.0,118.0,-138.0,125.0,marlon vera,andre ewell
897,0.26541722,0.7345828,1,0,0,2019-10-12,-110.0,-130.0,-145.0,110.0,-130.0,125.0,max griffin,alex morono
898,0.17017078,0.8298292,1,1,1,2019-10-12,-215.0,165.0,-183.0,150.0,-175.0,158.0,ryan spann,devin clark
899,0.21328169,0.7867183,1,1,1,2019-10-12,125.0,-165.0,130.0,-161.0,136.0,-150.0,matt frevola,luis pena
900,0.5295218,0.47047818,0,0,1,2019-10-12,-245.0,175.0,-185.0,150.0,-175.0,160.0,mackenzie dern,amanda ribas
901,0.54690516,0.45309484,0,1,0,2019-10-12,-175.0,135.0,-160.0,125.0,-145.0,140.0,niko price,james vick
902,0.38592768,0.6140723,1,1,1,2019-10-12,185.0,-265.0,150.0,-189.0,162.0,-175.0,cub swanson,kron gracie
903,0.16623068,0.8337693,1,1,1,2019-10-12,,,,,,,joanna jedrzejczyk,michelle waterson gomez
904,0.3320638,0.6679362,1,1,1,2019-10-12,-150.0,110.0,-140.0,110.0,-137.0,120.0,eryk anders,gerald meerschaert
905,0.5974352,0.40256482,0,1,0,2019-10-18,-125.0,105.0,140.0,-185.0,160.0,-170.0,charles rosa,manny bermudez
906,0.11786258,0.8821374,1,0,0,2019-10-18,-225.0,190.0,110.0,-150.0,130.0,-139.0,daniel spitz,tanner boser
907,0.13460088,0.8653991,1,1,1,2019-10-18,170.0,-230.0,135.0,-172.0,140.0,-155.0,brendan allen,kevin holland
908,0.20886153,0.79113847,1,0,0,2019-10-18,185.0,-215.0,150.0,-189.0,162.0,-170.0,court mcgee,sean brady
909,0.79231596,0.20768407,0,1,0,2019-10-18,125.0,-165.0,125.0,-159.0,139.0,-150.0,randy costa,boston salmon
910,0.12800014,0.87199986,1,0,0,2019-10-18,-170.0,130.0,-115.0,-111.0,-110.0,-105.0,kyle bochniak,sean woodson
911,0.27492183,0.72507817,1,0,0,2019-10-18,115.0,-135.0,-139.0,-105.0,-115.0,110.0,deron winn,darren stewart
912,0.75661457,0.24338545,0,1,0,2019-10-18,-210.0,170.0,-170.0,125.0,-152.0,150.0,maycee barber,gillian robertson
913,0.17164505,0.82835495,1,1,1,2019-10-18,135.0,-155.0,150.0,-200.0,170.0,-175.0,joe lauzon,jonathan pearce
914,0.21627766,0.78372234,1,2,0,2019-10-18,-450.0,350.0,-400.0,275.0,-357.0,325.0,greg hardy,ben sosoli
915,0.6623802,0.33761975,0,1,0,2019-10-18,-110.0,-110.0,-140.0,100.0,-125.0,120.0,yair rodriguez,jeremy stephens
916,0.6954258,0.3045742,0,1,0,2019-10-18,-185.0,145.0,-200.0,160.0,-185.0,170.0,dominick reyes,chris weidman
917,0.21870816,0.78129184,1,1,1,2019-10-18,-195.0,170.0,-640.0,385.0,-500.0,470.0,molly mccann,diana belbita
918,0.31264186,0.68735814,1,1,1,2019-10-26,125.0,-165.0,200.0,-250.0,205.0,-240.0,raphael pessoa,jeff hughes
919,0.7309655,0.26903453,0,1,0,2019-10-26,,,,,,,loma lookboonmee,aleksandra albu
920,0.49536037,0.5046396,1,0,0,2019-10-26,175.0,-245.0,190.0,-250.0,200.0,-225.0,maurice greene,sergei pavlovich
921,0.6336086,0.36639145,0,0,1,2019-10-26,150.0,-190.0,170.0,-200.0,170.0,-195.0,enrique barzola,movsar evloev
922,0.6659774,0.33402258,0,0,1,2019-10-26,145.0,-185.0,155.0,-190.0,165.0,-180.0,alex white,rafael fiziev
923,0.52116156,0.4788384,0,1,0,2019-10-26,-215.0,165.0,-190.0,110.0,-139.0,165.0,randa markos,ashley yoder
924,0.26400208,0.7359979,1,1,1,2019-10-26,-230.0,170.0,-172.0,136.0,-156.0,145.0,muslim salikhov,laureano staropoli
925,0.43941247,0.5605875,1,1,1,2019-10-26,-350.0,250.0,-325.0,225.0,-278.0,265.0,ciryl gane,dontale mayes
926,0.094099045,0.90590096,1,0,0,2019-10-26,155.0,-195.0,150.0,-190.0,165.0,-175.0,frank camacho,beneil dariush
927,0.7323203,0.2676797,0,0,1,2019-10-26,-245.0,175.0,-275.0,200.0,-250.0,235.0,michael johnson,stevie ray
928,0.22412258,0.7758774,1,1,1,2019-10-26,125.0,-165.0,140.0,-172.0,140.0,-160.0,demian maia,ben askren
929,0.77034616,0.22965382,0,1,0,2019-11-02,155.0,-195.0,140.0,-182.0,157.0,-172.0,corey anderson,johnny walker
930,0.6301087,0.36989132,0,0,1,2019-11-02,125.0,-165.0,-110.0,-139.0,110.0,-110.0,julio arce,hakeem dawodu
931,0.53658545,0.46341458,0,1,0,2019-11-02,,,,,,,katlyn cerminara,jennifer maia
932,0.29735804,0.70264196,1,0,0,2019-11-02,130.0,-170.0,137.0,-164.0,140.0,-157.0,andrei arlovski,jairzinho rozenstruik
933,0.22166604,0.77833396,1,0,0,2019-11-02,175.0,-245.0,137.0,-185.0,160.0,-164.0,brad tavares,edmen shahbazyan
934,0.06256127,0.9374387,1,1,1,2019-11-02,-185.0,145.0,-250.0,180.0,-220.0,200.0,shane burgos,makwan amirkhani
935,0.5941019,0.40589806,0,1,0,2019-11-02,-110.0,-110.0,-155.0,125.0,-147.0,135.0,jorge masvidal,nate diaz
936,0.5539472,0.44605282,0,1,0,2019-11-02,-110.0,-130.0,137.0,-170.0,150.0,-164.0,kevin lee,gregor gillespie
937,0.4122395,0.5877605,1,1,1,2019-11-02,-170.0,130.0,-118.0,-111.0,-111.0,-102.0,derrick lewis,blagoy ivanov
938,0.7084755,0.29152456,0,1,0,2019-11-02,-135.0,-105.0,-120.0,-111.0,-111.0,100.0,stephen thompson,vicente luque
939,0.541872,0.458128,0,0,1,2019-11-02,-155.0,115.0,-227.0,165.0,-190.0,187.0,kelvin gastelum,darren till
940,0.36385632,0.6361437,1,1,1,2019-11-02,-120.0,-120.0,-125.0,-110.0,-110.0,100.0,lyman good,chance rencountre
941,0.15922487,0.84077513,1,0,0,2019-11-09,-190.0,150.0,-165.0,100.0,-125.0,145.0,roman kopylov,karl roberson
942,0.14441502,0.855585,1,1,1,2019-11-09,-175.0,135.0,-400.0,265.0,-315.0,300.0,magomed ankalaev,dalcha lungiambula
943,0.4155931,0.5844069,1,0,0,2019-11-09,-180.0,140.0,-115.0,-115.0,-105.0,-105.0,jessica rose clark,pannie kianzad
944,0.42763352,0.5723665,1,0,0,2019-11-09,125.0,-165.0,110.0,-139.0,115.0,-130.0,alexander yakovlev,roosevelt roberts
945,0.56971836,0.4302816,0,0,1,2019-11-09,-245.0,175.0,-333.0,220.0,-260.0,250.0,abubakar nurmagomedov,david zawada
946,0.41249543,0.58750457,1,1,1,2019-11-09,-210.0,160.0,-245.0,180.0,-222.0,210.0,rustam khabilov,sergey khandozhko
947,0.7736662,0.22633378,0,0,1,2019-11-09,-135.0,-105.0,-139.0,110.0,-130.0,115.0,ramazan emeev,anthony rocco martin
948,0.48636764,0.51363236,1,1,1,2019-11-09,-270.0,190.0,-145.0,109.0,-129.0,125.0,shamil gamzatov,klidson abreu
949,0.24614775,0.75385225,1,0,0,2019-11-09,-175.0,135.0,-235.0,170.0,-200.0,195.0,khadis ibragimov,ed herman
950,0.13500154,0.86499846,1,0,0,2019-11-09,-265.0,185.0,-250.0,200.0,-240.0,210.0,zelim imadaev,danny roberts
951,0.20556206,0.79443794,1,1,1,2019-11-09,-175.0,150.0,-333.0,230.0,-270.0,250.0,alexander volkov,greg hardy
952,0.16477668,0.8352233,1,1,1,2019-11-09,-270.0,190.0,-303.0,235.0,-275.0,245.0,zabit magomedsharipov,calvin kattar
953,0.34369195,0.65630805,1,0,0,2019-11-09,,,,,,,grigory popov,davey grant
954,0.21462178,0.7853782,1,0,0,2019-11-16,150.0,-190.0,165.0,-200.0,170.0,-190.0,sergio moraes,james krause
955,0.42093801,0.579062,1,0,0,2019-11-16,145.0,-185.0,175.0,-240.0,205.0,-213.0,vanessa melo,tracy cortez
956,0.1590125,0.8409875,1,1,1,2019-11-16,,,,,,,ariane da silva,isabela de padua
957,0.81781155,0.18218844,0,1,0,2019-11-16,-170.0,130.0,-278.0,190.0,-225.0,225.0,douglas silva de andrade,renan barao
958,0.26472217,0.73527783,1,0,0,2019-11-16,-180.0,140.0,-139.0,110.0,-130.0,115.0,warlley alves,randy brown
959,0.3683362,0.6316638,1,1,1,2019-11-16,,,,,,,francisco trinaldo,king green
960,0.32502067,0.6749793,1,1,1,2019-11-16,-215.0,165.0,-430.0,275.0,-357.0,345.0,ricardo ramos,eduardo garagorri
961,0.82949686,0.17050311,0,0,1,2019-11-16,-120.0,-120.0,100.0,-135.0,115.0,-125.0,antonio arroyo,andre muniz
962,0.14373523,0.85626477,1,1,1,2019-11-16,-335.0,245.0,-400.0,300.0,-385.0,320.0,charles oliveira,jared gordon
963,0.098149896,0.9018501,1,2,0,2019-11-16,-215.0,165.0,-250.0,180.0,-210.0,200.0,mauricio rua,paul craig
964,0.27911013,0.72088987,1,1,1,2019-11-16,,,,,,,jan blachowicz,jacare souza
965,0.28688645,0.71311355,1,0,0,2019-11-16,-260.0,180.0,125.0,-155.0,135.0,-152.0,markus perez,wellington turman
966,0.043131292,0.9568687,1,1,1,2019-12-07,-155.0,115.0,-278.0,185.0,-220.0,225.0,virna jandiroba,mallory martin
967,0.38009787,0.61990213,1,1,1,2019-12-07,-180.0,150.0,-400.0,300.0,-400.0,330.0,joe solecki,matt wiman
968,0.22329664,0.77670336,1,1,1,2019-12-07,-185.0,160.0,110.0,-140.0,120.0,-130.0,bryce mitchell,matt sayles
969,0.7731386,0.22686143,0,1,0,2019-12-07,,,,,,,aspen ladd,yana santos
970,0.23287392,0.7671261,1,0,0,2019-12-07,130.0,-160.0,215.0,-278.0,225.0,-255.0,thiago alves,tim means
971,0.2279911,0.7720089,1,1,1,2019-12-07,-260.0,200.0,-500.0,350.0,-450.0,400.0,makhmud muradov,trevor smith
972,0.7075825,0.29241756,0,2,0,2019-12-07,110.0,-140.0,-152.0,120.0,-140.0,130.0,marina rodriguez,cynthia calvillo
973,0.7334667,0.26653332,0,1,0,2019-12-07,-230.0,170.0,-357.0,255.0,-305.0,275.0,billy quarantillo,jacob kilburn
974,0.69389933,0.30610067,0,1,0,2019-12-07,-160.0,130.0,-161.0,112.0,-132.0,130.0,rob font,ricky simon
975,0.3460222,0.6539778,1,0,0,2019-12-07,115.0,-145.0,130.0,-161.0,130.0,-150.0,stefan struve,ben rothwell
976,0.20105338,0.7989466,1,2,0,2019-12-07,115.0,-145.0,180.0,-240.0,200.0,-222.0,cody stamann,song yadong
977,0.39534736,0.60465264,1,0,0,2019-12-07,-135.0,105.0,125.0,-152.0,130.0,-145.0,alistair overeem,jairzinho rozenstruik
978,0.85292536,0.14707462,0,0,1,2019-12-14,-245.0,195.0,-250.0,200.0,-240.0,205.0,ketlen vieira,irene aldana
979,0.55581695,0.44418305,0,1,0,2019-12-14,-145.0,115.0,-133.0,-111.0,-111.0,113.0,punahele soriano,oskar piechota
980,0.35065955,0.64934045,1,1,1,2019-12-14,160.0,-200.0,162.0,-225.0,185.0,-189.0,jessica eye,viviane araujo
981,0.4425168,0.5574832,1,1,1,2019-12-14,100.0,-130.0,137.0,-164.0,144.0,-160.0,brandon moreno,kai kara france
982,0.43191206,0.56808794,1,1,1,2019-12-14,-155.0,125.0,-165.0,125.0,-152.0,145.0,chase hooper,daniel teymur
983,0.3800254,0.6199746,1,1,1,2019-12-14,-350.0,275.0,-357.0,275.0,-355.0,295.0,matt brown,ben saunders
984,0.32109952,0.6789005,1,0,0,2019-12-14,-130.0,100.0,-125.0,-107.0,-113.0,100.0,ian heinisch,omari akhmedov
985,0.72511566,0.27488437,0,1,0,2019-12-14,-175.0,135.0,-175.0,142.0,-162.0,150.0,marlon moraes,jose aldo
986,0.23162001,0.76838,1,1,1,2019-12-14,-155.0,125.0,-300.0,225.0,-278.0,250.0,geoff neal,mike perry
987,0.22438395,0.77561605,1,1,1,2019-12-14,-265.0,185.0,-500.0,375.0,-470.0,385.0,petr yan,urijah faber
988,0.16974258,0.8302574,1,1,1,2019-12-14,-400.0,280.0,-460.0,340.0,-410.0,365.0,amanda nunes,germaine de randamie
989,0.3370397,0.6629603,1,0,0,2019-12-14,-245.0,175.0,-200.0,162.0,-189.0,170.0,max holloway,alexander volkanovski
990,0.28618205,0.71381795,1,1,1,2019-12-14,-200.0,170.0,-205.0,165.0,-190.0,175.0,kamaru usman,colby covington
991,0.40572202,0.594278,1,1,1,2019-12-21,-280.0,220.0,-675.0,450.0,-625.0,470.0,ciryl gane,tanner boser
992,0.66902065,0.33097932,0,1,0,2019-12-21,,,,,,,alatengheili,ryan benoit
993,0.41089427,0.5891057,1,1,1,2019-12-21,-160.0,130.0,-315.0,187.0,-227.0,260.0,alexandre pantoja,matt schnell
994,0.40432918,0.5956708,1,0,0,2019-12-21,120.0,-150.0,180.0,-250.0,210.0,-222.0,dong hyun ma,omar morales
995,0.26199454,0.73800546,1,1,1,2019-12-21,-160.0,130.0,-350.0,240.0,-303.0,290.0,seungwoo choi,suman mokhtarian
996,0.49363023,0.50636977,1,0,0,2019-12-21,-350.0,250.0,-210.0,162.0,-189.0,175.0,miranda granger,amanda lemos
997,0.24942452,0.7505755,1,1,1,2019-12-21,135.0,-165.0,-111.0,-125.0,105.0,-111.0,raoni barcelos,said nurmagomedov
998,0.33219022,0.6678098,1,1,1,2019-12-21,,,,,,,da woon jung,mike rodriguez
999,0.42294252,0.5770575,1,0,0,2019-12-21,-280.0,220.0,-420.0,250.0,-333.0,335.0,dooho choi,charles jourdain
1000,0.43205357,0.56794643,1,1,1,2019-12-21,115.0,-145.0,123.0,-152.0,125.0,-143.0,volkan oezdemir,aleksandar rakic
1001,0.22862518,0.7713748,1,1,1,2019-12-21,,,,,,,kyung ho kang,pingyuan liu
1002,0.7450671,0.25493288,0,0,1,2019-12-21,150.0,-175.0,150.0,-210.0,175.0,-175.0,frankie edgar,chan sung jung
1003,0.39704943,0.6029506,1,1,1,2019-12-21,100.0,-130.0,105.0,-139.0,110.0,-125.0,junyong park,marc andre barriault
1004,0.5972017,0.40279827,0,1,0,2020-01-18,140.0,-170.0,-132.0,100.0,-125.0,112.0,aleksa camur,justin ledet
1005,0.40076554,0.59923446,1,1,1,2020-01-18,260.0,-335.0,250.0,-350.0,285.0,-333.0,drew dober,nasrat haqparast
