favorites_chosen,favorites_correct,favorites_wrong,favorites_units,dogs_chosen,dogs_correct,dogs_wrong,dogs_units,accuracy,total_units
502,373,129,46.9546427406304,88,54,34,41.80367819121675,0.7237288135593221,88.75832093184715
502,386,116,69.913886284326,88,56,32,46.52280440480897,0.7491525423728813,116.43669068913513
502,378,124,61.915374679582115,88,62,26,61.224342866347435,0.7457627118644068,123.1397175459297
502,378,124,54.99739437606873,88,45,43,23.423678191216744,0.7169491525423729,78.42107256728549
502,372,130,46.03647425050822,88,47,41,29.232804404808988,0.7101694915254237,75.26927865531725
502,369,133,41.46440386761235,88,58,30,56.973286034354004,0.7237288135593221,98.43768990196644
502,368,134,40.21212814994157,88,49,39,37.65126594327052,0.7067796610169491,77.86339409321214
502,365,137,35.623880714747486,88,62,26,62.935216652755194,0.7237288135593221,98.55909736750286
502,360,142,33.61914506189697,88,42,46,13.160392156862743,0.6813559322033899,46.779537218759735
502,375,127,51.567536731264646,88,52,36,41.12241224794623,0.7237288135593221,92.6899489792109
502,371,131,45.527501377123855,88,50,38,32.781930618401205,0.7135593220338983,78.30943199552509
502,380,122,60.94389875338182,88,53,35,44.72367819121675,0.7338983050847457,105.66757694459862
502,369,133,43.95706574627924,88,44,44,21.70126594327051,0.7,65.65833168954978
502,380,122,58.9261885651493,88,50,38,35.44346907993966,0.7288135593220338,94.36965764508909
502,377,125,54.69326675501029,88,51,37,33.282139729678285,0.7254237288135593,87.9754064846887
502,369,133,42.13031584629525,88,57,31,58.18241224794623,0.7220338983050848,100.31272809424156
502,369,133,40.962128447432754,88,50,38,35.631747572815534,0.7101694915254237,76.59387602024833
502,366,136,36.670517989459434,88,43,45,17.68241224794623,0.6932203389830508,54.352930237405666
502,383,119,64.27777991562584,88,57,31,53.13482449589246,0.7457627118644068,117.41260441151834
502,367,135,38.671991326123035,88,50,38,32.24241224794623,0.7067796610169491,70.91440357406935
502,376,126,51.45511852119568,88,52,36,38.30280440480897,0.7254237288135593,89.75792292600477
502,374,128,54.86409861754475,88,55,33,42.52482449589247,0.7271186440677966,97.38892311343726
502,392,110,78.96654113029676,88,55,33,47.36213972967828,0.7576271186440678,126.32868085997511
502,381,121,62.963428250083716,88,50,38,33.71280440480897,0.7305084745762712,96.67623265489273
502,371,131,42.483697195563096,88,58,30,54.133678191216745,0.7271186440677966,96.61737538677991
502,385,117,66.94095100051078,88,60,28,58.55434286634742,0.7542372881355932,125.4952938668583
502,370,132,42.22251423709196,88,49,39,34.821265943270525,0.7101694915254237,77.04378018036243
502,366,136,38.13273926391108,88,43,45,19.023286034353998,0.6932203389830508,57.15602529826506
502,368,134,40.57832102473257,88,46,42,30.46153846153847,0.7016949152542373,71.03985948627111
502,383,119,65.73384889464101,88,38,50,2.972412247946228,0.7135593220338983,68.70626114258728
502,386,116,66.99437009910959,88,48,40,31.231747572815536,0.735593220338983,98.22611767192521
502,376,126,54.556098403755314,88,54,34,42.94367819121675,0.7288135593220338,97.49977659497215
502,387,115,70.59467258665592,88,54,34,43.794342866347435,0.747457627118644,114.38901545300341
502,382,120,62.28025346796231,88,52,36,42.904824495892456,0.735593220338983,105.18507796385481
502,386,116,70.69631189075157,88,54,34,44.64434286634744,0.7457627118644068,115.34065475709903
502,376,126,52.3377243254199,88,58,30,54.420873786407775,0.735593220338983,106.75859811182768
502,377,125,59.292814227326346,88,42,46,13.731265943270508,0.7101694915254237,73.02408017059692
502,365,137,35.42660758759642,88,54,34,48.952412247946235,0.7101694915254237,84.37901983554272
502,371,131,44.86020615474581,88,54,34,46.9052166527552,0.7203389830508474,91.76542280750108
502,380,122,58.651005246153616,88,55,33,48.08126594327051,0.7372881355932204,106.7322711894242
502,371,131,46.17438954097663,88,51,37,38.483076923076936,0.7152542372881356,84.65746646405357
502,372,130,48.03366048968174,88,45,43,25.92,0.7067796610169491,73.95366048968177
502,363,139,34.39229033610733,88,55,33,41.6252166527552,0.7084745762711865,76.01750698886255
502,378,124,59.907247396821646,88,46,42,25.342804404808977,0.7186440677966102,85.25005180163068
502,370,132,45.40798817525115,88,49,39,33.94328603435399,0.7101694915254237,79.35127420960521
502,386,116,67.15213516444426,88,46,42,28.585216652755204,0.7322033898305085,95.73735181719952
502,366,136,41.581856939044336,88,47,41,25.811265943270513,0.7,67.39312288231486
502,389,113,71.64955210095077,88,46,42,27.711747572815536,0.7372881355932204,99.36129967376635
502,392,110,78.80622616978357,88,47,41,27.374342866347433,0.7440677966101695,106.18056903613109
502,381,121,60.80713137923215,88,42,46,13.603678191216746,0.7169491525423729,74.4108095704489
502,362,140,32.56690939941379,88,55,33,49.793678191216735,0.7067796610169491,82.36058759063053
502,374,128,52.39751646833721,88,48,40,26.131930618401206,0.7152542372881356,78.52944708673841
502,389,113,74.03481768595324,88,55,33,49.191538461538464,0.752542372881356,123.22635614749183
502,377,125,57.845696782398676,88,53,35,46.403286034354,0.7288135593220338,104.24898281675274
502,387,115,68.97733334024849,88,45,43,25.421747572815544,0.7322033898305085,94.39908091306408
502,374,128,49.8601223096737,88,56,32,47.50241224794623,0.7288135593220338,97.36253455762002
502,386,116,71.94810623743798,88,51,37,39.19367819121674,0.7406779661016949,111.14178442865477
502,376,126,54.461613926278275,88,54,34,50.86241224794623,0.7288135593220338,105.32402617422454
502,379,123,57.575766973500436,88,57,31,48.88482449589246,0.7389830508474576,106.46059146939301
502,392,110,81.98768168468496,88,48,40,35.330000000000005,0.7457627118644068,117.31768168468498
502,367,135,39.91042301457532,88,49,39,32.19307692307693,0.7050847457627119,72.10349993765227
502,387,115,67.56074560119352,88,43,45,20.279999999999998,0.7288135593220338,87.84074560119355
502,382,120,62.317124540206365,88,51,37,40.73482449589246,0.7338983050847457,103.05194903609897
502,364,138,37.44367151635257,88,46,42,24.103950709484693,0.6949152542372882,61.54762222583724
502,375,127,53.47586446691879,88,47,41,26.742804404808975,0.7152542372881356,80.21866887172781
502,374,128,47.584723838773094,88,47,41,33.83241224794622,0.7135593220338983,81.41713608671941
502,386,116,68.47778845270234,88,50,38,39.61434286634744,0.7389830508474576,108.09213131904987
502,380,122,61.18779396749752,88,55,33,50.5239507094847,0.7372881355932204,111.7117446769823
502,373,129,47.96542661545303,88,56,32,53.78280440480897,0.7271186440677966,101.74823102026212
502,378,124,59.21076888586037,88,50,38,33.621538461538464,0.7254237288135593,92.83230734739898
502,366,136,35.25059250769559,88,53,35,42.093678191216725,0.7101694915254237,77.3442706989124
502,375,127,49.599553252859785,88,51,37,27.954342866347435,0.7220338983050848,77.55389611920728
502,375,127,48.60864798129829,88,52,36,42.59241224794624,0.7237288135593221,91.20106022924458
502,381,121,62.57969297747327,88,45,43,22.31087378640776,0.7220338983050848,84.8905667638811
502,382,120,59.172009085731126,88,56,32,51.15367819121675,0.7423728813559322,110.32568727694792
502,374,128,54.24586931299369,88,43,45,17.76,0.7067796610169491,72.00586931299375
502,386,116,68.10276110645474,88,50,38,34.96482449589246,0.7389830508474576,103.06758560234721
502,372,130,45.6930893677353,88,50,38,38.42280440480897,0.7152542372881356,84.11589377254433
502,379,123,59.05455799782724,88,53,35,41.66280440480898,0.7322033898305085,100.71736240263631
502,383,119,63.69788652956859,88,51,37,33.97193061840121,0.735593220338983,97.66981714796985
502,394,108,79.26759500685702,88,60,28,59.31434286634743,0.7694915254237288,138.58193787320448
502,382,120,62.204200368443885,88,51,37,37.533076923076905,0.7338983050847457,99.73727729152085
502,386,116,71.88603852052626,88,38,50,8.242412247946229,0.7186440677966102,80.12845076847258
502,375,127,53.634639468132036,88,48,40,27.33193061840121,0.7169491525423729,80.9665700865333
502,383,119,64.86862527772078,88,53,35,45.471265943270524,0.7389830508474576,110.33989122099143
502,381,121,60.68084621890217,88,50,38,41.01087378640776,0.7305084745762712,101.69172000530999
502,366,136,36.660574331726096,88,49,39,29.24280440480898,0.7033898305084746,65.90337873653509
502,378,124,57.98807115369643,88,52,36,41.55174757281553,0.7288135593220338,99.53981872651202
502,377,125,55.40796003719155,88,44,44,21.11346907993966,0.7135593220338983,76.5214291171313
502,377,125,51.82443018017753,88,51,37,42.783286034354,0.7254237288135593,94.60771621453165
502,380,122,57.69969779172386,88,48,40,28.281538461538467,0.7254237288135593,85.98123625326238
502,377,125,51.427562314353175,88,51,37,41.06482449589246,0.7254237288135593,92.49238681024569
502,390,112,76.08866970019781,88,51,37,38.162804404808966,0.747457627118644,114.25147410500688
502,370,132,46.02032789589738,88,53,35,39.98241224794622,0.7169491525423729,86.00274014384365
502,358,144,25.448167116539267,88,53,35,46.494342866347424,0.6966101694915254,71.9425099828867
502,378,124,54.68159469929366,88,40,48,11.213678191216742,0.7084745762711865,65.89527289051041
502,378,124,57.32322860677501,88,54,34,44.45087378640777,0.7322033898305085,101.77410239318287
502,364,138,33.86059058200064,88,49,39,33.63482449589246,0.7,67.49541507789311
502,382,120,64.28162575537027,88,52,36,37.64241224794623,0.735593220338983,101.92403800331662
502,384,118,65.33483431604817,88,56,32,47.353950709484685,0.7457627118644068,112.68878502553295
502,362,140,28.213168233006137,88,55,33,48.07241224794623,0.7067796610169491,76.2855804809524
502,379,123,56.76568633207207,88,50,38,39.94280440480897,0.7271186440677966,96.70849073688106
502,387,115,69.1687083081114,88,57,31,54.35328603435399,0.752542372881356,123.52199434246546
502,364,138,37.18951287336531,88,43,45,17.454824495892453,0.6898305084745763,54.64433736925777
502,372,130,47.0983580000056,88,53,35,45.993678191216745,0.7203389830508474,93.0920361912225
502,375,127,54.01899681595554,88,50,38,36.443286034354,0.7203389830508474,90.46228285030958
502,348,154,12.144449608169761,88,48,40,31.563469079939672,0.6711864406779661,43.7079186881094
502,376,126,52.22889985132555,88,51,37,36.463076923076926,0.7237288135593221,88.69197677440252
502,389,113,75.90579959779681,88,45,43,22.723678191216745,0.735593220338983,98.62947778901354
502,382,120,64.4327229358743,88,52,36,39.203678191216746,0.735593220338983,103.63640112709109
502,368,134,37.25913360079643,88,48,40,27.953678191216746,0.7050847457627119,65.21281179201324
502,370,132,44.229932078964396,88,46,42,24.29434286634744,0.7050847457627119,68.52427494531184
502,384,118,62.98343267960942,88,53,35,45.4339507094847,0.7406779661016949,108.41738338909421
502,389,113,75.69460898737202,88,46,42,27.893076923076926,0.7372881355932204,103.58768591044895
502,369,133,47.24002875022515,88,54,34,46.40521665275519,0.7169491525423729,93.64524540298046
502,384,118,62.98430947561494,88,44,44,24.172804404808975,0.7254237288135593,87.15711388042402
502,355,147,17.657210125681722,88,50,38,33.92126594327051,0.6864406779661016,51.578476068952156
502,381,121,65.89229204071378,88,43,45,18.322804404808977,0.7186440677966102,84.21509644552275
502,369,133,40.42480831443739,88,52,36,35.631930618401206,0.7135593220338983,76.05673893283874
502,356,146,25.424696776573533,88,55,33,49.84434286634744,0.6966101694915254,75.26903964292097
502,368,134,38.3067546842534,88,56,32,46.44367819121674,0.7186440677966102,84.75043287547025
502,393,109,81.32717218805418,88,54,34,41.47346907993968,0.7576271186440678,122.8006412679939
502,374,128,50.05715247568313,88,57,31,53.043678191216735,0.7305084745762712,103.10083066689992
502,369,133,39.914226573187726,88,49,39,34.281265943270526,0.7084745762711865,74.19549251645833
502,371,131,50.68310461517226,88,48,40,34.24328603435399,0.7101694915254237,84.9263906495263
502,383,119,64.22367654224297,88,46,42,28.96346907993968,0.7271186440677966,93.18714562218271
502,384,118,65.02325535592927,88,57,31,55.782139729678285,0.747457627118644,120.80539508560767
502,381,121,60.11666857257657,88,52,36,37.7652166527552,0.7338983050847457,97.88188522533179
502,389,113,73.95478157894564,88,50,38,37.432412247946225,0.7440677966101695,111.38719382689199
502,364,138,36.360733936300306,88,51,37,33.24241224794622,0.7033898305084746,69.60314618424657
502,386,116,70.28148694968976,88,55,33,47.29328603435399,0.747457627118644,117.57477298404385
502,372,130,48.30912678908367,88,48,40,29.253678191216746,0.711864406779661,77.56280498030056
502,376,126,51.402349009275156,88,50,38,30.872139729678285,0.7220338983050848,82.27448873895347
502,367,135,38.95942385185346,88,62,26,67.32367819121671,0.7271186440677966,106.28310204307023
502,373,129,49.40563348193812,88,53,35,42.05367819121673,0.7220338983050848,91.4593116731549
502,377,125,51.557616751236175,88,51,37,36.96126594327052,0.7254237288135593,88.51888269450673
502,378,124,60.08426371576615,88,52,36,42.53434286634743,0.7288135593220338,102.61860658211367
502,370,132,44.94116387439292,88,53,35,44.58174757281553,0.7169491525423729,89.52291144720849
502,378,124,55.21023368120721,88,43,45,20.072139729678284,0.7135593220338983,75.28237341088554
502,357,145,22.7256418430298,88,41,47,9.69153846153846,0.6745762711864407,32.41718030456822
502,369,133,38.078901954421134,88,49,39,27.613469079939662,0.7084745762711865,65.69237103436083
502,362,140,31.03873721892839,88,46,42,28.133286034353997,0.6915254237288135,59.172023253282354
502,378,124,55.62377801130904,88,53,35,46.02153846153847,0.7305084745762712,101.64531647284755
502,380,122,59.88602147199488,88,48,40,35.651538461538465,0.7254237288135593,95.53755993353344
502,374,128,46.53211073831101,88,51,37,37.87280440480898,0.7203389830508474,84.40491514312006
502,382,120,61.12068962009565,88,54,34,49.603678191216744,0.7389830508474576,110.72436781131248
502,374,128,52.559610834290815,88,50,38,36.683286034354,0.7186440677966102,89.24289686864485
502,372,130,44.00639214675234,88,52,36,40.0052166527552,0.7186440677966102,84.01160879950758
502,391,111,75.93877444150988,88,49,39,37.352804404808985,0.7457627118644068,113.29157884631897
502,372,130,47.488273207874556,88,53,35,44.5852166527552,0.7203389830508474,92.07348986062986
502,371,131,44.329546666466285,88,43,45,20.26241224794623,0.7016949152542373,64.59195891441257
502,391,111,78.11790730966312,88,46,42,26.63174757281554,0.7406779661016949,104.74965488247868
502,360,142,29.354782484897658,88,56,32,45.86367819121674,0.7050847457627119,75.21846067611443
502,379,123,58.51633602286871,88,53,35,42.37307692307693,0.7322033898305085,100.88941294594571
502,361,141,28.528267962383467,88,49,39,31.633678191216738,0.6949152542372882,60.161946153600155
502,402,100,93.67535631569483,88,48,40,28.692412247946233,0.7627118644067796,122.36776856364112
502,376,126,54.14336375805088,88,41,47,11.163469079939668,0.7067796610169491,65.30683283799053
502,385,117,70.68863132396037,88,51,37,36.72280440480897,0.7389830508474576,107.4114357287694
502,379,123,58.78449318010827,88,56,32,50.83241224794624,0.7372881355932204,109.61690542805461
502,381,121,63.72271310102879,88,41,47,19.042804404808976,0.7152542372881356,82.76551750583775
502,386,116,72.69517576926926,88,53,35,35.62213972967829,0.7440677966101695,108.31731549894754
502,367,135,43.4225366233658,88,49,39,37.22346907993966,0.7050847457627119,80.64600570330552
502,381,121,61.97168096610016,88,55,33,45.523678191216746,0.7389830508474576,107.49535915731698
502,374,128,50.572435254898245,88,53,35,45.49434286634744,0.7237288135593221,96.06677812124566
502,365,137,41.22254324570831,88,47,41,25.56126594327051,0.6983050847457627,66.78380918897884
502,382,120,61.58576278149155,88,43,45,14.77280440480897,0.7203389830508474,76.3585671863005
502,363,139,33.79814789648538,88,48,40,31.953950709484694,0.6966101694915254,65.75209860597006
502,369,133,40.413265741249106,88,59,29,60.73280440480897,0.7254237288135593,101.14607014605815
502,378,124,56.49768261782205,88,45,43,25.051265943270515,0.7169491525423729,81.54894856109263
502,365,137,40.75097106989986,88,49,39,32.761747572815544,0.7016949152542373,73.5127186427154
502,364,138,35.23582394430077,88,51,37,33.78521665275521,0.7033898305084746,69.02104059705599
502,384,118,67.2728581501067,88,61,27,59.062804404808965,0.7542372881355932,126.3356625549158
502,373,129,47.855374123718306,88,54,34,44.50039215686275,0.7237288135593221,92.35576628058107
502,369,133,43.635665690322625,88,49,39,33.76039215686275,0.7084745762711865,77.3960578471854
502,377,125,55.97560321552541,88,56,32,44.55434286634743,0.7338983050847457,100.52994608187288
502,379,123,62.69846227482452,88,48,40,27.373469079939664,0.7237288135593221,90.0719313547643
502,376,126,52.11031071085591,88,55,33,43.72367819121674,0.7305084745762712,95.8339889020727
502,372,130,46.27007699498546,88,47,41,35.98328603435398,0.7101694915254237,82.25336302933951
502,381,121,61.83082774859516,88,46,42,16.841930618401207,0.7237288135593221,78.67275836699638
502,382,120,65.54638978290215,88,49,39,33.453950709484694,0.7305084745762712,99.00034049238687
502,378,124,55.69438068944797,88,57,31,55.03395070948468,0.7372881355932204,110.7283313989328
502,372,130,48.086819855674925,88,42,46,13.235216652755199,0.7016949152542373,61.322036508430095
502,390,112,77.47751532732582,88,53,35,38.94367819121674,0.7508474576271187,116.42119351854257
502,375,127,53.70674928524739,88,51,37,32.55153846153846,0.7220338983050848,86.25828774678587
502,375,127,54.879012016631094,88,56,32,50.933286034354,0.7305084745762712,105.81229805098509
502,395,107,82.09484070463027,88,50,38,35.791747572815545,0.7542372881355932,117.88658827744584
502,353,149,17.505956430210627,88,48,40,29.873678191216747,0.6796610169491526,47.37963462142731
502,384,118,68.74257792288792,88,55,33,48.273286034353994,0.7440677966101695,117.0158639572419
502,377,125,55.58975430080495,88,48,40,35.64153846153845,0.7203389830508474,91.23129276234341
502,377,125,53.25843203932222,88,50,38,39.404824495892456,0.7237288135593221,92.66325653521483
502,374,128,48.17605329853631,88,56,32,41.424342866347445,0.7288135593220338,89.6003961648838
502,364,138,35.31315456669,88,52,36,40.29280440480897,0.7050847457627119,75.60595897149904
502,398,104,89.8288417046882,88,54,34,44.81241224794622,0.7661016949152543,134.64125395263443
502,375,127,50.819924562738265,88,54,34,40.43434286634744,0.7271186440677966,91.25426742908576
502,381,121,61.443494290640004,88,54,34,44.012139729678275,0.7372881355932204,105.45563402031831
502,386,116,67.90160431679146,88,52,36,40.97482449589247,0.7423728813559322,108.87642881268395
502,375,127,54.0448574405551,88,52,36,41.871747572815536,0.7237288135593221,95.91660501337063
502,371,131,43.99783638291285,88,40,48,13.310873786407772,0.6966101694915254,57.30871016932059
502,375,127,51.86434312384551,88,46,42,22.25367819121674,0.7135593220338983,74.11802131506235
502,383,119,62.59214935794178,88,53,35,41.413950709484695,0.7389830508474576,104.00610006742653
502,380,122,61.400181747790626,88,54,34,46.72153846153846,0.735593220338983,108.12172020932917
502,378,124,60.413520792737394,88,50,38,39.77280440480898,0.7254237288135593,100.18632519754642
502,374,128,49.12383727947914,88,46,42,27.452804404808983,0.711864406779661,76.5766416842882
502,374,128,50.40689356533152,88,55,33,49.37367819121674,0.7271186440677966,99.78057175654835
502,370,132,42.768284865003004,88,45,43,22.15434286634743,0.7033898305084746,64.92262773135045
502,387,115,70.09148634246867,88,58,30,53.214824495892465,0.7542372881355932,123.30631083836114
502,386,116,68.1672935589471,88,60,28,56.22434286634744,0.7559322033898305,124.39163642529455
502,384,118,68.12289161584943,88,47,41,30.493678191216745,0.7305084745762712,98.61656980706617
502,383,119,64.6040619136946,88,45,43,24.573678191216736,0.7254237288135593,89.17774010491142
502,378,124,56.26607554572665,88,49,39,39.282804404808985,0.7237288135593221,95.54887995053566
502,361,141,33.16258533758805,88,59,29,62.46367819121674,0.711864406779661,95.62626352880484
502,392,110,76.04837106151776,88,52,36,36.96280440480898,0.752542372881356,113.01117546632673
502,371,131,44.01029907571169,88,59,29,56.42521665275519,0.7288135593220338,100.435515728467
502,383,119,66.76607263400108,88,47,41,29.48280440480898,0.7288135593220338,96.24887703881014
502,376,126,50.557320017087925,88,58,30,53.953678191216746,0.735593220338983,104.51099820830473
502,367,135,36.114343977783385,88,48,40,26.87367819121674,0.7033898305084746,62.98802216900014
502,365,137,38.09323358669764,88,51,37,37.25482449589245,0.7050847457627119,75.34805808259014
502,379,123,56.61289656412638,88,39,49,9.662412247946232,0.7084745762711865,66.2753088120726
502,393,109,77.88012997765995,88,45,43,26.111265943270517,0.7423728813559322,103.99139592093043
502,365,137,33.36248442474237,88,49,39,32.251930618401204,0.7016949152542373,65.6144150431436
502,376,126,55.06346103324009,88,64,24,67.10367819121673,0.7457627118644068,122.16713922445692
502,391,111,76.2489545822309,88,52,36,38.10346907993967,0.7508474576271187,114.3524236621706
502,389,113,73.02800496552352,88,43,45,20.352412247946223,0.7322033898305085,93.38041721346976
502,378,124,56.44127541202424,88,55,33,50.70280440480898,0.7338983050847457,107.14407981683328
502,384,118,65.01301277351722,88,49,39,30.733286034354006,0.7338983050847457,95.74629880787127
502,384,118,66.40857339431132,88,55,33,45.94482449589246,0.7440677966101695,112.35339789020388
502,389,113,74.21962126104968,88,44,44,13.120873786407767,0.7338983050847457,87.34049504745748
502,382,120,64.32764465295546,88,63,25,66.1552166527552,0.7542372881355932,130.48286130571063
502,384,118,66.69713515147369,88,47,41,32.27241224794622,0.7305084745762712,98.96954739941997
502,362,140,30.4905211720027,88,45,43,23.231265943270508,0.6898305084745763,53.72178711527318
502,385,117,66.1926713521781,88,54,34,47.30241224794623,0.7440677966101695,113.49508360012436
502,397,105,88.30019547404854,88,51,37,41.013950709484696,0.7593220338983051,129.3141461835332
502,378,124,57.00983821821834,88,54,34,42.22521665275521,0.7322033898305085,99.23505487097356
502,386,116,69.46591533063663,88,50,38,38.24395070948469,0.7389830508474576,107.70986604012138
502,372,130,46.952467334159174,88,47,41,28.78087378640778,0.7101694915254237,75.73334112056698
502,374,128,53.04709767276845,88,47,41,25.532139729678285,0.7135593220338983,78.57923740244678
502,365,137,37.157900653105905,88,52,36,35.63346907993968,0.7067796610169491,72.79136973304563
502,371,131,47.52781358596288,88,53,35,43.12367819121674,0.7186440677966102,90.65149177717971
502,376,126,51.40350331619406,88,48,40,28.914824495892468,0.7186440677966102,80.31832781208658
502,372,130,49.149506327448215,88,55,33,49.54367819121675,0.7237288135593221,98.69318451866499
502,380,122,60.070067833691795,88,59,29,53.555216652755185,0.7440677966101695,113.62528448644697
502,366,136,39.56524509801978,88,43,45,13.83126594327051,0.6932203389830508,53.396511041290296
502,362,140,30.872697771701986,88,49,39,28.703950709484683,0.6966101694915254,59.576648481186695
502,375,127,50.88994648473169,88,50,38,37.331265943270516,0.7203389830508474,88.2212124280022
502,389,113,71.47623537938793,88,54,34,46.25126594327051,0.7508474576271187,117.72750132265857
502,376,126,55.64175580173077,88,51,37,37.57367819121674,0.7237288135593221,93.21543399294761
502,380,122,59.62416520670365,88,49,39,36.83241224794623,0.7271186440677966,96.45657745464995
502,375,127,55.80828614003858,88,53,35,41.29213972967828,0.7254237288135593,97.10042586971699
502,386,116,68.52493954037222,88,52,36,41.32395070948469,0.7423728813559322,109.84889024985702
502,387,115,70.5612781770568,88,53,35,44.044342866347435,0.7457627118644068,114.60562104340427
502,376,126,51.65969861970615,88,48,40,27.322804404808984,0.7186440677966102,78.9825030245152
502,376,126,53.075614580075666,88,53,35,40.30280440480899,0.7271186440677966,93.37841898488472
502,376,126,54.154570832503,88,46,42,23.913950709484695,0.7152542372881356,78.06852154198774
502,375,127,52.50612426594649,88,48,40,32.60280440480897,0.7169491525423729,85.10892867075549
502,369,133,41.010983731884345,88,44,44,19.363286034353997,0.7,60.374269766238314
502,387,115,68.89766289929747,88,55,33,43.06367819121673,0.7491525423728813,111.96134109051437
502,396,106,85.6627614186096,88,42,46,16.21328603435399,0.7423728813559322,101.87604745296366
502,368,134,42.792126483296045,88,38,50,5.035216652755203,0.688135593220339,47.82734313605123
502,363,139,35.96825906665056,88,60,28,59.07193061840121,0.7169491525423729,95.04018968505184
502,369,133,41.62269812947107,88,53,35,45.86367819121674,0.7152542372881356,87.48637632068777
502,360,142,32.587833074843466,88,54,34,42.35434286634744,0.7016949152542373,74.9421759411909
502,368,134,36.57146319545535,88,56,32,53.393286034354,0.7186440677966102,89.96474922980946
502,383,119,65.9223701596842,88,56,32,51.48367819121674,0.7440677966101695,117.40604835090102
502,376,126,52.78103713805548,88,52,36,40.99328603435399,0.7254237288135593,93.7743231724095
502,377,125,54.42858998476666,88,49,39,33.63367819121675,0.7220338983050848,88.06226817598348
502,367,135,41.641214297558996,88,51,37,28.171747572815534,0.7084745762711865,69.81296187037454
502,377,125,55.71253958962282,88,54,34,41.574824495892464,0.7305084745762712,97.28736408551538
502,376,126,55.01895703562723,88,56,32,47.502804404808984,0.7322033898305085,102.52176144043631
502,356,146,24.357743763694106,88,46,42,28.182804404808977,0.6813559322033899,52.540548168503065
502,383,119,62.99848420609253,88,52,36,29.82367819121675,0.7372881355932204,92.82216239730934
502,371,131,45.61908852636182,88,53,35,44.12482449589247,0.7186440677966102,89.74391302225436
502,381,121,62.14341260732188,88,46,42,21.6552166527552,0.7237288135593221,83.79862926007712
502,376,126,53.16578356360054,88,45,43,19.882804404808972,0.7135593220338983,73.04858796840952
502,379,123,59.16342287408427,88,45,43,23.81328603435399,0.7186440677966102,82.9767089084383
502,387,115,76.68592773928472,88,45,43,28.292412247946235,0.7322033898305085,104.97833998723094
502,391,111,77.91598524535982,88,55,33,53.58434286634742,0.7559322033898305,131.50032811170738
502,366,136,36.34684315434786,88,44,44,23.222804404808972,0.6949152542372882,59.569647559156834
502,374,128,50.00902042656034,88,54,34,44.23213972967829,0.7254237288135593,94.24116015623873
502,388,114,72.50413669264162,88,51,37,34.73126594327052,0.7440677966101695,107.23540263591211
502,371,131,39.98399894391536,88,53,35,34.14280440480898,0.7186440677966102,74.12680334872432
502,380,122,59.22391529962153,88,49,39,35.282412247946226,0.7271186440677966,94.5063275475678
502,372,130,47.49349479909114,88,49,39,33.822412247946225,0.7135593220338983,81.31590704703741
502,374,128,53.54160467929752,88,52,36,40.72367819121674,0.7220338983050848,94.26528287051433
502,382,120,61.61560089870759,88,53,35,43.71126594327052,0.7372881355932204,105.32686684197819
502,373,129,47.87592680360567,88,56,32,46.17521665275522,0.7271186440677966,94.05114345636093
502,374,128,48.884160282041584,88,60,28,57.703678191216746,0.735593220338983,106.58783847325839
502,379,123,58.11293787162978,88,49,39,33.60346907993967,0.7254237288135593,91.7164069515696
502,389,113,73.984440158905,88,48,40,31.543286034353994,0.7406779661016949,105.52772619325904
502,370,132,42.40703556831801,88,43,45,19.232412247946225,0.7,61.63944781626422
502,367,135,36.500673882812436,88,53,35,41.88280440480898,0.711864406779661,78.38347828762147
502,385,117,63.970186346153596,88,49,39,33.94367819121674,0.735593220338983,97.91386453737043
502,373,129,48.39833796419366,88,51,37,40.803286034354,0.7186440677966102,89.20162399854777
502,389,113,74.20284685514928,88,65,23,70.92367819121674,0.7694915254237288,145.12652504636597
502,381,121,59.55371896233448,88,50,38,31.74280440480898,0.7305084745762712,91.2965233671435
502,388,114,73.86553512470063,88,39,49,2.7412659432705144,0.7237288135593221,76.60680106797115
502,363,139,33.39929424745077,88,57,31,48.28434286634743,0.711864406779661,81.68363711379828
502,393,109,77.4400545209938,88,51,37,36.061747572815534,0.752542372881356,113.50180209380935
502,384,118,67.80764243971028,88,57,31,50.4419306184012,0.747457627118644,118.24957305811152
502,378,124,56.87448902158212,88,46,42,27.98174757281553,0.7186440677966102,84.85623659439773
502,386,116,70.2160105208713,88,55,33,49.753286034354005,0.747457627118644,119.96929655522531
502,378,124,56.057759203727834,88,51,37,37.492804404808986,0.7271186440677966,93.55056360853689
502,381,121,60.00884552292444,88,48,40,30.863678191216746,0.7271186440677966,90.87252371414121
502,369,133,40.340735255840016,88,42,46,8.43153846153847,0.6966101694915254,48.77227371737848
502,391,111,78.139032805035,88,58,30,55.32328603435399,0.7610169491525424,133.462318839389
502,358,144,26.812743101161946,88,55,33,48.003678191216736,0.7,74.8164212923787
502,378,124,57.45117990524486,88,48,40,31.351265943270523,0.7220338983050848,88.80244584851543
502,386,116,67.24931337513993,88,53,35,40.104824495892466,0.7440677966101695,107.35413787103245
502,381,121,58.28856378828425,88,44,44,22.84241224794622,0.7203389830508474,81.13097603623055
502,377,125,54.88448346999601,88,45,43,18.790873786407772,0.7152542372881356,73.67535725640381
502,393,109,76.67815185270173,88,49,39,30.511930618401216,0.7491525423728813,107.19008247110303
502,381,121,61.95408628892318,88,52,36,40.20153846153846,0.7338983050847457,102.15562475046174
502,386,116,69.07588953523859,88,48,40,30.962804404808978,0.735593220338983,100.03869394004757
502,375,127,49.600715608786615,88,50,38,34.90395070948469,0.7203389830508474,84.50466631827139
502,389,113,74.02866560373435,88,49,39,34.75174757281554,0.7423728813559322,108.78041317654996
502,366,136,35.761077190904984,88,44,44,19.785216652755206,0.6949152542372882,55.54629384366015
502,368,134,39.5962973265893,88,51,37,39.24346907993967,0.7101694915254237,78.83976640652905
502,381,121,61.91914118262372,88,49,39,33.30280440480899,0.7288135593220338,95.22194558743274
502,373,129,51.69528720311604,88,54,34,46.09174757281554,0.7237288135593221,97.78703477593166
502,371,131,45.745795573417574,88,53,35,38.85126594327051,0.7186440677966102,84.59706151668809
502,357,145,23.471529489492323,88,54,34,41.78395070948469,0.6966101694915254,65.25548019897698
502,372,130,47.32465952264895,88,56,32,51.063678191216745,0.7254237288135593,98.38833771386574
502,382,120,63.909885511084745,88,58,30,53.91346907993967,0.7457627118644068,117.82335459102454
502,375,127,56.81867052482641,88,54,34,39.594342866347446,0.7271186440677966,96.41301339117386
502,375,127,52.694119729847166,88,64,24,73.58213972967829,0.7440677966101695,126.27625945952556
502,377,125,52.36679146350463,88,48,40,29.581265943270516,0.7203389830508474,81.94805740677518
502,367,135,37.47408933372058,88,55,33,45.29367819121674,0.7152542372881356,82.76776752493738
502,365,137,37.98975930930922,88,48,40,34.943076923076916,0.7,72.93283623238614
502,375,127,51.7413440456165,88,50,38,38.092804404808966,0.7203389830508474,89.83414845042557
502,366,136,36.934781228510964,88,50,38,36.313286034354,0.7050847457627119,73.248067262865
502,374,128,49.69534840451749,88,46,42,20.35280440480897,0.711864406779661,70.04815280932644
502,383,119,63.50128487761044,88,53,35,40.69434286634744,0.7389830508474576,104.19562774395796
502,365,137,35.53916130050503,88,55,33,49.08280440480897,0.711864406779661,84.62196570531412
502,386,116,70.13489965432757,88,49,39,34.34367819121674,0.7372881355932204,104.47857784554446
502,382,120,61.95575245833952,88,48,40,32.12153846153846,0.7288135593220338,94.07729091987807
502,374,128,48.99231823725981,88,51,37,38.572139729678284,0.7203389830508474,87.56445796693814
502,379,123,56.58912150833687,88,47,41,27.65280440480898,0.7220338983050848,84.24192591314593
502,379,123,54.8167452584282,88,46,42,22.09241224794623,0.7203389830508474,76.90915750637446
502,376,126,54.52983315865463,88,47,41,30.103469079939675,0.7169491525423729,84.63330223859438
502,387,115,70.51347701625235,88,48,40,32.72087378640777,0.7372881355932204,103.23435080266013
502,380,122,58.602048926712406,88,54,34,47.342412247946235,0.735593220338983,105.94446117465873
502,373,129,50.766670700091304,88,44,44,18.27482449589246,0.7067796610169491,69.04149519598383
502,368,134,42.57370858013005,88,56,32,45.25395070948469,0.7186440677966102,87.82765928961486
502,385,117,67.37150653911738,88,46,42,26.773950709484694,0.7305084745762712,94.1454572486021
502,380,122,62.3732639409725,88,54,34,47.490392156862754,0.735593220338983,109.86365609783532
502,380,122,59.763085748358726,88,39,49,7.342412247946227,0.7101694915254237,67.10549799630499
502,375,127,54.510842142706,88,45,43,21.864824495892464,0.711864406779661,76.3756666385985
502,377,125,51.588611944327944,88,44,44,16.591265943270514,0.7135593220338983,68.1798778875985
502,371,131,45.01174458562997,88,53,35,43.28280440480898,0.7186440677966102,88.29454899043905
502,390,112,74.78569170556831,88,55,33,50.0239507094847,0.7542372881355932,124.80964241505306
502,360,142,28.13621562140401,88,54,34,46.83521665275521,0.7016949152542373,74.97143227415921
502,378,124,56.32981773037532,88,46,42,25.601265943270523,0.7186440677966102,81.93108367364584
502,377,125,55.822097009527816,88,57,31,50.96280440480898,0.735593220338983,106.7849014143369
502,381,121,61.90798942226359,88,50,38,33.66367819121675,0.7305084745762712,95.57166761348041
502,377,125,51.862138565103024,88,53,35,38.35241224794623,0.7288135593220338,90.2145508130493
502,369,133,42.670926433608635,88,52,36,39.35280440480897,0.7135593220338983,82.02373083841762
502,361,141,27.557034401260935,88,45,43,26.6252166527552,0.688135593220339,54.182251054016135
502,382,120,63.13722453881671,88,55,33,46.57367819121674,0.7406779661016949,109.71090273003354
502,377,125,54.17772747120947,88,50,38,34.13280440480898,0.7237288135593221,88.31053187601852
502,373,129,51.7235167192822,88,58,30,54.334824495892455,0.7305084745762712,106.05834121517474
502,364,138,34.20316675111651,88,51,37,38.563950709484686,0.7033898305084746,72.76711746060118
502,392,110,77.93747453005817,88,55,33,50.26367819121674,0.7576271186440678,128.20115272127492
502,370,132,43.51605181302882,88,50,38,40.8519306184012,0.711864406779661,84.36798243143005
502,387,115,72.10437578465202,88,59,29,56.97367819121673,0.7559322033898305,129.07805397586878
502,368,134,42.43933517420754,88,57,31,51.25346907993967,0.7203389830508474,93.69280425414728
502,381,121,60.51133974481354,88,45,43,23.99280440480897,0.7220338983050848,84.50414414962259
502,372,130,47.69069879308753,88,55,33,48.011930618401216,0.7237288135593221,95.70262941148879
502,380,122,59.22257010694927,88,43,45,19.80395070948469,0.7169491525423729,79.02652081643399
502,381,121,59.382827689264786,88,58,30,55.64346907993967,0.7440677966101695,115.0262967692045
502,389,113,71.66076734913716,88,45,43,24.112139729678276,0.735593220338983,95.77290707881552
502,382,120,63.60982826583755,88,51,37,38.463678191216744,0.7338983050847457,102.07350645705435
502,376,126,57.331031239440186,88,59,29,54.123469079939674,0.7372881355932204,111.45450031937989
502,377,125,54.73883941953651,88,49,39,30.352804404808982,0.7220338983050848,85.0916438243456
502,370,132,45.649594370614004,88,50,38,34.862804404808976,0.711864406779661,80.51239877542308
502,366,136,35.41521662211935,88,44,44,19.86367819121674,0.6949152542372882,55.27889481333609
502,391,111,74.82632175705724,88,61,27,63.144342866347415,0.7661016949152543,137.97066462340473
502,375,127,53.98511224691124,88,46,42,24.223076923076935,0.7135593220338983,78.20818916998817
502,372,130,49.449329883413554,88,51,37,37.2952166527552,0.7169491525423729,86.7445465361688
502,375,127,50.22733191421682,88,52,36,39.42241224794623,0.7237288135593221,89.64974416216309
502,362,140,29.598761031922685,88,51,37,40.791538461538465,0.7,70.39029949346113
502,398,104,88.39314519697422,88,55,33,46.94367819121674,0.7677966101694915,135.33682338819096
502,363,139,31.8335988599751,88,55,33,45.92241224794623,0.7084745762711865,77.75601110792137
502,374,128,54.172790305810665,88,44,44,24.753076923076925,0.7084745762711865,78.92586722888765
502,378,124,55.91873212098707,88,62,26,64.74241224794622,0.7457627118644068,120.66114436893339
502,367,135,40.05247733866344,88,56,32,49.563678191216724,0.7169491525423729,89.61615552988026
502,377,125,53.63536474921437,88,55,33,44.375216652755206,0.7322033898305085,98.01058140196966
502,389,113,73.2211827126503,88,60,28,62.712412247946226,0.7610169491525424,135.9335949605965
502,377,125,53.20912227850088,88,53,35,37.323678191216736,0.7288135593220338,90.53280046971767
502,381,121,65.24682609235224,88,51,37,36.25280440480897,0.7322033898305085,101.49963049716128
502,383,119,61.51833697555787,88,51,37,38.981265943270515,0.735593220338983,100.49960291882846
502,383,119,66.58025563707234,88,48,40,28.995216652755197,0.7305084745762712,95.57547228982763
502,353,149,20.05209685888996,88,52,36,36.80241224794622,0.6864406779661016,56.85450910683615
502,379,123,57.34381081324328,88,46,42,27.244342866347427,0.7203389830508474,84.5881536795908
502,391,111,75.36803593511277,88,54,34,47.68241224794623,0.7542372881355932,123.05044818305913
502,373,129,47.91147589570344,88,47,41,29.394342866347436,0.711864406779661,77.3058187620509
502,374,128,52.737592013471605,88,56,32,46.693286034353996,0.7288135593220338,99.43087804782567
502,388,114,71.83286398226379,88,52,36,42.25126594327052,0.7457627118644068,114.08412992553433
502,379,123,53.0670920295969,88,54,34,45.31193061840122,0.7338983050847457,98.37902264799821
502,377,125,56.95433494254829,88,49,39,33.683950709484684,0.7220338983050848,90.63828565203302
502,372,130,49.04052579408704,88,53,35,37.29521665275521,0.7203389830508474,86.3357424468423
502,366,136,36.035945085353575,88,48,40,33.742412247946234,0.7016949152542373,69.77835733329984
502,374,128,53.68719449207479,88,51,37,40.09434286634743,0.7203389830508474,93.78153735842228
502,366,136,38.48805056165353,88,49,39,35.06367819121674,0.7033898305084746,73.5517287528703
502,372,130,48.64121309271016,88,56,32,49.485216652755206,0.7254237288135593,98.1264297454654
502,368,134,39.42030831338782,88,55,33,50.38213972967827,0.7169491525423729,89.8024480430662
502,377,125,55.0844356154454,88,56,32,55.47434286634743,0.7338983050847457,110.55877848179294
502,371,131,47.3271748091025,88,50,38,35.63482449589246,0.7135593220338983,82.96199930499496
502,377,125,56.509535481924516,88,52,36,41.43280440480897,0.7271186440677966,97.94233988673359
502,371,131,44.18781622983626,88,49,39,26.00241224794623,0.711864406779661,70.19022847778251
502,377,125,57.348220896001735,88,49,39,37.321930618401204,0.7220338983050848,94.67015151440306
502,390,112,74.79321556731384,88,48,40,28.343678191216735,0.7423728813559322,103.13689375853062
502,364,138,36.49773703399689,88,51,37,38.28280440480897,0.7033898305084746,74.78054143880587
502,378,124,55.73032015210463,88,50,38,35.69434286634744,0.7254237288135593,91.42466301845211
502,383,119,64.80355518347176,88,46,42,31.024342866347432,0.7271186440677966,95.82789804981932
502,382,120,65.08834761995342,88,49,39,35.762412247946216,0.7305084745762712,100.8507598678996
502,378,124,55.82009745785058,88,46,42,24.032412247946237,0.7186440677966102,79.85250970579686
502,380,122,60.26808225251536,88,50,38,36.12280440480898,0.7288135593220338,96.39088665732439
502,380,122,58.16370562744195,88,41,47,14.890873786407768,0.7135593220338983,73.05457941384972
502,364,138,34.667938954746155,88,53,35,36.66434286634743,0.7067796610169491,71.33228182109362
502,377,125,51.11370793643348,88,55,33,44.513286034353996,0.7322033898305085,95.62699397078757
502,371,131,44.35082981141535,88,57,31,52.8352166527552,0.7254237288135593,97.18604646417067
502,380,122,57.368647986928586,88,42,46,19.049999999999997,0.7152542372881356,76.41864798692875
502,387,115,67.23872464188428,88,48,40,27.104342866347434,0.7372881355932204,94.34306750823173
502,368,134,40.22411187563181,88,54,34,47.643678191216736,0.7152542372881356,87.86779006684858
502,388,114,69.9585906573862,88,48,40,34.813678191216745,0.7389830508474576,104.77226884860298
502,379,123,53.29701668267635,88,56,32,45.283678191216744,0.7372881355932204,98.58069487389321
502,391,111,73.73479986807531,88,56,32,48.88213972967827,0.7576271186440678,122.61693959775366
502,384,118,68.20255307836152,88,47,41,31.164342866347425,0.7305084745762712,99.366895944709
502,378,124,55.56751929117014,88,50,38,34.47434286634744,0.7254237288135593,90.04186215751767
502,354,148,19.601624115039325,88,43,45,14.563286034353995,0.6728813559322034,34.16491014939329
502,381,121,61.90945633890948,88,48,40,33.093286034353994,0.7271186440677966,95.0027423732635
502,365,137,33.91011715083773,88,51,37,39.37126594327053,0.7050847457627119,73.28138309410835
502,372,130,48.39906938026219,88,47,41,28.55241224794623,0.7101694915254237,76.95148162820853
502,386,116,66.63810083192786,88,55,33,40.58193061840121,0.747457627118644,107.22003145032907
502,382,120,62.06816437217046,88,41,47,16.39039215686275,0.7169491525423729,78.45855652903322
502,369,133,43.33046791366669,88,54,34,49.63307692307691,0.7169491525423729,92.96354483674381
502,380,122,61.86646191076404,88,48,40,31.250873786407766,0.7254237288135593,93.11733569717185
502,378,124,58.297441149830554,88,45,43,25.243286034353996,0.7169491525423729,83.54072718418462
502,378,124,55.87839696106932,88,53,35,42.23213972967828,0.7305084745762712,98.11053669074765
502,383,119,65.06865673989411,88,53,35,35.46280440480898,0.7389830508474576,100.53146114470317
502,363,139,34.124668530450506,88,43,45,11.341930618401207,0.688135593220339,45.46659914885172
502,387,115,75.05470803679823,88,53,35,33.44482449589246,0.7457627118644068,108.4995325326907
502,388,114,70.58170022822256,88,54,34,49.20126594327051,0.7491525423728813,119.78296617149311
502,366,136,36.78337454351567,88,47,41,27.93328603435399,0.7,64.71666057786965
502,373,129,50.470875230459164,88,54,34,44.132804404808965,0.7237288135593221,94.60367963526811
502,374,128,50.55221560366171,88,49,39,30.54280440480898,0.7169491525423729,81.09502000847064
502,386,116,70.30789314465983,88,46,42,29.213678191216744,0.7322033898305085,99.52157133587659
502,372,130,45.12709219409735,88,46,42,26.832804404808975,0.7084745762711865,71.95989659890635
502,384,118,68.23514858293926,88,60,28,62.60213972967828,0.752542372881356,130.83728831261755
502,398,104,86.84112325412761,88,58,30,54.66213972967828,0.7728813559322034,141.5032629838058
502,375,127,53.86653108145839,88,47,41,29.961930618401215,0.7152542372881356,83.82846169985963
502,383,119,65.28285435780361,88,52,36,38.04280440480897,0.7372881355932204,103.3256587626127
502,379,123,57.220258924975575,88,52,36,39.742139729678286,0.7305084745762712,96.96239865465391
502,376,126,51.08336692468284,88,48,40,27.78039215686274,0.7186440677966102,78.86375908154565
502,379,123,54.79788162981759,88,58,30,56.30434286634743,0.7406779661016949,111.10222449616512
502,376,126,53.854747043370025,88,53,35,34.91395070948468,0.7271186440677966,88.7686977528548
502,374,128,47.43665305675145,88,50,38,30.533286034353996,0.7186440677966102,77.96993909110545
502,366,136,40.682109181753454,88,52,36,39.702804404808965,0.7084745762711865,80.38491358656249
502,356,146,18.546994481462683,88,44,44,23.8552166527552,0.6779661016949152,42.40221113421787
502,365,137,36.83031223085386,88,49,39,35.27213972967828,0.7016949152542373,72.10245196053218
502,347,155,11.459097738720123,88,50,38,33.193678191216755,0.6728813559322034,44.65277592993685
502,379,123,61.1350052090971,88,47,41,30.782804404808974,0.7220338983050848,91.91780961390612
502,385,117,68.95739026217527,88,48,40,31.252412247946232,0.7338983050847457,100.20980251012158
502,369,133,43.103010277483385,88,55,33,47.24367819121673,0.7186440677966102,90.34668846870021
502,369,133,42.4299251030234,88,53,35,45.031538461538474,0.7152542372881356,87.46146356456191
502,378,124,55.30581104792334,88,46,42,27.47174757281553,0.7186440677966102,82.77755862073892
502,387,115,73.89672820276299,88,51,37,40.35280440480897,0.7423728813559322,114.24953260757208
502,379,123,57.678024961952005,88,52,36,43.70126594327051,0.7305084745762712,101.37929090522259
502,387,115,68.98107682379516,88,54,34,45.263286034354,0.747457627118644,114.24436285814922
502,375,127,48.61326126649461,88,57,31,50.023678191216746,0.7322033898305085,98.6369394577115
502,376,126,49.88321081773926,88,59,29,50.3952166527552,0.7372881355932204,100.27842747049452
502,370,132,42.96384054846665,88,46,42,29.382412247946235,0.7050847457627119,72.34625279641293
502,365,137,37.557468990395776,88,50,38,34.013950709484696,0.7033898305084746,71.57141969988042
502,372,130,44.33030982578138,88,52,36,39.74367819121674,0.7186440677966102,84.0739880169982
502,378,124,55.46607899039413,88,48,40,21.225216652755194,0.7220338983050848,76.6912956431494
502,392,110,77.53668826608693,88,51,37,37.552139729678274,0.7508474576271187,115.0888279957652
502,375,127,48.80505948569295,88,51,37,38.31241224794622,0.7220338983050848,87.1174717336393
502,391,111,76.98678671945866,88,47,41,28.625216652755213,0.7423728813559322,105.612003372214
502,365,137,39.00405939961153,88,47,41,22.9352166527552,0.6983050847457627,61.93927605236675
502,357,145,21.978340153334027,88,47,41,26.383286034354,0.6847457627118644,48.36162618768801
502,375,127,52.82417673305705,88,47,41,25.43126594327051,0.7152542372881356,78.25544267632753
502,371,131,47.28986483098169,88,55,33,49.13280440480897,0.7220338983050848,96.42266923579072
502,372,130,46.94473819234205,88,47,41,27.642804404808974,0.7101694915254237,74.58754259715107
502,388,114,73.7967190812119,88,58,30,55.13193061840121,0.7559322033898305,128.92864969961317
502,376,126,49.69977457781016,88,50,38,33.884342866347446,0.7220338983050848,83.58411744415768
502,381,121,63.50860852658157,88,49,39,33.313469079939665,0.7288135593220338,96.82207760652132
502,367,135,37.63773082994563,88,52,36,41.033678191216744,0.7101694915254237,78.67140902116238
502,378,124,55.86619561882485,88,47,41,33.32241224794622,0.7203389830508474,89.18860786677119
502,371,131,45.64046458069744,88,55,33,48.32482449589246,0.7220338983050848,93.96528907658997
502,381,121,57.47881444061086,88,49,39,25.014342866347434,0.7288135593220338,82.49315730695841
502,377,125,57.96064818829322,88,47,41,29.550392156862753,0.7186440677966102,87.51104034515599
502,384,118,65.35490244600568,88,47,41,26.18087378640777,0.7305084745762712,91.53577623241347
502,387,115,71.6415458549479,88,46,42,25.81328603435399,0.7338983050847457,97.454831889302
502,369,133,42.367821140822976,88,49,39,34.14174757281554,0.7084745762711865,76.50956871363856
502,376,126,52.91685063439024,88,57,31,47.203286034354,0.7338983050847457,100.1201366687443
502,379,123,59.510290040481316,88,56,32,50.0952166527552,0.7372881355932204,109.6055066932366
502,369,133,42.634296669603884,88,41,47,8.122139729678281,0.6949152542372882,50.75643639928219
502,366,136,40.06720841998497,88,51,37,42.67241224794623,0.7067796610169491,82.73962066793138
502,372,130,46.290395902694335,88,46,42,29.760873786407778,0.7084745762711865,76.05126968910216
502,370,132,47.77152985612659,88,46,42,27.94000000000001,0.7050847457627119,75.71152985612665
502,379,123,59.45249007892379,88,55,33,44.05482449589246,0.735593220338983,103.50731457481626
502,379,123,59.5716478308716,88,54,34,43.06280440480897,0.7338983050847457,102.63445223568067
502,375,127,53.27525476464536,88,38,50,2.180392156862748,0.7,55.455646921508084
502,369,133,41.78802455646403,88,54,34,46.500873786407766,0.7169491525423729,88.28889834287189
502,386,116,70.98257053540411,88,53,35,42.163286034354,0.7440677966101695,113.14585656975821
502,361,141,32.370204866253886,88,52,36,38.85395070948469,0.7,71.22415557573862
502,363,139,30.446124787945454,88,52,36,42.81280440480897,0.7033898305084746,73.25892919275451
502,369,133,42.256355910592056,88,54,34,47.82367819121675,0.7169491525423729,90.08003410180888
502,367,135,37.925892330663345,88,49,39,30.714342866347444,0.7050847457627119,68.64023519701082
502,373,129,49.40459451085488,88,56,32,52.54346907993967,0.7271186440677966,101.94806359079458
502,380,122,59.42061887198817,88,49,39,32.69126594327051,0.7271186440677966,92.1118848152588
502,384,118,64.72775497899096,88,56,32,51.33395070948469,0.7457627118644068,116.06170568847573
502,379,123,57.715982892370604,88,51,37,38.042804404808976,0.7288135593220338,95.75878729717958
502,358,144,27.341130965295154,88,56,32,51.61328603435399,0.7016949152542373,78.9544169996491
502,387,115,74.22098512112954,88,58,30,55.38280440480898,0.7542372881355932,129.6037895259386
502,385,117,66.87189202468932,88,53,35,46.173286034353985,0.7423728813559322,113.04517805904334
502,399,103,90.81368961485109,88,36,52,0.6712659432705128,0.7372881355932204,91.48495555812158
502,377,125,54.95414041319937,88,50,38,35.53434286634744,0.7237288135593221,90.48848327954686
502,382,120,62.433918418324374,88,52,36,39.960392156862746,0.735593220338983,102.39431057518719
502,362,140,30.776097092432817,88,48,40,27.400392156862754,0.6949152542372882,58.17648924929552
502,369,133,42.66312665704106,88,49,39,37.50241224794622,0.7084745762711865,80.16553890498732
502,392,110,82.47637968188292,88,47,41,27.943286034354003,0.7440677966101695,110.41966571623696
502,369,133,43.83492453537681,88,56,32,49.374342866347426,0.7203389830508474,93.2092674017243
502,381,121,60.331006467151724,88,55,33,47.614824495892464,0.7389830508474576,107.94583096304423
502,383,119,64.92087619491095,88,54,34,44.100873786407774,0.7406779661016949,109.02174998131872
502,366,136,38.23185315696686,88,47,41,26.323076923076922,0.7,64.55493008004379
502,359,143,24.037673781252316,88,58,30,55.122804404808974,0.7067796610169491,79.16047818606128
502,363,139,31.549256172429885,88,50,38,41.393286034353984,0.7,72.94254220678395
502,379,123,57.74931486771518,88,55,33,48.47367819121674,0.735593220338983,106.22299305893206
502,382,120,63.284652485959626,88,57,31,46.63153846153846,0.7440677966101695,109.91619094749817
502,377,125,53.38332107196368,88,52,36,42.01280440480897,0.7271186440677966,95.39612547677272
502,369,133,39.796260079763286,88,53,35,39.7652166527552,0.7152542372881356,79.56147673251853
502,386,116,67.9481142842769,88,46,42,24.33153846153846,0.7322033898305085,92.27965274581551
502,379,123,55.31420453142183,88,49,39,30.873950709484703,0.7254237288135593,86.1881552409066
502,374,128,50.16570858385416,88,49,39,35.85193061840121,0.7169491525423729,86.01763920225548
502,379,123,59.224230252679774,88,53,35,43.41087378640776,0.7322033898305085,102.63510403908764
502,392,110,76.11417502749241,88,49,39,31.65280440480898,0.747457627118644,107.76697943230143
502,355,147,18.59658216483501,88,54,34,45.4139507094847,0.6932203389830508,64.0105328743197
502,378,124,57.426792493581054,88,51,37,35.52367819121673,0.7271186440677966,92.9504706847978
502,367,135,38.871879192111976,88,48,40,33.59087378640777,0.7033898305084746,72.4627529785198
502,376,126,54.80479979680239,88,50,38,40.70087378640778,0.7220338983050848,95.50567358321025
502,387,115,72.16218119098592,88,53,35,43.223076923076924,0.7457627118644068,115.38525811406294
502,374,128,48.68184994456702,88,51,37,40.063950709484686,0.7203389830508474,88.74580065405179
502,359,143,26.37397863811034,88,55,33,47.19367819121673,0.7016949152542373,73.5676568293271
502,382,120,60.51227760890516,88,48,40,33.533286034354,0.7288135593220338,94.04556364325919
502,387,115,71.75559469240733,88,48,40,28.6439507094847,0.7372881355932204,100.39954540189207
502,374,128,49.47193806564497,88,47,41,24.053286034353995,0.7135593220338983,73.52522409999905
502,367,135,39.186757190762364,88,51,37,39.362139729678276,0.7084745762711865,78.54889692044065
502,382,120,62.74241197118749,88,51,37,43.21280440480896,0.7338983050847457,105.95521637599651
502,380,122,58.05973073486506,88,49,39,34.20213972967828,0.7271186440677966,92.26187046454343
502,381,121,60.898806113706456,88,53,35,36.38174757281554,0.735593220338983,97.28055368652208
502,380,122,57.99987804917389,88,45,43,25.90367819121674,0.7203389830508474,83.90355624039077
502,369,133,46.13262707844267,88,53,35,44.994824495892445,0.7152542372881356,91.12745157433515
502,382,120,63.1980612885458,88,48,40,29.00434286634744,0.7288135593220338,92.20240415489334
502,368,134,40.74203566413059,88,47,41,24.983286034354002,0.7033898305084746,65.72532169848456
502,369,133,44.583901954938,88,50,38,32.93434286634744,0.7101694915254237,77.51824482128545
502,372,130,51.5561992591989,88,54,34,44.903286034354004,0.7220338983050848,96.45948529355296
502,387,115,66.67474851967447,88,49,39,36.612804404808976,0.7389830508474576,103.28755292448346
502,376,126,51.327524403331374,88,49,39,33.792804404808976,0.7203389830508474,85.12032880814041
502,364,138,35.847516085687296,88,59,29,58.39367819121675,0.7169491525423729,94.24119427690411
502,390,112,76.37385305394363,88,49,39,29.26280440480898,0.7440677966101695,105.63665745875264
502,374,128,50.04046816981892,88,58,30,52.09434286634743,0.7322033898305085,102.1348110361664
502,363,139,32.03954194569307,88,54,34,44.32482449589245,0.7067796610169491,76.36436644158552
502,386,116,67.26510519233976,88,59,29,61.463678191216744,0.7542372881355932,128.7287833835565
502,371,131,44.85902834695574,88,45,43,22.153678191216745,0.7050847457627119,67.0127065381725
502,375,127,49.555295197749736,88,47,41,26.07153846153846,0.7152542372881356,75.62683365928825
502,365,137,38.15621451353424,88,42,46,18.1619306184012,0.6898305084745763,56.31814513193545
502,376,126,52.0691036108758,88,50,38,35.19280440480898,0.7220338983050848,87.26190801568484
502,377,125,54.465460439107716,88,52,36,37.77367819121674,0.7271186440677966,92.23913863032455
502,381,121,57.88866423293859,88,46,42,24.242139729678282,0.7237288135593221,82.13080396261697
502,374,128,50.758078141844976,88,55,33,45.02280440480898,0.7271186440677966,95.78088254665397
502,374,128,49.575406528432275,88,52,36,41.54328603435399,0.7220338983050848,91.11869256278628
502,375,127,50.64645685598604,88,56,32,47.89280440480897,0.7305084745762712,98.53926126079503
502,370,132,50.01947644229607,88,40,48,10.99367819121674,0.6949152542372882,61.01315463351276
502,386,116,70.09642120018053,88,57,31,54.793678191216735,0.7508474576271187,124.89009939139729
502,371,131,45.4553592057628,88,62,26,57.5152166527552,0.7338983050847457,102.97057585851812
502,376,126,51.03528682806245,88,51,37,35.522412247946235,0.7237288135593221,86.5576990760087
502,369,133,43.15185535583763,88,60,28,59.06328603435399,0.7271186440677966,102.21514139019166
502,378,124,57.58057093515027,88,46,42,24.092804404808977,0.7186440677966102,81.67337533995934
502,367,135,38.42880776423646,88,45,43,19.375216652755203,0.6983050847457627,57.804024416991616
502,377,125,53.7733819762784,88,50,38,39.50434286634743,0.7237288135593221,93.27772484262584
502,387,115,71.59660029560752,88,45,43,26.29280440480897,0.7322033898305085,97.88940470041655
502,372,130,45.50654575566435,88,53,35,42.73434286634745,0.7203389830508474,88.2408886220118
502,379,123,57.275913006333475,88,58,30,52.67280440480897,0.7406779661016949,109.94871741114251
502,387,115,68.26583780795846,88,48,40,27.542804404808972,0.7372881355932204,95.80864221276744
502,382,120,60.3760356708134,88,52,36,43.181538461538466,0.735593220338983,103.55757413235195
502,381,121,59.20020702172211,88,52,36,36.57346907993966,0.7338983050847457,95.77367610166182
502,367,135,39.029468320165336,88,40,48,13.451747572815533,0.6898305084745763,52.48121589298083
502,382,120,62.749394257894565,88,55,33,48.27241224794623,0.7406779661016949,111.02180650584086
502,385,117,66.3353272276616,88,53,35,41.552804404808974,0.7423728813559322,107.88813163247062
502,361,141,30.96534045416152,88,56,32,50.052804404808974,0.7067796610169491,81.0181448589705
502,358,144,26.324569481510885,88,49,39,29.570392156862752,0.6898305084745763,55.8949616383736
502,380,122,61.62195977634459,88,57,31,53.12434286634743,0.7406779661016949,114.74630264269214
502,367,135,39.308046149905714,88,50,38,34.45280440480898,0.7067796610169491,73.76085055471466
502,393,109,79.5192337826406,88,53,35,38.265216652755214,0.7559322033898305,117.7844504353959
502,376,126,54.30930275173271,88,52,36,41.91280440480897,0.7254237288135593,96.22210715654177
502,382,120,67.22255803733266,88,46,42,26.991538461538465,0.7254237288135593,94.2140964988711
502,384,118,71.09454781423565,88,44,44,17.98434286634743,0.7254237288135593,89.07889068058311
502,392,110,79.27400887953947,88,50,38,35.31307692307692,0.7491525423728813,114.58708580261637
502,357,145,25.655106990111307,88,53,35,41.96434286634743,0.6949152542372882,67.61944985645887
502,361,141,31.349110325740234,88,43,45,19.523678191216742,0.6847457627118644,50.87278851695701
502,355,147,21.579955469043338,88,47,41,30.722139729678283,0.6813559322033899,52.302095198721595
502,378,124,53.52185371318796,88,44,44,19.952412247946235,0.7152542372881356,73.47426596113422
502,359,143,30.560676330814992,88,44,44,22.483950709484684,0.6830508474576271,53.044627040299666
502,384,118,66.19674405414332,88,48,40,28.953950709484683,0.7322033898305085,95.15069476362812
502,373,129,44.22800527700351,88,61,27,63.663950709484695,0.735593220338983,107.89195598648823
502,384,118,67.71506472547122,88,46,42,30.302804404808967,0.7288135593220338,98.01786913028022
502,369,133,43.9248593818135,88,40,48,11.223950709484692,0.6932203389830508,55.14881009129819
502,372,130,45.62495033796601,88,52,36,40.272139729678265,0.7186440677966102,85.89709006764436
502,376,126,54.46795906930591,88,47,41,30.161538461538466,0.7169491525423729,84.62949753084449
502,387,115,68.46217420399248,88,49,39,29.570000000000004,0.7389830508474576,98.03217420399251
502,374,128,52.240196191058516,88,47,41,23.413286034354,0.7135593220338983,75.65348222541253
502,380,122,57.84778904499716,88,44,44,23.200392156862748,0.7186440677966102,81.04818120185998
502,376,126,56.15469381332758,88,46,42,26.79153846153847,0.7152542372881356,82.94623227486606
502,369,133,41.18770139258544,88,51,37,33.573678191216736,0.711864406779661,74.76137958380224
502,363,139,39.91671126355578,88,51,37,32.64367819121674,0.7016949152542373,72.5603894547725
502,370,132,46.49246131335967,88,51,37,41.56153846153847,0.7135593220338983,88.0539997748982
502,371,131,46.01574394630059,88,48,40,28.53482449589246,0.7101694915254237,74.55056844219301
502,371,131,48.10469873388613,88,44,44,19.664824495892457,0.7033898305084746,67.76952322977864
502,387,115,70.61692175161852,88,51,37,39.03193061840122,0.7423728813559322,109.64885237001971
502,370,132,48.91264118769625,88,50,38,26.463678191216744,0.711864406779661,75.376319378913
502,384,118,63.08596568563755,88,47,41,28.67280440480898,0.7305084745762712,91.75877009044657
502,366,136,38.48790740650995,88,53,35,45.8352166527552,0.7101694915254237,84.32312405926518
502,383,119,64.1058940925237,88,51,37,43.97213972967828,0.735593220338983,108.0780338222021
502,377,125,56.27338797756298,88,60,28,57.1952166527552,0.7406779661016949,113.4686046303183
502,379,123,54.592220667191064,88,57,31,49.79395070948469,0.7389830508474576,104.38617137667588
502,388,114,72.80613030417499,88,51,37,38.052139729678295,0.7440677966101695,110.85827003385327
502,366,136,37.028008320091274,88,48,40,30.283678191216744,0.7016949152542373,67.31168651130804
502,386,116,66.94129861445305,88,49,39,33.94434286634744,0.7372881355932204,100.8856414808006
502,375,127,55.34288647511074,88,47,41,25.993076923076924,0.7152542372881356,81.33596339818773
502,383,119,63.446092658096546,88,45,43,24.09126594327051,0.7254237288135593,87.53735860136712
502,390,112,75.23857127789701,88,56,32,49.94367819121673,0.7559322033898305,125.18224946911384
502,377,125,52.60005773016195,88,45,43,22.252412247946232,0.7152542372881356,74.85246997810826
502,363,139,33.24517495669878,88,44,44,19.00521665275521,0.6898305084745763,52.25039160945399
502,371,131,45.20277278965432,88,49,39,34.27280440480897,0.711864406779661,79.47557719446331
502,379,123,55.470720326141574,88,45,43,21.44434286634744,0.7186440677966102,76.91506319248904
502,368,134,42.13779969989976,88,51,37,41.00000000000001,0.7101694915254237,83.13779969989977
502,385,117,65.98464853212951,88,50,38,31.943469079939675,0.7372881355932204,97.9281176120693
502,384,118,64.2143942422315,88,53,35,41.04367819121675,0.7406779661016949,105.25807243344829
502,368,134,41.20085505674317,88,47,41,29.054342866347437,0.7033898305084746,70.25519792309063
502,383,119,66.11887028727719,88,49,39,34.24174757281553,0.7322033898305085,100.36061786009272
502,364,138,34.428955500414965,88,48,40,27.71280440480897,0.6983050847457627,62.14175990522392
502,376,126,53.48274344777662,88,48,40,27.19241224794623,0.7186440677966102,80.67515569572288
502,365,137,37.04709886698392,88,53,35,38.0839507094847,0.7084745762711865,75.13104957646868
502,373,129,47.47015244227185,88,48,40,37.450873786407776,0.7135593220338983,84.92102622867972
502,383,119,64.74769540200667,88,43,45,16.15126594327051,0.7220338983050848,80.89896134527721
502,379,123,59.65878039885412,88,52,36,39.683286034354,0.7305084745762712,99.34206643320819
502,387,115,71.4681153298882,88,53,35,44.191538461538464,0.7457627118644068,115.65965379142672
502,382,120,59.7290745758692,88,47,41,32.05395070948468,0.7271186440677966,91.78302528535396
502,385,117,68.69448547253707,88,48,40,28.023950709484694,0.7338983050847457,96.71843618202179
502,371,131,48.81949515357406,88,47,41,23.863076923076918,0.7084745762711865,72.68257207665107
502,372,130,41.39394155927125,88,52,36,39.84280440480898,0.7186440677966102,81.23674596408028
502,367,135,37.30045935609202,88,50,38,32.34395070948469,0.7067796610169491,69.64441006557676
502,382,120,63.18195850777889,88,52,36,41.41241224794622,0.735593220338983,104.59437075572518
502,366,136,35.468561443983496,88,47,41,27.383076923076928,0.7,62.85163836706042
502,376,126,56.36411916136898,88,42,46,16.171265943270516,0.7084745762711865,72.53538510463956
502,381,121,58.33245891318996,88,45,43,24.432804404808984,0.7220338983050848,82.76526331799903
502,364,138,34.34825072946256,88,47,41,28.700873786407776,0.6966101694915254,63.049124515870346
502,380,122,59.723453501801615,88,47,41,22.032804404808967,0.7237288135593221,81.75625790661063
502,384,118,69.45289045000186,88,45,43,21.842804404808973,0.7271186440677966,91.29569485481089
502,367,135,37.56030868902364,88,44,44,25.25434286634744,0.6966101694915254,62.814651555371086
502,368,134,41.36238147661064,88,46,42,26.191265943270515,0.7016949152542373,67.55364741988113
502,372,130,47.19738665616186,88,61,27,61.25241224794624,0.7338983050847457,108.44979890410818
502,376,126,52.71888027310457,88,50,38,30.401265943270516,0.7220338983050848,83.12014621637518
502,389,113,75.60163141172805,88,50,38,32.91482449589246,0.7440677966101695,108.51645590762064
502,360,142,30.49679983395937,88,56,32,52.5952166527552,0.7050847457627119,83.09201648671464
502,378,124,57.82063490531252,88,52,36,38.60346907993967,0.7288135593220338,96.42410398525222
502,376,126,54.26531739939577,88,51,37,39.903286034354,0.7237288135593221,94.16860343374984
502,374,128,51.56631891827636,88,50,38,29.8552166527552,0.7186440677966102,81.42153557103154
502,362,140,30.568327581716126,88,44,44,13.392412247946224,0.688135593220339,43.96073982966232
502,388,114,75.40075420792058,88,53,35,41.684342866347436,0.747457627118644,117.08509707426799
502,375,127,53.17528008054545,88,41,47,14.833076923076927,0.7050847457627119,68.00835700362241
502,360,142,29.203324347201594,88,48,40,28.373950709484685,0.6915254237288135,57.577275056686275
502,363,139,33.240934385544016,88,45,43,22.740000000000006,0.6915254237288135,55.980934385544
502,383,119,66.93507340233523,88,46,42,26.721265943270517,0.7271186440677966,93.6563393456058
502,356,146,24.477148268602992,88,47,41,28.10280440480898,0.6830508474576271,52.57995267341194
502,387,115,69.93433967724388,88,55,33,42.621265943270515,0.7491525423728813,112.55560562051448
502,389,113,77.86149539675095,88,51,37,35.33087378640777,0.7457627118644068,113.19236918315879
502,377,125,54.25597378271911,88,60,28,59.32213972967827,0.7406779661016949,113.57811351239747
502,372,130,44.94857232992103,88,52,36,41.164342866347425,0.7186440677966102,86.11291519626852
502,372,130,42.56022244262169,88,40,48,10.732804404808974,0.6983050847457627,53.293026847430674
502,369,133,48.59379028140127,88,55,33,43.894342866347436,0.7186440677966102,92.48813314774874
502,377,125,55.552514369360146,88,55,33,49.33328603435399,0.7322033898305085,104.88580040371426
502,370,132,44.250454086362396,88,41,47,16.185216652755198,0.6966101694915254,60.43567073911757
502,371,131,44.03170990544565,88,54,34,46.35434286634742,0.7203389830508474,90.38605277179312
502,369,133,38.14709840292611,88,52,36,39.94241224794623,0.7135593220338983,78.08951065087234
502,361,141,35.32240033119915,88,50,38,35.37241224794623,0.6966101694915254,70.69481257914542
502,377,125,52.16366755847252,88,49,39,35.98346907993967,0.7220338983050848,88.14713663841225
502,387,115,71.16456269870349,88,61,27,58.95367819121674,0.7593220338983051,130.1182408899203
502,365,137,36.66163669317115,88,45,43,20.501930618401207,0.6949152542372882,57.16356731157238
502,372,130,49.61649192810054,88,44,44,19.65346907993966,0.7050847457627119,69.26996100804024
502,377,125,56.72304598892935,88,55,33,47.732804404808974,0.7322033898305085,104.45585039373842
502,381,121,62.06950946116134,88,50,38,31.670392156862746,0.7305084745762712,93.73990161802413
502,371,131,43.96267652510834,88,53,35,42.18126594327051,0.7186440677966102,86.14394246837887
502,381,121,63.28882981937387,88,47,41,25.63087378640777,0.7254237288135593,88.91970360578163
502,380,122,61.39799632711445,88,47,41,24.05482449589246,0.7237288135593221,85.45282082300697
502,377,125,55.07895732085708,88,56,32,48.29126594327052,0.7338983050847457,103.37022326412763
502,378,124,58.91098084972356,88,50,38,38.55346907993967,0.7254237288135593,97.4644499296633
502,393,109,80.90245199156476,88,50,38,36.560873786407775,0.7508474576271187,117.46332577797254
502,385,117,66.75762232372549,88,53,35,41.273286034354,0.7423728813559322,108.03090835807957
502,372,130,48.67545323316906,88,50,38,36.05307692307693,0.7152542372881356,84.72853015624602
502,390,112,76.54655992911037,88,48,40,32.56395070948469,0.7423728813559322,109.11051063859509
502,377,125,53.42267186896174,88,48,40,34.01367819121675,0.7203389830508474,87.43635006017861
502,363,139,31.806655649605098,88,56,32,50.46521665275521,0.7101694915254237,82.27187230236034
502,371,131,41.20909553706106,88,56,32,45.775216652755205,0.7237288135593221,86.98431218981627
502,376,126,56.22286131738355,88,45,43,22.52521665275521,0.7135593220338983,78.74807797013882
502,377,125,57.77068168356507,88,48,40,27.373076923076923,0.7203389830508474,85.14375860664207
502,367,135,42.118703807793146,88,48,40,31.014342866347437,0.7033898305084746,73.13304667414066
502,377,125,53.89006088769808,88,58,30,56.43087378640778,0.7372881355932204,110.32093467410591
502,357,145,24.67748652206526,88,49,39,36.512804404808975,0.688135593220339,61.19029092687418
502,373,129,48.62749041903923,88,52,36,41.13367819121674,0.7203389830508474,89.76116861025601
502,394,108,80.39966039909542,88,51,37,38.14434286634744,0.7542372881355932,118.54400326544292
502,358,144,21.051128324966925,88,54,34,44.99241224794623,0.6983050847457627,66.04354057291319
502,398,104,84.65027187118477,88,53,35,40.025216652755205,0.764406779661017,124.67548852393999
502,366,136,40.823607799313315,88,48,40,31.590000000000003,0.7016949152542373,72.41360779931335
502,379,123,54.12583307872166,88,47,41,27.350873786407774,0.7220338983050848,81.47670686512954
502,394,108,80.74955339170089,88,49,39,34.21280440480898,0.7508474576271187,114.96235779650996
502,398,104,86.94644711561251,88,60,28,56.92521665275521,0.7762711864406779,143.87166376836768
502,384,118,65.72839511057617,88,54,34,46.95174757281555,0.7423728813559322,112.68014268339175
502,373,129,45.83260943706541,88,40,48,12.171747572815537,0.7,58.00435700988095
502,375,127,53.68051370141724,88,46,42,25.982412247946232,0.7135593220338983,79.6629259493635
502,378,124,56.436236538943945,88,45,43,24.393076923076922,0.7169491525423729,80.82931346202086
502,375,127,53.2474131812464,88,52,36,38.77174757281554,0.7237288135593221,92.01916075406199
502,366,136,38.34742660614937,88,55,33,43.231747572815536,0.7135593220338983,81.57917417896498
502,374,128,50.60555233506864,88,46,42,23.14280440480897,0.711864406779661,73.7483567398777
502,364,138,34.9515059559289,88,53,35,43.57482449589245,0.7067796610169491,78.5263304518214
502,364,138,33.991277193401444,88,57,31,54.38367819121674,0.7135593220338983,88.37495538461833
502,371,131,47.813001596907995,88,50,38,38.71241224794623,0.7135593220338983,86.52541384485426
502,365,137,35.975064673304146,88,43,45,14.8552166527552,0.6915254237288135,50.83028132605937
502,378,124,55.41890876982318,88,47,41,30.212804404808974,0.7203389830508474,85.6317131746322
502,380,122,60.33761694972427,88,45,43,19.71434286634744,0.7203389830508474,80.0519598160717
502,368,134,40.19471125020604,88,55,33,46.50126594327051,0.7169491525423729,86.69597719347658
502,387,115,69.71968410159836,88,58,30,53.40241224794623,0.7542372881355932,123.12209634954468
502,366,136,37.316906162563654,88,53,35,42.48367819121673,0.7101694915254237,79.8005843537804
502,373,129,49.09147485457933,88,54,34,44.96280440480898,0.7237288135593221,94.05427925938835
502,374,128,49.53848761486269,88,45,43,25.184342866347436,0.7101694915254237,74.72283048121017
502,367,135,40.64840887336946,88,57,31,53.58521665275519,0.7186440677966102,94.23362552612474
502,394,108,80.9148191351152,88,44,44,19.713678191216736,0.7423728813559322,100.62849732633195
502,360,142,31.15735307201413,88,56,32,50.34367819121674,0.7050847457627119,81.50103126323089
502,385,117,67.00304544384498,88,46,42,27.304824495892458,0.7305084745762712,94.3078699397375
502,387,115,70.0016938280883,88,47,41,29.10482449589245,0.735593220338983,99.10651832398077
502,386,116,68.46736983996239,88,45,43,21.042412247946228,0.7305084745762712,89.50978208790863
502,376,126,50.66467014527809,88,52,36,40.66193061840121,0.7254237288135593,91.32660076367942
502,393,109,79.18387550919768,88,46,42,24.342139729678276,0.7440677966101695,103.52601523887606
502,375,127,50.08477328963904,88,56,32,49.87367819121673,0.7305084745762712,99.95845148085587
502,384,118,67.5712000372217,88,56,32,44.754342866347436,0.7457627118644068,112.3255429035691
502,360,142,30.100796490457473,88,45,43,25.763678191216748,0.6864406779661016,55.86447468167422
502,378,124,56.43465979108482,88,51,37,38.16367819121674,0.7271186440677966,94.59833798230167
502,376,126,49.85149376377358,88,52,36,40.86346907993966,0.7254237288135593,90.71496284371328
502,386,116,66.44351669251155,88,49,39,30.11280440480898,0.7372881355932204,96.55632109732058
502,379,123,60.33329464918984,88,50,38,36.09434286634744,0.7271186440677966,96.42763751553733
502,374,128,50.613657497043015,88,53,35,39.653286034354004,0.7237288135593221,90.26694353139706
502,382,120,64.48606244585267,88,48,40,25.63193061840121,0.7288135593220338,90.11799306425394
502,364,138,30.25114730712711,88,56,32,53.292139729678276,0.711864406779661,83.54328703680545
502,376,126,53.01760013197242,88,51,37,31.234824495892454,0.7237288135593221,84.25242462786495
502,378,124,53.51217785688531,88,51,37,37.64126594327051,0.7271186440677966,91.15344380015584
502,362,140,29.078486087132294,88,47,41,30.203286034353994,0.6932203389830508,59.28177212148629
502,367,135,43.057942875025304,88,57,31,53.48521665275519,0.7186440677966102,96.54315952778053
502,368,134,37.27953246358272,88,47,41,26.502139729678277,0.7033898305084746,63.781672193260974
502,370,132,49.322808920740705,88,51,37,39.32280440480897,0.7135593220338983,88.64561332554969
502,366,136,37.9775601936881,88,44,44,23.24087378640777,0.6949152542372882,61.218433980095845
502,381,121,63.03793487593002,88,47,41,22.31367819121674,0.7254237288135593,85.3516130671468
502,380,122,62.275923359432085,88,51,37,37.223469079939655,0.7305084745762712,99.49939243937185
502,367,135,38.83608356625777,88,53,35,48.47367819121673,0.711864406779661,87.30976175747458
502,372,130,48.687068182275176,88,55,33,38.01241224794622,0.7237288135593221,86.69948043022147
502,387,115,69.65332435038484,88,50,38,33.802804404808974,0.7406779661016949,103.45612875519383
502,381,121,60.16510713709385,88,51,37,39.76241224794623,0.7322033898305085,99.9275193850402
502,366,136,36.4082984835727,88,46,42,19.691265943270512,0.6983050847457627,56.099564426843216
502,396,106,85.01455776958659,88,48,40,33.81367819121674,0.752542372881356,118.82823596080347
502,377,125,53.888453160232594,88,57,31,52.70434286634744,0.735593220338983,106.59279602658012
502,369,133,43.39582433160499,88,45,43,25.562139729678286,0.7016949152542373,68.95796406128329
502,379,123,57.91504425920365,88,50,38,35.11193061840121,0.7271186440677966,93.02697487760487
502,385,117,69.01176096474279,88,55,33,39.201930618401214,0.7457627118644068,108.21369158314408
502,382,120,63.54420474068296,88,49,39,30.24126594327051,0.7305084745762712,93.78547068395353
502,374,128,49.15681152578409,88,50,38,33.612804404808976,0.7186440677966102,82.76961593059312
502,394,108,84.92212352191235,88,58,30,53.87280440480899,0.7661016949152543,138.79492792672127
502,359,143,25.27766057765821,88,44,44,25.46434286634744,0.6830508474576271,50.74200344400563
502,366,136,40.29166383322929,88,50,38,35.90241224794624,0.7050847457627119,76.19407608117564
502,379,123,54.58292005688935,88,59,29,62.48193061840121,0.7423728813559322,117.06485067529057
502,386,116,68.69649656323068,88,52,36,41.96153846153848,0.7423728813559322,110.65803502476922
502,378,124,56.27100533251481,88,55,33,48.57153846153846,0.7338983050847457,104.84254379405334
502,369,133,41.95277503161951,88,51,37,38.861265943270524,0.711864406779661,80.81404097489002
502,376,126,55.119045608297334,88,55,33,43.713076923076926,0.7305084745762712,98.83212253137424
502,386,116,70.58234672715189,88,61,27,63.313678191216724,0.7576271186440678,133.89602491836862
502,379,123,57.07516751687538,88,47,41,32.30307692307693,0.7220338983050848,89.37824443995235
502,405,97,94.79791619448798,88,46,42,17.953286034353994,0.764406779661017,112.75120222884198
502,371,131,43.024332443734025,88,54,34,49.563469079939665,0.7203389830508474,92.58780152367378
502,367,135,41.443623263305426,88,51,37,38.974342866347435,0.7084745762711865,80.41796612965292
502,372,130,50.20308543540422,88,49,39,29.785216652755206,0.7135593220338983,79.98830208815949
502,375,127,51.969065412326,88,46,42,23.014824495892466,0.7135593220338983,74.9838899082185
502,383,119,65.27390165105136,88,43,45,18.263286034353992,0.7220338983050848,83.5371876854054
502,382,120,64.45510964757784,88,50,38,33.583286034353996,0.7322033898305085,98.0383956819319
502,376,126,51.87786088884033,88,53,35,42.33367819121674,0.7271186440677966,94.21153908005712
502,367,135,38.38158979124363,88,49,39,33.79482449589247,0.7050847457627119,72.17641428713607
502,367,135,42.788758778525846,88,51,37,34.494824495892466,0.7084745762711865,77.28358327441833
502,373,129,48.02141473212808,88,50,38,37.85434286634742,0.7169491525423729,85.87575759847557
502,378,124,52.910420516240805,88,50,38,31.363286034353994,0.7254237288135593,84.27370655059484
502,364,138,36.46101502342136,88,53,35,42.51482449589246,0.7067796610169491,78.97583951931388
502,388,114,75.1707345155517,88,51,37,36.243950709484686,0.7440677966101695,111.41468522503646
502,353,149,15.483058444239191,88,42,46,16.221538461538465,0.6694915254237288,31.704596905777635
502,366,136,37.98884585595714,88,55,33,49.5152166527552,0.7135593220338983,87.50406250871247
502,384,118,65.73488740445657,88,57,31,52.034342866347444,0.747457627118644,117.76923027080412
502,363,139,30.565651260359807,88,53,35,41.242412247946234,0.7050847457627119,71.80806350830603
502,375,127,49.811233412193666,88,48,40,35.66087378640777,0.7169491525423729,85.47210719860145
502,367,135,36.05796771535553,88,53,35,39.68280440480897,0.711864406779661,75.74077212016455
502,373,129,50.23177665420521,88,47,41,27.203469079939673,0.711864406779661,77.43524573414494
502,387,115,70.34872365789367,88,50,38,29.860392156862744,0.7406779661016949,100.20911581475647
502,376,126,51.374511630525646,88,50,38,34.953286034354,0.7220338983050848,86.32779766487968
502,372,130,49.07188395751392,88,52,36,40.62434286634744,0.7186440677966102,89.69622682386132
502,374,128,49.89597745629641,88,40,48,15.931747572815532,0.7016949152542373,65.827725029112
502,379,123,55.43427200797786,88,57,31,48.044342866347435,0.7389830508474576,103.47861487432536
502,396,106,86.89668949748736,88,45,43,22.352412247946223,0.747457627118644,109.2491017454336
502,376,126,53.50594404755817,88,46,42,27.03174757281554,0.7152542372881356,80.53769162037374
502,369,133,41.30591468267789,88,51,37,37.49241224794621,0.711864406779661,78.79832693062414
502,393,109,82.11996136591608,88,49,39,32.413678191216746,0.7491525423728813,114.5336395571329
502,380,122,62.325671379449616,88,49,39,31.661747572815536,0.7271186440677966,93.98741895226523
502,361,141,30.48305927763595,88,43,45,17.841930618401207,0.6847457627118644,48.324989896037145
502,362,140,32.40677750474152,88,61,27,66.25241224794622,0.7169491525423729,98.65918975268784
502,383,119,64.85292000223751,88,52,36,40.47346907993967,0.7372881355932204,105.3263890821773
502,375,127,47.627109970429274,88,53,35,43.521265943270514,0.7254237288135593,91.1483759136999
502,378,124,58.2202839915948,88,48,40,32.161265943270514,0.7220338983050848,90.38154993486532
502,384,118,66.1865312984556,88,51,37,40.823950709484684,0.7372881355932204,107.0104820079404
502,393,109,80.37949749162412,88,45,43,22.732804404808984,0.7423728813559322,103.11230189643317
502,396,106,85.5420852722529,88,48,40,26.262139729678278,0.752542372881356,111.80422500193124
502,371,131,47.57361655332447,88,52,36,39.36241224794623,0.7169491525423729,86.93602880127078
502,384,118,68.65145023050967,88,51,37,38.981265943270515,0.7372881355932204,107.63271617378024
502,371,131,45.74263776850842,88,53,35,45.39280440480898,0.7186440677966102,91.1354421733175
502,371,131,46.48822742227515,88,49,39,30.033678191216744,0.711864406779661,76.52190561349187
502,376,126,53.194155360054204,88,59,29,59.310873786407775,0.7372881355932204,112.50502914646202
502,390,112,73.31625513609764,88,52,36,38.86367819121674,0.7491525423728813,112.17993332731446
502,387,115,66.76030756797057,88,48,40,32.70280440480897,0.7372881355932204,99.46311197277964
502,392,110,81.6098931470463,88,48,40,31.183286034354005,0.7457627118644068,112.79317918140035
502,374,128,53.04087357670741,88,52,36,39.15367819121675,0.7220338983050848,92.19455176792421
502,381,121,58.6268092490631,88,47,41,31.800392156862756,0.7254237288135593,90.42720140592593
502,362,140,32.33342138749377,88,45,43,23.98280440480897,0.6898305084745763,56.31622579230273
502,371,131,47.36396721164881,88,50,38,32.08193061840121,0.7135593220338983,79.44589783004999
502,379,123,52.5702486503712,88,50,38,35.12126594327051,0.7271186440677966,87.69151459364173
502,387,115,71.45926105587061,88,49,39,26.653286034354007,0.7389830508474576,98.1125470902246
502,386,116,70.5168582086982,88,54,34,45.35434286634744,0.7457627118644068,115.87120107504565
502,377,125,54.50293446248114,88,48,40,29.583286034354007,0.7203389830508474,84.08622049683521
502,366,136,36.196957428966776,88,48,40,34.92434286634744,0.7016949152542373,71.12130029531421
502,387,115,71.13133772413764,88,49,39,28.96367819121674,0.7389830508474576,100.09501591535444
502,373,129,49.44986221403123,88,50,38,36.56367819121675,0.7169491525423729,86.01354040524805
502,376,126,53.43210043158883,88,52,36,39.30280440480898,0.7254237288135593,92.73490483639779
502,384,118,65.32058366335453,88,56,32,49.24367819121674,0.7457627118644068,114.56426185457146
502,372,130,46.607402589798774,88,47,41,31.480392156862745,0.7101694915254237,78.08779474666154
502,372,130,43.72868236733596,88,46,42,28.553286034354002,0.7084745762711865,72.28196840169001
502,358,144,24.152733082560772,88,46,42,22.59395070948469,0.6847457627118644,46.746683792045424
502,370,132,42.15522386297948,88,51,37,31.77213972967828,0.7135593220338983,73.92736359265778
502,380,122,58.606207672610594,88,55,33,45.38000000000001,0.7372881355932204,103.98620767261066
502,383,119,64.12068456815989,88,58,30,56.08241224794623,0.747457627118644,120.20309681610611
502,389,113,75.17186543881269,88,50,38,35.99521665275519,0.7440677966101695,111.16708209156789
502,371,131,47.822282974756774,88,50,38,35.902804404808975,0.7135593220338983,83.72508737956582
502,376,126,55.750958127061715,88,57,31,58.00193061840122,0.7338983050847457,113.75288874546305
502,375,127,51.90370200464867,88,53,35,44.383678191216745,0.7254237288135593,96.28738019586547
502,372,130,48.23455085510605,88,50,38,28.101747572815526,0.7152542372881356,76.3362984279216
502,372,130,48.20485335645942,88,56,32,43.355216652755196,0.7254237288135593,91.5600700092147
502,384,118,65.10206500355423,88,54,34,41.043678191216756,0.7423728813559322,106.14574319477097
502,376,126,52.59288590830829,88,59,29,54.523286034353994,0.7372881355932204,107.11617194266236
502,365,137,36.9492715740489,88,50,38,36.96367819121674,0.7033898305084746,73.91294976526562
502,375,127,52.45813423131817,88,52,36,42.55193061840121,0.7237288135593221,95.0100648497195
502,378,124,57.61925935765075,88,43,45,19.092804404808977,0.7135593220338983,76.71206376245978
502,384,118,67.22922219179928,88,49,39,31.08193061840121,0.7338983050847457,98.31115281020051
502,380,122,59.13814336637261,88,49,39,31.530873786407764,0.7271186440677966,90.66901715278038
502,388,114,70.32225164677646,88,55,33,43.33367819121674,0.7508474576271187,113.65592983799328
502,374,128,49.41455031534195,88,51,37,36.66521665275521,0.7203389830508474,86.07976696809716
502,384,118,66.65234003984256,88,48,40,28.36434286634744,0.7322033898305085,95.01668290618996
502,375,127,54.593268165550086,88,54,34,47.22367819121674,0.7271186440677966,101.81694635676689
502,374,128,52.530921877509904,88,49,39,33.223286034354,0.7169491525423729,85.7542079118639
502,398,104,88.33200968217466,88,53,35,36.34367819121673,0.764406779661017,124.67568787339145
502,381,121,60.619637947955454,88,50,38,35.91307692307692,0.7305084745762712,96.53271487103245
502,354,148,18.08155661220001,88,53,35,39.805216652755206,0.6898305084745763,57.88677326495515
502,382,120,61.27263867449698,88,50,38,38.93280440480898,0.7322033898305085,100.20544307930605
502,356,146,23.680836151280776,88,52,36,42.324342866347436,0.6915254237288135,66.0051790176282
502,364,138,37.54265634976173,88,54,34,45.125216652755206,0.7084745762711865,82.66787300251696
502,368,134,43.3419576201352,88,58,30,54.27193061840119,0.7220338983050848,97.61388823853638
502,379,123,59.129314077323635,88,54,34,45.38434286634744,0.7338983050847457,104.51365694367114
502,370,132,43.476822247418454,88,48,40,31.320873786407773,0.7084745762711865,74.79769603382621
502,379,123,56.25952037000691,88,45,43,22.912412247946225,0.7186440677966102,79.17193261795317
502,370,132,48.04379367975695,88,47,41,26.704824495892456,0.7067796610169491,74.74861817564943
502,380,122,58.385676459726824,88,46,42,28.22241224794623,0.7220338983050848,86.60808870767306
502,376,126,53.65673649050944,88,56,32,50.562804404808986,0.7322033898305085,104.21954089531849
502,378,124,56.05097871866887,88,48,40,30.563678191216738,0.7220338983050848,86.61465690988571
502,386,116,67.66352973303886,88,50,38,36.85126594327051,0.7389830508474576,104.51479567630948
502,377,125,56.63472935636076,88,50,38,32.473286034354004,0.7237288135593221,89.10801539071484
502,373,129,49.51555961514906,88,55,33,47.41280440480897,0.7254237288135593,96.92836401995811
502,378,124,57.499511342182736,88,53,35,44.24126594327052,0.7305084745762712,101.74077728545333
502,377,125,52.26252948721169,88,47,41,28.904824495892456,0.7186440677966102,81.1673539831042
502,366,136,35.35370265632285,88,54,34,44.883678191216745,0.711864406779661,80.23738084753957
502,375,127,53.97498224531269,88,51,37,36.29395070948468,0.7220338983050848,90.2689329547974
502,376,126,52.712170063086084,88,54,34,49.27395070948469,0.7288135593220338,101.98612077257083
502,361,141,32.93595338104053,88,50,38,40.21126594327052,0.6966101694915254,73.14721932431108
502,374,128,47.739603329798456,88,47,41,28.49328603435399,0.7135593220338983,76.23288936415248
502,366,136,38.61937348621767,88,51,37,37.71434286634743,0.7067796610169491,76.33371635256512
502,406,96,98.94506541837673,88,49,39,36.68087378640777,0.7711864406779662,135.62593920478452
502,369,133,41.825846361395456,88,46,42,25.035216652755203,0.7033898305084746,66.86106301415066
502,384,118,64.06975937636324,88,57,31,52.124342866347426,0.747457627118644,116.19410224271078
502,384,118,65.42894179538997,88,55,33,47.152804404808975,0.7440677966101695,112.581746200199
502,365,137,37.823535471800646,88,45,43,26.612412247946228,0.6949152542372882,64.43594771974688
502,376,126,53.60968088802464,88,55,33,44.251747572815546,0.7305084745762712,97.86142846084022
502,378,124,55.04953390367065,88,49,39,27.6152166527552,0.7237288135593221,82.6647505564259
502,374,128,45.078190860285,88,49,39,32.94241224794623,0.7169491525423729,78.02060310823128
502,376,126,52.97623891702074,88,50,38,32.24328603435401,0.7220338983050848,85.21952495137481
502,380,122,55.909263160225315,88,49,39,30.0752166527552,0.7271186440677966,85.98447981298054
502,387,115,71.20585252727241,88,47,41,29.71280440480897,0.735593220338983,100.9186569320814
502,378,124,55.66312322997621,88,46,42,25.662804404808973,0.7186440677966102,81.32592763478522
502,384,118,65.28063309944262,88,51,37,37.28241224794624,0.7372881355932204,102.5630453473889
502,374,128,52.664264168589085,88,52,36,41.85280440480898,0.7220338983050848,94.51706857339809
502,389,113,75.95329676836876,88,49,39,35.14126594327052,0.7423728813559322,111.09456271163928
502,378,124,59.0891378205342,88,44,44,19.06367819121673,0.7152542372881356,78.15281601175089
502,385,117,69.46023691740123,88,53,35,46.71153846153846,0.7423728813559322,116.17177537893974
502,380,122,58.33332009443741,88,57,31,47.34280440480897,0.7406779661016949,105.67612449924648
502,362,140,29.48550095172979,88,51,37,37.85328603435399,0.7,67.33878698608376
502,376,126,54.25850064959128,88,55,33,48.01213972967828,0.7305084745762712,102.27064037926954
502,378,124,55.636548069504684,88,57,31,48.16482449589246,0.7372881355932204,103.8013725653972
502,384,118,66.75337703653318,88,55,33,43.65521665275521,0.7440677966101695,110.40859368928844
502,360,142,28.526702487003607,88,53,35,43.74280440480898,0.7,72.26950689181254
502,381,121,61.285604313772176,88,45,43,25.03039215686274,0.7220338983050848,86.31599647063494
502,368,134,42.800275554938736,88,61,27,61.50367819121674,0.7271186440677966,104.3039537461555
502,372,130,46.47078965050358,88,50,38,36.565216652755204,0.7152542372881356,83.03600630325886
502,389,113,72.67729309798268,88,55,33,50.1452166527552,0.752542372881356,122.82250975073796
502,381,121,59.07593825075027,88,46,42,26.1519306184012,0.7237288135593221,85.22786886915151
502,386,116,67.98575168635297,88,52,36,39.613678191216735,0.7423728813559322,107.59942987756976
502,371,131,45.384297757971986,88,52,36,40.34280440480897,0.7169491525423729,85.72710216278098
502,390,112,78.40307199806776,88,49,39,30.983678191216754,0.7440677966101695,109.38675018928453
502,381,121,58.66653277553449,88,46,42,29.682412247946232,0.7237288135593221,88.34894502348075
502,377,125,54.29599906379877,88,48,40,35.171747572815526,0.7203389830508474,89.4677466366143
502,387,115,71.76360924033467,88,59,29,58.84346907993966,0.7559322033898305,130.6070783202743
502,369,133,44.07190206270266,88,50,38,32.794342866347435,0.7101694915254237,76.86624492905018
502,384,118,66.41422138768858,88,52,36,39.822804404808984,0.7389830508474576,106.2370257924977
502,378,124,60.38511458103936,88,56,32,50.433286034354,0.735593220338983,110.81840061539346
502,376,126,51.38515411683675,88,52,36,45.36174757281553,0.7254237288135593,96.74690168965233
502,371,131,46.23351601167874,88,48,40,28.361265943270517,0.7101694915254237,74.59478195494927
502,377,125,55.719140348186365,88,56,32,45.95482449589245,0.7338983050847457,101.67396484407885
502,376,126,52.457352910161845,88,52,36,42.27280440480897,0.7254237288135593,94.73015731497084
502,380,122,55.965661100560666,88,53,35,41.84213972967829,0.7338983050847457,97.80780083023902
502,382,120,59.77789961626943,88,52,36,35.23174757281554,0.735593220338983,95.00964718908497
502,368,134,44.7506959958731,88,42,46,13.071538461538461,0.6949152542372882,57.82223445741157
502,384,118,63.578861909799315,88,51,37,44.07395070948469,0.7372881355932204,107.65281261928403
502,379,123,60.30789964258627,88,50,38,25.073286034353988,0.7271186440677966,85.38118567694035
502,375,127,53.37178975867778,88,55,33,48.31126594327051,0.7288135593220338,101.68305570194833
502,357,145,22.84390688630826,88,48,40,31.301930618401208,0.6864406779661016,54.145837504709455
502,370,132,46.75018514164056,88,45,43,25.793950709484687,0.7033898305084746,72.5441358511253
502,376,126,52.15974408011295,88,55,33,46.622412247946244,0.7305084745762712,98.78215632805926
502,382,120,65.08066897384633,88,55,33,45.613286034354,0.7406779661016949,110.69395500820043
502,367,135,38.44899414885511,88,57,31,50.403678191216734,0.7186440677966102,88.85267234007193
502,365,137,36.632839320285555,88,49,39,33.10367819121675,0.7016949152542373,69.73651751150237
502,379,123,57.97671961147479,88,50,38,34.17434286634743,0.7271186440677966,92.15106247782231
502,378,124,57.21106778568982,88,55,33,47.26280440480897,0.7338983050847457,104.47387219049888
502,370,132,45.57648202030632,88,55,33,46.57241224794624,0.7203389830508474,92.14889426825263
502,376,126,55.51445465243787,88,58,30,57.66153846153846,0.735593220338983,113.17599311397642
502,382,120,64.95064852045431,88,53,35,32.815216652755204,0.7372881355932204,97.76586517320959
502,376,126,54.75965191860014,88,51,37,39.843950709484695,0.7237288135593221,94.60360262808491
502,354,148,23.897692489934393,88,46,42,19.36153846153846,0.6779661016949152,43.25923095147285
502,387,115,69.55947551407002,88,53,35,43.49395070948469,0.7457627118644068,113.05342622355481
502,363,139,33.207534936377606,88,47,41,25.712139729678285,0.6949152542372882,58.91967466605584
502,353,149,15.569447568666874,88,56,32,50.124824495892454,0.6932203389830508,65.6942720645593
502,375,127,53.261313138842205,88,57,31,54.57213972967827,0.7322033898305085,107.83345286852055
502,392,110,78.6190355725783,88,49,39,27.53280440480897,0.747457627118644,106.15183997738734
502,390,112,73.61157512283587,88,46,42,22.690873786407764,0.7389830508474576,96.30244890924371
502,361,141,31.8180238998986,88,49,39,31.9752166527552,0.6949152542372882,63.79324055265374
502,386,116,68.74726296364351,88,46,42,28.703950709484694,0.7322033898305085,97.45121367312824
502,376,126,54.786489073389575,88,47,41,29.791538461538472,0.7169491525423729,84.57802753492808
502,373,129,48.66979224744776,88,38,50,7.472804404808974,0.6966101694915254,56.142596652256685
502,388,114,69.48303037955155,88,58,30,54.83521665275519,0.7559322033898305,124.31824703230677
502,372,130,52.87269171476931,88,53,35,43.371930618401215,0.7203389830508474,96.24462233317058
502,379,123,57.67756247329605,88,52,36,35.523286034353994,0.7305084745762712,93.20084850765006
502,380,122,58.714902784927766,88,47,41,29.402804404808993,0.7237288135593221,88.11770718973678
502,370,132,44.10977894986732,88,49,39,36.172412247946234,0.7101694915254237,80.28219119781357
502,398,104,86.72531780490476,88,51,37,35.58346907993967,0.7610169491525424,122.30878688484448
502,363,139,33.09664255024841,88,49,39,31.631930618401206,0.6983050847457627,64.72857316864962
502,372,130,48.80242907241354,88,46,42,17.413286034353995,0.7084745762711865,66.21571510676753
502,380,122,59.89181253282271,88,54,34,44.5552166527552,0.735593220338983,104.44702918557799
502,385,117,72.47821542846599,88,53,35,39.233286034354,0.7423728813559322,111.71150146282004
502,366,136,41.38313574644276,88,51,37,38.24193061840121,0.7067796610169491,79.62506636484406
502,379,123,56.25241669268657,88,50,38,39.15280440480898,0.7271186440677966,95.40522109749564
502,375,127,49.58579107365748,88,51,37,35.48280440480898,0.7220338983050848,85.06859547846649
502,369,133,45.25467575192009,88,42,46,11.872804404808978,0.6966101694915254,57.12748015672905
502,380,122,60.11387010485679,88,54,34,41.31434286634743,0.735593220338983,101.42821297120437
502,398,104,85.92141844141335,88,40,48,11.382412247946228,0.7423728813559322,97.30383068935961
502,382,120,58.04080232045016,88,56,32,46.56280440480897,0.7423728813559322,104.60360672525921
502,365,137,37.02576620246595,88,49,39,32.65087378640778,0.7016949152542373,69.67663998887375
502,386,116,68.74215814341684,88,55,33,48.53434286634742,0.747457627118644,117.27650100976435
502,379,123,56.39962923087953,88,45,43,23.44280440480898,0.7186440677966102,79.84243363568858
502,370,132,46.33657346870535,88,54,34,48.824824495892464,0.7186440677966102,95.16139796459791
502,372,130,46.56212919265447,88,49,39,29.333286034354,0.7135593220338983,75.89541522700848
502,384,118,62.91780870126821,88,45,43,22.173950709484686,0.7271186440677966,85.09175941075299
502,364,138,31.48663232833409,88,45,43,27.00087378640777,0.6932203389830508,58.487506114741876
502,377,125,55.384096041970054,88,49,39,34.99395070948469,0.7220338983050848,90.37804675145479
502,373,129,47.948392691217,88,44,44,20.882804404808972,0.7067796610169491,68.83119709602602
502,394,108,83.088482223942,88,57,31,52.622139729678274,0.764406779661017,135.71062195362026
502,396,106,86.62285140077263,88,48,40,24.63367819121674,0.752542372881356,111.25652959198945
502,393,109,80.01993129299872,88,49,39,33.22434286634744,0.7491525423728813,113.24427415934619
502,384,118,63.65637552671677,88,47,41,30.99395070948469,0.7305084745762712,94.65032623620155
502,373,129,51.64668557568642,88,46,42,17.862412247946228,0.7101694915254237,69.5090978236327
502,370,132,43.077035586389414,88,50,38,36.54126594327051,0.711864406779661,79.61830152966002
502,367,135,42.00165903449853,88,52,36,39.964342866347444,0.7101694915254237,81.96600190084605
502,384,118,65.16668961687355,88,52,36,38.28434286634743,0.7389830508474576,103.45103248322103
502,374,128,48.50502379987816,88,49,39,36.64280440480898,0.7169491525423729,85.14782820468714
502,368,134,43.68350698260112,88,51,37,37.021265943270514,0.7101694915254237,80.7047729258717
502,378,124,53.75890456290458,88,61,27,58.57434286634743,0.7440677966101695,112.33324742925214
502,381,121,61.54956391008264,88,53,35,41.863678191216735,0.735593220338983,103.41324210129947
502,386,116,68.1464051992473,88,46,42,24.621930618401194,0.7322033898305085,92.7683358176486
502,369,133,40.25830712002512,88,48,40,32.71395070948469,0.7067796610169491,72.97225782950986
502,371,131,46.00566861939917,88,50,38,37.84241224794623,0.7135593220338983,83.84808086734542
502,366,136,42.03150276417545,88,50,38,33.20434286634744,0.7050847457627119,75.23584563052296
502,390,112,74.87369362814331,88,55,33,49.531747572815526,0.7542372881355932,124.40544120095888
502,388,114,71.92083601025958,88,44,44,11.321930618401208,0.7322033898305085,83.24276662866086
502,375,127,52.14858448870688,88,61,27,61.42280440480898,0.7389830508474576,113.57138889351594
502,371,131,44.33916877267518,88,55,33,49.82367819121674,0.7220338983050848,94.16284696389201
502,369,133,42.65249373112073,88,48,40,33.14280440480898,0.7067796610169491,75.79529813592974
502,379,123,56.35144279578453,88,48,40,32.52241224794624,0.7237288135593221,88.8738550437308
502,373,129,44.70366696141968,88,55,33,47.485216652755206,0.7254237288135593,92.18888361417496
502,383,119,64.29753895075474,88,53,35,38.54213972967828,0.7389830508474576,102.8396786804331
502,373,129,50.367142752462,88,49,39,34.83087378640777,0.7152542372881356,85.19801653886981
502,384,118,64.37705036104919,88,53,35,44.590392156862755,0.7406779661016949,108.96744251791198
502,379,123,56.03495427997663,88,47,41,31.89280440480897,0.7220338983050848,87.9277586847857
502,355,147,21.80295301403747,88,46,42,22.38087378640776,0.6796610169491526,44.18382680044519
502,379,123,58.91277272305355,88,52,36,40.94280440480898,0.7305084745762712,99.85557712786253
502,377,125,54.71424273746656,88,50,38,32.26521665275522,0.7237288135593221,86.9794593902218
502,378,124,55.81384425968926,88,51,37,37.843950709484695,0.7271186440677966,93.65779496917403
502,379,123,60.73691664549796,88,53,35,42.92280440480898,0.7322033898305085,103.65972105030697
502,362,140,29.091498985715308,88,53,35,43.1,0.7033898305084746,72.19149898571528
502,368,134,42.37053696466535,88,58,30,54.0952166527552,0.7220338983050848,96.4657536174206
502,380,122,60.31067153777215,88,56,32,51.924824495892445,0.7389830508474576,112.2354960336646
502,373,129,50.69523148225443,88,47,41,32.232412247946236,0.711864406779661,82.92764373020066
502,383,119,61.50838457137431,88,46,42,26.40482449589246,0.7271186440677966,87.91320906726692
502,359,143,23.60645157888765,88,45,43,23.912412247946225,0.6847457627118644,47.51886382683385
502,357,145,23.793917676080817,88,57,31,53.502412247946225,0.7016949152542373,77.29632992402709
502,346,156,7.4577367567335475,88,52,36,44.45307692307692,0.6745762711864407,51.91081367981045
502,384,118,62.50140540793021,88,54,34,43.74193061840121,0.7423728813559322,106.24333602633152
502,383,119,64.20226854274553,88,50,38,32.383678191216745,0.7338983050847457,96.58594673396236
502,378,124,60.7528517454217,88,55,33,49.57346907993967,0.7338983050847457,110.32632082536144
502,396,106,88.46263337970302,88,47,41,25.083286034353993,0.7508474576271187,113.54591941405702
502,365,137,36.668525507408894,88,51,37,39.83346907993967,0.7050847457627119,76.50199458734862
502,373,129,53.21921097683874,88,58,30,54.55087378640777,0.7305084745762712,107.77008476324654
502,371,131,47.28294259449734,88,54,34,45.83241224794623,0.7203389830508474,93.11535484244355
502,370,132,45.212112856256816,88,48,40,33.6619306184012,0.7084745762711865,78.87404347465805
502,363,139,33.54081342906826,88,54,34,43.26367819121674,0.7067796610169491,76.804491620285
502,379,123,58.42510366180116,88,44,44,24.85346907993967,0.7169491525423729,83.27857274174093
502,372,130,48.4051814574857,88,50,38,34.98153846153846,0.7152542372881356,83.38671991902424
502,361,141,29.667508238771717,88,53,35,40.562804404808986,0.7016949152542373,70.2303126435807
502,374,128,50.574496785633116,88,52,36,37.074342866347436,0.7220338983050848,87.64883965198064
502,368,134,40.08474199346062,88,42,46,18.881538461538454,0.6949152542372882,58.96628045499906
502,382,120,61.43168894035774,88,54,34,46.08280440480897,0.7389830508474576,107.51449334516681
502,382,120,65.2482618059006,88,47,41,26.79241224794623,0.7271186440677966,92.04067405384689
502,375,127,51.20012183970071,88,45,43,23.322804404808977,0.711864406779661,74.52292624450975
502,382,120,67.03072231944608,88,47,41,26.52087378640777,0.7271186440677966,93.55159610585386
502,373,129,49.188454132194465,88,48,40,29.484342866347433,0.7135593220338983,78.6727969985419
502,375,127,50.30888605284525,88,53,35,41.15367819121675,0.7254237288135593,91.462564244062
502,391,111,76.6244071920789,88,49,39,37.31241224794623,0.7457627118644068,113.93681944002513
502,356,146,22.612411670147402,88,51,37,39.963286034354006,0.6898305084745763,62.57569770450133
502,382,120,62.4913938800183,88,46,42,26.23126594327051,0.7254237288135593,88.72265982328885
502,377,125,54.16677764044998,88,50,38,37.92482449589246,0.7237288135593221,92.09160213634252
502,371,131,48.35575780404795,88,46,42,25.32434286634744,0.7067796610169491,73.68010067039538
502,373,129,49.302931235039495,88,46,42,30.752412247946225,0.7101694915254237,80.0553434829857
502,367,135,39.89446553270961,88,57,31,53.262804404808975,0.7186440677966102,93.15726993751862
502,376,126,51.71483077211596,88,48,40,28.864342866347435,0.7186440677966102,80.5791736384635
502,373,129,49.31470965099851,88,61,27,61.134342866347424,0.735593220338983,110.44905251734598
502,380,122,60.81028147589416,88,54,34,46.23153846153846,0.735593220338983,107.04181993743263
502,370,132,45.01883789654021,88,41,47,12.512139729678278,0.6966101694915254,57.53097762621848
502,370,132,39.878719613689434,88,50,38,35.722139729678275,0.711864406779661,75.60085934336773
502,378,124,57.759926486605345,88,52,36,40.03367819121674,0.7288135593220338,97.79360467782213
502,380,122,59.48656001219996,88,42,46,19.311538461538465,0.7152542372881356,78.7980984737385
502,364,138,33.3374680031409,88,45,43,22.32241224794623,0.6932203389830508,55.65988025108712
502,375,127,49.223873757464695,88,50,38,38.71126594327052,0.7203389830508474,87.93513970073523
502,396,106,83.27842649139507,88,52,36,41.86367819121674,0.7593220338983051,125.14210468261193
502,385,117,67.99767382524438,88,49,39,36.871747572815536,0.735593220338983,104.86942139806
502,383,119,62.990526930345375,88,52,36,41.482412247946236,0.7372881355932204,104.47293917829168
502,379,123,55.397681887686176,88,48,40,30.57193061840122,0.7237288135593221,85.96961250608746
502,366,136,35.608722800448994,88,46,42,23.832804404808968,0.6983050847457627,59.441527205257906
502,389,113,74.41272702065052,88,55,33,49.35280440480898,0.752542372881356,123.76553142545957
502,376,126,48.79861930288102,88,51,37,37.903286034354004,0.7237288135593221,86.70190533723502
502,367,135,39.81075021909892,88,44,44,19.96280440480897,0.6966101694915254,59.77355462390783
502,373,129,45.241755830387376,88,55,33,46.483286034353995,0.7254237288135593,91.72504186474141
502,359,143,27.145852007063763,88,56,32,46.314342866347424,0.7033898305084746,73.46019487341125
502,378,124,57.4263862079586,88,52,36,36.56434286634744,0.7288135593220338,93.99072907430609
502,370,132,41.83638688729792,88,49,39,33.18434286634744,0.7101694915254237,75.02072975364541
502,389,113,70.28071612672693,88,54,34,42.261538461538464,0.7508474576271187,112.54225458826538
502,370,132,40.28038804464693,88,47,41,25.653286034353997,0.7067796610169491,65.93367407900095
502,374,128,53.43744952368556,88,44,44,26.073678191216747,0.7084745762711865,79.51112771490239
502,370,132,43.677836077392456,88,39,49,9.59,0.6932203389830508,53.267836077392474
502,377,125,56.544889681949115,88,45,43,25.842804404808962,0.7152542372881356,82.38769408675817
502,402,100,94.09168597078614,88,63,25,66.25482449589245,0.788135593220339,160.34651046667858
502,364,138,32.84926406388673,88,49,39,36.09395070948468,0.7,68.94321477337141
502,376,126,52.2080253409989,88,53,35,41.84213972967829,0.7271186440677966,94.05016507067727
502,382,120,62.597837079822426,88,48,40,33.55367819121673,0.7288135593220338,96.15151527103923
502,381,121,60.782428060141186,88,51,37,35.74280440480898,0.7322033898305085,96.52523246495024
502,382,120,64.33373930279244,88,53,35,42.22174757281554,0.7372881355932204,106.55548687560801
502,383,119,66.799909920116,88,58,30,58.76087378640777,0.747457627118644,125.56078370652378
502,372,130,48.01977094490834,88,55,33,42.702804404808965,0.7237288135593221,90.72257534971732
502,366,136,36.7576187832433,88,52,36,42.41367819121673,0.7084745762711865,79.17129697446006
502,381,121,61.06540436726969,88,50,38,37.51434286634744,0.7305084745762712,98.57974723361721
502,374,128,48.86482142904282,88,55,33,47.67482449589246,0.7271186440677966,96.53964592493543
502,382,120,62.74137649969187,88,52,36,41.72482449589245,0.735593220338983,104.46620099558437
502,384,118,64.49128092253389,88,50,38,35.852804404808985,0.735593220338983,100.34408532734291
502,373,129,50.78417194789477,88,57,31,52.49213972967828,0.7288135593220338,103.27631167757315
502,380,122,56.84438329615675,88,56,32,49.82193061840122,0.7389830508474576,106.66631391455809
502,360,142,25.13718794754931,88,55,33,49.80367819121674,0.7033898305084746,74.94086613876604
502,381,121,62.80149375505272,88,50,38,33.51367819121675,0.7305084745762712,96.31517194626949
502,379,123,55.573220635052756,88,60,28,58.06434286634744,0.7440677966101695,113.63756350140031
502,379,123,57.52569547641211,88,54,34,45.292139729678276,0.7338983050847457,102.81783520609042
502,375,127,51.133313283354894,88,45,43,23.411747572815536,0.711864406779661,74.54506085617045
502,376,126,53.92000041918897,88,53,35,32.70434286634744,0.7271186440677966,86.62434328553645
502,370,132,45.1296798711971,88,49,39,34.593286034353994,0.7101694915254237,79.72296590555112
502,374,128,48.2177280046371,88,55,33,41.433950709484705,0.7271186440677966,89.65167871412193
502,363,139,34.96406512558798,88,47,41,29.131265943270517,0.6949152542372882,64.0953310688585
502,376,126,55.05718352768655,88,54,34,42.04280440480897,0.7288135593220338,97.09998793249561
502,387,115,70.22269275080109,88,47,41,28.212804404808978,0.735593220338983,98.43549715561015
502,367,135,38.13892471127671,88,52,36,40.42367819121674,0.7101694915254237,78.5626029024935
502,375,127,49.71644005810785,88,48,40,33.121930618401215,0.7169491525423729,82.83837067650919
502,363,139,32.17084429382159,88,51,37,40.86039215686275,0.7016949152542373,73.03123645068439
502,382,120,64.09167169617152,88,49,39,33.214342866347444,0.7305084745762712,97.30601456251901
502,363,139,33.97694953924053,88,46,42,25.412412247946236,0.6932203389830508,59.38936178718674
502,380,122,57.19442506095775,88,43,45,17.082804404808968,0.7169491525423729,74.27722946576677
502,362,140,31.498481322021817,88,46,42,29.78280440480897,0.6915254237288135,61.28128572683076
502,380,122,59.83516027378221,88,42,46,17.361538461538462,0.7152542372881356,77.19669873532068
502,381,121,59.35295458592544,88,42,46,13.475216652755204,0.7169491525423729,72.82817123868071
502,364,138,35.487424823307315,88,47,41,30.1739507094847,0.6966101694915254,65.66137553279206
502,390,112,77.65982488642977,88,39,49,5.422804404808975,0.7271186440677966,83.08262929123876
502,374,128,51.64444676284692,88,54,34,48.12241224794623,0.7254237288135593,99.76685901079318
502,381,121,59.09174153432618,88,56,32,49.96280440480896,0.7406779661016949,109.0545459391353
502,364,138,35.75523102131518,88,51,37,35.3752166527552,0.7033898305084746,71.1304476740704
502,376,126,54.47723787788997,88,47,41,30.43241224794624,0.7169491525423729,84.9096501258363
502,378,124,56.12608573087452,88,51,37,33.500873786407766,0.7271186440677966,89.62695951728232
502,362,140,31.513613528004363,88,56,32,43.9852166527552,0.7084745762711865,75.49883018075953
502,382,120,63.06987599221566,88,42,46,13.450873786407765,0.7186440677966102,76.5207497786235
502,378,124,58.199836793720536,88,56,32,52.114342866347435,0.735593220338983,110.31417966006802
502,371,131,48.6038610282762,88,48,40,32.693678191216726,0.7101694915254237,81.29753921949299
502,384,118,63.33866345503064,88,51,37,44.00241224794624,0.7372881355932204,107.34107570297697
502,374,128,50.49103729071415,88,53,35,39.27367819121674,0.7237288135593221,89.76471548193089
502,391,111,74.61736560468411,88,53,35,46.26126594327051,0.752542372881356,120.87863154795464
502,376,126,55.27450369831654,88,53,35,41.892139729678284,0.7271186440677966,97.16664342799487
502,404,98,100.53638847244761,88,51,37,37.48280440480898,0.7711864406779662,138.01919287725661
502,370,132,44.000352105422685,88,60,28,60.34521665275519,0.7288135593220338,104.34556875817793
502,363,139,33.62703159641064,88,56,32,52.793286034354,0.7101694915254237,86.42031763076467
502,368,134,40.77727647620755,88,50,38,35.702139729678294,0.7084745762711865,76.47941620588585
502,366,136,38.51446561338998,88,51,37,39.66328603435401,0.7067796610169491,78.17775164774402
502,383,119,63.13256492077008,88,52,36,40.082804404808975,0.7372881355932204,103.21536932557913
502,372,130,46.44201589982789,88,52,36,41.53280440480898,0.7186440677966102,87.9748203046369
502,384,118,65.9948623886066,88,53,35,45.03434286634743,0.7406779661016949,111.02920525495412
502,380,122,62.69439754158181,88,52,36,34.784342866347444,0.7322033898305085,97.47874040792931
502,384,118,66.48076636459703,88,54,34,39.60367819121674,0.7423728813559322,106.08444455581385
502,353,149,17.561716986840995,88,56,32,49.32367819121674,0.6932203389830508,66.88539517805778
502,367,135,38.004074694232145,88,49,39,28.942804404808985,0.7050847457627119,66.94687909904118
502,365,137,39.072752428243234,88,55,33,44.67482449589246,0.711864406779661,83.74757692413577
502,383,119,67.27996475879165,88,54,34,47.20000000000002,0.7406779661016949,114.47996475879165
502,381,121,59.95817668974113,88,46,42,16.581265943270513,0.7237288135593221,76.53944263301165
502,389,113,75.03446017198567,88,49,39,36.80241224794622,0.7423728813559322,111.83687241993188
502,376,126,54.06918631744892,88,47,41,29.321265943270507,0.7169491525423729,83.39045226071943
502,396,106,86.06912544324025,88,52,36,41.115216652755194,0.7593220338983051,127.1843420959955
502,383,119,65.29955629120293,88,56,32,54.943678191216726,0.7440677966101695,120.24323448241985
502,369,133,42.62984246411665,88,56,32,50.65395070948468,0.7203389830508474,93.28379317360135
502,361,141,30.502564776723528,88,62,26,56.173678191216744,0.7169491525423729,86.6762429679403
502,360,142,28.348173492713855,88,56,32,49.94153846153848,0.7050847457627119,78.28971195425233
502,365,137,39.21971142264076,88,50,38,39.15153846153847,0.7033898305084746,78.37124988417924
502,379,123,59.4225577960035,88,46,42,26.73328603435399,0.7203389830508474,86.15584383035757
502,370,132,45.66527808851481,88,54,34,44.44367819121675,0.7186440677966102,90.10895627973156
502,376,126,51.63321606276209,88,50,38,35.23280440480897,0.7220338983050848,86.86602046757112
502,367,135,38.78461398679421,88,46,42,20.751747572815532,0.7,59.536361559609766
502,367,135,40.27747820477014,88,54,34,43.7852166527552,0.7135593220338983,84.06269485752543
502,372,130,43.84391673879778,88,44,44,18.37521665275521,0.7050847457627119,62.219133391553
502,372,130,46.55690907844318,88,56,32,51.13126594327051,0.7254237288135593,97.68817502171373
502,378,124,55.35683628120988,88,38,50,2.3143428663474337,0.7050847457627119,57.6711791475573
502,380,122,60.44856519253168,88,53,35,43.465216652755196,0.7338983050847457,103.91378184528692
502,377,125,54.228834518629384,88,52,36,45.809999999999995,0.7271186440677966,100.03883451862944
502,377,125,55.55338656261539,88,50,38,37.92126594327052,0.7237288135593221,93.47465250588593
502,367,135,36.06297969581725,88,52,36,42.103469079939664,0.7101694915254237,78.166448775757
502,375,127,55.35044357743527,88,49,39,32.46126594327052,0.7186440677966102,87.8117095207058
502,374,128,50.460961699675686,88,52,36,37.413286034353995,0.7220338983050848,87.87424773402967
502,385,117,66.53908155919389,88,43,45,20.322412247946232,0.7254237288135593,86.86149380714016
502,384,118,65.56443236647354,88,40,48,7.872804404808974,0.7186440677966102,73.43723677128253
502,367,135,36.97299059803268,88,51,37,36.70434286634744,0.7084745762711865,73.67733346438008
502,359,143,29.218383920781545,88,50,38,38.653678191216734,0.6932203389830508,67.8720621119983
502,367,135,38.317155769511935,88,53,35,47.81482449589245,0.711864406779661,86.13198026540444
502,363,139,30.585956534434263,88,54,34,45.66280440480898,0.7067796610169491,76.24876093924325
502,370,132,42.097724597226915,88,53,35,42.15395070948469,0.7169491525423729,84.25167530671166
502,379,123,56.815583836568806,88,56,32,52.27241224794624,0.7372881355932204,109.08799608451511
502,380,122,64.9590837540022,88,42,46,14.132412247946228,0.7152542372881356,79.09149600194844
502,379,123,55.269976140203184,88,50,38,33.07521665275521,0.7271186440677966,88.34519279295843
502,372,130,44.199682640079246,88,50,38,34.07193061840122,0.7152542372881356,78.27161325848047
502,375,127,50.833521177175754,88,55,33,46.99434286634743,0.7288135593220338,97.82786404352329
502,364,138,34.270465695282184,88,54,34,39.59482449589245,0.7084745762711865,73.86529019117465
502,356,146,26.57165090398336,88,46,42,27.073678191216736,0.6813559322033899,53.64532909520008
502,369,133,42.148176130747444,88,49,39,32.63241224794623,0.7084745762711865,74.78058837869372
502,377,125,56.101779032573695,88,40,48,14.86241224794623,0.7067796610169491,70.96419128051994
502,357,145,25.139258061960284,88,52,36,43.080873786407764,0.6932203389830508,68.22013184836806
502,360,142,28.50881311759632,88,48,40,32.573286034353984,0.6915254237288135,61.0820991519503
502,363,139,34.08241550125013,88,51,37,35.35395070948469,0.7016949152542373,69.43636621073486
502,375,127,51.918793055126216,88,49,39,29.754342866347447,0.7186440677966102,81.67313592147367
502,377,125,56.57937468055893,88,46,42,23.642412247946226,0.7169491525423729,80.22178692850528
502,373,129,47.70403750046172,88,53,35,46.51367819121674,0.7220338983050848,94.21771569167852
502,384,118,67.22840759877957,88,50,38,37.00395070948469,0.735593220338983,104.23235830826432
502,390,112,76.33670079421734,88,53,35,43.08153846153846,0.7508474576271187,119.41823925575588
502,388,114,72.58432597769418,88,57,31,52.28280440480898,0.7542372881355932,124.86713038250319
502,378,124,57.67642309822848,88,42,46,17.26280440480898,0.711864406779661,74.93922750303749
502,377,125,56.57173235072864,88,57,31,55.47213972967828,0.735593220338983,112.04387208040701
502,372,130,49.89441793830346,88,53,35,39.2852166527552,0.7203389830508474,89.17963459105873
502,388,114,68.53938543684059,88,46,42,26.461747572815536,0.735593220338983,95.00113300965614
502,379,123,57.13550197868181,88,55,33,49.7939507094847,0.735593220338983,106.92945268816662
502,375,127,51.70775771599089,88,45,43,26.802412247946236,0.711864406779661,78.51016996393712
502,375,127,55.61076699620974,88,46,42,26.833286034354,0.7135593220338983,82.44405303056375
502,370,132,46.01174851921654,88,49,39,29.923678191216748,0.7101694915254237,75.93542671043329
502,375,127,53.81152410508302,88,57,31,50.19521665275519,0.7322033898305085,104.0067407578383
502,389,113,74.54089365309534,88,51,37,38.135216652755204,0.7457627118644068,112.67611030585063
502,379,123,61.01101008481058,88,54,34,35.783286034354,0.7338983050847457,96.79429611916461
502,381,121,62.12603395132924,88,48,40,26.675216652755203,0.7271186440677966,88.80125060408449
502,372,130,47.62890946598831,88,49,39,35.35280440480898,0.7135593220338983,82.98171387079736
502,362,140,33.09794774192444,88,49,39,32.68280440480897,0.6966101694915254,65.78075214673339
502,376,126,49.732853990816025,88,45,43,26.95367819121675,0.7135593220338983,76.68653218203283
502,379,123,61.58017358792707,88,50,38,33.220000000000006,0.7271186440677966,94.80017358792712
502,384,118,67.04463082414914,88,48,40,32.06174757281554,0.7322033898305085,99.10637839696473
502,362,140,30.97688410083321,88,55,33,48.663950709484695,0.7067796610169491,79.64083481031801
502,380,122,61.350550952643516,88,45,43,26.295216652755208,0.7203389830508474,87.64576760539877
502,352,150,22.008574427216896,88,45,43,24.425216652755203,0.6728813559322034,46.43379107997206
502,376,126,50.93130129033722,88,47,41,31.40241224794623,0.7169491525423729,82.33371353828353
502,376,126,53.93242680547937,88,50,38,35.03280440480898,0.7220338983050848,88.9652312102884
502,371,131,47.210270313485594,88,49,39,26.515216652755203,0.711864406779661,73.72548696624087
502,374,128,46.9473444639984,88,43,45,17.493286034354,0.7067796610169491,64.44063049835242
502,371,131,44.28766130171574,88,49,39,26.33087378640777,0.711864406779661,70.61853508812355
502,367,135,37.80165731334501,88,47,41,25.641747572815543,0.7016949152542373,63.443404886160565
502,372,130,46.44360378476452,88,51,37,36.86482449589247,0.7169491525423729,83.30842828065705
502,381,121,64.7462906762887,88,55,33,49.70126594327051,0.7389830508474576,114.44755661955925
502,386,116,68.85738319223243,88,46,42,27.71,0.7322033898305085,96.5673831922325
502,380,122,61.23012429546291,88,48,40,34.10153846153845,0.7254237288135593,95.33166275700148
502,385,117,67.3619077406346,88,50,38,34.61346907993967,0.7372881355932204,101.97537682057431
502,365,137,34.33744858595977,88,55,33,49.90087378640777,0.711864406779661,84.23832237236755
502,382,120,58.781171748503596,88,52,36,37.915216652755205,0.735593220338983,96.69638840125891
502,382,120,64.37263178356154,88,47,41,28.882804404808983,0.7271186440677966,93.25543618837057
502,378,124,54.46320962746201,88,48,40,30.653286034354004,0.7220338983050848,85.11649566181602
502,372,130,44.5694235213788,88,51,37,31.731265943270518,0.7169491525423729,76.30068946464938
502,380,122,57.54499950657243,88,53,35,46.313678191216745,0.7338983050847457,103.85867769778928
502,364,138,32.36096638729945,88,54,34,47.091265943270514,0.7084745762711865,79.45223233057
502,378,124,57.97330540093931,88,47,41,25.713678191216747,0.7203389830508474,83.68698359215614
502,375,127,51.599545391130704,88,56,32,48.224824495892456,0.7305084745762712,99.82436988702325
502,355,147,24.767712608202455,88,51,37,34.544342866347435,0.688135593220339,59.31205547454984
502,364,138,35.47726600189988,88,47,41,24.6919306184012,0.6966101694915254,60.169196620301086
502,371,131,45.8884469935919,88,47,41,17.304824495892454,0.7084745762711865,63.19327148948436
502,371,131,44.910861335149505,88,50,38,36.82367819121675,0.7135593220338983,81.73453952636628
502,380,122,60.398222531788406,88,48,40,35.931538461538466,0.7254237288135593,96.32976099332694
502,377,125,53.4646727316112,88,50,38,34.443286034354,0.7237288135593221,87.90795876596528
502,369,133,45.526934152036695,88,47,41,28.841265943270514,0.7050847457627119,74.36820009530717
502,380,122,60.38056909568342,88,52,36,40.033286034353985,0.7322033898305085,100.41385513003749
502,376,126,57.38034338645229,88,41,47,15.182804404808977,0.7067796610169491,72.56314779126129
502,366,136,37.214579348418205,88,44,44,23.72193061840121,0.6949152542372882,60.9365099668194
502,369,133,42.15697159727962,88,50,38,38.15241224794624,0.7101694915254237,80.309383845226
502,382,120,58.09109560777721,88,48,40,27.61367819121674,0.7288135593220338,85.70477379899401
502,367,135,37.860564148986015,88,51,37,33.99367819121674,0.7084745762711865,71.85424234020277
502,363,139,36.10748472324223,88,50,38,30.511930618401205,0.7,66.61941534164342
502,365,137,34.53865963439952,88,52,36,41.30307692307694,0.7067796610169491,75.84173655747651
502,372,130,49.34909251290847,88,43,45,18.301930618401197,0.7033898305084746,67.65102313130963
502,377,125,54.19970155121068,88,56,32,46.04521665275521,0.7338983050847457,100.24491820396595
502,358,144,23.35886334686255,88,52,36,37.66280440480898,0.6949152542372882,61.021667751671465
502,382,120,66.63633298539753,88,53,35,44.911265943270514,0.7372881355932204,111.54759892866817
502,359,143,25.909303602456205,88,51,37,39.63367819121674,0.6949152542372882,65.54298179367296
502,379,123,58.877011202169065,88,56,32,49.0552166527552,0.7372881355932204,107.93222785492434
502,383,119,62.672693187595044,88,42,46,11.822804404808975,0.7203389830508474,74.495497592404
502,393,109,80.30064888883828,88,45,43,24.760392156862746,0.7423728813559322,105.06104104570103
502,373,129,46.70523271098476,88,52,36,40.77241224794622,0.7203389830508474,87.47764495893102
502,375,127,48.12084501580468,88,47,41,25.483678191216747,0.7152542372881356,73.60452320702144
502,374,128,45.394576253377124,88,50,38,37.42395070948469,0.7186440677966102,82.81852696286197
502,388,114,71.7978196942015,88,54,34,45.98126594327051,0.7491525423728813,117.77908563747212
502,379,123,57.57339799507148,88,45,43,24.21434286634744,0.7186440677966102,81.78774086141902
502,385,117,69.95622865584417,88,45,43,21.672804404808975,0.7288135593220338,91.62903306065319
502,380,122,59.46710807783862,88,61,27,58.99521665275519,0.747457627118644,118.4623247305939
502,373,129,48.99897310845681,88,49,39,37.170392156862746,0.7152542372881356,86.16936526531964
502,377,125,54.06113981569489,88,55,33,43.283678191216744,0.7322033898305085,97.3448180069117
502,387,115,67.90464326631991,88,46,42,25.623286034354,0.7338983050847457,93.52792930067392
502,376,126,54.1758218138606,88,49,39,34.71434286634744,0.7203389830508474,88.89016468020807
502,379,123,59.64803643230667,88,44,44,18.240873786407764,0.7169491525423729,77.88891021871449
502,376,126,55.02696500756101,88,44,44,23.79434286634744,0.711864406779661,78.8213078739085
502,388,114,70.88270971464844,88,57,31,53.25434286634742,0.7542372881355932,124.13705258099596
502,395,107,83.88658168325519,88,52,36,37.21346907993967,0.7576271186440678,121.10005076319496
502,362,140,32.17366308566909,88,49,39,29.755216652755202,0.6966101694915254,61.92887973842425
502,401,101,92.95259607159853,88,53,35,44.02,0.7694915254237288,136.97259607159862
502,392,110,77.68367998041985,88,53,35,42.59367819121674,0.7542372881355932,120.27735817163666
502,374,128,50.04746400168646,88,49,39,33.06434286634743,0.7169491525423729,83.11180686803398
502,370,132,42.751609686606606,88,45,43,17.563950709484686,0.7033898305084746,60.31556039609129
502,379,123,57.389650995304024,88,42,46,17.82087378640777,0.7135593220338983,75.21052478171187
502,364,138,36.81075346979253,88,44,44,21.803469079939664,0.6915254237288135,58.61422254973223
502,376,126,51.028349503694386,88,49,39,34.28087378640777,0.7203389830508474,85.30922329010215
502,391,111,79.06288348022049,88,55,33,49.124342866347426,0.7559322033898305,128.187226346568
502,366,136,40.921235582538465,88,53,35,45.93367819121675,0.7101694915254237,86.8549137737552
502,377,125,55.71635481226765,88,49,39,37.25153846153846,0.7220338983050848,92.96789327380624
502,356,146,18.93774204997775,88,48,40,27.683678191216753,0.6847457627118644,46.621420241194464
502,387,115,71.4288386922611,88,54,34,48.96367819121674,0.747457627118644,120.39251688347787
502,370,132,44.28520559253892,88,61,27,59.22434286634744,0.7305084745762712,103.50954845888647
502,374,128,49.82005618853526,88,65,23,71.56367819121675,0.7440677966101695,121.38373437975211
502,374,128,48.64318353564827,88,43,45,18.35280440480897,0.7067796610169491,66.99598794045725
502,376,126,50.34126327783097,88,48,40,33.42126594327052,0.7186440677966102,83.76252922110156
502,386,116,68.74214004333079,88,54,34,43.5912659432705,0.7457627118644068,112.33340598660135
502,363,139,28.465458271720404,88,49,39,33.373286034353995,0.6983050847457627,61.83874430607437
502,371,131,44.71934882579826,88,52,36,40.53280440480897,0.7169491525423729,85.25215323060725
502,382,120,63.69721065644343,88,57,31,55.10434286634742,0.7440677966101695,118.80155352279097
502,366,136,42.15507401959359,88,51,37,40.251747572815546,0.7067796610169491,82.40682159240916
502,378,124,53.643050469858544,88,60,28,62.79367819121674,0.7423728813559322,116.43672866107538
502,370,132,41.390842071558055,88,52,36,39.7852166527552,0.7152542372881356,81.17605872431334
502,377,125,55.89209401271871,88,56,32,47.652804404808975,0.7338983050847457,103.54489841752775
502,389,113,73.81756507616441,88,52,36,42.45193061840121,0.747457627118644,116.26949569456569
502,371,131,46.23596366099559,88,48,40,33.49395070948469,0.7101694915254237,79.72991437048034
502,371,131,46.36664132189359,88,47,41,28.093076923076918,0.7084745762711865,74.45971824497055
502,357,145,24.08418237331513,88,55,33,47.60434286634744,0.6983050847457627,71.68852523966255
502,380,122,62.40286748067214,88,50,38,36.96280440480897,0.7288135593220338,99.36567188548122
502,371,131,48.307381149618635,88,51,37,34.432804404808984,0.7152542372881356,82.74018555442763
502,376,126,56.77765703255787,88,51,37,40.34280440480898,0.7237288135593221,97.12046143736698
502,386,116,70.66483689085496,88,56,32,45.003076923076925,0.7491525423728813,115.66791381393205
502,379,123,58.819746853900945,88,50,38,37.43153846153846,0.7271186440677966,96.25128531543956
502,371,131,41.99866169072142,88,56,32,44.37521665275521,0.7237288135593221,86.37387834347668
502,386,116,66.07192906974306,88,53,35,42.17367819121674,0.7440677966101695,108.24560726095986
502,355,147,23.10624076398952,88,50,38,30.632804404808976,0.6864406779661016,53.73904516879845
502,374,128,49.92457711598092,88,54,34,41.97434286634744,0.7254237288135593,91.89891998232844
502,379,123,58.843858680422095,88,43,45,9.86241224794623,0.7152542372881356,68.70627092836841
502,370,132,48.67789271669749,88,44,44,20.093678191216746,0.7016949152542373,68.77157090791422
502,366,136,37.73171708495809,88,52,36,40.61126594327052,0.7084745762711865,78.34298302822866
502,371,131,49.21174046034206,88,49,39,35.52280440480897,0.711864406779661,84.73454486515107
502,380,122,59.82487389414307,88,48,40,31.29280440480898,0.7254237288135593,91.1176782989521
502,384,118,66.91179427401022,88,44,44,25.93153846153846,0.7254237288135593,92.84333273554869
502,361,141,33.905036188200484,88,47,41,24.834342866347434,0.6915254237288135,58.73937905454791
502,369,133,40.84081283960909,88,51,37,36.61367819121674,0.711864406779661,77.4544910308259
502,377,125,52.76908227599151,88,51,37,36.683286034354,0.7254237288135593,89.45236831034559
502,378,124,56.74802238875125,88,54,34,42.303286034353995,0.7322033898305085,99.05130842310525
502,363,139,32.70399988598758,88,55,33,46.372804404808974,0.7084745762711865,79.07680429079659
502,379,123,58.67302403757143,88,49,39,29.492804404808982,0.7254237288135593,88.16582844238046
502,374,128,50.92582897915058,88,50,38,35.43280440480897,0.7186440677966102,86.35863338395956
502,373,129,46.59569367416416,88,43,45,22.11280440480898,0.7050847457627119,68.7084980789732
502,360,142,24.94341536730136,88,55,33,51.90395070948469,0.7033898305084746,76.84736607678607
502,386,116,73.08576167198936,88,50,38,36.661930618401215,0.7389830508474576,109.74769229039063
502,399,103,90.84607914330597,88,43,45,19.902412247946234,0.7491525423728813,110.74849139125219
502,370,132,42.93588452824897,88,57,31,56.51395070948469,0.7237288135593221,99.44983523773377
502,364,138,33.9718085752133,88,44,44,18.08241224794623,0.6915254237288135,52.054220823159525
502,377,125,58.15232633599909,88,42,46,16.513678191216734,0.7101694915254237,74.66600452721595
502,371,131,44.876526303912485,88,51,37,38.23434286634743,0.7152542372881356,83.11086917025999
502,382,120,63.61588973403802,88,49,39,30.381538461538454,0.7305084745762712,93.99742819557655
502,378,124,57.91017483281421,88,48,40,32.12087378640777,0.7220338983050848,90.03104861922206
502,365,137,35.70963196890597,88,52,36,43.20153846153846,0.7067796610169491,78.91117043044449
502,368,134,39.313241541424894,88,49,39,34.54395070948469,0.7067796610169491,73.85719225090966
502,378,124,60.82296803749673,88,52,36,40.604824495892466,0.7288135593220338,101.42779253338922
502,364,138,35.43416365390368,88,49,39,33.80241224794622,0.7,69.23657590184995
502,374,128,51.13003467798383,88,59,29,55.22280440480897,0.7338983050847457,106.35283908279285
502,387,115,71.77796929389807,88,50,38,33.45434286634744,0.7406779661016949,105.23231216024554
502,375,127,52.362980213126555,88,51,37,38.81241224794624,0.7220338983050848,91.17539246107283
502,389,113,76.95908522796842,88,42,46,13.893286034353993,0.7305084745762712,90.85237126232246
502,385,117,68.66660099130166,88,53,35,44.663286034354,0.7423728813559322,113.32988702565574
502,371,131,47.79931782492093,88,47,41,26.77434286634744,0.7084745762711865,74.57366069126842
502,370,132,44.278832455541796,88,48,40,26.44346907993967,0.7084745762711865,70.72230153548152
502,362,140,31.415192987801504,88,46,42,24.462804404808978,0.6915254237288135,55.87799739261049
502,382,120,61.29448767307218,88,48,40,32.333678191216755,0.7288135593220338,93.62816586428909
502,376,126,54.79906902587904,88,54,34,45.28434286634743,0.7288135593220338,100.08341189222664
502,396,106,87.3431497096573,88,51,37,42.444342866347434,0.7576271186440678,129.78749257600484
502,383,119,66.04817519228737,88,49,39,29.50307692307692,0.7322033898305085,95.55125211536439
502,368,134,46.260716680975925,88,55,33,38.942804404808975,0.7169491525423729,85.20352108578494
502,374,128,48.92557442788051,88,53,35,34.353678191216744,0.7237288135593221,83.27925261909728
502,378,124,56.191005389792196,88,52,36,32.44367819121675,0.7288135593220338,88.634683581009
502,363,139,33.237669492202016,88,54,34,46.070873786407766,0.7067796610169491,79.30854327860982
502,382,120,62.62956883807998,88,50,38,36.76367819121674,0.7322033898305085,99.39324702929675
502,376,126,54.18296457730258,88,54,34,46.11434286634743,0.7288135593220338,100.2973074436501
502,371,131,47.7842212295163,88,49,39,29.404824495892466,0.711864406779661,77.18904572540875
502,375,127,53.089029221966754,88,55,33,50.56434286634743,0.7288135593220338,103.65337208831433
502,384,118,63.27145714584799,88,53,35,42.472139729678275,0.7406779661016949,105.74359687552626
502,382,120,62.23796944733251,88,47,41,28.41521665275521,0.7271186440677966,90.65318610008771
502,360,142,28.818147233560573,88,55,33,44.27434286634743,0.7033898305084746,73.09249009990805
502,381,121,60.1064176788308,88,52,36,38.98307692307693,0.7338983050847457,99.08949460190784
502,378,124,60.616165427792815,88,50,38,37.59126594327051,0.7254237288135593,98.2074313710634
502,372,130,45.85499149042219,88,49,39,35.861538461538466,0.7135593220338983,81.7165299519607
502,378,124,56.50320441052668,88,47,41,26.025216652755205,0.7203389830508474,82.52842106328201
502,382,120,60.75591016346328,88,44,44,21.86087378640777,0.7220338983050848,82.6167839498711
502,366,136,34.48362465880424,88,56,32,48.78087378640777,0.7152542372881356,83.26449844521203
502,383,119,64.8635380477257,88,49,39,31.36126594327051,0.7322033898305085,96.2248039909963
502,379,123,56.279752137644884,88,42,46,15.212804404808972,0.7135593220338983,71.49255654245388
502,389,113,70.26556778799375,88,58,30,51.74434286634744,0.7576271186440678,122.00991065434116
502,376,126,54.04895744671031,88,53,35,39.31434286634743,0.7271186440677966,93.3633003130578
502,395,107,84.00042430447245,88,48,40,32.78126594327051,0.7508474576271187,116.78169024774307
502,378,124,58.57421220595511,88,51,37,35.353469079939664,0.7271186440677966,93.92768128589489
502,376,126,53.19767167320546,88,52,36,39.604824495892466,0.7254237288135593,92.80249616909798
502,372,130,48.34984904286502,88,51,37,37.552804404808974,0.7169491525423729,85.90265344767407
502,387,115,71.62805157674461,88,49,39,25.161265943270514,0.7389830508474576,96.78931752001515
502,390,112,76.74827853797572,88,46,42,28.322804404808977,0.7389830508474576,105.07108294278476
502,381,121,61.70816959098914,88,50,38,37.68434286634743,0.7305084745762712,99.39251245733664
502,388,114,74.7597094151537,88,57,31,52.192804404808975,0.7542372881355932,126.95251381996277
502,385,117,69.67207314037155,88,53,35,38.352412247946226,0.7423728813559322,108.0244853883178
502,368,134,41.845195688485674,88,53,35,40.31367819121674,0.7135593220338983,82.15887387970244
502,393,109,79.77819164985377,88,46,42,25.471930618401206,0.7440677966101695,105.25012226825507
502,378,124,58.31463871253257,88,55,33,47.94434286634743,0.7338983050847457,106.25898157888008
502,377,125,54.01351949162676,88,52,36,37.89521665275521,0.7271186440677966,91.90873614438205
502,382,120,64.39580188341786,88,52,36,34.42367819121673,0.735593220338983,98.8194800746347
502,378,124,57.00710973729885,88,52,36,39.863678191216735,0.7288135593220338,96.87078792851565
502,369,133,43.53549080443661,88,45,43,24.02280440480898,0.7016949152542373,67.5582952092456
502,374,128,47.42978159217509,88,52,36,41.10434286634743,0.7220338983050848,88.53412445852267
502,401,101,87.42445500376553,88,42,46,17.432412247946232,0.7508474576271187,104.85686725171186
502,384,118,67.65557147238135,88,49,39,32.06241224794623,0.7338983050847457,99.71798372032765
502,362,140,30.228060748198327,88,43,45,16.74395070948469,0.6864406779661016,46.97201145768303
502,367,135,39.92867005540172,88,57,31,48.995216652755204,0.7186440677966102,88.92388670815699
502,367,135,41.56729628288655,88,52,36,39.361538461538466,0.7101694915254237,80.9288347444251
502,391,111,75.7567399403483,88,51,37,37.17395070948469,0.7491525423728813,112.93069064983301
502,382,120,64.60535198666292,88,58,30,51.26241224794622,0.7457627118644068,115.86776423460911
502,387,115,73.4151568760786,88,40,48,10.932412247946225,0.7237288135593221,84.34756912402487
502,386,116,66.8956213591811,88,47,41,30.900000000000006,0.7338983050847457,97.7956213591812
502,369,133,41.633203274460534,88,45,43,20.332139729678282,0.7016949152542373,61.965343004138774
502,386,116,68.96474091702198,88,59,29,59.554824495892454,0.7542372881355932,128.51956541291446
502,382,120,61.06942032009624,88,50,38,33.36367819121675,0.7322033898305085,94.43309851131306
502,355,147,23.566918952778458,88,52,36,39.37241224794624,0.6898305084745763,62.939331200724695
502,370,132,44.9701152124846,88,46,42,29.72193061840121,0.7050847457627119,74.69204583088585
502,389,113,71.15128537966145,88,43,45,16.09434286634744,0.7322033898305085,87.2456282460089
502,378,124,53.58816875029935,88,52,36,39.533076923076905,0.7288135593220338,93.12124567337638
502,379,123,57.66708920479387,88,51,37,35.28280440480898,0.7288135593220338,92.94989360960284
502,353,149,19.702296102043505,88,46,42,26.10367819121674,0.676271186440678,45.80597429326023
502,380,122,61.28218183092911,88,59,29,57.54367819121674,0.7440677966101695,118.82586002214599
502,378,124,55.34630615449978,88,45,43,16.15367819121673,0.7169491525423729,71.49998434571658
502,370,132,46.53135857413184,88,56,32,52.23193061840121,0.7220338983050848,98.76328919253314
502,381,121,62.90116343878872,88,44,44,15.142412247946224,0.7203389830508474,78.04357568673498
502,378,124,54.75346582942837,88,48,40,32.012804404808975,0.7220338983050848,86.76627023423741
502,382,120,62.39528369646861,88,51,37,39.69213972967828,0.7338983050847457,102.08742342614691
502,388,114,71.36930337894226,88,51,37,39.973286034354,0.7440677966101695,111.34258941329627
502,363,139,32.696576718550965,88,49,39,30.422804404808975,0.6983050847457627,63.11938112335991
502,366,136,36.74219415090335,88,50,38,27.11280440480897,0.7050847457627119,63.85499855571234
502,384,118,65.91585197621711,88,48,40,28.08280440480898,0.7322033898305085,93.99865638102611
502,373,129,49.14776891180822,88,60,28,61.862804404809,0.7338983050847457,111.01057331661733
502,383,119,65.8632616060102,88,51,37,39.022412247946235,0.735593220338983,104.88567385395653
502,373,129,48.93525476333343,88,55,33,45.4752166527552,0.7254237288135593,94.41047141608873
502,373,129,46.22953245503456,88,47,41,24.162412247946225,0.711864406779661,70.39194470298085
502,385,117,66.4844514275971,88,46,42,28.555216652755206,0.7305084745762712,95.03966808035239
502,364,138,33.86242865229837,88,50,38,36.153286034354004,0.7016949152542373,70.01571468665237
502,372,130,50.09576788874461,88,47,41,22.113678191216742,0.7101694915254237,72.20944607996137
502,371,131,47.732534743634844,88,48,40,27.531265943270505,0.7101694915254237,75.26380068690541
502,378,124,58.18485831619645,88,49,39,36.37367819121675,0.7237288135593221,94.55853650741328
502,377,125,51.834761664250536,88,56,32,44.88482449589245,0.7338983050847457,96.71958616014305
502,404,98,95.21605065712872,88,50,38,36.934342866347436,0.7694915254237288,132.15039352347608
502,373,129,49.43721420332785,88,48,40,35.252139729678284,0.7135593220338983,84.6893539330062
502,372,130,46.91402923428475,88,58,30,56.044342866347435,0.7288135593220338,102.95837210063232
502,397,105,87.14933568268644,88,49,39,29.020392156862737,0.7559322033898305,116.1697278395493
502,361,141,29.850647646483026,88,49,39,32.24213972967828,0.6949152542372882,62.09278737616127
502,392,110,81.38302091806814,88,56,32,49.19307692307694,0.7593220338983051,130.57609784114507
502,378,124,54.60386750344503,88,45,43,25.243950709484686,0.7169491525423729,79.84781821292977
502,387,115,69.61864551944237,88,52,36,42.63213972967828,0.7440677966101695,112.25078524912068
502,373,129,47.09116832610641,88,44,44,18.982804404808974,0.7067796610169491,66.07397273091537
502,357,145,25.078765548938325,88,48,40,27.612412247946235,0.6864406779661016,52.6911777968845
502,392,110,77.78511044265417,88,53,35,44.15521665275519,0.7542372881355932,121.9403270954094
502,384,118,67.01404585796918,88,56,32,48.612804404808976,0.7457627118644068,115.62685026277818
502,373,129,45.666721319039134,88,50,38,31.084824495892462,0.7169491525423729,76.75154581493162
502,374,128,51.475858117124,88,47,41,26.261930618401202,0.7135593220338983,77.73778873552526
502,372,130,50.56292645915131,88,53,35,46.213286034354,0.7203389830508474,96.77621249350535
502,367,135,38.54406685232936,88,52,36,40.083678191216734,0.7101694915254237,78.62774504354628
502,392,110,76.51127516697171,88,50,38,34.793469079939676,0.7491525423728813,111.30474424691145
502,373,129,51.341084114693736,88,46,42,29.461747572815547,0.7101694915254237,80.80283168750928
502,382,120,66.4958765707071,88,50,38,36.832804404808975,0.7322033898305085,103.32868097551608
502,377,125,53.89370239089655,88,48,40,34.83087378640778,0.7203389830508474,88.72457617730439
502,376,126,56.293630610040644,88,53,35,45.97193061840121,0.7271186440677966,102.2655612284419
502,392,110,79.34947594251666,88,55,33,46.864342866347435,0.7576271186440678,126.21381880886419
502,378,124,55.6977280038168,88,53,35,42.153286034354,0.7305084745762712,97.85101403817086
502,395,107,83.16007939485411,88,44,44,18.631265943270513,0.7440677966101695,101.79134533812471
502,377,125,55.1586153765578,88,49,39,34.41000000000001,0.7220338983050848,89.56861537655786
502,368,134,40.27323856745664,88,55,33,44.903286034354004,0.7169491525423729,85.17652460181067
502,383,119,64.34872060443055,88,46,42,23.011538461538457,0.7271186440677966,87.36025906596907
502,372,130,48.78730124992681,88,56,32,50.86241224794624,0.7254237288135593,99.64971349787305
502,376,126,50.99085262880451,88,48,40,30.444342866347448,0.7186440677966102,81.435195495152
502,374,128,47.67766349920366,88,49,39,32.85174757281553,0.7169491525423729,80.52941107201926
502,364,138,31.890616689916058,88,52,36,37.87280440480898,0.7050847457627119,69.76342109472499
502,369,133,42.4228613560171,88,55,33,48.31307692307692,0.7186440677966102,90.7359382790941
502,359,143,26.009940974470773,88,53,35,39.74346907993968,0.6983050847457627,65.75341005441041
502,379,123,54.43166625098227,88,55,33,49.82482449589246,0.735593220338983,104.25649074687485
502,386,116,66.26482688902863,88,50,38,34.843678191216746,0.7389830508474576,101.10850508024544
502,371,131,44.00711473712309,88,55,33,45.672804404808964,0.7220338983050848,89.6799191419321
502,365,137,37.137681030751416,88,50,38,37.52328603435399,0.7033898305084746,74.66096706510545
502,378,124,60.44624179472446,88,49,39,33.123950709484696,0.7237288135593221,93.57019250420919
502,372,130,49.75405444517542,88,46,42,17.644824495892454,0.7084745762711865,67.39887894106789
502,374,128,48.795483023207524,88,53,35,43.703678191216746,0.7237288135593221,92.49916121442436
502,369,133,42.76982127453032,88,50,38,36.53039215686275,0.7101694915254237,79.30021343139312
502,371,131,45.006528988840245,88,44,44,24.392804404808974,0.7033898305084746,69.39933339364921
502,364,138,32.25834690015532,88,54,34,40.005216652755195,0.7084745762711865,72.2635635529106
502,388,114,72.37452821682425,88,55,33,49.55153846153848,0.7508474576271187,121.92606667836276
502,378,124,56.817051051892065,88,45,43,23.081265943270516,0.7169491525423729,79.89831699516262
502,363,139,35.09434152917608,88,55,33,47.6552166527552,0.7084745762711865,82.74955818193132
502,367,135,38.631020161827735,88,48,40,29.203286034353994,0.7033898305084746,67.83430619618174
502,363,139,28.818797320741027,88,50,38,42.621930618401194,0.7,71.44072793914222
502,371,131,41.32643259745612,88,50,38,31.8339507094847,0.7135593220338983,73.16038330694087
502,373,129,50.607815483233054,88,48,40,35.38482449589246,0.7135593220338983,85.99263997912561
502,379,123,56.14249101328946,88,45,43,21.914824495892454,0.7186440677966102,78.05731550918198
502,371,131,45.907938865764834,88,51,37,38.42482449589246,0.7152542372881356,84.33276336165737
502,379,123,58.122582338910924,88,46,42,30.910873786407777,0.7203389830508474,89.0334561253187
502,369,133,46.23748586844975,88,53,35,45.27307692307693,0.7152542372881356,91.51056279152667
502,377,125,56.99643466374738,88,55,33,52.35087378640777,0.7322033898305085,109.34730845015534
502,366,136,41.038603132869866,88,55,33,47.394824495892465,0.7135593220338983,88.43342762876237
502,384,118,64.4431078832735,88,47,41,28.322804404808974,0.7305084745762712,92.76591228808256
502,386,116,70.45482372442099,88,61,27,63.56434286634743,0.7576271186440678,134.01916659076838
502,367,135,43.93134486179818,88,50,38,38.713286034354,0.7067796610169491,82.64463089615234
502,365,137,37.45089657593542,88,46,42,25.213076923076915,0.6966101694915254,62.663973499012315
502,365,137,33.95390194979801,88,58,30,54.27482449589246,0.7169491525423729,88.22872644569046
502,384,118,63.93426205418133,88,51,37,39.072139729678284,0.7372881355932204,103.00640178385964
502,378,124,54.36751499124041,88,47,41,21.091265943270518,0.7203389830508474,75.45878093451105
502,371,131,45.69484510846081,88,52,36,38.451930618401214,0.7169491525423729,84.146775726862
502,372,130,50.35626856333308,88,53,35,38.26241224794624,0.7203389830508474,88.61868081127928
502,368,134,38.08797821409798,88,58,30,55.20280440480898,0.7220338983050848,93.29078261890704
502,364,138,32.89714432232622,88,55,33,48.3439507094847,0.7101694915254237,81.24109503181093
502,383,119,64.40610204822386,88,39,49,11.551265943270508,0.7152542372881356,75.95736799149444
502,369,133,41.4127555683517,88,50,38,35.58434286634744,0.7101694915254237,76.99709843469911
502,390,112,74.60639400810311,88,50,38,37.8312659432705,0.7457627118644068,112.43765995137363
502,389,113,72.36096425054328,88,45,43,20.743286034353993,0.735593220338983,93.1042502848973
502,389,113,69.57899438377706,88,51,37,35.18346907993967,0.7457627118644068,104.7624634637168
502,375,127,52.549523142652816,88,53,35,43.74434286634744,0.7254237288135593,96.29386600900031
502,378,124,54.66728790653073,88,52,36,40.87000000000001,0.7288135593220338,95.5372879065308
502,380,122,59.43374689336927,88,53,35,43.29521665275521,0.7338983050847457,102.72896354612465
502,373,129,45.21085104272295,88,53,35,42.962139729678285,0.7220338983050848,88.17299077240133
502,381,121,61.06484754143767,88,48,40,31.34482449589246,0.7271186440677966,92.40967203733015
502,366,136,38.73626330728443,88,58,30,56.23434286634743,0.7186440677966102,94.97060617363194
502,376,126,52.938185600357976,88,50,38,30.56395070948469,0.7220338983050848,83.5021363098427
502,372,130,46.43075701589514,88,49,39,32.37482449589246,0.7135593220338983,78.80558151178775
502,368,134,45.15505980958927,88,38,50,5.291538461538462,0.688135593220339,50.44659827112771
502,354,148,20.243530018549418,88,54,34,46.513950709484696,0.6915254237288135,66.7574807280341
502,376,126,51.48248786842191,88,56,32,52.753286034354005,0.7322033898305085,104.23577390277595
502,373,129,50.00131392055976,88,49,39,35.45434286634744,0.7152542372881356,85.45565678690728
502,388,114,74.16508550443142,88,44,44,20.19395070948469,0.7322033898305085,94.35903621391613
502,362,140,31.068399339339116,88,52,36,42.26280440480897,0.7016949152542373,73.33120374414811
502,364,138,37.43703443284911,88,56,32,50.023678191216746,0.711864406779661,87.4607126240658
502,362,140,27.922182181554163,88,50,38,34.64280440480898,0.6983050847457627,62.564986586363126
502,398,104,85.5390666805945,88,53,35,38.994342866347445,0.764406779661017,124.53340954694198
502,379,123,59.287651763544694,88,55,33,47.55328603435399,0.735593220338983,106.84093779789875
502,364,138,38.68959367496105,88,50,38,36.72434286634744,0.7016949152542373,75.4139365413086
502,371,131,46.26350834002862,88,42,46,19.56241224794623,0.7,65.82592058797485
502,385,117,65.7984213595111,88,55,33,50.35280440480897,0.7457627118644068,116.15122576432012
502,376,126,51.97170948255044,88,55,33,51.01153846153847,0.7305084745762712,102.98324794408894
502,386,116,69.78075743057222,88,48,40,28.99241224794623,0.735593220338983,98.77316967851849
502,379,123,61.50507822678327,88,51,37,41.06174757281553,0.7288135593220338,102.56682579959894
502,377,125,56.76720798816644,88,55,33,45.71280440480897,0.7322033898305085,102.48001239297551
502,393,109,78.9720946882321,88,51,37,40.903286034354004,0.752542372881356,119.87538072258617
502,370,132,44.19247870787412,88,49,39,25.562412247946238,0.7101694915254237,69.75489095582043
502,387,115,71.56897054615268,88,57,31,51.14367819121674,0.752542372881356,122.7126487373695
502,387,115,69.97486972737387,88,48,40,34.232412247946236,0.7372881355932204,104.2072819753201
502,365,137,34.76528972443461,88,56,32,49.193950709484696,0.7135593220338983,83.9592404339193
502,378,124,55.38192795490563,88,58,30,53.84280440480897,0.7389830508474576,109.22473235971474
502,384,118,66.12826424113392,88,43,45,16.512804404808975,0.7237288135593221,82.64106864594291
502,378,124,57.640287795437196,88,46,42,25.084342866347434,0.7186440677966102,82.72463066178467
502,394,108,82.1454339567142,88,50,38,35.74280440480898,0.752542372881356,117.88823836152324
502,388,114,74.6775084973613,88,53,35,43.0552166527552,0.747457627118644,117.73272515011655
502,369,133,44.25483515052254,88,64,24,68.19280440480897,0.7338983050847457,112.44763955533153
502,375,127,52.53602756131851,88,63,25,63.56346907993967,0.7423728813559322,116.0994966412582
502,392,110,79.0476474139973,88,51,37,40.15482449589246,0.7508474576271187,119.20247190988982
502,373,129,51.6699778122909,88,44,44,23.790873786407765,0.7067796610169491,75.46085159869878
502,363,139,34.67410578099,88,49,39,29.833950709484682,0.6983050847457627,64.50805649047469
502,379,123,56.348988308101625,88,40,48,7.950873786407765,0.7101694915254237,64.29986209450935
502,369,133,45.47101030537329,88,46,42,29.041747572815538,0.7033898305084746,74.51275787818889
502,390,112,76.86678151910436,88,46,42,21.522139729678283,0.7389830508474576,98.38892124878265
502,378,124,53.66541254610518,88,49,39,31.733950709484695,0.7237288135593221,85.39936325558998
502,382,120,60.11896715584459,88,56,32,55.122804404808974,0.7423728813559322,115.24177156065362
502,380,122,60.80471779845121,88,44,44,23.18126594327052,0.7186440677966102,83.98598374172181
502,377,125,55.515450658179745,88,44,44,22.38280440480897,0.7135593220338983,77.89825506298878
502,395,107,77.89754000158443,88,52,36,44.05153846153847,0.7576271186440678,121.94907846312296
502,372,130,47.12687852383956,88,51,37,33.203286034354,0.7169491525423729,80.33016455819369
502,366,136,36.84656136886815,88,40,48,13.249999999999998,0.688135593220339,50.09656136886814
502,385,117,67.03683371836304,88,62,26,67.79367819121676,0.7576271186440678,134.83051190957983
502,392,110,78.71239841568311,88,53,35,42.12241224794624,0.7542372881355932,120.83481066362938
502,377,125,56.32333923969195,88,53,35,43.23280440480898,0.7288135593220338,99.55614364450095
502,382,120,62.057500912452916,88,57,31,49.58434286634743,0.7440677966101695,111.64184377880044
502,382,120,61.75913638769987,88,48,40,30.971265943270513,0.7288135593220338,92.73040233097039
502,369,133,43.52094952803046,88,48,40,31.3939507094847,0.7067796610169491,74.91490023751521
502,385,117,69.97471083921121,88,53,35,39.39367819121674,0.7423728813559322,109.36838903042796
502,370,132,45.77923721409333,88,57,31,52.67174757281553,0.7237288135593221,98.45098478690893
502,375,127,52.897895035184455,88,52,36,36.73434286634743,0.7237288135593221,89.63223790153198
502,380,122,60.33222540446787,88,52,36,37.15213972967828,0.7322033898305085,97.4843651341463
502,373,129,48.587873698171514,88,44,44,21.311265943270513,0.7067796610169491,69.89913964144212
502,368,134,41.894843254853384,88,51,37,37.343950709484695,0.7101694915254237,79.23879396433813
502,388,114,70.98895047319155,88,43,45,19.85241224794622,0.7305084745762712,90.84136272113776
502,382,120,61.28703610180513,88,52,36,42.74367819121674,0.735593220338983,104.0307142930219
502,382,120,61.083796873760235,88,50,38,37.355216652755196,0.7322033898305085,98.43901352651555
502,377,125,57.80456008430501,88,59,29,54.21367819121674,0.7389830508474576,112.0182382755219
502,368,134,42.971360454082586,88,46,42,24.410873786407766,0.7016949152542373,67.38223424049036
502,382,120,61.80747128827114,88,49,39,34.77213972967828,0.7305084745762712,96.57961101794953
502,385,117,67.99108652410645,88,48,40,34.852804404808985,0.7338983050847457,102.84389092891543
502,375,127,45.40098425075666,88,57,31,55.73434286634743,0.7322033898305085,101.13532711710417
502,365,137,36.28601192678615,88,53,35,43.83241224794623,0.7084745762711865,80.11842417473238
502,380,122,59.70790414531948,88,53,35,36.62367819121675,0.7338983050847457,96.33158233653619
502,381,121,60.48040167047889,88,55,33,43.89346907993967,0.7389830508474576,104.37387075041866
502,374,128,46.11008667074933,88,53,35,45.96174757281553,0.7237288135593221,92.07183424356495
502,385,117,69.12834811936575,88,51,37,37.31280440480897,0.7389830508474576,106.44115252417484
502,377,125,54.20639310338925,88,48,40,34.92126594327051,0.7203389830508474,89.12765904665977
502,366,136,34.994175176568795,88,52,36,38.955216652755205,0.7084745762711865,73.94939182932409
502,371,131,45.697060703514744,88,51,37,28.77087378640776,0.7152542372881356,74.46793448992251
502,374,128,50.15449043412804,88,53,35,43.242412247946234,0.7237288135593221,93.39690268207433
502,391,111,74.2000790597682,88,43,45,15.63153846153846,0.735593220338983,89.83161752130668
502,382,120,60.56629165116459,88,48,40,33.763678191216734,0.7288135593220338,94.32996984238137
502,379,123,58.308505139125614,88,55,33,51.98087378640778,0.735593220338983,110.28937892553347
502,371,131,43.95547948787847,88,53,35,40.634824495892445,0.7186440677966102,84.59030398377098
502,375,127,52.8966443599376,88,50,38,34.793286034354,0.7203389830508474,87.68993039429161
502,384,118,63.391358646824344,88,53,35,47.40241224794623,0.7406779661016949,110.7937708947706
502,381,121,57.68810088788896,88,51,37,33.234342866347454,0.7322033898305085,90.92244375423647
502,381,121,61.62026800144034,88,46,42,24.503678191216743,0.7237288135593221,86.12394619265707
502,386,116,68.77718278019563,88,47,41,27.57367819121674,0.7338983050847457,96.3508609714124
502,382,120,60.61681100492831,88,57,31,47.324342866347436,0.7440677966101695,107.94115387127583
502,385,117,64.96457511574324,88,54,34,37.483286034354,0.7440677966101695,102.44786115009734
502,374,128,46.80774778717512,88,56,32,46.51367819121674,0.7288135593220338,93.32142597839193
502,382,120,62.42916496481935,88,53,35,43.13241224794623,0.7372881355932204,105.5615772127656
502,379,123,55.750169119623465,88,56,32,46.2352166527552,0.7372881355932204,101.98538577237875
502,371,131,42.81136261636357,88,52,36,37.75213972967829,0.7169491525423729,80.56350234604187
502,370,132,43.55748011197927,88,54,34,44.97395070948469,0.7186440677966102,88.531430821464
502,378,124,53.58003182106955,88,42,46,19.233286034353988,0.711864406779661,72.81331785542359
502,372,130,47.64093019332876,88,55,33,47.0152166527552,0.7237288135593221,94.65614684608398
502,379,123,59.070485782567026,88,49,39,33.661747572815536,0.7254237288135593,92.73223335538262
502,364,138,38.691822978399664,88,52,36,39.903678191216734,0.7050847457627119,78.59550116961643
502,375,127,52.50273256531397,88,49,39,33.841930618401214,0.7186440677966102,86.34466318371524
502,381,121,64.6949042629398,88,52,36,43.61367819121674,0.7338983050847457,108.30858245415659
502,383,119,66.89473732323029,88,51,37,40.48367819121674,0.735593220338983,107.37841551444713
502,370,132,42.26861744418586,88,51,37,41.442139729678274,0.7135593220338983,83.71075717386422
502,390,112,71.49341018003892,88,54,34,46.023950709484694,0.752542372881356,117.51736088952369
502,373,129,49.817212455930544,88,45,43,23.090873786407762,0.7084745762711865,72.90808624233841
502,366,136,37.420776100529366,88,53,35,46.40241224794624,0.7101694915254237,83.8231883484757
502,368,134,40.46043853090737,88,55,33,46.39395070948469,0.7169491525423729,86.85438924039211
502,367,135,39.990240505190414,88,49,39,32.15367819121674,0.7050847457627119,72.14391869640718
502,367,135,40.22833355513243,88,53,35,42.36395070948469,0.711864406779661,82.59228426461716
502,379,123,58.0762749756427,88,51,37,38.50126594327051,0.7288135593220338,96.57754091891321
502,354,148,19.461963641843024,88,55,33,46.92367819121674,0.6932203389830508,66.38564183305981
502,379,123,58.716134454292565,88,61,27,64.77521665275519,0.7457627118644068,123.4913511070478
502,384,118,64.59689372629565,88,54,34,43.88395070948469,0.7423728813559322,108.48084443578045
502,384,118,64.35700560724167,88,54,34,41.29280440480897,0.7423728813559322,105.6498100120507
502,360,142,31.2943166661157,88,54,34,43.91280440480898,0.7016949152542373,75.20712107092474
502,382,120,62.10777180167557,88,47,41,26.80153846153846,0.7271186440677966,88.90931026321408
502,377,125,56.455233238130596,88,54,34,45.12280440480898,0.7305084745762712,101.57803764293962
502,371,131,45.723047266834016,88,50,38,38.21241224794623,0.7135593220338983,83.93545951478023
502,389,113,74.27266621803639,88,44,44,20.251747572815532,0.7338983050847457,94.52441379085194
502,382,120,62.217286086387944,88,57,31,49.34126594327053,0.7440677966101695,111.5585520296585
502,380,122,56.67208466907801,88,45,43,18.80241224794624,0.7203389830508474,75.47449691702427
502,367,135,42.35680093523497,88,53,35,43.152804404808975,0.711864406779661,85.50960534004398
502,382,120,63.63421490560365,88,49,39,32.481747572815536,0.7305084745762712,96.1159624784192
502,390,112,70.45939986808413,88,52,36,42.67174757281554,0.7491525423728813,113.1311474408997
502,383,119,64.43043820620014,88,55,33,48.544342866347435,0.7423728813559322,112.97478107254769
502,388,114,72.55407844669158,88,51,37,34.523950709484694,0.7440677966101695,107.07802915617636
502,382,120,66.67639437752469,88,52,36,34.44241224794623,0.735593220338983,101.11880662547101
502,375,127,50.6158714292361,88,52,36,40.23367819121675,0.7237288135593221,90.8495496204529
502,368,134,41.58912123187063,88,39,49,11.991265943270513,0.6898305084745763,53.58038717514116
502,386,116,68.51191130191711,88,49,39,32.672139729678285,0.7372881355932204,101.18405103159547
502,366,136,33.711062243915976,88,54,34,47.33367819121675,0.711864406779661,81.04474043513284
502,377,125,52.13944313366266,88,47,41,27.613076923076925,0.7186440677966102,79.75252005673968
502,385,117,67.93324912472038,88,58,30,53.5952166527552,0.7508474576271187,121.52846577747557
502,377,125,55.32712120251531,88,56,32,50.0352166527552,0.7338983050847457,105.36233785527061
502,390,112,75.37978572029229,88,51,37,37.04367819121674,0.747457627118644,112.42346391150906
502,383,119,64.42298452452594,88,55,33,47.052412247946236,0.7423728813559322,111.47539677247231
502,377,125,53.876214165066536,88,52,36,38.78126594327051,0.7271186440677966,92.65748010833713
502,375,127,50.33677209920351,88,40,48,13.080873786407764,0.7033898305084746,63.41764588561128
502,368,134,39.36447035224822,88,52,36,41.383950709484694,0.711864406779661,80.74842106173298
502,390,112,75.13816318535414,88,47,41,30.561930618401213,0.7406779661016949,105.70009380375538
502,393,109,78.91410888309277,88,50,38,38.72346907993967,0.7508474576271187,117.63757796303248
502,368,134,42.860320640538454,88,44,44,19.432804404808966,0.6983050847457627,62.293125045347395
502,381,121,61.671542870611724,88,53,35,44.36126594327052,0.735593220338983,106.03280881388226
502,371,131,45.634858753426194,88,55,33,52.60328603435399,0.7220338983050848,98.23814478778036
502,380,122,59.88251534086997,88,57,31,48.7152166527552,0.7406779661016949,108.5977319936253
502,367,135,41.83555840557716,88,43,45,19.892804404808974,0.6949152542372882,61.72836281038612
502,375,127,49.01571781575049,88,45,43,23.730873786407773,0.711864406779661,72.7465916021583
502,382,120,59.572296502944624,88,50,38,33.895216652755195,0.7322033898305085,93.4675131556999
502,392,110,80.77222564468157,88,45,43,18.17367819121674,0.7406779661016949,98.94590383589835
502,358,144,22.199905083610073,88,51,37,36.90346907993967,0.6932203389830508,59.103374163549724
502,356,146,22.40232835822528,88,40,48,14.622804404808978,0.6711864406779661,37.025132763034236
502,360,142,28.437803230731884,88,45,43,19.513286034354,0.6864406779661016,47.95108926508588
502,378,124,55.71895371085862,88,45,43,22.865216652755198,0.7169491525423729,78.5841703636139
502,375,127,53.3160546424513,88,44,44,21.743678191216745,0.7101694915254237,75.05973283366804
502,375,127,49.94118254590252,88,52,36,40.50434286634744,0.7237288135593221,90.44552541225003
502,373,129,47.19903412213464,88,47,41,26.633678191216738,0.711864406779661,73.83271231335142
502,391,111,76.88373871391532,88,55,33,48.03193061840121,0.7559322033898305,124.91566933231654
502,381,121,62.62484911592554,88,48,40,32.500873786407766,0.7271186440677966,95.12572290233345
502,370,132,45.57278978367493,88,50,38,37.47482449589246,0.711864406779661,83.0476142795675
502,381,121,63.53190889196759,88,49,39,35.11328603435399,0.7288135593220338,98.64519492632162
502,373,129,50.569723258515566,88,49,39,33.54087378640777,0.7152542372881356,84.11059704492342
502,390,112,74.07456233496387,88,41,47,14.173286034353994,0.7305084745762712,88.24784836931794
502,388,114,72.96040470578154,88,42,46,17.21280440480898,0.7288135593220338,90.17320911059055
502,375,127,54.15636104907215,88,45,43,22.30367819121674,0.711864406779661,76.46003924028886
502,367,135,39.03386591045429,88,41,47,16.30193061840121,0.6915254237288135,55.335796528855504
502,372,130,47.574343168289175,88,50,38,34.29482449589246,0.7152542372881356,81.8691676641817
502,365,137,33.31049246091111,88,53,35,40.18482449589245,0.7084745762711865,73.4953169568036
502,375,127,47.29218825202367,88,57,31,53.08521665275521,0.7322033898305085,100.37740490477894
502,362,140,29.791417418661464,88,49,39,30.443286034354,0.6966101694915254,60.234703453015406
502,384,118,68.3297669576886,88,51,37,37.98039215686274,0.7372881355932204,106.31015911455135
502,390,112,76.07077358660861,88,53,35,42.38193061840121,0.7508474576271187,118.4527042050099
502,390,112,77.02967621646779,88,49,39,30.763286034354003,0.7440677966101695,107.79296225082183
502,362,140,32.521036856576515,88,49,39,36.792412247946224,0.6966101694915254,69.31344910452277
502,367,135,36.826536699907386,88,46,42,30.66087378640777,0.7,67.48741048631516
502,372,130,50.131012226122664,88,47,41,24.602804404808975,0.7101694915254237,74.73381663093171
502,376,126,53.85021188218463,88,44,44,21.75241224794623,0.711864406779661,75.60262413013093
502,391,111,77.6573196010166,88,52,36,38.20174757281555,0.7508474576271187,115.85906717383213
502,393,109,80.41439013066237,88,46,42,25.702139729678276,0.7440677966101695,106.11652986034066
502,384,118,65.92689353705292,88,43,45,17.863286034354,0.7237288135593221,83.79017957140694
502,368,134,40.11950500026687,88,46,42,30.600873786407778,0.7016949152542373,70.72037878667463
502,378,124,54.83901383088559,88,59,29,55.63482449589246,0.7406779661016949,110.47383832677816
502,369,133,39.87818803273654,88,49,39,32.123678191216754,0.7084745762711865,72.00186622395329
502,378,124,55.10561778487868,88,60,28,64.95367819121674,0.7423728813559322,120.05929597609548
502,388,114,72.88083578218978,88,43,45,9.15241224794623,0.7305084745762712,82.03324803013612
502,384,118,63.4332263959009,88,55,33,46.383469079939665,0.7440677966101695,109.81669547584062
502,379,123,56.47527630689981,88,43,45,16.774342866347432,0.7152542372881356,73.24961917324728
502,371,131,47.01161392690636,88,54,34,42.525216652755205,0.7203389830508474,89.53683057966164
502,379,123,57.935102593517826,88,51,37,37.962139729678285,0.7288135593220338,95.89724232319617
502,382,120,65.91851205952297,88,53,35,41.39126594327052,0.7372881355932204,107.30977800279358
502,378,124,58.575667702743054,88,54,34,46.13280440480897,0.7322033898305085,104.70847210755208
502,377,125,54.68936015227264,88,49,39,34.86126594327052,0.7220338983050848,89.55062609554328
502,382,120,59.99532271675622,88,53,35,43.04280440480898,0.7372881355932204,103.0381271215653
502,361,141,28.477789416617245,88,49,39,33.053469079939674,0.6949152542372882,61.531258496556894
502,368,134,40.04722068478821,88,51,37,39.741930618401206,0.7101694915254237,79.78915130318951
502,385,117,67.97906078759821,88,54,34,39.59328603435401,0.7440677966101695,107.5723468219523
502,371,131,44.021376532138575,88,51,37,36.04126594327052,0.7152542372881356,80.06264247540913
502,383,119,65.55943086558389,88,49,39,34.91126594327051,0.7322033898305085,100.47069680885443
502,376,126,53.94705442059692,88,51,37,35.2219306184012,0.7237288135593221,89.16898503899824
502,359,143,23.775481406546213,88,58,30,55.17434286634744,0.7067796610169491,78.94982427289368
502,389,113,75.6711720218695,88,48,40,25.47434286634743,0.7406779661016949,101.14551488821701
502,372,130,47.39747115683269,88,47,41,24.281265943270512,0.7101694915254237,71.67873710010323
502,379,123,58.42740877252159,88,45,43,22.733950709484695,0.7186440677966102,81.16135948200629
502,380,122,59.918313363316415,88,57,31,54.231265943270515,0.7406779661016949,114.14957930658699
502,376,126,52.74571030436465,88,49,39,30.852139729678285,0.7203389830508474,83.59785003404305
502,371,131,45.88216870389825,88,50,38,36.69434286634744,0.7135593220338983,82.57651157024574
502,382,120,61.97729905545232,88,46,42,25.79482449589246,0.7254237288135593,87.7721235513448
502,383,119,64.98792688147037,88,43,45,20.321930618401204,0.7220338983050848,85.30985749987164
502,376,126,50.61015914505893,88,51,37,40.13482449589246,0.7237288135593221,90.74498364095145
502,368,134,41.82673087113645,88,56,32,51.56367819121674,0.7186440677966102,93.39040906235323
502,383,119,66.27358830803048,88,60,28,58.14367819121674,0.7508474576271187,124.41726649924733
502,363,139,33.900524015153955,88,49,39,25.53328603435399,0.6983050847457627,59.43381004950794
502,357,145,26.495041167214623,88,53,35,41.004824495892464,0.6949152542372882,67.4998656631071
502,368,134,41.57596580486383,88,50,38,37.17434286634744,0.7084745762711865,78.75030867121139
502,381,121,59.3397774346659,88,47,41,34.31280440480898,0.7254237288135593,93.65258183947486
502,373,129,46.73921515414134,88,56,32,50.982412247946236,0.7271186440677966,97.72162740208765
502,368,134,40.68160312894352,88,55,33,50.52039215686275,0.7169491525423729,91.20199528580638
502,369,133,43.350081520552294,88,50,38,30.904342866347445,0.7101694915254237,74.25442438689974
502,347,155,10.643458972669084,88,50,38,37.74367819121676,0.6728813559322034,48.38713716388581
502,378,124,56.63472269826541,88,52,36,37.96280440480897,0.7288135593220338,94.59752710307444
502,394,108,82.47245230443087,88,53,35,40.63153846153847,0.7576271186440678,123.10399076596939
502,383,119,60.747483836997716,88,50,38,33.693678191216755,0.7338983050847457,94.44116202821455
502,376,126,57.764864819942744,88,44,44,23.67434286634744,0.711864406779661,81.43920768629022
502,371,131,45.80314855720496,88,57,31,54.07521665275519,0.7254237288135593,99.87836520996018
502,376,126,52.326988002171106,88,45,43,19.861265943270517,0.7135593220338983,72.18825394544174
502,370,132,43.4922204055612,88,51,37,39.35174757281553,0.7135593220338983,82.84396797837681
502,388,114,71.93031319632813,88,56,32,50.87434286634743,0.752542372881356,122.80465606267563
502,376,126,51.77039438486418,88,58,30,56.713469079939664,0.735593220338983,108.48386346480389
502,377,125,53.69609503451,88,55,33,47.63280440480898,0.7322033898305085,101.32889943931907
502,376,126,53.432989312696016,88,51,37,31.352804404808982,0.7237288135593221,84.78579371750506
502,368,134,41.581077607671084,88,47,41,27.853286034354,0.7033898305084746,69.4343636420251
502,379,123,59.16059241504785,88,55,33,41.62434286634744,0.735593220338983,100.78493528139538
502,384,118,65.74267751591867,88,53,35,41.12174757281554,0.7406779661016949,106.86442508873431
502,353,149,22.29238125777961,88,51,37,38.57126594327052,0.6847457627118644,60.86364720105011
502,383,119,63.341080551093924,88,41,47,7.063469079939667,0.7186440677966102,70.4045496310336
502,373,129,48.81930505450437,88,44,44,19.06241224794623,0.7067796610169491,67.88171730245058
502,378,124,59.723194984351984,88,50,38,29.923286034354003,0.7254237288135593,89.64648101870601
502,380,122,58.054270098316266,88,47,41,31.402412247946234,0.7237288135593221,89.45668234626253
502,374,128,48.41768319087099,88,47,41,19.615216652755198,0.7135593220338983,68.03289984362621
502,388,114,70.82120307765096,88,47,41,29.652804404808982,0.7372881355932204,100.47400748245997
502,379,123,57.670198070328695,88,55,33,39.90521665275521,0.735593220338983,97.57541472308398
502,378,124,56.4599798844279,88,53,35,47.85367819121674,0.7305084745762712,104.3136580756447
502,385,117,66.56257495421256,88,44,44,22.82434286634744,0.7271186440677966,89.38691782056
502,376,126,52.90897071555785,88,47,41,27.311265943270513,0.7169491525423729,80.22023665882838
502,375,127,51.5900431727561,88,48,40,29.592412247946225,0.7169491525423729,81.18245542070235
502,384,118,67.66150792429922,88,44,44,15.532804404808982,0.7254237288135593,83.19431232910823
502,367,135,41.36265954997847,88,54,34,43.013950709484696,0.7135593220338983,84.37661025946316
502,390,112,73.18308769175931,88,52,36,42.044824495892456,0.7491525423728813,115.22791218765181
502,377,125,55.71137325768911,88,65,23,69.8952166527552,0.7491525423728813,125.60658991044434
502,385,117,68.16120011782226,88,49,39,39.53482449589245,0.735593220338983,107.69602461371477
502,393,109,78.41326694223326,88,42,46,15.650873786407768,0.7372881355932204,94.06414072864108
502,366,136,35.83256475776101,88,46,42,26.663950709484688,0.6983050847457627,62.49651546724573
502,361,141,30.275095132767838,88,45,43,25.472139729678283,0.688135593220339,55.74723486244612
502,369,133,42.94205104099016,88,43,45,17.540873786407765,0.6983050847457627,60.48292482739797
502,382,120,62.2219182557215,88,45,43,22.200000000000003,0.7237288135593221,84.42191825572156
502,380,122,59.46666958498314,88,46,42,27.122412247946222,0.7220338983050848,86.58908183292941
502,366,136,36.10858856267133,88,54,34,42.18434286634743,0.711864406779661,78.29293142901888
502,396,106,87.96292291068171,88,54,34,49.36241224794624,0.7627118644067796,137.3253351586278
502,387,115,70.84469840607169,88,47,41,25.99434286634744,0.735593220338983,96.83904127241921
502,366,136,32.52363671886546,88,42,46,19.23193061840121,0.6915254237288135,51.755567337266676
502,381,121,61.452493836049705,88,49,39,30.142804404808977,0.7288135593220338,91.59529824085871
502,370,132,45.34238915822446,88,53,35,46.88280440480897,0.7169491525423729,92.22519356303344
502,375,127,51.13883233038744,88,51,37,39.593286034353994,0.7220338983050848,90.73211836474152
502,376,126,50.20247989916984,88,54,34,39.025216652755205,0.7288135593220338,89.2276965519251
502,377,125,53.02856262251731,88,47,41,28.52346907993967,0.7186440677966102,81.55203170245706
502,384,118,63.609256590852254,88,50,38,38.63241224794623,0.735593220338983,102.24166883879849
502,384,118,62.952630317260116,88,52,36,44.661747572815536,0.7389830508474576,107.6143778900757
502,367,135,41.608323552819016,88,48,40,30.501265943270518,0.7033898305084746,72.1095894960895
502,395,107,82.62941774900753,88,53,35,45.71174757281554,0.7593220338983051,128.34116532182315
502,362,140,32.04730401408227,88,47,41,27.51280440480897,0.6932203389830508,59.56010841889121
502,379,123,56.01061954120026,88,40,48,10.80346907993967,0.7101694915254237,66.81408862113997
502,390,112,79.48888742248792,88,43,45,16.23367819121674,0.7338983050847457,95.72256561370467
502,377,125,54.78872446455112,88,54,34,45.94241224794623,0.7305084745762712,100.73113671249746
502,389,113,73.39650046513866,88,56,32,49.8052166527552,0.7542372881355932,123.20171711789392
502,384,118,65.50138896225161,88,56,32,46.145216652755195,0.7457627118644068,111.64660561500692
502,373,129,46.335750367412906,88,49,39,34.741538461538454,0.7152542372881356,81.07728882895142
502,372,130,47.201232098278304,88,51,37,38.682139729678276,0.7169491525423729,85.88337182795662
502,392,110,77.94464903445886,88,52,36,35.36280440480899,0.752542372881356,113.30745343926783
502,369,133,40.1578955868564,88,42,46,11.18367819121674,0.6966101694915254,51.34157377807312
502,364,138,36.225172288776406,88,40,48,10.66126594327051,0.6847457627118644,46.886438232046956
502,376,126,54.69896860544861,88,55,33,47.3752166527552,0.7305084745762712,102.07418525820385
502,378,124,57.39465118992533,88,51,37,36.38521665275521,0.7271186440677966,93.7798678426806
502,383,119,66.3649989802085,88,49,39,34.98153846153846,0.7322033898305085,101.34653744174706
502,374,128,50.576775458818496,88,53,35,41.62241224794623,0.7237288135593221,92.19918770676479
502,373,129,50.02307776295011,88,51,37,41.330392156862736,0.7186440677966102,91.353469919813
502,358,144,25.68248344640847,88,49,39,30.083286034354,0.6898305084745763,55.765769480762444
502,392,110,77.41640967486818,88,49,39,32.7612659432705,0.747457627118644,110.17767561813868
502,375,127,53.03732131088602,88,44,44,24.47,0.7101694915254237,77.50732131088608
502,384,118,65.63470893723743,88,48,40,26.82241224794623,0.7322033898305085,92.45712118518371
502,375,127,49.43274317888196,88,55,33,48.780873786407774,0.7288135593220338,98.21361696528975
502,365,137,37.05980811036445,88,49,39,34.21126594327051,0.7016949152542373,71.271074053635
502,378,124,56.86763799046782,88,56,32,49.02280440480897,0.735593220338983,105.8904423952769
502,361,141,28.405084061431552,88,51,37,32.53241224794623,0.6983050847457627,60.93749630937777
502,368,134,42.069915246764765,88,49,39,30.26193061840121,0.7067796610169491,72.33184586516603
502,387,115,72.77269727616648,88,56,32,50.582412247946245,0.7508474576271187,123.35510952411285
502,386,116,66.88546022275978,88,51,37,39.35328603435399,0.7406779661016949,106.23874625711385
502,384,118,64.68732638215924,88,48,40,30.320392156862756,0.7322033898305085,95.0077185390221
502,372,130,45.22926421520759,88,47,41,26.801930618401208,0.7101694915254237,72.03119483360881
502,360,142,27.942263337175813,88,56,32,52.26241224794624,0.7050847457627119,80.20467558512205
502,385,117,65.56072518884436,88,55,33,47.6752166527552,0.7457627118644068,113.23594184159963
502,372,130,53.611829310580376,88,43,45,16.05280440480897,0.7033898305084746,69.66463371538931
502,373,129,49.77093231382983,88,53,35,41.76482449589245,0.7220338983050848,91.53575680972232
502,377,125,54.37752902587306,88,41,47,12.643950709484693,0.7084745762711865,67.02147973535786
502,376,126,52.20949593013723,88,50,38,38.074824495892464,0.7220338983050848,90.28432042602967
502,370,132,45.79891967352605,88,60,28,60.07213972967828,0.7288135593220338,105.87105940320438
502,377,125,55.739021474595326,88,54,34,47.643950709484685,0.7305084745762712,103.38297218408009
502,375,127,53.814097703012436,88,54,34,44.655216652755215,0.7271186440677966,98.46931435576774
502,384,118,68.92288320431547,88,42,46,14.163286034353998,0.7220338983050848,83.08616923866948
502,376,126,49.70299200678116,88,44,44,21.24280440480897,0.711864406779661,70.94579641159017
502,373,129,51.5553989297765,88,47,41,30.602412247946237,0.711864406779661,82.15781117772282
502,352,150,15.74408803427107,88,44,44,20.110873786407776,0.6711864406779661,35.854961820678845
502,375,127,52.0221021652385,88,47,41,34.10039215686274,0.7152542372881356,86.12249432210133
502,378,124,52.4475910667809,88,58,30,54.003678191216736,0.7389830508474576,106.45126925799771
502,372,130,48.191184572879145,88,43,45,20.66153846153847,0.7033898305084746,68.8527230344176
502,365,137,36.48036625121971,88,45,43,25.95241224794624,0.6949152542372882,62.432778499165956
502,360,142,34.55814150891981,88,55,33,47.913286034353995,0.7033898305084746,82.47142754327379
502,372,130,47.766802809483636,88,43,45,14.920000000000007,0.7033898305084746,62.68680280948369
502,399,103,88.7519189928026,88,50,38,35.92434286634744,0.7610169491525424,124.67626185915013
502,364,138,34.31426684100884,88,48,40,28.033076923076926,0.6983050847457627,62.34734376408576
502,361,141,31.702031899392235,88,47,41,31.49482449589246,0.6915254237288135,63.19685639528463
502,365,137,36.53568105435467,88,56,32,49.82367819121674,0.7135593220338983,86.35935924557147
502,384,118,60.540067597346884,88,56,32,51.77434286634743,0.7457627118644068,112.31441046369449
502,380,122,58.29667898364367,88,58,30,54.15434286634742,0.7423728813559322,112.45102184999118
502,359,143,25.250087695807483,88,43,45,20.973286034353993,0.6813559322033899,46.223373730161484
502,385,117,66.98432133055213,88,50,38,34.45280440480897,0.7372881355932204,101.4371257353612
502,386,116,68.67758963143442,88,51,37,38.812412247946234,0.7406779661016949,107.49000187938069
502,387,115,68.75175246376607,88,48,40,34.19241224794623,0.7372881355932204,102.9441647117123
502,382,120,60.9154382941764,88,59,29,54.34367819121674,0.747457627118644,115.25911648539325
502,378,124,55.61288786737795,88,54,34,46.593950709484695,0.7322033898305085,102.20683857686267
502,396,106,87.02101071552994,88,49,39,34.67280440480897,0.7542372881355932,121.69381512033897
502,361,141,29.151483896890305,88,46,42,22.733469079939667,0.6898305084745763,51.88495297682996
502,360,142,28.236543257003227,88,51,37,39.582804404808975,0.6966101694915254,67.81934766181222
502,373,129,47.95625635215402,88,57,31,51.39367819121674,0.7288135593220338,99.34993454337076
502,379,123,58.32728927466102,88,49,39,33.684342866347436,0.7254237288135593,92.01163214100855
502,368,134,41.35671708269944,88,46,42,24.564824495892466,0.7016949152542373,65.92154157859191
502,380,122,60.44061099246982,88,55,33,45.73241224794623,0.7372881355932204,106.17302324041619
502,363,139,33.24232064682278,88,56,32,51.1152166527552,0.7101694915254237,84.35753729957803
502,360,142,29.295816352622705,88,54,34,46.39241224794624,0.7016949152542373,75.68822860056892
502,376,126,53.902802844084384,88,55,33,48.26307692307693,0.7305084745762712,102.16587976716127
502,362,140,33.48709114897955,88,51,37,30.72280440480898,0.7,64.20989555378853
502,364,138,35.054266985084716,88,48,40,30.05280440480898,0.6983050847457627,65.10707138989369
502,390,112,76.01899278445195,88,53,35,41.24241224794624,0.7508474576271187,117.26140503239824
502,390,112,75.84626684815237,88,50,38,33.931265943270525,0.7457627118644068,109.77753279142293
502,377,125,54.21957699796024,88,55,33,46.473286034354004,0.7322033898305085,100.69286303231438
502,369,133,46.9351889743262,88,46,42,30.830873786407768,0.7033898305084746,77.76606276073394
502,386,116,70.4580973808993,88,52,36,42.72126594327051,0.7423728813559322,113.17936332416981
502,375,127,51.845579258180095,88,51,37,31.81521665275521,0.7220338983050848,83.66079591093533
502,372,130,46.94192924136082,88,40,48,14.02395070948469,0.6983050847457627,60.9658799508455
502,369,133,43.97014259378396,88,51,37,39.48087378640777,0.711864406779661,83.45101638019172
502,368,134,42.93308322988974,88,42,46,15.583678191216737,0.6949152542372882,58.51676142110647
502,394,108,80.72247029717408,88,50,38,40.2219306184012,0.752542372881356,120.94440091557539
502,384,118,65.64073369434267,88,53,35,32.61367819121675,0.7406779661016949,98.25441188555952
502,371,131,49.95493769612542,88,43,45,15.240873786407766,0.7016949152542373,65.1958114825332
502,371,131,48.31076072295664,88,47,41,27.841747572815528,0.7084745762711865,76.15250829577218
502,390,112,73.60314308769843,88,47,41,27.775216652755212,0.7406779661016949,101.37835974045363
502,390,112,73.69333385729206,88,51,37,38.863678191216735,0.747457627118644,112.55701204850881
502,365,137,35.621096776214834,88,44,44,21.724342866347435,0.6932203389830508,57.345439642562276
502,363,139,31.321040705036843,88,55,33,45.73482449589245,0.7084745762711865,77.05586520092936
502,363,139,33.58738740619525,88,52,36,38.43367819121674,0.7033898305084746,72.02106559741205
502,360,142,30.893610923617338,88,51,37,40.300873786407784,0.6966101694915254,71.19448471002514
502,377,125,56.577331258348465,88,58,30,55.40241224794624,0.7372881355932204,111.97974350629474
502,397,105,86.37709398928499,88,64,24,72.74367819121677,0.7813559322033898,159.12077218050175
502,381,121,60.697677134555946,88,47,41,23.283076923076923,0.7254237288135593,83.98075405763292
502,362,140,31.97979891036981,88,45,43,25.520000000000007,0.6898305084745763,57.4997989103698
502,365,137,40.84245716277305,88,54,34,43.791538461538465,0.7101694915254237,84.6339956243116
502,356,146,26.30230188120074,88,54,34,47.28174757281555,0.6949152542372882,73.58404945401628
502,375,127,55.438153808443815,88,51,37,41.24280440480897,0.7220338983050848,96.68095821325278
502,379,123,60.88194149380557,88,45,43,22.38241224794623,0.7186440677966102,83.26435374175182
502,373,129,45.85348608282889,88,50,38,27.360873786407772,0.7169491525423729,73.21435986923663
502,381,121,63.05625583296348,88,51,37,38.78395070948469,0.7322033898305085,101.84020654244831
502,390,112,73.08369377357462,88,50,38,31.775216652755205,0.7457627118644068,104.85891042632984
502,378,124,56.68642202810811,88,51,37,37.33193061840121,0.7271186440677966,94.01835264650934
502,378,124,56.35604544740139,88,50,38,32.693286034353996,0.7254237288135593,89.04933148175553
502,380,122,59.72488878261978,88,48,40,30.481538461538463,0.7254237288135593,90.20642724415835
502,384,118,63.97049470533326,88,56,32,52.41367819121674,0.7457627118644068,116.38417289655015
502,382,120,63.61389691955368,88,44,44,22.792804404808976,0.7220338983050848,86.40670132436273
502,370,132,43.65194621261504,88,55,33,41.09367819121673,0.7203389830508474,84.74562440383183
502,376,126,55.670905703005985,88,47,41,32.47126594327052,0.7169491525423729,88.14217164627654
502,393,109,80.88783587737677,88,49,39,33.232804404808974,0.7491525423728813,114.1206402821858
502,376,126,53.169875941921276,88,49,39,30.201265943270514,0.7203389830508474,83.37114188519186
502,386,116,68.04608205907468,88,55,33,47.544824495892456,0.747457627118644,115.59090655496716
502,374,128,50.18926463588292,88,53,35,39.162804404808966,0.7237288135593221,89.3520690406919
502,378,124,59.49755861422027,88,49,39,27.594342866347443,0.7237288135593221,87.09190148056774
502,365,137,36.63761106135402,88,48,40,26.231265943270518,0.7,62.86887700462453
502,383,119,63.13824491420233,88,56,32,51.26280440480898,0.7440677966101695,114.40104931901139
502,390,112,73.3008677991348,88,49,39,32.59280440480898,0.7440677966101695,105.89367220394378
502,376,126,51.78752272277299,88,48,40,25.804342866347433,0.7186440677966102,77.59186558912054
502,379,123,56.39675882232128,88,54,34,45.163678191216746,0.7338983050847457,101.5604370135381
502,397,105,86.32813272980498,88,56,32,47.133286034354,0.7677966101694915,133.46141876415894
502,380,122,62.43483077120733,88,49,39,32.095216652755205,0.7271186440677966,94.53004742396261
502,358,144,24.070062310113485,88,41,47,12.032412247946226,0.676271186440678,36.102474558059676
502,389,113,76.12061110230371,88,57,31,52.123950709484696,0.7559322033898305,128.24456181178846
502,381,121,60.437051866099594,88,58,30,54.89280440480896,0.7440677966101695,115.32985627090868
502,387,115,70.27696998319234,88,53,35,45.25434286634744,0.7457627118644068,115.53131284953993
502,362,140,29.44575132848569,88,56,32,40.7952166527552,0.7084745762711865,70.2409679812409
502,368,134,40.95693538915033,88,48,40,32.96280440480897,0.7050847457627119,73.91973979395938
502,386,116,67.56527024359835,88,48,40,30.461747572815536,0.735593220338983,98.02701781641396
502,369,133,41.68609853845175,88,49,39,30.511265943270516,0.7084745762711865,72.19736448172233
502,363,139,31.964454733161276,88,55,33,51.14434286634743,0.7084745762711865,83.10879759950876
502,379,123,58.2195815437224,88,46,42,25.502412247946232,0.7203389830508474,83.72199379166862
502,379,123,57.560150448520226,88,48,40,29.343678191216743,0.7237288135593221,86.90382863973703
502,384,118,66.98377794294528,88,40,48,10.134342866347433,0.7186440677966102,77.11812080929279
502,383,119,64.7413134911608,88,58,30,47.00346907993968,0.747457627118644,111.74478257110053
502,384,118,64.95262936519275,88,45,43,19.780873786407778,0.7271186440677966,84.73350315160059
502,377,125,55.789158813025274,88,51,37,42.6652166527552,0.7254237288135593,98.4543754657805
502,373,129,49.640674241200834,88,50,38,35.27367819121674,0.7169491525423729,84.91435243241764
502,382,120,59.0990392514728,88,52,36,37.84280440480898,0.735593220338983,96.94184365628183
502,363,139,35.89267430857783,88,58,30,56.79367819121675,0.7135593220338983,92.68635249979458
502,366,136,37.29663733754012,88,52,36,41.023076923076935,0.7084745762711865,78.31971426061708
502,382,120,61.94463697645834,88,51,37,38.613286034354005,0.7338983050847457,100.55792301081252
502,355,147,20.607407000112556,88,51,37,33.65521665275521,0.688135593220339,54.262623652867745
502,375,127,52.09976671580684,88,46,42,22.942804404808975,0.7135593220338983,75.04257112061592
502,374,128,48.087775956166446,88,59,29,60.12126594327051,0.7338983050847457,108.20904189943697
502,366,136,36.95128149699675,88,61,27,60.6152166527552,0.7237288135593221,97.56649814975206
502,374,128,50.05998061913532,88,51,37,35.96482449589246,0.7203389830508474,86.02480511502786
502,371,131,44.59450539558074,88,53,35,37.48280440480897,0.7186440677966102,82.07730980038974
502,376,126,55.77696020250537,88,47,41,27.623286034354003,0.7169491525423729,83.40024623685939
502,365,137,40.66381490542434,88,56,32,53.37241224794622,0.7135593220338983,94.03622715337067
502,372,130,47.891371633023745,88,48,40,31.512804404808975,0.711864406779661,79.40417603783276
502,383,119,64.60297503119227,88,54,34,44.0652166527552,0.7406779661016949,108.66819168394763
502,385,117,66.49596341859386,88,48,40,33.871265943270515,0.7338983050847457,100.36722936186439
502,373,129,48.75255798666735,88,48,40,30.10346907993967,0.7135593220338983,78.85602706660704
502,374,128,50.106606662911894,88,50,38,35.75241224794623,0.7186440677966102,85.85901891085828
502,361,141,30.277493293430332,88,47,41,30.064824495892452,0.6915254237288135,60.34231778932282
502,371,131,47.552696688379,88,50,38,39.883469079939665,0.7135593220338983,87.43616576831869
502,383,119,63.11234276153006,88,51,37,38.92328603435401,0.735593220338983,102.03562879588416
502,369,133,44.345054575944985,88,52,36,35.033469079939664,0.7135593220338983,79.37852365588473
502,358,144,27.83374036800285,88,48,40,36.911265943270514,0.688135593220339,64.74500631127336
502,376,126,53.00814085084341,88,49,39,36.66000000000001,0.7203389830508474,89.66814085084344
502,368,134,40.97591983157365,88,57,31,49.353286034354,0.7203389830508474,90.32920586592773
502,378,124,56.345380624480946,88,51,37,40.69328603435399,0.7271186440677966,97.03866665883497
502,384,118,64.41688374736964,88,62,26,67.81521665275521,0.7559322033898305,132.23210040012484
502,367,135,37.368240366711156,88,48,40,32.84174757281554,0.7033898305084746,70.20998793952673
502,369,133,44.557702411238424,88,55,33,48.21367819121674,0.7186440677966102,92.7713806024552
502,386,116,70.02455397390864,88,46,42,19.36153846153846,0.7322033898305085,89.38609243544711
502,377,125,54.23650184829792,88,45,43,20.762804404808975,0.7152542372881356,74.99930625310695
502,385,117,68.40234433678754,88,48,40,30.563286034354,0.7338983050847457,98.9656303711416
502,372,130,49.6023622846283,88,55,33,49.073076923076925,0.7237288135593221,98.67543920770528
502,363,139,33.88759705275216,88,54,34,42.012804404808975,0.7067796610169491,75.90040145756113
502,372,130,47.00396104024524,88,48,40,29.283286034353992,0.711864406779661,76.28724707459932
502,366,136,38.86007290670554,88,48,40,28.045216652755208,0.7016949152542373,66.90528955946074
502,392,110,78.42260371525173,88,51,37,29.061538461538454,0.7508474576271187,107.48414217679029
502,365,137,35.87659932542513,88,51,37,36.89241224794624,0.7050847457627119,72.76901157337133
502,386,116,66.50934184932946,88,57,31,53.14367819121674,0.7508474576271187,119.65302004054622
502,371,131,41.963768507755056,88,45,43,24.562412247946234,0.7050847457627119,66.52618075570129
502,385,117,64.02582449416789,88,44,44,19.483286034353995,0.7271186440677966,83.50911052852187
502,371,131,44.54783306890702,88,47,41,25.643469079939663,0.7084745762711865,70.1913021488467
502,379,123,56.975481503858745,88,50,38,27.654342866347438,0.7271186440677966,84.62982437020626
502,373,129,48.673539306812344,88,53,35,41.34346907993966,0.7220338983050848,90.01700838675208
502,375,127,54.808428060866234,88,55,33,44.98367819121675,0.7288135593220338,99.79210625208307
502,358,144,31.01807870237804,88,49,39,33.55482449589246,0.6898305084745763,64.57290319827045
502,384,118,64.63635344021417,88,46,42,29.400873786407768,0.7288135593220338,94.03722722662197
502,387,115,67.69336914987264,88,45,43,21.28280440480897,0.7322033898305085,88.9761735546817
502,379,123,57.57179976391689,88,55,33,43.232804404808974,0.735593220338983,100.80460416872596
502,381,121,60.05511391530413,88,52,36,41.235216652755206,0.7338983050847457,101.29033056805942
502,373,129,49.59985738066867,88,56,32,49.275216652755205,0.7271186440677966,98.87507403342394
502,374,128,50.33578438860389,88,50,38,32.37307692307692,0.7186440677966102,82.70886131168089
502,378,124,55.962558889066244,88,45,43,24.902412247946234,0.7169491525423729,80.8649711370125
502,388,114,70.98558224800485,88,43,45,17.99,0.7305084745762712,88.97558224800487
502,367,135,36.148123969967685,88,50,38,32.302804404808974,0.7067796610169491,68.4509283747767
502,373,129,47.16642540362148,88,46,42,26.663286034353998,0.7101694915254237,73.82971143797552
502,366,136,36.32198243427388,88,56,32,49.47213972967828,0.7152542372881356,85.79412216395224
502,372,130,47.83089322505296,88,55,33,52.29367819121674,0.7237288135593221,100.12457141626979
502,371,131,47.51050571207907,88,49,39,31.293678191216745,0.711864406779661,78.80418390329582
502,367,135,39.11863702071295,88,51,37,37.08521665275521,0.7084745762711865,76.20385367346817
502,360,142,28.56251189463633,88,57,31,50.163678191216746,0.7067796610169491,78.7261900858531
502,381,121,62.40084964273752,88,41,47,10.55280440480897,0.7152542372881356,72.95365404754658
502,369,133,43.73305609739947,88,54,34,45.51241224794624,0.7169491525423729,89.24546834534571
502,381,121,60.45240542988266,88,54,34,44.063469079939665,0.7372881355932204,104.51587450982231
502,396,106,85.46716564221813,88,53,35,47.31367819121674,0.7610169491525424,132.78084383343477
502,387,115,72.93904570742235,88,54,34,47.135216652755204,0.747457627118644,120.07426236017764
502,381,121,59.80530571800545,88,46,42,21.781747572815544,0.7237288135593221,81.58705329082106
502,393,109,78.39375075169251,88,52,36,39.24395070948469,0.7542372881355932,117.63770146117724
502,375,127,50.408845132169375,88,44,44,20.09482449589246,0.7101694915254237,70.50366962806187
502,372,130,49.138184673403984,88,50,38,35.50193061840121,0.7152542372881356,84.64011529180529
502,374,128,52.69438007283003,88,45,43,25.294342866347442,0.7101694915254237,77.98872293917753
502,375,127,47.83676220556522,88,47,41,28.943286034354,0.7152542372881356,76.78004823991922
502,365,137,35.65738329119822,88,43,45,23.242412247946234,0.6915254237288135,58.89979553914443
502,380,122,60.642409705706555,88,45,43,23.471538461538465,0.7203389830508474,84.11394816724507
502,372,130,46.62246843414728,88,53,35,44.08482449589245,0.7203389830508474,90.70729293003974
502,385,117,71.19804163106329,88,48,40,29.53395070948468,0.7338983050847457,100.73199234054803
502,372,130,44.54667697919837,88,48,40,32.29395070948469,0.711864406779661,76.84062768868317
502,378,124,54.884098239840306,88,49,39,33.91346907993967,0.7237288135593221,88.79756731978006
502,385,117,69.48950372452238,88,53,35,42.19367819121675,0.7423728813559322,111.68318191573921
502,369,133,41.87210860123609,88,47,41,28.752139729678284,0.7050847457627119,70.62424833091441
502,360,142,31.834140286369486,88,51,37,35.983286034354016,0.6966101694915254,67.81742632072344
502,383,119,61.2632638446571,88,46,42,25.573678191216743,0.7271186440677966,86.8369420358739
502,351,151,15.222444490154842,88,39,49,6.113678191216742,0.6610169491525424,21.336122681371574
502,374,128,48.03447907988797,88,43,45,16.04241224794623,0.7067796610169491,64.07689132783422
502,391,111,78.08599551969125,88,58,30,55.47153846153846,0.7610169491525424,133.55753398122985
502,381,121,64.24051166059448,88,45,43,19.543286034353997,0.7220338983050848,83.78379769494865
502,357,145,22.20108164202276,88,58,30,49.05434286634743,0.7033898305084746,71.2554245083703
502,379,123,58.4727071329422,88,56,32,49.422412247946234,0.7372881355932204,107.89511938088847
502,363,139,31.918264116630866,88,50,38,37.06153846153846,0.7,68.97980257816926
502,380,122,57.83041804714904,88,45,43,22.05241224794623,0.7203389830508474,79.88283029509533
502,387,115,74.57692100093323,88,46,42,27.29213972967828,0.7338983050847457,101.86906073061157
502,389,113,73.71585124436352,88,48,40,35.14000000000001,0.7406779661016949,108.85585124436358
502,378,124,59.83646913909528,88,48,40,31.513286034353996,0.7220338983050848,91.34975517344928
502,383,119,66.70704224735596,88,50,38,37.022412247946235,0.7338983050847457,103.72945449530219
502,372,130,49.45228006272353,88,48,40,33.58213972967828,0.711864406779661,83.03441979240182
502,371,131,47.35407237870001,88,48,40,29.03307692307693,0.7101694915254237,76.38714930177694
502,385,117,65.35727809688603,88,49,39,32.352804404808964,0.735593220338983,97.7100825016951
502,387,115,70.01091739091673,88,52,36,37.62241224794623,0.7440677966101695,107.63332963886303
502,380,122,59.9235278820274,88,48,40,30.951930618401217,0.7254237288135593,90.87545850042873
