favorites_chosen,favorites_correct,favorites_wrong,favorites_units,dogs_chosen,dogs_correct,dogs_wrong,dogs_units,accuracy,total_units
392,295,97,60.64627165779497,89,45,44,8.94999796862019,0.7068607068607069,69.59626962641522
392,292,100,48.298821114228495,89,52,37,24.43901594382981,0.7151767151767152,72.73783705805825
392,277,115,26.085407436249433,89,44,45,5.842025177494208,0.6673596673596673,31.927432613743647
392,274,118,20.62184875560298,89,52,37,23.8377322587965,0.6777546777546778,44.459581014399504
392,286,106,42.45232311935336,89,52,37,28.193252677883397,0.7027027027027027,70.64557579723672
392,269,123,13.397668371615048,89,53,36,25.83708115599846,0.6694386694386695,39.234749527613516
392,289,103,47.625866985454856,89,48,41,17.464817372012018,0.7006237006237006,65.09068435746688
392,289,103,50.12493061228787,89,54,35,29.679758905289173,0.7130977130977131,79.80468951757705
392,287,105,44.397667034923096,89,44,45,3.033356200072621,0.6881496881496881,47.431023234995706
392,283,109,40.916020206892526,89,55,34,33.46418191286537,0.7027027027027027,74.38020211975788
392,275,117,26.148889924177816,89,53,36,25.562137004475623,0.681912681912682,51.71102692865338
392,285,107,42.98383356198173,89,57,32,40.12699645808768,0.7110187110187111,83.11083002006941
392,280,112,32.12708908958671,89,53,36,22.927792620969537,0.6923076923076923,55.05488171055624
392,296,96,54.39425440264488,89,57,32,34.45145178694359,0.7338877338877339,88.84570618958846
392,295,97,52.258779857165386,89,47,42,15.036109850266051,0.7110187110187111,67.29488970743145
392,274,118,23.97074299488943,89,51,38,19.69409533277879,0.6756756756756757,43.66483832766819
392,294,98,54.572656064572456,89,54,35,31.31919063740303,0.7234927234927235,85.89184670197547
392,284,108,37.233977240412464,89,47,42,15.863823583192147,0.6881496881496881,53.097800823604594
392,281,111,30.831692130356206,89,63,26,50.803973578217985,0.7151767151767152,81.63566570857414
392,287,105,43.87965913461611,89,51,38,20.873205991441157,0.7027027027027027,64.75286512605726
392,301,91,63.438839352825354,89,52,37,24.813849801105686,0.7338877338877339,88.25268915393102
392,286,106,43.207699095140576,89,54,35,29.428286072798596,0.7068607068607069,72.6359851679392
392,291,101,51.52035085076754,89,49,40,20.02357903288636,0.7068607068607069,71.54392988365383
392,266,126,11.036574204364861,89,52,37,24.387369602390336,0.6611226611226612,35.42394380675521
392,294,98,52.52227275692249,89,53,36,26.878552325061875,0.7214137214137214,79.40082508198437
392,286,106,41.20087514964969,89,56,33,34.91961080278772,0.7110187110187111,76.1204859524374
392,276,116,29.773534790535887,89,47,42,14.239185455542536,0.6715176715176715,44.012720246078416
392,305,87,72.71111783785022,89,55,34,29.785240274700065,0.7484407484407485,102.49635811255024
392,288,104,45.7430896943937,89,50,39,22.958004734104456,0.7027027027027027,68.70109442849817
392,282,110,31.6118277085366,89,39,50,-4.51759241652817,0.6673596673596673,27.09423529200843
392,283,109,36.716522060711696,89,52,37,26.926381310893838,0.6964656964656964,63.64290337160549
392,288,104,41.790105856301835,89,53,36,29.006011669489933,0.7089397089397089,70.79611752579174
392,293,99,57.04556721965176,89,43,46,6.059437772641668,0.6985446985446986,63.105004992293416
392,285,107,39.85459009122003,89,51,38,22.011581308297735,0.6985446985446986,61.86617139951773
392,289,103,45.30426837408729,89,45,44,12.505528817806187,0.6943866943866944,57.80979719189348
392,283,109,40.09082935795596,89,54,35,32.50472104009884,0.7006237006237006,72.59555039805477
392,278,114,28.69704757788832,89,50,39,21.485280265058652,0.681912681912682,50.18232784294698
392,277,115,28.955887738987663,89,50,39,18.303132675471282,0.6798336798336798,47.25902041445893
392,277,115,26.858713591887756,89,51,38,21.421765437234473,0.681912681912682,48.28047902912222
392,280,112,31.051498674782906,89,55,34,27.538243753774022,0.6964656964656964,58.589742428556896
392,300,92,61.89148725961551,89,49,40,18.545525786383156,0.7255717255717256,80.43701304599867
392,277,115,26.316686194390353,89,49,40,15.91400224068867,0.6777546777546778,42.23068843507901
392,289,103,47.129669419442386,89,49,40,18.071441938402742,0.7027027027027027,65.2011113578451
392,273,119,18.45560790930493,89,48,41,19.247819574952988,0.6673596673596673,37.703427484257894
392,289,103,42.468493649931695,89,51,38,20.572688393097465,0.7068607068607069,63.04118204302913
392,280,112,32.083860962892665,89,50,39,20.20498254664322,0.6860706860706861,52.28884350953584
392,292,100,53.561098993257986,89,43,46,8.65153282604535,0.6964656964656964,62.212631819303326
392,300,92,65.59373998082533,89,53,36,24.811053020421582,0.7338877338877339,90.40479300124689
392,278,114,28.000290334355373,89,60,29,41.76979934213796,0.7027027027027027,69.77008967649328
392,284,108,37.27225002995304,89,49,40,18.85411086115987,0.6923076923076923,56.12636089111286
392,271,121,18.524524040146378,89,47,42,10.394538100929452,0.6611226611226612,28.91906214107584
392,302,90,68.18683669567463,89,49,40,19.903194919820123,0.7297297297297297,88.09003161549468
392,297,95,58.37697934622187,89,49,40,19.345848347509015,0.7193347193347194,77.72282769373088
392,276,116,27.582677340100105,89,52,37,25.51055365444947,0.681912681912682,53.09323099454953
392,282,110,34.41537373823032,89,52,37,22.445695182204723,0.6943866943866944,56.86106892043499
392,295,97,54.46697658749192,89,55,34,27.768968845773475,0.7276507276507277,82.23594543326537
392,297,95,61.06947813470915,89,55,34,32.59596479018223,0.7318087318087318,93.66544292489141
392,285,107,39.89572697253813,89,51,38,23.61740490689167,0.6985446985446986,63.51313187942975
392,289,103,45.02077854790339,89,54,35,30.50525124346364,0.7130977130977131,75.52602979136702
392,291,101,47.40251616482487,89,57,32,36.12315682198592,0.7234927234927235,83.52567298681079
392,273,119,22.124735181388807,89,52,37,27.317322091156676,0.6756756756756757,49.44205727254539
392,300,92,64.2836221255299,89,54,35,30.907418389756998,0.735966735966736,95.19104051528687
392,302,90,66.22585185838543,89,55,34,32.85219833766738,0.7422037422037422,99.07805019605276
392,280,112,30.78262810647655,89,51,38,20.691925895672266,0.6881496881496881,51.4745540021488
392,276,116,26.078543631437064,89,51,38,20.877598754342152,0.6798336798336798,46.95614238577918
392,284,108,37.395257826251786,89,48,41,14.282616784216213,0.6902286902286903,51.67787461046798
392,288,104,44.00074412040865,89,60,29,41.108982521504274,0.7234927234927235,85.10972664191284
392,281,111,35.685987936890506,89,57,32,40.864805956758275,0.7027027027027027,76.5507938936488
392,280,112,31.709223776623965,89,55,34,32.206027005005566,0.6964656964656964,63.91525078162951
392,282,110,37.36642046204769,89,56,33,33.19037119928851,0.7027027027027027,70.55679166133613
392,284,108,36.182096665754514,89,52,37,27.75350502450804,0.6985446985446986,63.93560169026256
392,283,109,33.147097336573225,89,51,38,24.646785568032964,0.6943866943866944,57.79388290460615
392,287,105,43.64601729488577,89,50,39,19.995132411641958,0.7006237006237006,63.641149706527656
392,280,112,28.459570278650144,89,47,42,19.27769465894205,0.6798336798336798,47.737264937592165
392,289,103,48.516998617082635,89,52,37,27.61299730801804,0.7089397089397089,76.12999592510069
392,282,110,34.854870497420954,89,42,47,2.7089760693623743,0.6735966735966736,37.56384656678331
392,287,105,46.52882193727604,89,52,37,25.384367210226262,0.7047817047817048,71.91318914750224
392,284,108,38.81285553375189,89,50,39,21.90545495863189,0.6943866943866944,60.718310492383694
392,268,124,13.510708885525194,89,52,37,27.674837496907998,0.6652806652806653,41.18554638243318
392,292,100,50.40196223778107,89,55,34,28.657623109256804,0.7214137214137214,79.05958534703784
392,291,101,51.31056026999825,89,56,33,31.454519839032365,0.7214137214137214,82.7650801090306
392,277,115,24.360522134149065,89,47,42,14.625693992437387,0.6735966735966736,38.986216126586456
392,290,102,50.19437288240868,89,60,29,42.95829273400614,0.7276507276507277,93.15266561641488
392,286,106,36.77751482614637,89,45,44,12.871769434470618,0.6881496881496881,49.64928426061702
392,273,119,18.59324406491647,89,48,41,12.820743548325254,0.6673596673596673,31.4139876132417
392,288,104,44.455549533456804,89,55,34,29.686258515148854,0.7130977130977131,74.14180804860565
392,280,112,34.97981214783351,89,51,38,26.280934188599904,0.6881496881496881,61.2607463364334
392,289,103,50.70788141344279,89,52,37,24.15403016569084,0.7089397089397089,74.86191157913355
392,289,103,46.12101114671727,89,51,38,20.8088803835111,0.7068607068607069,66.92989153022836
392,279,113,30.42789074069428,89,45,44,12.532827349815122,0.6735966735966736,42.960718090509395
392,286,106,40.09746439834521,89,49,40,15.363009879726295,0.6964656964656964,55.46047427807153
392,292,100,51.01147842775127,89,57,32,38.15112973279041,0.7255717255717256,89.16260816054165
392,283,109,38.68627972016119,89,50,39,19.58052555436014,0.6923076923076923,58.26680527452132
392,293,99,51.98211483040245,89,48,41,13.169874540283619,0.7089397089397089,65.15198937068607
392,277,115,27.50637952352634,89,45,44,11.513457732022996,0.6694386694386695,39.01983725554931
392,288,104,43.98648431702257,89,48,41,16.12672025174099,0.6985446985446986,60.11320456876353
392,290,102,48.68828569935081,89,50,39,23.424100246377623,0.7068607068607069,72.1123859457284
392,284,108,38.48935910062767,89,51,38,26.67521780196119,0.6964656964656964,65.16457690258885
392,281,111,31.410926402433795,89,47,42,14.963745970014845,0.681912681912682,46.37467237244861
392,277,115,29.490402087451695,89,52,37,22.77823728543194,0.683991683991684,52.26863937288358
392,288,104,41.74484925956895,89,54,35,29.801323798989515,0.7110187110187111,71.54617305855842
392,281,111,33.85138165735723,89,50,39,16.781080782083794,0.6881496881496881,50.63246243944101
392,281,111,34.71001144984867,89,51,38,22.250403107390877,0.6902286902286903,56.96041455723955
392,298,94,62.91647082992063,89,55,34,33.04395706846959,0.7338877338877339,95.9604278983902
392,282,110,35.62820695710965,89,50,39,19.074935478112405,0.6902286902286903,54.70314243522203
392,289,103,47.56442975768239,89,48,41,14.677796399457073,0.7006237006237006,62.24222615713943
392,288,104,48.46774088468203,89,42,47,3.7804278162868648,0.6860706860706861,52.248168700968876
392,282,110,34.31320151073675,89,44,45,5.10094748602946,0.6777546777546778,39.41414899676621
392,289,103,48.8764292318557,89,40,49,-0.7842302470356017,0.683991683991684,48.09219898482009
392,290,102,50.45675651157487,89,43,46,4.271219738801444,0.6923076923076923,54.72797625037635
392,276,116,24.22417353641218,89,56,33,35.21575645553484,0.6902286902286903,59.439929991947
392,285,107,38.52062984516448,89,57,32,36.70115406852815,0.7110187110187111,75.22178391369256
392,297,95,57.38290449475853,89,59,30,41.72583143493188,0.7401247401247402,99.10873592969041
392,279,113,30.883376569560728,89,50,39,16.975147940023035,0.683991683991684,47.858524509583724
392,279,113,32.26515246616265,89,51,38,23.773934499016477,0.6860706860706861,56.03908696517912
392,291,101,51.2345619971769,89,54,35,26.964602465544242,0.7172557172557172,78.19916446272114
392,295,97,55.23365655950934,89,52,37,24.989876054506766,0.7214137214137214,80.22353261401612
392,281,111,36.191260876221754,89,48,41,17.77200540137396,0.683991683991684,53.96326627759569
392,304,88,72.08546631294816,89,48,41,15.205417329251908,0.7318087318087318,87.29088364220007
392,274,118,18.657041425745813,89,57,32,33.018821933039376,0.6881496881496881,51.67586335878516
392,271,121,20.457346430092105,89,50,39,21.367765681122037,0.6673596673596673,41.825112111214125
392,266,126,6.793959517590219,89,47,42,15.375748270421173,0.6507276507276507,22.16970778801141
392,287,105,43.61199968650192,89,51,38,23.267137051062864,0.7027027027027027,66.87913673756472
392,290,102,45.8360770431022,89,52,37,27.77399486118952,0.7110187110187111,73.6100719042917
392,274,118,22.415062089170554,89,54,35,26.667418389756996,0.681912681912682,49.08248047892752
392,281,111,35.23031904338371,89,52,37,29.057747448750458,0.6923076923076923,64.2880664921341
392,286,106,42.155294216345474,89,55,34,31.737095643195367,0.7089397089397089,73.8923898595408
392,294,98,52.091067814571936,89,51,38,20.916507416672122,0.7172557172557172,73.007575231244
392,281,111,34.63166524252175,89,49,40,20.408709254717746,0.6860706860706861,55.040374497239505
392,282,110,38.38128961413763,89,56,33,35.98422332073287,0.7027027027027027,74.36551293487047
392,275,117,22.105238035222595,89,53,36,26.15794356046531,0.681912681912682,48.26318159568789
392,281,111,33.82241352714228,89,42,47,2.3841828240224494,0.6715176715176715,36.206596351164734
392,290,102,49.87538740258127,89,44,45,5.816147036943169,0.6943866943866944,55.69153443952442
392,269,123,11.204104733119909,89,53,36,27.399838410990863,0.6694386694386695,38.603943144110794
392,295,97,55.79177674568152,89,52,37,23.521784580763125,0.7214137214137214,79.31356132644467
392,283,109,35.67216866065967,89,50,39,20.964197092470716,0.6923076923076923,56.636365753130384
392,274,118,22.93226783825808,89,54,35,25.95644076190979,0.681912681912682,48.88870860016787
392,290,102,50.701421384263234,89,59,30,37.772633915541974,0.7255717255717256,88.47405529980517
392,269,123,15.755529490882635,89,49,40,16.60264661727733,0.6611226611226612,32.35817610815998
392,280,112,31.823406470203132,89,46,43,13.531235485931152,0.6777546777546778,45.35464195613429
392,270,122,17.82509954346252,89,38,51,-8.664535765557222,0.6403326403326404,9.16056377790527
392,272,120,20.50435284238467,89,41,48,-1.820982173994404,0.6507276507276507,18.68337066839023
392,285,107,44.82601115406063,89,48,41,17.201278427198712,0.6923076923076923,62.027289581259325
392,286,106,41.48304169130594,89,42,47,4.855860919217272,0.681912681912682,46.338902610523256
392,280,112,32.44847909534316,89,45,44,6.589731153975561,0.6756756756756757,39.03821024931873
392,285,107,42.9130704174379,89,60,29,41.44948625489406,0.7172557172557172,84.36255667233189
392,277,115,26.707536370419025,89,52,37,24.02550567183578,0.683991683991684,50.73304204225477
392,271,121,16.04134585016137,89,47,42,14.264282701538583,0.6611226611226612,30.305628551699975
392,273,119,23.23106620421353,89,54,35,29.37640545740848,0.6798336798336798,52.60747166162196
392,286,106,41.47722121291472,89,48,41,14.427679101035455,0.6943866943866944,55.90490031395014
392,296,96,57.45959143799028,89,56,33,34.163461734464754,0.7318087318087318,91.62305317245503
392,284,108,35.66127437555311,89,44,45,5.555509406661864,0.681912681912682,41.21678378221496
392,291,101,44.2552407010528,89,59,30,41.977850379032844,0.7276507276507277,86.23309108008554
392,290,102,48.13665266795978,89,46,43,10.561075027493349,0.6985446985446986,58.69772769545311
392,286,106,43.06949529172539,89,57,32,30.992524189485,0.7130977130977131,74.06201948121031
392,284,108,38.999740922371096,89,51,38,25.37608723715148,0.6964656964656964,64.37582815952256
392,294,98,52.14245874837739,89,53,36,27.847741694160018,0.7214137214137214,79.9902004425374
392,271,121,17.12919492287025,89,45,44,11.236608948622482,0.656964656964657,28.365803871492755
392,272,120,20.366259985687805,89,54,35,26.994159905793598,0.6777546777546778,47.36041989148139
392,286,106,41.053682812886656,89,56,33,32.72470020361751,0.7110187110187111,73.77838301650416
392,279,113,29.896757488100302,89,47,42,15.971288275739568,0.6777546777546778,45.868045763839866
392,289,103,45.14541126884926,89,59,30,43.088534063164786,0.7234927234927235,88.23394533201402
392,290,102,47.822434871977286,89,60,29,40.29456312907565,0.7276507276507277,88.11699800105289
392,291,101,51.62447148691152,89,52,37,25.995401800870834,0.7130977130977131,77.61987328778231
392,288,104,45.78638112534439,89,46,43,13.547478751930036,0.6943866943866944,59.333859877274435
392,289,103,44.722034222712004,89,49,40,19.12932674092617,0.7027027027027027,63.851360963638164
392,271,121,13.808707447857453,89,50,39,21.33243739064979,0.6673596673596673,35.14114483850727
392,282,110,33.96789469894259,89,51,38,23.40036745411383,0.6923076923076923,57.3682621530564
392,271,121,17.738394639682404,89,52,37,22.580337776962974,0.6715176715176715,40.318732416645375
392,281,111,34.02179111352657,89,48,41,16.55531745173578,0.683991683991684,50.57710856526232
392,283,109,33.459219417178446,89,56,33,36.23358022265371,0.7047817047817048,69.69279963983212
392,286,106,44.505814046380536,89,55,34,31.797981160319765,0.7089397089397089,76.3037952067003
392,268,124,18.01089697073195,89,53,36,26.457948146631608,0.6673596673596673,44.46884511736354
392,275,117,26.76273740942882,89,46,43,16.035446973089915,0.6673596673596673,42.7981843825187
392,279,113,29.508031671105243,89,50,39,22.841558854735776,0.683991683991684,52.349590525840945
392,284,108,35.1241113852456,89,53,36,29.749176020179032,0.7006237006237006,64.87328740542458
392,292,100,51.98483585911801,89,49,40,16.004128346466953,0.7089397089397089,67.98896420558496
392,290,102,46.317085095764156,89,50,39,19.747314548317558,0.7068607068607069,66.06439964408172
392,276,116,27.736755575804143,89,48,41,15.021301229536391,0.6735966735966736,42.758056805340495
392,293,99,51.26866081516702,89,43,46,9.336399572790926,0.6985446985446986,60.60506038795791
392,289,103,45.80667369350645,89,50,39,20.103841815563722,0.7047817047817048,65.91051550907014
392,293,99,53.841728038359534,89,51,38,19.89271684716813,0.7151767151767152,73.73444488552768
392,278,114,30.575720203954518,89,52,37,21.860079802987862,0.6860706860706861,52.43580000694234
392,291,101,46.84856460184232,89,56,33,32.94660310252339,0.7214137214137214,79.7951677043657
392,266,126,10.444938686655059,89,54,35,26.652305987119853,0.6652806652806653,37.0972446737749
392,292,100,53.651150303931026,89,55,34,31.6030643572818,0.7214137214137214,85.25421466121281
392,283,109,35.607992247383564,89,50,39,20.535735419481792,0.6923076923076923,56.14372766686533
392,278,114,27.178500392552813,89,55,34,30.935774687906427,0.6923076923076923,58.11427508045922
392,278,114,29.743417403401626,89,60,29,42.42082846498469,0.7027027027027027,72.16424586838627
392,272,120,19.347334820217768,89,55,34,31.96559929678174,0.6798336798336798,51.31293411699951
392,282,110,35.320852869042234,89,53,36,26.89461362353093,0.6964656964656964,62.21546649257313
392,301,91,64.42223800655626,89,48,41,17.1769123662197,0.7255717255717256,81.59915037277594
392,279,113,31.729079340702796,89,51,38,23.162296105266154,0.6860706860706861,54.89137544596893
392,277,115,26.420180909974896,89,53,36,29.484001329531594,0.6860706860706861,55.904182239506525
392,285,107,38.2674902945814,89,50,39,18.665238638442535,0.6964656964656964,56.93272893302394
392,279,113,32.701234705899246,89,48,41,20.51615880097266,0.6798336798336798,53.21739350687192
392,289,103,49.30422322870805,89,54,35,26.233156821985915,0.7130977130977131,75.53738005069395
392,285,107,44.39021878179863,89,55,34,29.346915070210187,0.7068607068607069,73.73713385200881
392,282,110,37.25519137686601,89,48,41,19.643151629776828,0.6860706860706861,56.89834300664279
392,276,116,26.75181731251307,89,50,39,18.85597821763889,0.6777546777546778,45.60779553015191
392,288,104,45.61426190708886,89,49,40,18.959852908536373,0.7006237006237006,64.57411481562524
392,285,107,43.054990304153435,89,43,46,4.962066953314345,0.681912681912682,48.01705725746779
392,292,100,47.859909455404384,89,50,39,20.66502948135959,0.7110187110187111,68.52493893676403
392,292,100,51.54621445819367,89,57,32,39.123912055803125,0.7255717255717256,90.67012651399679
392,286,106,44.13725788898677,89,47,42,11.852976014697916,0.6923076923076923,55.99023390368468
392,291,101,49.94546517241982,89,44,45,6.295565312074856,0.6964656964656964,56.241030484494665
392,281,111,33.975908875294195,89,56,33,34.450991747091464,0.7006237006237006,68.42690062238563
392,280,112,29.03044911959177,89,48,41,15.800361699523386,0.681912681912682,44.83081081911507
392,289,103,42.78078222243479,89,55,34,31.938792289201366,0.7151767151767152,74.71957451163618
392,282,110,36.41204410821625,89,58,31,35.6810560731878,0.7068607068607069,72.093100181404
392,295,97,54.07402171736428,89,48,41,18.382142694664445,0.7130977130977131,72.45616441202877
392,292,100,55.867930367575504,89,43,46,3.105332641689727,0.6964656964656964,58.97326300926519
392,284,108,39.623751746928875,89,56,33,37.12211385850522,0.7068607068607069,76.74586560543409
392,277,115,24.73794646252377,89,58,31,38.715812131850605,0.6964656964656964,63.45375859437433
392,288,104,42.66105811106513,89,52,37,27.318925366507067,0.7068607068607069,69.9799834775722
392,301,91,64.48538697143397,89,50,39,22.603311177057556,0.7297297297297297,87.08869814849142
392,277,115,29.06731995780571,89,45,44,8.879956560752689,0.6694386694386695,37.9472765185584
392,276,116,25.388516382043946,89,45,44,12.103670417887848,0.6673596673596673,37.49218679993172
392,284,108,42.020333219792086,89,51,38,21.91758171173792,0.6964656964656964,63.93791493153004
392,291,101,50.190667422977874,89,54,35,31.67548859970605,0.7172557172557172,81.86615602268395
392,287,105,44.769034653674396,89,59,30,41.47540978641279,0.7193347193347194,86.24444444008715
392,269,123,14.42993839977028,89,46,43,12.964162490726451,0.6548856548856549,27.39410089049675
392,287,105,43.21675680692181,89,49,40,19.012601813010896,0.6985446985446986,62.22935861993265
392,292,100,49.336908907576245,89,61,28,45.85412834646696,0.7338877338877339,95.1910372540432
392,277,115,26.222247426127762,89,48,41,15.759917035060987,0.6756756756756757,41.98216446118875
392,294,98,52.485089826943444,89,50,39,19.775976335463092,0.7151767151767152,72.26106616240655
392,280,112,29.582763684907196,89,51,38,26.20287827662465,0.6881496881496881,55.78564196153184
392,290,102,45.90780811101789,89,50,39,22.96002851326668,0.7068607068607069,68.86783662428451
392,286,106,42.39877041766698,89,55,34,32.45452172120816,0.7089397089397089,74.8532921388751
392,291,101,48.26336224099876,89,61,28,45.99807494481833,0.7318087318087318,94.2614371858172
392,281,111,32.23250130534941,89,53,36,24.21830868591316,0.6943866943866944,56.45080999126254
392,289,103,47.1476778462978,89,37,52,-6.558576323494355,0.6777546777546778,40.58910152280346
392,299,93,64.49387301830396,89,53,36,24.07538202475059,0.7318087318087318,88.5692550430545
392,285,107,38.843402870887736,89,54,35,28.37283895050466,0.7047817047817048,67.21624182139239
392,276,116,26.42037991776944,89,59,30,42.59180684510197,0.6964656964656964,69.01218676287141
392,297,95,58.454996510386934,89,47,42,13.687112715325107,0.7151767151767152,72.14210922571208
392,272,120,17.07467927528796,89,42,47,1.1340408552232946,0.6528066528066528,18.208720130511256
392,280,112,34.98293546025569,89,53,36,23.065112286745986,0.6923076923076923,58.04804774700164
392,290,102,50.02943393025825,89,45,44,9.627722391078745,0.6964656964656964,59.65715632133696
392,297,95,57.14394386608357,89,55,34,31.894150386851578,0.7318087318087318,89.03809425293507
392,284,108,39.61228710273979,89,45,44,6.921098043436655,0.683991683991684,46.53338514617647
392,284,108,38.57713940041203,89,58,31,37.43749510212582,0.7110187110187111,76.01463450253777
392,281,111,35.90776632140111,89,49,40,15.992448991339327,0.6860706860706861,51.90021531274045
392,292,100,50.14120675987077,89,49,40,17.95993490245666,0.7089397089397089,68.10114166232744
392,278,114,30.62939199795171,89,48,41,15.715545187178886,0.6777546777546778,46.34493718513059
392,275,117,23.527608567795593,89,52,37,22.75155166445973,0.6798336798336798,46.27916023225529
392,284,108,35.49705826305071,89,50,39,20.554396630110038,0.6943866943866944,56.05145489316073
392,292,100,53.33118575015191,89,41,48,-4.425405330774618,0.6923076923076923,48.905780419377294
392,278,114,29.08762219760619,89,53,36,25.04430684805322,0.6881496881496881,54.13192904565939
392,286,106,41.93617887064746,89,51,38,24.824369291973774,0.7006237006237006,66.76054816262119
392,283,109,37.36387701905435,89,44,45,4.045621899547704,0.6798336798336798,41.409498918602075
392,294,98,57.30047150946757,89,56,33,35.99859256233894,0.7276507276507277,93.29906407180648
392,283,109,42.946200095102164,89,48,41,20.534524618064115,0.6881496881496881,63.48072471316625
392,283,109,37.22219683467135,89,57,32,33.74884605002849,0.7068607068607069,70.97104288469988
392,284,108,35.50666272459454,89,56,33,31.549443154073874,0.7068607068607069,67.05610587866842
392,301,91,67.32838789094535,89,56,33,35.897438533829884,0.7422037422037422,103.22582642477522
392,289,103,48.791320582140806,89,50,39,21.831133715890623,0.7047817047817048,70.62245429803147
392,286,106,42.92425569157552,89,55,34,32.431827870806416,0.7089397089397089,75.3560835623819
392,280,112,31.191209660092127,89,50,39,22.184994147332763,0.6860706860706861,53.37620380742491
392,277,115,27.492621280542288,89,51,38,25.78072647619551,0.681912681912682,53.273347756737735
392,299,93,61.47589032924061,89,42,47,4.539987279087728,0.7089397089397089,66.01587760832834
392,290,102,45.69084974435247,89,56,33,35.774126464291164,0.7193347193347194,81.46497620864363
392,294,98,52.08435735808258,89,46,43,10.409194252550606,0.7068607068607069,62.49355161063313
392,295,97,58.815709519587955,89,52,37,21.945600207938817,0.7214137214137214,80.76130972752676
392,295,97,57.16943196805036,89,52,37,25.32239598278229,0.7214137214137214,82.49182795083262
392,275,117,22.52480058942913,89,54,35,30.454578319029615,0.683991683991684,52.979378908458706
392,276,116,22.613240121430362,89,39,50,-2.949536879211811,0.6548856548856549,19.66370324221855
392,284,108,34.290961845305155,89,49,40,17.55542892994145,0.6923076923076923,51.84639077524658
392,280,112,31.802909713515483,89,56,33,35.153121074781744,0.6985446985446986,66.95603078829717
392,269,123,17.208509226480377,89,46,43,14.919317048295586,0.6548856548856549,32.12782627477597
392,281,111,31.860447925398063,89,54,35,27.393981214984226,0.6964656964656964,59.254429140382264
392,287,105,44.612902162401795,89,53,36,26.111379824081016,0.7068607068607069,70.72428198648274
392,290,102,50.457888748825226,89,55,34,31.443520563237715,0.7172557172557172,81.9014093120629
392,290,102,46.21678608698581,89,58,31,38.75158130829773,0.7234927234927235,84.96836739528356
392,282,110,35.69184891405703,89,54,35,32.714553983291864,0.6985446985446986,68.40640289734884
392,288,104,44.24529487055429,89,49,40,20.942119519168532,0.7006237006237006,65.18741438972282
392,274,118,21.54732187287917,89,48,41,17.710120415589447,0.6694386694386695,39.25744228846863
392,280,112,34.183671516532186,89,52,37,25.484459287636216,0.6902286902286903,59.66813080416831
392,299,93,57.93430941085331,89,49,40,17.050910823880873,0.7234927234927235,74.98522023473417
392,281,111,33.0345248392688,89,51,38,22.361001595632313,0.6902286902286903,55.39552643490113
392,276,116,27.299732784812385,89,50,39,19.667528892403986,0.6777546777546778,46.96726167721635
392,282,110,33.45766226018673,89,52,37,28.3845118534904,0.6943866943866944,61.84217411367705
392,279,113,31.584313800617288,89,47,42,15.759483163609374,0.6777546777546778,47.34379696422664
392,280,112,32.269059499507755,89,47,42,15.729148258516819,0.6798336798336798,47.99820775802454
392,287,105,47.50665517405868,89,44,45,5.765345203049383,0.6881496881496881,53.27200037710806
392,289,103,47.02338670205176,89,49,40,19.89325457923611,0.7027027027027027,66.91664128128781
392,279,113,32.39211846066611,89,62,27,46.59990111217849,0.7089397089397089,78.9920195728446
392,277,115,24.39189554179805,89,53,36,24.63370572238918,0.6860706860706861,49.02560126418724
392,288,104,45.72590341374173,89,48,41,14.269774095243125,0.6985446985446986,59.99567750898484
392,283,109,38.63685006704443,89,52,37,27.773602762581305,0.6964656964656964,66.4104528296257
392,275,117,24.8047565890621,89,50,39,20.66782695445215,0.6756756756756757,45.47258354351425
392,287,105,43.58841617162137,89,47,42,16.719773124224414,0.6943866943866944,60.308189295845764
392,286,106,37.88007811369455,89,44,45,4.139072716738429,0.6860706860706861,42.01915083043298
392,284,108,37.55180153167628,89,50,39,22.848153558539867,0.6943866943866944,60.399955090216125
392,293,99,54.539576545711725,89,48,41,15.708385960663335,0.7089397089397089,70.24796250637503
392,295,97,54.67834657328028,89,52,37,21.907375099713715,0.7214137214137214,76.58572167299397
392,288,104,43.228461631622174,89,53,36,29.390638362708863,0.7089397089397089,72.6190999943311
392,283,109,34.004559294482895,89,49,40,17.88960130302261,0.6902286902286903,51.894160597505476
392,280,112,33.52007457070426,89,55,34,34.04641910361376,0.6964656964656964,67.566493674318
392,274,118,25.00437841848356,89,49,40,18.37120357782878,0.6715176715176715,43.37558199631233
392,290,102,45.25232885610432,89,51,38,21.760656614257346,0.7089397089397089,67.01298547036173
392,292,100,50.80535323803385,89,49,40,18.43709940754695,0.7089397089397089,69.24245264558083
392,290,102,49.85535318686436,89,51,38,21.093389771602165,0.7089397089397089,70.94874295846654
392,293,99,50.726790125324584,89,47,42,13.053330320586205,0.7068607068607069,63.78012044591082
392,280,112,30.63701056061426,89,53,36,25.843136439822878,0.6923076923076923,56.48014700043711
392,299,93,63.33266979401102,89,52,37,22.0240926287883,0.7297297297297297,85.3567624227993
392,287,105,38.530323596408635,89,59,30,42.82326975001314,0.7193347193347194,81.3535933464218
392,277,115,22.40188257403068,89,51,38,26.639915152885195,0.681912681912682,49.04179772691586
392,289,103,48.01744206374249,89,53,36,28.155695874613173,0.7110187110187111,76.1731379383556
392,285,107,37.846642915076316,89,51,38,22.56236065910405,0.6985446985446986,60.40900357418042
392,285,107,43.48410655855282,89,57,32,34.998726047616394,0.7110187110187111,78.48283260616913
392,276,116,26.98013010051657,89,56,33,30.9633210255984,0.6902286902286903,57.943451126114965
392,297,95,56.33665377084807,89,50,39,19.49378334591508,0.7214137214137214,75.83043711676314
392,290,102,45.72002343358735,89,54,35,27.038966963597687,0.7151767151767152,72.758990397185
392,268,124,14.29390081463459,89,49,40,18.337370878523338,0.659043659043659,32.63127169315795
392,276,116,29.61822997196349,89,53,36,29.737929884734516,0.683991683991684,59.35615985669796
392,280,112,27.533497992798583,89,60,29,40.411788801953506,0.7068607068607069,67.94528679475208
392,262,130,6.418864765622592,89,51,38,22.45318505210236,0.6507276507276507,28.87204981772498
392,282,110,34.374274922680435,89,46,43,10.932621738335143,0.681912681912682,45.306896661015585
392,280,112,30.886927565354362,89,53,36,27.494085056423668,0.6923076923076923,58.381012621778
392,298,94,62.665951793207874,89,56,33,32.24747686975425,0.735966735966736,94.91342866296215
392,292,100,49.33668830056575,89,45,44,13.013376474172606,0.7006237006237006,62.35006477473835
392,291,101,51.64237135026309,89,55,34,29.107687435353153,0.7193347193347194,80.75005878561625
392,281,111,33.29682398926736,89,49,40,18.84172802660313,0.6860706860706861,52.13855201587041
392,284,108,38.90687377420619,89,57,32,37.32941812592766,0.7089397089397089,76.2362919001339
392,289,103,43.465424183322895,89,50,39,25.530762691853912,0.7047817047817048,68.9961868751768
392,282,110,34.34653531492981,89,44,45,9.829499513805157,0.6777546777546778,44.176034828734984
392,295,97,53.73427930945773,89,43,46,9.129260494135593,0.7027027027027027,62.86353980359331
392,279,113,31.88873232205631,89,42,47,1.4177394632084908,0.6673596673596673,33.30647178526482
392,279,113,30.67963067852671,89,51,38,24.49184306076036,0.6860706860706861,55.171473739287
392,297,95,56.06875390536533,89,52,37,26.69362712784457,0.7255717255717256,82.76238103320986
392,282,110,35.16844495139392,89,49,40,20.90636404954097,0.6881496881496881,56.074809000934884
392,290,102,48.5394090934333,89,45,44,9.063632788507885,0.6964656964656964,57.603041881941145
392,268,124,13.73697408556432,89,49,40,18.274104010729207,0.659043659043659,32.01107809629358
392,275,117,25.269569758710787,89,61,28,43.217295594012015,0.6985446985446986,68.48686535272276
392,292,100,50.81309264466988,89,51,38,22.134095332778784,0.7130977130977131,72.94718797744869
392,288,104,45.85114286314099,89,52,37,24.634328855124988,0.7068607068607069,70.48547171826596
392,286,106,40.252312421413045,89,60,29,39.683832520575905,0.7193347193347194,79.9361449419889
392,273,119,19.75443973242271,89,56,33,35.20851160960284,0.683991683991684,54.96295134202554
392,308,84,76.74980398236268,89,49,40,16.856397690615125,0.7422037422037422,93.60620167297782
392,280,112,32.471611175170565,89,56,33,33.71459824435387,0.6985446985446986,66.18620941952439
392,294,98,51.900993326611164,89,49,40,22.809689616080966,0.7130977130977131,74.71068294269215
392,296,96,58.29514024204551,89,50,39,21.226961153586352,0.7193347193347194,79.52210139563182
392,277,115,27.52835557547625,89,53,36,25.793175965514585,0.6860706860706861,53.321531540990804
392,296,96,56.57289741397445,89,52,37,26.616136068179593,0.7234927234927235,83.18903348215404
392,290,102,46.36197274403443,89,53,36,27.847883198292276,0.7130977130977131,74.20985594232667
392,283,109,35.97827403037423,89,47,42,17.670832229336256,0.6860706860706861,53.64910625971046
392,288,104,41.75541633007902,89,46,43,15.300171467220473,0.6943866943866944,57.05558779729947
392,273,119,19.265450676719166,89,53,36,24.233288912718717,0.6777546777546778,43.498739589437896
392,279,113,31.116473382560287,89,45,44,7.719264258487178,0.6735966735966736,38.83573764104746
392,273,119,18.02589373977003,89,52,37,23.522081421334327,0.6756756756756757,41.547975161104375
392,280,112,32.00933151133903,89,52,37,26.842275961193273,0.6902286902286903,58.85160747253229
392,266,126,10.414536913314377,89,49,40,16.000500939391276,0.6548856548856549,26.415037852705666
392,293,99,53.02036112029172,89,55,34,36.142112668737866,0.7234927234927235,89.16247378902955
392,277,115,25.49840049573365,89,47,42,14.197471956155415,0.6735966735966736,39.69587245188904
392,301,91,65.10944773913813,89,51,38,23.213572237111737,0.7318087318087318,88.32301997624991
392,290,102,43.86544416207284,89,48,41,18.694524618064122,0.7027027027027027,62.559968780136906
392,280,112,30.306408808634835,89,42,47,4.2661683199146925,0.6694386694386695,34.572577128549526
392,282,110,32.96473575923808,89,55,34,32.47350502450804,0.7006237006237006,65.43824078374602
392,286,106,39.6126352943418,89,50,39,21.723674196375377,0.6985446985446986,61.33630949071713
392,291,101,51.31421260161556,89,52,37,26.61225702606464,0.7130977130977131,77.92646962768016
392,284,108,40.39176703765345,89,61,28,44.62053847484412,0.7172557172557172,85.01230551249756
392,264,128,3.9875250385285614,89,45,44,11.240490260207409,0.6424116424116424,15.228015298735983
392,286,106,41.85215782202041,89,53,36,27.71756721419242,0.7047817047817048,69.56972503621279
392,291,101,55.12994604320558,89,50,39,20.60941696568584,0.7089397089397089,75.73936300889143
392,285,107,37.2970805085574,89,49,40,18.705944646109344,0.6943866943866944,56.00302515466672
392,272,120,21.507591686429592,89,52,37,23.779292596666682,0.6735966735966736,45.28688428309629
392,289,103,46.415479773711944,89,51,38,24.347408541216154,0.7068607068607069,70.76288831492813
392,290,102,44.29662815259219,89,49,40,17.477530425804055,0.7047817047817048,61.774158578396246
392,288,104,41.81283876733137,89,58,31,38.06503133400989,0.7193347193347194,79.8778701013412
392,301,91,67.17917502721296,89,59,30,40.64664847431419,0.7484407484407485,107.82582350152722
392,298,94,59.89393591860505,89,47,42,15.660493302625035,0.7172557172557172,75.55442922123002
392,286,106,42.093146164771056,89,48,41,16.483973578217988,0.6943866943866944,58.57711974298901
392,278,114,26.17204731346144,89,51,38,23.45066611402247,0.683991683991684,49.62271342748387
392,283,109,36.74386918169095,89,49,40,16.72107125279316,0.6902286902286903,53.464940434484106
392,297,95,56.582000046718754,89,46,43,11.084578319029607,0.7130977130977131,67.66657836574835
392,283,109,38.540133804836366,89,49,40,16.7912710143867,0.6902286902286903,55.33140481922301
392,292,100,50.4293995374587,89,54,35,28.780269429247987,0.7193347193347194,79.20966896670666
392,273,119,19.51237189899588,89,58,31,38.843211299541416,0.6881496881496881,58.355583198537275
392,288,104,44.46852283566855,89,60,29,44.60515743978817,0.7234927234927235,89.07368027545674
392,287,105,42.82736720719116,89,52,37,26.951575204931565,0.7047817047817048,69.77894241212273
392,281,111,30.87753788787132,89,53,36,24.526911644285725,0.6943866943866944,55.40444953215702
392,274,118,21.96771331378935,89,50,39,19.75002851326667,0.6735966735966736,41.71774182705603
392,275,117,23.987953902989673,89,50,39,21.6738361549004,0.6756756756756757,45.66179005789003
392,290,102,50.12606536117014,89,57,32,39.414147300772505,0.7214137214137214,89.54021266194265
392,270,122,16.45000848602075,89,57,32,32.56879040702556,0.6798336798336798,49.01879889304624
392,286,106,44.38065065941032,89,51,38,21.79816893771693,0.7006237006237006,66.17881959712722
392,282,110,34.80103257129944,89,56,33,34.71904838100068,0.7027027027027027,69.52008095230006
392,272,120,18.21275089083055,89,52,37,24.247675485887882,0.6735966735966736,42.46042637671842
392,297,95,60.08766000330181,89,50,39,20.111590733312642,0.7214137214137214,80.19925073661446
392,267,125,11.606009167002572,89,48,41,15.603271632188939,0.6548856548856549,27.209280799191475
392,279,113,29.81665562963399,89,50,39,21.89593423518715,0.683991683991684,51.7125898648211
392,276,116,26.993676504484785,89,47,42,15.698562341983642,0.6715176715176715,42.692238846468435
392,289,103,45.997994878004576,89,50,39,22.008359388768465,0.7047817047817048,68.00635426677306
392,280,112,30.147995460010343,89,53,36,26.40563739461594,0.6923076923076923,56.55363285462624
392,288,104,45.323210482059935,89,52,37,26.40175648067379,0.7068607068607069,71.72496696273375
392,284,108,37.334156211292125,89,52,37,26.096601220347605,0.6985446985446986,63.430757431639705
392,283,109,34.12416059089353,89,47,42,12.579458711980461,0.6860706860706861,46.703619302874
392,276,116,24.82358804937022,89,58,31,38.92614396500005,0.6943866943866944,63.74973201437022
392,276,116,27.62905918520819,89,48,41,15.29074034114942,0.6735966735966736,42.9197995263576
392,298,94,60.879915476732926,89,52,37,22.95821033144849,0.7276507276507277,83.83812580818137
392,268,124,14.92363207081275,89,44,45,7.4431968456573605,0.6486486486486487,22.366828916470116
392,268,124,13.378830803745277,89,66,23,55.80835350935653,0.6943866943866944,69.18718431310181
392,293,99,52.50376841474534,89,56,33,34.42319303764433,0.7255717255717256,86.92696145238966
392,270,122,17.156347240549035,89,58,31,35.87310212047621,0.681912681912682,53.02944936102522
392,281,111,33.21766687172089,89,49,40,18.479562204644182,0.6860706860706861,51.697229076365005
392,277,115,27.011963015669444,89,49,40,20.067381760921254,0.6777546777546778,47.07934477659067
392,287,105,39.914375979243474,89,55,34,34.57200351919818,0.7110187110187111,74.48637949844164
392,298,94,60.86484958966936,89,45,44,8.95144970519608,0.7130977130977131,69.81629929486547
392,298,94,60.044219120960165,89,50,39,20.246759539342534,0.7234927234927235,80.29097866030268
392,285,107,37.49890594841054,89,49,40,20.39124686787207,0.6943866943866944,57.890152816282594
392,298,94,60.084986655391184,89,53,36,26.456395938466432,0.7297297297297297,86.54138259385762
392,280,112,29.14703901244294,89,40,49,-5.246365329316322,0.6652806652806653,23.900673683126612
392,288,104,44.03297716553135,89,46,43,12.069237542593896,0.6943866943866944,56.102214708125246
392,297,95,59.315417554662886,89,37,52,-9.541790230932861,0.6943866943866944,49.773627323730054
392,291,101,49.049781170850856,89,53,36,30.239106158240872,0.7151767151767152,79.28888732909175
392,301,91,68.73182492524522,89,56,33,32.35217841234311,0.7422037422037422,101.0840033375883
392,290,102,49.94306268257463,89,54,35,24.308613598391993,0.7151767151767152,74.25167628096655
392,291,101,49.50057177355969,89,49,40,17.696411118071783,0.7068607068607069,67.19698289163146
392,279,113,31.968870710630053,89,45,44,5.763563504505277,0.6735966735966736,37.73243421513537
392,283,109,40.98211598816311,89,55,34,34.06975981644626,0.7027027027027027,75.05187580460937
392,290,102,50.63481050781592,89,49,40,19.243004687517207,0.7047817047817048,69.87781519533314
392,291,101,50.56777171468283,89,52,37,21.24778543069349,0.7130977130977131,71.81555714537636
392,273,119,21.786401810669787,89,52,37,25.648625984664466,0.6756756756756757,47.435027795334214
392,292,100,53.57604174734472,89,49,40,20.41372348692739,0.7089397089397089,73.98976523427213
392,293,99,54.32578919731558,89,53,36,31.66268804432174,0.7193347193347194,85.98847724163737
392,278,114,33.35525424029224,89,49,40,22.647768518116358,0.6798336798336798,56.00302275840855
392,295,97,51.20169075421487,89,54,35,27.822320441003896,0.7255717255717256,79.02401119521873
392,286,106,40.45309225844712,89,57,32,36.403360094451315,0.7130977130977131,76.85645235289839
392,297,95,59.12106384979181,89,45,44,11.353864991059648,0.7110187110187111,70.47492884085148
392,290,102,46.543331118485014,89,45,44,13.246051151520177,0.6964656964656964,59.78938227000518
392,284,108,39.40638400769036,89,40,49,-2.443063874559849,0.6735966735966736,36.96332013313051
392,280,112,34.33428355694563,89,49,40,16.096009962401308,0.683991683991684,50.43029351934693
392,275,117,21.524410526282388,89,44,45,6.8079488685655685,0.6632016632016632,28.33235939484797
392,290,102,51.0361832372853,89,45,44,6.470708433047042,0.6964656964656964,57.506891670332344
392,283,109,35.27590205572554,89,44,45,8.241860351638746,0.6798336798336798,43.51776240736428
392,285,107,40.56196084671877,89,55,34,32.54273319736392,0.7068607068607069,73.10469404408265
392,282,110,35.50692445785084,89,49,40,22.076007861476896,0.6881496881496881,57.582932319327696
392,277,115,27.373237529603145,89,56,33,33.2023204410039,0.6923076923076923,60.575557970607065
392,280,112,35.827407849931944,89,49,40,20.213413136321204,0.683991683991684,56.04082098625306
392,274,118,23.301383657706406,89,49,40,20.790135943970537,0.6715176715176715,44.09151960167687
392,279,113,32.403892057729344,89,55,34,33.96283873175604,0.6943866943866944,66.36673078948535
392,279,113,28.127605009292896,89,55,34,29.764449768694178,0.6943866943866944,57.89205477798704
392,274,118,25.346693662538524,89,56,33,34.778631830763565,0.6860706860706861,60.12532549330205
392,284,108,38.67628686046058,89,43,46,2.51540180087083,0.6798336798336798,41.19168866133138
392,276,116,27.001178158276105,89,46,43,9.420252386643734,0.6694386694386695,36.421430544919836
392,284,108,37.41773992954455,89,48,41,16.92230290104078,0.6902286902286903,54.340042830585325
392,286,106,41.31113775010667,89,52,37,25.990811392854926,0.7027027027027027,67.30194914296153
392,277,115,25.51087863783713,89,51,38,21.667894580233188,0.681912681912682,47.178773218070276
392,274,118,23.600647023815156,89,49,40,18.089004179800316,0.6715176715176715,41.68965120361545
392,293,99,54.37055606620999,89,45,44,7.715684492672263,0.7027027027027027,62.08624055888225
392,297,95,57.81209228411234,89,53,36,30.47878030642325,0.7276507276507277,88.29087259053564
392,295,97,55.04439589030447,89,55,34,30.14737509971371,0.7276507276507277,85.1917709900182
392,277,115,23.224718813362575,89,51,38,23.70276582740025,0.681912681912682,46.92748464076285
392,287,105,44.28266366001021,89,53,36,28.112813703609838,0.7068607068607069,72.39547736362003
392,291,101,50.571196328880724,89,51,38,26.228801788966482,0.7110187110187111,76.79999811784721
392,277,115,28.625401212779277,89,54,35,32.85242122967713,0.6881496881496881,61.477822442456336
392,287,105,44.773850789780184,89,53,36,26.963373620978093,0.7068607068607069,71.73722441075833
392,279,113,28.65962099696394,89,48,41,18.21227715096061,0.6798336798336798,46.871898147924526
392,293,99,50.87110847211405,89,57,32,38.46165531667606,0.7276507276507277,89.33276378879005
392,282,110,34.80154396468662,89,53,36,26.326603083346473,0.6964656964656964,61.128147048033085
392,281,111,34.58859240108842,89,46,43,12.480165806557164,0.6798336798336798,47.068758207645516
392,291,101,48.32217972664817,89,53,36,28.07751066003241,0.7151767151767152,76.39969038668062
392,282,110,33.470771060409604,89,57,32,35.11674835183033,0.7047817047817048,68.58751941223989
392,283,109,36.75163736764004,89,46,43,11.04927202528052,0.683991683991684,47.80090939292059
392,300,92,64.4398324713643,89,54,35,28.788801788966488,0.735966735966736,93.22863426033084
392,289,103,47.259848522581,89,51,38,26.202857904810205,0.7068607068607069,73.46270642739121
392,283,109,38.37425035790383,89,55,34,31.782915662873492,0.7027027027027027,70.15716602077732
392,289,103,52.55556366013074,89,48,41,14.567928021735632,0.7006237006237006,67.12349168186634
392,288,104,47.58280740951923,89,49,40,16.781803753817286,0.7006237006237006,64.36461116333649
392,283,109,32.2139203640971,89,46,43,10.929825146874153,0.683991683991684,43.143745510971215
392,286,106,37.742023457454536,89,55,34,31.859317654338394,0.7089397089397089,69.60134111179296
392,305,87,72.4526605688535,89,54,35,31.184551747134744,0.7463617463617463,103.63721231598825
392,282,110,31.27551919706352,89,49,40,20.39666177174376,0.6881496881496881,51.67218096880724
392,276,116,24.45408809974704,89,51,38,21.487273140450064,0.6798336798336798,45.94136124019714
392,288,104,44.19772744414939,89,50,39,17.538759818717644,0.7027027027027027,61.736487262866994
392,274,118,22.277749724625195,89,49,40,20.76745369425833,0.6715176715176715,43.04520341888343
392,288,104,46.23861509174732,89,51,38,23.85866527226601,0.7047817047817048,70.09728036401334
392,303,89,70.40465487550067,89,49,40,18.739283669631515,0.7318087318087318,89.14393854513207
392,286,106,39.810694629881,89,56,33,29.656395938466435,0.7110187110187111,69.46709056834743
392,294,98,51.534481804921924,89,40,49,-3.873112661926506,0.6943866943866944,47.661369142995405
392,279,113,32.923556183828225,89,54,35,27.88911565800599,0.6923076923076923,60.81267184183419
392,295,97,53.63225821184588,89,52,37,22.976660860586662,0.7214137214137214,76.60891907243251
392,285,107,37.56870053799459,89,49,40,18.88454964621032,0.6943866943866944,56.45325018420487
392,284,108,38.37824089205626,89,51,38,20.82893354127215,0.6964656964656964,59.20717443332842
392,293,99,53.73219707593848,89,42,47,4.21715691652548,0.6964656964656964,57.949353992463934
392,274,118,19.970817701000538,89,53,36,29.93058940165365,0.6798336798336798,49.90140710265415
392,255,137,-8.782620722082022,89,60,29,43.86513498622622,0.6548856548856549,35.08251426414419
392,280,112,34.478546402261514,89,60,29,41.07640733958427,0.7068607068607069,75.55495374184576
392,292,100,51.8443212298404,89,44,45,7.871741320245345,0.6985446985446986,59.716062550085724
392,290,102,51.505028134379444,89,50,39,22.0531717443242,0.7068607068607069,73.55819987870362
392,287,105,43.47529860344015,89,49,40,15.586972006458769,0.6985446985446986,59.062270609898896
392,291,101,48.6213460142415,89,41,48,1.9166971057705817,0.6902286902286903,50.53804312001207
392,290,102,48.78727675497637,89,46,43,12.008152249094024,0.6985446985446986,60.795429004070385
392,293,99,53.61243672854186,89,52,37,24.715175701685254,0.7172557172557172,78.3276124302271
392,297,95,56.50307054838435,89,58,31,40.257453694258324,0.738045738045738,96.7605242426427
392,286,106,38.29941557982621,89,51,38,17.30817601210181,0.7006237006237006,55.60759159192801
392,280,112,34.924472748753416,89,60,29,44.3269326995157,0.7068607068607069,79.25140544826908
392,291,101,54.991279938801064,89,50,39,19.566442644085583,0.7089397089397089,74.55772258288664
392,293,99,53.39121389333327,89,61,28,47.003132675471285,0.735966735966736,100.39434656880455
392,281,111,31.04780701261945,89,54,35,29.46397933280843,0.6964656964656964,60.511786345427886
392,295,97,57.621630195931694,89,48,41,15.603868043825859,0.7130977130977131,73.22549823975751
392,285,107,40.121286249022354,89,52,37,23.74837784509427,0.7006237006237006,63.86966409411652
392,283,109,38.22629302477418,89,43,46,5.2899287990904815,0.6777546777546778,43.516221823864655
392,282,110,34.028844641941895,89,46,43,7.208195185155984,0.681912681912682,41.237039827097874
392,282,110,36.4516600749229,89,52,37,25.719152844683112,0.6943866943866944,62.17081291960602
392,272,120,18.07472398207953,89,52,37,26.918567504667223,0.6735966735966736,44.993291486746735
392,295,97,56.11017898782048,89,53,36,30.298729855629425,0.7234927234927235,86.40890884344986
392,274,118,27.25163372430472,89,55,34,30.97949401648179,0.683991683991684,58.23112774078647
392,278,114,28.550763168554504,89,52,37,28.73338977160217,0.6860706860706861,57.28415294015665
392,279,113,31.90526927228293,89,53,36,29.659383513834804,0.6902286902286903,61.564652786117705
392,290,102,49.63941179754556,89,49,40,18.04139123554744,0.7047817047817048,67.68080303309301
392,304,88,72.38599934109885,89,48,41,17.114238500338224,0.7318087318087318,89.50023784143711
392,282,110,33.30980844785883,89,46,43,11.016284319885054,0.681912681912682,44.32609276774383
392,271,121,17.275746497829864,89,38,51,-7.158339186000577,0.6424116424116424,10.117407311829277
392,277,115,26.519555848532526,89,44,45,9.230510374754783,0.6673596673596673,35.750066223287305
392,285,107,40.5093794095593,89,57,32,37.665901505270064,0.7110187110187111,78.1752809148294
392,280,112,31.163935988526838,89,51,38,25.584970782613723,0.6881496881496881,56.74890677114056
392,288,104,45.94902417938611,89,46,43,15.366324537985207,0.6943866943866944,61.31534871737129
392,287,105,42.62941027447861,89,46,43,6.935470337808946,0.6923076923076923,49.56488061228753
392,293,99,50.445414596541035,89,56,33,36.18582561471596,0.7255717255717256,86.63124021125698
392,295,97,54.911419932904806,89,41,48,2.9482177546091033,0.6985446985446986,57.859637687513924
392,282,110,34.72444452755106,89,55,34,31.171100896631167,0.7006237006237006,65.8955454241822
392,284,108,39.77564578854699,89,45,44,9.71477693516324,0.683991683991684,49.49042272371022
392,288,104,43.49033658309945,89,51,38,19.327788856617953,0.7047817047817048,62.81812543971742
392,293,99,55.831540284514276,89,53,36,27.059335886709974,0.7193347193347194,82.89087617122426
392,277,115,28.537735882441616,89,49,40,18.519655989142752,0.6777546777546778,47.05739187158432
392,285,107,39.20341086785705,89,48,41,16.60092977818641,0.6923076923076923,55.80434064604345
392,297,95,57.74698016383137,89,55,34,30.623992979013718,0.7318087318087318,88.3709731428451
392,291,101,51.76526802227339,89,46,43,11.618613598391988,0.7006237006237006,63.38388162066539
392,278,114,26.786030230343016,89,54,35,28.437909770187147,0.6902286902286903,55.22394000053014
392,293,99,52.04763579483038,89,53,36,29.785294533506935,0.7193347193347194,81.83293032833731
392,286,106,38.67574244649269,89,51,38,24.235113960521755,0.7006237006237006,62.91085640701445
392,276,116,26.19655360174403,89,54,35,29.80600786147689,0.6860706860706861,56.00256146322088
392,285,107,39.61329616286954,89,46,43,11.052437390649775,0.6881496881496881,50.665733553519296
392,264,128,9.505903013724398,89,53,36,31.103702679971555,0.659043659043659,40.60960569369597
392,288,104,44.99402095038457,89,61,28,45.354741830233635,0.7255717255717256,90.34876278061819
392,271,121,18.91123191719931,89,50,39,23.073449162756493,0.6673596673596673,41.98468107995581
392,277,115,28.622850326660185,89,47,42,15.306563587180289,0.6735966735966736,43.92941391384048
392,281,111,31.72348658831418,89,50,39,20.27900839064209,0.6881496881496881,52.00249497895622
392,303,89,69.69325389803556,89,54,35,30.425336852531505,0.7422037422037422,100.11859075056711
392,293,99,56.67460391092084,89,48,41,16.28553000757353,0.7089397089397089,72.96013391849434
392,280,112,30.607217358728814,89,49,40,17.2836441704488,0.683991683991684,47.890861529177556
392,296,96,52.04708688005449,89,48,41,18.14676827715458,0.7151767151767152,70.1938551572091
392,286,106,40.39382512595347,89,49,40,18.695547772111738,0.6964656964656964,59.089372898065186
392,270,122,17.98808861106189,89,42,47,3.2609357219999673,0.6486486486486487,21.249024333061875
392,261,131,-1.4793413323779527,89,44,45,9.904656913574218,0.6340956340956341,8.425315581196264
392,284,108,38.055974270686164,89,54,35,26.955411668588603,0.7027027027027027,65.01138593927469
392,295,97,54.21933492148015,89,57,32,35.60798304249557,0.7318087318087318,89.82731796397576
392,270,122,11.446778931420635,89,57,32,32.863774040578676,0.6798336798336798,44.31055297199929
392,287,105,43.58976484876722,89,45,44,10.968048935304822,0.6902286902286903,54.55781378407204
392,280,112,30.99335449400488,89,48,41,15.025819511349777,0.681912681912682,46.01917400535462
392,286,106,42.66852722728494,89,44,45,7.015641202628974,0.6860706860706861,49.6841684299139
392,293,99,51.67865554203578,89,46,43,9.872344308908268,0.7047817047817048,61.550999850944066
392,296,96,58.38963932852447,89,63,26,50.630975407244286,0.7463617463617463,109.02061473576883
392,287,105,43.035107422773535,89,48,41,14.6655316710007,0.6964656964656964,57.700639093774235
392,271,121,19.20123834652234,89,45,44,10.002377028476747,0.656964656964657,29.203615374999107
392,265,127,9.124001525266795,89,46,43,14.698197770088832,0.6465696465696466,23.82219929535563
392,280,112,33.98360995815203,89,57,32,36.78617018291358,0.7006237006237006,70.76978014106554
392,281,111,33.406585930669955,89,49,40,19.64049213203461,0.6860706860706861,53.04707806270455
392,273,119,15.870216556270632,89,51,38,24.637837807324562,0.6735966735966736,40.5080543635952
392,273,119,21.753484564382255,89,53,36,25.29093327744282,0.6777546777546778,47.04441784182506
392,283,109,35.262558552787,89,59,30,42.54141135009482,0.7110187110187111,77.80396990288179
392,274,118,22.15007717520273,89,49,40,17.108357287844044,0.6715176715176715,39.258434463046726
392,273,119,24.48244115248616,89,54,35,28.04850787477675,0.6798336798336798,52.5309490272629
392,274,118,20.89232348111735,89,53,36,24.58710621367017,0.6798336798336798,45.47942969478752
392,302,90,67.30969473753277,89,54,35,32.14656377640341,0.7401247401247402,99.45625851393613
392,290,102,50.93411602841216,89,49,40,17.871490855796498,0.7047817047817048,68.80560688420866
392,290,102,49.138613010647155,89,52,37,24.030231331413777,0.7110187110187111,73.1688443420609
392,288,104,45.300474070755286,89,46,43,13.052723697598797,0.6943866943866944,58.35319776835407
392,269,123,16.315808367618736,89,49,40,16.063269769190057,0.6611226611226612,32.37907813680877
392,291,101,49.07305350991854,89,45,44,10.014075337909919,0.6985446985446986,59.08712884782844
392,288,104,44.627351785283174,89,50,39,21.562486178016442,0.7027027027027027,66.1898379632996
392,291,101,46.81202186445485,89,56,33,32.41578079127259,0.7214137214137214,79.22780265572743
392,291,101,49.59114720785011,89,50,39,20.597293991067332,0.7089397089397089,70.18844119891749
392,284,108,36.83590382316627,89,58,31,40.06571316549156,0.7110187110187111,76.90161698865778
392,281,111,34.28883648795992,89,55,34,32.04697941548345,0.6985446985446986,66.33581590344338
392,286,106,41.078302168710664,89,46,43,15.963529858225531,0.6902286902286903,57.04183202693618
392,289,103,46.01548759644877,89,47,42,13.205283680634516,0.6985446985446986,59.22077127708327
392,290,102,46.576562246582235,89,51,38,26.233230094294342,0.7089397089397089,72.80979234087658
392,274,118,22.977419640397386,89,46,43,12.949420700511915,0.6652806652806653,35.92684034090933
392,281,111,32.58498261117636,89,54,35,33.33378736753373,0.6964656964656964,65.9187699787101
392,276,116,25.772367562386307,89,40,49,-3.01871969062549,0.656964656964657,22.753647871760812
392,286,106,42.647054229341514,89,52,37,22.76657462927582,0.7027027027027027,65.41362885861736
392,279,113,32.04932301848757,89,48,41,14.29056696222763,0.6798336798336798,46.339889980715185
392,302,90,62.95878278669947,89,50,39,19.873359964424214,0.7318087318087318,82.83214275112371
392,298,94,59.90090706274876,89,55,34,32.45457762662117,0.7338877338877339,92.35548468936994
392,291,101,47.34740421334619,89,54,35,25.92371936859447,0.7172557172557172,73.27112358194069
392,305,87,68.62909732092908,89,48,41,15.798136486410115,0.7338877338877339,84.42723380733919
392,283,109,35.66633389264202,89,46,43,13.394161787969391,0.683991683991684,49.06049568061144
392,273,119,20.51107009324355,89,50,39,17.761572500941067,0.6715176715176715,38.27264259418464
392,283,109,35.44819967691387,89,48,41,17.276440980658418,0.6881496881496881,52.72464065757227
392,270,122,17.807867976098503,89,48,41,15.969521767795403,0.6611226611226612,33.7773897438939
392,272,120,19.657761941524612,89,50,39,22.410866344070243,0.6694386694386695,42.06862828559484
392,274,118,26.273555923492637,89,49,40,19.203350464659092,0.6715176715176715,45.476906388151754
392,301,91,64.84613874316753,89,53,36,27.192525703708142,0.735966735966736,92.03866444687569
392,292,100,52.459183638842184,89,43,46,4.235831086156154,0.6964656964656964,56.69501472499831
392,279,113,29.604626036342257,89,52,37,26.36408505642367,0.6881496881496881,55.96871109276586
392,291,101,47.13998622532314,89,47,42,17.131185594541947,0.7027027027027027,64.27117181986512
392,283,109,35.88814893881344,89,58,31,42.47842072196022,0.7089397089397089,78.3665696607736
392,285,107,37.58781473818565,89,47,42,12.070725505176792,0.6902286902286903,49.65854024336245
392,285,107,36.42300624634684,89,50,39,21.29527746137718,0.6964656964656964,57.718283707724
392,281,111,32.97547827979071,89,59,30,39.681344170803975,0.7068607068607069,72.6568224505946
392,284,108,38.46307298750363,89,42,47,2.274549646210312,0.6777546777546778,40.737622633713954
392,278,114,29.934423458082097,89,55,34,33.10637769574627,0.6923076923076923,63.040801153828305
392,282,110,35.53385324001413,89,48,41,12.606314540240344,0.6860706860706861,48.14016778025444
392,294,98,55.11368091133459,89,45,44,7.4288055533180755,0.7047817047817048,62.54248646465267
392,283,109,35.05430456781707,89,55,34,30.777816543529955,0.7027027027027027,65.832121111347
392,284,108,40.34115135564796,89,58,31,39.26559225192237,0.7110187110187111,79.60674360757034
392,297,95,61.28278759704901,89,47,42,14.63058060464558,0.7151767151767152,75.91336820169461
392,286,106,39.5570365186924,89,48,41,14.016313122731443,0.6943866943866944,53.57334964142384
392,272,120,18.105019669870742,89,49,40,16.106088556945924,0.6673596673596673,34.211108226816684
392,283,109,38.29794708675407,89,57,32,33.3160217264308,0.7068607068607069,71.61396881318487
392,283,109,37.65621749106754,89,48,41,18.495618749067017,0.6881496881496881,56.15183624013452
392,300,92,63.29999948712359,89,52,37,26.740213099042194,0.7318087318087318,90.04021258616581
392,280,112,32.12528253814559,89,54,35,29.677389140420427,0.6943866943866944,61.80267167856602
392,266,126,8.925188962986196,89,51,38,26.069556101278003,0.659043659043659,34.99474506426423
392,305,87,73.8696594898359,89,57,32,35.38832198334273,0.7525987525987526,109.25798147317869
392,299,93,60.33196261548496,89,53,36,30.940414489331793,0.7318087318087318,91.27237710481675
392,305,87,71.05308888946468,89,48,41,17.887931766910306,0.7338877338877339,88.94102065637503
392,305,87,70.47452077934147,89,53,36,27.636405457408465,0.7442827442827443,98.11092623674993
392,268,124,10.339678615987834,89,48,41,17.358194966407357,0.656964656964657,27.697873582395214
392,284,108,34.79586857300217,89,51,38,25.343975111618054,0.6964656964656964,60.13984368462019
392,283,109,37.877858386099476,89,48,41,18.616726720083076,0.6881496881496881,56.494585106182534
392,275,117,24.25519658958444,89,47,42,14.618027652333296,0.6694386694386695,38.873224241917754
392,288,104,44.18241029700086,89,51,38,20.884163680493796,0.7047817047817048,65.06657397749461
392,279,113,31.317492177740263,89,52,37,26.0163316123701,0.6881496881496881,57.33382379011029
392,277,115,25.72475172564306,89,47,42,17.001177005933915,0.6735966735966736,42.72592873157696
392,303,89,68.6160319752756,89,50,39,23.71704355614401,0.7338877338877339,92.33307553141961
392,280,112,35.60270847809726,89,56,33,31.506940317105013,0.6985446985446986,67.10964879520226
392,303,89,70.11646871217171,89,61,28,46.53180284266022,0.7567567567567568,116.64827155483185
392,280,112,32.36781981283105,89,43,46,5.83571413651027,0.6715176715176715,38.203533949341335
392,294,98,55.860168994361494,89,47,42,14.887028366190048,0.7089397089397089,70.74719736055148
392,286,106,43.877097387860125,89,49,40,20.310122903808036,0.6964656964656964,64.18722029166813
392,277,115,28.98889393688728,89,57,32,38.35636404954098,0.6943866943866944,67.34525798642824
392,286,106,43.75997690582266,89,53,36,26.687871434262792,0.7047817047817048,70.44784834008543
392,286,106,40.896751815968926,89,50,39,21.506581819551876,0.6985446985446986,62.403333635520745
392,285,107,46.10797987621402,89,51,38,20.996532061166494,0.6985446985446986,67.10451193738048
392,274,118,25.166215665378235,89,56,33,34.17060116568315,0.6860706860706861,59.336816831061306
392,266,126,11.059503003756486,89,50,39,25.078468538308165,0.656964656964657,36.13797154206467
392,280,112,35.06149267013177,89,54,35,25.86511263552172,0.6943866943866944,60.92660530565347
392,281,111,33.854661603476,89,49,40,17.694261418567063,0.6860706860706861,51.54892302204308
392,285,107,41.28039084064136,89,47,42,18.32456602593161,0.6902286902286903,59.60495686657296
392,283,109,40.79140455819096,89,50,39,21.177929884734514,0.6923076923076923,61.96933444292544
392,290,102,45.83685198751889,89,47,42,15.096770732060328,0.7006237006237006,60.93362271957924
392,295,97,58.85061814389001,89,52,37,25.541799989465705,0.7214137214137214,84.39241813335573
392,296,96,57.49645358124425,89,43,46,5.116783685857163,0.7047817047817048,62.61323726710143
392,273,119,19.440436447430287,89,57,32,36.4895485584389,0.6860706860706861,55.92998500586917
392,287,105,37.633990145676826,89,48,41,12.941037840816236,0.6964656964656964,50.57502798649306
392,288,104,45.21371740094179,89,55,34,32.53435410201982,0.7130977130977131,77.74807150296157
392,292,100,47.71578934486744,89,58,31,43.870158397532485,0.7276507276507277,91.58594774239991
392,286,106,41.93622898943953,89,47,42,15.982590048981404,0.6923076923076923,57.91881903842089
392,288,104,45.29099405004643,89,47,42,15.59450635616702,0.6964656964656964,60.885500406213424
392,283,109,38.94117292236902,89,47,42,15.88133994961358,0.6860706860706861,54.82251287198258
392,286,106,39.61339734889858,89,49,40,17.08763876387766,0.6964656964656964,56.70103611277618
392,296,96,57.550580949832764,89,53,36,29.125530699981997,0.7255717255717256,86.67611164981479
392,278,114,29.984250843344654,89,49,40,19.082085185685916,0.6798336798336798,49.06633602903055
392,286,106,42.75459530201875,89,52,37,23.21471280863861,0.7027027027027027,65.96930811065738
392,282,110,35.987498899539624,89,58,31,38.12927986161848,0.7068607068607069,74.1167787611581
392,271,121,18.138580500821234,89,54,35,32.36157061876527,0.6756756756756757,50.50015111958649
392,281,111,35.651397191793464,89,57,32,29.96920035591678,0.7027027027027027,65.62059754771022
392,284,108,38.937281438782584,89,56,33,33.42321925555787,0.7068607068607069,72.36050069434044
392,287,105,41.895067921965236,89,52,37,21.946518385435688,0.7047817047817048,63.84158630740098
392,279,113,32.037937895038326,89,48,41,15.215545187178883,0.6798336798336798,47.25348308221721
392,275,117,24.154725685056498,89,50,39,22.92655979330319,0.6756756756756757,47.08128547835967
392,280,112,28.92628171937323,89,51,38,22.056544603349234,0.6881496881496881,50.982826322722474
392,287,105,42.81058583404722,89,46,43,11.498676654206921,0.6923076923076923,54.30926248825409
392,290,102,50.148431311994564,89,49,40,18.93958115894972,0.7047817047817048,69.08801247094435
392,292,100,49.21226399487208,89,42,47,2.5405255543601357,0.6943866943866944,51.75278954923224
392,288,104,40.942579693749245,89,47,42,15.055503938864003,0.6964656964656964,55.99808363261324
392,299,93,61.14368004207474,89,47,42,13.250969303878108,0.7193347193347194,74.39464934595284
392,267,125,11.416253810983674,89,56,33,35.69749512130274,0.6715176715176715,47.113748932286406
392,282,110,34.115056564400426,89,53,36,28.483851344854354,0.6964656964656964,62.59890790925478
392,281,111,34.47355353216504,89,48,41,12.979994193919996,0.683991683991684,47.453547726085006
392,274,118,23.488067174206694,89,56,33,36.01960892061192,0.6860706860706861,59.50767609481859
392,281,111,33.927219208989946,89,48,41,17.311916939111587,0.683991683991684,51.2391361481015
392,289,103,47.57597473192153,89,57,32,36.84952598898578,0.7193347193347194,84.42550072090732
392,287,105,46.002427312807406,89,48,41,13.179384703602139,0.6964656964656964,59.181812016409545
392,281,111,34.229005266723185,89,59,30,38.25463795926866,0.7068607068607069,72.48364322599184
392,305,87,70.39509748412438,89,46,43,11.924327665357648,0.7297297297297297,82.31942514948207
392,298,94,63.69634105149425,89,45,44,13.348419402165774,0.7130977130977131,77.04476045366002
392,289,103,50.15257813797676,89,51,38,20.62804893530482,0.7068607068607069,70.7806270732816
392,286,106,42.05071508297683,89,44,45,5.766456160263771,0.6860706860706861,47.81717124324059
392,284,108,44.0396358465675,89,44,45,9.03180165289287,0.681912681912682,53.07143749946034
392,294,98,56.10470282318378,89,51,38,23.33476782939854,0.7172557172557172,79.43947065258233
392,297,95,59.76407364382471,89,55,34,32.31638650310293,0.7318087318087318,92.08046014692766
392,284,108,37.00174592163125,89,44,45,6.730903284829088,0.681912681912682,43.732649206460316
392,289,103,47.391019377982374,89,50,39,23.23418072309803,0.7047817047817048,70.62520010108045
392,287,105,43.023004896566185,89,49,40,18.80082845463607,0.6985446985446986,61.82383335120224
392,283,109,35.20453081423876,89,44,45,10.48385322703015,0.6798336798336798,45.6883840412689
392,264,128,5.669961811340284,89,44,45,4.152233860917318,0.6403326403326404,9.822195672257598
392,283,109,39.28242614495445,89,44,45,9.136175699413858,0.6798336798336798,48.4186018443683
392,304,88,71.3009008619966,89,52,37,26.368037171275333,0.7401247401247402,97.66893803327193
392,274,118,23.03762500535043,89,48,41,17.839330505277765,0.6694386694386695,40.87695551062817
392,289,103,42.40394946456143,89,48,41,21.12185566578147,0.7006237006237006,63.525805130342874
392,278,114,26.564513341917785,89,53,36,25.59246794564487,0.6881496881496881,52.15698128756262
392,288,104,47.77798607193719,89,53,36,30.07277462440832,0.7089397089397089,77.85076069634552
392,278,114,31.212001519776393,89,53,36,27.94830223377127,0.6881496881496881,59.160303753547595
392,286,106,43.29401714425655,89,54,35,25.703401721067436,0.7068607068607069,68.99741886532397
392,279,113,35.2005795981175,89,51,38,25.396889220249285,0.6860706860706861,60.597468818366806
392,275,117,25.463819266394577,89,53,36,27.118631830763555,0.681912681912682,52.58245109715815
392,285,107,40.18021978058806,89,51,38,24.405788144888593,0.6985446985446986,64.58600792547666
392,276,116,24.768568826014725,89,42,47,4.88482023555513,0.6611226611226612,29.653389061569843
392,287,105,42.06710099012716,89,53,36,26.538359388768473,0.7068607068607069,68.60546037889563
392,285,107,40.27712710822628,89,48,41,18.65618137042578,0.6923076923076923,58.93330847865206
392,294,98,52.12009675519067,89,51,38,24.006168319914696,0.7172557172557172,76.12626507510534
392,286,106,42.87592512972824,89,51,38,22.972006571964393,0.7006237006237006,65.8479317016926
392,275,117,26.8958191861239,89,51,38,21.178263503345477,0.6777546777546778,48.074082689469314
392,290,102,45.9091573296709,89,49,40,20.258114232419878,0.7047817047817048,66.1672715620908
392,285,107,37.29708466856887,89,56,33,32.68895746383256,0.7089397089397089,69.98604213240144
392,283,109,35.327355017042734,89,51,38,23.231739408544037,0.6943866943866944,58.5590944255868
392,270,122,17.05279259559258,89,50,39,17.971980373227762,0.6652806652806653,35.024772968820365
392,267,125,10.693113972001703,89,49,40,20.80450447399123,0.656964656964657,31.49761844599287
392,297,95,59.953300665173785,89,58,31,39.22869640377837,0.738045738045738,99.1819970689522
392,272,120,19.73673378736213,89,47,42,14.929501653248025,0.6632016632016632,34.66623544061015
392,269,123,13.449396589932157,89,48,41,13.464963592337668,0.659043659043659,26.914360182269835
392,282,110,34.29815691440784,89,44,45,9.273284959144007,0.6777546777546778,43.571441873551805
392,290,102,49.690079408301784,89,45,44,10.798212038537105,0.6964656964656964,60.48829144683891
392,283,109,39.76359468903296,89,53,36,23.55700256145385,0.6985446985446986,63.32059725048678
392,293,99,51.863063840901276,89,50,39,18.209625619583438,0.7130977130977131,70.07268946048468
392,262,130,0.4026708183965999,89,47,42,14.149849855770146,0.6424116424116424,14.552520674166757
392,291,101,49.37025731863333,89,55,34,34.03791165236295,0.7193347193347194,83.40816897099631
392,283,109,36.594234114529094,89,51,38,21.49602493360664,0.6943866943866944,58.09025904813573
392,274,118,23.03233432287242,89,42,47,-0.1383019993234571,0.656964656964657,22.89403232354897
392,277,115,30.78422472549837,89,55,34,30.843531242421577,0.6902286902286903,61.62775596791986
392,280,112,33.546133128022845,89,49,40,15.840969493101223,0.683991683991684,49.38710262112406
392,282,110,32.82079010143857,89,56,33,32.83706033869403,0.7027027027027027,65.65785044013253
392,291,101,47.64042380547195,89,54,35,31.792914502631657,0.7172557172557172,79.4333383081037
392,282,110,33.90855326198466,89,46,43,9.761428422224554,0.681912681912682,43.669981684209176
392,293,99,54.52557685944266,89,45,44,11.603294104927802,0.7027027027027027,66.12887096437044
392,282,110,35.14656091638209,89,59,30,39.553738736077364,0.7089397089397089,74.7002996524594
392,279,113,33.57759659652414,89,40,49,0.6152703869922913,0.6632016632016632,34.19286698351644
392,299,93,64.70294941752836,89,53,36,30.348404222560433,0.7318087318087318,95.05135364008882
392,274,118,19.342333822830373,89,52,37,26.308078579142823,0.6777546777546778,45.65041240197322
392,270,122,14.099593716149524,89,50,39,16.196830721075123,0.6652806652806653,30.29642443722466
392,278,114,24.9133980629465,89,50,39,24.6400322917542,0.681912681912682,49.553430354700666
392,297,95,61.573326035776816,89,55,34,31.606066560222764,0.7318087318087318,93.17939259599959
392,285,107,37.71073204518324,89,55,34,31.015513438629124,0.7068607068607069,68.72624548381235
392,289,103,46.50490263945192,89,58,31,35.2090497985096,0.7214137214137214,81.71395243796152
392,296,96,53.741653878635155,89,46,43,8.849103086297735,0.7110187110187111,62.590756964932886
392,267,125,15.227028819535164,89,46,43,11.100753605266124,0.6507276507276507,26.327782424801327
392,257,135,-6.228671006434459,89,50,39,20.52946024538054,0.6382536382536382,14.300789238946109
392,287,105,41.82534227852746,89,54,35,31.034280819362795,0.7089397089397089,72.85962309789026
392,285,107,36.78364620909541,89,46,43,15.217075271380917,0.6881496881496881,52.00072148047632
392,281,111,34.196913499135135,89,47,42,12.17931704829559,0.681912681912682,46.376230547430694
392,274,118,22.94127791927889,89,51,38,19.41712632821755,0.6756756756756757,42.35840424749643
392,271,121,18.725569100273983,89,48,41,18.29094541463056,0.6632016632016632,37.01651451490454
392,293,99,51.59623804650542,89,45,44,9.652027059670003,0.7027027027027027,61.24826510617541
392,280,112,32.40668320507632,89,48,41,17.870685068328005,0.681912681912682,50.27736827340434
392,274,118,20.638922419367915,89,57,32,32.180391789851576,0.6881496881496881,52.81931420921945
392,286,106,42.20168963705819,89,51,38,23.125309723460884,0.7006237006237006,65.32699936051908
392,272,120,19.23060927211561,89,54,35,31.700649763826682,0.6777546777546778,50.931259035942276
392,294,98,56.33412038498786,89,55,34,31.163311177057547,0.7255717255717256,87.49743156204549
392,299,93,64.16488738841309,89,49,40,14.509450726438498,0.7234927234927235,78.67433811485155
392,285,107,38.39027305147413,89,49,40,19.1641617879694,0.6943866943866944,57.5544348394435
392,289,103,47.33417339167664,89,54,35,33.29418075262355,0.7130977130977131,80.6283541443002
392,291,101,51.8634806219066,89,47,42,13.159702351129177,0.7027027027027027,65.02318297303577
392,297,95,57.41347790602599,89,54,35,27.00995888941867,0.7297297297297297,84.4234367954447
392,287,105,40.251250492589726,89,48,41,16.169334339173965,0.6964656964656964,56.42058483176364
392,285,107,36.74386277780255,89,60,29,43.56376699571931,0.7172557172557172,80.30762977352184
392,284,108,42.93211646092266,89,49,40,14.533997913955726,0.6923076923076923,57.46611437487834
392,289,103,46.4754448987464,89,59,30,37.083652155990755,0.7234927234927235,83.55909705473712
392,293,99,50.51068208526681,89,53,36,30.283270939780493,0.7193347193347194,80.79395302504723
392,289,103,48.86879881813066,89,54,35,28.32418282402245,0.7130977130977131,77.19298164215309
392,276,116,26.63214980363792,89,55,34,33.690090771751436,0.6881496881496881,60.32224057538927
392,267,125,11.819405929256952,89,59,30,42.354865596997335,0.6777546777546778,54.174271526254266
392,290,102,46.74505452622022,89,44,45,5.997472648563866,0.6943866943866944,52.74252717478408
392,290,102,48.91589677460789,89,43,46,7.978341521372803,0.6923076923076923,56.89423829598065
392,287,105,46.37626494190414,89,49,40,17.420686950503807,0.6985446985446986,63.796951892407925
392,264,128,6.973561654876842,89,49,40,18.89255076137986,0.6507276507276507,25.866112416256748
392,279,113,31.63980979901804,89,55,34,34.25309107838068,0.6943866943866944,65.89290087739866
392,265,127,9.924080417105808,89,50,39,19.634104010729217,0.6548856548856549,29.558184427835037
392,267,125,13.476032215039,89,53,36,28.374506356167018,0.6652806652806653,41.85053857120601
392,280,112,32.7432649239195,89,50,39,22.265641202628984,0.6860706860706861,55.00890612654847
392,281,111,34.29689348479465,89,49,40,17.90173579339646,0.6860706860706861,52.19862927819111
392,282,110,34.63307363096238,89,42,47,5.429798928960614,0.6735966735966736,40.062872559922994
392,289,103,44.018572640846365,89,50,39,20.237816543529952,0.7047817047817048,64.2563891843763
392,287,105,42.477136919775965,89,47,42,13.70797131177892,0.6943866943866944,56.185108231554906
392,288,104,46.894143081667536,89,49,40,17.23455936472406,0.7006237006237006,64.12870244639156
392,264,128,9.402044694560937,89,57,32,34.17549448432359,0.6673596673596673,43.57753917888451
392,279,113,29.76842566714967,89,49,40,22.72656924784361,0.681912681912682,52.494994914993235
392,283,109,36.41628391133098,89,52,37,25.095624692880577,0.6964656964656964,61.511908604211555
392,271,121,17.19398537060772,89,56,33,35.88304367000447,0.6798336798336798,53.07702904061216
392,283,109,37.269656199993904,89,53,36,29.133976022775133,0.6985446985446986,66.40363222276905
392,280,112,30.350508991533044,89,50,39,23.998670185864835,0.6860706860706861,54.34917917739787
392,286,106,43.76692998454122,89,49,40,17.49836888853358,0.6964656964656964,61.26529887307477
392,274,118,21.76973822059566,89,53,36,30.371696840434723,0.6798336798336798,52.14143506103039
392,284,108,37.705890229507574,89,40,49,-2.6120511609599433,0.6735966735966736,35.093839068547666
392,274,118,24.216319753153044,89,54,35,32.90095034957257,0.681912681912682,57.117270102725634
392,266,126,10.597008262992762,89,51,38,24.41700256145385,0.659043659043659,35.014010824446586
392,289,103,48.79090130214933,89,53,36,29.179955589733982,0.7110187110187111,77.97085689188327
392,290,102,45.386803678018396,89,50,39,21.59715810629282,0.7068607068607069,66.98396178431119
392,295,97,55.793880019209084,89,57,32,35.96581423277504,0.7318087318087318,91.75969425198407
392,295,97,56.44989660607048,89,53,36,28.054061691704636,0.7234927234927235,84.50395829777511
392,277,115,26.516534870249576,89,50,39,22.080318822657432,0.6798336798336798,48.59685369290701
392,289,103,47.121250994064795,89,54,35,30.316104439308326,0.7130977130977131,77.4373554333732
392,295,97,54.2332690254086,89,46,43,11.613638096608142,0.7089397089397089,65.84690712201677
392,288,104,44.452549154561936,89,46,43,11.552068467537495,0.6943866943866944,56.00461762209945
392,282,110,33.29433459490787,89,52,37,27.11502605543514,0.6943866943866944,60.40936065034295
392,293,99,49.40247188900495,89,51,38,23.091441938402745,0.7151767151767152,72.49391382740765
392,292,100,54.11985245240694,89,55,34,33.589298123515555,0.7214137214137214,87.70915057592255
392,288,104,43.68629583854524,89,62,27,48.61756344984084,0.7276507276507277,92.30385928838605
392,289,103,44.04177685582562,89,56,33,34.94540368304662,0.7172557172557172,78.98718053887221
392,287,105,42.84388745243488,89,57,32,35.27855301747032,0.7151767151767152,78.12244046990516
392,285,107,42.94481070211515,89,39,50,-4.823999905316449,0.6735966735966736,38.12081079679869
392,280,112,35.0544999163066,89,46,43,13.678447502255121,0.6777546777546778,48.732947418561686
392,282,110,34.63511217932217,89,47,42,11.746109850266045,0.683991683991684,46.38122202958823
392,270,122,15.633590974116833,89,50,39,24.346442644085588,0.6652806652806653,39.98003361820243
392,293,99,53.12853695774726,89,52,37,24.045522933188646,0.7172557172557172,77.17405989093592
392,277,115,26.78307014838513,89,47,42,13.667017048650749,0.6735966735966736,40.45008719703586
392,293,99,50.86484269560006,89,47,42,14.00617206508937,0.7068607068607069,64.87101476068943
392,283,109,36.93449987579447,89,56,33,35.51835350935653,0.7047817047817048,72.45285338515103
392,297,95,60.62389420407228,89,52,37,28.165668953942593,0.7255717255717256,88.78956315801484
392,288,104,41.6393685495577,89,51,38,20.418615480567784,0.7047817047817048,62.0579840301255
392,282,110,35.03255957973357,89,59,30,39.037775548839804,0.7089397089397089,74.0703351285734
392,285,107,40.81083085446534,89,50,39,21.093665006930138,0.6964656964656964,61.90449586139546
392,287,105,44.02147676189554,89,52,37,26.569484581118274,0.7047817047817048,70.59096134301375
392,303,89,67.25356788848022,89,46,43,10.824788535852777,0.7255717255717256,78.07835642433294
392,290,102,48.25044376290284,89,55,34,34.537849218790996,0.7172557172557172,82.78829298169383
392,280,112,26.71610410767037,89,48,41,13.138651231559297,0.681912681912682,39.85475533922963
392,287,105,43.43915615458493,89,52,37,28.964927492570435,0.7047817047817048,72.40408364715537
392,273,119,21.13664083100152,89,46,43,12.5156940116143,0.6632016632016632,33.65233484261582
392,294,98,51.90903084827689,89,55,34,33.50045764934799,0.7255717255717256,85.40948849762488
392,270,122,15.819471293770098,89,55,34,29.555464234442773,0.6756756756756757,45.37493552821285
392,298,94,59.3250178131925,89,58,31,39.68707741082379,0.7401247401247402,99.0120952240163
392,292,100,51.38851896241805,89,49,40,21.487431240696374,0.7089397089397089,72.87595020311443
392,270,122,15.695036704820357,89,55,34,29.617839908248985,0.6756756756756757,45.31287661306935
392,289,103,46.201616944974944,89,58,31,35.80476596639966,0.7214137214137214,82.00638291137463
392,300,92,61.47587895087096,89,42,47,4.919335310192679,0.7110187110187111,66.39521426106367
392,282,110,34.74232503872681,89,51,38,23.16493925659993,0.6923076923076923,57.90726429532669
392,300,92,64.804822128127,89,37,52,-6.672313326599917,0.7006237006237006,58.132508801527074
392,279,113,33.017537375349164,89,57,32,34.731790684129294,0.6985446985446986,67.74932805947847
392,284,108,36.856221167664586,89,46,43,14.657039777656482,0.6860706860706861,51.51326094532107
392,292,100,51.17342899699563,89,43,46,3.602249040522671,0.6964656964656964,54.775678037518304
392,288,104,42.59623888511162,89,48,41,20.07067859998592,0.6985446985446986,62.666917485097514
392,291,101,50.05922171999504,89,62,27,43.47909683372755,0.7338877338877339,93.53831855372256
392,288,104,47.372562910164426,89,46,43,13.941259472893169,0.6943866943866944,61.31382238305758
392,284,108,39.66798250258571,89,51,38,21.502748406494785,0.6964656964656964,61.17073090908048
392,288,104,43.53882933188435,89,49,40,17.921784610288636,0.7006237006237006,61.46061394217294
392,281,111,35.54776296372999,89,49,40,18.17438905774541,0.6860706860706861,53.7221520214754
392,301,91,59.72039131781224,89,55,34,28.832051395407742,0.7401247401247402,88.55244271322
392,286,106,41.69368079538262,89,47,42,15.162266461428143,0.6923076923076923,56.85594725681074
392,285,107,37.440111321659366,89,37,52,-10.310029923069123,0.6694386694386695,27.130081398590256
392,287,105,46.96466395098189,89,51,38,26.95187672101144,0.7027027027027027,73.91654067199329
392,301,91,66.26581166268718,89,54,35,31.10712278261459,0.738045738045738,97.37293444530178
392,295,97,56.1075716531889,89,44,45,7.5079116523629414,0.7047817047817048,63.615483305551834
392,270,122,14.642842045166296,89,53,36,27.649360338338884,0.6715176715176715,42.29220238350517
392,294,98,58.570415265582426,89,55,34,34.29993034283917,0.7255717255717256,92.87034560842152
392,279,113,27.95536875290527,89,52,37,24.62146851029761,0.6881496881496881,52.57683726320289
392,286,106,41.47176130243041,89,48,41,19.917965208412756,0.6943866943866944,61.38972651084313
392,282,110,37.76931586391897,89,56,33,33.05942070051192,0.7027027027027027,70.8287365644309
392,271,121,19.969300505442888,89,52,37,25.19575645553484,0.6715176715176715,45.16505696097772
392,283,109,34.57493947157177,89,47,42,15.362560405143395,0.6860706860706861,49.93749987671511
392,286,106,41.63740238389902,89,53,36,24.829070834562632,0.7047817047817048,66.46647321846163
392,285,107,39.059357605374615,89,46,43,12.003998476337085,0.6881496881496881,51.06335608171173
392,281,111,32.13978241750688,89,50,39,19.155159321963954,0.6881496881496881,51.2949417394708
392,298,94,61.24616481854121,89,48,41,19.386879541754645,0.7193347193347194,80.63304436029583
392,286,106,37.74190641222319,89,46,43,12.687575598023141,0.6902286902286903,50.42948201024632
392,278,114,28.308490683686813,89,57,32,35.41186553349924,0.6964656964656964,63.720356217186016
392,292,100,48.86160122360006,89,52,37,24.41067859998593,0.7151767151767152,73.27227982358596
392,278,114,29.216149896784625,89,46,43,10.126324537985209,0.6735966735966736,39.3424744347698
392,269,123,15.862513044613117,89,53,36,28.751130922557746,0.6694386694386695,44.61364396717085
392,297,95,59.92760558655644,89,56,33,36.57439185107829,0.7338877338877339,96.50199743763473
392,279,113,30.421200903259443,89,55,34,30.7926131949518,0.6943866943866944,61.21381409821119
392,288,104,42.429535517503425,89,53,36,29.30764191435834,0.7089397089397089,71.73717743186175
392,285,107,40.097629012490714,89,59,30,40.95695836025348,0.7151767151767152,81.05458737274415
392,284,108,38.30869356601168,89,56,33,38.6597663284498,0.7068607068607069,76.96845989446147
392,288,104,44.59800408001553,89,47,42,16.501231721579565,0.6964656964656964,61.09923580159502
392,289,103,47.17373860156083,89,41,48,-1.5772277042576612,0.6860706860706861,45.59651089730319
392,281,111,32.74008340986282,89,50,39,20.942161150990255,0.6881496881496881,53.682244560852986
392,272,120,17.246991478800183,89,50,39,24.138620792455374,0.6694386694386695,41.38561227125554
392,280,112,32.535120751469115,89,53,36,25.836397690615136,0.6923076923076923,58.37151844208419
392,291,101,48.59634554583758,89,52,37,26.49854163552941,0.7130977130977131,75.09488718136696
392,273,119,23.375773718468974,89,48,41,12.973706633546268,0.6673596673596673,36.34948035201515
392,288,104,43.63686103397497,89,53,36,28.607363499024164,0.7089397089397089,72.24422453299914
392,285,107,40.77502813218443,89,55,34,34.57456124689987,0.7068607068607069,75.34958937908424
392,282,110,36.50403352219132,89,53,36,28.434892188069117,0.6964656964656964,64.93892571026042
392,282,110,34.304069802001735,89,50,39,19.920678599985933,0.6902286902286903,54.224748401987625
392,317,75,89.5683925710773,89,47,42,15.339300005691356,0.7567567567567568,104.9076925767687
392,276,116,24.816456520899088,89,45,44,9.058658421835345,0.6673596673596673,33.87511494273443
392,288,104,44.48507710130295,89,45,44,11.27005546725011,0.6923076923076923,55.75513256855306
392,307,85,71.33721543670711,89,47,42,14.564656913574218,0.735966735966736,85.90187235028135
392,278,114,27.312178899795732,89,53,36,30.688840887344917,0.6881496881496881,58.00101978714062
392,262,130,3.3672007005620337,89,50,39,19.780781749016917,0.6486486486486487,23.147982449578937
392,280,112,33.11498453959462,89,53,36,23.39442964379821,0.6923076923076923,56.50941418339277
392,289,103,47.89185577810749,89,55,34,32.76488077660268,0.7151767151767152,80.65673655471019
392,275,117,25.44192786349678,89,52,37,24.736272161354144,0.6798336798336798,50.17820002485085
392,295,97,53.66571585436615,89,40,49,-5.187496749853809,0.6964656964656964,48.478219104512355
392,302,90,64.54754177432616,89,48,41,19.70500442368788,0.7276507276507277,84.25254619801396
392,273,119,21.123135309080997,89,47,42,13.350293794511224,0.6652806652806653,34.47342910359224
392,298,94,63.825520218244534,89,56,33,31.039146376341034,0.735966735966736,94.86466659458551
392,281,111,32.529730656143414,89,53,36,23.681973149638853,0.6943866943866944,56.2117038057823
392,283,109,38.79093688059791,89,59,30,41.62438635375493,0.7110187110187111,80.41532323435283
392,292,100,50.73336354650574,89,47,42,12.706580629784522,0.7047817047817048,63.43994417629032
392,286,106,43.284042339810746,89,51,38,21.988084239806142,0.7006237006237006,65.27212657961691
392,286,106,44.02335640394712,89,56,33,35.49650131330595,0.7110187110187111,79.51985771725305
392,294,98,53.935991942054635,89,56,33,33.992799424812965,0.7276507276507277,87.92879136686753
392,282,110,33.83577006210041,89,53,36,26.577352530260594,0.6964656964656964,60.413122592361
392,281,111,31.56216679880235,89,53,36,26.472895537977514,0.6943866943866944,58.03506233677984
392,273,119,21.60015202890451,89,54,35,28.708534082341696,0.6798336798336798,50.30868611124617
392,286,106,39.19546828596748,89,52,37,26.702748755270513,0.7027027027027027,65.89821704123794
392,294,98,57.34389507389323,89,48,41,17.587946956864265,0.7110187110187111,74.93184203075745
392,285,107,38.90185856053726,89,41,48,0.00643299511645079,0.6777546777546778,38.90829155565371
392,283,109,36.525489701214354,89,49,40,19.847720668455565,0.6902286902286903,56.37321036966989
392,284,108,39.123836286949825,89,46,43,11.282856022634412,0.6860706860706861,50.40669230958424
392,285,107,41.25204954953567,89,57,32,39.25850384280949,0.7110187110187111,80.51055339234514
392,283,109,35.08537959653136,89,48,41,16.44732020898088,0.6881496881496881,51.532699805512216
392,278,114,25.703279935286062,89,49,40,19.950805981897197,0.6798336798336798,45.65408591718325
392,285,107,38.40339498829311,89,51,38,26.795276043868274,0.6985446985446986,65.19867103216137
392,286,106,42.16474137173375,89,51,38,23.32287239200711,0.7006237006237006,65.48761376374084
392,290,102,44.778009630982375,89,51,38,23.846260397324656,0.7089397089397089,68.62427002830698
392,289,103,51.737271194556214,89,44,45,6.092260771239312,0.6923076923076923,57.82953196579549
392,287,105,42.0706256034327,89,46,43,8.72594841046093,0.6923076923076923,50.796574013893625
392,277,115,27.41231946278839,89,48,41,17.97491840598265,0.6756756756756757,45.38723786877102
392,282,110,37.26352774366447,89,55,34,28.67361074812328,0.7006237006237006,65.93713849178775
392,273,119,22.950027635173953,89,52,37,23.944205058835777,0.6756756756756757,46.89423269400977
392,297,95,58.303627159023556,89,51,38,22.79884696118557,0.7234927234927235,81.10247412020908
392,285,107,39.234676404458305,89,50,39,17.04135778369639,0.6964656964656964,56.27603418815472
392,278,114,31.679102182900166,89,49,40,17.969523660319798,0.6798336798336798,49.64862584321992
392,294,98,50.83943649239502,89,47,42,14.535617280068564,0.7089397089397089,65.3750537724636
392,300,92,63.31253000369291,89,52,37,25.206725186683002,0.7318087318087318,88.51925519037597
392,284,108,41.103551487641994,89,57,32,33.424745594585225,0.7089397089397089,74.5282970822272
392,277,115,26.561293585895065,89,47,42,14.405178305795005,0.6735966735966736,40.96647189169008
392,284,108,38.62466774692539,89,54,35,28.538101162731877,0.7027027027027027,67.16276890965727
392,286,106,38.82576842703281,89,47,42,13.336062945075199,0.6923076923076923,52.16183137210799
392,290,102,48.664993422798474,89,53,36,24.665789867511773,0.7130977130977131,73.33078329031024
392,293,99,52.61333671102564,89,47,42,13.498078016761468,0.7068607068607069,66.1114147277871
392,291,101,52.135690189271145,89,50,39,18.668204684921104,0.7089397089397089,70.80389487419228
392,267,125,10.843535624546803,89,49,40,18.760805981897196,0.656964656964657,29.604341606444038
392,292,100,52.4299965809651,89,49,40,18.32307778473846,0.7089397089397089,70.75307436570355
392,290,102,48.66655756916366,89,53,36,25.858588540720273,0.7130977130977131,74.52514610988395
392,290,102,48.08259629928631,89,56,33,35.39068506832801,0.7193347193347194,83.47328136761429
392,286,106,42.595219176814815,89,51,38,23.34447563783199,0.7006237006237006,65.93969481464681
392,281,111,30.92882071205928,89,39,50,-3.5178873312621306,0.6652806652806653,27.410933380797132
392,274,118,21.656399599359474,89,45,44,9.352891327135733,0.6632016632016632,31.009290926495183
392,286,106,41.0801884203335,89,53,36,30.85343306164546,0.7047817047817048,71.93362148197896
392,285,107,41.172009794598445,89,50,39,19.70246550108773,0.6964656964656964,60.87447529568611
392,273,119,19.669442156666868,89,50,39,19.9248671303974,0.6715176715176715,39.594309287064256
392,289,103,50.095800671855436,89,49,40,17.630785174941376,0.7027027027027027,67.7265858467968
392,289,103,46.102599924105604,89,44,45,6.109316859072476,0.6923076923076923,52.2119167831781
392,282,110,36.65559062488699,89,56,33,33.14412646429116,0.7027027027027027,69.79971708917815
392,286,106,39.92072641851918,89,48,41,17.93836469686872,0.6943866943866944,57.85909111538788
392,287,105,42.72744418560737,89,50,39,19.07739314286217,0.7006237006237006,61.80483732846953
392,288,104,47.42199297338642,89,55,34,32.32078683836855,0.7130977130977131,79.74277981175496
392,290,102,47.80219752609987,89,51,38,25.219909844784944,0.7089397089397089,73.02210737088474
392,275,117,23.887568925374765,89,61,28,46.13938163165902,0.6985446985446986,70.02695055703371
392,295,97,52.97729861899424,89,47,42,13.39340891513082,0.7110187110187111,66.37070753412505
392,285,107,39.01580581663563,89,59,30,44.59441411541714,0.7151767151767152,83.61021993205274
392,282,110,37.36334990874672,89,49,40,15.110935881552589,0.6881496881496881,52.474285790299305
392,295,97,57.766004319953794,89,54,35,29.61610032097542,0.7255717255717256,87.38210464092921
392,286,106,41.9640700417188,89,51,38,26.020951260729646,0.7006237006237006,67.98502130244846
392,292,100,52.721019657854406,89,47,42,10.027436651654085,0.7047817047817048,62.74845630950849
392,270,122,14.360510412744961,89,48,41,18.25165040307722,0.6611226611226612,32.61216081582219
392,281,111,36.55002605625529,89,49,40,19.59453621875365,0.6860706860706861,56.144562275008916
392,302,90,69.0979305233794,89,50,39,18.73520261200725,0.7318087318087318,87.83313313538669
392,294,98,54.63312302819644,89,47,42,19.335762957189782,0.7089397089397089,73.96888598538624
392,286,106,43.188365009014326,89,54,35,27.29893354127215,0.7068607068607069,70.4872985502865
392,308,84,77.65002358848183,89,47,42,16.52583130490478,0.738045738045738,94.1758548933866
392,285,107,38.6656426976364,89,53,36,29.156930598591273,0.7027027027027027,67.82257329622762
392,281,111,31.986582275523187,89,43,46,7.177199514160313,0.6735966735966736,39.16378178968349
392,278,114,29.421553758355866,89,45,44,10.092917545049275,0.6715176715176715,39.51447130340508
392,283,109,36.53783010675916,89,46,43,9.291160287785488,0.683991683991684,45.82899039454466
392,265,127,5.292105011205687,89,50,39,23.60513332279904,0.6548856548856549,28.897238334004772
392,280,112,29.836504121184387,89,52,37,24.23959184848218,0.6902286902286903,54.07609596966654
392,272,120,18.582452230426476,89,52,37,22.828197048154863,0.6735966735966736,41.41064927858131
392,289,103,46.99921660449063,89,53,36,25.947701703801425,0.7110187110187111,72.94691830829197
392,289,103,44.36585918871317,89,51,38,24.177660998690982,0.7068607068607069,68.54352018740414
392,297,95,57.44714069199381,89,60,29,43.47559222239685,0.7422037422037422,100.92273291439066
392,287,105,41.859102735257544,89,46,43,14.121918821287384,0.6923076923076923,55.98102155654493
392,289,103,46.743015841638474,89,55,34,35.23238149558539,0.7151767151767152,81.97539733722392
392,294,98,54.96690000625138,89,48,41,13.665223492150027,0.7110187110187111,68.63212349840143
392,279,113,33.188648534268665,89,50,39,21.44793364908611,0.683991683991684,54.63658218335471
392,291,101,49.392443357014535,89,51,38,20.162304061282605,0.7110187110187111,69.55474741829714
392,291,101,49.68851404015372,89,60,29,44.212838039347595,0.7297297297297297,93.90135207950125
392,288,104,42.365501875991775,89,47,42,11.197037865955176,0.6964656964656964,53.562539741946914
392,278,114,31.777284011537738,89,52,37,25.378878520512224,0.6860706860706861,57.1561625320499
392,286,106,42.944250441104636,89,48,41,14.588426219283587,0.6943866943866944,57.53267666038818
392,281,111,31.69306272921975,89,57,32,37.78982514687415,0.7027027027027027,69.48288787609386
392,299,93,59.855900408038515,89,48,41,15.989002297624516,0.7214137214137214,75.84490270566299
392,291,101,48.82909270955795,89,49,40,16.6169308173399,0.7068607068607069,65.44602352689786
392,299,93,63.253166532890646,89,56,33,36.13265019240581,0.738045738045738,99.38581672529655
392,285,107,43.84194257718944,89,53,36,27.968741237570335,0.7027027027027027,71.81068381475983
392,283,109,39.148759328159805,89,44,45,7.39800850880464,0.6798336798336798,46.54676783696442
392,285,107,39.5220049939238,89,54,35,29.73908790669238,0.7047817047817048,69.2610929006162
392,283,109,33.37052776102984,89,51,38,24.498187199614026,0.6943866943866944,57.86871496064386
392,300,92,62.9140979160942,89,58,31,39.732913929901706,0.7442827442827443,102.64701184599599
392,269,123,13.937897385648219,89,42,47,3.7149392565999273,0.6465696465696466,17.652836642248165
392,280,112,32.7369617075795,89,55,34,33.24201420873063,0.6964656964656964,65.97897591631016
392,298,94,59.75755002946743,89,49,40,19.237779356852833,0.7214137214137214,78.99532938632031
392,291,101,49.13801410222141,89,49,40,17.943850782473,0.7068607068607069,67.0818648846944
392,279,113,28.493025794067904,89,50,39,21.47963325634968,0.683991683991684,49.972659050417555
392,281,111,37.26137820386116,89,55,34,32.260354127158756,0.6985446985446986,69.52173233101992
392,277,115,25.537272174951102,89,51,38,25.362914492283057,0.681912681912682,50.90018666723412
392,278,114,32.242976231608004,89,49,40,17.65878065519898,0.6798336798336798,49.90175688680692
392,295,97,53.243889329413825,89,43,46,4.855819511349777,0.7027027027027027,58.09970884076359
392,297,95,58.29053740881818,89,45,44,6.01364986063763,0.7110187110187111,64.30418726945582
392,267,125,12.0652804567293,89,47,42,17.05254487676232,0.6528066528066528,29.117825333491616
392,293,99,52.9219194504103,89,55,34,31.347997321292436,0.7234927234927235,84.26991677170275
392,273,119,25.44259608686843,89,53,36,28.435398374946377,0.6777546777546778,53.877994461814794
392,268,124,12.672244130851332,89,57,32,36.10779073879374,0.6756756756756757,48.78003486964506
392,280,112,33.967533218447215,89,54,35,32.02045001258175,0.6943866943866944,65.98798323102893
392,277,115,26.35392477731175,89,52,37,27.928570108776984,0.683991683991684,54.282494886088735
392,269,123,13.735728244309575,89,50,39,19.62863443487332,0.6632016632016632,33.36436267918288
392,284,108,37.16517196936146,89,58,31,38.24942258268772,0.7110187110187111,75.41459455204914
392,285,107,42.13504771116923,89,55,34,33.80252488189344,0.7068607068607069,75.93757259306265
392,269,123,14.486606590777232,89,52,37,26.23223974553485,0.6673596673596673,40.71884633631212
392,280,112,34.05594435882368,89,49,40,17.5999546682283,0.683991683991684,51.65589902705192
392,280,112,31.493283321454612,89,47,42,18.298786185835198,0.6798336798336798,49.79206950728977
392,277,115,28.038237377162773,89,54,35,24.615468455633156,0.6881496881496881,52.65370583279593
392,284,108,37.24556285314877,89,56,33,34.12283895050467,0.7068607068607069,71.36840180365338
392,279,113,32.24580653981886,89,53,36,27.473211289192818,0.6902286902286903,59.71901782901158
392,278,114,26.0529280540485,89,43,46,5.3280688709776785,0.6673596673596673,31.380996925026196
392,283,109,39.07804812276447,89,53,36,30.56609900118098,0.6985446985446986,69.64414712394539
392,289,103,48.83350469668604,89,45,44,11.285108075904205,0.6943866943866944,60.11861277259026
392,280,112,34.010290357906264,89,52,37,26.530641997033346,0.6902286902286903,60.5409323549396
392,292,100,50.384683422400464,89,53,36,27.0598365583406,0.7172557172557172,77.44451998074106
392,285,107,41.108561472950804,89,52,37,24.889599391321298,0.7006237006237006,65.99816086427207
392,294,98,54.15257306249031,89,53,36,27.287809882322403,0.7214137214137214,81.4403829448127
392,284,108,38.20289127047821,89,52,37,25.55199175516868,0.6985446985446986,63.754883025646905
392,288,104,48.66740153325116,89,50,39,18.816663653919548,0.7027027027027027,67.48406518717063
392,280,112,34.15776632648975,89,54,35,29.506533221408326,0.6943866943866944,63.664299547898
392,270,122,19.34991337915564,89,49,40,14.95732139874822,0.6632016632016632,34.30723477790386
392,282,110,35.988759049730305,89,48,41,15.743633012462109,0.6860706860706861,51.73239206219234
392,302,90,65.50842891401479,89,48,41,13.304534117829231,0.7276507276507277,78.81296303184402
392,291,101,50.57334338563037,89,49,40,17.93696612184122,0.7068607068607069,68.51030950747159
392,278,114,27.465313003308456,89,59,30,38.83506746330264,0.7006237006237006,66.30038046661106
392,290,102,48.31933530619527,89,50,39,21.78831399780075,0.7068607068607069,70.10764930399601
392,286,106,42.85330038142972,89,53,36,27.413722794518936,0.7047817047817048,70.26702317594867
392,285,107,40.74101775606832,89,48,41,14.406682608225086,0.6923076923076923,55.14770036429341
392,296,96,58.658112518559676,89,53,36,27.308955581656768,0.7255717255717256,85.96706810021644
392,286,106,41.605463369846035,89,51,38,21.945490263133216,0.7006237006237006,63.55095363297923
392,299,93,62.96868134139577,89,49,40,19.89933342801689,0.7234927234927235,82.86801476941264
392,296,96,58.37772218097052,89,53,36,24.900305339792098,0.7255717255717256,83.27802752076265
392,282,110,36.53760690775246,89,50,39,19.984342152554547,0.6902286902286903,56.521949060306966
392,283,109,37.0027589628398,89,46,43,11.78859652626224,0.683991683991684,48.79135548910204
392,295,97,55.762324571570836,89,56,33,34.42449881332792,0.7297297297297297,90.18682338489872
392,282,110,31.782210636372724,89,52,37,25.013183189103476,0.6943866943866944,56.79539382547621
392,291,101,51.327348665023194,89,47,42,9.12773981198422,0.7027027027027027,60.4550884770074
392,296,96,60.110650703169924,89,46,43,12.332872173258478,0.7110187110187111,72.44352287642837
392,292,100,50.644828014156595,89,50,39,18.171135836156576,0.7110187110187111,68.81596385031315
392,298,94,61.30670239642936,89,47,42,8.971728026603127,0.7172557172557172,70.27843042303243
392,278,114,30.78211961018782,89,53,36,26.27569024726271,0.6881496881496881,57.05780985745047
392,272,120,18.442171636948018,89,54,35,29.000824820311582,0.6777546777546778,47.442996457259525
392,288,104,45.07254335125704,89,42,47,5.21502337799342,0.6860706860706861,50.28756672925045
392,294,98,57.916769781405215,89,45,44,14.490059241950306,0.7047817047817048,72.4068290233555
392,282,110,36.08306819855874,89,52,37,21.7023204410039,0.6943866943866944,57.78538863956265
392,289,103,43.99593952313388,89,50,39,17.52981760403504,0.7047817047817048,61.525757127168895
392,266,126,11.506755683430578,89,56,33,34.9677026149585,0.6694386694386695,46.47445829838907
392,290,102,50.68516363815424,89,52,37,24.46846831955953,0.7110187110187111,75.1536319577138
392,276,116,27.809245388029108,89,50,39,25.263315140980854,0.6777546777546778,53.07256052900991
392,289,103,46.88060699347073,89,55,34,34.05985171876903,0.7151767151767152,80.94045871223977
392,282,110,33.41182149076543,89,51,38,24.59500171969739,0.6923076923076923,58.006823210462755
392,288,104,43.022665422079086,89,47,42,10.79383371034325,0.6964656964656964,53.816499132422344
392,293,99,54.38320573215245,89,52,37,25.924046545412136,0.7172557172557172,80.30725227756461
392,291,101,49.23601284288287,89,56,33,36.88776018379867,0.7214137214137214,86.12377302668158
392,290,102,45.622383357879585,89,51,38,24.171153879305034,0.7089397089397089,69.7935372371846
392,291,101,49.224926840461904,89,45,44,11.870164616789815,0.6985446985446986,61.09509145725169
392,282,110,37.433382523998205,89,57,32,39.07530613419647,0.7047817047817048,76.50868865819469
392,290,102,44.38707816087301,89,54,35,29.035486847557348,0.7151767151767152,73.42256500843035
392,296,96,60.16924789065352,89,51,38,22.036348873722954,0.7214137214137214,82.2055967643765
392,277,115,28.670419039927147,89,56,33,34.589981807647526,0.6923076923076923,63.26040084757463
392,294,98,52.98779319690881,89,48,41,18.670163705632735,0.7110187110187111,71.65795690254147
392,297,95,60.35441342449166,89,55,34,31.373748041413755,0.7318087318087318,91.72816146590544
392,286,106,40.307576150295866,89,55,34,35.310021133767506,0.7089397089397089,75.61759728406345
392,294,98,53.20880993420084,89,51,38,22.064581390972744,0.7172557172557172,75.27339132517355
392,300,92,66.59788914792944,89,50,39,21.18759500916747,0.7276507276507277,87.78548415709689
392,273,119,22.027097641528954,89,51,38,22.574982765391848,0.6735966735966736,44.602080406920706
392,268,124,15.253955453316419,89,56,33,33.7282498571402,0.6735966735966736,48.98220531045657
392,297,95,58.492396937150524,89,54,35,31.979025462771844,0.7297297297297297,90.4714223999223
392,272,120,20.3522267709143,89,53,36,28.62650319548174,0.6756756756756757,48.978729966395996
392,288,104,48.59308002402601,89,54,35,29.111737675572254,0.7110187110187111,77.7048176995983
392,281,111,34.164540410233656,89,51,38,24.48273580147368,0.6902286902286903,58.64727621170729
392,279,113,27.193215799529124,89,52,37,26.708303144928344,0.6881496881496881,53.90151894445744
392,276,116,27.401267397988203,89,42,47,3.176763541784277,0.6611226611226612,30.57803093977248
392,280,112,29.924371349249014,89,48,41,13.98678365633165,0.681912681912682,43.911155005580646
392,277,115,31.139709030087673,89,60,29,42.17895061340191,0.7006237006237006,73.31865964348954
392,268,124,12.69712336232758,89,48,41,16.207692776766255,0.656964656964657,28.90481613909383
392,287,105,42.764900996232136,89,50,39,24.574239222272183,0.7006237006237006,67.33914021850431
392,285,107,40.81128344132808,89,51,38,26.293994861189507,0.6985446985446986,67.10527830251756
392,281,111,34.373834594931104,89,53,36,29.588713475908122,0.6943866943866944,63.962548070839176
392,289,103,47.9793919238312,89,56,33,30.999324122680477,0.7172557172557172,78.97871604651172
392,291,101,50.79847820476045,89,44,45,8.157929914260029,0.6964656964656964,58.95640811902046
392,280,112,32.171178427177665,89,61,28,46.33634868449984,0.7089397089397089,78.50752711167743
392,284,108,41.22551985864148,89,52,37,24.678756765951412,0.6985446985446986,65.90427662459284
392,273,119,20.004200996494294,89,55,34,27.679368323880855,0.681912681912682,47.68356932037517
392,293,99,54.537042846845516,89,44,45,4.644406348623787,0.7006237006237006,59.18144919546927
392,279,113,27.89499743684456,89,50,39,20.622490399206825,0.683991683991684,48.517487836051316
392,289,103,45.87915544818797,89,45,44,12.045772824907537,0.6943866943866944,57.92492827309549
392,277,115,25.765243641809544,89,56,33,31.39908510301091,0.6923076923076923,57.16432874482038
392,286,106,37.89105135517597,89,50,39,22.417820735194816,0.6985446985446986,60.30887209037078
392,290,102,47.956879868219886,89,50,39,21.00897453596231,0.7068607068607069,68.96585440418214
392,291,101,50.778798133208376,89,52,37,23.166562865246323,0.7130977130977131,73.9453609984547
392,279,113,32.34547633152365,89,54,35,27.738890062005748,0.6923076923076923,60.08436639352935
392,292,100,48.984052338915944,89,52,37,19.699831250240333,0.7151767151767152,68.68388358915624
392,274,118,22.827243782429218,89,50,39,21.95124645469473,0.6735966735966736,44.77849023712392
392,284,108,41.066045643860434,89,56,33,33.03958234871707,0.7068607068607069,74.10562799257748
392,277,115,25.811372451692755,89,52,37,24.00447563783199,0.683991683991684,49.815848089524714
392,272,120,20.953277386064425,89,47,42,11.976354530598936,0.6632016632016632,32.92963191666335
392,276,116,26.848662925055507,89,56,33,31.72088901638082,0.6902286902286903,58.56955194143628
392,281,111,34.78805485629557,89,53,36,25.021929859595566,0.6943866943866944,59.809984715891105
392,282,110,35.96515582765068,89,43,46,4.706044077135297,0.6756756756756757,40.671199904785986
392,301,91,65.47334908596673,89,53,36,27.684922213995694,0.735966735966736,93.15827129996244
392,285,107,40.836289834747696,89,45,44,9.341383239656867,0.6860706860706861,50.17767307440453
392,289,103,47.63580332929158,89,40,49,-4.176171481865839,0.683991683991684,43.459631847425754
392,293,99,49.869031610687344,89,49,40,18.477762987480137,0.7110187110187111,68.34679459816749
392,287,105,44.224893744328156,89,52,37,27.779346884999057,0.7047817047817048,72.00424062932717
392,302,90,68.24704654786858,89,54,35,29.35312110430726,0.7401247401247402,97.6001676521758
392,288,104,43.229156851748904,89,38,51,-7.6420211350333656,0.6777546777546778,35.587135716715544
392,274,118,22.55737468842769,89,55,34,30.9769854893241,0.683991683991684,53.534360177751736
392,288,104,45.45977656372749,89,60,29,42.36948128143359,0.7234927234927235,87.82925784516102
392,299,93,62.15510445649168,89,52,37,25.34803660889398,0.7297297297297297,87.50314106538568
392,286,106,39.182087554078755,89,54,35,31.3005335399021,0.7068607068607069,70.48262109398088
392,287,105,40.066457496355866,89,46,43,12.198750662585235,0.6923076923076923,52.26520815894109
392,267,125,10.086441836820331,89,52,37,26.164922213995695,0.6632016632016632,36.25136405081601
392,281,111,34.50788691113798,89,52,37,23.664118846701836,0.6923076923076923,58.172005757839784
392,280,112,31.803991020335527,89,54,35,31.632149163006538,0.6943866943866944,63.436140183342026
392,292,100,53.06779701062846,89,57,32,37.86279544171276,0.7255717255717256,90.93059245234126
392,273,119,19.989905121610665,89,54,35,28.244389406521147,0.6798336798336798,48.2342945281318
392,280,112,32.58968274958571,89,53,36,25.525612366469737,0.6923076923076923,58.115295116055414
392,284,108,37.35159427657858,89,50,39,19.341106999997333,0.6943866943866944,56.69270127657592
392,274,118,19.98679720428007,89,45,44,7.265816817707879,0.6632016632016632,27.252614021987952
392,280,112,30.679506404033596,89,55,34,31.869194252550606,0.6964656964656964,62.54870065658419
392,283,109,36.19855410819895,89,48,41,14.86674835183032,0.6881496881496881,51.0653024600293
392,280,112,31.320534091723168,89,61,28,48.58829695519652,0.7089397089397089,79.90883104691963
392,289,103,43.858006650192685,89,50,39,21.935313687384188,0.7047817047817048,65.79332033757693
392,293,99,54.82736128219274,89,54,35,30.537616034871924,0.7214137214137214,85.36497731706469
392,280,112,32.08774957857343,89,48,41,17.794639870969984,0.681912681912682,49.88238944954339
392,293,99,50.77658335979688,89,46,43,12.129194252550608,0.7047817047817048,62.90577761234749
392,284,108,39.634995743833315,89,57,32,40.18676542396008,0.7089397089397089,79.82176116779345
392,272,120,21.908175608720263,89,58,31,39.37275026949368,0.6860706860706861,61.280925878213885
392,285,107,40.603156912759964,89,51,38,26.699270361853355,0.6985446985446986,67.30242727461327
392,283,109,36.656676225049665,89,47,42,10.727569951495756,0.6860706860706861,47.3842461765454
392,294,98,55.93731254792106,89,42,47,4.782951678960176,0.6985446985446986,60.720264226881255
392,273,119,24.3430197564387,89,41,48,-2.162485943568638,0.6528066528066528,22.180533812870067
392,283,109,37.17468249622945,89,61,28,46.33753652917023,0.7151767151767152,83.51221902539963
392,287,105,47.301806968255086,89,51,38,23.79080221754561,0.7027027027027027,71.0926091858007
392,284,108,41.184987468185646,89,47,42,13.241427102430112,0.6881496881496881,54.426414570615776
392,299,93,63.449244276952584,89,47,42,17.105915396772772,0.7193347193347194,80.55515967372544
392,292,100,50.103004558648266,89,56,33,36.82560932405212,0.7234927234927235,86.92861388270035
392,287,105,43.75090576767,89,53,36,24.955626585404975,0.7068607068607069,68.70653235307496
392,286,106,42.95505340222808,89,50,39,19.18594749930385,0.6985446985446986,62.14100090153195
392,289,103,46.87241972215934,89,58,31,41.42002474891509,0.7214137214137214,88.2924444710745
392,282,110,38.78251320191985,89,48,41,15.618750662585253,0.6860706860706861,54.40126386450505
392,290,102,48.80916268636972,89,47,42,15.17829692567101,0.7006237006237006,63.987459612040745
392,289,103,44.104348051555775,89,43,46,4.2494512888198575,0.6902286902286903,48.353799340375595
392,295,97,56.16765146164722,89,53,36,27.064592806226504,0.7234927234927235,83.23224426787368
392,302,90,67.6114071588935,89,48,41,15.269644225113254,0.7276507276507277,82.88105138400674
392,285,107,40.349904834033694,89,43,46,4.94134605297975,0.681912681912682,45.29125088701344
392,284,108,36.71612160878063,89,47,42,13.787169488233737,0.6881496881496881,50.503291097014326
392,296,96,57.6142089171511,89,52,37,25.871591455246616,0.7234927234927235,83.48580037239769
392,292,100,51.05017946692537,89,47,42,12.420335894787176,0.7047817047817048,63.470515361712586
392,291,101,48.456211679123236,89,51,38,21.921020768686482,0.7110187110187111,70.37723244780966
392,291,101,48.760317941527695,89,56,33,34.087924606159774,0.7214137214137214,82.84824254768743
392,280,112,31.093364663009424,89,52,37,26.55266864352601,0.6902286902286903,57.64603330653539
392,288,104,41.34156263961046,89,47,42,16.720371418037132,0.6964656964656964,58.06193405764758
392,300,92,65.10870940224515,89,49,40,18.97136994222731,0.7255717255717256,84.08007934447254
392,291,101,48.38307837614485,89,47,42,15.60779828163286,0.7027027027027027,63.99087665777776
392,292,100,49.02524697722198,89,57,32,36.30441258201706,0.7255717255717256,85.32965955923903
392,273,119,27.135504256728893,89,48,41,18.276103746899885,0.6673596673596673,45.41160800362876
392,281,111,33.83234063994094,89,49,40,18.047555493824365,0.6860706860706861,51.879896133765314
392,272,120,19.337871611967923,89,50,39,19.531393088197717,0.6694386694386695,38.86926470016561
392,292,100,50.97142484857521,89,54,35,33.691154790462114,0.7193347193347194,84.6625796390373
392,273,119,22.74793137125362,89,52,37,22.65382302081079,0.6756756756756757,45.4017543920644
392,290,102,48.30494097593095,89,49,40,19.068809361331112,0.7047817047817048,67.37375033726208
392,286,106,44.997927059516456,89,50,39,20.058285161641514,0.6985446985446986,65.05621222115794
392,286,106,43.63369641696796,89,54,35,30.016996458087675,0.7068607068607069,73.6506928750556
392,267,125,8.669079364915017,89,51,38,23.818797567776112,0.6611226611226612,32.487876932691115
392,290,102,44.89793654445044,89,48,41,16.934666088883535,0.7027027027027027,61.832602633333906
392,276,116,28.410806226385112,89,54,35,31.59721655676455,0.6860706860706861,60.00802278314963
392,297,95,56.10760490443479,89,50,39,24.65582520153861,0.7214137214137214,80.76343010597344
392,285,107,38.853934810705425,89,56,33,33.97149507698689,0.7089397089397089,72.82542988769227
392,292,100,51.157043206739566,89,51,38,23.979879818858358,0.7130977130977131,75.1369230255979
392,279,113,32.35184914667466,89,53,36,29.604071573558336,0.6902286902286903,61.95592072023299
392,273,119,19.489238060321487,89,57,32,34.75316986214841,0.6860706860706861,54.24240792246987
392,300,92,61.507545851972075,89,51,38,23.43672686928709,0.7297297297297297,84.9442727212592
392,277,115,27.795478155488404,89,47,42,14.257720876855583,0.6735966735966736,42.053199032343926
392,282,110,37.284218537298415,89,55,34,33.21759875434215,0.7006237006237006,70.50181729164058
392,267,125,15.279678305616839,89,55,34,33.763616438312106,0.6694386694386695,49.04329474392892
392,291,101,46.46529733499566,89,45,44,11.572977558446588,0.6985446985446986,58.03827489344221
392,286,106,43.32722868909655,89,55,34,30.793089385428,0.7089397089397089,74.1203180745245
392,287,105,43.84823713713509,89,47,42,14.999732906124255,0.6943866943866944,58.84797004325934
392,285,107,40.52133253976064,89,52,37,24.39863793412975,0.7006237006237006,64.91997047389037
392,287,105,41.9903306735748,89,51,38,20.204299081259883,0.7027027027027027,62.19462975483468
392,280,112,31.358616667089837,89,49,40,18.228325598490297,0.683991683991684,49.586942265580134
392,281,111,35.07979097544893,89,48,41,14.7437125181638,0.683991683991684,49.82350349361272
392,287,105,43.627357960808325,89,58,31,40.47629042325123,0.7172557172557172,84.1036483840596
392,291,101,52.164480647687185,89,53,36,28.47882193303937,0.7151767151767152,80.64330258072656
392,299,93,61.598541363805595,89,43,46,4.961857547957263,0.7110187110187111,66.56039891176285
392,291,101,50.15141464089492,89,53,36,27.296270279178337,0.7151767151767152,77.44768492007331
392,284,108,38.77310636310567,89,49,40,19.317664633015468,0.6923076923076923,58.090770996121094
392,282,110,34.25956096614676,89,56,33,34.12337172845369,0.7027027027027027,68.38293269460046
392,303,89,67.58198824228309,89,56,33,34.17778120950312,0.7463617463617463,101.75976945178621
392,283,109,36.3678898262595,89,53,36,27.75792803208423,0.6985446985446986,64.12581785834372
392,293,99,51.26495647588897,89,55,34,29.237378864065303,0.7234927234927235,80.50233533995433
392,279,113,31.680645632548888,89,61,28,44.56254500678941,0.7068607068607069,76.24319063933828
392,292,100,54.880024372131025,89,54,35,30.25094692364812,0.7193347193347194,85.13097129577903
392,292,100,51.17183492309507,89,52,37,24.812915682050395,0.7151767151767152,75.98475060514548
392,279,113,33.68829835450083,89,50,39,18.141660813999422,0.683991683991684,51.82995916850025
392,307,85,74.95303030440402,89,56,33,34.813185052102355,0.7546777546777547,109.76621535650645
392,295,97,55.20054572252928,89,42,47,1.5520407058752883,0.7006237006237006,56.75258642840456
392,287,105,41.58921676376402,89,51,38,22.27062011998868,0.7027027027027027,63.85983688375272
392,268,124,16.642835403549423,89,44,45,11.412976044223434,0.6486486486486487,28.055811447772854
392,284,108,39.159458150791295,89,56,33,37.13190174915763,0.7068607068607069,76.29135989994892
392,286,106,41.19779773365137,89,53,36,28.007946264455818,0.7047817047817048,69.2057439981072
392,277,115,24.290804618931006,89,55,34,32.73487135158778,0.6902286902286903,57.025675970518684
392,296,96,60.21796306418512,89,52,37,27.839818296443493,0.7234927234927235,88.05778136062861
392,279,113,30.012072334565715,89,45,44,10.000787057117172,0.6735966735966736,40.012859391682866
392,288,104,46.759094757060026,89,52,37,27.13351256734716,0.7068607068607069,73.89260732440717
392,285,107,37.43632964059049,89,54,35,31.25705612785226,0.7047817047817048,68.69338576844268
392,289,103,44.17507652568778,89,62,27,47.828282119223914,0.7297297297297297,92.00335864491156
392,300,92,64.00780817866827,89,58,31,36.558076826994146,0.7442827442827443,100.56588500566241
392,275,117,24.850697847204174,89,48,41,16.62797698279084,0.6715176715176715,41.478674829995
392,287,105,39.52725101488197,89,50,39,18.662319251236553,0.7006237006237006,58.18957026611851
392,294,98,55.95582784967682,89,54,35,31.118944510035735,0.7234927234927235,87.07477235971253
392,293,99,51.309734041276414,89,56,33,36.813922734986996,0.7255717255717256,88.12365677626337
392,303,89,69.39826086098905,89,56,33,36.60778498420331,0.7463617463617463,106.00604584519239
392,290,102,48.999409011931895,89,57,32,35.20322645996985,0.7214137214137214,84.2026354719017
392,280,112,33.4456879207665,89,58,31,36.991035739891814,0.7027027027027027,70.4367236606583
392,272,120,20.176632224792858,89,51,38,22.732733226889426,0.6715176715176715,42.90936545168228
392,276,116,26.035687676826146,89,57,32,34.10832198334273,0.6923076923076923,60.144009660168855
392,276,116,27.224882648524865,89,52,37,23.460354127158755,0.681912681912682,50.68523677568361
392,282,110,33.0751348138884,89,51,38,23.297555464298863,0.6923076923076923,56.37269027818725
392,282,110,34.71980934095594,89,50,39,19.503487952378297,0.6902286902286903,54.223297293334205
392,281,111,34.13108315404131,89,56,33,35.84389290192586,0.7006237006237006,69.97497605596718
392,286,106,38.328443011577654,89,52,37,26.667039748130968,0.7027027027027027,64.9954827597086
392,307,85,73.53502100968292,89,41,48,-1.8994683422736927,0.7234927234927235,71.63555266740921
392,299,93,62.96454431876852,89,55,34,34.210640244884665,0.735966735966736,97.17518456365318
392,290,102,45.576878356812216,89,56,33,36.29919704588349,0.7193347193347194,81.87607540269568
392,283,109,33.358446772163475,89,50,39,19.38205327758354,0.6923076923076923,52.740500049747006
392,265,127,7.013932431259793,89,54,35,30.265012409229854,0.6632016632016632,37.27894484048963
392,281,111,33.43607912911975,89,54,35,31.5161741660138,0.6964656964656964,64.95225329513357
392,286,106,43.807612336227635,89,47,42,14.443425987260579,0.6923076923076923,58.25103832348815
392,297,95,59.71013018647945,89,50,39,19.573433972802533,0.7214137214137214,79.28356415928197
392,299,93,59.97739059215509,89,54,35,30.887616034871947,0.7338877338877339,90.86500662702701
392,282,110,34.78867992093397,89,45,44,6.772955900150549,0.6798336798336798,41.56163582108453
392,283,109,35.07185733290805,89,48,41,15.52652214978728,0.6881496881496881,50.59837948269529
392,292,100,52.380422062823165,89,50,39,22.21153003271248,0.7110187110187111,74.59195209553565
392,283,109,35.604254131996434,89,55,34,29.018076134585687,0.7027027027027027,64.62233026658211
392,273,119,21.51697691003913,89,57,32,34.47602700500555,0.6860706860706861,55.99300391504468
392,287,105,41.29948072702145,89,45,44,10.857687086577421,0.6902286902286903,52.15716781359884
392,295,97,56.18083977667516,89,59,30,42.047005414648346,0.735966735966736,98.2278451913235
392,275,117,21.594282971592754,89,52,37,28.551031388674332,0.6798336798336798,50.14531436026706
392,271,121,18.61732891376693,89,52,37,21.359996987252874,0.6715176715176715,39.97732590101978
392,275,117,24.51327566093777,89,45,44,8.440612353195347,0.6652806652806653,32.953888014133106
392,273,119,21.73623572624324,89,45,44,12.552040735400801,0.6611226611226612,34.28827646164402
392,284,108,37.15076580547117,89,47,42,13.804257454643757,0.6881496881496881,50.95502326011493
392,292,100,50.835616815164165,89,48,41,13.937060338694039,0.7068607068607069,64.7726771538582
392,281,111,34.47093771273949,89,57,32,38.11046388274125,0.7027027027027027,72.58140159548077
392,292,100,47.09874782458202,89,52,37,26.184116964526048,0.7151767151767152,73.28286478910802
392,284,108,38.93502993594813,89,54,35,27.838494537473085,0.7027027027027027,66.7735244734212
392,269,123,15.578425363073809,89,53,36,27.11121992802456,0.6694386694386695,42.68964529109835
392,300,92,61.51105187602388,89,52,37,25.279465180322546,0.7318087318087318,86.79051705634637
392,276,116,25.40211908479135,89,55,34,31.757886594691232,0.6881496881496881,57.160005679482516
392,287,105,45.78365320582952,89,57,32,36.237365599948596,0.7151767151767152,82.02101880577811
392,289,103,45.96341738937743,89,46,43,9.184512459533195,0.6964656964656964,55.14792984891062
392,279,113,32.99520393269658,89,57,32,33.42613676058805,0.6985446985446986,66.42134069328462
392,302,90,66.41122531486333,89,50,39,19.94174132024535,0.7318087318087318,86.35296663510866
392,294,98,52.57197707245624,89,59,30,39.206068412873044,0.7338877338877339,91.77804548532927
392,285,107,36.456773936762346,89,44,45,11.65024321133443,0.683991683991684,48.10701714809679
392,301,91,64.90149333289804,89,44,45,6.146491624317707,0.7172557172557172,71.04798495721577
392,278,114,26.844234645756398,89,48,41,12.975298497430227,0.6777546777546778,39.81953314318659
392,278,114,28.70407491015738,89,57,32,34.28137982408101,0.6964656964656964,62.98545473423828
392,275,117,23.097349691519547,89,49,40,19.428511479575725,0.6735966735966736,42.52586117109525
392,282,110,35.76336233602848,89,41,48,-0.5009037094768911,0.6715176715176715,35.262458626551556
392,293,99,55.29855673955047,89,54,35,29.697308663700014,0.7214137214137214,84.99586540325055
392,285,107,35.726613510913836,89,57,32,36.699678015391434,0.7110187110187111,72.42629152630515
392,286,106,40.35932574351809,89,53,36,26.947544082357943,0.7047817047817048,67.30686982587602
392,281,111,36.62556900631265,89,50,39,20.717265503683837,0.6881496881496881,57.34283450999642
392,287,105,46.148886957796904,89,51,38,23.472814614766925,0.7027027027027027,69.62170157256382
392,300,92,62.66967950613957,89,52,37,28.47757463735303,0.7318087318087318,91.1472541434926
392,288,104,43.164323909380926,89,56,33,28.512741182905874,0.7151767151767152,71.67706509228682
392,278,114,28.335106037776455,89,40,49,0.9240714435312305,0.6611226611226612,29.259177481307702
392,280,112,33.7707892975847,89,54,35,27.50029191233544,0.6943866943866944,61.271081209920155
392,283,109,40.84708774094176,89,54,35,28.153415018496986,0.7006237006237006,69.00050275943875
392,294,98,57.19549928450021,89,57,32,36.46304553300336,0.7297297297297297,93.65854481750362
392,294,98,54.51117158970353,89,46,43,8.598221184320899,0.7068607068607069,63.10939277402443
392,275,117,24.843038196550886,89,49,40,18.52769462941654,0.6735966735966736,43.37073282596738
392,270,122,17.483762863016324,89,60,29,42.751368060051526,0.6860706860706861,60.2351309230678
392,294,98,53.14326588803081,89,53,36,28.99550564231027,0.7214137214137214,82.13877153034113
392,279,113,29.524715300662713,89,47,42,13.169728101209333,0.6777546777546778,42.69444340187199
392,286,106,41.570174929812396,89,52,37,26.317020793825424,0.7027027027027027,67.8871957236378
392,297,95,59.932385626166514,89,54,35,30.935902327084772,0.7297297297297297,90.8682879532513
392,289,103,49.15788989740602,89,55,34,34.53913461231153,0.7151767151767152,83.69702450971756
392,287,105,41.57523194227249,89,44,45,6.199785729245513,0.6881496881496881,47.77501767151802
392,295,97,54.88066698940009,89,50,39,17.28550224591132,0.7172557172557172,72.16616923531143
392,293,99,53.616371344333366,89,49,40,16.672631238100266,0.7110187110187111,70.28900258243367
392,284,108,35.45069728750884,89,57,32,37.541824106454825,0.7089397089397089,72.99252139396371
392,275,117,21.939392319989764,89,49,40,20.074278490696816,0.6735966735966736,42.01367081068654
392,294,98,55.964746613009744,89,43,46,4.820653542314211,0.7006237006237006,60.78540015532397
392,288,104,44.482899417662075,89,52,37,24.878149794188275,0.7068607068607069,69.36104921185036
392,280,112,30.140345359122545,89,49,40,20.02731266614176,0.683991683991684,50.167658025264316
392,287,105,44.917993900076496,89,46,43,15.085400257122163,0.6923076923076923,60.00339415719863
392,295,97,55.22568337072892,89,57,32,35.878737365155686,0.7318087318087318,91.1044207358846
392,271,121,20.666838784223245,89,53,36,24.74039134336139,0.6735966735966736,45.407230127584604
392,295,97,56.708379641676856,89,55,34,28.834440333330665,0.7276507276507277,85.54281997500757
392,288,104,43.09580242601261,89,52,37,25.409058885097373,0.7068607068607069,68.50486131110996
392,286,106,38.62632634283365,89,53,36,28.289815503110617,0.7047817047817048,66.91614184594431
392,286,106,44.39852360303364,89,45,44,8.24618369909176,0.6881496881496881,52.644707302125404
392,274,118,23.882495282735093,89,53,36,25.825122135286836,0.6798336798336798,49.7076174180219
392,292,100,48.53935081912185,89,49,40,22.814255572467967,0.7089397089397089,71.35360639158978
392,270,122,19.01281250326586,89,47,42,14.559398001031703,0.659043659043659,33.57221050429753
392,281,111,33.36890278604233,89,46,43,13.160427094352901,0.6798336798336798,46.52932988039524
392,278,114,29.627446607552336,89,46,43,10.103327527253327,0.6735966735966736,39.73077413480565
392,281,111,36.365939624330906,89,47,42,16.221530032712476,0.681912681912682,52.58746965704338
392,283,109,35.99382352975559,89,53,36,28.95509169618292,0.6985446985446986,64.94891522593848
392,289,103,47.71206930622889,89,48,41,19.046287351308084,0.7006237006237006,66.75835665753698
392,285,107,41.12629092315571,89,49,40,16.990301337350346,0.6943866943866944,58.11659226050605
392,264,128,10.155548512468627,89,48,41,16.77183167881945,0.6486486486486487,26.927380191288094
392,292,100,55.39274691876666,89,48,41,16.993998476337094,0.7068607068607069,72.38674539510373
392,281,111,33.75760401763051,89,48,41,16.750830347160463,0.683991683991684,50.508434364790986
392,286,106,40.59593329650373,89,53,36,29.551498492562743,0.7047817047817048,70.14743178906645
392,267,125,13.22263707859577,89,58,31,37.69704585149714,0.6756756756756757,50.91968293009292
392,290,102,45.14221709537559,89,54,35,29.42031271929126,0.7151767151767152,74.56252981466689
392,300,92,65.86316865566066,89,50,39,19.286309348031253,0.7276507276507277,85.14947800369191
392,294,98,54.082301556654194,89,58,31,38.34396980351781,0.7318087318087318,92.42627136017205
392,281,111,32.176235317201495,89,54,35,27.502065041613037,0.6964656964656964,59.67830035881441
392,289,103,45.39522921799891,89,46,43,8.35165659280905,0.6964656964656964,53.746885810807974
392,292,100,50.2730685112171,89,42,47,5.296344682058092,0.6943866943866944,55.5694131932752
392,278,114,27.137505852545633,89,61,28,44.17408505642367,0.7047817047817048,71.31159090896927
392,288,104,47.697304797802055,89,52,37,22.103570354935943,0.7068607068607069,69.80087515273803
392,277,115,26.966842719072947,89,49,40,19.761875531244094,0.6777546777546778,46.728718250316994
392,295,97,57.81683942310037,89,58,31,40.16894381762729,0.7338877338877339,97.98578324072763
392,289,103,45.53969332425666,89,57,32,37.452124711377614,0.7193347193347194,82.99181803563422
392,280,112,34.893644467106974,89,54,35,32.07094845704818,0.6943866943866944,66.96459292415511
392,291,101,51.92865650782573,89,50,39,23.16079979216538,0.7089397089397089,75.08945629999104
392,299,93,62.40844235059471,89,44,45,4.5133996201430095,0.7130977130977131,66.92184197073774
392,302,90,70.23985146335961,89,56,33,33.40269027527326,0.7442827442827443,103.64254173863291
392,289,103,43.26770991375066,89,50,39,20.755157439788157,0.7047817047817048,64.02286735353879
392,287,105,43.99263044514832,89,53,36,29.795085506451088,0.7068607068607069,73.78771595159931
392,276,116,24.90864228359259,89,49,40,19.57190882354252,0.6756756756756757,44.480551107135085
392,286,106,40.07412483733438,89,49,40,18.729418818336125,0.6964656964656964,58.8035436556705
392,281,111,32.920623472637374,89,55,34,35.47763219584459,0.6985446985446986,68.39825566848192
392,271,121,15.333547334028472,89,50,39,22.33198833959282,0.6673596673596673,37.665535673621314
392,292,100,50.905959632816746,89,49,40,19.974798417706474,0.7089397089397089,70.88075805052323
392,289,103,46.68391624374401,89,56,33,32.85081893569403,0.7172557172557172,79.53473517943803
392,272,120,17.673897266525884,89,47,42,14.800593180141167,0.6632016632016632,32.47449044666705
392,296,96,56.71783465841271,89,52,37,23.37834643497163,0.7234927234927235,80.09618109338433
392,301,91,65.7874623790132,89,53,36,27.165470337808955,0.735966735966736,92.95293271682216
392,291,101,50.36639140738197,89,51,38,21.89510276780395,0.7110187110187111,72.26149417518592
392,282,110,37.07981561197051,89,51,38,23.453749923589548,0.6923076923076923,60.533565535560015
392,282,110,35.95068438855082,89,53,36,28.25722831700671,0.6964656964656964,64.20791270555752
392,284,108,35.68936960177875,89,52,37,27.55803353695084,0.6985446985446986,63.24740313872959
392,275,117,22.16724270151269,89,56,33,30.656052062677265,0.6881496881496881,52.82329476418984
392,295,97,56.56972601107577,89,56,33,33.07275825503562,0.7297297297297297,89.64248426611141
392,278,114,27.417176164575547,89,49,40,14.98277651693272,0.6798336798336798,42.39995268150826
392,295,97,57.608778803287805,89,47,42,12.512317369060764,0.7110187110187111,70.12109617234857
392,279,113,29.790913954303445,89,51,38,22.965715047667352,0.6860706860706861,52.75662900197073
392,283,109,37.28976821240417,89,59,30,41.6482498571402,0.7110187110187111,78.93801806954436
392,285,107,40.737511113505924,89,54,35,27.319772213067328,0.7047817047817048,68.05728332657326
392,284,108,36.450442676228256,89,53,36,29.69857127936742,0.7006237006237006,66.14901395559563
392,278,114,28.442976355024662,89,55,34,34.74228206455944,0.6923076923076923,63.18525841958405
392,272,120,20.557428637155454,89,42,47,4.248260825903765,0.6528066528066528,24.805689463059245
392,267,125,16.618371500619116,89,50,39,18.585414754667664,0.659043659043659,35.203786255286765
392,288,104,43.10609105956022,89,57,32,34.26882781765691,0.7172557172557172,77.37491887721708
392,284,108,38.89917065739605,89,50,39,20.73744231231742,0.6943866943866944,59.63661296971342
392,288,104,43.29118089740409,89,49,40,17.04122181020035,0.7006237006237006,60.332402707604444
392,288,104,46.8490074125824,89,55,34,32.88275403384525,0.7130977130977131,79.73176144642763
392,281,111,32.91943075163304,89,52,37,25.960393672027372,0.6923076923076923,58.87982442366039
392,290,102,50.29332788608049,89,46,43,13.016767306135865,0.6985446985446986,63.31009519221631
392,291,101,49.64049150378361,89,45,44,10.971600262603271,0.6985446985446986,60.61209176638685
392,276,116,25.289452269711013,89,50,39,19.938265047094145,0.6777546777546778,45.22771731680512
392,291,101,53.794135910863396,89,49,40,20.585756455534852,0.7068607068607069,74.37989236639824
392,279,113,29.545010556921127,89,55,34,30.340162161884077,0.6943866943866944,59.885172718805144
392,291,101,49.550847102743575,89,47,42,16.271179126199865,0.7027027027027027,65.82202622894347
392,287,105,42.173737275137924,89,51,38,26.27917790235482,0.7027027027027027,68.45291517749274
392,284,108,41.16770220494738,89,56,33,33.6885322001659,0.7068607068607069,74.85623440511323
392,289,103,45.873643627728896,89,46,43,13.707674514869165,0.6964656964656964,59.58131814259808
392,273,119,22.899611419782733,89,55,34,32.95861171621619,0.681912681912682,55.85822313599879
392,289,103,48.11527928943576,89,49,40,17.73935295883971,0.7027027027027027,65.85463224827544
392,282,110,33.92986871661712,89,51,38,23.42919425255061,0.6923076923076923,57.35906296916767
392,287,105,45.82741775261213,89,47,42,14.352607091585643,0.6943866943866944,60.18002484419771
392,288,104,43.63363463178374,89,53,36,25.07814979418828,0.7089397089397089,68.711784425972
392,286,106,41.569453463075895,89,52,37,27.209825868808117,0.7027027027027027,68.77927933188397
392,269,123,14.714912853734084,89,46,43,10.116128993794703,0.6548856548856549,24.831041847528798
392,277,115,28.49864596598019,89,52,37,26.602993305576295,0.683991683991684,55.10163927155644
392,292,100,51.06577489869446,89,52,37,25.308300351595463,0.7151767151767152,76.3740752502899
392,294,98,56.10812953216679,89,49,40,17.411208546083653,0.7130977130977131,73.5193380782504
392,286,106,41.71630547507041,89,49,40,17.296918834561776,0.6964656964656964,59.013224309632214
392,294,98,50.7592223833963,89,50,39,22.75834455279583,0.7151767151767152,73.51756693619215
392,286,106,40.37770798057416,89,53,36,28.789296371366873,0.7047817047817048,69.16700435194106
392,289,103,48.76318599858056,89,56,33,30.7913577836964,0.7172557172557172,79.55454378227692
392,272,120,20.746376125284012,89,47,42,10.245447884247,0.6632016632016632,30.99182400953103
392,293,99,53.4666673327493,89,53,36,25.16816515922941,0.7193347193347194,78.63483249197868
392,286,106,42.961363099387505,89,52,37,27.296946978312565,0.7027027027027027,70.25831007770012
392,278,114,30.702898527064704,89,47,42,13.56099174709146,0.6756756756756757,44.263890274156104
392,280,112,33.27268561175527,89,47,42,15.339200355916777,0.6798336798336798,48.61188596767209
392,289,103,47.20295124232759,89,56,33,36.81563551244015,0.7172557172557172,84.01858675476765
392,258,134,-0.2650556100211985,89,52,37,26.53294448489678,0.6444906444906445,26.267888874875595
392,285,107,41.58180507597806,89,53,36,26.51745369425832,0.7027027027027027,68.09925877023637
392,276,116,25.626945998993563,89,56,33,34.30594749930385,0.6902286902286903,59.93289349829737
392,289,103,44.88637807545859,89,48,41,20.311696840434706,0.7006237006237006,65.19807491589329
392,288,104,45.90441404785419,89,50,39,18.48922685306143,0.7027027027027027,64.39364090091563
392,282,110,33.76857814685399,89,55,34,30.51130462593534,0.7006237006237006,64.27988277278934
392,281,111,33.68323459238291,89,50,39,20.666582266042052,0.6881496881496881,54.34981685842495
392,275,117,23.58058821816965,89,42,47,3.530798821146659,0.659043659043659,27.111387039316263
392,286,106,44.45811273265231,89,51,38,24.257854143384407,0.7006237006237006,68.71596687603672
392,296,96,57.80661545628205,89,50,39,23.87266557158288,0.7193347193347194,81.67928102786497
392,290,102,51.39676030820484,89,50,39,21.743649860637642,0.7068607068607069,73.14041016884252
392,274,118,19.4635369227138,89,57,32,31.502144078860503,0.6881496881496881,50.965681001574275
392,294,98,58.215071019407844,89,50,39,21.843747822665133,0.7151767151767152,80.05881884207297
392,295,97,58.69605140128197,89,56,33,31.951677886129172,0.7297297297297297,90.6477292874112
392,285,107,39.11462807878877,89,48,41,14.044498813327909,0.6923076923076923,53.159126892116646
392,294,98,54.218437986128336,89,50,39,21.69964082871431,0.7151767151767152,75.91807881484274
392,279,113,30.19835907734036,89,53,36,28.043072124075145,0.6902286902286903,58.241431201415494
392,274,118,22.837019203216602,89,47,42,15.665955071668481,0.6673596673596673,38.502974274885105
392,276,116,26.445940604217814,89,46,43,14.817959910661095,0.6694386694386695,41.26390051487885
392,281,111,33.7695257139036,89,55,34,31.018831582008517,0.6985446985446986,64.78835729591204
392,280,112,32.41781319426597,89,53,36,26.944549646210323,0.6923076923076923,59.36236284047628
392,289,103,50.9047566984817,89,48,41,15.142474796075525,0.7006237006237006,66.04723149455725
392,288,104,42.47152929804127,89,57,32,35.03753839216911,0.7172557172557172,77.50906769021034
392,277,115,30.7845845782581,89,45,44,10.463936042765134,0.6694386694386695,41.24852062102326
392,285,107,41.2288340094562,89,42,47,3.2926207673164303,0.6798336798336798,44.52145477677261
392,290,102,46.335688299848464,89,48,41,15.026928745940985,0.7027027027027027,61.36261704578938
392,293,99,49.086914278920304,89,50,39,16.138120335786056,0.7130977130977131,65.22503461470636
392,274,118,24.68315852867154,89,48,41,20.451001052427877,0.6694386694386695,45.134159581099375
392,278,114,24.26709513322702,89,52,37,24.265082196417794,0.6860706860706861,48.53217732964475
392,296,96,59.5940155385505,89,53,36,31.25163955020483,0.7255717255717256,90.84565508875528
392,291,101,51.286881241181646,89,48,41,17.061814606689698,0.7047817047817048,68.3486958478713
392,292,100,53.20972039756843,89,50,39,20.972341723975426,0.7110187110187111,74.18206212154382
392,274,118,23.625421962919724,89,48,41,16.067037865955175,0.6694386694386695,39.692459828874874
392,292,100,48.393652653588646,89,45,44,10.301219928024558,0.7006237006237006,58.694872581613225
392,288,104,43.28789729945953,89,46,43,11.288958997232626,0.6943866943866944,54.57685629669217
392,268,124,10.128876900514184,89,54,35,30.011082664259593,0.6694386694386695,40.13995956477376
392,289,103,47.94985975400664,89,50,39,20.867659324915213,0.7047817047817048,68.81751907892183
392,291,101,49.95184613276569,89,52,37,24.571263218067855,0.7130977130977131,74.52310935083352
392,264,128,4.814713046941691,89,52,37,26.726082088603846,0.656964656964657,31.540795135545533
392,290,102,48.14994284510958,89,46,43,13.779421890279256,0.6985446985446986,61.929364735388795
392,291,101,50.71847779525554,89,54,35,32.643606794548575,0.7172557172557172,83.3620845898041
392,301,91,65.75287175847045,89,54,35,31.46726937609848,0.738045738045738,97.2201411345689
392,286,106,42.10982033173978,89,55,34,28.321142304498654,0.7089397089397089,70.43096263623848
392,263,129,4.168589842695641,89,49,40,15.656640488772219,0.6486486486486487,19.82523033146788
392,274,118,22.577435409614953,89,46,43,13.583925353232672,0.6652806652806653,36.16136076284763
392,288,104,44.114886848632416,89,48,41,16.42157520493156,0.6985446985446986,60.53646205356396
392,294,98,52.63365326868678,89,50,39,21.11058563730206,0.7151767151767152,73.74423890598878
392,265,127,9.198989499967517,89,57,32,38.108016464821084,0.6694386694386695,47.30700596478864
392,278,114,30.085488610540615,89,51,38,25.72125371830273,0.683991683991684,55.8067423288433
392,275,117,24.68882863120922,89,52,37,24.545791760036174,0.6798336798336798,49.23462039124532
392,300,92,64.85979955943122,89,44,45,6.973211299541408,0.7151767151767152,71.83301085897263
392,279,113,30.16373035268117,89,45,44,9.882925181815512,0.6735966735966736,40.046655534496665
392,291,101,50.33651101647832,89,51,38,21.57016216188407,0.7110187110187111,71.9066731783624
392,287,105,46.60523081868586,89,51,38,20.15985290853636,0.7027027027027027,66.7650837272222
392,272,120,19.90482081563316,89,51,38,25.634939256599928,0.6715176715176715,45.53976007223305
392,264,128,7.037098634170681,89,49,40,18.082450873515118,0.6507276507276507,25.11954950768582
392,288,104,42.15218540904957,89,52,37,28.012044927065674,0.7068607068607069,70.1642303361152
392,274,118,25.94148687946755,89,62,27,48.742356656662295,0.6985446985446986,74.68384353612981
392,283,109,36.0165740984674,89,54,35,28.103169862148405,0.7006237006237006,64.11974396061571
392,279,113,30.5085404173135,89,63,26,52.351616612799056,0.7110187110187111,82.86015703011252
392,283,109,38.69335184951305,89,58,31,38.768473730517265,0.7089397089397089,77.46182558003034
392,271,121,25.32840236603286,89,55,34,36.215874594948076,0.6777546777546778,61.54427696098087
392,278,114,26.114286835138223,89,48,41,15.472155266372702,0.6777546777546778,41.586442101510904
392,296,96,59.530315593057104,89,49,40,21.139610802787725,0.7172557172557172,80.66992639584481
392,294,98,53.67223483100834,89,54,35,32.559230627761636,0.7234927234927235,86.23146545876993
392,296,96,58.59820882058363,89,58,31,34.214824446396904,0.735966735966736,92.81303326698048
392,277,115,27.63163361203316,89,49,40,20.03757463735303,0.6777546777546778,47.669208249386195
392,273,119,21.352184694224835,89,56,33,35.082300296931024,0.683991683991684,56.43448499115584
392,292,100,50.318475450260266,89,55,34,31.29967135418388,0.7214137214137214,81.61814680444414
392,291,101,48.17191534596247,89,47,42,14.5306478816509,0.7027027027027027,62.70256322761334
392,296,96,58.87995137949273,89,41,48,-2.2626163569029485,0.7006237006237006,56.61733502258979
392,283,109,37.96414437494967,89,51,38,21.58402828351505,0.6943866943866944,59.54817265846467
392,295,97,54.8605545893083,89,54,35,29.47468106008885,0.7255717255717256,84.33523564939715
392,279,113,30.512003245784676,89,45,44,9.894195210294928,0.6735966735966736,40.4061984560796
392,278,114,28.054044920122607,89,54,35,27.719630917335095,0.6902286902286903,55.77367583745768
392,274,118,22.963048504159936,89,57,32,38.99031155904944,0.6881496881496881,61.95336006320935
392,269,123,15.520078596182884,89,44,45,8.48871994425021,0.6507276507276507,24.008798540433112
392,279,113,31.76000765751351,89,53,36,29.72057781131271,0.6902286902286903,61.48058546882619
392,277,115,28.22101631484453,89,52,37,24.84062354591315,0.683991683991684,53.061639860757666
392,285,107,40.27679723233687,89,53,36,27.296911644285725,0.7027027027027027,67.5737088766226
392,290,102,46.30252307886665,89,53,36,32.65560529208485,0.7130977130977131,78.95812837095147
392,295,97,55.05190948601243,89,50,39,22.676563557654774,0.7172557172557172,77.72847304366715
392,283,109,36.28743127992486,89,54,35,25.327606739884118,0.7006237006237006,61.615038019808964
392,287,105,43.20849623649191,89,58,31,35.330812085263375,0.7172557172557172,78.53930832175526
392,292,100,49.45104725584348,89,51,38,25.872033163036175,0.7130977130977131,75.32308041887961
392,277,115,29.133850616186955,89,52,37,23.481277864817365,0.683991683991684,52.61512848100427
392,272,120,18.420981866390548,89,52,37,25.638014601822217,0.6735966735966736,44.05899646821271
392,266,126,6.490724165012315,89,48,41,10.579754169918864,0.6528066528066528,17.07047833493118
392,281,111,31.74979748462225,89,49,40,15.198370770709385,0.6860706860706861,46.94816825533162
392,279,113,28.8019043583713,89,55,34,34.27438754352226,0.6943866943866944,63.07629190189347
392,290,102,47.49253200364503,89,52,37,28.488176012101814,0.7110187110187111,75.98070801574691
392,286,106,41.010664756074,89,44,45,6.515013101638299,0.6860706860706861,47.52567785771231
392,277,115,29.12970959883659,89,51,38,23.879539761430827,0.681912681912682,53.00924936026739
392,289,103,42.43309589086512,89,57,32,40.27253934991342,0.7193347193347194,82.70563524077858
392,282,110,31.14199408455842,89,52,37,24.57768321416277,0.6943866943866944,55.71967729872117
392,293,99,50.817732558039175,89,56,33,31.8630875032522,0.7255717255717256,82.68082006129141
392,281,111,34.33979091309942,89,54,35,29.027286786655353,0.6964656964656964,63.36707769975477
392,290,102,44.45763370473685,89,49,40,16.888093196366825,0.7047817047817048,61.34572690110367
392,285,107,37.113977932818294,89,49,40,20.30544509091412,0.6943866943866944,57.41942302373241
392,262,130,4.052587207471329,89,54,35,24.30320787361696,0.656964656964657,28.35579508108832
392,279,113,30.905862572425832,89,58,31,37.195912194802546,0.7006237006237006,68.10177476722829
392,274,118,21.09578788952602,89,40,49,-0.8190515429518275,0.6528066528066528,20.276736346574204
392,287,105,40.78174100628613,89,52,37,22.0757807912726,0.7047817047817048,62.85752179755871
392,293,99,51.86770091422857,89,49,40,17.157935798877567,0.7110187110187111,69.0256367131062
392,283,109,37.46903079428023,89,50,39,21.756233617029757,0.6923076923076923,59.22526441130996
392,284,108,38.9016507559905,89,47,42,12.93112407212708,0.6881496881496881,51.83277482811755
392,290,102,47.24894489838365,89,53,36,25.650038395120365,0.7130977130977131,72.89898329350399
392,291,101,49.92073662347816,89,53,36,26.351532263664,0.7151767151767152,76.27226888714215
392,286,106,41.338722917556346,89,49,40,17.65530801637226,0.6964656964656964,58.99403093392858
392,287,105,47.73820310214212,89,44,45,8.348703637715879,0.6881496881496881,56.08690673985801
392,292,100,54.81952252186029,89,50,39,22.340350381984077,0.7110187110187111,77.15987290384446
392,290,102,47.74493642830155,89,45,44,9.97261797398356,0.6964656964656964,57.717554402285096
392,272,120,19.99340569864047,89,52,37,22.67986089407833,0.6735966735966736,42.67326659271879
392,270,122,12.41473695658006,89,50,39,20.790312719291265,0.6652806652806653,33.205049675871344
392,290,102,49.88161431739422,89,49,40,17.759405510557965,0.7047817047817048,67.64101982795212
392,292,100,54.767534627539945,89,48,41,17.053845590263904,0.7068607068607069,71.82138021780389
392,276,116,25.58545323574465,89,60,29,46.743275615289164,0.6985446985446986,72.32872885103376
392,277,115,29.472435993657083,89,51,38,21.289331695045103,0.681912681912682,50.761767688702136
392,279,113,28.148107837559063,89,54,35,31.76525124346363,0.6923076923076923,59.91335908102268
392,294,98,55.905642368027486,89,59,30,39.56392840599891,0.7338877338877339,95.46957077402645
392,286,106,38.327677161727905,89,57,32,37.06423768887212,0.7130977130977131,75.39191485060003
392,296,96,62.390987977589404,89,52,37,26.217685553177358,0.7234927234927235,88.6086735307668
392,282,110,33.353555222203184,89,45,44,6.412997308018044,0.6798336798336798,39.76655253022123
392,294,98,53.83844398509802,89,41,48,2.008873139080017,0.6964656964656964,55.84731712417806
392,294,98,53.6433329662128,89,59,30,43.75585445087518,0.7338877338877339,97.39918741708796
392,296,96,58.20943674584416,89,45,44,7.94413557005586,0.7089397089397089,66.15357231590004
392,278,114,31.02392044328505,89,58,31,34.32845735079596,0.6985446985446986,65.35237779408097
392,270,122,16.242465734890562,89,57,32,36.792014208730635,0.6798336798336798,53.03447994362118
392,299,93,62.18719066145663,89,50,39,23.85869032993772,0.7255717255717256,86.04588099139437
392,281,111,32.883198931535404,89,54,35,28.96145156819496,0.6964656964656964,61.84465049973033
392,281,111,33.395821458909914,89,57,32,37.47495842965409,0.7027027027027027,70.87077988856394
392,283,109,38.20843696909842,89,48,41,14.53551362785224,0.6881496881496881,52.74395059695062
392,272,120,19.72554491641002,89,49,40,20.812949826309897,0.6673596673596673,40.538494742719884
392,291,101,47.90630611247385,89,45,44,13.129789503945709,0.6985446985446986,61.03609561641955
392,282,110,36.946057607165,89,46,43,14.057965218761353,0.681912681912682,51.00402282592629
392,288,104,45.575945794115164,89,53,36,26.976412870220482,0.7089397089397089,72.5523586643357
392,285,107,40.85830134301072,89,46,43,11.496603083346471,0.6881496881496881,52.35490442635717
392,273,119,19.591116572917553,89,61,28,47.125161204139744,0.6943866943866944,66.71627777705724
392,289,103,46.29551089485527,89,50,39,20.56206126312551,0.7047817047817048,66.85757215798075
392,292,100,52.51325974638379,89,49,40,20.163779381991777,0.7089397089397089,72.67703912837557
392,285,107,39.5151113789529,89,55,34,33.52551909929245,0.7068607068607069,73.04063047824538
392,298,94,58.54923648764616,89,63,26,48.76087548985403,0.7505197505197505,107.3101119775002
392,266,126,9.50191060869021,89,52,37,27.092089493241946,0.6611226611226612,36.594000101932146
392,272,120,21.63249816507296,89,44,45,8.9175889058013,0.656964656964657,30.550087070874255
392,282,110,33.07538967493574,89,39,50,-4.611251190065038,0.6673596673596673,28.464138484870748
392,290,102,51.327714416960006,89,50,39,21.790847389764693,0.7068607068607069,73.11856180672473
392,282,110,33.87424448872893,89,58,31,37.52468313148776,0.7068607068607069,71.39892762021668
392,285,107,40.4090418827101,89,52,37,25.585672728642773,0.7006237006237006,65.99471461135286
392,281,111,32.07846682062162,89,50,39,21.648253446404606,0.6881496881496881,53.726720267026174
392,282,110,33.127401573481606,89,52,37,20.28400224068868,0.6943866943866944,53.41140381417025
392,291,101,49.91448449628156,89,51,38,23.412736961715506,0.7110187110187111,73.32722145799708
392,289,103,42.558522657969256,89,59,30,39.246501313305956,0.7234927234927235,81.80502397127518
392,292,100,49.95927690648753,89,60,29,44.35610985026605,0.7318087318087318,94.31538675675355
392,289,103,48.00714700985029,89,51,38,21.609148268865425,0.7068607068607069,69.61629527871565
392,285,107,40.15241033535869,89,51,38,25.41619123814354,0.6985446985446986,65.56860157350228
392,291,101,47.66541638226442,89,58,31,37.446625556085344,0.7255717255717256,85.11204193834972
392,281,111,32.76739932382014,89,54,35,28.419005090957402,0.6964656964656964,61.18640441477752
392,272,120,16.898738138584353,89,47,42,13.18027553261414,0.6632016632016632,30.07901367119851
392,301,91,65.35376765022387,89,53,36,25.031737526368243,0.735966735966736,90.3855051765921
392,291,101,47.567456376701315,89,48,41,10.444949946132386,0.7047817047817048,58.01240632283371
392,275,117,24.05393965431625,89,47,42,14.696661325253558,0.6694386694386695,38.75060097956971
392,281,111,34.43582395883642,89,54,35,29.758512799370173,0.6964656964656964,64.19433675820652
392,282,110,36.45717506976082,89,50,39,19.724141111040666,0.6902286902286903,56.18131618080149
392,294,98,54.60489881360135,89,50,39,16.67234172397542,0.7151767151767152,71.27724053757677
392,274,118,26.51068185305163,89,38,51,-5.280315881242403,0.6486486486486487,21.230365971809213
392,281,111,33.20963292708305,89,58,31,37.604576436853804,0.7047817047817048,70.81420936393684
392,291,101,49.17653652639348,89,51,38,25.380250285719317,0.7110187110187111,74.55678681211276
392,269,123,14.107216822970969,89,56,33,33.58341879319719,0.6756756756756757,47.69063561616815
392,272,120,13.378016914925494,89,43,46,1.353198005899185,0.6548856548856549,14.731214920824707
392,283,109,40.65797646475983,89,52,37,24.713111192928057,0.6964656964656964,65.37108765768787
392,275,117,25.96502599034686,89,47,42,10.119676546392967,0.6694386694386695,36.08470253673979
392,292,100,48.254318005276915,89,48,41,16.161878584010314,0.7068607068607069,64.41619658928725
392,299,93,60.55443024644319,89,51,38,23.84677280345924,0.7276507276507277,84.40120304990245
392,294,98,53.521837401340825,89,47,42,14.301441938402736,0.7089397089397089,67.82327933974359
392,285,107,40.672934229474606,89,54,35,26.896153110783832,0.7047817047817048,67.5690873402584
392,276,116,24.385031054262026,89,49,40,14.693768413228199,0.6756756756756757,39.07879946749021
392,282,110,34.240555681940954,89,60,29,43.01118443430014,0.7110187110187111,77.25174011624111
392,293,99,52.49569579105002,89,50,39,21.03569587461317,0.7130977130977131,73.53139166566324
392,285,107,38.916660147518904,89,58,31,39.03366431452168,0.7130977130977131,77.95032446204057
392,292,100,54.29110363129336,89,54,35,28.08263123810027,0.7193347193347194,82.37373486939367
392,270,122,18.514398367058124,89,51,38,24.42644475914594,0.6673596673596673,42.94084312620411
392,287,105,40.2617086551614,89,49,40,19.781535679239855,0.6985446985446986,60.04324433440125
392,295,97,57.09823456719625,89,48,41,18.030982820056295,0.7130977130977131,75.12921738725255
392,298,94,59.45777323495656,89,45,44,12.058197610536219,0.7130977130977131,71.51597084549279
392,293,99,55.44289712455416,89,51,38,19.41832559849029,0.7151767151767152,74.86122272304446
392,297,95,61.996582035023835,89,54,35,31.611512149116624,0.7297297297297297,93.60809418414046
392,272,120,19.404229816096162,89,51,38,26.849083685502006,0.6715176715176715,46.25331350159817
392,286,106,41.19223395563351,89,56,33,33.69701891164964,0.7110187110187111,74.88925286728309
392,285,107,40.00242294159811,89,51,38,26.69620077122151,0.6985446985446986,66.69862371281958
392,279,113,30.8678431654231,89,56,33,38.2086903004122,0.6964656964656964,69.07653346583533
392,299,93,62.395600314841545,89,56,33,33.33725265274445,0.738045738045738,95.732852967586
392,276,116,22.111452096782156,89,58,31,39.49099244984853,0.6943866943866944,61.60244454663063
392,283,109,36.09126887328207,89,53,36,25.199405510557966,0.6985446985446986,61.29067438384003
392,286,106,42.68755955901974,89,50,39,17.1511612588042,0.6985446985446986,59.838720817823926
392,267,125,10.117715674477015,89,46,43,13.54527991628293,0.6507276507276507,23.662995590759955
392,276,116,27.035070344644524,89,56,33,34.67247970967436,0.6902286902286903,61.70755005431882
392,267,125,9.972240744143411,89,47,42,10.873104002651996,0.6528066528066528,20.84534474679541
392,278,114,27.377860320108294,89,54,35,31.318368888533584,0.6902286902286903,58.6962292086418
392,289,103,48.13253415497746,89,46,43,14.181963301098012,0.6964656964656964,62.31449745607545
392,278,114,26.814493665356835,89,50,39,21.596411118071785,0.681912681912682,48.41090478342861
392,288,104,46.29372508932074,89,49,40,19.17100362701212,0.7006237006237006,65.46472871633284
392,274,118,23.76753652756603,89,57,32,33.303791142233926,0.6881496881496881,57.07132766979996
392,287,105,44.317090185828214,89,48,41,14.791244293287814,0.6964656964656964,59.108334479116
392,302,90,68.67826021008416,89,45,44,11.065031334009877,0.7214137214137214,79.74329154409408
392,283,109,38.48685763417104,89,46,43,12.319236571575182,0.683991683991684,50.806094205746234
392,292,100,54.24374355734229,89,39,50,-2.0356801014356933,0.6881496881496881,52.2080634559066
392,293,99,53.29162287916584,89,55,34,32.86238501401872,0.7234927234927235,86.15400789318456
392,288,104,44.115713875457516,89,45,44,5.846229842329559,0.6923076923076923,49.961943717787086
392,263,129,6.66256811670158,89,55,34,32.575202612007246,0.6611226611226612,39.2377707287088
392,271,121,18.15594185823595,89,56,33,37.80188656955228,0.6798336798336798,55.95782842778817
392,283,109,37.96003634982768,89,47,42,12.205676920307631,0.6860706860706861,50.165713270135306
392,297,95,62.44451169365311,89,48,41,15.008792070452738,0.7172557172557172,77.45330376410587
392,262,130,1.0539443450745893,89,49,40,18.498872765921778,0.6465696465696466,19.552817110996365
392,296,96,58.93920781497861,89,61,28,41.41766639930008,0.7422037422037422,100.3568742142787
392,283,109,36.649237094904315,89,46,43,10.154014637309754,0.683991683991684,46.803251732213965
392,294,98,55.789406043043016,89,48,41,16.103747822665134,0.7110187110187111,71.89315386570814
392,284,108,38.42306213717201,89,49,40,19.848406094387627,0.6923076923076923,58.27146823155956
392,306,86,74.5277059075391,89,48,41,15.957739811984212,0.735966735966736,90.48544571952336
392,286,106,40.95846120906755,89,54,35,29.64002321551502,0.7068607068607069,70.59848442458258
392,287,105,42.17640856086322,89,48,41,13.639420700511916,0.6964656964656964,55.81582926137515
392,278,114,31.63427523504027,89,50,39,25.365411444634375,0.681912681912682,56.99968667967461
392,276,116,26.44055041086886,89,57,32,35.35772273985448,0.6923076923076923,61.79827315072329
392,297,95,57.86262867623116,89,48,41,15.244968900437929,0.7172557172557172,73.1075975766691
392,293,99,50.57735708001125,89,49,40,18.923359964424208,0.7110187110187111,69.50071704443542
392,285,107,36.69822819221183,89,41,48,-0.2791514204679646,0.6777546777546778,36.419076771743875
392,296,96,55.30061339861993,89,45,44,6.638266929269938,0.7089397089397089,61.93888032788987
392,292,100,52.60951081201076,89,45,44,7.327931766910309,0.7006237006237006,59.93744257892112
392,278,114,33.36746378494013,89,57,32,36.38273696171551,0.6964656964656964,69.75020074665551
392,277,115,27.66898924041221,89,48,41,16.581961200173595,0.6756756756756757,44.2509504405858
392,282,110,39.17223913580435,89,50,39,23.038084239806146,0.6902286902286903,62.21032337561044
392,290,102,50.09171720162478,89,54,35,28.855895412252497,0.7151767151767152,78.94761261387731
392,301,91,65.66585381833755,89,47,42,16.097092343510667,0.7234927234927235,81.76294616184819
392,287,105,42.82160093823193,89,56,33,35.34509877056781,0.7130977130977131,78.16669970879971
392,289,103,51.01314634742457,89,50,39,19.836491813540828,0.7047817047817048,70.84963816096537
392,281,111,37.16097303148394,89,58,31,37.54205749877392,0.7047817047817048,74.70303053025786
392,265,127,7.287493249207175,89,49,40,16.00188656955229,0.6528066528066528,23.28937981875948
392,271,121,17.513971359053503,89,45,44,7.075400257122162,0.656964656964657,24.589371616175672
392,285,107,39.51623436682141,89,48,41,17.846307465855457,0.6923076923076923,57.362541832676854
392,297,95,61.0201179300227,89,56,33,36.0888507691986,0.7338877338877339,97.10896869922131
392,292,100,48.39389250091702,89,57,32,39.04274076972855,0.7255717255717256,87.43663327064556
392,275,117,24.90032081951338,89,50,39,22.519540921672657,0.6756756756756757,47.419861741186
392,279,113,29.52864029004175,89,49,40,19.09916533064657,0.681912681912682,48.62780562068834
392,277,115,29.998458323699595,89,52,37,26.37654272117344,0.683991683991684,56.37500104487302
392,291,101,48.08621888703136,89,56,33,34.30533685253151,0.7214137214137214,82.39155573956279
392,273,119,22.58665766625954,89,50,39,22.196100320975415,0.6715176715176715,44.78275798723491
392,280,112,34.79586801905159,89,57,32,35.730893751751125,0.7006237006237006,70.52676177080268
392,267,125,9.723749210891206,89,47,42,10.641780835588445,0.6528066528066528,20.36553004647965
392,277,115,30.3332603431981,89,50,39,21.813702669622955,0.6798336798336798,52.14696301282104
392,276,116,22.53849345204862,89,58,31,36.68456124689985,0.6943866943866944,59.22305469894839
392,279,113,29.20864131610975,89,50,39,21.11615124778495,0.683991683991684,50.3247925638946
392,284,108,37.31532065365747,89,51,38,24.194717275747266,0.6964656964656964,61.51003792940471
392,279,113,28.320904406447188,89,57,32,39.15976459547801,0.6985446985446986,67.48066900192516
392,286,106,39.556741966880075,89,50,39,20.839153915392814,0.6985446985446986,60.39589588227287
392,287,105,41.40141001263374,89,55,34,34.82610032097543,0.7110187110187111,76.22751033360916
392,277,115,27.827106273893715,89,53,36,26.09941451078009,0.6860706860706861,53.9265207846738
392,278,114,30.261761475296428,89,50,39,22.270544229434563,0.681912681912682,52.53230570473099
392,290,102,49.23440484579048,89,61,28,41.77365403816657,0.7297297297297297,91.00805888395706
392,289,103,45.02533774109459,89,59,30,42.64047317772907,0.7234927234927235,87.66581091882364
392,288,104,45.288834296872885,89,46,43,11.503926513474504,0.6943866943866944,56.79276081034738
392,289,103,45.45044612478705,89,53,36,25.998260825903778,0.7110187110187111,71.44870695069082
392,281,111,33.37716121845481,89,51,38,20.329981807647528,0.6902286902286903,53.70714302610231
392,279,113,29.05573676479833,89,52,37,26.21653378378967,0.6881496881496881,55.27227054858798
392,289,103,44.394454485515055,89,48,41,17.234716572990198,0.7006237006237006,61.62917105850523
392,287,105,45.0561070025243,89,49,40,18.495669656699633,0.6985446985446986,63.55177665922392
392,292,100,54.40019853645787,89,55,34,30.8332526778834,0.7214137214137214,85.23345121434131
392,271,121,16.78557256027531,89,51,38,24.73394358560425,0.6694386694386695,41.51951614587956
392,269,123,18.034789598120092,89,55,34,34.049818296443505,0.6735966735966736,52.08460789456359
392,284,108,39.06533867883874,89,45,44,8.855403683046628,0.683991683991684,47.920742361885374
392,280,112,31.80309386521434,89,49,40,19.641368752459968,0.683991683991684,51.44446261767422
392,278,114,33.00122778468026,89,50,39,22.609324122680476,0.681912681912682,55.610551907360716
392,278,114,28.12738097290775,89,54,35,33.4112026666717,0.6902286902286903,61.53858363957935
392,292,100,51.08107901908804,89,47,42,12.420788909767452,0.7047817047817048,63.5018679288555
392,296,96,57.145384972198435,89,48,41,13.867954942406225,0.7151767151767152,71.01333991460467
392,269,123,17.54016623629872,89,54,35,28.36526284415318,0.6715176715176715,45.90542908045188
392,272,120,21.653520849521655,89,53,36,23.41623076383523,0.6756756756756757,45.06975161335685
392,280,112,34.842331877243026,89,58,31,37.58906661337227,0.7027027027027027,72.43139849061525
392,282,110,35.51107038745511,89,48,41,15.630826921236,0.6860706860706861,51.141897308691114
392,277,115,24.79244162882219,89,53,36,27.450183455204204,0.6860706860706861,52.24262508402635
392,274,118,22.30536516006892,89,53,36,28.48063649970999,0.6798336798336798,50.786001659778876
392,292,100,54.01003337996565,89,52,37,26.546422718761324,0.7151767151767152,80.55645609872691
392,280,112,33.18412525082281,89,44,45,9.866753659930584,0.6735966735966736,43.05087891075336
392,283,109,34.199347526248744,89,53,36,31.86757183367155,0.6985446985446986,66.06691935992028
392,286,106,40.43129042578733,89,38,51,-3.5312944801083272,0.6735966735966736,36.89999594567902
392,281,111,33.02867022860242,89,34,55,-17.019052960460723,0.6548856548856549,16.009617268141678
392,289,103,47.24097060519894,89,55,34,31.27006816898548,0.7151767151767152,78.51103877418441
392,280,112,29.188506611988856,89,45,44,9.90155697255998,0.6756756756756757,39.09006358454884
392,290,102,49.26915781488784,89,50,39,22.774844560944278,0.7068607068607069,72.04400237583212
392,276,116,24.088328626155242,89,50,39,19.69958046654127,0.6777546777546778,43.78790909269647
392,271,121,18.92050176256868,89,50,39,21.132618885140644,0.6673596673596673,40.05312064770931
392,287,105,45.17783348450249,89,56,33,35.32500691190648,0.7130977130977131,80.50284039640901
392,285,107,40.77619284615475,89,55,34,33.8449453599661,0.7068607068607069,74.62113820612086
392,278,114,30.57554505714711,89,48,41,17.676601220347585,0.6777546777546778,48.25214627749469
392,288,104,51.00825411477305,89,46,43,10.687929884734512,0.6943866943866944,61.696183999507554
392,290,102,47.5293098949581,89,59,30,41.80114321565575,0.7255717255717256,89.33045311061379
392,285,107,39.79138030997632,89,53,36,29.03909167104397,0.7027027027027027,68.83047198102027
392,292,100,48.5236921970675,89,51,38,25.50401651948555,0.7130977130977131,74.02770871655301
392,283,109,37.432163245106906,89,40,49,2.3709051670048833,0.6715176715176715,39.80306841211179
392,282,110,38.49308889953903,89,58,31,40.483553975214654,0.7068607068607069,78.97664287475368
392,280,112,31.93198917526188,89,55,34,34.38393980711674,0.6964656964656964,66.31592898237854
392,298,94,57.230600239710164,89,46,43,12.12630539445655,0.7151767151767152,69.35690563416674
392,301,91,62.99229996987466,89,52,37,23.373638891874055,0.7338877338877339,86.36593886174872
392,289,103,49.64346842520536,89,50,39,19.85969361852272,0.7047817047817048,69.50316204372811
392,281,111,34.492822406601526,89,45,44,10.976143984176947,0.6777546777546778,45.468966390778405
392,277,115,30.01400844250293,89,47,42,12.51562413049923,0.6735966735966736,42.52963257300213
392,283,109,37.551573090053836,89,56,33,34.44997784372422,0.7047817047817048,72.00155093377802
392,281,111,31.60563298910641,89,49,40,19.57486373399845,0.6860706860706861,51.18049672310478
392,288,104,44.54594380968023,89,44,45,6.761399340767907,0.6902286902286903,51.30734315044813
392,284,108,38.269580814071155,89,45,44,12.976164109072915,0.683991683991684,51.24574492314405
392,292,100,53.792640981131775,89,61,28,47.085617280068575,0.7338877338877339,100.87825826120037
392,288,104,41.026882437228686,89,54,35,27.31208233249142,0.7110187110187111,68.33896476972006
392,279,113,29.2687943170755,89,57,32,34.020751723090335,0.6985446985446986,63.28954604016582
392,276,116,28.902061176570804,89,54,35,30.65959184848218,0.6860706860706861,59.561653025052955
392,280,112,30.39578389667086,89,51,38,22.991698000676543,0.6881496881496881,53.38748189734737
392,297,95,56.41616233019486,89,53,36,28.465696093361814,0.7276507276507277,84.88185842355664
392,298,94,61.43162282915448,89,55,34,33.31511053459729,0.7338877338877339,94.74673336375176
392,285,107,40.320438318174794,89,45,44,12.620908931356471,0.6860706860706861,52.941347249531276
392,274,118,21.133839094662356,89,51,38,27.790947486029463,0.6756756756756757,48.924786580691794
392,292,100,50.775677477959476,89,56,33,32.30393639154088,0.7234927234927235,83.07961386950032
392,292,100,47.637766569431946,89,56,33,35.32848184608633,0.7234927234927235,82.96624841551821
392,285,107,39.24793816440429,89,49,40,17.17998180764752,0.6943866943866944,56.42791997205178
392,294,98,51.94237427539637,89,54,35,28.161884468627868,0.7234927234927235,80.10425874402414
392,281,111,34.720122133596625,89,46,43,13.376301805192142,0.6798336798336798,48.0964239387887
392,288,104,44.35233841487672,89,42,47,-0.251287435248956,0.6860706860706861,44.10105097962775
392,293,99,54.415078890193506,89,49,40,17.427907649921185,0.7110187110187111,71.84298654011468
392,287,105,42.96381056958652,89,63,26,48.514182824022456,0.7276507276507277,91.47799339360888
392,278,114,28.087503729192626,89,53,36,28.494636096269794,0.6881496881496881,56.58213982546238
392,283,109,37.80275013663276,89,49,40,17.155048406139624,0.6902286902286903,54.95779854277241
392,290,102,45.962845131440076,89,56,33,33.23331680440802,0.7193347193347194,79.19616193584805
392,300,92,63.61801325667454,89,51,38,24.350992658248547,0.7297297297297297,87.96900591492307
392,278,114,31.344988412329517,89,56,33,34.18898063932849,0.6943866943866944,65.53396905165793
392,296,96,57.69901841455185,89,50,39,18.82921400212206,0.7193347193347194,76.5282324166739
392,283,109,33.38100849059453,89,46,43,14.12362690909594,0.683991683991684,47.50463539969047
392,287,105,45.097220782353624,89,53,36,24.709482252452297,0.7068607068607069,69.80670303480592
392,293,99,50.78185977106515,89,50,39,19.5309296186338,0.7130977130977131,70.31278938969896
392,277,115,25.073267145495166,89,51,38,24.86258794805698,0.681912681912682,49.93585509355213
392,302,90,65.71050269843248,89,49,40,19.222714551815,0.7297297297297297,84.93321725024744
392,289,103,44.9538820785661,89,53,36,23.534830292496007,0.7110187110187111,68.48871237106206
392,278,114,28.989616284281123,89,56,33,33.88775618135692,0.6943866943866944,62.87737246563806
392,288,104,45.77500278267447,89,52,37,25.31335044548219,0.7068607068607069,71.08835322815663
392,288,104,44.165262860232836,89,52,37,22.550777751780764,0.7068607068607069,66.71604061201357
392,287,105,41.949105114670175,89,53,36,29.310810203087577,0.7068607068607069,71.25991531775773
392,279,113,28.09706296192223,89,51,38,24.218526107148325,0.6860706860706861,52.31558906907056
392,275,117,23.914350072055928,89,53,36,28.278432103901135,0.681912681912682,52.192782175957014
392,287,105,41.07234190816928,89,55,34,33.97123360375536,0.7110187110187111,75.0435755119246
392,289,103,48.54354370066141,89,58,31,34.24976500865535,0.7214137214137214,82.79330870931675
392,291,101,49.983285311029555,89,58,31,42.85496701826214,0.7255717255717256,92.83825232929165
392,277,115,23.107612832216557,89,52,37,23.11615124778495,0.683991683991684,46.22376408000148
392,283,109,35.894046906758625,89,49,40,20.53920182491524,0.6902286902286903,56.43324873167386
392,284,108,34.498694161085034,89,51,38,23.906134878412253,0.6964656964656964,58.40482903949728
392,301,91,64.27522063430811,89,57,32,37.87103594829185,0.7442827442827443,102.14625658259999
392,290,102,47.14881007585658,89,53,36,26.717451812082526,0.7130977130977131,73.8662618879391
392,278,114,30.66503653037568,89,55,34,31.967435461886748,0.6923076923076923,62.63247199226235
392,270,122,17.143524116569225,89,56,33,36.06724868882114,0.6777546777546778,53.210772805390356
392,287,105,43.00261455586481,89,51,38,19.25157180853261,0.7027027027027027,62.25418636439739
392,285,107,40.70337372117281,89,54,35,28.272753341436793,0.7047817047817048,68.97612706260965
392,279,113,25.816497854425666,89,52,37,25.765856333050976,0.6881496881496881,51.58235418747665
392,264,128,7.106714714288767,89,51,38,19.38583315755507,0.6548856548856549,26.492547871843865
392,279,113,32.48113100227094,89,53,36,28.06885626652198,0.6902286902286903,60.54998726879291
392,280,112,32.26131860862097,89,59,30,39.20348983455408,0.7047817047817048,71.46480844317506
392,290,102,47.54889592900269,89,47,42,14.980538126068392,0.7006237006237006,62.52943405507107
392,281,111,35.257193756445716,89,48,41,18.99082469028448,0.683991683991684,54.24801844673017
392,276,116,25.40919630064476,89,49,40,15.360947296806348,0.6756756756756757,40.770143597451096
392,274,118,21.896224550916134,89,45,44,9.333497038966069,0.6632016632016632,31.229721589882192
392,287,105,44.86763896459223,89,58,31,38.03387145940174,0.7172557172557172,82.90151042399387
392,285,107,41.11418489522928,89,51,38,21.34734642689442,0.6985446985446986,62.461531322123676
392,288,104,46.088287987702614,89,53,36,26.539609259039057,0.7089397089397089,72.62789724674168
392,291,101,51.51769661901086,89,51,38,20.795280265058658,0.7110187110187111,72.31297688406949
392,277,115,28.19650344622679,89,58,31,36.46566895394258,0.6964656964656964,64.66217240016928
392,290,102,42.613184758854814,89,51,38,24.43411828952608,0.7089397089397089,67.0473030483809
392,282,110,31.349497541440822,89,50,39,16.795569768834905,0.6902286902286903,48.145067310275735
392,284,108,40.092228874536,89,49,40,16.122496059870144,0.6923076923076923,56.2147249344061
392,294,98,53.87018591040079,89,48,41,14.426057030932132,0.7110187110187111,68.29624294133293
392,293,99,57.3401495329876,89,45,44,8.704012517043797,0.7027027027027027,66.0441620500314
392,297,95,58.58786145920451,89,51,38,21.396870236418238,0.7234927234927235,79.98473169562276
392,290,102,46.66996502924746,89,56,33,34.72275944480298,0.7193347193347194,81.39272447405041
392,282,110,34.945442590877384,89,49,40,14.949234689399386,0.6881496881496881,49.89467728027677
392,276,116,23.76102382835832,89,48,41,15.884284594062983,0.6735966735966736,39.645308422421294
392,285,107,38.7435478964746,89,48,41,19.696476285159747,0.6923076923076923,58.44002418163428
392,277,115,29.629167730020367,89,51,38,25.79806600743457,0.681912681912682,55.4272337374549
392,293,99,51.831807864867386,89,34,55,-14.09948809184515,0.6798336798336798,37.73231977302226
392,299,93,63.50545361830656,89,46,43,13.993450322998317,0.7172557172557172,77.49890394130492
392,290,102,42.73204101342958,89,52,37,23.733580193128187,0.7110187110187111,66.4656212065577
392,286,106,42.55005987228791,89,47,42,12.214259536391268,0.6923076923076923,54.76431940867916
392,290,102,45.332214096144504,89,50,39,19.649877936682557,0.7068607068607069,64.9820920328271
392,298,94,63.010897388287376,89,47,42,16.421234574774072,0.7172557172557172,79.43213196306141
392,289,103,50.05287026602242,89,55,34,30.424386353754905,0.7151767151767152,80.47725661977731
392,279,113,31.465805880167494,89,54,35,27.956550706715408,0.6923076923076923,59.42235658688283
392,298,94,59.52256435014558,89,55,34,27.826943170299522,0.7338877338877339,87.3495075204451
392,282,110,36.62867303084352,89,48,41,18.817778167085486,0.6860706860706861,55.44645119792903
392,281,111,34.83934314566238,89,46,43,14.629001316257202,0.6798336798336798,49.46834446191954
392,274,118,24.02569771550102,89,56,33,32.97317408333878,0.6860706860706861,56.99887179883973
392,274,118,22.653649038898035,89,47,42,12.61554705017776,0.6673596673596673,35.2691960890758
392,293,99,53.450029162698456,89,45,44,7.0690303977138536,0.7027027027027027,60.51905956041233
392,268,124,12.376046134787156,89,49,40,15.44116335972862,0.659043659043659,27.817209494515794
392,280,112,32.82435473703897,89,46,43,10.923952542164933,0.6777546777546778,43.74830727920387
392,286,106,40.75393859219439,89,52,37,26.569608920611927,0.7027027027027027,67.32354751280636
392,300,92,63.052290414152765,89,53,36,31.46220021984316,0.7338877338877339,94.51449063399592
392,280,112,32.526798694822986,89,48,41,15.356958360253476,0.681912681912682,47.88375705507642
392,294,98,58.41618460588848,89,47,42,14.73226646142815,0.7089397089397089,73.14845106731663
392,285,107,43.773737260046516,89,44,45,9.420289573320854,0.683991683991684,53.19402683336739
392,273,119,21.46208178093722,89,48,41,12.634406478650888,0.6673596673596673,34.0964882595881
392,282,110,37.483781888603424,89,53,36,25.551455202519453,0.6964656964656964,63.03523709112281
392,304,88,68.63029835210779,89,47,42,14.934669867371046,0.7297297297297297,83.56496821947881
392,286,106,43.11568716994988,89,48,41,13.24624538105924,0.6943866943866944,56.361932551009076
392,289,103,48.18990300183502,89,53,36,29.452516203943027,0.7110187110187111,77.64241920577805
392,282,110,37.609032099803684,89,57,32,38.031125954302894,0.7047817047817048,75.64015805410655
392,301,91,67.10548500665419,89,49,40,20.414269055333296,0.7276507276507277,87.51975406198746
392,291,101,49.83714578783759,89,45,44,11.418120146562927,0.6985446985446986,61.255265934400526
392,284,108,35.959707996689104,89,48,41,18.368345742563182,0.6902286902286903,54.328053739252304
392,286,106,41.721706008299044,89,59,30,42.401594954503025,0.7172557172557172,84.12330096280206
392,288,104,46.04043202768157,89,53,36,29.244161768792484,0.7089397089397089,75.28459379647403
392,278,114,25.219737830830013,89,47,42,12.411694604277592,0.6756756756756757,37.631432435107556
392,291,101,50.258351125395315,89,57,32,37.66327338433764,0.7234927234927235,87.92162450973295
392,282,110,33.23943287901099,89,53,36,26.06996263459335,0.6964656964656964,59.30939551360431
392,276,116,27.650430660358584,89,50,39,16.79981760403504,0.6777546777546778,44.45024826439363
392,306,86,71.26090611880505,89,50,39,22.002130711886338,0.7401247401247402,93.26303683069145
392,286,106,41.87992408955045,89,53,36,28.528344552795836,0.7047817047817048,70.40826864234627
392,280,112,33.31485577871293,89,47,42,11.597643796534133,0.6798336798336798,44.91249957524703
392,280,112,28.7768337962613,89,57,32,36.413652155990775,0.7006237006237006,65.19048595225205
392,293,99,51.92948724589151,89,61,28,42.14424834887908,0.735966735966736,94.07373559477055
392,275,117,26.013537292498317,89,48,41,16.05731643049335,0.6715176715176715,42.07085372299166
392,269,123,17.003711425355537,89,54,35,31.353762309862027,0.6715176715176715,48.35747373521754
392,289,103,48.33859389075217,89,56,33,32.57474468342814,0.7172557172557172,80.91333857418033
392,276,116,23.359435254666966,89,56,33,34.68636404954098,0.6902286902286903,58.045799304207925
392,283,109,36.7852339310651,89,49,40,19.450663260827962,0.6902286902286903,56.23589719189306
392,287,105,41.55209616625534,89,50,39,21.425672728642777,0.7006237006237006,62.97776889489808
392,275,117,24.41895276519228,89,55,34,30.48947506217625,0.6860706860706861,54.90842782736849
392,287,105,42.71667092035283,89,52,37,22.786569247843605,0.7047817047817048,65.50324016819646
392,279,113,28.709646993791765,89,43,46,2.5996407991887907,0.6694386694386695,31.309287792980534
392,286,106,42.79459030720927,89,49,40,20.9798723093321,0.6964656964656964,63.774462616541385
392,279,113,30.203220020221902,89,64,25,52.07239994670559,0.7130977130977131,82.27561996692747
392,279,113,29.74883277685027,89,57,32,35.206394045942034,0.6985446985446986,64.95522682279228
392,275,117,24.86856892810613,89,49,40,14.928325598490296,0.6735966735966736,39.79689452659638
392,275,117,25.703410149173685,89,59,30,42.15984451435705,0.6943866943866944,67.8632546635307
392,278,114,30.845437373918458,89,56,33,32.474120360925006,0.6943866943866944,63.3195577348434
392,285,107,39.76755996971263,89,60,29,44.647364688791505,0.7172557172557172,84.41492465850406
392,279,113,28.924216040175747,89,59,30,41.632201131000244,0.7027027027027027,70.556417171176
392,278,114,27.601250905878306,89,50,39,15.926172283838,0.681912681912682,43.5274231897163
392,300,92,62.05849376694705,89,57,32,36.64079482391051,0.7422037422037422,98.69928859085762
392,282,110,36.46301800164965,89,48,41,16.742932724654636,0.6860706860706861,53.205950726304266
392,282,110,34.08572375313473,89,53,36,28.004935478112404,0.6964656964656964,62.09065923124709
392,277,115,30.563876826111205,89,57,32,36.13849875866345,0.6943866943866944,66.70237558477457
392,296,96,60.67021343601133,89,55,34,34.13792802173563,0.7297297297297297,94.80814145774697
392,291,101,52.66195350945724,89,49,40,19.53851902241484,0.7068607068607069,72.2004725318721
392,289,103,44.05917705967884,89,46,43,14.040506759607212,0.6964656964656964,58.09968381928602
392,286,106,41.513319515191284,89,51,38,21.773918970635393,0.7006237006237006,63.28723848582668
392,277,115,25.77483917432295,89,52,37,26.06498254664321,0.683991683991684,51.83982172096609
392,287,105,44.98778577952943,89,48,41,16.2454623817925,0.6964656964656964,61.2332481613219
392,271,121,18.054777317700367,89,50,39,19.839923138427164,0.6673596673596673,37.89470045612753
392,298,94,56.32721772107291,89,58,31,40.29553188974932,0.7401247401247402,96.62274961082225
392,284,108,38.399307654429506,89,54,35,30.86358453020974,0.7027027027027027,69.26289218463926
392,282,110,36.55100614603203,89,48,41,19.908285161641512,0.6860706860706861,56.45929130767352
392,274,118,22.85092809401439,89,45,44,11.7490869851867,0.6632016632016632,34.600015079201086
392,298,94,59.47734189940505,89,47,42,11.16409721495458,0.7172557172557172,70.64143911435963
392,271,121,15.95210074108722,89,55,34,32.32228394673523,0.6777546777546778,48.27438468782244
392,278,114,32.838461024395976,89,56,33,33.4268513116382,0.6943866943866944,66.26531233603417
392,292,100,51.36353085712868,89,61,28,46.987346426894426,0.7338877338877339,98.35087728402313
392,303,89,71.06467814763414,89,46,43,12.375278382882861,0.7255717255717256,83.43995653051702
392,295,97,57.161912123451046,89,55,34,28.819352828812615,0.7276507276507277,85.9812649522637
392,281,111,32.61477245035013,89,56,33,32.39668566099131,0.7006237006237006,65.01145811134141
392,276,116,27.426647646401545,89,52,37,24.68892555573018,0.681912681912682,52.11557320213167
392,297,95,56.58463171791683,89,57,32,35.22912697554529,0.735966735966736,91.8137586934621
392,284,108,42.13668636065253,89,43,46,6.12872985562942,0.6798336798336798,48.26541621628195
392,291,101,49.07479891048708,89,62,27,47.90912930421129,0.7338877338877339,96.98392821469834
392,280,112,30.959618307583273,89,48,41,14.170591297965384,0.681912681912682,45.13020960554863
392,280,112,31.844485050909174,89,56,33,32.68142311412431,0.6985446985446986,64.52590816503344
392,284,108,39.58795175400727,89,59,30,41.27898710767057,0.7130977130977131,80.86693886167785
392,298,94,62.94283271933256,89,48,41,14.140203599277072,0.7193347193347194,77.08303631860963
392,274,118,24.219835185423097,89,53,36,27.09560401595186,0.6798336798336798,51.315439201374886
392,286,106,44.18094594189487,89,60,29,40.584756447457636,0.7193347193347194,84.76570238935254
392,300,92,59.52581311245502,89,55,34,31.89747195615542,0.738045738045738,91.42328506861043
392,282,110,36.65418032039596,89,47,42,12.431722365939805,0.683991683991684,49.08590268633575
392,290,102,47.88978782936458,89,55,34,33.01521593896231,0.7172557172557172,80.90500376832689
392,282,110,36.00515659060945,89,51,38,20.742539349913436,0.6923076923076923,56.74769594052289
392,284,108,35.7520975668465,89,56,33,30.666689663433058,0.7068607068607069,66.41878723027959
392,290,102,47.00997093249948,89,45,44,11.615842686845692,0.6964656964656964,58.62581361934518
392,283,109,39.650403059398066,89,45,44,11.164235200653522,0.681912681912682,50.81463826005161
392,291,101,47.795940534737134,89,53,36,24.927509748875345,0.7151767151767152,72.72345028361244
392,286,106,39.57239215354605,89,50,39,23.30153109307357,0.6985446985446986,62.87392324661958
392,295,97,55.511426547426275,89,59,30,38.544391288696936,0.735966735966736,94.05581783612324
392,284,108,36.445669292957135,89,52,37,24.346206417748906,0.6985446985446986,60.79187571070603
392,291,101,52.76676590263567,89,54,35,30.546119275280958,0.7172557172557172,83.31288517791663
392,298,94,59.60729148626522,89,57,32,38.42774311166891,0.738045738045738,98.03503459793414
392,290,102,46.31105131113668,89,48,41,16.290222524057107,0.7027027027027027,62.601273835193766
392,271,121,16.330053658142543,89,50,39,20.7669623433537,0.6673596673596673,37.09701600149622
392,291,101,48.85652510058309,89,57,32,38.179682236581804,0.7234927234927235,87.03620733716501
392,286,106,40.665503129448325,89,49,40,19.93418191286537,0.6964656964656964,60.59968504231371
392,276,116,27.51607673417073,89,48,41,16.675296634431355,0.6735966735966736,44.191373368602
392,290,102,48.876804830195745,89,55,34,31.749002287275925,0.7172557172557172,80.62580711747168
392,281,111,29.45762305512689,89,55,34,31.788241871598228,0.6985446985446986,61.24586492672508
392,287,105,48.70933705187952,89,49,40,18.05004370322063,0.6985446985446986,66.7593807551001
392,284,108,41.18997383210556,89,53,36,27.031079248683728,0.7006237006237006,68.22105308078933
392,299,93,60.231790400504764,89,54,35,27.588362785167416,0.7338877338877339,87.8201531856722
392,290,102,47.06816471830651,89,50,39,19.34442165825624,0.7068607068607069,66.41258637656277
392,281,111,35.1239357546405,89,52,37,27.749896198579656,0.6923076923076923,62.873831953220126
392,268,124,17.09767850138416,89,57,32,36.10660496552227,0.6756756756756757,53.20428346690643
392,285,107,38.641266865252675,89,56,33,36.85953883992515,0.7089397089397089,75.50080570517777
392,285,107,40.18891251234337,89,55,34,31.02791095995449,0.7068607068607069,71.21682347229782
392,275,117,22.56233264848952,89,56,33,32.725003103893435,0.6881496881496881,55.28733575238296
392,280,112,30.125803304732777,89,47,42,14.919213425604777,0.6798336798336798,45.04501673033749
392,289,103,44.94001458892986,89,51,38,24.330618237812885,0.7068607068607069,69.27063282674274
392,274,118,23.136934022745837,89,52,37,26.514387543522254,0.6777546777546778,49.65132156626809
392,297,95,56.3398037237718,89,50,39,20.55976878714286,0.7214137214137214,76.89957251091465
392,279,113,31.00158603660156,89,56,33,32.87710362873732,0.6964656964656964,63.87868966533882
392,288,104,43.49452402627913,89,49,40,13.646732823449245,0.7006237006237006,57.14125684972836
392,270,122,19.272581525840994,89,53,36,26.98775618135692,0.6715176715176715,46.26033770719791
392,279,113,26.980486599958788,89,53,36,28.259821368386635,0.6902286902286903,55.24030796834537
392,270,122,15.955015731444446,89,50,39,20.459749759505375,0.6652806652806653,36.41476549094982
392,278,114,26.436699419767272,89,48,41,15.768707372541954,0.6777546777546778,42.20540679230921
392,276,116,23.61610427748325,89,49,40,19.703315140980852,0.6756756756756757,43.31941941846408
392,283,109,39.08266289434158,89,44,45,4.386207588339318,0.6798336798336798,43.468870482680884
392,286,106,43.27707928283017,89,50,39,21.285671538875427,0.6985446985446986,64.5627508217056
392,269,123,14.463469438469255,89,50,39,22.22151213876803,0.6632016632016632,36.684981577237295
392,279,113,28.937561422084812,89,55,34,32.13697938595793,0.6943866943866944,61.07454080804272
392,286,106,43.20777099826033,89,45,44,9.539803150150991,0.6881496881496881,52.74757414841127
392,268,124,15.401747779604984,89,53,36,26.22023205334774,0.6673596673596673,41.621979832952746
392,292,100,49.44037301579574,89,52,37,24.803370817296624,0.7151767151767152,74.24374383309234
392,298,94,57.22393075610033,89,54,35,32.026001005840634,0.7318087318087318,89.24993176194096
392,264,128,3.5144884731334924,89,51,38,24.593423412676326,0.6548856548856549,28.107911885809845
392,281,111,35.40843994735013,89,60,29,42.071564515399096,0.7089397089397089,77.48000446274925
392,281,111,33.132784110476436,89,52,37,23.7929388280208,0.6923076923076923,56.9257229384972
392,281,111,37.16829018077565,89,54,35,30.072051395407755,0.6964656964656964,67.24034157618341
392,277,115,28.530036556420743,89,46,43,11.820975247691674,0.6715176715176715,40.351011804112396
392,267,125,14.425071169146092,89,44,45,5.9851122867459825,0.6465696465696466,20.41018345589209
392,275,117,23.454479730070407,89,48,41,14.088199652264631,0.6715176715176715,37.54267938233502
392,293,99,51.927807395390104,89,51,38,23.864308711052104,0.7151767151767152,75.7921161064422
392,272,120,18.662488542505375,89,39,50,-1.4461034829265609,0.6465696465696466,17.21638505957879
392,284,108,37.67173104552959,89,46,43,12.717124316014655,0.6860706860706861,50.38885536154422
392,286,106,39.70800643735514,89,47,42,18.395972143798236,0.6923076923076923,58.103978581153356
392,292,100,52.49080870459196,89,57,32,36.34216988359672,0.7255717255717256,88.83297858818862
392,302,90,66.9578119631689,89,55,34,30.559085103010915,0.7422037422037422,97.51689706617978
392,273,119,19.177849028634203,89,54,35,32.83838292924031,0.6798336798336798,52.01623195787443
392,296,96,56.6916113156696,89,50,39,20.65276394522446,0.7193347193347194,77.34437526089407
392,286,106,43.475045629584365,89,55,34,33.127736759218,0.7089397089397089,76.60278238880237
392,294,98,54.21735621689553,89,45,44,9.411856130448363,0.7047817047817048,63.62921234734391
392,283,109,35.00862332535313,89,51,38,23.130234124746643,0.6943866943866944,58.13885745009977
392,262,130,7.4253200514491695,89,54,35,33.72616618047183,0.656964656964657,41.151486231921005
392,297,95,56.21848994937983,89,53,36,31.445607431527726,0.7276507276507277,87.66409738090755
392,302,90,62.97608412092703,89,44,45,5.231874968862737,0.7193347193347194,68.20795908978975
392,292,100,50.918425522527166,89,48,41,16.012127504710495,0.7068607068607069,66.93055302723764
392,286,106,43.013768231295714,89,57,32,36.59857360803338,0.7130977130977131,79.61234183932908
392,274,118,23.170432285689213,89,58,31,39.40258266948223,0.6902286902286903,62.57301495517144
392,286,106,42.869782033332136,89,51,38,26.775684362645173,0.7006237006237006,69.6454663959773
392,285,107,39.61962997327653,89,47,42,17.648443291413333,0.6902286902286903,57.26807326468984
392,288,104,45.84772568469349,89,53,36,29.184104010729204,0.7089397089397089,75.03182969542273
392,276,116,23.18957691965357,89,47,42,16.49340891513082,0.6715176715176715,39.68298583478439
392,279,113,33.49099818917663,89,48,41,15.411901749157636,0.6798336798336798,48.90289993833425
392,280,112,31.982374856403215,89,51,38,25.018406104736215,0.6881496881496881,57.00078096113941
392,297,95,58.59256560658461,89,52,37,23.21656355765478,0.7255717255717256,81.80912916423937
392,284,108,39.88928252600911,89,48,41,15.02247879851728,0.6902286902286903,54.91176132452639
392,268,124,10.205713949220494,89,43,46,6.271235485931149,0.6465696465696466,16.47694943515164
392,295,97,57.86266106403054,89,48,41,15.037662188458324,0.7130977130977131,72.90032325248882
392,281,111,35.03585174663693,89,51,38,22.063544093360953,0.6902286902286903,57.09939583999783
392,296,96,55.755711916821774,89,57,32,36.71954890721462,0.7338877338877339,92.4752608240364
392,284,108,37.22654864337392,89,52,37,27.035693992437388,0.6985446985446986,64.26224263581126
392,290,102,47.80766198154506,89,52,37,22.786524488801863,0.7110187110187111,70.59418647034698
392,276,116,24.55500522808915,89,54,35,26.12362524566877,0.6860706860706861,50.67863047375791
392,271,121,18.30924107890739,89,51,38,20.327886613868138,0.6694386694386695,38.637127692775515
392,295,97,52.33377171493343,89,40,49,-3.589487296579238,0.6964656964656964,48.74428441835418
392,292,100,53.34972562375063,89,55,34,29.87273507953971,0.7214137214137214,83.22246070329031
392,287,105,42.959124426464825,89,54,35,31.33693609591463,0.7089397089397089,74.29606052237946
392,286,106,39.68635891908549,89,51,38,24.1679914366749,0.7006237006237006,63.854350355760346
392,292,100,48.17149650460696,89,52,37,26.671202885420332,0.7151767151767152,74.84269939002725
392,277,115,29.566974477885356,89,40,49,-4.055297695458074,0.659043659043659,25.511676782427283
392,287,105,46.82208694951225,89,53,36,30.137837807324562,0.7068607068607069,76.95992475683683
392,311,81,79.31429523915676,89,59,30,42.83444411181819,0.7692307692307693,122.14873935097505
392,284,108,39.55672878019984,89,56,33,35.00537403920862,0.7068607068607069,74.56210281940842
392,288,104,49.17159323935972,89,55,34,31.936009962401307,0.7130977130977131,81.10760320176105
392,279,113,30.18498688195909,89,61,28,48.07850903501857,0.7068607068607069,78.26349591697756
392,292,100,52.16039482268805,89,54,35,29.454867130397396,0.7193347193347194,81.61526195308547
392,278,114,28.992228849004587,89,48,41,14.514797971216296,0.6777546777546778,43.50702682022077
392,287,105,43.033227896475985,89,54,35,32.19579786340235,0.7089397089397089,75.2290257598783
392,290,102,48.877082524413,89,40,49,0.783557619887735,0.6860706860706861,49.66064014430072
392,280,112,32.34296641806377,89,51,38,22.300886934633308,0.6881496881496881,54.64385335269702
392,285,107,40.43159704397613,89,42,47,2.796288322326804,0.6798336798336798,43.22788536630293
392,289,103,50.19029345101859,89,43,46,8.448276354284847,0.6902286902286903,58.63856980530345
392,295,97,55.16340293715917,89,58,31,40.16093208767549,0.7338877338877339,95.32433502483465
392,289,103,47.23155067048037,89,50,39,21.454102128553423,0.7047817047817048,68.68565279903375
392,277,115,28.52845043620345,89,53,36,28.85370453262184,0.6860706860706861,57.38215496882529
392,285,107,41.04056017452259,89,54,35,30.604614813298276,0.7047817047817048,71.64517498782082
392,291,101,47.96999452726263,89,52,37,23.52928174379427,0.7130977130977131,71.49927627105684
392,281,111,36.38770690561306,89,48,41,17.814131548437196,0.683991683991684,54.201838454050254
392,271,121,16.662669460757137,89,49,40,14.941946020568246,0.6652806652806653,31.60461548132535
392,278,114,28.54303888600447,89,55,34,29.42081305628209,0.6923076923076923,57.963851942286524
392,283,109,37.36459462141918,89,49,40,16.261127850614606,0.6902286902286903,53.625722472033736
392,285,107,40.9115240911065,89,52,37,22.462253610488773,0.7006237006237006,63.373777701595294
392,296,96,60.1023110798157,89,58,31,37.670702935723675,0.735966735966736,97.77301401553936
392,294,98,52.56214004959898,89,57,32,35.72784276144349,0.7297297297297297,88.2899828110425
392,293,99,52.01875037071789,89,55,34,30.917929884734527,0.7234927234927235,82.93668025545237
392,298,94,60.114363665049424,89,49,40,19.847183134439017,0.7214137214137214,79.96154679948845
392,278,114,29.05916368193445,89,58,31,40.20114230449867,0.6985446985446986,69.26030598643307
392,292,100,52.94656418768155,89,52,37,19.794924066645972,0.7151767151767152,72.74148825432746
392,290,102,45.53368584552799,89,49,40,18.26275237041809,0.7047817047817048,63.7964382159461
392,291,101,48.52729541748876,89,48,41,13.421391235547432,0.7047817047817048,61.94868665303615
392,273,119,21.037049977478365,89,50,39,21.612242538867736,0.6715176715176715,42.64929251634605
392,287,105,42.67964824689831,89,47,42,14.908402460063126,0.6943866943866944,57.588050706961404
392,288,104,44.47814845391332,89,52,37,24.48548872973314,0.7068607068607069,68.96363718364645
392,288,104,43.78787358944973,89,43,46,3.977156005368399,0.6881496881496881,47.765029594818124
392,284,108,38.29398336927131,89,45,44,7.294622798840226,0.683991683991684,45.58860616811155
392,288,104,43.03317058845584,89,54,35,29.55402450502751,0.7110187110187111,72.58719509348336
392,303,89,67.87032445383443,89,51,38,21.262799424812965,0.735966735966736,89.13312387864738
392,278,114,29.077555036380897,89,49,40,19.78802790960037,0.6798336798336798,48.865582945981245
392,289,103,47.77936622354662,89,50,39,23.322057778005032,0.7047817047817048,71.10142400155166
392,293,99,52.80457439954171,89,46,43,8.508225521402446,0.7047817047817048,61.31279992094413
392,301,91,65.90768985807375,89,54,35,30.212074570903667,0.738045738045738,96.1197644289774
392,285,107,38.93544790607559,89,48,41,16.295055699273135,0.6923076923076923,55.2305036053487
392,284,108,42.118694176209544,89,53,36,29.520472266571982,0.7006237006237006,71.63916644278156
392,282,110,36.284752593365376,89,52,37,25.622041895642628,0.6943866943866944,61.90679448900802
392,286,106,39.39795108905687,89,49,40,21.137929884734522,0.6964656964656964,60.53588097379136
392,284,108,34.472603984365826,89,48,41,15.636446641321736,0.6902286902286903,50.1090506256875
392,277,115,27.620036164223315,89,50,39,20.4246360962698,0.6798336798336798,48.044672260493094
392,295,97,53.00997562603706,89,55,34,33.62167976830496,0.7276507276507277,86.631655394342
392,280,112,29.997790243407053,89,48,41,13.862674528143561,0.681912681912682,43.86046477155059
