,fight_payout,choice_fstar,net_odds,choice_ev,choice_juice,choice_decimal_odds,parlay_net,parlay_net_odds,event_payout_per_fight,bankroll_postevent,sigma_portfolio_scaled,beta_post,event_net_odds,portfolio_fscaled,portfolio_sigma,mu_portfolio,sharpe_portfolio,choice_bet_sharpe,choice_bet_sigma,k,date,fighter_red,fighter_blue,choice_proba,red_proba,blue_proba,pred_winner,winner,choice_idx,open_red,open_blue,kelly_edge,juice_open_red,juice_open_blue,juice_close1_red,juice_close1_blue,juice_close2_red,juice_close2_blue,close1_red,close1_blue,close2_red,close2_blue,red_accuracy,blue_accuracy,red_total,blue_total,red_correct,blue_correct,red_incorrect,blue_incorrect,choice_accuracy,choice_correct,choice_incorrect
0,194.16507395867146,0.031066411833387434,1.25,0.16534383774818173,0.0228214606599026,2.25,464.98884986475315,2.375,194.16507395867146,5659.1539238234245,0.02908377700562676,1,1.25,0.16158479094546657,0.02908377700562676,0.004315790550102719,0.14839168067021538,0.14843582532289448,0.179990574368035,1.0,2023-04-29,cody durden,charles johnson,0.5179305945547474,0.5179305945547474,0.4820694054452525,1,1.0,1,125.0,-145.0,0.16158479094546657,0.0194213773997447,0.0168598017385772,0.0449283699489844,0.0391052434963937,0.005095143477187,0.0045666922716053,110.0,-155.0,125.0,-130.0,0.0,50.0,2,4,0,2,2,2,0.0,0,2
1,0.0,0.008090543944697041,0.0,-0.01952889620124454,0.0228214606599026,1.5,464.98884986475315,2.375,194.16507395867146,5659.1539238234245,0.02908377700562676,1,1.25,0.008090543944697041,0.02908377700562676,0.004315790550102719,0.14839168067021538,-0.02730679830937073,0.005786082685987256,1.0,2023-04-29,rodolfo vieira,cody brundage,0.6536474025325036,0.6536474025325036,0.3463525974674963,1,1.0,1,-200.0,170.0,0.008090543944697041,0.0158443011302963,0.0211927359067407,0.0248827236883212,0.0366252128196153,0.0120174704327312,0.0173439193397179,-250.0,188.0,-235.0,205.0,75.0,100.0,4,2,3,2,1,0,75.0,3,1
2,0.0,0.0,0.0,-0.08396760785130064,0.0228214606599026,1.7142857142857144,464.98884986475315,2.375,194.16507395867146,5659.1539238234245,0.02908377700562676,1,1.25,0.0,0.02908377700562676,0.004315790550102719,0.14839168067021538,0.0,0.0,1.0,2023-04-29,song yadong,ricky simon,0.5343522287534079,0.465647771246592,0.5343522287534079,0,1.0,0,115.0,-140.0,0.0,0.0256281517431981,0.0228214606599026,0.0350969798358282,0.0312574307808775,0.0131814660812453,0.011737069475588,110.0,-144.0,122.0,-135.0,60.0,37.5,5,8,3,3,2,5,37.5,3,5
3,0.0,0.0,0.0,-0.02194266393538491,0.0147188271240251,1.3636363636363638,1364.52573728049,2.999999999999999,630.9233031587927,7654.602964262707,0.03634360570210024,1,3.216666666666666,0.0,0.2167280584089828,0.10067468017666371,0.4645207497161384,0.0,0.0,0.16769220362560078,2023-05-06,marina rodriguez,virna jandiroba,0.7172420464473843,0.7172420464473843,0.2827579535526157,1,0.0,1,-275.0,235.0,0.0,0.0124968059878638,0.0193439900320366,0.0559240901305073,0.0587915635728345,-0.0057168347376098,-0.0058975671206943,-138.0,-115.0,-105.0,110.0,42.857142857142854,75.0,7,4,3,3,4,1,42.857142857142854,3,4
4,210.9299224215935,0.03241073247234525,1.15,0.0975263099993674,0.0147188271240251,2.15,1364.52573728049,2.999999999999999,630.9233031587927,7654.602964262707,0.03634360570210024,1,3.216666666666666,0.019974761062335283,0.2167280584089828,0.10067468017666371,0.4645207497161384,0.09105904087142395,0.12757554791857725,0.16769220362560078,2023-05-06,kennedy nzechukwu,devin clark,0.5104773534880779,0.5104773534880779,0.4895226465119221,1,1.0,1,115.0,-135.0,0.11911562154035545,0.0208335315063746,0.0187508326697758,0.0266800730425597,0.0342609700413404,0.0043666852435162,0.0054910812682426,-188.0,145.0,-170.0,163.0,100.0,50.0,5,12,5,6,0,6,100.0,5,0
5,0.0,0.0,0.0,-0.10051508280064944,0.0147188271240251,1.2857142857142856,1364.52573728049,2.999999999999999,630.9233031587927,7654.602964262707,0.03634360570210024,1,3.216666666666666,0.0,0.2167280584089828,0.10067468017666371,0.4645207497161384,0.0,0.0,0.16769220362560078,2023-05-06,drew dober,matt frevola,0.6995993800439394,0.6995993800439394,0.3004006199560606,1,0.0,1,-350.0,285.0,0.0,0.0137757898776073,0.0237422476404303,0.0316294610237879,0.0462926168982899,0.0053764489545775,0.0074440638659352,-250.0,175.0,-212.0,200.0,46.15384615384615,20.0,13,5,6,1,7,4,46.15384615384615,6,7
6,222.91583831868763,0.028135937092781345,1.4,0.2640079484270167,0.0147188271240251,2.4,1364.52573728049,2.999999999999999,630.9233031587927,7654.602964262707,0.03634360570210024,1,3.216666666666666,0.03894338375553949,0.2167280584089828,0.10067468017666371,0.4645207497161384,0.22499593213889058,0.27249789294824317,0.16769220362560078,2023-05-06,belal muhammad,gilbert burns,0.526669978511257,0.526669978511257,0.473330021488743,1,1.0,1,140.0,-180.0,0.23223133165145066,0.0331674969321992,0.0263563125916101,0.03460912100287,0.029205987655288,0.013811657209024,0.0117202576845929,123.0,-160.0,135.0,-150.0,66.66666666666666,56.25,15,16,10,9,5,7,66.66666666666666,10,5
7,197.07754241851157,0.05223683921783911,0.6666666666666663,0.32694740449425297,0.0147188271240251,1.6666666666666663,1364.52573728049,2.999999999999999,630.9233031587927,7654.602964262707,0.03634360570210024,1,3.216666666666666,0.08552985683116719,0.2167280584089828,0.10067468017666371,0.4645207497161384,0.41142769937107165,0.4053117928794006,0.16769220362560078,2023-05-06,aljamain sterling,henry cejudo,0.796168442696552,0.796168442696552,0.203831557303448,1,1.0,1,-150.0,130.0,0.5100407471663146,0.0160173649636899,0.0187652437319623,0.0609381398965298,0.0589844906643987,-0.0176921183454624,-0.0171916025847701,-120.0,-135.0,115.0,100.0,76.47058823529412,75.0,17,12,13,9,4,3,76.47058823529412,13,4
8,0.0,0.0,0.0,-0.030040187765187354,0.0147188271240251,1.5405405405405406,1364.52573728049,2.999999999999999,630.9233031587927,7654.602964262707,0.03634360570210024,1,3.216666666666666,0.0,0.2167280584089828,0.10067468017666371,0.4645207497161384,0.0,0.0,0.16769220362560078,2023-05-06,kron gracie,charles jourdain,0.6296230360120714,0.3703769639879286,0.6296230360120714,0,0.0,0,160.0,-185.0,0.0,0.0190193645089032,0.0147188271240251,0.0424005128111958,0.0334810524320714,0.0060516039053085,0.0050173398012063,135.0,-186.0,148.0,-155.0,50.0,50.0,2,8,1,4,1,4,50.0,4,4
9,158.2698035836393,0.06409690919306091,0.3225806451612905,0.03547431680975488,0.0145071671607929,1.3225806451612905,-791.3027857409659,-1.0,595.6613531072377,7458.961531628979,0.03634360570210023,1,1.5211301895364886,0.026811326807589634,0.2095275768434049,0.10454910159193327,0.49897537673559017,0.06141518504933589,0.08928320263392141,0.173454999335302,2023-05-13,jairzinho rozenstruik,jailton almeida,0.7829196053927414,0.2170803946072585,0.7829196053927414,0,0.0,0,260.0,-310.0,0.1545722343566544,0.0210078875174705,0.012867451235917,0.0430723840747737,0.0202357153423898,0.0222655105052422,0.011067822828091,360.0,-549.0,400.0,-500.0,81.81818181818183,100.0,11,3,9,3,2,0,100.0,3,0
10,245.47693212598384,0.04970724759620814,0.6451612903225803,0.24368726011473668,0.0145071671607929,1.6451612903225803,-791.3027857409659,-1.0,595.6613531072377,7458.961531628979,0.03634360570210023,1,1.5211301895364886,0.06955310994095688,0.2095275768434049,0.10454910159193327,0.49897537673559017,0.3063798829182623,0.31893509512376944,0.173454999335302,2023-05-13,anthony smith,johnny walker,0.755966765952095,0.244033234047905,0.755966765952095,0,0.0,0,135.0,-155.0,0.40098648183962293,0.0181400503538111,0.015235001794708,0.0420986201386763,0.0400269837260579,0.0067969587404982,0.0064305544870151,-107.0,-130.0,110.0,-116.0,58.82352941176471,70.0,17,10,10,7,7,3,70.0,7,3
11,0.0,0.0,0.0,-0.07615257635683362,0.0145071671607929,1.350877192982456,-791.3027857409659,-1.0,595.6613531072377,7458.961531628979,0.03634360570210023,1,1.5211301895364886,0.0,0.2095275768434049,0.10454910159193327,0.49897537673559017,0.0,0.0,0.173454999335302,2023-05-13,carlos ulberg,ihor potieria,0.6838870538657207,0.6838870538657207,0.3161129461342793,1,1.0,1,-285.0,245.0,0.0,0.0117042867869379,0.0184105259365705,0.02270214916483,0.0459015635066791,0.007423685477514,0.0139937600053522,-490.0,320.0,-435.0,380.0,66.66666666666666,100.0,3,2,2,2,1,0,66.66666666666666,2,1
12,0.0,0.0,0.0,-0.09740244314619936,0.0145071671607929,1.3076923076923077,-791.3027857409659,-1.0,595.6613531072377,7458.961531628979,0.03634360570210023,1,1.5211301895364886,0.0,0.2095275768434049,0.10454910159193327,0.49897537673559017,0.0,0.0,0.173454999335302,2023-05-13,tim means,alex morono,0.6902216611234946,0.3097783388765054,0.6902216611234946,0,0.0,0,275.0,-325.0,0.0,0.0196094724471568,0.011763076572451,0.039412674168866,0.0279273931712014,0.0079764350850802,0.0059124538038086,170.0,-230.0,188.0,-200.0,66.66666666666666,84.61538461538461,21,13,14,11,7,2,84.61538461538461,11,2
13,185.89510854636072,0.05148505179931878,0.4716981132075473,0.012755234673787197,0.0145071671607929,1.4716981132075473,-791.3027857409659,-1.0,595.6613531072377,7458.961531628979,0.03634360570210023,1,1.5211301895364886,0.011924587157807883,0.2095275768434049,0.10454910159193327,0.49897537673559017,0.018353250684373778,0.04777844237936533,0.173454999335302,2023-05-13,daniel rodriguez,ian machado garry,0.6881541979193682,0.3118458020806318,0.6881541979193682,0,0.0,0,182.0,-212.0,0.06874743999022322,0.019742874240218,0.0143542343249754,0.0467119530481759,0.0289551118662008,0.0091313630741278,0.0058921111042758,210.0,-305.0,255.0,-275.0,50.0,100.0,6,1,3,1,3,0,100.0,1,0
14,169.963795609949,0.07882465978082713,0.2816901408450705,0.1065368442345449,0.0145071671607929,1.2816901408450705,-791.3027857409659,-1.0,595.6613531072377,7458.961531628979,0.03634360570210023,1,1.5211301895364886,0.0717983182632108,0.2095275768434049,0.10454910159193327,0.49897537673559017,0.19917016067822865,0.221412943087303,0.173454999335302,2023-05-13,karl williams,chase sherman,0.8633419334137657,0.8633419334137657,0.1366580665862342,1,1.0,1,-355.0,290.0,0.4139305211054717,0.0133970254228662,0.0232330112071705,0.0231736516692425,0.0450081665125755,0.011520645283363,0.0210374942515207,-450.0,300.0,-400.0,330.0,100.0,54.54545454545454,1,11,1,6,0,5,100.0,1,0
15,-410.81354094569065,0.05366882421775096,-1.0,0.22325378721276296,0.0145071671607929,1.5714285714285714,-791.3027857409659,-1.0,595.6613531072377,7458.961531628979,0.03634360570210023,1,1.5211301895364886,0.07225045866317632,0.2095275768434049,0.10454910159193327,0.49897537673559017,0.2976498466068609,0.3124258489543208,0.173454999335302,2023-05-13,cody stamann,douglas silva de andrade,0.7784342282263037,0.7784342282263037,0.2215657717736963,1,0.0,1,-175.0,150.0,0.4165371937392855,0.016106388422954,0.0202572479406822,0.0318698323703832,0.0392764126889053,0.0111557920389869,0.0133540118825816,-175.0,130.0,-155.0,140.0,80.0,63.63636363636363,10,11,8,7,2,4,80.0,8,2
16,0.0,0.0,0.0,-0.11752703985415175,0.0145071671607929,1.4,-791.3027857409659,-1.0,595.6613531072377,7458.961531628979,0.03634360570210023,1,1.5211301895364886,0.0,0.2095275768434049,0.10454910159193327,0.49897537673559017,0.0,0.0,0.173454999335302,2023-05-13,ji yeon kim,mandy bohm,0.630337828675606,0.630337828675606,0.369662171324394,1,0.0,1,-250.0,210.0,0.0,0.0148558191630255,0.0220105402839789,0.0292048521890331,0.044044767293463,1.5698553568199713e-13,-1.571520691356909e-13,-265.0,188.0,-225.0,225.0,42.857142857142854,0.0,7,2,3,0,4,2,42.857142857142854,3,4
17,246.86925418699545,0.04031385679629007,0.8,0.14950810351352906,0.0145071671607929,1.8,-791.3027857409659,-1.0,595.6613531072377,7458.961531628979,0.03634360570210023,1,1.5211301895364886,0.03877069841703012,0.2095275768434049,0.10454910159193327,0.49897537673559017,0.1666193462757296,0.20056544396854506,0.173454999335302,2023-05-13,bryan battle,gabe green,0.6386156130630717,0.6386156130630717,0.3613843869369283,1,1.0,1,-125.0,105.0,0.22352021311350814,0.0209693281226405,0.0223911054816955,0.0374537513088538,0.0334794138866062,0.0061374951931404,0.0055084675397788,108.0,-144.0,124.0,-130.0,100.0,100.0,3,1,3,1,0,0,100.0,3,0
18,0.0,0.0,0.0,-0.09372666692326159,0.0145071671607929,1.625,-791.3027857409659,-1.0,595.6613531072377,7458.961531628979,0.03634360570210023,1,1.5211301895364886,0.0,0.2095275768434049,0.10454910159193327,0.49897537673559017,0.0,0.0,0.173454999335302,2023-05-13,matt brown,court mcgee,0.5577066665087621,0.5577066665087621,0.4422933334912379,1,1.0,1,-160.0,140.0,0.0,0.0145071671607929,0.0175441148904891,0.0422095328216678,0.0296533748621354,0.0092371282497732,0.0066358876232425,170.0,-235.0,200.0,-215.0,52.38095238095239,33.33333333333333,21,3,11,1,10,2,52.38095238095239,11,10
19,0.0,0.08017001055960138,0.0,-0.0026185093870353393,0.0304849567433922,1.1666666666666667,1060.5782885020421,1.2941176470588238,1070.7006405822024,9590.240460713223,0.03634360570210023,1,3.03272420375696,0.02199528176311867,0.13246783034154871,0.04803956194009913,0.36265077956086567,-0.0061548818789675655,0.03410722241906809,0.27435797512795085,2023-05-20,natalia silva,victoria leonardo,0.8548984205253982,0.8548984205253982,0.1451015794746017,1,1.0,1,-600.0,425.0,0.08017001055960138,0.0148911162128596,0.0327279314061878,0.0161328480572771,0.0498012178767889,0.0070438589398639,0.0179561410601359,-1200.0,600.0,-900.0,700.0,100.0,50.0,1,2,1,1,0,1,100.0,1,0
20,0.0,0.0,0.0,-0.06831153184502359,0.0304849567433922,1.392156862745098,1060.5782885020421,1.2941176470588238,1070.7006405822024,9590.240460713223,0.03634360570210023,1,3.03272420375696,0.0,0.13246783034154871,0.04803956194009913,0.36265077956086567,0.0,0.0,0.27435797512795085,2023-05-20,edmen shahbazyan,anthony hernandez,0.6692410123366732,0.3307589876633268,0.6692410123366732,0,0.0,0,215.0,-255.0,0.0,0.0214352794901065,0.0143348971251405,0.0417927029807088,0.0303226816346757,0.0055012059829431,0.0041457166487373,160.0,-220.0,184.0,-192.0,75.0,75.0,8,4,6,3,2,1,75.0,3,1
21,0.0,0.0,0.0,-0.026264209374422587,0.0304849567433922,1.5,1060.5782885020421,1.2941176470588238,1070.7006405822024,9590.240460713223,0.03634360570210023,1,3.03272420375696,0.0,0.13246783034154871,0.04803956194009913,0.36265077956086567,0.0,0.0,0.27435797512795085,2023-05-20,emily ducote,loopy godinez,0.6491571937503849,0.350842806249615,0.6491571937503849,0,0.0,0,170.0,-200.0,0.0,0.0211927359067407,0.0158443011302963,0.042575627637769,0.0364402653316124,0.0079027563129798,0.0069649213557683,115.0,-159.0,128.0,-136.0,50.0,100.0,2,1,1,1,1,0,100.0,1,0
22,0.0,0.0,0.0,-0.07680036602316209,0.0304849567433922,1.5555555555555556,1060.5782885020421,1.2941176470588238,1070.7006405822024,9590.240460713223,0.03634360570210023,1,3.03272420375696,0.0,0.13246783034154871,0.04803956194009913,0.36265077956086567,0.0,0.0,0.27435797512795085,2023-05-20,andre fialho,joaquin buckley,0.5934854789851101,0.4065145210148899,0.5934854789851101,0,0.0,0,155.0,-180.0,0.0,0.0196241763171906,0.0153898292850502,0.038295905858473,0.0268329950913234,0.0101696822963359,0.0073857269641423,175.0,-235.0,194.0,-210.0,25.0,62.5,4,8,1,5,3,3,62.5,5,3
23,198.4273116179791,0.05985571171633986,0.4444444444444444,0.14720382353376532,0.0304849567433922,1.4444444444444444,1060.5782885020421,1.2941176470588238,1070.7006405822024,9590.240460713223,0.03634360570210023,1,3.03272420375696,0.09961357879973026,0.13246783034154871,0.04803956194009913,0.36265077956086567,0.22008114412591984,0.24284949786649634,0.27435797512795085,2023-05-20,diego ferreira,michael johnson,0.7942180316772222,0.7942180316772222,0.2057819683227778,1,1.0,1,-225.0,190.0,0.3630788525585014,0.0153963024902878,0.021738976024301,0.0370842431976682,0.0434166512567147,6.672440377997192e-14,-6.666889262874065e-14,-160.0,115.0,-135.0,135.0,50.0,54.166666666666664,8,24,4,13,4,11,50.0,4,4
24,0.0,0.04322640949713174,0.0,-0.002973322008552548,0.0304849567433922,1.9615384615384617,1060.5782885020421,1.2941176470588238,1070.7006405822024,9590.240460713223,0.03634360570210023,1,3.03272420375696,0.011859510181684688,0.13246783034154871,0.04803956194009913,0.36265077956086567,-0.0030276996351257563,0.04245006116770507,0.27435797512795085,2023-05-20,karolina kowalkiewicz,vanessa demopoulos,0.508288110348581,0.4917118896514189,0.508288110348581,0,1.0,0,-116.0,-104.0,0.04322640949713174,0.02310992352528,0.0237310350803844,0.0369129536325693,0.0410558588424407,0.0074217884236674,0.0082460533311308,-144.0,105.0,-130.0,122.0,80.0,25.0,10,4,8,1,2,3,25.0,1,3
25,0.0,0.0,0.0,-0.1856946268772045,0.0304849567433922,1.434782608695652,1060.5782885020421,1.2941176470588238,1070.7006405822024,9590.240460713223,0.03634360570210023,1,3.03272420375696,0.0,0.13246783034154871,0.04803956194009913,0.36265077956086567,0.0,0.0,0.27435797512795085,2023-05-20,orion cosce,gilbert urbina,0.5675461691461908,0.5675461691461908,0.4324538308538092,1,0.0,1,-230.0,195.0,0.0,0.0148153165095695,0.0211374313075851,0.0508711253271327,0.0492299869074478,-0.0058975671206943,-0.0057168347376098,-115.0,-130.0,110.0,-105.0,50.0,0.0,2,1,1,0,1,1,50.0,1,1
26,219.45665720440505,0.050017192831132824,0.5882352941176472,0.16885762125531617,0.0304849567433922,1.5882352941176472,1060.5782885020421,1.2941176470588238,1070.7006405822024,9590.240460713223,0.03634360570210023,1,3.03272420375696,0.08727924549475449,0.13246783034154871,0.04803956194009913,0.36265077956086567,0.2197801075499795,0.2444137754936021,0.27435797512795085,2023-05-20,ilir latifi,rodrigo nascimento,0.7359473911607546,0.2640526088392455,0.7359473911607546,0,0.0,0,145.0,-170.0,0.31812177303776407,0.0209202087040684,0.0168726862316835,0.0379213858088197,0.0287452808578468,0.0105701215078058,0.0082268709733971,150.0,-200.0,166.0,-180.0,60.0,33.33333333333333,10,3,6,1,4,2,33.33333333333333,1,2
27,241.14544332208618,0.0375023671951462,0.8620689655172411,0.028029484743639033,0.0304849567433922,1.862068965517241,1060.5782885020421,1.2941176470588238,1070.7006405822024,9590.240460713223,0.03634360570210023,1,3.03272420375696,0.021540529089278133,0.13246783034154871,0.04803956194009913,0.36265077956086567,0.030052269679391393,0.07322790584591955,0.27435797512795085,2023-05-20,chase hooper,nick fiore,0.5520899084734359,0.5520899084734359,0.4479100915265641,1,1.0,1,-116.0,-104.0,0.07851249477706049,0.02310992352528,0.0237310350803844,0.0415743006321754,0.0382576321409336,0.0054777699247609,0.0050930545995517,100.0,-138.0,115.0,-120.0,50.0,100.0,6,1,3,1,3,0,50.0,3,3
28,213.0898015451105,0.047137684121109295,0.606060606060606,0.09771471333131782,0.0304849567433922,1.606060606060606,1060.5782885020421,1.2941176470588238,1070.7006405822024,9590.240460713223,0.03634360570210023,1,3.03272420375696,0.05236967654893933,0.13246783034154871,0.04803956194009913,0.36265077956086567,0.12481847931673185,0.14943192038383205,0.27435797512795085,2023-05-20,takashi sato,themba gorimbo,0.683482746036481,0.3165172539635191,0.683482746036481,0,0.0,0,145.0,-165.0,0.1908808246762864,0.0169758313451285,0.0138289433949562,0.0453752743132196,0.0414015851909125,0.0010709543730063,0.0009858123896429,100.0,-142.0,120.0,-121.0,100.0,100.0,5,1,5,1,0,0,100.0,1,0
29,198.58142689262147,0.050051616565529505,0.5319148936170213,0.10866668129369728,0.0304849567433922,1.5319148936170213,1060.5782885020421,1.2941176470588238,1070.7006405822024,9590.240460713223,0.03634360570210023,1,3.03272420375696,0.07366931037038092,0.13246783034154871,0.04803956194009913,0.36265077956086567,0.14624727671450166,0.1995159550723321,0.27435797512795085,2023-05-20,mackenzie dern,angela hill,0.7237129725111635,0.7237129725111635,0.2762870274888365,1,1.0,1,-188.0,140.0,0.2685152867746023,0.0304849567433922,0.0389594877010522,0.0276369667218073,0.034258584535446,0.0106300382942201,0.0129178423965176,-175.0,135.0,-160.0,145.0,66.66666666666666,71.42857142857143,9,14,6,10,3,4,66.66666666666666,6,3
30,260.08010911176075,0.051526571136214824,0.5263157894736841,0.10600420680879363,0.0209693281226405,1.526315789473684,2400.067971303756,3.5,709.5516927606504,12699.86012477763,0.03634360570210024,1,2.2134793505502888,0.04870560317083888,0.17368116071245107,0.07857513801162447,0.45241025387730194,0.1451564134382473,0.16997713251256294,0.20925473754906104,2023-06-03,alex caceres,daniel pineda,0.7246234458402442,0.7246234458402442,0.2753765541597558,1,1.0,1,-190.0,165.0,0.2327574693950217,0.0140896311984247,0.0184412731607164,0.0404994785535749,0.0551637867525474,-0.0058281467255499,-0.0073993665019633,-220.0,145.0,-170.0,180.0,72.22222222222221,25.0,18,8,13,2,5,6,72.22222222222221,13,5
31,325.6895029173713,0.03565854051982837,0.9523809523809523,0.0639933292563083,0.0209693281226405,1.9523809523809523,2400.067971303756,3.5,709.5516927606504,12699.86012477763,0.03634360570210024,1,2.2134793505502888,0.023140790559206106,0.17368116071245107,0.07857513801162447,0.45241025387730194,0.06539044743236538,0.10822392693032004,0.20925473754906104,2023-06-03,philipe lins,maxim grishin,0.5449721930337189,0.5449721930337189,0.4550278069662811,1,1.0,1,-105.0,-115.0,0.11058669844347303,0.0237995764494319,0.0232792664320201,0.0527092884412548,0.0472907115587453,-0.010346788412234,-0.0094160574375683,100.0,-150.0,130.0,-120.0,66.66666666666666,100.0,3,3,2,3,1,0,66.66666666666666,2,1
32,-482.4362395985551,0.05030491587514131,-1.0,0.003108258993444468,0.0209693281226405,1.4878048780487805,2400.067971303756,3.5,709.5516927606504,12699.86012477763,0.03634360570210024,1,2.2134793505502888,0.01054391780999784,0.17368116071245107,0.07857513801162447,0.45241025387730194,0.004398035276698871,0.035611084761832335,0.20925473754906104,2023-06-03,kai kara france,amir albazi,0.674220305225102,0.674220305225102,0.325779694774898,1,0.0,1,-205.0,175.0,0.05038795266236567,0.0151972403609571,0.02057027081639,0.0447537359475032,0.0419094711100993,-3.1530333899354446e-14,3.164135620181696e-14,-105.0,-135.0,115.0,-115.0,75.0,100.0,8,2,6,2,2,0,75.0,6,2
33,-354.1291114343747,0.036925988757537186,-1.0,0.12724150983951255,0.0209693281226405,1.9090909090909087,2400.067971303756,3.5,709.5516927606504,12699.86012477763,0.03634360570210024,1,2.2134793505502888,0.03785829952280754,0.17368116071245107,0.07857513801162447,0.45241025387730194,0.13305292177597722,0.17301756737594323,0.20925473754906104,2023-06-03,abubakar nurmagomedov,elizeu zaleski dos santos,0.5904598384873638,0.5904598384873638,0.4095401615126361,1,0.0,1,-110.0,-110.0,0.18091967697472766,0.0238095238095238,0.0238095238095238,0.0776525903115431,0.0764961936655668,-0.0349177950081741,-0.034346274255895,-133.0,-140.0,120.0,110.0,66.66666666666666,40.0,3,10,2,4,1,6,66.66666666666666,2,1
34,224.90903310149264,0.05393929153836487,0.4347826086956521,0.021805625028186615,0.0209693281226405,1.434782608695652,2400.067971303756,3.5,709.5516927606504,12699.86012477763,0.03634360570210024,1,2.2134793505502888,0.019759276075665275,0.17368116071245107,0.07857513801162447,0.45241025387730194,0.03261908661410408,0.06312370385370113,0.20925473754906104,2023-06-03,damon blackshear,luan lacerda,0.7121675568378271,0.7121675568378271,0.2878324431621729,1,1.0,1,-230.0,195.0,0.09442689951539374,0.0148153165095695,0.0211374313075851,0.0505224483044395,0.0431830641025305,-0.0009891397567385,-0.0008768103850737,111.0,-163.0,132.0,-131.0,100.0,100.0,1,1,1,1,0,0,100.0,1,0
35,400.3959295575547,0.027833569012010458,1.5,0.2650409563221304,0.0209693281226405,2.5,2400.067971303756,3.5,709.5516927606504,12699.86012477763,0.03634360570210024,1,2.2134793505502888,0.04260063947821295,0.17368116071245107,0.07857513801162447,0.45241025387730194,0.21841449036093308,0.24704289125719714,0.20925473754906104,2023-06-03,elise reed,jinh yu frey,0.5060163825288522,0.5060163825288522,0.4939836174711478,1,1.0,1,150.0,-175.0,0.20358267620213363,0.0202572479406822,0.016106388422954,0.0533667010142747,0.0588284209369449,-0.0099391514307929,-0.0107326831945299,-150.0,-105.0,-115.0,125.0,0.0,25.0,3,4,0,1,3,3,0.0,0,3
36,0.0,0.03841486698092743,0.0,-0.0016784999620273466,0.0209693281226405,1.5555555555555556,2400.067971303756,3.5,709.5516927606504,12699.86012477763,0.03634360570210024,1,2.2134793505502888,0.00803849290807606,0.17368116071245107,0.07857513801162447,0.45241025387730194,-0.0022305524985139925,0.028907345965508004,0.20925473754906104,2023-06-03,daniel santos,johnny munoz,0.6417781071672681,0.3582218928327319,0.6417781071672681,0,1.0,0,155.0,-180.0,0.03841486698092743,0.0196241763171906,0.0153898292850502,0.031307892089832,0.0449448312217145,1.4011014570769478e-13,-1.4011014570769478e-13,-240.0,170.0,-200.0,200.0,0.0,50.0,2,2,0,1,2,1,50.0,1,1
37,335.04246910540087,0.04366971694791111,0.8,0.3167161981446093,0.0209693281226405,1.8,2400.067971303756,3.5,709.5516927606504,12699.86012477763,0.03634360570210024,1,2.2134793505502888,0.08853846900141991,0.17368116071245107,0.07857513801162447,0.45241025387730194,0.35926895628842725,0.3729986774167166,0.20925473754906104,2023-06-03,andrei arlovski,dontale mayes,0.7315089989692274,0.2684910010307726,0.7315089989692274,0,0.0,0,105.0,-125.0,0.42311333085427294,0.0223911054816955,0.0209693281226405,0.0660496298351206,0.0612409956381492,-0.0146444398019863,-0.0139018930921727,-113.0,-148.0,120.0,-107.0,47.82608695652174,100.0,23,4,11,4,12,0,100.0,4,0
38,-749.7424560632159,0.05903548926499248,-1.0,0.13570134700461073,0.0124294283888805,1.4444444444444444,-1332.7870970563438,-1.0,111.6360928311241,11478.70912055241,0.03634360570210024,1,0.22167869226692716,0.11354829873415548,0.10832239711076211,0.03316444075908764,0.3061642065137854,0.20248504190332886,0.22680994539588478,0.3355133072335731,2023-06-10,miranda maverick,jasmine jasudavicius,0.7862547786954998,0.7862547786954998,0.2137452213045002,1,0.0,1,-225.0,190.0,0.33843158016712277,0.0153963024902878,0.021738976024301,0.0289784500400699,0.0444909377150319,1.6275869541004797e-13,-1.6275869541004797e-13,-275.0,194.0,-235.0,235.0,100.0,0.0,5,0,5,0,0,0,100.0,5,0
39,0.0,0.0,0.0,-0.2074220349921025,0.0124294283888805,1.4761904761904765,-1332.7870970563438,-1.0,111.6360928311241,11478.70912055241,0.03634360570210024,1,0.22167869226692716,0.0,0.10832239711076211,0.03316444075908764,0.3061642065137854,0.0,0.0,0.3355133072335731,2023-06-10,kyle nelson,blake bilder,0.5369076537150272,0.4630923462849727,0.5369076537150272,0,1.0,0,180.0,-210.0,0.0,0.0199742169708566,0.01458799501071,0.0715472172323319,0.045658596176013,-0.0174824335354757,-0.0128205967675545,170.0,-295.0,230.0,-200.0,100.0,0.0,4,0,4,0,0,0,0.0,0,0
40,393.94908175211356,0.04590953248812549,0.6756756756756757,0.18064687523931622,0.0124294283888805,1.6756756756756757,-1332.7870970563438,-1.0,111.6360928311241,11478.70912055241,0.03634360570210024,1,0.22167869226692716,0.09927891296003441,0.10832239711076211,0.03316444075908764,0.3061642065137854,0.21977643001709699,0.243218498169186,0.3355133072335731,2023-06-10,marc andre barriault,eryk anders,0.7045795868363661,0.7045795868363661,0.2954204131636339,1,1.0,1,-148.0,128.0,0.2959015658085948,0.0163467970621246,0.0190238877143326,0.0383851927360835,0.0457985683881992,-0.0016245716330162,-0.0018768289272079,-167.0,118.0,-138.0,140.0,50.0,45.45454545454545,6,11,3,5,3,6,50.0,3,3
41,280.9170175662694,0.05640521925091123,0.392156862745098,0.010924273260484008,0.0124294283888805,1.392156862745098,-1332.7870970563438,-1.0,111.6360928311241,11478.70912055241,0.03634360570210024,1,0.22167869226692716,0.025140866936971863,0.10832239711076211,0.03316444075908764,0.3061642065137854,0.017179894627244403,0.04764776770756355,0.3355133072335731,2023-06-10,dan ige,nate landwehr,0.7261568723420379,0.7261568723420379,0.2738431276579621,1,1.0,1,-255.0,215.0,0.07493254781536768,0.0143348971251405,0.0214352794901065,0.0311920197949612,0.0487236735395431,1.6009416015094757e-13,-1.5998313784848508e-13,-286.0,195.0,-230.0,230.0,72.72727272727273,40.0,11,5,8,2,3,3,72.72727272727273,8,3
42,0.0,0.0,0.0,-0.13049944074551761,0.0124294283888805,1.2967359050445104,-1332.7870970563438,-1.0,111.6360928311241,11478.70912055241,0.03634360570210024,1,0.22167869226692716,0.0,0.10832239711076211,0.03316444075908764,0.3061642065137854,0.0,0.0,0.3355133072335731,2023-06-10,mike malott,adam fugitt,0.6705301795623811,0.6705301795623811,0.3294698204376188,1,1.0,1,-337.0,277.0,0.0,0.0135158020150294,0.0229032354298108,0.0279273931712014,0.039412674168866,0.0093783814717437,0.0127012912842642,-230.0,170.0,-203.0,184.0,100.0,0.0,1,0,1,0,0,0,100.0,1,0
43,186.512449575957,0.09546017911476412,0.15384615384615352,0.027786637336181558,0.0124294283888805,1.1538461538461535,-1332.7870970563438,-1.0,111.6360928311241,11478.70912055241,0.03634360570210024,1,0.22167869226692716,0.08404057976578465,0.10832239711076211,0.03316444075908764,0.3061642065137854,0.06841023663361828,0.10174057551205937,0.3355133072335731,2023-06-10,amanda nunes,irene aldana,0.8907484190246909,0.8907484190246909,0.109251580975309,1,1.0,1,-650.0,475.0,0.25048359619095056,0.0124294283888805,0.028150281756047,0.0329130095864901,0.0623250856516051,-0.0056516612503877,-0.0090542211025535,-425.0,250.0,-300.0,325.0,66.66666666666666,28.57142857142857,15,7,10,2,5,5,66.66666666666666,10,5
44,0.0,0.0,0.0,-0.06526699156185817,0.0259818775864164,1.6666666666666663,-1245.5766770192008,-1.0,320.45243599656203,10553.584879529772,0.03634360570210024,1,0.6454118261323587,0.0,0.18100197094438153,0.06240399610805638,0.344769704895821,0.0,0.0,0.20079121521426935,2023-06-17,armen petrosyan,christian leroy duncan,0.5608398050628852,0.4391601949371148,0.5608398050628852,0,1.0,0,110.0,-150.0,0.0,0.0405383694346594,0.0356521067558167,0.0555522423714084,0.0440646158661395,0.0042913419262347,0.0035517953286672,125.0,-190.0,150.0,-155.0,100.0,0.0,2,0,2,0,0,0,0.0,0,0
45,300.9653630962177,0.04929255342900958,0.5319148936170213,0.08681249753819847,0.0259818775864164,1.5319148936170213,-1245.5766770192008,-1.0,320.45243599656203,10553.584879529772,0.03634360570210024,1,0.6454118261323587,0.04633166621678508,0.18100197094438153,0.06240399610805638,0.344769704895821,0.11668980485818678,0.1716653123235222,0.20079121521426935,2023-06-17,pat sabatini,lucas almeida,0.7094470470041018,0.7094470470041018,0.2905529529958982,1,1.0,1,-188.0,140.0,0.23074548439454085,0.0304849567433922,0.0389594877010522,0.0287452808578468,0.0379213858088197,0.0101145842337774,0.0129706955054947,-200.0,150.0,-180.0,163.0,50.0,0.0,4,0,2,0,2,0,50.0,2,2
46,140.79785582657001,0.12266000849736143,0.10000000000000009,0.02701124520447823,0.0259818775864164,1.1,-1245.5766770192008,-1.0,320.45243599656203,10553.584879529772,0.03634360570210024,1,0.6454118261323587,0.08027101465310642,0.18100197094438153,0.06240399610805638,0.344769704895821,0.07893175160439414,0.1368065558098106,0.20079121521426935,2023-06-17,arman tsarukyan,joaquim silva,0.9336465865495256,0.9336465865495256,0.0663534134504745,1,1.0,1,-1000.0,500.0,0.399773538734985,0.019638207040137,0.0561193687174385,0.0181280878736953,0.0681359593411158,0.002544258574178,0.006546650516731,-1667.0,600.0,-1000.0,900.0,85.71428571428571,80.0,7,5,6,4,1,1,85.71428571428571,6,1
47,308.74437110853137,0.04384232753192087,0.6134969325153374,0.01993878385217035,0.0259818775864164,1.6134969325153374,-1245.5766770192008,-1.0,320.45243599656203,10553.584879529772,0.03634360570210024,1,0.6454118261323587,0.022462370158685224,0.18100197094438153,0.06240399610805638,0.344769704895821,0.02500066993333158,0.08921911079838922,0.20079121521426935,2023-06-17,manuel torres,nikolas motta,0.6321293603342348,0.6321293603342348,0.3678706396657651,1,1.0,1,-163.0,120.0,0.11186928738249362,0.0339796305551364,0.0403376871081888,0.0330335874677767,0.0443857673709329,0.0055380849517432,0.0072210857021642,-210.0,150.0,-185.0,175.0,0.0,100.0,0,1,0,1,0,0,0.0,0,0
48,0.0,0.0,0.0,-0.1245091839103683,0.0259818775864164,1.5714285714285714,-1245.5766770192008,-1.0,320.45243599656203,10553.584879529772,0.03634360570210024,1,0.6454118261323587,0.0,0.18100197094438153,0.06240399610805638,0.344769704895821,0.0,0.0,0.20079121521426935,2023-06-17,zac pauga,modestas bukauskas,0.5571305193297656,0.4428694806702343,0.5571305193297656,0,0.0,0,130.0,-175.0,0.0,0.0392764126889053,0.0318698323703832,0.0443857673709329,0.0330335874677767,0.0106887601538178,0.0081200172756494,150.0,-210.0,175.0,-190.0,100.0,50.0,1,2,1,1,0,1,50.0,1,1
49,249.7066403635545,0.05438473911592976,0.3999999999999999,0.007190886665073226,0.0259818775864164,1.4,-1245.5766770192008,-1.0,320.45243599656203,10553.584879529772,0.03634360570210024,1,0.6454118261323587,0.023262633883234556,0.18100197094438153,0.06240399610805638,0.344769704895821,0.011008993825829967,0.07567440122373796,0.20079121521426935,2023-06-17,jimmy flick,alessandro costa,0.7194220619036238,0.2805779380963762,0.7194220619036238,0,0.0,0,175.0,-250.0,0.11585483886040739,0.0462926168982899,0.0316294610237879,0.0500539330205592,0.029887927444557,0.0067536423762459,0.0043574687348652,220.0,-330.0,260.0,-275.0,100.0,0.0,1,0,1,0,0,0,0.0,0,0
50,0.0,0.0,0.0,-0.058724197235371534,0.0259818775864164,1.7246376811594204,-1245.5766770192008,-1.0,320.45243599656203,10553.584879529772,0.03634360570210024,1,0.6454118261323587,0.0,0.18100197094438153,0.06240399610805638,0.344769704895821,0.0,0.0,0.20079121521426935,2023-06-17,carlos hernandez,denys bondar,0.5457817679895745,0.5457817679895745,0.4542182320104255,1,1.0,1,-138.0,110.0,0.0,0.0265680525498327,0.0294543564137525,0.0533421634075115,0.0454898222169268,-0.0018768289272079,-0.0016245716330162,110.0,-165.0,140.0,-138.0,100.0,0.0,1,0,1,0,0,0,100.0,1,0
51,-679.7617943983115,0.05921935883724164,-1.0,0.2236782944792775,0.0259818775864164,1.5,-1245.5766770192008,-1.0,320.45243599656203,10553.584879529772,0.03634360570210024,1,0.6454118261323587,0.09784915699642777,0.18100197094438153,0.06240399610805638,0.344769704895821,0.31730404135675266,0.3435267964191701,0.20079121521426935,2023-06-17,marvin vettori,jared cannonier,0.8157855296528517,0.8157855296528517,0.1842144703471483,1,0.0,1,-200.0,154.0,0.4873179182267037,0.0259818775864164,0.034385576481825,0.0398469652052378,0.0434863681280953,0.0038771838960715,0.0042396992208115,-140.0,100.0,-124.0,120.0,100.0,50.0,12,12,12,6,0,6,100.0,12,0
52,264.1821453832002,0.05006491128822402,0.5,0.051508206704479254,0.0350135352882691,1.5,-1119.5925916519614,-1.0,-171.7642290962703,9262.22805878154,0.03634360570210025,1,-0.09090909090909127,0.05191405282266663,0.12197196304495353,0.03534263269664581,0.2897603007637096,0.071289862671326,0.1258825662358787,0.2979668834935909,2023-06-24,brendan allen,bruno silva,0.7010054711363195,0.7010054711363195,0.2989945288636805,1,1.0,1,-200.0,150.0,0.17422759272435479,0.0287452808578468,0.0379213858088197,0.0405360611177055,0.0564336358519914,1.318944953254686e-13,-1.3183898417423734e-13,-230.0,150.0,-190.0,190.0,50.0,42.857142857142854,8,7,4,3,4,4,50.0,4,4
53,0.0,0.0,0.0,-0.10393821631752198,0.0350135352882691,1.4,-1119.5925916519614,-1.0,-171.7642290962703,9262.22805878154,0.03634360570210025,1,-0.09090909090909127,0.0,0.12197196304495353,0.03534263269664581,0.2897603007637096,0.0,0.0,0.2979668834935909,2023-06-24,randy brown,wellington turman,0.6400441312017701,0.6400441312017701,0.3599558687982299,1,1.0,1,-250.0,175.0,0.0,0.0316294610237879,0.0462926168982899,0.0332802337799202,0.0509302925358691,0.0074719514802815,0.0109104014608949,-275.0,185.0,-240.0,220.0,61.53846153846154,33.33333333333333,13,6,8,2,5,4,61.53846153846154,8,5
54,-512.307934156584,0.048543498726227194,-1.0,0.061887166933875415,0.0350135352882691,1.5319148936170213,-1119.5925916519614,-1.0,-171.7642290962703,9262.22805878154,0.03634360570210025,1,-0.09090909090909127,0.05591882793783073,0.12197196304495353,0.03534263269664581,0.2897603007637096,0.08311663849251619,0.13973419355283118,0.2979668834935909,2023-06-24,jamall emmers,jack jenkins,0.6931763450818353,0.6931763450818353,0.3068236549181646,1,0.0,1,-188.0,140.0,0.18766792900672638,0.0304849567433922,0.0389594877010522,0.0296199858307136,0.0399562317530939,0.0081200172756494,0.0106887601538178,-210.0,155.0,-190.0,175.0,0.0,0.0,1,0,0,0,1,0,0.0,0,1
55,0.0,0.0556648554640885,0.0,-0.012164219984622027,0.0350135352882691,1.7246376811594204,-1119.5925916519614,-1.0,-171.7642290962703,9262.22805878154,0.03634360570210025,1,-0.09090909090909127,0.016586283502755636,0.12197196304495353,0.03534263269664581,0.2897603007637096,-0.014137942161038242,0.04789378394427076,0.2979668834935909,2023-06-24,tabatha ricci,gillian robertson,0.5727787295887485,0.5727787295887485,0.4272212704112514,1,1.0,1,-138.0,105.0,0.0556648554640885,0.0322362225882545,0.0354005882336351,0.0398469652052378,0.0434863681280953,0.0143385228481075,0.0154233819137972,-140.0,100.0,-124.0,110.0,100.0,75.0,2,8,2,6,0,2,100.0,2,0
56,-568.9901738087372,0.05391439783768425,-1.0,0.018746047082857986,0.0350135352882691,1.425531914893617,-1119.5925916519614,-1.0,-171.7642290962703,9262.22805878154,0.03634360570210025,1,-0.09090909090909127,0.03227914254894766,0.12197196304495353,0.03534263269664581,0.2897603007637096,0.028154214616172662,0.07213072174436462,0.2979668834935909,2023-06-24,david onama,gabriel santos,0.714642749446184,0.285357250553816,0.714642749446184,0,1.0,0,185.0,-235.0,0.10833130907194245,0.0308510964545928,0.0215186338412962,0.038295905858473,0.0268329950913234,0.014261364100963,0.0103802129599688,175.0,-235.0,188.0,-210.0,50.0,0.0,2,0,1,0,1,0,0.0,0,0
57,0.0,0.023235421264505264,0.0,-0.03929726410162859,0.0350135352882691,1.6134969325153374,-1119.5925916519614,-1.0,-171.7642290962703,9262.22805878154,0.03634360570210025,1,-0.09090909090909127,0.0069233860608453445,0.12197196304495353,0.03534263269664581,0.2897603007637096,-0.04939395804672714,0.018485833532110755,0.2979668834935909,2023-06-24,amanda ribas,maycee barber,0.5954165245301694,0.5954165245301694,0.4045834754698306,1,0.0,1,-163.0,120.0,0.023235421264505264,0.0339796305551364,0.0403376871081888,0.0263550910265553,0.0356796484275389,0.0110442112995078,0.014498572863966,-210.0,160.0,-190.0,170.0,66.66666666666666,75.0,6,8,4,6,2,2,66.66666666666666,4,2
58,303.6423287476886,0.057542973731446935,0.5,0.1892614487113607,0.0350135352882691,1.5,-1119.5925916519614,-1.0,-171.7642290962703,9262.22805878154,0.03634360570210025,1,-0.09090909090909127,0.12119000630133507,0.12197196304495353,0.03534263269664581,0.2897603007637096,0.268575137402054,0.28661252353605055,0.2979668834935909,2023-06-24,josh emmett,ilia topuria,0.7928409658075738,0.2071590341924262,0.7928409658075738,0,0.0,0,170.0,-200.0,0.40672307231062405,0.0211927359067407,0.0158443011302963,0.0555138125575491,0.0302004731567365,-0.0037566355217251,-0.0023409254538845,250.0,-400.0,310.0,-300.0,50.0,100.0,10,3,5,3,5,0,100.0,3,0
59,341.70940473816205,0.03561636633453847,0.9090909090909087,0.017438300219178027,0.0350135352882691,1.9090909090909087,-1119.5925916519614,-1.0,-171.7642290962703,9262.22805878154,0.03634360570210025,1,-0.09090909090909127,0.02573259759619268,0.12197196304495353,0.03534263269664581,0.2897603007637096,0.018194897621091412,0.08276946804303381,0.2979668834935909,2023-06-24,cody brundage,sedriques dumas,0.5329438715433791,0.4670561284566209,0.5329438715433791,0,0.0,0,-120.0,-110.0,0.0863605958302617,0.0342505339758,0.0350135352882691,0.0449744276338792,0.0543521716927199,-0.007676698264367,-0.0089899684022995,-175.0,116.0,-140.0,150.0,100.0,0.0,2,0,2,0,0,0,0.0,0,0
60,0.0,0.0,0.0,-0.053681990654088296,0.0316294610237879,1.4,1420.589359170827,1.6,530.3707581160438,11213.188176068412,0.03634360570210023,1,1.2444444444444445,0.0,0.12811256619088718,0.03955065275076515,0.3087179808094301,0.0,0.0,0.28368494038241665,2023-07-01,ismael bonfim,benoit st denis,0.6759414352470798,0.6759414352470798,0.3240585647529201,1,0.0,1,-250.0,175.0,0.0,0.0316294610237879,0.0462926168982899,0.0217342242339844,0.0343555193557591,0.0124968059878638,0.0193439900320366,-290.0,220.0,-275.0,235.0,0.0,100.0,0,1,0,1,0,0,0.0,0,0
61,0.0,0.0,0.0,-0.13396723192306276,0.0316294610237879,1.6134969325153374,1420.589359170827,1.6,530.3707581160438,11213.188176068412,0.03634360570210023,1,1.2444444444444445,0.0,0.12811256619088718,0.03955065275076515,0.3087179808094301,0.0,0.0,0.28368494038241665,2023-07-01,damir ismagulov,grant dawson,0.5367427421921702,0.5367427421921702,0.4632572578078298,1,0.0,1,-163.0,120.0,0.0,0.0339796305551364,0.0403376871081888,0.0459416887491485,0.0495867665354043,-0.0040575535540482,-0.0043599548634601,-140.0,-105.0,-116.0,120.0,100.0,100.0,3,3,3,3,0,0,100.0,3,0
62,224.90490183671204,0.054634373708044054,0.4444444444444444,0.08030421024412798,0.0316294610237879,1.4444444444444444,1420.589359170827,1.6,530.3707581160438,11213.188176068412,0.03634360570210023,1,1.2444444444444445,0.07209959716231178,0.12811256619088718,0.03955065275076515,0.3087179808094301,0.11743295373510902,0.1737980451961302,0.28368494038241665,2023-07-01,max griffin,michael morales,0.7479029147843963,0.2520970852156036,0.7479029147843963,0,0.0,0,163.0,-225.0,0.2541537702534338,0.042226716265892,0.0303091129239294,0.0380985942424859,0.0249644688205773,0.0160048334946276,0.0107808807910866,200.0,-270.0,220.0,-250.0,72.72727272727273,0.0,11,0,8,0,3,0,0.0,0,0
63,0.0,0.0,0.0,-0.05880201388906481,0.0316294610237879,1.4761904761904765,1420.589359170827,1.6,530.3707581160438,11213.188176068412,0.03634360570210023,1,1.2444444444444445,0.0,0.12811256619088718,0.03955065275076515,0.3087179808094301,0.0,0.0,0.28368494038241665,2023-07-01,yana santos,karol rosa,0.6375857325267624,0.3624142674732375,0.6375857325267624,0,0.0,0,170.0,-210.0,0.0,0.0275590688255333,0.0202306563835465,0.0472150026586399,0.0361183306746932,0.0037745585963693,0.0029594481376373,140.0,-200.0,170.0,-175.0,100.0,66.66666666666666,1,6,1,4,0,2,66.66666666666666,4,2
64,305.46585627933183,0.04122467271653375,0.8,0.2555771191657128,0.0316294610237879,1.8,1420.589359170827,1.6,530.3707581160438,11213.188176068412,0.03634360570210023,1,1.2444444444444445,0.10402166752312272,0.12811256619088718,0.03955065275076515,0.3087179808094301,0.2857505915721783,0.3279611210357021,0.28368494038241665,2023-07-01,alexandr romanov,blagoy ivanov,0.6975428439809516,0.6975428439809516,0.3024571560190484,1,1.0,1,-125.0,-105.0,0.36668025938528176,0.0331297358984499,0.0346209416083251,0.0412941575850406,0.0465107204637399,0.0071880829509737,0.0080718121372474,-150.0,105.0,-133.0,125.0,50.0,80.0,2,5,1,4,1,1,50.0,1,1
65,0.0,0.0,0.0,-0.21304451757330553,0.0316294610237879,1.4,1420.589359170827,1.6,530.3707581160438,11213.188176068412,0.03634360570210023,1,1.2444444444444445,0.0,0.12811256619088718,0.03955065275076515,0.3087179808094301,0.0,0.0,0.28368494038241665,2023-07-01,kevin lee,rinat fakhretdinov,0.5621110588762104,0.4378889411237896,0.5621110588762104,0,0.0,0,175.0,-250.0,0.0,0.0462926168982899,0.0316294610237879,0.0336244588854163,0.0242459114849539,0.0199742169708566,0.01458799501071,170.0,-220.0,180.0,-210.0,58.82352941176471,100.0,17,1,10,1,7,0,100.0,1,0
66,260.1996789855268,0.06381317302222299,0.36363636363636376,0.10017554085821079,0.0215727129365356,1.3636363636363638,-1086.0038715935175,-1.0,-1999.618104134762,8127.566200340132,0.03634360570210024,1,-3.6363636363636362,0.058815977204835404,0.21036968553385596,0.09820662651312001,0.4668287936253775,0.16209459861728137,0.2103989728360441,0.1727606599300224,2023-07-08,vitor petrino,marcin prachnio,0.8067953966293545,0.8067953966293545,0.1932046033706455,1,1.0,1,-275.0,200.0,0.3404477456190496,0.0262663073127574,0.040400359353909,0.0308543152863964,0.0473066042538332,0.0037502421673497,0.0054346028383907,-275.0,190.0,-235.0,225.0,0.0,50.0,0,4,0,2,0,2,0.0,0,0
67,0.0,0.0,0.0,-0.06945905719531331,0.0215727129365356,1.5,-1086.0038715935175,-1.0,-1999.618104134762,8127.566200340132,0.03634360570210024,1,-3.6363636363636362,0.0,0.21036968553385596,0.09820662651312001,0.4668287936253775,0.0,0.0,0.1727606599300224,2023-07-08,kamuela kirk,esteban ribovics,0.6203606285364578,0.3796393714635422,0.6203606285364578,0,0.0,0,150.0,-200.0,0.0,0.0379213858088197,0.0287452808578468,0.0482686511092195,0.0390329361923678,0.0044366554026268,0.0037266099034956,125.0,-180.0,145.0,-150.0,100.0,0.0,1,0,1,0,0,0,0.0,0,0
68,-404.6450014559109,0.03608652553602184,-1.0,0.23977229088154306,0.0215727129365356,1.9523809523809523,-1086.0038715935175,-1.0,-1999.618104134762,8127.566200340132,0.03634360570210024,1,-3.6363636363636362,0.052060802718639526,0.21036968553385596,0.09820662651312001,0.4668287936253775,0.24567148916956738,0.2941103040717816,0.1727606599300224,2023-07-08,jimmy crute,alonzo menifield,0.6350053197198148,0.6350053197198148,0.3649946802801852,1,0.0,1,-105.0,-125.0,0.30134639876767677,0.0346209416083251,0.0331297358984499,0.0370842431976682,0.0434166512567147,0.0024958579378502,0.0028679897288758,-160.0,115.0,-138.0,135.0,25.0,33.33333333333333,4,6,1,2,3,4,25.0,1,3
69,-623.7621109516797,0.05562754331394662,-1.0,0.17230491469453696,0.0215727129365356,1.5,-1086.0038715935175,-1.0,-1999.618104134762,8127.566200340132,0.03634360570210024,1,-3.6363636363636362,0.06772230275743796,0.21036968553385596,0.09820662651312001,0.4668287936253775,0.24160799537030647,0.2795588374230754,0.1727606599300224,2023-07-08,jalin turner,dan hooker,0.781536609796358,0.781536609796358,0.218463390203642,1,0.0,1,-200.0,154.0,0.39200071813148446,0.0259818775864164,0.034385576481825,0.0234935584807643,0.038572889127852,0.0152788737012967,0.0245761987624712,-315.0,230.0,-300.0,245.0,66.66666666666666,72.72727272727273,6,11,4,8,2,3,66.66666666666666,4,2
70,-681.3588701376065,0.060764062766001464,-1.0,0.1746722059130476,0.0215727129365356,1.4444444444444444,-1086.0038715935175,-1.0,-1999.618104134762,8127.566200340132,0.03634360570210024,1,-3.6363636363636362,0.07730037165653807,0.21036968553385596,0.09820662651312001,0.4668287936253775,0.25890678515018,0.3018680160495925,0.1727606599300224,2023-07-08,robbie lawler,niko price,0.8132346040936483,0.1867653959063516,0.8132346040936483,0,1.0,0,163.0,-225.0,0.4474419794868171,0.042226716265892,0.0303091129239294,0.0422095328216678,0.0296533748621354,0.0100702480417933,0.0074736116073294,170.0,-235.0,185.0,-200.0,56.25,75.0,16,12,9,9,7,3,75.0,9,3
71,0.0,0.0,0.0,-0.1243884222427046,0.0215727129365356,1.2222222222222223,-1086.0038715935175,-1.0,-1999.618104134762,8127.566200340132,0.03634360570210024,1,-3.6363636363636362,0.0,0.21036968553385596,0.09820662651312001,0.4668287936253775,0.0,0.0,0.1727606599300224,2023-07-08,yazmin jauregui,denise gomes,0.7164094727105144,0.7164094727105144,0.2835905272894856,1,0.0,1,-450.0,300.0,0.0,0.0231736516692425,0.0450081665125755,0.0210665492473015,0.0386737104929581,0.0120245396698326,0.0213515835650839,-400.0,285.0,-375.0,310.0,100.0,0.0,1,0,1,0,0,0,100.0,1,0
72,-550.0518005750916,0.04905400604522378,-1.0,0.07894038027968425,0.0215727129365356,1.5376344086021505,-1086.0038715935175,-1.0,-1999.618104134762,8127.566200340132,0.03634360570210024,1,-3.6363636363636362,0.03572109252602908,0.21036968553385596,0.09820662651312001,0.4668287936253775,0.10584794979539394,0.1542043562634733,0.1727606599300224,2023-07-08,brandon moreno,alexandre pantoja,0.7016884990630115,0.7016884990630115,0.2983115009369885,1,0.0,1,-186.0,144.0,0.20676635838563068,0.0264198083548913,0.0337659075685295,0.0220167291325312,0.0292653221495199,0.0124604241737866,0.0162572032280511,-200.0,160.0,-188.0,166.0,70.0,55.55555555555556,10,9,7,5,3,4,70.0,7,3
73,0.0,0.0,0.0,-0.15827711837884356,0.0215727129365356,1.2597402597402598,-1086.0038715935175,-1.0,-1999.618104134762,8127.566200340132,0.03634360570210024,1,-3.6363636363636362,0.0,0.21036968553385596,0.09820662651312001,0.4668287936253775,0.0,0.0,0.1727606599300224,2023-07-08,robert whittaker,dricus du plessis,0.6681717720085468,0.6681717720085468,0.3318282279914532,1,0.0,1,-385.0,275.0,0.0,0.0215727129365356,0.0389083867198217,0.0241734706895759,0.043077991298728,0.0065186365347491,0.0109232239303671,-375.0,260.0,-330.0,300.0,60.0,75.0,15,4,9,3,6,1,60.0,9,6
74,239.40012182518333,0.04418299081005912,0.6666666666666663,0.1535498376530589,0.0322362225882545,1.6666666666666663,1373.9178850368219,2.055555555555555,1303.9643156878053,10805.44840106476,0.03634360570210024,1,3.4838253020491687,0.11095811394403514,0.0960724443609048,0.026493992629396224,0.2757709851731174,0.18557090112551516,0.24269977818786034,0.37829375471672405,2023-07-15,ottman azaitar,francisco prado,0.6921299025918355,0.3078700974081645,0.6921299025918355,0,0.0,0,110.0,-150.0,0.29331204271961453,0.0405383694346594,0.0356521067558167,0.0350135352882691,0.0342505339758,0.0120365301632248,0.0117729936462989,-110.0,-120.0,100.0,-110.0,50.0,0.0,2,0,1,0,1,0,0.0,0,0
75,257.7435848956108,0.038054725639981794,0.8333333333333333,0.12093782275757026,0.0322362225882545,1.8333333333333333,1373.9178850368219,2.055555555555555,1303.9643156878053,10805.44840106476,0.03634360570210024,1,3.4838253020491687,0.07756062246994029,0.0960724443609048,0.026493992629396224,0.2757709851731174,0.1313856650032221,0.18872362788468452,0.37829375471672405,2023-07-15,norma dumont,chelsea chandler,0.6114206305950384,0.6114206305950384,0.3885793694049616,1,1.0,1,-120.0,-110.0,0.20502749914023732,0.0342505339758,0.0350135352882691,0.0423808635674742,0.0491942280076172,0.0068216974963082,0.0077928439724531,-160.0,110.0,-138.0,130.0,20.0,0.0,5,0,1,0,4,0,20.0,1,4
76,0.0,0.0,0.0,-0.2665776379945781,0.0322362225882545,1.4444444444444444,1373.9178850368219,2.055555555555555,1303.9643156878053,10805.44840106476,0.03634360570210024,1,3.4838253020491687,0.0,0.0960724443609048,0.026493992629396224,0.2757709851731174,0.0,0.0,0.37829375471672405,2023-07-15,tucker lutz,melsik baghdasaryan,0.5077539429268305,0.4922460570731695,0.5077539429268305,0,0.0,0,163.0,-225.0,0.0,0.042226716265892,0.0303091129239294,0.044482386329139,0.0363256944789416,0.0072748641414951,0.0061659960735584,125.0,-175.0,140.0,-148.0,50.0,0.0,2,0,1,0,1,0,0.0,0,0
77,0.0,0.0,0.0,-0.12278400470141582,0.0322362225882545,1.7246376811594204,1373.9178850368219,2.055555555555555,1303.9643156878053,10805.44840106476,0.03634360570210024,1,3.4838253020491687,0.0,0.0960724443609048,0.026493992629396224,0.2757709851731174,0.0,0.0,0.37829375471672405,2023-07-15,albert duraev,junyong park,0.5086378460134647,0.4913621539865352,0.5086378460134647,0,0.0,0,105.0,-138.0,0.0,0.0354005882336351,0.0322362225882545,0.0403376871081888,0.0339796305551364,0.0096790192209161,0.0084369228080692,120.0,-163.0,130.0,-140.0,50.0,57.14285714285714,2,7,1,4,1,3,57.14285714285714,4,3
78,206.54807035511973,0.04777695594178914,0.5319148936170213,0.032956180599651774,0.0322362225882545,1.5319148936170213,1373.9178850368219,2.055555555555555,1303.9643156878053,10805.44840106476,0.03634360570210024,1,3.4838253020491687,0.052078771521369346,0.0960724443609048,0.026493992629396224,0.2757709851731174,0.04424994122483322,0.10253112806099393,0.37829375471672405,2023-07-15,alexander munoz,carl deaton,0.6742908401136616,0.6742908401136616,0.3257091598863384,1,1.0,1,-188.0,140.0,0.13766754241123344,0.0304849567433922,0.0389594877010522,0.031307892089832,0.0449448312217145,0.0045186736995186,0.0062340144725243,-240.0,170.0,-210.0,200.0,100.0,0.0,1,0,1,0,0,0,100.0,1,0
79,185.3413531785661,0.06271111285685087,0.36363636363636376,0.07697781012079002,0.0322362225882545,1.3636363636363638,1373.9178850368219,2.055555555555555,1303.9643156878053,10805.44840106476,0.03634360570210024,1,3.4838253020491687,0.0970732454799773,0.0960724443609048,0.026493992629396224,0.2757709851731174,0.12567530776699187,0.15717590614793597,0.37829375471672405,2023-07-15,evan elder,genaro valdez,0.7897837274219126,0.7897837274219126,0.2102162725780874,1,1.0,1,-275.0,225.0,0.25660811015150964,0.0161132176026266,0.0249124234230143,0.0235256614688303,0.0396451033729031,0.0136896222945035,0.022024663419782,-333.0,240.0,-300.0,250.0,0.0,0.0,0,0,0,0,0,0,0.0,0,0
80,176.36964610139637,0.0596754938469209,0.36363636363636376,0.045871397051114426,0.0322362225882545,1.3636363636363638,1373.9178850368219,2.055555555555555,1303.9643156878053,10805.44840106476,0.03634360570210024,1,3.4838253020491687,0.07736176843703896,0.0960724443609048,0.026493992629396224,0.2757709851731174,0.07383770241208373,0.12704600411077654,0.37829375471672405,2023-07-15,ashlee evans smith,ailin perez,0.7669723578374839,0.2330276421625161,0.7669723578374839,0,0.0,0,200.0,-275.0,0.20450183877597825,0.040400359353909,0.0262663073127574,0.054674461608302,0.0358017288678883,-0.0055456638784283,-0.0039240330912685,180.0,-275.0,230.0,-220.0,66.66666666666666,0.0,6,0,4,0,2,0,0.0,0,0
81,238.56153933192883,0.04050596650498945,0.7246376811594204,0.039553361859530456,0.0322362225882545,1.7246376811594204,1373.9178850368219,2.055555555555555,1303.9643156878053,10805.44840106476,0.03634360570210024,1,3.4838253020491687,0.04613277429587585,0.0960724443609048,0.026493992629396224,0.2757709851731174,0.04590604911944014,0.10507366638294872,0.37829375471672405,2023-07-15,austin lingo,melquizael costa,0.6027662350277949,0.3972337649722051,0.6027662350277949,0,0.0,0,105.0,-138.0,0.12194960588345224,0.0354005882336351,0.0322362225882545,0.0424756094014026,0.0289529620271689,0.01545822897438,0.0110248218730774,180.0,-250.0,195.0,-220.0,100.0,0.0,3,0,3,0,0,0,0.0,0,0
82,219.39346300045514,0.06761220864462461,0.3003003003003002,0.05196685541204435,0.0341261814300196,1.3003003003003002,-719.20377857933,-1.0,1130.38067520281,11216.625297688239,0.03634360570210024,1,2.116317616317616,0.09256379168449944,0.09428627613591854,0.026506420986402227,0.2811270321906854,0.09222270058616902,0.13531632980321806,0.38546018775531077,2023-07-22,tom aspinall,marcin tybura,0.8090183899589164,0.8090183899589164,0.1909816100410836,1,1.0,1,-333.0,250.0,0.24013839723250152,0.0203904788832838,0.0343769246139117,0.0240411371388507,0.0532535488514874,0.0076498985822184,0.015166268301745,-590.0,350.0,-490.0,420.0,66.66666666666666,69.23076923076923,3,13,2,9,1,4,66.66666666666666,2,1
83,278.7515367063893,0.051594626406974715,0.5,0.09483637406694595,0.0341261814300196,1.5,-719.20377857933,-1.0,1130.38067520281,11216.625297688239,0.03634360570210024,1,2.116317616317616,0.09790855080368044,0.09428627613591854,0.026506420986402227,0.2811270321906854,0.13148972081099783,0.18319947785459442,0.38546018775531077,2023-07-22,nathaniel wood,andre fili,0.7298909160446306,0.7298909160446306,0.2701090839553693,1,1.0,1,-200.0,150.0,0.25400431461895245,0.0287452808578468,0.0379213858088197,0.0348361964374183,0.0498340352916369,0.0040119013766096,0.0053724830077747,-240.0,164.0,-196.0,188.0,50.0,50.0,6,16,3,8,3,8,50.0,3,3
84,0.0,0.04652404893744346,0.0,-0.01978083492537036,0.0341261814300196,1.5319148936170213,-719.20377857933,-1.0,1130.38067520281,11216.625297688239,0.03634360570210024,1,2.116317616317616,0.01793316863856422,0.09428627613591854,0.026506420986402227,0.2811270321906854,-0.026594412898380416,0.034604431224254106,0.38546018775531077,2023-07-22,paul craig,andre muniz,0.6398652883126055,0.3601347116873944,0.6398652883126055,0,1.0,0,140.0,-188.0,0.04652404893744346,0.0389594877010522,0.0304849567433922,0.0410199568833899,0.0284987596941501,0.0121684825040307,0.0086648508293025,175.0,-240.0,200.0,-220.0,66.66666666666666,75.0,9,4,6,3,3,1,75.0,3,1
85,0.0,0.05127177478009262,0.0,-0.0133180827119177,0.0341261814300196,1.6134969325153374,-719.20377857933,-1.0,1130.38067520281,11216.625297688239,0.03634360570210024,1,2.116317616317616,0.019763227933282508,0.09428627613591854,0.026506420986402227,0.2811270321906854,-0.016757374263411187,0.04074873107053753,0.38546018775531077,2023-07-22,lerone murphy,josh culibao,0.6115176901823476,0.6115176901823476,0.3884823098176524,1,1.0,1,-163.0,125.0,0.05127177478009262,0.029248781260161,0.0349675263021539,0.0333527731951945,0.0395132920372828,0.0041157433800714,0.0047495048468789,-162.0,120.0,-140.0,135.0,50.0,0.0,2,0,1,0,1,0,50.0,1,1
86,0.0,0.0,0.0,-0.09550123933943702,0.0341261814300196,1.25,-719.20377857933,-1.0,1130.38067520281,11216.625297688239,0.03634360570210024,1,2.116317616317616,0.0,0.09428627613591854,0.026506420986402227,0.2811270321906854,0.0,0.0,0.38546018775531077,2023-07-22,molly mccann,julija stoliarenko,0.7235990085284504,0.7235990085284504,0.2764009914715496,1,0.0,1,-400.0,300.0,0.0,0.0176478677640649,0.032352132235935,0.0342356681559874,0.0490051753512268,0.0059124538038086,0.0079764350850802,-240.0,165.0,-200.0,188.0,42.857142857142854,66.66666666666666,7,3,3,2,4,1,42.857142857142854,3,4
87,360.96699407292823,0.035076317956340135,0.9523809523809523,0.108327917132506,0.0341261814300196,1.9523809523809523,-719.20377857933,-1.0,1130.38067520281,11216.625297688239,0.03634360570210024,1,2.116317616317616,0.06648267315121742,0.09428627613591854,0.026506420986402227,0.2811270321906854,0.1104699957957945,0.1691316945407358,0.38546018775531077,2023-07-22,jai herbert,fares ziam,0.5676801526776251,0.4323198473223749,0.5676801526776251,0,0.0,0,-125.0,-105.0,0.17247610846238798,0.0331297358984499,0.0346209416083251,0.0573863382182147,0.0462819233447836,-8.8484775062625e-14,8.8484775062625e-14,120.0,-185.0,150.0,-150.0,75.0,100.0,4,3,3,3,1,0,100.0,3,0
88,-340.1884348027554,0.03148304653134372,-1.0,0.14366528758585306,0.0341261814300196,2.15,-719.20377857933,-1.0,1130.38067520281,11216.625297688239,0.03634360570210024,1,2.116317616317616,0.06875082761676833,0.09428627613591854,0.026506420986402227,0.2811270321906854,0.13407183575478893,0.19112288504040326,0.38546018775531077,2023-07-22,marc diakiese,joel alvarez,0.5319373430631875,0.5319373430631875,0.4680626569368125,1,0.0,1,115.0,-150.0,0.17836038532833176,0.0347853268844263,0.0303309521853412,0.0447437640681861,0.0321793128548906,0.0034448706358273,0.0026047361397324,160.0,-225.0,185.0,-190.0,50.0,50.0,10,4,5,2,5,2,50.0,5,5
89,245.20613194624775,0.06240526425407154,0.36363636363636376,0.08370848320558238,0.0341261814300196,1.3636363636363638,-719.20377857933,-1.0,1130.38067520281,11216.625297688239,0.03634360570210024,1,2.116317616317616,0.11533887622276973,0.09428627613591854,0.026506420986402227,0.2811270321906854,0.13514855896495545,0.18533363351813983,0.38546018775531077,2023-07-22,makhmud muradov,bryan barberena,0.7947195543507604,0.7947195543507604,0.2052804456492396,1,1.0,1,-275.0,200.0,0.29922383656385954,0.0262663073127574,0.040400359353909,0.0247646694026397,0.0455056008676303,0.0055198002968848,0.0091860820560564,-400.0,270.0,-325.0,300.0,50.0,66.66666666666666,4,15,2,10,2,5,50.0,2,2
90,0.0,0.0,0.0,-0.09876296126494599,0.0341261814300196,1.5,-719.20377857933,-1.0,1130.38067520281,11216.625297688239,0.03634360570210024,1,2.116317616317616,0.0,0.09428627613591854,0.026506420986402227,0.2811270321906854,0.0,0.0,0.38546018775531077,2023-07-22,ketlen vieira,pannie kianzad,0.600824692490036,0.600824692490036,0.399175307509964,1,1.0,1,-200.0,150.0,0.0,0.0287452808578468,0.0379213858088197,0.0314135708291123,0.0376565100334213,0.0046726319250074,0.0054899697010087,-165.0,124.0,-146.0,140.0,37.5,50.0,8,4,3,2,5,2,37.5,3,5
91,366.25098427954487,0.03389502875636839,1.0,0.09238506175359618,0.0341261814300196,2.0,-719.20377857933,-1.0,1130.38067520281,11216.625297688239,0.03634360570210024,1,2.116317616317616,0.05952724613109256,0.09428627613591854,0.026506420986402227,0.2811270321906854,0.09203951754061038,0.15501141578942548,0.38546018775531077,2023-07-22,chris duncan,yanal ashmouz,0.5461925308767981,0.5461925308767981,0.4538074691232019,1,1.0,1,100.0,-133.0,0.15443163268752497,0.036689269213757,0.0341261814300196,0.0356521067558167,0.0405383694346594,0.0036346128453232,0.0040606545652194,-150.0,110.0,-130.0,126.0,0.0,0.0,0,0,0,0,0,0,0.0,0,0
92,0.0,0.023296226898684512,0.0,-0.04087624028871817,0.0341261814300196,1.7518796992481205,-719.20377857933,-1.0,1130.38067520281,11216.625297688239,0.03634360570210024,1,2.116317616317616,0.008979767994357252,0.09428627613591854,0.026506420986402227,0.2811270321906854,-0.04673542945358389,0.020375594696885876,0.38546018775531077,2023-07-22,davey grant,daniel marcos,0.5474826611227488,0.4525173388772512,0.5474826611227488,0,0.0,0,100.0,-133.0,0.023296226898684512,0.036689269213757,0.0341261814300196,0.0450845579732609,0.0383523317835292,0.0049179740317005,0.0043327197703345,115.0,-162.0,130.0,-135.0,66.66666666666666,0.0,9,0,6,0,3,0,0.0,0,0
93,0.0,0.0,0.0,-0.13108619038867736,0.016106388422954,1.5376344086021505,-1398.747191404995,-1.0,-128.3573247064295,9689.520781576815,0.03634360570210024,1,-0.7333333333333334,0.0,0.20067827728697346,0.07811103722032836,0.38923513933014386,0.0,0.0,0.1811038354197562,2023-07-29,michael chiesa,kevin holland,0.5650977922647064,0.4349022077352936,0.5650977922647064,0,0.0,0,144.0,-186.0,0.0,0.0337659075685295,0.0264198083548913,0.0408791972765204,0.0351320234274882,0.0049179740317005,0.0043327197703345,115.0,-157.0,130.0,-135.0,53.333333333333336,91.66666666666666,15,12,8,11,7,1,91.66666666666666,11,1
94,-395.807822958759,0.0352876032187984,-1.0,0.310452507008138,0.016106388422954,2.05,-1398.747191404995,-1.0,-128.3573247064295,9689.520781576815,0.03634360570210024,1,-0.7333333333333334,0.058889516963344005,0.20067827728697346,0.07811103722032836,0.38923513933014386,0.30597814675801804,0.3299249089800336,0.1811038354197562,2023-07-29,dustin poirier,justin gaethje,0.6392451253698235,0.6392451253698235,0.3607548746301765,1,0.0,1,105.0,-125.0,0.32516990502631776,0.0223911054816955,0.0209693281226405,0.0510952223494428,0.0593511651332999,-0.0089317263152016,-0.0099808032356257,-165.0,105.0,-125.0,135.0,81.81818181818183,40.0,22,10,18,4,4,6,81.81818181818183,18,4
95,0.0,0.0,0.0,-0.03065142118689318,0.016106388422954,1.3636363636363638,-1398.747191404995,-1.0,-128.3573247064295,9689.520781576815,0.03634360570210024,1,-0.7333333333333334,0.0,0.20067827728697346,0.07811103722032836,0.38923513933014386,0.0,0.0,0.1811038354197562,2023-07-29,gabriel bonfim,trevin giles,0.7108556244629449,0.7108556244629449,0.2891443755370551,1,1.0,1,-275.0,225.0,0.0,0.0161132176026266,0.0249124234230143,0.0270265375564874,0.0481614323683246,0.0082799223117107,0.0139377524332245,-375.0,250.0,-333.0,295.0,0.0,55.55555555555556,0,9,0,5,0,4,0.0,0,0
96,267.4504982523295,0.08941542949223266,0.2666666666666666,0.1390410952558527,0.016106388422954,1.2666666666666666,-1398.747191404995,-1.0,-128.3573247064295,9689.520781576815,0.03634360570210024,1,-0.7333333333333334,0.10335564116986411,0.20067827728697346,0.07811103722032836,0.38923513933014386,0.26701985549149526,0.2971708190069824,0.1811038354197562,2023-07-29,miranda maverick,priscila cachoeira,0.8992429699388311,0.8992429699388311,0.1007570300611688,1,1.0,1,-375.0,260.0,0.5706982457346085,0.0241734706895759,0.043077991298728,0.0342079206668142,0.0574258422773859,0.0074711161397558,0.0115765029078631,-333.0,210.0,-275.0,250.0,100.0,60.0,5,5,5,3,0,2,100.0,5,0
97,0.0,0.0,0.0,-0.03131540805701821,0.016106388422954,1.5,-1398.747191404995,-1.0,-128.3573247064295,9689.520781576815,0.03634360570210024,1,-0.7333333333333334,0.0,0.20067827728697346,0.07811103722032836,0.38923513933014386,0.0,0.0,0.1811038354197562,2023-07-29,roman kopylov,claudio ribeiro,0.6457897279619879,0.6457897279619879,0.3542102720380121,1,1.0,1,-200.0,170.0,0.0,0.0158443011302963,0.0211927359067407,0.031307892089832,0.0449448312217145,0.0045186736995186,0.0062340144725243,-240.0,170.0,-210.0,200.0,0.0,0.0,2,0,0,0,2,0,0.0,0,2
98,0.0,0.0,0.0,-0.20565303881234026,0.016106388422954,1.5714285714285714,-1398.747191404995,-1.0,-128.3573247064295,9689.520781576815,0.03634360570210024,1,-0.7333333333333334,0.0,0.20067827728697346,0.07811103722032836,0.38923513933014386,0.0,0.0,0.1811038354197562,2023-07-29,cj vergara,vinicius salvador,0.5054935207557835,0.5054935207557835,0.4945064792442165,1,1.0,1,-175.0,150.0,0.0,0.016106388422954,0.0202572479406822,0.0437184576507431,0.0536841397518541,8.8484775062625e-14,-8.8484775062625e-14,-180.0,120.0,-150.0,150.0,100.0,0.0,1,0,1,0,0,0,100.0,1,0
99,186.65610137315622,0.06414814845687969,0.3003003003003002,0.01306710568194211,0.0207243424765777,1.3003003003003002,1746.8294539104786,1.8588235294117652,825.6410903426798,12261.991325829975,0.03634360570210024,1,1.6885355944179474,0.019705106097350055,0.22337453099374652,0.10521390186751896,0.4710201355519107,0.023145084680588006,0.06837621374673604,0.1627025495718565,2023-08-05,cory sandhagen,rob font,0.7791024161480063,0.7791024161480063,0.2208975838519936,1,1.0,1,-333.0,250.0,0.12111123119584198,0.0203904788832838,0.0343769246139117,0.0234985988994331,0.0431680677672335,0.0079721434521814,0.0137080733499867,-400.0,275.0,-350.0,310.0,77.77777777777779,25.0,9,12,7,3,2,9,77.77777777777779,7,2
100,0.0,0.0,0.0,-0.040072337650529644,0.0207243424765777,1.2222222222222223,1746.8294539104786,1.8588235294117652,825.6410903426798,12261.991325829975,0.03634360570210024,1,1.6885355944179474,0.0,0.22337453099374652,0.10521390186751896,0.4710201355519107,0.0,0.0,0.1627025495718565,2023-08-05,jessica andrade,tatiana suarez,0.785395360104112,0.214604639895888,0.785395360104112,0,0.0,0,350.0,-450.0,0.0,0.0266030024616323,0.013801037942408,0.0365125467977574,0.019897709612499,0.0198734891982172,0.0112629923793644,290.0,-400.0,310.0,-370.0,70.58823529411765,80.0,17,5,12,4,5,1,80.0,4,1
101,0.0,0.04619588792709217,0.0,-0.009420179976602105,0.0207243424765777,1.8,1746.8294539104786,1.8588235294117652,825.6410903426798,12261.991325829975,0.03634360570210024,1,1.6885355944179474,0.007516188745473642,0.22337453099374652,0.10521390186751896,0.4710201355519107,-0.010465591517855484,0.041581364771374196,0.1627025495718565,2023-08-05,dustin jacoby,kennedy nzechukwu,0.550322122235221,0.449677877764779,0.550322122235221,0,1.0,0,100.0,-125.0,0.04619588792709217,0.0285427352714054,0.02701282028415,0.0405679997629802,0.0330649878154547,0.0111873658082745,0.0092163131319898,128.0,-174.0,146.0,-159.0,71.42857142857143,100.0,7,5,5,5,2,0,100.0,5,0
102,0.0,0.0,0.0,-0.07041526741237475,0.0207243424765777,1.5714285714285714,1746.8294539104786,1.8588235294117652,825.6410903426798,12261.991325829975,0.03634360570210024,1,1.6885355944179474,0.0,0.22337453099374652,0.10521390186751896,0.4710201355519107,0.0,0.0,0.1627025495718565,2023-08-05,tanner boser,aleksa camur,0.5915539207375797,0.5915539207375797,0.4084460792624202,1,1.0,1,-175.0,150.0,0.0,0.016106388422954,0.0202572479406822,0.046469402178067,0.0540716917090344,-0.0036413649232777,-0.0040539024872645,-163.0,108.0,-126.0,130.0,57.14285714285714,0.0,7,0,4,0,3,0,57.14285714285714,4,3
103,325.6099079440701,0.04200541947378462,0.8,0.26965302806220937,0.0207243424765777,1.8,1746.8294539104786,1.8588235294117652,825.6410903426798,12261.991325829975,0.03634360570210024,1,1.6885355944179474,0.06102159499929243,0.22337453099374652,0.10521390186751896,0.4710201355519107,0.3028652315072487,0.33392203502557094,0.1627025495718565,2023-08-05,diego lopes,gavin tucker,0.7053627933678941,0.7053627933678941,0.2946372066321059,1,1.0,1,-125.0,100.0,0.375050023247132,0.02701282028415,0.0285427352714054,0.0289412136475567,0.0370597046260888,0.013195956174744,0.0164336734548856,-188.0,142.0,-170.0,150.0,0.0,75.0,0,4,0,3,0,1,0.0,0,0
104,0.0,0.03975892963515445,0.0,-0.012757507854667616,0.0207243424765777,1.5319148936170213,1746.8294539104786,1.8588235294117652,825.6410903426798,12261.991325829975,0.03634360570210024,1,1.6885355944179474,0.006468879219887672,0.22337453099374652,0.10521390186751896,0.4710201355519107,-0.017230157161558957,0.029438202586178096,0.1627025495718565,2023-08-05,jeremiah wells,carlston harris,0.6444499601504253,0.6444499601504253,0.3555500398495747,1,0.0,1,-188.0,150.0,0.03975892963515445,0.0230494218707374,0.0297283559070404,0.0410755807757007,0.0437691138250915,0.0076327370571325,0.0080202146423308,-134.0,-105.0,-115.0,108.0,100.0,100.0,1,2,1,2,0,0,100.0,1,0
105,0.0,0.009949462294441658,0.0,-0.0310455608066994,0.0207243424765777,1.5714285714285714,1746.8294539104786,1.8588235294117652,825.6410903426798,12261.991325829975,0.03634360570210024,1,1.6885355944179474,0.001618802882174711,0.22337453099374652,0.10521390186751896,0.4710201355519107,-0.040545515576210805,0.00761826880892554,0.1627025495718565,2023-08-05,billy quarantillo,damon jackson,0.6166073703957368,0.6166073703957368,0.3833926296042632,1,1.0,1,-175.0,140.0,0.009949462294441658,0.0236091506105913,0.0294211524197116,0.0301509787925248,0.0372471403297321,0.0106300382942201,0.0129178423965176,-175.0,132.0,-160.0,145.0,57.14285714285714,33.33333333333333,7,6,4,2,3,4,57.14285714285714,4,3
106,0.0,0.0,0.0,-0.1296889240710124,0.0207243424765777,1.5714285714285714,1746.8294539104786,1.8588235294117652,825.6410903426798,12261.991325829975,0.03634360570210024,1,1.6885355944179474,0.0,0.22337453099374652,0.10521390186751896,0.4710201355519107,0.0,0.0,0.1627025495718565,2023-08-05,cody durden,jake hadley,0.5538343210457194,0.4461656789542806,0.5538343210457194,0,1.0,0,150.0,-175.0,0.0,0.0202572479406822,0.016106388422954,0.040577421308325,0.0290887615654049,0.0136538780473972,0.0101556457621264,165.0,-225.0,180.0,-200.0,0.0,100.0,2,2,0,2,2,0,100.0,2,0
107,313.3750810254536,0.05498080346307657,0.5882352941176472,0.27435324254290594,0.0207243424765777,1.5882352941176472,1746.8294539104786,1.8588235294117652,825.6410903426798,12261.991325829975,0.03634360570210024,1,1.6885355944179474,0.08048509000834317,0.22337453099374652,0.10521390186751896,0.4710201355519107,0.3633561183963961,0.3735069570876609,0.1627025495718565,2023-08-05,kyler phillips,raoni barcelos,0.8023705601196074,0.8023705601196074,0.1976294398803926,1,1.0,1,-170.0,140.0,0.4946762679511513,0.0207243424765777,0.0255719538197184,0.0361955685249408,0.0493390226700277,0.0042860957916545,0.0056345391289803,-218.0,150.0,-188.0,180.0,33.33333333333333,60.0,3,5,1,3,2,2,33.33333333333333,1,2
108,0.0,0.0,0.0,-0.07916518674571887,0.019218241105095,1.6666666666666663,-1633.8396392240493,-1.0,312.7300148516931,10940.881701457618,0.03634360570210024,1,0.44171444171444163,0.0,0.11123051192012905,0.030678562041442505,0.27581067021854366,0.0,0.0,0.32674133270372235,2023-08-12,vicente luque,rafael dos anjos,0.5525008879525688,0.4474991120474311,0.5525008879525688,0,1.0,0,125.0,-150.0,0.0,0.0239067079634055,0.0205377364810389,0.0454887562750946,0.0435381588387769,-2.159383782895929e-14,2.164934898019056e-14,-110.0,-130.0,110.0,-110.0,71.42857142857143,65.38461538461539,14,26,10,17,4,9,65.38461538461539,17,9
109,0.0,0.0,0.0,-0.3353915346753251,0.019218241105095,1.25,-1633.8396392240493,-1.0,312.7300148516931,10940.881701457618,0.03634360570210024,1,0.44171444171444163,0.0,0.11123051192012905,0.030678562041442505,0.27581067021854366,0.0,0.0,0.32674133270372235,2023-08-12,jp buys,marcus mcghee,0.5316867722597399,0.4683132277402601,0.5316867722597399,0,0.0,0,300.0,-400.0,0.0,0.032352132235935,0.0176478677640649,0.0634104251901188,0.032549170769477,-0.0047995891957102,-0.0028632460533317,260.0,-450.0,350.0,-335.0,50.0,0.0,2,0,1,0,1,0,0.0,0,0
110,262.19967493060466,0.07120580126978804,0.3003003003003002,0.08352174677632684,0.019218241105095,1.3003003003003002,-1633.8396392240493,-1.0,312.7300148516931,10940.881701457618,0.03634360570210024,1,0.44171444171444163,0.1100110106080323,0.11123051192012905,0.030678562041442505,0.27581067021854366,0.1488620288737831,0.18890685293466242,0.32674133270372235,2023-08-12,jaqueline amorim,montserrat conejo ruiz,0.8332857775439189,0.8332857775439189,0.1667142224560811,1,1.0,1,-333.0,250.0,0.3366914424254566,0.0203904788832838,0.0343769246139117,0.0263462041498006,0.0398172475322421,0.0137453826296485,0.0200058227705441,-265.0,194.0,-240.0,205.0,0.0,100.0,0,1,0,1,0,0,0.0,0,0
111,0.0,0.0,0.0,-0.22103230163954302,0.019218241105095,1.5,-1633.8396392240493,-1.0,312.7300148516931,10940.881701457618,0.03634360570210024,1,0.44171444171444163,0.0,0.11123051192012905,0.030678562041442505,0.27581067021854366,0.0,0.0,0.32674133270372235,2023-08-12,josh parisian,martin buday,0.5193117989069713,0.4806882010930287,0.5193117989069713,0,0.0,0,163.0,-200.0,0.0,0.0267846298943212,0.0201101736544746,0.0413992289829804,0.0296963421125906,0.012351434216744,0.0092209531274553,164.0,-225.0,180.0,-198.0,100.0,100.0,3,1,3,1,0,0,100.0,1,0
112,225.5746818190081,0.06622650701422374,0.2777777777777777,0.002703180399971278,0.019218241105095,1.2777777777777777,-1633.8396392240493,-1.0,312.7300148516931,10940.881701457618,0.03634360570210024,1,0.44171444171444163,0.024611756089170416,0.11123051192012905,0.030678562041442505,0.27581067021854366,0.005003019612456214,0.04069877624349476,0.32674133270372235,2023-08-12,terrance mckinney,mike breeden,0.784724228139108,0.784724228139108,0.2152757718608919,1,1.0,1,-360.0,285.0,0.07532489350371689,0.0154210319511368,0.0269279234412967,0.0370736665269,0.0637774886122173,-0.0014199998838179,-0.0021836037197856,-351.0,210.0,-270.0,275.0,66.66666666666666,100.0,3,1,2,1,1,0,66.66666666666666,2,1
113,0.0,0.0,0.0,-0.07418490900522756,0.019218241105095,1.6666666666666663,-1633.8396392240493,-1.0,312.7300148516931,10940.881701457618,0.03634360570210024,1,0.44171444171444163,0.0,0.11123051192012905,0.030678562041442505,0.27581067021854366,0.0,0.0,0.32674133270372235,2023-08-12,aj dobson,tafon nchukwi,0.5554890545968636,0.4445109454031364,0.5554890545968636,0,1.0,0,120.0,-150.0,0.0,0.0292440638775533,0.0253013906679012,0.0527092884412548,0.0472907115587453,0.001040291565848,0.0009438354182791,100.0,-150.0,124.0,-125.0,100.0,50.0,1,2,1,1,0,1,50.0,1,1
114,278.83661206854515,0.0625347598781307,0.36363636363636376,0.08092420749958107,0.019218241105095,1.3636363636363638,-1633.8396392240493,-1.0,312.7300148516931,10940.881701457618,0.03634360570210024,1,0.44171444171444163,0.0920707386652453,0.11123051192012905,0.030678562041442505,0.27581067021854366,0.13126132979944763,0.17372375443940635,0.32674133270372235,2023-08-12,josh fremd,jamie pickett,0.7926777521663594,0.7926777521663594,0.2073222478336406,1,1.0,1,-275.0,210.0,0.2817847925861643,0.0219964606154342,0.0339175178791893,0.0248633089308972,0.0434596724355623,0.0131127952225691,0.0218633574006421,-360.0,250.0,-325.0,270.0,0.0,50.0,1,4,0,2,1,2,0.0,0,1
115,306.8337677386706,0.050046319490101576,0.5,0.02958099062071251,0.019218241105095,1.5,-1633.8396392240493,-1.0,312.7300148516931,10940.881701457618,0.03634360570210024,1,0.44171444171444163,0.0368216689481314,0.11123051192012905,0.030678562041442505,0.27581067021854366,0.041203130628191066,0.0809062163690168,0.32674133270372235,2023-08-12,polyana viana,iasmin lucindo,0.686387327080475,0.3136126729195249,0.686387327080475,0,0.0,0,163.0,-200.0,0.11269363641091593,0.0267846298943212,0.0201101736544746,0.0309481873030334,0.0233153785884392,0.013117781846808,0.0100303663013401,158.0,-200.0,170.0,-188.0,66.66666666666666,0.0,6,0,4,0,2,0,0.0,0,0
116,0.0,0.0,0.0,-0.08454406310718998,0.019218241105095,1.4444444444444444,-1633.8396392240493,-1.0,312.7300148516931,10940.881701457618,0.03634360570210024,1,0.44171444171444163,0.0,0.11123051192012905,0.030678562041442505,0.27581067021854366,0.0,0.0,0.32674133270372235,2023-08-12,khalil rountree jr,chris daukaus,0.6337771870796377,0.6337771870796377,0.3662228129203623,1,1.0,1,-225.0,175.0,0.0,0.0232831546092132,0.0326609013348426,0.0361183306746932,0.0472150026586399,1.1246559239452837e-13,-1.1257661469699089e-13,-200.0,140.0,-170.0,170.0,50.0,66.66666666666666,2,6,1,4,1,2,50.0,1,1
117,-760.7147217051354,0.06203843254257441,-1.0,0.1205869415968796,0.019218241105095,1.4,-1633.8396392240493,-1.0,312.7300148516931,10940.881701457618,0.03634360570210024,1,0.44171444171444163,0.11288654037187328,0.11123051192012905,0.030678562041442505,0.27581067021854366,0.1883850213903939,0.22115257424406487,0.32674133270372235,2023-08-12,cub swanson,hakeem dawodu,0.8004192439977712,0.1995807560022288,0.8004192439977712,0,1.0,0,200.0,-250.0,0.3454920730039222,0.0284008065139526,0.019218241105095,0.0777983969761724,0.047742728564953,-0.01292699360412,-0.0090510283739019,175.0,-320.0,250.0,-225.0,65.0,100.0,20,2,13,2,7,0,100.0,2,0
118,217.62578159459318,0.067629618673515,0.2941176470588236,0.04032732002913508,0.0154613702995864,1.2941176470588236,-1330.273367834828,-1.0,717.4954243939194,10328.10375801671,0.03634360570210024,1,1.371237211444941,0.09323206357043935,0.07546055032201404,0.017954549063413285,0.23793291974144826,0.07267841389057128,0.10741159700830001,0.48162391537048926,2023-08-19,zhang weili,amanda lemos,0.8038892927497862,0.8038892927497862,0.1961107072502138,1,1.0,1,-340.0,270.0,0.19357855911021482,0.0159136481215457,0.0270838948759972,0.0232991311295601,0.0401929323625033,0.0086484345663169,0.0141157930759595,-350.0,250.0,-310.0,275.0,100.0,42.857142857142854,3,7,3,3,0,4,100.0,3,0
119,0.0,0.0,0.0,-0.1976795656679944,0.0154613702995864,1.4081632653061225,-1330.273367834828,-1.0,717.4954243939194,10328.10375801671,0.03634360570210024,1,1.371237211444941,0.0,0.07546055032201404,0.017954549063413285,0.23793291974144826,0.0,0.0,0.48162391537048926,2023-08-19,damon blackshear,mario bautista,0.5697637866995402,0.4302362133004598,0.5697637866995402,0,0.0,0,186.0,-245.0,0.0,0.0354748016149017,0.0243204755716798,0.039412674168866,0.0279273931712014,0.0139678624597258,0.0102759611375957,170.0,-230.0,184.0,-205.0,100.0,50.0,1,6,1,3,0,3,50.0,3,3
120,283.31929771495646,0.04790662353134116,0.5405405405405406,0.01876799759953146,0.0154613702995864,1.5405405405405406,-1330.273367834828,-1.0,717.4954243939194,10328.10375801671,0.03634360570210024,1,1.371237211444941,0.04027998211900831,0.07546055032201404,0.017954549063413285,0.23793291974144826,0.02521091479939014,0.062260206907917094,0.48162391537048926,2023-08-19,marlon vera,pedro munhoz,0.6613055423014502,0.6613055423014502,0.3386944576985498,1,1.0,1,-185.0,154.0,0.08363368353089969,0.0187287731158957,0.0240948213032229,0.0361183306746932,0.0472150026586399,0.0019080041588147,0.0023802830992543,-200.0,140.0,-166.0,163.0,72.22222222222221,33.33333333333333,18,15,13,5,5,10,72.22222222222221,13,5
121,-628.1457623723416,0.05741271860097488,-1.0,0.1101849901763286,0.0154613702995864,1.4444444444444444,-1330.273367834828,-1.0,717.4954243939194,10328.10375801671,0.03634360570210024,1,1.371237211444941,0.13666350742422984,0.07546055032201404,0.017954549063413285,0.23793291974144826,0.16383384044786972,0.19083733545136167,0.48162391537048926,2023-08-19,aljamain sterling,sean omalley,0.7685896085836121,0.7685896085836121,0.2314103914163878,1,0.0,1,-225.0,190.0,0.28375565054551205,0.0153963024902878,0.021738976024301,0.0308543152863964,0.0473066042538332,-0.0018545696131633,-0.0026682707305725,-275.0,190.0,-230.0,235.0,76.47058823529412,71.42857142857143,17,7,13,5,4,2,76.47058823529412,13,4
122,0.0,0.0,0.0,-0.17500729008556484,0.0154613702995864,1.3703703703703702,-1330.273367834828,-1.0,717.4954243939194,10328.10375801671,0.03634360570210024,1,1.371237211444941,0.0,0.07546055032201404,0.017954549063413285,0.23793291974144826,0.0,0.0,0.48162391537048926,2023-08-19,chris weidman,brad tavares,0.6020217072348581,0.3979782927651419,0.6020217072348581,0,0.0,0,220.0,-270.0,0.0,0.0255572795228642,0.0166724502068655,0.0625460872209086,0.0411576164827951,-0.0030577599256514,-0.0022304473720746,170.0,-275.0,210.0,-205.0,71.42857142857143,55.00000000000001,14,20,10,11,4,9,55.00000000000001,11,9
123,313.7793429987845,0.0444532712188379,0.6451612903225803,0.06636455761156929,0.0154613702995864,1.6451612903225803,-1330.273367834828,-1.0,717.4954243939194,10328.10375801671,0.03634360570210024,1,1.371237211444941,0.07002944377015331,0.07546055032201404,0.017954549063413285,0.23793291974144826,0.08187912961945763,0.11785163693118321,0.48162391537048926,2023-08-19,karine silva,maryna moroz,0.6481823781560521,0.6481823781560521,0.3518176218439479,1,1.0,1,-155.0,130.0,0.14540275417237775,0.0195196592207963,0.023106086729758,0.0299285339492789,0.0329951862634436,0.0144501993328297,0.0158834710412855,-138.0,107.0,-130.0,115.0,0.0,33.33333333333333,0,3,0,1,0,2,0.0,0,0
124,284.55620113775626,0.0481157722448196,0.5405405405405406,0.028154028484443705,0.0154613702995864,1.5405405405405406,-1330.273367834828,-1.0,717.4954243939194,10328.10375801671,0.03634360570210024,1,1.371237211444941,0.04821920361391054,0.07546055032201404,0.017954549063413285,0.23793291974144826,0.03781836456324646,0.07453320400862914,0.48162391537048926,2023-08-19,brad katona,cody gibson,0.6673982290162178,0.6673982290162178,0.3326017709837822,1,1.0,1,-185.0,154.0,0.10011795941822763,0.0187287731158957,0.0240948213032229,0.0324339806024321,0.0417669326395769,0.0063172493997234,0.0079277648452907,-192.0,140.0,-170.0,160.0,50.0,0.0,2,3,1,0,1,3,50.0,1,1
125,0.0,0.0,0.0,-0.043953948024222644,0.0154613702995864,1.2816901408450705,-1330.273367834828,-1.0,717.4954243939194,10328.10375801671,0.03634360570210024,1,1.371237211444941,0.0,0.07546055032201404,0.017954549063413285,0.23793291974144826,0.0,0.0,0.48162391537048926,2023-08-19,gregory rodrigues,denis tiuliulin,0.7459260405525295,0.7459260405525295,0.2540739594474704,1,1.0,1,-355.0,280.0,0.0,0.0158578460562508,0.0275198289003715,0.0302004731567365,0.0555138125575491,0.0048326244501729,0.0081229323571273,-400.0,250.0,-333.0,310.0,0.0,50.0,3,2,0,1,3,1,0.0,0,3
126,0.0,0.0,0.0,-0.04403615299415675,0.0154613702995864,1.5714285714285714,-1330.273367834828,-1.0,717.4954243939194,10328.10375801671,0.03634360570210024,1,1.371237211444941,0.0,0.07546055032201404,0.017954549063413285,0.23793291974144826,0.0,0.0,0.48162391537048926,2023-08-19,kurt holobaugh,austin hubbard,0.6083406299128093,0.3916593700871907,0.6083406299128093,0,1.0,0,150.0,-175.0,0.0,0.0202572479406822,0.016106388422954,0.0438312885628124,0.0344784041085822,0.0084564946909956,0.0069281206936196,135.0,-188.0,150.0,-160.0,100.0,100.0,2,3,2,3,0,0,100.0,3,0
127,246.36056332017048,0.06417468213452525,0.3508771929824559,0.07844965712449248,0.0154613702995864,1.350877192982456,-1330.273367834828,-1.0,717.4954243939194,10328.10375801671,0.03634360570210024,1,1.371237211444941,0.13044762558492123,0.07546055032201404,0.017954549063413285,0.23793291974144826,0.13021966968897275,0.1631708571258655,0.48162391537048926,2023-08-19,andre petroski,gerald meerschaert,0.7983328630661829,0.7983328630661829,0.2016671369338171,1,1.0,1,-285.0,230.0,0.2708495600443229,0.01683796867866,0.0264520746113833,0.0263797618658524,0.038783145402318,0.0106100521200964,0.0150309735209291,-250.0,185.0,-225.0,200.0,50.0,52.94117647058824,2,17,1,9,1,8,50.0,1,1
128,0.0,0.0,0.0,-0.10481010332390359,0.0154613702995864,1.289855072463768,-1330.273367834828,-1.0,717.4954243939194,10328.10375801671,0.03634360570210024,1,1.371237211444941,0.0,0.07546055032201404,0.017954549063413285,0.23793291974144826,0.0,0.0,0.48162391537048926,2023-08-19,andrea lee,natalia silva,0.6940236277601197,0.3059763722398802,0.6940236277601197,0,0.0,0,275.0,-345.0,0.0,0.0264861952434845,0.0154613702995864,0.0405245803107438,0.0234602153813691,0.0196094724471568,0.011763076572451,250.0,-351.0,275.0,-325.0,44.44444444444444,100.0,9,1,4,1,5,0,100.0,1,0
129,0.0,0.0,0.0,-0.12252839353211842,0.0193403204872646,1.4,-1096.0660086522578,-1.0,-776.375668180868,8455.662081183586,0.03634360570210024,1,-1.295774647887324,0.0,0.17584042808058545,0.07480610742807547,0.42542041238544287,0.0,0.0,0.20668515254890316,2023-08-26,seungwoo choi,jarno errens,0.626765433191344,0.626765433191344,0.3732345668086559,1,1.0,1,-250.0,200.0,0.0,0.019218241105095,0.0284008065139526,0.0372453617958019,0.0455468459964057,-0.0014723824177861,-0.0017534240338267,-175.0,124.0,-148.0,150.0,66.66666666666666,0.0,6,0,4,0,2,0,66.66666666666666,4,2
130,0.0,0.0,0.0,-0.3610203627134928,0.0193403204872646,1.1,-1096.0660086522578,-1.0,-776.375668180868,8455.662081183586,0.03634360570210024,1,-1.295774647887324,0.0,0.17584042808058545,0.07480610742807547,0.42542041238544287,0.0,0.0,0.20668515254890316,2023-08-26,liang na,jj aldrich,0.5808905793513701,0.4191094206486298,0.5808905793513701,0,0.0,0,600.0,-1000.0,0.0,0.0381987763174568,0.013749275630595,0.045452873334275,0.0204303175489157,0.0100824297166697,0.0050690854348454,380.0,-602.0,450.0,-500.0,0.0,62.5,1,8,0,5,1,3,62.5,5,3
131,-634.3358722618576,0.06141842560106776,-1.0,0.16819727164178006,0.0193403204872646,1.4444444444444444,-1096.0660086522578,-1.0,-776.375668180868,8455.662081183586,0.03634360570210024,1,-1.295774647887324,0.08471813803419785,0.17584042808058545,0.07480610742807547,0.42542041238544287,0.25230147415398596,0.2732538446299932,0.20668515254890316,2023-08-26,song kenan,rolando bedoya,0.8087519572904631,0.1912480427095369,0.8087519572904631,0,1.0,0,188.0,-225.0,0.4098898106101402,0.0231335246396969,0.0163963898902175,0.0697122631378697,0.0379800445544379,-0.0138235733641167,-0.0089406542781597,225.0,-400.0,310.0,-275.0,66.66666666666666,0.0,3,0,2,0,1,0,0.0,0,0
132,0.0,0.07761238316643923,0.0,-0.0022781314998177316,0.0193403204872646,1.1420454545454546,-1096.0660086522578,-1.0,-776.375668180868,8455.662081183586,0.03634360570210024,1,-1.295774647887324,0.016041327254439415,0.17584042808058545,0.07480610742807547,0.42542041238544287,-0.005799563245009867,0.030486987967503033,0.20668515254890316,2023-08-26,max holloway,chan sung jung,0.873627108736478,0.873627108736478,0.126372891263522,1,1.0,1,-704.0,500.0,0.07761238316643923,0.0126281653033625,0.0296603919105678,0.0157872313305,0.0397683242250553,0.0087118834396522,0.0201342704065016,-800.0,500.0,-700.0,550.0,86.95652173913044,30.0,23,10,20,3,3,7,86.95652173913044,20,3
133,0.0,0.0,0.0,-0.11523116536773523,0.0193403204872646,1.1661129568106312,-1096.0660086522578,-1.0,-776.375668180868,8455.662081183586,0.03634360570210024,1,-1.295774647887324,0.0,0.17584042808058545,0.07480610742807547,0.42542041238544287,0.0,0.0,0.20668515254890316,2023-08-26,rinya nakamura,fernie garcia,0.7587333881034521,0.7587333881034521,0.2412666118965478,1,1.0,1,-602.0,450.0,0.0,0.0123476023544248,0.0270204370136146,0.0225546312768784,0.0852885059780234,-0.0021004840363207,-0.004630566592886,-1600.0,500.0,-704.0,750.0,0.0,100.0,0,1,0,1,0,0,0.0,0,0
134,0.0,0.0,0.0,-0.1694640822208262,0.0193403204872646,1.5555555555555556,-1096.0660086522578,-1.0,-776.375668180868,8455.662081183586,0.03634360570210024,1,-1.295774647887324,0.0,0.17584042808058545,0.07480610742807547,0.42542041238544287,0.0,0.0,0.20668515254890316,2023-08-26,giga chikadze,alex caceres,0.5339159471437546,0.5339159471437546,0.4660840528562454,1,1.0,1,-180.0,150.0,0.0,0.0188793207747618,0.023977822082381,0.0305348170019208,0.0464171349500311,0.0019838881455293,0.0028238041621629,-270.0,188.0,-225.0,220.0,66.66666666666666,72.22222222222221,3,18,2,13,1,5,66.66666666666666,2,1
135,-461.73013639040005,0.04470618684790066,-1.0,0.2473404507954602,0.0193403204872646,1.7246376811594204,-1096.0660086522578,-1.0,-776.375668180868,8455.662081183586,0.03634360570210024,1,-1.295774647887324,0.07864409408584337,0.17584042808058545,0.07480610742807547,0.42542041238544287,0.29121151641964294,0.3231792260000332,0.20668515254890316,2023-08-26,anthony smith,ryan spann,0.723247824410813,0.2767521755891869,0.723247824410813,0,1.0,0,110.0,-138.0,0.380501904060262,0.0294543564137525,0.0265680525498327,0.0354005882336351,0.0322362225882545,0.0175073705740373,0.0162052295102441,105.0,-138.0,110.0,-126.0,58.82352941176471,75.0,17,8,10,6,7,2,75.0,6,2
136,319.6903404713895,0.0439538848665233,0.704225352112676,0.15883062474886822,0.0193403204872646,1.704225352112676,-1096.0660086522578,-1.0,-776.375668180868,8455.662081183586,0.03634360570210024,1,-1.295774647887324,0.053772521204187275,0.17584042808058545,0.07480610742807547,0.42542041238544287,0.18864723147924872,0.21904579873775093,0.20668515254890316,2023-08-26,erin blanchfield,taila santos,0.6799749946873525,0.6799749946873525,0.3200250053126475,1,1.0,1,-142.0,120.0,0.2601663474180339,0.0193403204872646,0.0219819935623222,0.0381928960244635,0.0459821881506205,0.0037266099034956,0.0044366554026268,-170.0,120.0,-150.0,145.0,100.0,75.0,4,4,4,3,0,1,100.0,4,0
137,0.0,0.03131495662223772,0.0,-0.03036859750448556,0.0350135352882691,1.4,956.4970861045151,1.672727272727272,279.1183808060123,9691.277548094113,0.03634360570210024,1,0.9090909090909087,0.02382073916847802,0.04777762889755436,0.007495709548312748,0.15688743291102164,-0.04656192763874833,0.020424225579951234,0.7606824897072403,2023-09-02,farid basharat,kleydson rodrigues,0.6925938589253675,0.6925938589253675,0.3074061410746325,1,1.0,1,-250.0,175.0,0.03131495662223772,0.0316294610237879,0.0462926168982899,0.019897709612499,0.0365125467977574,0.0142112563876131,0.0252624278229132,-400.0,290.0,-375.0,300.0,0.0,0.0,0,0,0,0,0,0,0.0,0,0
138,279.1183808060123,0.03631060654254964,0.9090909090909087,0.15101577386136378,0.0350135352882691,1.9090909090909087,956.4970861045151,1.672727272727272,279.1183808060123,9691.277548094113,0.03634360570210024,1,0.9090909090909087,0.16980858722502526,0.04777762889755436,0.007495709548312748,0.15688743291102164,0.15752485755545503,0.21400772308246238,0.7606824897072403,2023-09-02,benoit st denis,thiago moises,0.6029130244035716,0.6029130244035716,0.3970869755964283,1,1.0,1,-110.0,-120.0,0.22323188652650405,0.0350135352882691,0.0342505339758,0.0522384918091374,0.0700441168865149,-0.0122399578338358,-0.0152325696386916,-220.0,130.0,-160.0,180.0,100.0,71.42857142857143,1,7,1,5,0,2,100.0,1,0
139,-342.26478711730766,0.035316787226325745,-1.0,0.1513191697267614,0.0303091129239294,1.9523809523809523,2132.9316979072587,2.4927659574468084,346.8430752605823,12171.052321261954,0.03634360570210023,1,0.8119148936170211,0.02825943557960038,0.27602331594959956,0.1650203875915331,0.5978494498691732,0.1544155733017126,0.21032170404557474,0.13166860769376595,2023-09-09,tyson pedro,anton turkalj,0.5897000625429754,0.4102999374570246,0.5897000625429754,0,1.0,0,-125.0,-105.0,0.2146254606513802,0.0331297358984499,0.0346209416083251,0.0494942843272833,0.0469648121318131,0.0023334283831796,0.0022453261955748,-110.0,-134.0,108.0,-110.0,33.33333333333333,0.0,6,0,2,0,4,0,0.0,0,0
140,0.0,0.0,0.0,-0.15278953565500417,0.0303091129239294,1.2325581395348837,2132.9316979072587,2.4927659574468084,346.8430752605823,12171.052321261954,0.03634360570210023,1,0.8119148936170211,0.0,0.27602331594959956,0.1650203875915331,0.5978494498691732,0.0,0.0,0.13166860769376595,2023-09-09,israel adesanya,sean strickland,0.6873594333365061,0.6873594333365061,0.3126405666634939,1,0.0,1,-430.0,300.0,0.0,0.0211528338556065,0.0401679208613745,0.0301203219194008,0.077159371567189,-0.00897543846499,-0.0165927433531917,-770.0,350.0,-450.0,540.0,69.23076923076923,62.5,13,16,9,10,4,6,69.23076923076923,9,4
141,0.0,0.02628465926844695,0.0,-0.03149165449690433,0.0303091129239294,1.5319148936170213,2132.9316979072587,2.4927659574468084,346.8430752605823,12171.052321261954,0.03634360570210023,1,0.8119148936170211,0.0034608644895814506,0.27602331594959956,0.1650203875915331,0.5978494498691732,-0.04236366434875908,0.01953908900411331,0.13166860769376595,2023-09-09,tai tuivasa,alexander volkov,0.632220725536743,0.367779274463257,0.632220725536743,0,0.0,0,140.0,-188.0,0.02628465926844695,0.0389594877010522,0.0304849567433922,0.0462926168982899,0.0316294610237879,0.0095031228422864,0.0068992828438807,175.0,-250.0,195.0,-210.0,80.0,69.23076923076923,10,13,8,9,2,4,69.23076923076923,9,4
142,0.0,0.0,0.0,-0.06643484568354613,0.0303091129239294,1.4444444444444444,2132.9316979072587,2.4927659574468084,346.8430752605823,12171.052321261954,0.03634360570210023,1,0.8119148936170211,0.0,0.27602331594959956,0.1650203875915331,0.5978494498691732,0.0,0.0,0.13166860769376595,2023-09-09,justin tafa,austen lane,0.6463143376036988,0.6463143376036988,0.3536856623963011,1,1.0,1,-225.0,163.0,0.0,0.0303091129239294,0.042226716265892,0.0283827797999532,0.0387722873551137,0.0110442112995078,0.014498572863966,-215.0,160.0,-190.0,170.0,60.0,0.0,5,0,3,0,2,0,60.0,3,2
143,288.7673092414673,0.05601764459637437,0.5319148936170213,0.22774360989384945,0.0303091129239294,1.5319148936170213,2132.9316979072587,2.4927659574468084,346.8430752605823,12171.052321261954,0.03634360570210023,1,0.8119148936170211,0.06245195772010962,0.27602331594959956,0.1650203875915331,0.5978494498691732,0.31196097683334434,0.34626591419729036,0.13166860769376595,2023-09-09,jamie mullarkey,john makdessi,0.801443745347374,0.801443745347374,0.198556254652626,1,1.0,1,-188.0,140.0,0.4743116739364329,0.0304849567433922,0.0389594877010522,0.0279000291438885,0.0446806160174017,0.0062897968176127,0.0095926729064294,-300.0,210.0,-265.0,245.0,80.0,61.53846153846154,5,13,4,8,1,5,80.0,4,1
144,400.34055313642267,0.03227294395250695,1.2799999999999998,0.5383958731628751,0.0303091129239294,2.28,2132.9316979072587,2.4927659574468084,346.8430752605823,12171.052321261954,0.03634360570210023,1,0.8119148936170211,0.05865297526833047,0.27602331594959956,0.1650203875915331,0.5978494498691732,0.4918728977344092,0.48759206896682983,0.13166860769376595,2023-09-09,shane young,gabriel miranda,0.6747350320889803,0.3252649679110196,0.6747350320889803,0,0.0,0,-155.0,128.0,0.44545906800157864,0.0212949689549547,0.0251446595280174,0.0346209416083251,0.0331297358984499,0.0115921013486748,0.0110964976303382,-105.0,-125.0,105.0,-115.0,100.0,0.0,3,0,3,0,0,0,0.0,0,0
145,0.0,0.0,0.0,-0.07192470235531373,0.0303091129239294,1.3636363636363638,2132.9316979072587,2.4927659574468084,346.8430752605823,12171.052321261954,0.03634360570210023,1,0.8119148936170211,0.0,0.27602331594959956,0.1650203875915331,0.5978494498691732,0.0,0.0,0.13166860769376595,2023-09-09,carlos ulberg,da woon jung,0.6805885516061032,0.6805885516061032,0.3194114483938968,1,1.0,1,-275.0,200.0,0.0,0.0262663073127574,0.040400359353909,0.0369237305897426,0.0634346923493256,-0.0044200456202917,-0.0066910654908193,-350.0,210.0,-260.0,275.0,66.66666666666666,0.0,3,0,2,0,1,0,66.66666666666666,2,1
146,0.0,0.0,0.0,-0.07011908976899456,0.0303091129239294,1.4444444444444444,2132.9316979072587,2.4927659574468084,346.8430752605823,12171.052321261954,0.03634360570210023,1,0.8119148936170211,0.0,0.27602331594959956,0.1650203875915331,0.5978494498691732,0.0,0.0,0.13166860769376595,2023-09-09,jack jenkins,chepe mariscal,0.6437637070830038,0.6437637070830038,0.3562362929169962,1,0.0,1,-225.0,163.0,0.0,0.0303091129239294,0.042226716265892,0.0290887615654049,0.040577421308325,0.0059124538038086,0.0079764350850802,-225.0,165.0,-200.0,188.0,0.0,0.0,0,0,0,0,0,0,0.0,0,0
147,-553.9132689121659,0.04551071298449019,-1.0,0.06273864017506903,0.0263797618658524,1.617283950617284,1961.7066988022036,1.6901296428855486,-213.92162242161277,13918.837397642545,0.03634360570210024,1,-0.2908812534796785,0.04379076348019508,0.11976794891978074,0.03691975230470273,0.30826070445133175,0.07908491342906268,0.11448183313186834,0.30345018036872945,2023-09-16,kevin holland,jack della maddalena,0.6571132049937449,0.6571132049937449,0.3428867950062551,1,0.0,1,-162.0,136.0,0.14430956484185936,0.0190342109773964,0.0230152132689483,0.0568477761436551,0.0543071312272553,-0.0058975671206943,-0.0057168347376098,-115.0,-136.0,110.0,-105.0,91.66666666666666,100.0,12,3,11,3,1,0,91.66666666666666,11,1
148,0.0,0.0,0.0,-0.1273302024604474,0.0263797618658524,1.4166666666666667,1961.7066988022036,1.6901296428855486,-213.92162242161277,13918.837397642545,0.03634360570210024,1,-0.2908812534796785,0.0,0.11976794891978074,0.03691975230470273,0.30826070445133175,0.0,0.0,0.30345018036872945,2023-09-16,roman kopylov,josh fremd,0.6160022100279194,0.6160022100279194,0.3839977899720805,1,1.0,1,-240.0,175.0,0.0,0.0284987596941501,0.0410199568833899,0.0421652280054822,0.0945973766077041,-0.0144952169263735,-0.0236000211688645,-590.0,255.0,-320.0,400.0,0.0,0.0,2,1,0,0,2,1,0.0,0,2
149,286.96707820819734,0.05658680691862013,0.41666666666666674,0.07383970552284258,0.0263797618658524,1.4166666666666667,1961.7066988022036,1.6901296428855486,-213.92162242161277,13918.837397642545,0.03634360570210024,1,-0.2908812534796785,0.07583132035936795,0.11976794891978074,0.03691975230470273,0.30826070445133175,0.11144310568620042,0.1655762214462896,0.30345018036872945,2023-09-16,daniel zellhuber,christos giagos,0.7580044980161241,0.7580044980161241,0.2419955019838758,1,1.0,1,-240.0,175.0,0.24989710095813267,0.0284987596941501,0.0410199568833899,0.0239977435591731,0.0385022564408268,0.0060862454044519,0.0093577700395637,-300.0,220.0,-270.0,250.0,100.0,66.66666666666666,1,9,1,6,0,3,100.0,1,0
150,343.85294983403156,0.05593837103814132,0.5050505050505052,0.17466445949676768,0.0263797618658524,1.5050505050505052,1961.7066988022036,1.6901296428855486,-213.92162242161277,13918.837397642545,0.03634360570210024,1,-0.2908812534796785,0.11535062292361516,0.11976794891978074,0.03691975230470273,0.30826070445133175,0.245319233497615,0.2706484158392976,0.30345018036872945,2023-09-16,raul rosas jr,terrence mitchell,0.7804817549676509,0.7804817549676509,0.219518245032349,1,1.0,1,-198.0,164.0,0.3801303488547936,0.0185656693505812,0.0246517396386398,0.0207102688625234,0.0541560412979042,0.0087118834396522,0.0201342704065016,-835.0,450.0,-700.0,550.0,0.0,0.0,0,0,0,0,0,0,0.0,0,0
151,377.83883130238905,0.03942595127257496,0.7874015748031495,0.12188615817225579,0.0263797618658524,1.7874015748031495,1961.7066988022036,1.6901296428855486,-213.92162242161277,13918.837397642545,0.03634360570210024,1,-0.2908812534796785,0.06522964932296056,0.11976794891978074,0.03691975230470273,0.30826070445133175,0.13604124988035615,0.19259340826178337,0.30345018036872945,2023-09-16,tracy cortez,jasmine jasudavicius,0.6276631810038612,0.6276631810038612,0.3723368189961388,1,1.0,1,-127.0,-104.0,0.21495999522458176,0.0337616142008836,0.0355136730065102,0.0352269955557409,0.0373795583101833,0.0084762280706884,0.0089986517895125,-130.0,-103.0,-118.0,110.0,100.0,0.0,2,0,2,0,0,0,100.0,2,0
152,-668.6672128540648,0.05493914537578244,-1.0,0.010925746885438348,0.0263797618658524,1.4,1961.7066988022036,1.6901296428855486,-213.92162242161277,13918.837397642545,0.03634360570210024,1,-0.2908812534796785,0.033237098309761154,0.11976794891978074,0.03691975230470273,0.30826070445133175,0.016813288601819975,0.07117609693508273,0.30345018036872945,2023-09-16,fernando padilla,kyle nelson,0.7220898192038846,0.7220898192038846,0.2779101807961154,1,0.0,1,-250.0,185.0,0.10953065926464098,0.0263797618658524,0.038783145402318,0.0262663073127574,0.040400359353909,0.0107808807910866,0.0160048334946276,-275.0,200.0,-250.0,220.0,0.0,100.0,0,4,0,4,0,0,0.0,0,0
153,0.0,0.0,0.0,-0.08235910583574968,0.0287452808578468,1.8,2325.8505973365095,1.9999999999999996,38.391452854101544,16283.079447833155,0.03634360570210024,1,0.7523809523809519,0.0,0.11373143251933422,0.033289861443152845,0.29270590113681727,0.0,0.0,0.3195563873331312,2023-09-23,ricardo ramos,charles jourdain,0.5098004967579168,0.4901995032420832,0.5098004967579168,0,0.0,0,-105.0,-125.0,0.0,0.0346209416083251,0.0331297358984499,0.0405383694346594,0.0356521067558167,0.010024087431617,0.0088884421192105,110.0,-150.0,125.0,-135.0,71.42857142857143,50.0,7,8,5,4,2,4,50.0,4,4
154,0.0,0.0,0.0,-0.14017850675214083,0.0287452808578468,1.5747126436781609,2325.8505973365095,1.9999999999999996,38.391452854101544,16283.079447833155,0.03634360570210024,1,0.7523809523809519,0.0,0.11373143251933422,0.033289861443152845,0.29270590113681727,0.0,0.0,0.3195563873331312,2023-09-23,rafael fiziev,mateusz gamrot,0.5460180285588595,0.5460180285588595,0.4539819714411405,1,0.0,1,-174.0,136.0,0.0,0.0262519436002324,0.0325133663094545,0.0391052434963937,0.0449283699489844,0.0045666922716053,0.005095143477187,-155.0,110.0,-130.0,125.0,33.33333333333333,75.0,6,4,2,3,4,1,33.33333333333333,2,4
155,451.7762745441467,0.04057237878760125,0.8,0.2228335759407194,0.0287452808578468,1.8,2325.8505973365095,1.9999999999999996,38.391452854101544,16283.079447833155,0.03634360570210024,1,0.7523809523809519,0.10500307818375301,0.11373143251933422,0.033289861443152845,0.29270590113681727,0.2483238992407553,0.2948605278469968,0.3195563873331312,2023-09-23,bryce mitchell,dan ige,0.679351986633733,0.679351986633733,0.320648013366267,1,1.0,1,-125.0,-105.0,0.3285901404132767,0.0331297358984499,0.0346209416083251,0.0290887615654049,0.040577421308325,0.0074736116073294,0.0100702480417933,-225.0,165.0,-200.0,185.0,80.0,72.72727272727273,5,11,4,8,1,3,80.0,4,1
156,271.3836837387441,0.06824153957330381,0.2857142857142856,0.04401688505088644,0.0287452808578468,1.2857142857142856,2325.8505973365095,1.9999999999999996,38.391452854101544,16283.079447833155,0.03634360570210024,1,0.7523809523809519,0.0779250192490161,0.11373143251933422,0.033289861443152845,0.29270590113681727,0.0792014210064687,0.13552385521002164,0.3195563873331312,2023-09-23,marina rodriguez,michelle waterson gomez,0.8120131328173562,0.8120131328173562,0.1879868671826438,1,1.0,1,-350.0,240.0,0.24385373704885707,0.0263895562040242,0.0455058686325771,0.0324036387667123,0.061002954639881,1.928457393773897e-13,-1.9287349495300532e-13,-420.0,250.0,-325.0,325.0,42.857142857142854,0.0,7,0,3,0,4,0,42.857142857142854,3,4
157,0.0,0.0874271952439678,0.0,-0.0008945440953574968,0.0287452808578468,1.3636363636363638,2325.8505973365095,1.9999999999999996,38.391452854101544,16283.079447833155,0.03634360570210024,1,0.7523809523809519,0.02793791866683066,0.11373143251933422,0.033289861443152845,0.29270590113681727,-0.0014392341711884115,0.054339650103346675,0.3195563873331312,2023-09-23,mizuki,hannah goldy,0.7326773343300711,0.7326773343300711,0.2673226656699289,1,1.0,1,-275.0,200.0,0.0874271952439678,0.0262663073127574,0.040400359353909,0.0360735620034744,0.0710692951393826,-0.0027180520567959,-0.0046097447189734,-460.0,250.0,-345.0,360.0,0.0,33.33333333333333,1,3,0,1,1,2,0.0,0,1
158,0.0,0.0,0.0,-0.07564938960457074,0.0287452808578468,1.4444444444444444,2325.8505973365095,1.9999999999999996,38.391452854101544,16283.079447833155,0.03634360570210024,1,0.7523809523809519,0.0,0.11373143251933422,0.033289861443152845,0.29270590113681727,0.0,0.0,0.3195563873331312,2023-09-23,tim means,andre fialho,0.6399350379660664,0.3600649620339336,0.6399350379660664,0,1.0,0,163.0,-225.0,0.0,0.042226716265892,0.0303091129239294,0.0392764126889053,0.0318698323703832,0.0161735070092879,0.0132018795089556,130.0,-175.0,145.0,-164.0,66.66666666666666,25.0,21,4,14,1,7,3,25.0,1,3
159,-1083.5718090875034,0.0778493043730096,-1.0,0.03508272363646933,0.0287452808578468,1.2222222222222223,2325.8505973365095,1.9999999999999996,38.391452854101544,16283.079447833155,0.03634360570210024,1,0.7523809523809519,0.0808707818441916,0.11373143251933422,0.033289861443152845,0.29270590113681727,0.07115636889994688,0.1247738751781418,0.3195563873331312,2023-09-23,jacob malkoun,cody brundage,0.8468858647934748,0.8468858647934748,0.1531141352065251,1,0.0,1,-450.0,300.0,0.253072024374482,0.0231736516692425,0.0450081665125755,0.0201574573220818,0.0465092093445847,0.010646791850098,0.0229971004894464,-650.0,400.0,-590.0,460.0,33.33333333333333,100.0,3,2,1,2,2,0,33.33333333333333,1,2
160,398.8033036587142,0.042978083470490897,0.6666666666666663,0.09574709718416663,0.0287452808578468,1.6666666666666663,2325.8505973365095,1.9999999999999996,38.391452854101544,16283.079447833155,0.03634360570210024,1,0.7523809523809519,0.06829030746926516,0.11373143251933422,0.033289861443152845,0.29270590113681727,0.11540412930133799,0.17730289744156774,0.3195563873331312,2023-09-23,mohammed usman,jake collier,0.6574482583105001,0.6574482583105001,0.3425517416894998,1,1.0,1,-150.0,110.0,0.21370346573005244,0.0356521067558167,0.0405383694346594,0.0435494356063789,0.0467047580747985,0.0053898078105479,0.0056843893101607,-137.0,-105.0,-115.0,110.0,0.0,55.55555555555556,0,9,0,5,0,4,0.0,0,0
161,0.0,0.0,0.0,-0.052999471649223084,0.0287452808578468,1.5,2325.8505973365095,1.9999999999999996,38.391452854101544,16283.079447833155,0.03634360570210024,1,0.7523809523809519,0.0,0.11373143251933422,0.033289861443152845,0.29270590113681727,0.0,0.0,0.3195563873331312,2023-09-23,bryan battle,aj fletcher,0.6313336855671846,0.6313336855671846,0.3686663144328154,1,1.0,1,-200.0,150.0,0.0,0.0287452808578468,0.0379213858088197,0.0354073098582782,0.0490572451945121,0.0053092353063554,0.0070060356296052,-225.0,155.0,-190.0,180.0,100.0,0.0,3,1,3,0,0,1,100.0,3,0
162,0.0,0.0,0.0,-0.09350083844173263,0.0263895562040242,1.7246376811594204,-1054.285022332824,-1.0,-2849.777177120115,12379.017248380216,0.03634360570210024,1,-4.0,0.0,0.19506148403327714,0.09636767598220917,0.49403743880964746,0.0,0.0,0.1863187183375478,2023-10-07,alexander hernandez,bill algeo,0.5256171609035332,0.4743828390964668,0.5256171609035332,0,0.0,0,105.0,-138.0,0.0,0.0354005882336351,0.0322362225882545,0.0390285135619546,0.0403365658031246,0.0110964976303382,0.0115921013486748,-125.0,-110.0,-115.0,105.0,66.66666666666666,60.0,6,5,4,3,2,2,60.0,3,2
163,-884.8248781396493,0.0543401437654593,-1.0,0.07525514130903621,0.0263895562040242,1.4587155963302751,-1054.285022332824,-1.0,-2849.777177120115,12379.017248380216,0.03634360570210024,1,-4.0,0.03893925259430711,0.19506148403327714,0.09636767598220917,0.49403743880964746,0.10960008707089583,0.14350148644081565,0.1863187183375478,2023-10-07,vanessa demopoulos,kanako murata,0.7371245937275783,0.2628754062724216,0.7371245937275783,0,1.0,0,180.0,-218.0,0.20899270315804816,0.0248129186935715,0.0178645296442542,0.0504338719621719,0.0257962042679043,0.0204955383446889,0.0114141327402398,290.0,-455.0,320.0,-385.0,25.0,0.0,4,0,1,0,3,0,0.0,0,0
164,-910.6672766476418,0.055927214478390774,-1.0,0.18115661109836656,0.0263895562040242,1.5,-1054.285022332824,-1.0,-2849.777177120115,12379.017248380216,0.03634360570210024,1,-4.0,0.07693825188229787,0.19506148403327714,0.09636767598220917,0.49403743880964746,0.25384025940464494,0.29469957612855086,0.1863187183375478,2023-10-07,nate maness,mateus mendonca,0.7874377407322444,0.2125622592677555,0.7874377407322444,0,1.0,0,150.0,-200.0,0.4129389283523905,0.0379213858088197,0.0287452808578468,0.0512520515676035,0.0320812817657297,0.0050262223086338,0.003377139035904,200.0,-300.0,240.0,-250.0,75.0,0.0,4,0,3,0,1,0,0.0,0,0
165,-501.45491400270834,0.030796073654817097,-1.0,0.30133016764713905,0.0263895562040242,2.2,-1054.285022332824,-1.0,-2849.777177120115,12379.017248380216,0.03634360570210024,1,-4.0,0.05639442555537761,0.19506148403327714,0.09636767598220917,0.49403743880964746,0.27678905474650745,0.3295136348180456,0.1863187183375478,2023-10-07,karolina kowalkiewicz,diana belbita,0.5915137125668813,0.4084862874331186,0.5915137125668813,0,1.0,0,-163.0,120.0,0.3026771870189102,0.0339796305551364,0.0403376871081888,0.0498760773124432,0.0577006638542079,0.0043327197703345,0.0049179740317005,-163.0,105.0,-135.0,130.0,80.0,0.0,10,2,8,0,2,2,0.0,0,2
166,-552.8301083301155,0.03395120131307119,-1.0,0.322637264538157,0.0263895562040242,2.1,-1054.285022332824,-1.0,-2849.777177120115,12379.017248380216,0.03634360570210024,1,-4.0,0.06100117413277089,0.19506148403327714,0.09636767598220917,0.49403743880964746,0.3106625470010873,0.34002224817351556,0.1863187183375478,2023-10-07,montana de la rosa,jj aldrich,0.6298272688276938,0.6298272688276938,0.3701727311723062,1,0.0,1,110.0,-135.0,0.3274022850578919,0.0265532308486119,0.0241053304482471,0.0437184576507431,0.0536841397518541,-0.0035639612084824,-0.0042791760464192,-180.0,120.0,-150.0,155.0,71.42857142857143,62.5,7,8,5,5,2,3,71.42857142857143,5,2
167,0.0,0.0,0.0,-0.058481491733898716,0.0263895562040242,1.5714285714285714,-1054.285022332824,-1.0,-2849.777177120115,12379.017248380216,0.03634360570210024,1,-4.0,0.0,0.19506148403327714,0.09636767598220917,0.49403743880964746,0.0,0.0,0.1863187183375478,2023-10-07,alex morono,joaquin buckley,0.5991481416238826,0.4008518583761173,0.5991481416238826,0,0.0,0,130.0,-175.0,0.0,0.0392764126889053,0.0318698323703832,0.0438354898569455,0.0338481259622635,0.003894829625118,0.0030932905705493,140.0,-195.0,165.0,-170.0,84.61538461538461,62.5,13,8,11,5,2,3,62.5,5,3
168,0.0,0.0,0.0,-0.10649314841020824,0.0263895562040242,1.2857142857142856,-1054.285022332824,-1.0,-2849.777177120115,12379.017248380216,0.03634360570210024,1,-4.0,0.0,0.19506148403327714,0.09636767598220917,0.49403743880964746,0.0,0.0,0.1863187183375478,2023-10-07,drew dober,ricky glenn,0.694949773458727,0.694949773458727,0.305050226541273,1,1.0,1,-350.0,240.0,0.0,0.0263895562040242,0.0455058686325771,0.0273349729556402,0.055998360377693,0.0061735975652481,0.0112177067825779,-500.0,300.0,-400.0,360.0,46.15384615384615,0.0,13,1,6,0,7,1,46.15384615384615,6,7
169,0.0,0.0,0.0,-0.10864483304595268,0.0339796305551364,1.25,-1358.3182302975479,-1.0,-812.7669668972852,10207.932051185384,0.03634360570210024,1,-0.8626935436751386,0.0,0.29804815539703516,0.14568892180302176,0.48881000994267854,0.0,0.0,0.12193870367587509,2023-10-14,ashley yoder,emily ducote,0.7130841335632379,0.2869158664367621,0.7130841335632379,0,0.0,0,275.0,-400.0,0.0,0.0431680677672335,0.0234985988994331,0.0462547699698872,0.0245954324592625,0.0140808880534058,0.0079509356920042,280.0,-420.0,330.0,-375.0,50.0,50.0,8,2,4,1,4,1,50.0,1,1
170,0.0,0.0,0.0,-0.1545946336531518,0.0339796305551364,1.6666666666666663,-1358.3182302975479,-1.0,-812.7669668972852,10207.932051185384,0.03634360570210024,1,-0.8626935436751386,0.0,0.29804815539703516,0.14568892180302176,0.48881000994267854,0.0,0.0,0.12193870367587509,2023-10-14,andre petroski,michel pereira,0.507243219808109,0.4927567801918909,0.507243219808109,0,0.0,0,110.0,-150.0,0.0,0.0405383694346594,0.0356521067558167,0.0373723581540192,0.0276438959094966,0.013117781846808,0.0100303663013401,158.0,-210.0,170.0,-188.0,50.0,60.0,2,5,1,3,1,2,60.0,3,2
171,-765.9861664781382,0.06187778489268741,-1.0,0.34570405382008973,0.0339796305551364,1.5714285714285714,-1358.3182302975479,-1.0,-812.7669668972852,10207.932051185384,0.03634360570210024,1,-0.8626935436751386,0.07765210051433694,0.29804815539703516,0.14568892180302176,0.48881000994267854,0.47438167402843023,0.46407503188311083,0.12193870367587509,2023-10-14,sodiq yusuff,edson barboza,0.8563571251582389,0.8563571251582389,0.143642874841761,1,0.0,1,-175.0,130.0,0.6368125802021297,0.0318698323703832,0.0392764126889053,0.0484270906365948,0.0637748728977669,-0.0032481481787822,-0.0040087458705644,-210.0,130.0,-160.0,165.0,100.0,62.5,5,24,5,15,0,9,100.0,5,0
172,-521.2319170017502,0.04210608213426255,-1.0,0.038988989698322485,0.0339796305551364,1.6666666666666663,-1358.3182302975479,-1.0,-812.7669668972852,10207.932051185384,0.03634360570210024,1,-0.8626935436751386,0.016526792103913945,0.29804815539703516,0.14568892180302176,0.48881000994267854,0.04697871192146335,0.11248325283538575,0.12193870367587509,2023-10-14,jennifer maia,viviane araujo,0.6233933938189936,0.6233933938189936,0.3766066061810064,1,0.0,1,-150.0,110.0,0.13553360504671072,0.0356521067558167,0.0405383694346594,0.036423892021262,0.0435897273182001,0.0102625313309884,0.0120435771110157,-167.0,120.0,-148.0,135.0,62.5,57.14285714285714,8,7,5,4,3,3,62.5,5,3
173,-609.9390602131455,0.04927200988373738,-1.0,0.024637328569469208,0.0339796305551364,1.5,-1358.3182302975479,-1.0,-812.7669668972852,10207.932051185384,0.03634360570210024,1,-0.8626935436751386,0.015212142724236277,0.29804815539703516,0.14568892180302176,0.48881000994267854,0.03409414083997348,0.09014936713136965,0.12193870367587509,2023-10-14,darren elkins,tj brown,0.6830915523796461,0.3169084476203538,0.6830915523796461,0,1.0,0,150.0,-200.0,0.12475237365710914,0.0379213858088197,0.0287452808578468,0.0424849594191082,0.0323449725536807,0.0089972730427578,0.0069941981725939,145.0,-200.0,168.0,-180.0,66.66666666666666,33.33333333333333,24,3,16,1,8,2,33.33333333333333,1,2
174,411.5905540921479,0.034911501706914934,0.9523809523809523,0.06865500454951512,0.0339796305551364,1.9523809523809523,-1358.3182302975479,-1.0,-812.7669668972852,10207.932051185384,0.03634360570210024,1,-0.8626935436751386,0.016288585818947297,0.29804815539703516,0.14568892180302176,0.48881000994267854,0.07001889939773633,0.13097811228436826,0.12193870367587509,2023-10-14,jonathan martinez,adrian yanez,0.54735988037902,0.54735988037902,0.45264011962098,1,1.0,1,-105.0,-125.0,0.13358011302337558,0.0346209416083251,0.0331297358984499,0.0413302908951865,0.0425271514528219,0.0079040929445077,0.0082026718967256,-125.0,-112.0,-112.0,105.0,62.5,80.0,8,5,5,4,3,1,62.5,5,3
175,338.4754650396627,0.04784968402050784,0.5714285714285714,0.07918867893544651,0.0339796305551364,1.5714285714285714,-1358.3182302975479,-1.0,-812.7669668972852,10207.932051185384,0.03634360570210024,1,-0.8626935436751386,0.022314703728624555,0.29804815539703516,0.14568892180302176,0.48881000994267854,0.10360447414108064,0.13987308012536476,0.12193870367587509,2023-10-14,chris gutierrez,alatengheili,0.6867564320498296,0.6867564320498296,0.3132435679501704,1,1.0,1,-175.0,145.0,0.18299935177217566,0.0197703920738484,0.0247565095959103,0.0331191175513195,0.0533006355351002,0.0111348839931298,0.0171023084231671,-305.0,200.0,-270.0,235.0,57.14285714285714,100.0,7,2,4,2,3,0,57.14285714285714,4,3
176,334.3241576639381,0.044021941811538,0.6134969325153374,0.03126641695916105,0.0339796305551364,1.6134969325153374,-1358.3182302975479,-1.0,-812.7669668972852,10207.932051185384,0.03634360570210024,1,-0.8626935436751386,0.015707976430707763,0.29804815539703516,0.14568892180302176,0.48881000994267854,0.03919623477856007,0.10275724028563582,0.12193870367587509,2023-10-14,christian rodriguez,cameron saaiman,0.6391499086096701,0.6391499086096701,0.3608500913903298,1,1.0,1,-163.0,120.0,0.12881862736921568,0.0339796305551364,0.0403376871081888,0.056786349620442,0.0632519095856794,-0.0080341770837868,-0.0086516087124379,-155.0,-105.0,-115.0,123.0,0.0,0.0,0,0,0,0,0,0,0.0,0,0
177,0.0,0.0,0.0,-0.13221002250911768,0.0318698323703832,1.5050505050505052,1344.6752387098124,1.1428571428571428,-396.62501952949106,11155.982270365705,0.03634360570210024,1,-0.8149350649350648,0.0,0.1307319422269036,0.033272976967954164,0.2545129858944821,0.0,0.0,0.27800096199152935,2023-10-21,said nurmagomedov,muin gafurov,0.5765852870577003,0.5765852870577003,0.4234147129422997,1,1.0,1,-198.0,164.0,0.0,0.0185656693505812,0.0246517396386398,0.0328963273661757,0.0574046759783059,0.0077693340819139,0.0125009361883561,-360.0,225.0,-300.0,270.0,50.0,0.0,6,0,3,0,3,0,50.0,3,3
178,-515.499179101974,0.050499863882039885,-1.0,0.03447289838115236,0.0318698323703832,1.5,1344.6752387098124,1.1428571428571428,-396.62501952949106,11155.982270365705,0.03634360570210024,1,-0.8149350649350648,0.030911860228248756,0.1307319422269036,0.033272976967954164,0.2545129858944821,0.048176306824405254,0.07956519606980125,0.27800096199152935,2023-10-21,kamaru usman,khamzat chimaev,0.6896485989207682,0.6896485989207682,0.3103514010792317,1,0.0,1,-200.0,170.0,0.11119335705460845,0.0158443011302963,0.0211927359067407,0.1393363835339639,0.0765191894644662,-0.0745124372220023,-0.0577626950531299,145.0,-420.0,320.0,-170.0,87.5,100.0,16,4,14,4,2,0,87.5,14,2
179,181.3197387110163,0.07105052729654907,0.25,0.012866697072310612,0.0318698323703832,1.25,1344.6752387098124,1.1428571428571428,-396.62501952949106,11155.982270365705,0.03634360570210024,1,-0.8149350649350648,0.0297991391483886,0.1307319422269036,0.033272976967954164,0.2545129858944821,0.025157655925532738,0.054821930225920405,0.27800096199152935,2023-10-21,ikram aliskerov,warlley alves,0.8102933576578485,0.8102933576578485,0.1897066423421515,1,1.0,1,-400.0,325.0,0.10719077709269428,0.012482843450473,0.0228112741965859,0.0193305613455002,0.0461456291306901,0.0074805382028051,0.016124612011787,-700.0,425.0,-599.0,500.0,0.0,54.54545454545454,0,11,0,6,0,5,0.0,0,0
180,0.0,0.0,0.0,-0.03942545516144649,0.0318698323703832,1.3448275862068966,1344.6752387098124,1.1428571428571428,-396.62501952949106,11155.982270365705,0.03634360570210024,1,-0.8149350649350648,0.0,0.1307319422269036,0.033272976967954164,0.2545129858944821,0.0,0.0,0.27800096199152935,2023-10-21,islam makhachev,alexander volkanovski,0.7142733794953346,0.7142733794953346,0.2857266205046653,1,1.0,1,-290.0,215.0,0.0,0.0236688803786396,0.0373811806714214,0.0335071987325586,0.0522530299613847,0.0038879195626169,0.0055817774070801,-286.0,190.0,-230.0,220.0,88.88888888888889,80.0,9,5,8,4,1,1,88.88888888888889,8,1
181,0.0,0.0,0.0,-0.04721083344121482,0.0318698323703832,1.1540832049306626,1344.6752387098124,1.1428571428571428,-396.62501952949106,11155.982270365705,0.03634360570210024,1,-0.8149350649350648,0.0,0.1307319422269036,0.033272976967954164,0.2545129858944821,0.0,0.0,0.27800096199152935,2023-10-21,tim elliott,muhammad mokaev,0.8255810001290408,0.1744189998709591,0.8255810001290408,0,0.0,0,400.0,-649.0,0.0,0.0463733949129643,0.0201152566224162,0.0519045260331316,0.0249003894814613,0.0199385267373082,0.0105368897600506,320.0,-520.0,360.0,-435.0,66.66666666666666,100.0,12,1,8,1,4,0,100.0,1,0
182,0.0,0.0,0.0,-0.11780042699364135,0.0318698323703832,1.25,1344.6752387098124,1.1428571428571428,-396.62501952949106,11155.982270365705,0.03634360570210024,1,-0.8149350649350648,0.0,0.1307319422269036,0.033272976967954164,0.2545129858944821,0.0,0.0,0.27800096199152935,2023-10-21,mike breeden,anshul jubli,0.7057596584050869,0.2942403415949131,0.7057596584050869,0,1.0,0,275.0,-400.0,0.0,0.0431680677672335,0.0234985988994331,0.0387829816191838,0.0247303060291531,0.0170409233821761,0.0113217753715841,210.0,-286.0,225.0,-258.0,100.0,0.0,1,0,1,0,0,0,0.0,0,0
183,-588.9217991968779,0.057692566549606895,-1.0,0.011634609104046123,0.0318698323703832,1.3636363636363638,1344.6752387098124,1.1428571428571428,-396.62501952949106,11155.982270365705,0.03634360570210024,1,-0.8149350649350648,0.033024537160365505,0.1307319422269036,0.033272976967954164,0.2545129858944821,0.018715653135508003,0.07384774696307757,0.27800096199152935,2023-10-21,nathaniel wood,muhammad naimov,0.7418653800096338,0.7418653800096338,0.2581346199903662,1,0.0,1,-275.0,200.0,0.1187928880669548,0.0262663073127574,0.040400359353909,0.0331676104446071,0.0609500366142162,0.0071041905483018,0.0116722137702711,-400.0,240.0,-315.0,285.0,50.0,0.0,6,0,3,0,3,0,50.0,3,3
184,255.25744876898307,0.06876593423573868,0.36363636363636376,0.14668406494624425,0.0318698323703832,1.3636363636363638,1344.6752387098124,1.1428571428571428,-396.62501952949106,11155.982270365705,0.03634360570210024,1,-0.8149350649350648,0.12701251432704852,0.1307319422269036,0.033272976967954164,0.2545129858944821,0.23978232311334652,0.2794898160449093,0.27800096199152935,2023-10-21,viktoriia dudakova,jinh yu frey,0.8409016476272457,0.8409016476272457,0.1590983523727542,1,1.0,1,-275.0,200.0,0.45687796695796534,0.0262663073127574,0.040400359353909,0.0245334200524655,0.0548316593126138,0.0073418189481296,0.0146707596682225,-600.0,350.0,-500.0,430.0,0.0,25.0,0,4,0,1,0,3,0.0,0,0
185,271.2187712893616,0.04649647424928408,0.5714285714285714,0.0605156626447923,0.0318698323703832,1.5714285714285714,1344.6752387098124,1.1428571428571428,-396.62501952949106,11155.982270365705,0.03634360570210024,1,-0.8149350649350648,0.04946990000544813,0.1307319422269036,0.033272976967954164,0.2545129858944821,0.07851708733444396,0.13715080034173688,0.27800096199152935,2023-10-21,abu azaitar,sedriques dumas,0.6748736035012315,0.3251263964987684,0.6748736035012315,0,0.0,0,130.0,-175.0,0.1779486648213666,0.0392764126889053,0.0318698323703832,0.0324336545732737,0.0219881141342093,0.0173439193397179,0.0120174704327312,194.0,-250.0,205.0,-235.0,0.0,0.0,1,0,0,0,1,0,0.0,0,0
186,-527.8426238173265,0.04731476001171731,-1.0,0.25626471983941956,0.0154210319511368,1.6666666666666663,-1572.7339899791252,-1.0,-560.816226454431,9022.432053932149,0.03634360570210024,1,-0.9919191919191919,0.0863141162026932,0.18306757209803817,0.067425133847658,0.36830735817892324,0.31345310874141885,0.35545242133145394,0.19852563337999124,2023-11-04,angela hill,denise gomes,0.7537588319036519,0.2462411680963481,0.7537588319036519,0,1.0,0,110.0,-150.0,0.4347756747234865,0.0405383694346594,0.0356521067558167,0.0405383694346594,0.0356521067558167,0.0109908024649661,0.0097248284201562,110.0,-150.0,125.0,-136.0,71.42857142857143,0.0,14,0,10,0,4,0,0.0,0,0
187,244.82280391634876,0.060349926564367745,0.36363636363636376,0.056014315503760514,0.0154210319511368,1.3636363636363638,-1572.7339899791252,-1.0,-560.816226454431,9022.432053932149,0.03634360570210024,1,-0.9919191919191919,0.04563981054869887,0.18306757209803817,0.067425133847658,0.36830735817892324,0.09021385249056972,0.1427424171407764,0.19852563337999124,2023-11-04,vitor petrino,modestas bukauskas,0.774410498036091,0.774410498036091,0.225589501963909,1,1.0,1,-275.0,200.0,0.22989379140446434,0.0262663073127574,0.040400359353909,0.0262663073127574,0.040400359353909,0.0107808807910866,0.0160048334946276,-275.0,200.0,-250.0,220.0,0.0,50.0,0,2,0,1,0,1,0.0,0,0
188,257.00573390735167,0.05183433312077012,0.4444444444444444,0.011979486799303107,0.0154210319511368,1.4444444444444444,-1572.7339899791252,-1.0,-560.816226454431,9022.432053932149,0.03634360570210024,1,-0.9919191919191919,0.02267329632094131,0.18306757209803817,0.067425133847658,0.36830735817892324,0.017491295608945596,0.07821936885896047,0.19852563337999124,2023-11-04,rodrigo nascimento,dontale mayes,0.7006011831687483,0.7006011831687483,0.2993988168312517,1,1.0,1,-225.0,163.0,0.11420840691913631,0.0303091129239294,0.042226716265892,0.0310750834453099,0.0429812949588945,0.0129435018925526,0.0173595284104776,-222.0,160.0,-200.0,175.0,33.33333333333333,100.0,3,4,1,4,2,0,33.33333333333333,1,2
189,-743.7804136931646,0.06667099280615679,-1.0,0.0283758581414727,0.0154210319511368,1.2857142857142856,-1572.7339899791252,-1.0,-560.816226454431,9022.432053932149,0.03634360570210024,1,-0.9919191919191919,0.038696824270415646,0.18306757209803817,0.067425133847658,0.36830735817892324,0.05100782417339056,0.10843536382415628,0.19852563337999124,2023-11-04,gabriel bonfim,nicolas dalby,0.79984788966559,0.79984788966559,0.20015211033441,1,0.0,1,-350.0,240.0,0.19492104677660116,0.0263895562040242,0.0455058686325771,0.0227641382476544,0.0529432003907186,0.0039890844425638,0.007915677462198,-654.0,380.0,-500.0,460.0,0.0,42.857142857142854,0,7,0,3,0,4,0.0,0,0
190,208.97827323235975,0.09366197801670997,0.19999999999999996,0.07598709122534802,0.0154210319511368,1.2,-1572.7339899791252,-1.0,-560.816226454431,9022.432053932149,0.03634360570210024,1,-0.9919191919191919,0.08761836890936106,0.18306757209803817,0.067425133847658,0.36830735817892324,0.1652186568147131,0.20298283171256085,0.19852563337999124,2023-11-04,jailton almeida,derrick lewis,0.8966559093544567,0.8966559093544567,0.1033440906455432,1,1.0,1,-500.0,350.0,0.4413453689461536,0.0183207744122606,0.0372347811432948,0.0238024988898787,0.0500254819148462,0.0027031247490677,0.0049891829432399,-530.0,330.0,-420.0,400.0,100.0,65.21739130434783,3,23,3,15,0,8,100.0,3,0
191,0.0,0.047660522408745146,0.0,-0.005526483929907761,0.0154210319511368,1.2777777777777777,-1572.7339899791252,-1.0,-560.816226454431,9022.432053932149,0.03634360570210024,1,-0.9919191919191919,0.009461835398417396,0.18306757209803817,0.067425133847658,0.36830735817892324,-0.01022932842228753,0.025749013064147674,0.19852563337999124,2023-11-04,caio borralho,abus magomedov,0.7782836212722462,0.7782836212722462,0.2217163787277538,1,1.0,1,-360.0,285.0,0.047660522408745146,0.0154210319511368,0.0269279234412967,0.0268586889264477,0.0452247318867654,0.0125333245801031,0.0200164041721571,-333.0,230.0,-295.0,250.0,100.0,0.0,2,0,2,0,0,0,100.0,2,0
192,0.0,0.0,0.0,-0.21457771565876976,0.0356521067558167,1.2857142857142856,-841.0447508393403,-1.0,106.38248592982404,8287.769789022632,0.03634360570210024,1,0.06382978723404253,0.0,0.09898194700396963,0.023393770981235625,0.23634381510294425,0.0,0.0,0.3671740837815879,2023-11-11,dennis buzukja,jamall emmers,0.610883998932068,0.389116001067932,0.610883998932068,0,0.0,0,240.0,-350.0,0.0,0.0455058686325771,0.0263895562040242,0.0367206685581574,0.0244846045115223,0.0220105402839789,0.0148558191630255,195.0,-260.0,210.0,-250.0,0.0,0.0,0,1,0,0,0,1,0.0,0,1
193,-370.3403558327291,0.04104662175553072,-1.0,0.08652584923260481,0.0356521067558167,1.7246376811594204,-841.0447508393403,-1.0,106.38248592982404,8287.769789022632,0.03634360570210024,1,0.06382978723404253,0.06688175892986513,0.09898194700396963,0.023393770981235625,0.23634381510294425,0.10042599259815242,0.1569406344103195,0.3671740837815879,2023-11-11,jiri prochazka,alex pereira,0.6300023831684851,0.6300023831684851,0.3699976168315149,1,0.0,1,-138.0,105.0,0.18215272233006916,0.0322362225882545,0.0354005882336351,0.0380921227560495,0.036694202030275,0.0035674892898627,0.0034681579896869,-108.0,-125.0,105.0,-108.0,50.0,33.33333333333333,2,3,1,1,1,2,50.0,1,1
194,0.0,0.0,0.0,-0.13224190694452465,0.0356521067558167,1.617283950617284,-841.0447508393403,-1.0,106.38248592982404,8287.769789022632,0.03634360570210024,1,0.06382978723404253,0.0,0.09898194700396963,0.023393770981235625,0.23634381510294425,0.0,0.0,0.3671740837815879,2023-11-11,sergei pavlovich,tom aspinall,0.5365527140266679,0.4634472859733321,0.5365527140266679,0,0.0,0,126.0,-162.0,0.0,0.0330959581500014,0.0277025286432159,0.0539482046897022,0.0525535902843704,-0.0058975671206943,-0.0057168347376098,-118.0,-130.0,110.0,-105.0,83.33333333333334,66.66666666666666,6,3,5,2,1,1,66.66666666666666,2,1
195,0.0,0.0,0.0,-0.13816528542317208,0.0356521067558167,1.5555555555555556,-841.0447508393403,-1.0,106.38248592982404,8287.769789022632,0.03634360570210024,1,0.06382978723404253,0.0,0.09898194700396963,0.023393770981235625,0.23634381510294425,0.0,0.0,0.3671740837815879,2023-11-11,jessica andrade,mackenzie dern,0.5540366022279608,0.4459633977720392,0.5540366022279608,0,1.0,0,150.0,-180.0,0.0,0.023977822082381,0.0188793207747618,0.0543229674285924,0.0373212374231595,-0.0031457964422627,-0.0023186844320541,165.0,-250.0,205.0,-200.0,70.58823529411765,66.66666666666666,17,9,12,6,5,3,66.66666666666666,6,3
196,226.34816356754712,0.047164062301974605,0.5319148936170213,0.0060505650108855225,0.0356521067558167,1.5319148936170213,-841.0447508393403,-1.0,106.38248592982404,8287.769789022632,0.03634360570210024,1,0.06382978723404253,0.033474354838812156,0.09898194700396963,0.023393770981235625,0.23634381510294425,0.008127250403534573,0.06787228750975714,0.3671740837815879,2023-11-11,matt frevola,benoit st denis,0.6567274521598836,0.3432725478401164,0.6567274521598836,0,0.0,0,140.0,-188.0,0.09116753147186785,0.0389594877010522,0.0304849567433922,0.0424756094014026,0.0289529620271689,0.0183309337818654,0.0129598093732845,180.0,-250.0,195.0,-225.0,20.0,100.0,5,1,1,1,4,0,100.0,1,0
197,0.0,0.03761262213194196,0.0,-0.0160156386698998,0.0356521067558167,1.6369426751592355,-841.0447508393403,-1.0,106.38248592982404,8287.769789022632,0.03634360570210024,1,0.06382978723404253,0.013810380069918865,0.09898194700396963,0.023393770981235625,0.23634381510294425,-0.01983777037070848,0.030365820061216145,0.3671740837815879,2023-11-11,john castaneda,kyung ho kang,0.6011110689837578,0.6011110689837578,0.3988889310162422,1,1.0,1,-157.0,125.0,0.03761262213194196,0.0253734979718009,0.0299658881068846,0.0556298878253879,0.0600163706780133,-0.010505156280396,-0.0111398653646256,-145.0,-110.0,-110.0,120.0,33.33333333333333,60.0,3,5,1,3,2,2,33.33333333333333,1,2
198,0.0,0.0,0.0,-0.1305140198556408,0.0356521067558167,1.1428571428571428,-841.0447508393403,-1.0,106.38248592982404,8287.769789022632,0.03634360570210024,1,0.06382978723404253,0.0,0.09898194700396963,0.023393770981235625,0.23634381510294425,0.0,0.0,0.3671740837815879,2023-11-11,mateusz rebecki,roosevelt roberts,0.7608002326263144,0.7608002326263144,0.2391997673736856,1,1.0,1,-700.0,440.0,0.0,0.0178159844126093,0.0423692007725759,0.0222662126981324,0.0615127534337747,0.0073515603841003,0.0169021709591832,-920.0,450.0,-700.0,570.0,0.0,60.0,0,5,0,3,0,2,0.0,0,0
199,250.374678195006,0.05217045605807242,0.5319148936170213,0.16023587868560002,0.0356521067558167,1.5319148936170213,-841.0447508393403,-1.0,106.38248592982404,8287.769789022632,0.03634360570210024,1,0.06382978723404253,0.13131631631314813,0.09898194700396963,0.023393770981235625,0.23634381510294425,0.21675523856958026,0.26438501449862123,0.3671740837815879,2023-11-11,jared gordon,mark madsen,0.7573761985864333,0.7573761985864333,0.2426238014135666,1,1.0,1,-188.0,140.0,0.3576404820315726,0.0304849567433922,0.0389594877010522,0.048882055120245,0.0730045373545829,-0.0049335981742362,-0.0065606546993268,-270.0,155.0,-190.0,200.0,70.0,100.0,10,2,7,2,3,0,70.0,7,3
200,0.0,0.0,0.0,-0.12417268554282757,0.0356521067558167,1.6666666666666663,-841.0447508393403,-1.0,106.38248592982404,8287.769789022632,0.03634360570210024,1,0.06382978723404253,0.0,0.09898194700396963,0.023393770981235625,0.23634381510294425,0.0,0.0,0.3671740837815879,2023-11-11,tabatha ricci,loopy godinez,0.5254963886743036,0.4745036113256964,0.5254963886743036,0,0.0,0,110.0,-150.0,0.0,0.0405383694346594,0.0356521067558167,0.065883310614716,0.0477530530216476,-0.0073993665019633,-0.0058281467255499,140.0,-230.0,180.0,-170.0,100.0,100.0,2,1,2,1,0,0,100.0,1,0
201,0.0,0.0,0.0,-0.1558578712762752,0.0356521067558167,1.6666666666666663,-841.0447508393403,-1.0,106.38248592982404,8287.769789022632,0.03634360570210024,1,0.06382978723404253,0.0,0.09898194700396963,0.023393770981235625,0.23634381510294425,0.0,0.0,0.3671740837815879,2023-11-11,diego lopes,pat sabatini,0.506485277234235,0.493514722765765,0.506485277234235,0,1.0,0,110.0,-150.0,0.0,0.0405383694346594,0.0356521067558167,0.0397682082192976,0.0376443050362698,0.0056843893101607,0.0053898078105479,-105.0,-130.0,110.0,-115.0,0.0,50.0,0,4,0,2,0,2,50.0,2,2
202,184.25491091271496,0.055580365889495824,0.3999999999999999,0.033807011565177236,0.0304849567433922,1.4,947.1794919678221,0.9298148659850789,739.4733699228146,9974.422650913268,0.03634360570210024,1,1.5552915169936448,0.07884896552771385,0.08101394124127802,0.016412468316401387,0.20258819735138311,0.05175426567139278,0.11481229012379317,0.44860927817177393,2023-11-18,chase hooper,jordan leavitt,0.7384335796894124,0.7384335796894124,0.2615664203105876,1,1.0,1,-250.0,175.0,0.17576311807247627,0.0316294610237879,0.0462926168982899,0.0387831778135211,0.0535245144941712,0.0105863884816312,0.0140669243072746,-225.0,150.0,-195.0,175.0,50.0,66.66666666666666,6,3,3,2,3,1,50.0,3,3
203,175.286052657584,0.05816240762947181,0.36363636363636376,0.020433661261767044,0.0304849567433922,1.3636363636363638,947.1794919678221,0.9298148659850789,739.4733699228146,9974.422650913268,0.03634360570210024,1,1.5552915169936448,0.0631734201868389,0.08101394124127802,0.016412468316401387,0.20258819735138311,0.03287007253091398,0.08754103275401483,0.44860927817177393,2023-11-18,brendan allen,paul craig,0.7483180182586291,0.7483180182586291,0.2516819817413709,1,1.0,1,-275.0,200.0,0.14082058321283672,0.0262663073127574,0.040400359353909,0.0229549701164013,0.0455088724167607,0.0105368897600506,0.0199385267373082,-470.0,310.0,-435.0,360.0,50.0,66.66666666666666,8,9,4,6,4,3,50.0,4,4
204,0.0,0.07158026633038987,0.0,-0.012479475559590059,0.0304849567433922,1.4,947.1794919678221,0.9298148659850789,739.4733699228146,9974.422650913268,0.03634360570210024,1,1.5552915169936448,0.032111571609819534,0.08101394124127802,0.016412468316401387,0.20258819735138311,-0.019116765898058195,0.04672778800465323,0.44860927817177393,2023-11-18,michael morales,jake matthews,0.7053718031717214,0.7053718031717214,0.2946281968282785,1,1.0,1,-250.0,175.0,0.07158026633038987,0.0316294610237879,0.0462926168982899,0.0332736403229043,0.0592303469179249,0.0050443462470817,0.0081135484897602,-375.0,230.0,-300.0,280.0,0.0,60.0,0,15,0,9,0,6,0.0,0,0
205,0.0,0.010649847009917397,0.0,-0.030525272741470183,0.0304849567433922,1.2857142857142856,947.1794919678221,0.9298148659850789,739.4733699228146,9974.422650913268,0.03634360570210024,1,1.5552915169936448,0.004777620179758868,0.08101394124127802,0.016412468316401387,0.20258819735138311,-0.05491884262399907,0.0059194525794794865,0.44860927817177393,2023-11-18,luana pinheiro,amanda ribas,0.7540358989788566,0.2459641010211433,0.7540358989788566,0,0.0,0,240.0,-350.0,0.010649847009917397,0.0455058686325771,0.0263895562040242,0.038783145402318,0.0263797618658524,0.0118345224887278,0.0083420222779808,185.0,-250.0,205.0,-225.0,100.0,66.66666666666666,1,6,1,4,0,2,66.66666666666666,4,2
206,154.51900232525975,0.07178024656768435,0.2597402597402598,0.03472356371083549,0.0304849567433922,1.2597402597402598,947.1794919678221,0.9298148659850789,739.4733699228146,9974.422650913268,0.03634360570210024,1,1.5552915169936448,0.08920964607403215,0.08101394124127802,0.016412468316401387,0.20258819735138311,0.06625735530266524,0.10421584613749833,0.44860927817177393,2023-11-18,christian leroy duncan,denis tiuliulin,0.8213784990281889,0.8213784990281889,0.178621500971811,1,1.0,1,-385.0,295.0,0.1988582278939703,0.0167730992220773,0.0302058907296384,0.0226929585201978,0.0553558219676071,0.0079485465369132,0.0165396771038527,-720.0,400.0,-549.0,460.0,0.0,50.0,0,2,0,1,0,1,0.0,0,0
207,0.0,0.0,0.0,-0.13901255730766368,0.0304849567433922,1.3355704697986577,947.1794919678221,0.9298148659850789,739.4733699228146,9974.422650913268,0.03634360570210024,1,1.5552915169936448,0.0,0.08101394124127802,0.016412468316401387,0.20258819735138311,0.0,0.0,0.44860927817177393,2023-11-18,jeka saragih,lucas alexander,0.6446589395033071,0.3553410604966928,0.6446589395033071,0,1.0,0,240.0,-298.0,0.0,0.0263970780483009,0.0164642876034875,0.0469818316877542,0.0210943416515769,0.0146707596682225,0.0073418189481296,375.0,-602.0,430.0,-500.0,0.0,100.0,0,1,0,1,0,0,100.0,1,0
208,0.0,0.049074920280347156,0.0,-0.01744707792630612,0.0304849567433922,1.8,947.1794919678221,0.9298148659850789,739.4733699228146,9974.422650913268,0.03634360570210024,1,1.5552915169936448,0.022015464563303888,0.08101394124127802,0.016412468316401387,0.20258819735138311,-0.01935944580983707,0.04422719362779545,0.44860927817177393,2023-11-18,lucie pudilova,ailin perez,0.5458627344853855,0.4541372655146146,0.5458627344853855,0,0.0,0,-105.0,-125.0,0.049074920280347156,0.0346209416083251,0.0331297358984499,0.0424849594191082,0.0323449725536807,0.0117264411987806,0.0092525797802403,145.0,-200.0,160.0,-175.0,50.0,0.0,6,0,3,0,3,0,0.0,0,0
209,0.0,0.08176265718255976,0.0,-0.0001821684244294186,0.0304849567433922,1.6134969325153374,947.1794919678221,0.9298148659850789,739.4733699228146,9974.422650913268,0.03634360570210024,1,1.5552915169936448,0.03667948662007434,0.08101394124127802,0.016412468316401387,0.20258819735138311,-0.00022854593365329934,0.06517103235231671,0.44860927817177393,2023-11-18,jonathan pearce,joanderson brito,0.6196589602540609,0.6196589602540609,0.3803410397459391,1,0.0,1,-163.0,120.0,0.08176265718255976,0.0339796305551364,0.0403376871081888,0.0472907115587453,0.0527092884412548,5.018208071305708e-14,-5.0071058410594566e-14,-150.0,100.0,-125.0,125.0,33.33333333333333,0.0,3,1,1,0,2,1,33.33333333333333,1,2
210,225.413404027256,0.05113283915445447,0.5319148936170213,0.1365665469493172,0.0304849567433922,1.5319148936170213,947.1794919678221,0.9298148659850789,739.4733699228146,9974.422650913268,0.03634360570210024,1,1.5552915169936448,0.14208964264340637,0.08101394124127802,0.016412468316401387,0.20258819735138311,0.1842294895242581,0.2347898672870103,0.44860927817177393,2023-11-18,chad anheliger,jose johnson,0.7419253848141376,0.2580746151858624,0.7419253848141376,0,0.0,0,140.0,-188.0,0.3167336244637361,0.0389594877010522,0.0304849567433922,0.0447437640681861,0.0321793128548906,0.0066811132708881,0.0049706391526762,160.0,-225.0,188.0,-198.0,100.0,0.0,1,0,1,0,0,0,0.0,0,0
211,-470.30830134551536,0.047151430995602886,-1.0,0.08690437650941762,0.0193403204872646,1.5714285714285714,-758.3666799531663,-1.0,-223.0349722577102,8993.020998702392,0.03634360570210023,1,0.20909090909090855,0.04719535753131755,0.16972879435277105,0.07593729573063866,0.4474037302875526,0.11282975926648017,0.1697636801008315,0.21412751937990113,2023-12-02,wellington turman,jared gooden,0.6916664214150839,0.6916664214150839,0.308333578584916,1,0.0,1,-175.0,130.0,0.22040771624306923,0.0318698323703832,0.0392764126889053,0.0354073098582782,0.0490572451945121,0.0026047361397324,0.0034448706358273,-225.0,155.0,-190.0,185.0,33.33333333333333,75.0,6,4,2,3,4,1,33.33333333333333,2,4
212,0.0,0.0,0.0,-0.10992830255211428,0.0193403204872646,1.5714285714285714,-758.3666799531663,-1.0,-223.0349722577102,8993.020998702392,0.03634360570210023,1,0.20909090909090855,0.0,0.16972879435277105,0.07593729573063866,0.4474037302875526,0.0,0.0,0.21412751937990113,2023-12-02,miesha tate,julia avila,0.5664092620122909,0.4335907379877091,0.5664092620122909,0,1.0,0,130.0,-175.0,0.0,0.0392764126889053,0.0318698323703832,0.0391632570108818,0.0337961593137875,0.010024087431617,0.0088884421192105,115.0,-155.0,125.0,-135.0,50.0,66.66666666666666,10,3,5,2,5,1,66.66666666666666,2,1
213,377.9967383641284,0.029151233308921144,1.2999999999999998,0.28653346167103244,0.0193403204872646,2.3,-758.3666799531663,-1.0,-223.0349722577102,8993.020998702392,0.03634360570210023,1,0.20909090909090855,0.05804214507070446,0.16972879435277105,0.07593729573063866,0.4474037302875526,0.253130699717013,0.30683259671445307,0.21412751937990113,2023-12-02,veronica hardy,jamey lyn horth,0.5593623746395794,0.5593623746395794,0.4406376253604206,1,1.0,1,130.0,-175.0,0.2710634543322157,0.0392764126889053,0.0318698323703832,0.0539929637072302,0.0400693525773081,0.0045169354546639,0.0035345943359963,143.0,-215.0,170.0,-176.0,0.0,0.0,0,0,0,0,0,0,0.0,0,0
214,0.0,0.0,0.0,-0.15221748169979837,0.0193403204872646,1.3636363636363638,-758.3666799531663,-1.0,-223.0349722577102,8993.020998702392,0.03634360570210023,1,0.20909090909090855,0.0,0.16972879435277105,0.07593729573063866,0.4474037302875526,0.0,0.0,0.21412751937990113,2023-12-02,punahele soriano,dustin stoltzfus,0.6217071800868145,0.6217071800868145,0.3782928199131855,1,0.0,1,-275.0,200.0,0.0,0.0262663073127574,0.040400359353909,0.0403787225592451,0.0716756068125715,-0.0085032903280842,-0.0128642310394371,-375.0,210.0,-260.0,290.0,33.33333333333333,100.0,3,3,1,3,2,0,33.33333333333333,1,2
215,336.8765488582827,0.03715144391943146,0.9090909090909087,0.1557302065080467,0.0193403204872646,1.9090909090909087,-758.3666799531663,-1.0,-223.0349722577102,8993.020998702392,0.03634360570210023,1,0.20909090909090855,0.045130581964087285,0.16972879435277105,0.07593729573063866,0.4474037302875526,0.16299698018111428,0.20136859928646914,0.21412751937990113,2023-12-02,sean brady,kelvin gastelum,0.6053824891232626,0.6053824891232626,0.3946175108767373,1,1.0,1,-110.0,-110.0,0.2107649782465253,0.0238095238095238,0.0238095238095238,0.0390285135619546,0.0403365658031246,0.0057123740755625,0.0059020277827417,-125.0,-110.0,-110.0,105.0,60.0,70.58823529411765,5,17,3,12,2,5,60.0,3,2
216,0.0,0.0,0.0,-0.10576189954207188,0.0193403204872646,1.4444444444444444,-758.3666799531663,-1.0,-223.0349722577102,8993.020998702392,0.03634360570210023,1,0.20909090909090855,0.0,0.16972879435277105,0.07593729573063866,0.4474037302875526,0.0,0.0,0.21412751937990113,2023-12-02,clay guida,joaquim silva,0.6190879157016426,0.3809120842983574,0.6190879157016426,0,0.0,0,163.0,-225.0,0.0,0.042226716265892,0.0303091129239294,0.0401929323625033,0.0232991311295601,0.0196094724471568,0.011763076572451,250.0,-350.0,275.0,-325.0,68.42105263157895,80.0,19,5,13,4,6,1,80.0,4,1
217,-467.59995813460597,0.04687990217577075,-1.0,0.26599314747834146,0.0193403204872646,1.704225352112676,-758.3666799531663,-1.0,-223.0349722577102,8993.020998702392,0.03634360570210023,1,0.20909090909090855,0.08683586748511346,0.16972879435277105,0.07593729573063866,0.4474037302875526,0.3199849179590432,0.3371068682163781,0.21412751937990113,2023-12-02,rob font,deiveson figueiredo,0.742855483231093,0.742855483231093,0.257144516768907,1,0.0,1,-142.0,120.0,0.4055334304370792,0.0193403204872646,0.0219819935623222,0.0436704114276651,0.0481663232662122,4.1189274213593314e-14,-4.1133763062362056e-14,-145.0,100.0,-120.0,120.0,25.0,36.36363636363637,12,11,3,4,9,7,25.0,3,9
218,0.0,0.0,0.0,-0.029210416493962277,0.0161132176026266,1.2941176470588236,1077.0872223840158,1.0145530145530146,430.4046767673548,10500.512897853761,0.03634360570210024,1,0.8482328482328483,0.0,0.048679903572668486,0.007732885237970603,0.15885169588364306,0.0,0.0,0.7465833544194918,2023-12-09,song yadong,chris gutierrez,0.7501555872546655,0.7501555872546655,0.2498444127453345,1,1.0,1,-340.0,270.0,0.0,0.0159136481215457,0.0270838948759972,0.0234985988994331,0.0431680677672335,0.0079721434521814,0.0137080733499867,-400.0,275.0,-350.0,310.0,60.0,57.14285714285714,5,7,3,4,2,3,60.0,3,2
219,0.0,0.018337776898651605,0.0,-0.016027107206014524,0.0161132176026266,1.4,1077.0872223840158,1.0145530145530146,430.4046767673548,10500.512897853761,0.03634360570210024,1,0.8482328482328483,0.013690678989591578,0.048679903572668486,0.007732885237970603,0.15885169588364306,-0.02491052299949347,0.011798287666647625,0.7465833544194918,2023-12-09,junyong park,andre muniz,0.7028377805671325,0.7028377805671325,0.2971622194328674,1,0.0,1,-250.0,205.0,0.018337776898651605,0.0169990228350114,0.0251555439097192,0.0309382953035842,0.0411928522373992,0.0068736474747453,0.0088867938176105,-205.0,150.0,-182.0,170.0,57.14285714285714,75.0,7,4,4,3,3,1,57.14285714285714,4,3
220,0.0,0.0016836307534573876,0.0,-0.019421341469060244,0.0161132176026266,1.289855072463768,1077.0872223840158,1.0145530145530146,430.4046767673548,10500.512897853761,0.03634360570210024,1,0.8482328482328483,0.0012569706955200327,0.048679903572668486,0.007732885237970603,0.15885169588364306,-0.03524558559555502,0.0009277294508856407,0.7465833544194918,2023-12-09,hyunsung park,shannon ross,0.7602239038048859,0.7602239038048859,0.239776096195114,1,1.0,1,-345.0,275.0,0.0016836307534573876,0.0154613702995864,0.0264861952434845,0.0256705297628697,0.0620954276839387,2.033928581113287e-13,-2.0328183580886621e-13,-700.0,370.0,-500.0,500.0,0.0,0.0,0,0,0,0,0,0,0.0,0,0
221,0.0,0.0,0.0,-0.045015160573200874,0.0161132176026266,1.5555555555555556,1077.0872223840158,1.0145530145530146,430.4046767673548,10500.512897853761,0.03634360570210024,1,0.8482328482328483,0.0,0.048679903572668486,0.007732885237970603,0.15885169588364306,0.0,0.0,0.7465833544194918,2023-12-09,tim elliott,sumudaerji,0.6139188253457994,0.6139188253457994,0.3860811746542005,1,1.0,1,-180.0,150.0,0.0,0.0188793207747618,0.023977822082381,0.0431714906097131,0.0515744180896838,-0.0023774773989838,-0.0027665555228268,-170.0,115.0,-140.0,143.0,66.66666666666666,0.0,12,1,8,0,4,1,66.66666666666666,8,4
222,240.84142767317482,0.04954471264546842,0.5405405405405406,0.08132620198533258,0.0161132176026266,1.5405405405405406,1077.0872223840158,1.0145530145530146,430.4046767673548,10500.512897853761,0.03634360570210024,1,0.8482328482328483,0.14446531564951842,0.048679903572668486,0.007732885237970603,0.15885169588364306,0.10937963763748396,0.14387299968486775,0.7465833544194918,2023-12-09,luana santos,stephanie egger,0.7019134995343387,0.7019134995343387,0.2980865004656613,1,1.0,1,-185.0,154.0,0.1935019241915029,0.0187287731158957,0.0240948213032229,0.0437184576507431,0.0536841397518541,0.0037266099034956,0.0044366554026268,-180.0,120.0,-150.0,145.0,0.0,33.33333333333333,0,3,0,1,0,2,0.0,0,0
223,189.56324909417992,0.06850651851529974,0.3076923076923077,0.06646856211870944,0.0161132176026266,1.3076923076923077,1077.0872223840158,1.0145530145530146,430.4046767673548,10500.512897853761,0.03634360570210024,1,0.8482328482328483,0.19838381146280143,0.048679903572668486,0.007732885237970603,0.15885169588364306,0.11752795940640116,0.15028063289173615,0.7465833544194918,2023-12-09,tatsuro taira,carlos hernandez,0.8155347827966601,0.8155347827966601,0.1844652172033398,1,1.0,1,-325.0,260.0,0.265722253635102,0.0159258302766661,0.0265578298540526,0.022603743223569,0.052396256776431,0.0079485465369132,0.0165396771038527,-650.0,380.0,-549.0,460.0,100.0,100.0,1,1,1,1,0,0,100.0,1,0
224,0.0,0.0,0.0,-0.03854039602926873,0.0161132176026266,1.3636363636363638,1077.0872223840158,1.0145530145530146,430.4046767673548,10500.512897853761,0.03634360570210024,1,0.8482328482328483,0.0,0.048679903572668486,0.007732885237970603,0.15885169588364306,0.0,0.0,0.7465833544194918,2023-12-09,steve garcia,melquizael costa,0.7050703762452029,0.2949296237547971,0.7050703762452029,0,1.0,0,225.0,-275.0,0.0,0.0249124234230143,0.0161132176026266,0.1708091299956771,0.0641283463211095,-0.079428882979462,-0.0569347533841742,190.0,-810.0,500.0,-230.0,33.33333333333333,0.0,3,0,1,0,2,0,0.0,0,0
225,327.9349157833474,0.039037964022973486,0.8,0.01077643501808706,0.0149406726683033,1.8,-867.1109207584639,-1.0,286.4794478619068,9919.881424957204,0.03634360570210023,1,0.38041206913387327,0.007374882062440149,0.2854256239816463,0.1673148637396767,0.5861942645711288,0.01198467915389913,0.05207973062164902,0.12733126477963744,2023-12-16,tagir ulanbekov,cody durden,0.5615424638989372,0.5615424638989372,0.4384575361010627,1,1.0,1,-125.0,105.0,0.05791886285904171,0.0209693281226405,0.0223911054816955,0.0300383853541615,0.0380170058163911,0.0066124609957317,0.0081859111833285,-184.0,138.0,-165.0,155.0,100.0,0.0,1,2,1,0,0,2,100.0,1,0
226,0.0,0.036204001126729425,0.0,-0.001671913884069287,0.0149406726683033,1.526315789473684,-867.1109207584639,-1.0,286.4794478619068,9919.881424957204,0.03634360570210023,1,0.38041206913387327,0.004609901253549877,0.2854256239816463,0.1673148637396767,0.5861942645711288,-0.002282511184333171,0.026519025430459257,0.12733126477963744,2023-12-16,leon edwards,colby covington,0.6540770219380236,0.3459229780619763,0.6540770219380236,0,1.0,0,165.0,-190.0,0.036204001126729425,0.0184412731607164,0.0140896311984247,0.0540345762905364,0.0633999313878737,-0.0130812168183127,-0.014696560959465,-170.0,105.0,-125.0,140.0,71.42857142857143,90.9090909090909,14,11,10,10,4,1,90.9090909090909,10,1
227,0.0,0.0,0.0,-0.02683426401241229,0.0149406726683033,1.4,-867.1109207584639,-1.0,286.4794478619068,9919.881424957204,0.03634360570210023,1,0.38041206913387327,0.0,0.2854256239816463,0.1673148637396767,0.5861942645711288,0.0,0.0,0.12733126477963744,2023-12-16,alexandre pantoja,brandon royval,0.695118382848277,0.695118382848277,0.304881617151723,1,1.0,1,-250.0,205.0,0.0,0.0169990228350114,0.0251555439097192,0.0371726935547459,0.0519538661600491,1.318944953254686e-13,-1.3183898417423734e-13,-230.0,155.0,-190.0,190.0,55.55555555555556,50.0,9,6,5,3,4,3,55.55555555555556,5,4
228,280.55463866720385,0.0654595514924934,0.40816326530612246,0.1665087886978977,0.0149406726683033,1.4081632653061225,-867.1109207584639,-1.0,286.4794478619068,9919.881424957204,0.03634360570210023,1,0.38041206913387327,0.056267580539264714,0.2854256239816463,0.1673148637396767,0.5861942645711288,0.260535141073958,0.2824190841817507,0.12733126477963744,2023-12-16,shavkat rakhmonov,stephen thompson,0.8283902992202462,0.8283902992202462,0.1716097007797538,1,1.0,1,-245.0,200.0,0.44189917249815075,0.0176336326648498,0.0258446282047153,0.0224612607845574,0.058124819801523,0.0074805382028051,0.016124612011787,-810.0,425.0,-599.0,500.0,100.0,37.5,4,16,4,6,0,10,100.0,4,0
229,-506.3705699061753,0.048223412973443826,-1.0,0.3548279944607803,0.0149406726683033,1.7246376811594204,-867.1109207584639,-1.0,286.4794478619068,9919.881424957204,0.03634360570210023,1,0.38041206913387327,0.06697967000672132,0.2854256239816463,0.1673148637396767,0.5861942645711288,0.42520129980494703,0.4389663641948764,0.12733126477963744,2023-12-16,josh emmett,bryce mitchell,0.7855725346033096,0.2144274653966904,0.7855725346033096,0,1.0,0,105.0,-138.0,0.5260268962429452,0.0354005882336351,0.0322362225882545,0.061426947082126,0.0393056536504747,-0.0053995569573773,-0.0037852880483632,180.0,-290.0,235.0,-225.0,50.0,80.0,10,5,5,4,5,1,80.0,4,1
230,-360.7403508522886,0.03435454575995251,-1.0,0.32816230446602157,0.0149406726683033,2.1,-867.1109207584639,-1.0,286.4794478619068,9919.881424957204,0.03634360570210023,1,0.38041206913387327,0.04152392629289229,0.2854256239816463,0.1673148637396767,0.5861942645711288,0.31653499797059553,0.3380884358378077,0.12733126477963744,2023-12-16,irene aldana,karol rosa,0.632458240221915,0.367541759778085,0.632458240221915,0,1.0,0,-130.0,110.0,0.32610943089864536,0.0198146558599141,0.0215932116349099,0.0276690712633215,0.0356666078359044,0.0119222790570989,0.0150663573065374,-190.0,145.0,-175.0,156.0,28.57142857142857,66.66666666666666,7,6,2,4,5,2,66.66666666666666,4,2
231,0.0,0.0210250721413286,0.0,-0.01864110155514448,0.0149406726683033,1.6756756756756757,-867.1109207584639,-1.0,286.4794478619068,9919.881424957204,0.03634360570210023,1,0.38041206913387327,0.002677149027838491,0.2854256239816463,0.1673148637396767,0.5861942645711288,-0.02250351347927778,0.017416413901395984,0.12733126477963744,2023-12-16,cody garbrandt,brian kelleher,0.5856496652009622,0.5856496652009622,0.4143503347990378,1,1.0,1,-148.0,124.0,0.0210250721413286,0.0200233728765578,0.0231793921004005,0.0323449725536807,0.0424849594191082,0.0060407793468502,0.0076813475828238,-200.0,145.0,-175.0,165.0,63.63636363636363,58.333333333333336,11,12,7,7,4,5,63.63636363636363,7,4
232,0.0,0.0,0.0,-0.08558529002067994,0.0149406726683033,1.5405405405405406,-867.1109207584639,-1.0,286.4794478619068,9919.881424957204,0.03634360570210023,1,0.38041206913387327,0.0,0.2854256239816463,0.1673148637396767,0.5861942645711288,0.0,0.0,0.12733126477963744,2023-12-16,andre fili,lucas almeida,0.5935674433199095,0.5935674433199095,0.4064325566800905,1,1.0,1,-185.0,150.0,0.0,0.0215226119526049,0.0276001950649388,0.0314687124102657,0.0403703680495044,0.0130774919038434,0.0160680825707692,-190.0,140.0,-165.0,146.0,50.0,0.0,16,0,8,0,8,0,50.0,8,8
233,348.8486153632227,0.036544260326367276,0.9090909090909087,0.058629529187689045,0.0149406726683033,1.9090909090909087,-867.1109207584639,-1.0,286.4794478619068,9919.881424957204,0.03634360570210023,1,0.38041206913387327,0.013884259575595543,0.2854256239816463,0.1673148637396767,0.5861942645711288,0.0612586880123197,0.10436055667777398,0.12733126477963744,2023-12-16,alonzo menifield,dustin jacoby,0.5545202295745039,0.5545202295745039,0.4454797704254961,1,1.0,1,-110.0,-110.0,0.10904045914900773,0.0238095238095238,0.0238095238095238,0.0446806160174017,0.0279000291438885,0.0088909621741966,0.0058970759460792,210.0,-300.0,240.0,-258.0,33.33333333333333,71.42857142857143,6,7,2,5,4,2,33.33333333333333,2,4
234,196.25219880659688,0.0710211360835047,0.26315789473684204,0.031368445123093086,0.0149406726683033,1.263157894736842,-867.1109207584639,-1.0,286.4794478619068,9919.881424957204,0.03634360570210023,1,0.38041206913387327,0.022682787874110925,0.2854256239816463,0.1673148637396767,0.5861942645711288,0.0596548312962798,0.09367177473511543,0.12733126477963744,2023-12-16,tony ferguson,paddy pimblett,0.8165000190557821,0.1834999809442179,0.8165000190557821,0,0.0,0,300.0,-380.0,0.17813997146236085,0.0267259939983634,0.0149406726683033,0.053537512894376,0.0300538183749737,0.0019506583992603,0.0012138985627648,240.0,-375.0,295.0,-300.0,84.21052631578947,100.0,19,2,16,2,3,0,100.0,2,0
235,-361.24734744823576,0.03641649854194646,-1.0,0.02206502211745559,0.0178645296442542,1.9090909090909087,2020.0315493780206,2.544788732394366,-281.9028376198311,11658.010136715395,0.03634360570210023,1,-0.7107241428368187,0.018131966469253226,0.1417803823189016,0.05279277425745966,0.3723559874363629,0.02306390285278887,0.06767131335597439,0.2563373374205879,2024-01-13,ricky simon,mario bautista,0.5353673925377149,0.5353673925377149,0.4646326074622851,1,0.0,1,-110.0,-110.0,0.07073478507542985,0.0238095238095238,0.0238095238095238,0.0361183306746932,0.0472150026586399,0.0092525797802403,0.0117264411987806,-200.0,140.0,-175.0,160.0,37.5,50.0,8,6,3,3,5,3,37.5,3,5
236,0.0,0.0,0.0,-0.025568629918667513,0.0178645296442542,1.263157894736842,2020.0315493780206,2.544788732394366,-281.9028376198311,11658.010136715395,0.03634360570210023,1,-0.7107241428368187,0.0,0.1417803823189016,0.05279277425745966,0.3723559874363629,0.0,0.0,0.2563373374205879,2024-01-13,magomed ankalaev,johnny walker,0.7714248346477216,0.7714248346477216,0.2285751653522784,1,1.0,1,-380.0,300.0,0.0,0.0149406726683033,0.0267259939983634,0.0203702672464597,0.0448072113337117,0.0114146253407002,0.0233734834512037,-588.0,375.0,-520.0,410.0,87.5,70.0,8,10,7,7,1,3,87.5,7,1
237,-344.20082534833875,0.034698078596219074,-1.0,0.0015878158566029477,0.0178645296442542,2.0,2020.0315493780206,2.544788732394366,-281.9028376198311,11658.010136715395,0.03634360570210023,1,-0.7107241428368187,0.011769186231507996,0.1417803823189016,0.05279277425745966,0.3723559874363629,0.0015867015274160631,0.04594512748600842,0.2563373374205879,2024-01-13,jim miller,gabriel benitez,0.5007939079283015,0.4992060920716986,0.5007939079283015,0,1.0,0,-120.0,100.0,0.04591288319499704,0.0222254993026449,0.0232290461519004,0.0381928960244635,0.0459821881506205,0.0015438546424745,0.0018155137962591,-170.0,120.0,-145.0,143.0,77.77777777777779,58.333333333333336,27,12,21,7,6,5,58.333333333333336,7,5
238,324.98957551236475,0.046521241278803784,0.704225352112676,0.25503862752889206,0.0178645296442542,1.704225352112676,2020.0315493780206,2.544788732394366,-281.9028376198311,11658.010136715395,0.03634360570210023,1,-0.7107241428368187,0.10014420723615894,0.1417803823189016,0.05279277425745966,0.3723559874363629,0.30625834776708794,0.3253359015724557,0.2563373374205879,2024-01-13,andrei arlovski,waldo cortes acosta,0.7364276244177796,0.2635723755822203,0.7364276244177796,0,0.0,0,120.0,-142.0,0.39067350953968283,0.0219819935623222,0.0193403204872646,0.0641035868646892,0.0247853020241994,0.0102346078084227,0.0047226571488422,400.0,-800.0,550.0,-620.0,47.82608695652174,100.0,23,1,11,1,12,0,100.0,1,0
239,252.64187639483507,0.05042710631633698,0.5050505050505052,0.04786379127906171,0.0178645296442542,1.5050505050505052,2020.0315493780206,2.544788732394366,-281.9028376198311,11658.010136715395,0.03634360570210023,1,-0.7107241428368187,0.0364581375684948,0.1417803823189016,0.05279277425745966,0.3723559874363629,0.0664439025041277,0.10245533414502453,0.2563373374205879,2024-01-13,farid basharat,taylor lapilus,0.6962316465545443,0.6962316465545443,0.3037683534454557,1,1.0,1,-198.0,164.0,0.14222718366101997,0.0185656693505812,0.0246517396386398,0.0367071186546835,0.0652665655558427,0.0014132614949387,0.0021903421086648,-375.0,220.0,-275.0,270.0,0.0,66.66666666666666,0,3,0,2,0,1,0.0,0,0
240,0.0,0.0009221349616926865,0.0,-0.03994072891853384,0.0178645296442542,1.8333333333333333,2020.0315493780206,2.544788732394366,-281.9028376198311,11658.010136715395,0.03634360570210023,1,-0.7107241428368187,0.00023637762082273907,0.1417803823189016,0.05279277425745966,0.3723559874363629,-0.0436172424276082,0.0008444078644448554,0.2563373374205879,2024-01-13,marcus mcghee,gaston bolanos,0.5236686933171634,0.5236686933171634,0.4763313066828366,1,1.0,1,-120.0,100.0,0.0009221349616926865,0.0222254993026449,0.0232290461519004,0.0320074376552271,0.0485994850569588,0.0061511049596503,0.0087372325093323,-270.0,185.0,-225.0,210.0,0.0,0.0,0,0,0,0,0,0,0.0,0,0
241,358.890757894761,0.033499015066240825,1.08,0.21757554427527437,0.0178645296442542,2.08,2020.0315493780206,2.544788732394366,-281.9028376198311,11658.010136715395,0.03634360570210023,1,-0.7107241428368187,0.062087466818509074,0.1417803823189016,0.05279277425745966,0.3723559874363629,0.20985819859389632,0.25111705525544525,0.2563373374205879,2024-01-13,matthew semelsberger,preston parsons,0.5853728578246511,0.4146271421753489,0.5853728578246511,0,0.0,0,-134.0,108.0,0.24221000125564415,0.0254964789661268,0.0279223244526766,0.0547328252090848,0.0559391115498085,0.0,0.0,-130.0,-120.0,100.0,100.0,80.0,100.0,5,1,4,1,1,0,100.0,1,0
242,-512.9768746252174,0.05171199661062788,-1.0,0.005115319456120426,0.0178645296442542,1.4587155963302751,2020.0315493780206,2.544788732394366,-281.9028376198311,11658.010136715395,0.03634360570210023,1,-0.7107241428368187,0.016484375191127092,0.1417803823189016,0.05279277425745966,0.3723559874363629,0.0074382856153735665,0.04422425568650648,0.2563373374205879,2024-01-13,phil hawes,brunno ferreira,0.6890413196271518,0.6890413196271518,0.3109586803728482,1,0.0,1,-218.0,180.0,0.06430735123100775,0.0178645296442542,0.0248129186935715,0.0419785626092642,0.0376630501333938,0.011226566499427,0.0100393345948003,105.0,-145.0,122.0,-133.0,0.0,0.0,2,0,0,0,2,0,0.0,0,2
243,425.1864375057834,0.03315601208716756,1.1,0.09073999373897534,0.0197976060171143,2.1,3072.2094022945316,3.3343750000000014,1535.6080110519397,16265.827550061866,0.03634360570210024,1,3.770583083083083,0.02660250926548726,0.16232350654116667,0.07940243962554815,0.4891616828485096,0.08655006683991492,0.1245682445289659,0.2238961348021593,2024-01-20,brad katona,garrett armfield,0.5193999970185597,0.4806000029814404,0.5193999970185597,0,0.0,0,-130.0,110.0,0.11881629528349812,0.0198146558599141,0.0215932116349099,0.0335868100922149,0.0479136923081421,-0.00149304451628,-0.0019896580609198,-238.0,165.0,-192.0,195.0,50.0,0.0,2,0,1,0,1,0,0.0,0,0
244,415.4730066133993,0.03394134788756763,1.0499999999999998,0.07681783518927943,0.0197976060171143,2.05,3072.2094022945316,3.3343750000000014,1535.6080110519397,16265.827550061866,0.03634360570210024,1,3.770583083083083,0.02507199574852959,0.16232350654116667,0.07940243962554815,0.4891616828485096,0.0749204833484074,0.11481636749964064,0.2238961348021593,2024-01-20,raquel pennington,mayra bueno silva,0.5252769927752583,0.5252769927752583,0.4747230072247417,1,1.0,1,105.0,-125.0,0.11198047599474588,0.0223911054816955,0.0209693281226405,0.0445306861063439,0.035641993511294,0.0041528607789635,0.0033886173507499,130.0,-182.0,155.0,-160.0,57.14285714285714,40.0,14,5,8,2,6,3,57.14285714285714,8,6
245,517.2053303799105,0.02398097493272327,1.85,0.4882158002369811,0.0197976060171143,2.85,3072.2094022945316,3.3343750000000014,1535.6080110519397,16265.827550061866,0.03634360570210024,1,3.770583083083083,0.06525946039802485,0.16232350654116667,0.07940243962554815,0.4891616828485096,0.36719119939679273,0.38753992325757386,0.2238961348021593,2024-01-20,neil magny,mike malott,0.5221809825392916,0.5221809825392916,0.4778190174607084,1,1.0,1,185.0,-225.0,0.29147202766894514,0.0252599077377893,0.017924977552359,0.0485511303510214,0.0258078440079528,0.0044799502582534,0.0026684056198946,275.0,-420.0,320.0,-333.0,75.0,100.0,24,1,18,1,6,0,75.0,18,6
246,-404.7601925045577,0.03471949224248981,-1.0,0.03666878598618206,0.0197976060171143,2.0,3072.2094022945316,3.3343750000000014,1535.6080110519397,16265.827550061866,0.03634360570210024,1,3.770583083083083,0.01778550606486538,0.16232350654116667,0.07940243962554815,0.4891616828485096,0.036616152650153666,0.07955059870901225,0.2238961348021593,2024-01-20,chris curtis,marc andre barriault,0.518334392993091,0.4816656070069089,0.518334392993091,0,1.0,0,-120.0,100.0,0.07943641403448583,0.0222254993026449,0.0232290461519004,0.0323449725536807,0.0424849594191082,0.0063172493997234,0.0079277648452907,-200.0,145.0,-170.0,160.0,40.0,50.0,5,6,2,3,3,3,50.0,3,3
247,341.2745578787829,0.043325262179168524,0.6756756756756757,0.0681111806136957,0.0197976060171143,1.6756756756756757,3072.2094022945316,3.3343750000000014,1535.6080110519397,16265.827550061866,0.03634360570210024,1,3.770583083083083,0.03209424022938596,0.16232350654116667,0.07940243962554815,0.4891616828485096,0.08216682603762944,0.11882351619639267,0.2238961348021593,2024-01-20,arnold allen,movsar evloev,0.6374211884307539,0.362578811569246,0.6374211884307539,0,0.0,0,124.0,-148.0,0.14334432462510038,0.0231793921004005,0.0200233728765578,0.0505486528676731,0.0369513471323268,0.0035498741145587,0.0027157900458423,150.0,-220.0,180.0,-185.0,100.0,100.0,9,5,9,5,0,0,100.0,5,0
248,0.0,0.0,0.0,-0.0717345732926159,0.0197976060171143,1.6134969325153374,3072.2094022945316,3.3343750000000014,1535.6080110519397,16265.827550061866,0.03634360570210024,1,3.770583083083083,0.0,0.16232350654116667,0.07940243962554815,0.4891616828485096,0.0,0.0,0.2238961348021593,2024-01-20,sean strickland,dricus du plessis,0.5753127929783407,0.5753127929783407,0.4246872070216593,1,0.0,1,-163.0,130.0,0.0,0.0247612869285928,0.0297931848849301,0.0295086003293498,0.0291846444104065,0.0133836474646081,0.0132362843277373,-110.0,-115.0,-103.0,-108.0,62.5,75.0,16,4,10,3,6,1,62.5,10,6
249,372.21349762947875,0.03831324487775908,0.8333333333333333,0.04263945550456588,0.0197976060171143,1.8333333333333333,3072.2094022945316,3.3343750000000014,1535.6080110519397,16265.827550061866,0.03634360570210024,1,3.770583083083083,0.021359425990068084,0.16232350654116667,0.07940243962554815,0.4891616828485096,0.04646707197748645,0.08754056072816829,0.2238961348021593,2024-01-20,yohan lainesse,sam patterson,0.5687124302752178,0.4312875697247822,0.5687124302752178,0,0.0,0,100.0,-120.0,0.09539881520930163,0.0232290461519004,0.0222254993026449,0.0317390172665457,0.0365518649778248,0.0148658126750279,0.0168980139318478,-152.0,115.0,-140.0,123.0,100.0,0.0,2,0,2,0,0,0,0.0,0,0
250,334.27314696922156,0.055052657756714835,0.5208333333333337,0.18102796805068105,0.0197976060171143,1.5208333333333337,3072.2094022945316,3.3343750000000014,1535.6080110519397,16265.827550061866,0.03634360570210024,1,3.770583083083083,0.08521116041917377,0.16232350654116667,0.07940243962554815,0.4891616828485096,0.2506743481871929,0.2748436235913464,0.2238961348021593,2024-01-20,jasmine jasudavicius,priscila cachoeira,0.776566335156612,0.776566335156612,0.223433664843388,1,1.0,1,-192.0,160.0,0.380583436576378,0.0182505690586025,0.0238990621321243,0.0243698925239813,0.0468551787010899,0.0060493342867347,0.0106970771965188,-440.0,290.0,-375.0,340.0,0.0,60.0,0,5,0,3,0,2,0.0,0,0
251,-421.56540548090544,0.03616100865732135,-1.0,0.16132163710223202,0.0197976060171143,1.9523809523809523,3072.2094022945316,3.3343750000000014,1535.6080110519397,16265.827550061866,0.03634360570210024,1,3.770583083083083,0.04657652534031344,0.16232350654116667,0.07940243962554815,0.4891616828485096,0.16512550691103628,0.2032352083525964,0.2238961348021593,2024-01-20,malcolm gordon,jimmy flick,0.5948232775401676,0.5948232775401676,0.4051767224598324,1,0.0,1,-105.0,-115.0,0.20802737564661272,0.0237995764494319,0.0232792664320201,0.0303226816346757,0.0417927029807088,0.0092209531274553,0.012351434216744,-220.0,160.0,-198.0,180.0,100.0,100.0,2,1,2,1,0,0,100.0,2,0
252,-395.300345671183,0.03390804614470489,-1.0,0.05024914965254412,0.0197976060171143,2.05,3072.2094022945316,3.3343750000000014,1535.6080110519397,16265.827550061866,0.03634360570210024,1,3.770583083083083,0.01964393076888063,0.16232350654116667,0.07940243962554815,0.4891616828485096,0.049013809395701505,0.08994811320317951,0.2238961348021593,2024-01-20,charles jourdain,sean woodson,0.5123166583670947,0.5123166583670947,0.4876833416329053,1,0.0,1,105.0,-125.0,0.08773680164795404,0.0223911054816955,0.0209693281226405,0.0328021299651515,0.044889323974915,0.0063138851626378,0.0083632185555616,-218.0,155.0,-192.0,180.0,50.0,66.66666666666666,8,3,4,2,4,1,50.0,4,4
253,351.60797773200926,0.040716276995102135,0.7407407407407407,0.016810014946623042,0.0197976060171143,1.7407407407407407,3072.2094022945316,3.3343750000000014,1535.6080110519397,16265.827550061866,0.03634360570210024,1,3.770583083083083,0.014808655564962353,0.16232350654116667,0.07940243962554815,0.4891616828485096,0.01940310738686928,0.05730148116100253,0.2238961348021593,2024-01-20,gillian robertson,polyana viana,0.5841249022033792,0.5841249022033792,0.4158750977966208,1,1.0,1,-135.0,114.0,0.06614073788298169,0.0197976060171143,0.0219601987154369,0.0244710577765612,0.0404640071585036,0.0132320044983534,0.021225999808897,-320.0,230.0,-298.0,250.0,75.0,66.66666666666666,8,6,6,4,2,2,75.0,6,2
254,476.3764075091231,0.04393041848405477,0.6666666666666663,0.08706744535036237,0.0303091129239294,1.6666666666666663,-1569.4267413812522,-1.0,1831.0519171450658,16527.45272582568,0.03634360570210024,1,2.9430976430976425,0.04726197071906599,0.13307992414286288,0.04509897292503749,0.3388863738502226,0.10573765155486793,0.14250250570970174,0.27309608069121644,2024-02-03,roman dolidze,nassourdine imavov,0.6522404672102176,0.3477595327897825,0.6522404672102176,0,0.0,0,125.0,-150.0,0.17305986449693517,0.0239067079634055,0.0205377364810389,0.0394941881497001,0.0314277976659026,0.0084564946909956,0.0069281206936196,135.0,-182.0,150.0,-160.0,50.0,40.0,6,5,3,2,3,3,40.0,2,3
255,519.7299515473085,0.03834271204076537,0.8333333333333333,0.1482881971047496,0.0303091129239294,1.8333333333333333,-1569.4267413812522,-1.0,1831.0519171450658,16527.45272582568,0.03634360570210024,1,2.9430976430976425,0.06432728456878083,0.13307992414286288,0.04509897292503749,0.3388863738502226,0.1612270044391977,0.21664494080679486,0.27309608069121644,2024-02-03,renato moicano,drew dober,0.6263390166025907,0.6263390166025907,0.3736609833974093,1,1.0,1,-120.0,-110.0,0.23554817925605545,0.0342505339758,0.0350135352882691,0.0275120581245014,0.0367759521615804,0.0110442112995078,0.014498572863966,-205.0,155.0,-190.0,170.0,50.0,46.15384615384615,12,13,6,6,6,7,50.0,6,6
256,357.683553132965,0.060472162765054786,0.36363636363636376,0.05787772893971582,0.0303091129239294,1.3636363636363638,-1569.4267413812522,-1.0,1831.0519171450658,16527.45272582568,0.03634360570210024,1,2.9430976430976425,0.06405705946010289,0.13307992414286288,0.04509897292503749,0.3388863738502226,0.09322616300777385,0.14562140019923914,0.27309608069121644,2024-02-03,viviane araujo,natalia silva,0.7757770012224582,0.2242229987775418,0.7757770012224582,0,0.0,0,200.0,-275.0,0.2345586919371822,0.040400359353909,0.0262663073127574,0.0384120227667849,0.0219744506631668,0.0156231090990241,0.0094395475425798,260.0,-360.0,280.0,-320.0,57.14285714285714,100.0,7,1,4,1,3,0,100.0,1,0
257,384.90454412878074,0.06389114024166301,0.37037037037037024,0.10079853495921298,0.0303091129239294,1.3703703703703702,-1569.4267413812522,-1.0,1831.0519171450658,16527.45272582568,0.03634360570210024,1,2.9430976430976425,0.08587411028259495,0.13307992414286288,0.04509897292503749,0.3388863738502226,0.16349371653862455,0.19386523532970945,0.27309608069121644,2024-02-03,randy brown,muslim salikhov,0.803285417402669,0.803285417402669,0.196714582597331,1,1.0,1,-270.0,220.0,0.31444651298269954,0.0166724502068655,0.0255572795228642,0.0232672650437236,0.0361554853807244,0.0115168679678883,0.0175408323226886,-280.0,210.0,-265.0,230.0,61.53846153846154,80.0,13,5,8,4,5,1,61.53846153846154,8,5
258,541.0227143226033,0.036587439767403675,0.9090909090909087,0.06880283252370711,0.0303091129239294,1.9090909090909087,-1569.4267413812522,-1.0,1831.0519171450658,16527.45272582568,0.03634360570210024,1,2.9430976430976425,0.0326891107881022,0.13307992414286288,0.04509897292503749,0.3388863738502226,0.07188734230154384,0.11456224869087354,0.27309608069121644,2024-02-03,jeongyeong lee,blake bilder,0.5598491027505134,0.5598491027505134,0.4401508972494866,1,1.0,1,-110.0,-110.0,0.11969820550102672,0.0238095238095238,0.0238095238095238,0.0618532887055095,0.0821331596287647,-0.0202051321177616,-0.0243217695519972,-222.0,120.0,-145.0,175.0,0.0,0.0,0,0,0,0,0,0,0.0,0,0
259,497.08554602876694,0.03820014263790688,0.8,0.013776191774909352,0.0303091129239294,1.8,-1569.4267413812522,-1.0,1831.0519171450658,16527.45272582568,0.03634360570210024,1,2.9430976430976425,0.023321456477943474,0.13307992414286288,0.04509897292503749,0.3388863738502226,0.015268212638131228,0.07705151500507004,0.27309608069121644,2024-02-03,luana carolina,julija stoliarenko,0.5632089954305052,0.5632089954305052,0.4367910045694948,1,1.0,1,-125.0,-105.0,0.08539652571694178,0.0331297358984499,0.0346209416083251,0.0419727244288765,0.0352142395505403,0.0045892256315728,0.0039141757289713,120.0,-165.0,140.0,-145.0,0.0,66.66666666666666,3,3,0,2,3,1,0.0,0,3
260,0.0,0.0,0.0,-0.12430641775003809,0.0303091129239294,1.4,-1569.4267413812522,-1.0,1831.0519171450658,16527.45272582568,0.03634360570210024,1,2.9430976430976425,0.0,0.13307992414286288,0.04509897292503749,0.3388863738502226,0.0,0.0,0.27309608069121644,2024-02-03,molly mccann,diana belbita,0.62549541589283,0.62549541589283,0.37450458410717,1,1.0,1,-250.0,175.0,0.0,0.0316294610237879,0.0462926168982899,0.0331191175513195,0.0533006355351002,0.0034952866482546,0.0051571035745445,-305.0,200.0,-245.0,235.0,42.857142857142854,0.0,7,2,3,0,4,2,42.857142857142854,3,4
261,0.0,0.0659569757543359,0.0,-0.002793863370049804,0.0303091129239294,1.3076923076923077,-1569.4267413812522,-1.0,1831.0519171450658,16527.45272582568,0.03634360570210024,1,2.9430976430976425,0.018012591572754724,0.13307992414286288,0.04509897292503749,0.3388863738502226,-0.004903192256604936,0.0375826133089257,0.27309608069121644,2024-02-03,themba gorimbo,pete rodriguez,0.7625693985993737,0.7625693985993737,0.2374306014006263,1,1.0,1,-325.0,250.0,0.0659569757543359,0.0189025255882738,0.031517642478953,0.0403527617777185,0.0585483371233802,-0.0049335981742362,-0.0065606546993268,-250.0,160.0,-190.0,200.0,100.0,100.0,1,1,1,1,0,0,100.0,1,0
262,-945.7507995244821,0.05814341733389919,-1.0,0.14056145532097308,0.0303091129239294,1.4444444444444444,-1569.4267413812522,-1.0,1831.0519171450658,16527.45272582568,0.03634360570210024,1,2.9430976430976425,0.10311425532960293,0.13307992414286288,0.04509897292503749,0.3388863738502226,0.20693091551308357,0.2564744505752647,0.27309608069121644,2024-02-03,gilbert urbina,charles radtke,0.789619469068366,0.789619469068366,0.210380530931634,1,0.0,1,-225.0,163.0,0.37757500974974406,0.0303091129239294,0.042226716265892,0.0335629363891705,0.0460939263559275,0.0063138851626378,0.0083632185555616,-220.0,155.0,-192.0,180.0,0.0,0.0,1,0,0,0,1,0,0.0,0,1
263,429.3175196773113,0.04987396735931412,0.5208333333333337,0.056727840609445135,0.0193403204872646,1.5208333333333337,-1585.6957202508545,-1.0,-1310.4366430753837,13631.32036249944,0.03634360570210023,1,-1.77494131455399,0.029695819409303683,0.18847741165490453,0.07513324532370119,0.3986326248010425,0.07762922088230557,0.11253759636827651,0.19282738118583723,2024-02-10,dan ige,andre fili,0.6948347445103199,0.6948347445103199,0.3051652554896801,1,1.0,1,-192.0,160.0,0.15400208843102195,0.0182505690586025,0.0238990621321243,0.0442201923124329,0.0599464743542338,-0.0058281467255499,-0.0073993665019633,-220.0,140.0,-170.0,180.0,72.72727272727273,50.0,11,16,8,8,3,8,72.72727272727273,8,3
264,0.0,0.0,0.0,-0.10523158488206297,0.0193403204872646,1.5208333333333337,-1585.6957202508545,-1.0,-1310.4366430753837,13631.32036249944,0.03634360570210023,1,-1.77494131455399,0.0,0.18847741165490453,0.07513324532370119,0.3986326248010425,0.0,0.0,0.19282738118583723,2024-02-10,jack hermansson,joe pyfer,0.5883408756939859,0.4116591243060141,0.5883408756939859,0,1.0,0,160.0,-192.0,0.0,0.0238990621321243,0.0182505690586025,0.040400359353909,0.0262663073127574,0.0106261171426896,0.0072111180858498,200.0,-275.0,225.0,-245.0,71.42857142857143,100.0,14,1,10,1,4,0,100.0,1,0
265,-911.4449932341178,0.05514733627462751,-1.0,0.274857761025459,0.0193403204872646,1.5882352941176472,-1585.6957202508545,-1.0,-1310.4366430753837,13631.32036249944,0.03634360570210023,1,-1.77494131455399,0.09515351547882657,0.18847741165490453,0.07513324532370119,0.3986326248010425,0.3644981974255102,0.37210778360230906,0.19282738118583723,2024-02-10,michael johnson,darrius flowers,0.8026882199049186,0.1973117800950815,0.8026882199049186,0,1.0,0,142.0,-170.0,0.4934647501493704,0.0236909605473527,0.0191618095781445,0.0337961593137875,0.0391632570108818,0.0043327197703345,0.0049179740317005,-155.0,115.0,-135.0,130.0,54.166666666666664,0.0,24,0,13,0,11,0,0.0,0,0
266,0.0,0.03119053666530165,0.0,-0.010854825955042613,0.0193403204872646,1.4878048780487805,-1585.6957202508545,-1.0,-1310.4366430753837,13631.32036249944,0.03634360570210023,1,-1.77494131455399,0.006014389502950954,0.18847741165490453,0.07513324532370119,0.3986326248010425,-0.015329517927312793,0.022086007436867536,0.19282738118583723,2024-02-10,brad tavares,gregory rodrigues,0.6648352809154632,0.3351647190845368,0.6648352809154632,0,0.0,0,170.0,-205.0,0.03119053666530165,0.0244151214085358,0.018086396502818,0.0437934152848635,0.0293059999198147,0.0115139753511245,0.0080363667798626,185.0,-260.0,210.0,-230.0,55.00000000000001,0.0,20,3,11,0,9,3,0.0,0,3
267,-674.2507270167366,0.04079580430220546,-1.0,0.1072367112260969,0.0193403204872646,1.7692307692307692,-1585.6957202508545,-1.0,-1310.4366430753837,13631.32036249944,0.03634360570210023,1,-1.77494131455399,0.03411474965180024,0.18847741165490453,0.07513324532370119,0.3986326248010425,0.12164723050587074,0.15596054565017853,0.19282738118583723,2024-02-10,devin clark,marcin prachnio,0.62582944547562,0.62582944547562,0.37417055452438,1,0.0,1,-130.0,110.0,0.1769185965292044,0.0198146558599141,0.0215932116349099,0.0251381832517589,0.0361466857254175,0.0114635944419424,0.0159036743046366,-238.0,180.0,-215.0,190.0,50.0,50.0,12,4,6,2,6,2,50.0,6,6
268,-651.2513827677072,0.0394042199709376,-1.0,0.06451404493786689,0.0193403204872646,1.8,-1585.6957202508545,-1.0,-1310.4366430753837,13631.32036249944,0.03634360570210023,1,-1.77494131455399,0.02353736326939251,0.18847741165490453,0.07513324532370119,0.3986326248010425,0.07172281400700527,0.10979588380882677,0.19282738118583723,2024-02-10,max griffin,jeremiah wells,0.5913966916321483,0.4086033083678517,0.5913966916321483,0,1.0,0,105.0,-125.0,0.12206442427752724,0.0223911054816955,0.0209693281226405,0.0581154526266569,0.046779652268448,-0.0026740233503604,-0.002263435504149,120.0,-186.0,148.0,-145.0,72.72727272727273,100.0,11,1,8,1,3,0,100.0,1,0
269,0.0,0.0,0.0,-0.035740722442611395,0.0193403204872646,1.7692307692307692,-1585.6957202508545,-1.0,-1310.4366430753837,13631.32036249944,0.03634360570210023,1,-1.77494131455399,0.0,0.18847741165490453,0.07513324532370119,0.3986326248010425,0.0,0.0,0.19282738118583723,2024-02-10,zac pauga,bogdan guskov,0.5450161134020023,0.5450161134020023,0.4549838865979977,1,0.0,1,-130.0,110.0,0.0,0.0198146558599141,0.0215932116349099,0.0353880398274212,0.0391936977254916,0.0048194573325072,0.0052815527685029,-142.0,105.0,-125.0,120.0,100.0,0.0,1,0,1,0,0,0,100.0,1,0
270,497.1929402658668,0.04271765207195653,0.704225352112676,0.09067882033280084,0.0193403204872646,1.704225352112676,-1585.6957202508545,-1.0,-1310.4366430753837,13631.32036249944,0.03634360570210023,1,-1.77494131455399,0.03234056715437246,0.18847741165490453,0.07513324532370119,0.3986326248010425,0.10732168672238218,0.14170895672510136,0.19282738118583723,2024-02-10,rodolfo vieira,armen petrosyan,0.6399850929225526,0.6399850929225526,0.3600149070774474,1,1.0,1,-142.0,120.0,0.16771771184925374,0.0193403204872646,0.0219819935623222,0.0559391115498085,0.0547328252090848,-0.012024135947921,-0.0117853878616028,-120.0,-130.0,110.0,100.0,75.0,100.0,4,2,3,2,1,0,75.0,3,1
271,421.1134822700864,0.040161005125899076,0.7692307692307692,0.04577719018880838,0.0176336326648498,1.7692307692307692,2867.4916060235123,2.3288888888888892,2027.5772263275358,18526.38919485049,0.03634360570210024,1,3.3173940345368913,0.012271830661000042,0.2976465343420681,0.18550381264140056,0.6232352513408124,0.05187797624416078,0.08868461358338281,0.1221032382669459,2024-02-17,andrea lee,miranda maverick,0.5910914553241091,0.4089085446758909,0.5910914553241091,0,0.0,0,110.0,-130.0,0.10050372811711172,0.0215932116349099,0.0198146558599141,0.0517471752989666,0.0376938184898532,0.0036596750589859,0.0028338314345205,150.0,-222.0,175.0,-180.0,44.44444444444444,100.0,9,5,4,5,5,0,100.0,5,0
272,0.0,0.0,0.0,-0.13614821806036626,0.0176336326648498,1.4651162790697674,2867.4916060235123,2.3288888888888892,2027.5772263275358,18526.38919485049,0.03634360570210024,1,3.3173940345368913,0.0,0.2976465343420681,0.18550381264140056,0.6232352513408124,0.0,0.0,0.1221032382669459,2024-02-17,amanda lemos,mackenzie dern,0.5896131210064167,0.5896131210064167,0.4103868789935833,1,1.0,1,-215.0,164.0,0.0,0.0258805609682243,0.035447000359337,0.0436438662746148,0.0508672206028841,-0.005187483104473,-0.005866312031857,-162.0,110.0,-130.0,136.0,42.857142857142854,66.66666666666666,7,9,3,6,4,3,42.857142857142854,3,4
273,569.4740972133474,0.036646389966767584,1.1400000000000001,0.564755259704117,0.0176336326648498,2.14,2867.4916060235123,2.3288888888888892,2027.5772263275358,18526.38919485049,0.03634360570210024,1,3.3173940345368913,0.06292922664368472,0.2976465343420681,0.18550381264140056,0.6232352513408124,0.5532974041074233,0.5260498054877463,0.1221032382669459,2024-02-17,merab dvalishvili,henry cejudo,0.7311940465907089,0.7311940465907089,0.2688059534092911,1,1.0,1,114.0,-135.0,0.5153772130605323,0.0219601987154369,0.0197976060171143,0.0342079206668142,0.0574258422773859,0.0074711161397558,0.0115765029078631,-333.0,210.0,-275.0,250.0,87.5,75.0,8,12,7,9,1,3,87.5,7,1
274,321.62544571625926,0.05308783255159983,0.4444444444444444,0.04567732282102793,0.0176336326648498,1.4444444444444444,2867.4916060235123,2.3288888888888892,2027.5772263275358,18526.38919485049,0.03634360570210024,1,3.3173940345368913,0.022372931038667585,0.2976465343420681,0.18550381264140056,0.6232352513408124,0.06669866284101425,0.12548135981243783,0.1221032382669459,2024-02-17,geoff neal,ian machado garry,0.7239304542607117,0.2760695457392883,0.7239304542607117,0,0.0,0,163.0,-225.0,0.18322962892888384,0.042226716265892,0.0303091129239294,0.0504628147635978,0.0321099796736034,0.0026076909086582,0.0017821247190853,195.0,-290.0,235.0,-240.0,85.71428571428571,100.0,7,1,6,1,1,0,100.0,1,0
275,406.5175382844114,0.05368016813139957,0.5555555555555556,0.20574994950650183,0.0176336326648498,1.5555555555555556,2867.4916060235123,2.3288888888888892,2027.5772263275358,18526.38919485049,0.03634360570210024,1,3.3173940345368913,0.04908103031946903,0.2976465343420681,0.18550381264140056,0.6232352513408124,0.2767957001890742,0.2987905701175183,0.1221032382669459,2024-02-17,anthony hernandez,roman kopylov,0.775124967539894,0.775124967539894,0.2248750324601059,1,1.0,1,-180.0,150.0,0.401963379645727,0.0188793207747618,0.023977822082381,0.0435202695993494,0.062922307431463,-0.0049335981742362,-0.0065606546993268,-250.0,155.0,-190.0,200.0,75.0,0.0,4,2,3,0,1,2,75.0,3,1
276,308.84666284343155,0.05550998023992325,0.40816326530612246,0.021993902474576277,0.0176336326648498,1.4081632653061225,2867.4916060235123,2.3288888888888892,2027.5772263275358,18526.38919485049,0.03634360570210024,1,3.3173940345368913,0.013204507212691745,0.2976465343420681,0.18550381264140056,0.6232352513408124,0.03381940385411482,0.0703285014020867,0.1221032382669459,2024-02-17,robert whittaker,paulo costa,0.7257637858152788,0.7257637858152788,0.2742362141847212,1,1.0,1,-245.0,200.0,0.10814215413209305,0.0176336326648498,0.0258446282047153,0.0342356681559874,0.0490051753512268,0.0004928118166336,0.0006601917576773,-240.0,165.0,-195.0,194.0,60.0,85.71428571428571,15,7,9,6,6,1,60.0,9,6
277,-698.5134126058376,0.037703699585453665,-1.0,0.39210114501476845,0.0182505690586025,2.0,-1615.2841007517936,-1.0,-1435.8700162720547,15475.235077826641,0.03634360570210023,1,-1.781304694898531,0.06879201941329827,0.22140956351998767,0.11279322287742366,0.5094324792670543,0.3999887551190442,0.4108248927322656,0.16414650353989488,2024-02-24,cristian quinonez,raoni barcelos,0.6960505725073842,0.6960505725073842,0.3039494274926158,1,0.0,1,100.0,-120.0,0.4190891546866166,0.0232290461519004,0.0222254993026449,0.0486526414585807,0.0380661544729848,0.0041528607789635,0.0033886173507499,133.0,-192.0,155.0,-160.0,0.0,60.0,0,5,0,3,0,2,0.0,0,0
278,-1059.5233934957766,0.05718995657234044,-1.0,0.04357487048449116,0.0182505690586025,1.4,-1615.2841007517936,-1.0,-1435.8700162720547,15475.235077826641,0.03634360570210023,1,-1.781304694898531,0.0260952349175782,0.22140956351998767,0.11279322287742366,0.5094324792670543,0.06772963051599208,0.10227911772457336,0.16414650353989488,2024-02-24,brandon moreno,brandon royval,0.7454106217746366,0.7454106217746366,0.2545893782253634,1,0.0,1,-250.0,205.0,0.15897527120482283,0.0169990228350114,0.0251555439097192,0.0369237305897426,0.0634346923493256,-0.0028029152223297,-0.0043094603110983,-350.0,210.0,-270.0,280.0,70.0,50.0,10,6,7,3,3,3,70.0,7,3
279,-916.7706881459559,0.049484585393508695,-1.0,0.2260124124010528,0.0182505690586025,1.617283950617284,-1615.2841007517936,-1.0,-1435.8700162720547,15475.235077826641,0.03634360570210023,1,-1.781304694898531,0.06779555367564735,0.22140956351998767,0.11279322287742366,0.5094324792670543,0.28685958417970653,0.3254112041215423,0.16414650353989488,2024-02-24,yair rodriguez,brian ortega,0.7580687435456891,0.7580687435456891,0.2419312564543109,1,0.0,1,-162.0,123.0,0.41301856703374756,0.0304822956516311,0.0362688083089343,0.0410247737237094,0.0498843171853813,-0.0046898329323351,-0.0054727686936811,-175.0,120.0,-140.0,146.0,90.0,70.0,10,10,9,7,1,3,90.0,9,1
280,0.0,0.0,0.0,-0.03599624683452507,0.0182505690586025,1.5050505050505052,-1615.2841007517936,-1.0,-1435.8700162720547,15475.235077826641,0.03634360570210023,1,-1.781304694898531,0.0,0.22140956351998767,0.11279322287742366,0.5094324792670543,0.0,0.0,0.16414650353989488,2024-02-24,daniel zellhuber,francisco prado,0.6405125608280672,0.6405125608280672,0.3594874391719328,1,1.0,1,-198.0,164.0,0.0,0.0185656693505812,0.0246517396386398,0.0331787845086485,0.0570989932691293,-0.0014199998838179,-0.0021836037197856,-350.0,220.0,-270.0,275.0,100.0,0.0,1,0,1,0,0,0,100.0,1,0
281,359.8826325849799,0.06701765084171334,0.28985507246376807,0.027933713368938767,0.0182505690586025,1.289855072463768,-1615.2841007517936,-1.0,-1435.8700162720547,15475.235077826641,0.03634360570210023,1,-1.781304694898531,0.025367443039193204,0.22140956351998767,0.11279322287742366,0.5094324792670543,0.05069124273744241,0.08516100766945187,0.16414650353989488,2024-02-24,yazmin jauregui,sam hughes,0.7969373732860312,0.7969373732860312,0.2030626267139688,1,1.0,1,-345.0,275.0,0.15454147662077852,0.0154613702995864,0.0264861952434845,0.0275976286659479,0.0718175760124145,-0.0043578393639791,-0.0084626734565336,-800.0,375.0,-500.0,550.0,100.0,50.0,1,4,1,2,0,2,100.0,1,0
282,0.0,0.0,0.0,-0.16860984038114937,0.0182505690586025,1.4,-1615.2841007517936,-1.0,-1435.8700162720547,15475.235077826641,0.03634360570210023,1,-1.781304694898531,0.0,0.22140956351998767,0.11279322287742366,0.5094324792670543,0.0,0.0,0.16414650353989488,2024-02-24,erik silva,muhammad naimov,0.5938501140134648,0.4061498859865352,0.5938501140134648,0,0.0,0,205.0,-250.0,0.0,0.0251555439097192,0.0169990228350114,0.0466753717462063,0.0209938011861243,0.0158744185389279,0.0079351052705959,375.0,-600.0,425.0,-500.0,0.0,0.0,0,0,0,0,0,0,0.0,0,0
283,330.33220333866205,0.07042992509033524,0.2531645569620251,0.01312072210277121,0.0182505690586025,1.2531645569620251,-1615.2841007517936,-1.0,-1435.8700162720547,15475.235077826641,0.03634360570210023,1,-1.781304694898531,0.01916549350749525,0.22140956351998767,0.11279322287742366,0.5094324792670543,0.025396411344408943,0.060321725348492165,0.16414650353989488,2024-02-24,edgar chairez,daniel lacerda,0.8084498691527165,0.8084498691527165,0.1915501308472834,1,1.0,1,-395.0,310.0,0.1167584632884805,0.0148515401766855,0.0270306968275025,0.0380145631173419,0.0821118857762301,-0.0059405224203454,-0.0100961327915673,-550.0,265.0,-350.0,385.0,0.0,0.0,0,1,0,0,0,1,0.0,0,0
284,0.0,0.0025612518867140295,0.0,-0.03299671603404997,0.0182505690586025,1.7692307692307692,-1615.2841007517936,-1.0,-1435.8700162720547,15475.235077826641,0.03634360570210023,1,-1.781304694898531,0.0004204205418890669,0.22140956351998767,0.11279322287742366,0.5094324792670543,-0.037452332203759466,0.0022565457536204954,0.16414650353989488,2024-02-24,claudio puelles,fares ziam,0.5465670735459718,0.4534329264540282,0.5465670735459718,0,0.0,0,110.0,-130.0,0.0025612518867140295,0.0215932116349099,0.0198146558599141,0.0376383386030122,0.0272201519630255,0.0168532200964144,0.0124207845874261,165.0,-220.0,180.0,-205.0,50.0,100.0,6,3,3,3,3,0,100.0,3,0
285,548.7226420518731,0.043835282833338214,0.6756756756756757,0.09864713188094515,0.0182505690586025,1.6756756756756757,-1615.2841007517936,-1.0,-1435.8700162720547,15475.235077826641,0.03634360570210023,1,-1.781304694898531,0.03059682620538984,0.22140956351998767,0.11279322287742366,0.5094324792670543,0.11910489511739673,0.15438304237806125,0.16414650353989488,2024-02-24,victor altamirano,felipe dos santos,0.6556442561224995,0.3443557438775004,0.6556442561224995,0,0.0,0,124.0,-148.0,0.18639950011456355,0.0231793921004005,0.0200233728765578,0.0459379088371792,0.0272073367218593,0.0134209801883696,0.0085289009164409,230.0,-335.0,255.0,-285.0,0.0,0.0,0,0,0,0,0,0,0.0,0,0
286,0.0,0.01059266585874174,0.0,-0.021945049493463542,0.0182505690586025,1.5208333333333337,-1615.2841007517936,-1.0,-1435.8700162720547,15475.235077826641,0.03634360570210023,1,-1.781304694898531,0.0017387490638788748,0.22140956351998767,0.11279322287742366,0.5094324792670543,-0.03004212578205457,0.0077376873469009,0.16414650353989488,2024-02-24,manuel torres,chris duncan,0.6431046249905992,0.6431046249905992,0.3568953750094008,1,1.0,1,-192.0,160.0,0.01059266585874174,0.0182505690586025,0.0238990621321243,0.0442451393201778,0.057204136042141,1.0114131754335177e-13,-1.0119682869458304e-13,-200.0,130.0,-160.0,160.0,0.0,0.0,0,0,0,0,0,0,0.0,0,0
287,-525.3409995389479,0.03394720641702377,-1.0,0.08150850384464581,0.0168967792200803,2.05,-1439.9639701526587,-1.0,155.41579198788645,14190.686899661869,0.03634360570210024,1,-0.2774193548387096,0.10493810671994469,0.04026499014181188,0.005913830427137749,0.14687276480906727,0.07949576721028974,0.11920424619829814,0.9026105699790149,2024-03-02,eryk anders,jamie pickett,0.5275651238266565,0.4724348761733435,0.5275651238266565,0,1.0,0,-125.0,105.0,0.11626066679275031,0.0209693281226405,0.0223911054816955,0.02241127508864,0.0482957956184307,0.0049094193249951,0.009350830229372,-560.0,350.0,-450.0,410.0,45.45454545454545,50.0,11,4,5,2,6,2,50.0,2,2
288,0.0,0.0,0.0,-0.14359053626299112,0.0168967792200803,1.4444444444444444,-1439.9639701526587,-1.0,155.41579198788645,14190.686899661869,0.03634360570210024,1,-0.2774193548387096,0.0,0.04026499014181188,0.005913830427137749,0.14687276480906727,0.0,0.0,0.9026105699790149,2024-03-02,christian leroy duncan,claudio ribeiro,0.5928988595102369,0.4071011404897631,0.5928988595102369,0,1.0,0,185.0,-225.0,0.0,0.0252599077377893,0.017924977552359,0.0253343334093399,0.0492577411827345,0.0075563999500413,0.0131475337973707,-450.0,290.0,-360.0,320.0,0.0,0.0,0,0,0,0,0,0,0.0,0,0
289,314.90760328135013,0.06308230959094971,0.3225806451612905,0.025279253059893925,0.0168967792200803,1.3225806451612905,-1439.9639701526587,-1.0,155.41579198788645,14190.686899661869,0.03634360570210024,1,-0.2774193548387096,0.12159601593629052,0.04026499014181188,0.005913830427137749,0.14687276480906727,0.04357079302664385,0.07816056741513219,0.9026105699790149,2024-03-02,alex perez,muhammad mokaev,0.7752111425574807,0.2247888574425193,0.7752111425574807,0,0.0,0,250.0,-310.0,0.13471592288035975,0.0259280913458452,0.01588375534405,0.0485511303510214,0.0258078440079528,0.0100318132131314,0.0058412026598846,275.0,-420.0,320.0,-350.0,100.0,100.0,8,1,8,1,0,0,100.0,1,0
290,365.84918824548424,0.05910236361605962,0.3999999999999999,0.07698188224293012,0.0168967792200803,1.4,-1439.9639701526587,-1.0,155.41579198788645,14190.686899661869,0.03634360570210024,1,-0.2774193548387096,0.21464334831140638,0.04026499014181188,0.005913830427137749,0.14687276480906727,0.11989740831188345,0.15268478065094576,0.9026105699790149,2024-03-02,vitor petrino,tyson pedro,0.7692727730306644,0.7692727730306644,0.2307272269693355,1,1.0,1,-250.0,205.0,0.23780283042375264,0.0169990228350114,0.0251555439097192,0.0273349729556402,0.055998360377693,0.0042292757286304,0.0074666307041181,-500.0,300.0,-375.0,350.0,0.0,33.33333333333333,0,6,0,2,0,4,0.0,0,0
291,0.0,0.0,0.0,-0.030228659650300416,0.0168967792200803,1.5405405405405406,-1439.9639701526587,-1.0,155.41579198788645,14190.686899661869,0.03634360570210024,1,-0.2774193548387096,0.0,0.04026499014181188,0.005913830427137749,0.14687276480906727,0.0,0.0,0.9026105699790149,2024-03-02,jairzinho rozenstruik,shamil gaziev,0.6295006946129629,0.3704993053870372,0.6295006946129629,0,1.0,0,154.0,-185.0,0.0,0.0240948213032229,0.0187287731158957,0.0537315304607222,0.040354491044654,-1.1257661469699089e-13,1.1246559239452837e-13,140.0,-210.0,170.0,-170.0,81.81818181818183,0.0,11,0,9,0,2,0,0.0,0,0
292,0.0,0.0,0.0,-0.030285640721976814,0.0168967792200803,1.359712230215827,-1439.9639701526587,-1.0,155.41579198788645,14190.686899661869,0.03634360570210024,1,-0.2774193548387096,0.0,0.04026499014181188,0.005913830427137749,0.14687276480906727,0.0,0.0,0.9026105699790149,2024-03-02,matt schnell,steve erceg,0.713176168992832,0.2868238310071681,0.713176168992832,0,0.0,0,225.0,-278.0,0.0,0.0262452639219628,0.0168967792200803,0.0372347811432948,0.0183207744122606,0.0188716541308099,0.0098364798404817,350.0,-500.0,375.0,-450.0,60.0,0.0,10,0,6,0,4,0,0.0,0,0
293,491.8132704939198,0.033007111936050895,1.0499999999999998,0.06743654855426362,0.0190342109773964,2.05,2633.083574466919,1.4340940266866196,2181.910680786946,19005.681154915736,0.03634360570210024,1,3.1073092031425364,0.009916995983331319,0.45707352508439003,0.38826840048009953,0.8494659593517543,0.06569436946473885,0.12802812283226642,0.07951369682895126,2024-03-09,gilbert burns,jack della maddalena,0.5207007553923237,0.4792992446076762,0.5207007553923237,0,0.0,0,-138.0,105.0,0.1247206000830853,0.0322362225882545,0.0354005882336351,0.0427251140553781,0.0353350088477939,0.0114882637946394,0.0095780139561303,123.0,-170.0,142.0,-155.0,56.25,100.0,16,3,9,3,7,0,100.0,3,0
294,469.70073354555774,0.036409147108476106,0.9090909090909087,0.1621772178944798,0.0190342109773964,1.9090909090909087,2633.083574466919,1.4340940266866196,2181.910680786946,19005.681154915736,0.03634360570210024,1,3.1073092031425364,0.018659364319267815,0.45707352508439003,0.38826840048009953,0.8494659593517543,0.16922694255037668,0.22489263687183447,0.07951369682895126,2024-03-09,curtis blaydes,jailton almeida,0.6087594950875848,0.6087594950875848,0.3912405049124152,1,1.0,1,-110.0,-120.0,0.23466855476997345,0.0350135352882691,0.0342505339758,0.0419785626092642,0.0376630501333938,0.0031447684605442,0.0028612375454619,105.0,-145.0,122.0,-125.0,78.57142857142857,100.0,14,3,11,3,3,0,78.57142857142857,11,3
295,512.3235959951393,0.07148355306849496,0.5050505050505052,0.32734171438193205,0.0190342109773964,1.5050505050505052,2633.083574466919,1.4340940266866196,2181.910680786946,19005.681154915736,0.03634360570210024,1,3.1073092031425364,0.05300248773637998,0.45707352508439003,0.38826840048009953,0.8494659593517543,0.4869723631403541,0.44807565323242643,0.07951369682895126,2024-03-09,sean omalley,marlon vera,0.8819250317034313,0.8819250317034313,0.1180749682965687,1,1.0,1,-198.0,164.0,0.6665831152386007,0.0185656693505812,0.0246517396386398,0.0277407664845437,0.0437178295642163,0.0051427618442088,0.0076504151280726,-290.0,205.0,-250.0,235.0,71.42857142857143,72.22222222222221,7,18,5,13,2,5,71.42857142857143,5,2
296,0.0,0.0,0.0,-0.17124728822727298,0.0190342109773964,1.5714285714285714,2633.083574466919,1.4340940266866196,2181.910680786946,19005.681154915736,0.03634360570210024,1,3.1073092031425364,0.0,0.45707352508439003,0.38826840048009953,0.8494659593517543,0.0,0.0,0.07951369682895126,2024-03-09,dustin poirier,benoit st denis,0.5273880893099172,0.5273880893099172,0.4726119106900828,1,1.0,1,-175.0,145.0,0.0,0.0197703920738484,0.0247565095959103,0.040577421308325,0.0290887615654049,0.0047131027594283,0.0035260686153362,165.0,-225.0,188.0,-195.0,81.81818181818183,100.0,22,1,18,1,4,0,81.81818181818183,18,4
297,0.0,0.0,0.0,-0.06949954468246644,0.0190342109773964,1.6134969325153374,2633.083574466919,1.4340940266866196,2181.910680786946,19005.681154915736,0.03634360570210024,1,3.1073092031425364,0.0,0.45707352508439003,0.38826840048009953,0.8494659593517543,0.0,0.0,0.07951369682895126,2024-03-09,petr yan,song yadong,0.5766980008241748,0.5766980008241748,0.4233019991758252,1,1.0,1,-163.0,120.0,0.0,0.0339796305551364,0.0403376871081888,0.0410247737237094,0.0498843171853813,0.0072661328558238,0.0087402697052005,-175.0,120.0,-155.0,145.0,80.0,60.0,10,5,8,3,2,2,80.0,8,2
298,0.0,0.0,0.0,-0.10951786294196564,0.0190342109773964,1.617283950617284,2633.083574466919,1.4340940266866196,2181.910680786946,19005.681154915736,0.03634360570210024,1,3.1073092031425364,0.0,0.45707352508439003,0.38826840048009953,0.8494659593517543,0.0,0.0,0.07951369682895126,2024-03-09,joanne wood,maryna moroz,0.550603458791609,0.449396541208391,0.550603458791609,0,1.0,0,136.0,-162.0,0.0,0.0230152132689483,0.0190342109773964,0.0424756094014026,0.0289529620271689,0.0142900036616875,0.0102276383807385,180.0,-250.0,195.0,-218.0,60.0,33.33333333333333,10,3,6,1,4,2,33.33333333333333,1,2
299,0.0,0.036297409159289015,0.0,-0.007260546380585431,0.0190342109773964,1.617283950617284,2633.083574466919,1.4340940266866196,2181.910680786946,19005.681154915736,0.03634360570210024,1,3.1073092031425364,0.0028861411875681056,0.45707352508439003,0.38826840048009953,0.8494659593517543,-0.00915411589204413,0.02878912893435694,0.07951369682895126,2024-03-09,michel pereira,michal oleksiejczuk,0.6138312652150578,0.6138312652150578,0.3861687347849422,1,1.0,1,-162.0,136.0,0.036297409159289015,0.0190342109773964,0.0230152132689483,0.0320795539605048,0.037850515969565,0.0117202576845929,0.013811657209024,-160.0,120.0,-150.0,135.0,60.0,50.0,5,4,3,2,2,2,60.0,3,2
300,-626.2597294283347,0.04413174174417568,-1.0,0.2804851559067043,0.0190342109773964,1.7692307692307692,2633.083574466919,1.4340940266866196,2181.910680786946,19005.681154915736,0.03634360570210024,1,3.1073092031425364,0.031195188748656556,0.45707352508439003,0.38826840048009953,0.8494659593517543,0.32302776701486424,0.3406557304153008,0.07951369682895126,2024-03-09,ion cutelaba,philipe lins,0.7237524794255286,0.7237524794255286,0.2762475205744714,1,0.0,1,-130.0,110.0,0.3923247187935835,0.0198146558599141,0.0215932116349099,0.0348337488150867,0.0402991080659835,0.0043327197703345,0.0049179740317005,-155.0,114.0,-135.0,130.0,62.5,66.66666666666666,8,3,5,2,3,1,62.5,5,3
301,416.97918992420125,0.056417286232532005,0.5208333333333337,0.20326150304035168,0.0190342109773964,1.5208333333333337,2633.083574466919,1.4340940266866196,2181.910680786946,19005.681154915736,0.03634360570210024,1,3.1073092031425364,0.0334841710888197,0.45707352508439003,0.38826840048009953,0.8494659593517543,0.28268837107378064,0.30279227855054835,0.07951369682895126,2024-03-09,mateusz gamrot,rafael dos anjos,0.7911856458347516,0.7911856458347516,0.2088143541652484,1,1.0,1,-192.0,160.0,0.4211119898103892,0.0182505690586025,0.0238990621321243,0.0183207744122606,0.0372347811432948,0.0098364798404817,0.0188716541308099,-500.0,350.0,-450.0,375.0,75.0,65.38461538461539,4,26,3,17,1,9,75.0,3,1
302,410.1561482843265,0.05722832018951224,0.5050505050505052,0.19486173132082096,0.0190342109773964,1.5050505050505052,2633.083574466919,1.4340940266866196,2181.910680786946,19005.681154915736,0.03634360570210024,1,3.1073092031425364,0.03323866784711136,0.45707352508439003,0.38826840048009953,0.8494659593517543,0.2747751159553867,0.29644956753398677,0.07951369682895126,2024-03-09,katlyn cerminara,maycee barber,0.7939014187970554,0.2060985812029445,0.7939014187970554,0,0.0,0,164.0,-198.0,0.418024430666504,0.0246517396386398,0.0185656693505812,0.0297283559070404,0.0230494218707374,0.0240948213032229,0.0187287731158957,150.0,-188.0,154.0,-185.0,0.0,75.0,0,8,0,6,0,2,75.0,6,2
303,507.19747197213644,0.05790134828599729,0.617283950617284,0.34871818173216307,0.0190342109773964,1.617283950617284,2633.083574466919,1.4340940266866196,2181.910680786946,19005.681154915736,0.03634360570210024,1,3.1073092031425364,0.046562420342584815,0.45707352508439003,0.38826840048009953,0.8494659593517543,0.4613342664199969,0.44264185709682086,0.07951369682895126,2024-03-09,pedro munhoz,kyler phillips,0.8339402497733222,0.1660597502266778,0.8339402497733222,0,0.0,0,136.0,-162.0,0.5855899322949256,0.0230152132689483,0.0190342109773964,0.0438579498434967,0.0306544323611931,0.0095031228422864,0.0068992828438807,170.0,-238.0,195.0,-210.0,33.33333333333333,33.33333333333333,15,3,5,1,10,2,33.33333333333333,1,2
304,0.0,0.0,0.0,-0.19457750395819218,0.0198146558599141,1.4,3396.298569965473,2.1861604409063067,1045.4120411259987,23447.391766007207,0.03634360570210024,1,2.1763546720680824,0.0,0.10576157600875688,0.03333004438517469,0.3151432272758021,0.0,0.0,0.3436371418963259,2024-03-16,natan levy,mike davis,0.5753017828870056,0.4246982171129944,0.5753017828870056,0,0.0,0,205.0,-250.0,0.0,0.0251555439097192,0.0169990228350114,0.0339755937071284,0.0167490439740309,0.0217756895668307,0.0111190472752744,360.0,-500.0,380.0,-470.0,100.0,100.0,1,2,1,2,0,0,100.0,2,0
305,-1380.3160426371644,0.07262649685566001,-1.0,0.08008377802676953,0.0198146558599141,1.2857142857142856,3396.298569965473,2.1861604409063067,1045.4120411259987,23447.391766007207,0.03634360570210024,1,2.1763546720680824,0.12257138459832913,0.10576157600875688,0.03333004438517469,0.3151432272758021,0.14480528818481103,0.19726458569657374,0.3436371418963259,2024-03-16,ovince st preux,kennedy nzechukwu,0.8400651606874875,0.1599348393125124,0.8400651606874875,0,1.0,0,240.0,-350.0,0.3566884066196444,0.0455058686325771,0.0263895562040242,0.0411312783846528,0.0170976822833321,0.0160433703410334,0.0073159177568531,455.0,-720.0,520.0,-625.0,62.5,100.0,24,5,15,5,9,0,100.0,5,0
306,577.9139243336571,0.04317855097456156,0.704225352112676,0.11855416333180596,0.0198146558599141,1.704225352112676,3396.298569965473,2.1861604409063067,1045.4120411259987,23447.391766007207,0.03634360570210024,1,2.1763546720680824,0.07062805318060712,0.10576157600875688,0.03333004438517469,0.3151432272758021,0.14046393985553393,0.17347188644539904,0.3436371418963259,2024-03-16,christian rodriguez,isaac dulgarian,0.6563416991451093,0.6563416991451093,0.3436583008548907,1,1.0,1,-142.0,120.0,0.205530906207791,0.0193403204872646,0.0219819935623222,0.0475033563155244,0.035036326224158,0.0056345391289803,0.0042860957916545,150.0,-215.0,180.0,-188.0,0.0,0.0,0,0,0,0,0,0,0.0,0,0
307,0.0,0.0,0.0,-0.06954277285194121,0.0198146558599141,1.7246376811594204,3396.298569965473,2.1861604409063067,1045.4120411259987,23447.391766007207,0.03634360570210024,1,2.1763546720680824,0.0,0.10576157600875688,0.03333004438517469,0.3151432272758021,0.0,0.0,0.3436371418963259,2024-03-16,pannie kianzad,macy chiasson,0.5395088123799668,0.4604911876200331,0.5395088123799668,0,0.0,0,105.0,-138.0,0.0,0.0354005882336351,0.0322362225882545,0.0473066042538332,0.0308543152863964,0.0115139753511245,0.0080363667798626,190.0,-275.0,210.0,-230.0,50.0,57.14285714285714,4,7,2,4,2,3,57.14285714285714,4,3
308,0.0,0.04354755848037925,0.0,-0.015702233017380218,0.0198146558599141,1.7692307692307692,3396.298569965473,2.1861604409063067,1045.4120411259987,23447.391766007207,0.03634360570210024,1,2.1763546720680824,0.014964558532760634,0.10576157600875688,0.03333004438517469,0.3151432272758021,-0.017765482871540176,0.03849002672999822,0.3436371418963259,2024-03-16,tai tuivasa,marcin tybura,0.5563422161206112,0.5563422161206112,0.4436577838793888,1,0.0,1,-130.0,102.0,0.04354755848037925,0.0290750434156238,0.0311918528392191,0.031914850088227,0.0327704645970875,0.0161018996630522,0.0166083807107795,-120.0,-108.0,-114.0,100.0,80.0,69.23076923076923,10,13,8,9,2,4,80.0,8,2
309,0.0,0.0,0.0,-0.051910499450931125,0.0198146558599141,1.704225352112676,3396.298569965473,2.1861604409063067,1045.4120411259987,23447.391766007207,0.03634360570210024,1,2.1763546720680824,0.0,0.10576157600875688,0.03333004438517469,0.3151432272758021,0.0,0.0,0.3436371418963259,2024-03-16,josiane nunes,chelsea chandler,0.5563169796610239,0.4436830203389761,0.5563169796610239,0,0.0,0,120.0,-142.0,0.0,0.0219819935623222,0.0193403204872646,0.0421183708324365,0.0514162533881081,0.0039141757289713,0.0045892256315728,-177.0,120.0,-145.0,140.0,100.0,0.0,1,0,1,0,0,0,0.0,0,0
310,612.3836478206887,0.03866530072744897,0.8333333333333333,0.09232775027047485,0.0198146558599141,1.8333333333333333,3396.298569965473,2.1861604409063067,1045.4120411259987,23447.391766007207,0.03634360570210024,1,2.1763546720680824,0.05231710621455809,0.10576157600875688,0.03333004438517469,0.3151432272758021,0.10064264743396562,0.13966700383932001,0.3436371418963259,2024-03-16,jafel filho,ode osbourne,0.5958151365111681,0.5958151365111681,0.4041848634888318,1,1.0,1,-120.0,100.0,0.15224520238368755,0.0222254993026449,0.0232290461519004,0.0416666264013282,0.0537973865586347,-0.002609289886697,-0.0032182159408086,-198.0,132.0,-160.0,164.0,0.0,50.0,0,4,0,2,0,2,0.0,0,0
311,637.3106117979726,0.03856253283393137,0.869565217391304,0.18695986175958013,0.0198146558599141,1.869565217391304,3396.298569965473,2.1861604409063067,1045.4120411259987,23447.391766007207,0.03634360570210024,1,2.1763546720680824,0.08674106280752025,0.10576157600875688,0.03333004438517469,0.3151432272758021,0.20030374752758742,0.2356046970840295,0.3436371418963259,2024-03-16,jaqueline amorim,cory mckenna,0.6348855074527988,0.6348855074527988,0.3651144925472012,1,1.0,1,-115.0,-105.0,0.2524205105677713,0.0232792664320201,0.0237995764494319,0.0413357875817744,0.033624340009932,0.0061736612443514,0.005164207236374,128.0,-175.0,145.0,-152.0,0.0,66.66666666666666,0,3,0,2,0,1,0.0,0,0
312,598.1198998108449,0.04091176019508183,0.7692307692307692,0.11620943632549913,0.0198146558599141,1.7692307692307692,3396.298569965473,2.1861604409063067,1045.4120411259987,23447.391766007207,0.03634360570210024,1,2.1763546720680824,0.06462945702189474,0.10576157600875688,0.03333004438517469,0.3151432272758021,0.1318670263479636,0.16574315090132802,0.3436371418963259,2024-03-16,gerald meerschaert,bryan barberena,0.6309009857491952,0.6309009857491952,0.3690990142508048,1,1.0,1,-130.0,110.0,0.18807471353429314,0.0198146558599141,0.0215932116349099,0.0297615367408775,0.0460636193697379,0.0036195154374515,0.0052931405340279,-280.0,195.0,-240.0,230.0,52.94117647058824,66.66666666666666,17,15,9,10,8,5,52.94117647058824,9,8
313,793.3142295644068,0.03552548400075089,0.9523809523809523,0.0016018167979555131,0.0237995764494319,1.9523809523809523,-1500.7804922929488,-1.0,995.5059252695148,22942.117198983775,0.03634360570210024,1,0.9903302317095419,0.016275452969349055,0.10746053483365774,0.039980092796525445,0.3720444241079961,0.001638351401488548,0.04705002481486615,0.3382042138386701,2024-03-23,kurt holobaugh,trey ogden,0.5130155647013919,0.4869844352986082,0.5130155647013919,0,0.0,0,-115.0,-105.0,0.048123152531484296,0.0232792664320201,0.0237995764494319,0.0477321304259877,0.0424639480053847,-5.0071058410594566e-14,5.018208071305708e-14,104.0,-150.0,125.0,-125.0,100.0,100.0,2,1,2,1,0,0,100.0,1,0
314,-1163.5545840017235,0.04962405181835975,-1.0,0.13755664606151724,0.0237995764494319,1.5714285714285714,-1500.7804922929488,-1.0,995.5059252695148,22942.117198983775,0.03634360570210024,1,0.9903302317095419,0.09465532230005103,0.10746053483365774,0.039980092796525445,0.3720444241079961,0.18064993167688712,0.21311293035802917,0.3382042138386701,2024-03-23,ricardo ramos,julian erosa,0.7238996838573292,0.7238996838573292,0.2761003161426708,1,0.0,1,-175.0,145.0,0.27987623579759247,0.0197703920738484,0.0247565095959103,0.0289737196445595,0.036815754039651,0.013195956174744,0.0164336734548856,-185.0,140.0,-170.0,150.0,71.42857142857143,50.0,7,8,5,4,2,4,71.42857142857143,5,2
315,0.0,0.020596617707662978,0.0,-0.017690978408155034,0.0237995764494319,1.5882352941176472,-1500.7804922929488,-1.0,995.5059252695148,22942.117198983775,0.03634360570210024,1,0.9903302317095419,0.006965862899555789,0.10746053483365774,0.039980092796525445,0.3720444241079961,-0.022831439719945328,0.015959322916853792,0.3382042138386701,2024-03-23,mohammed usman,mick parkin,0.6184908654467172,0.3815091345532828,0.6184908654467172,0,0.0,0,142.0,-170.0,0.020596617707662978,0.0236909605473527,0.0191618095781445,0.0314071494114639,0.0277193049085817,0.0143513715720592,0.0128436556229679,114.0,-145.0,120.0,-134.0,0.0,0.0,0,0,0,0,0,0,0.0,0,0
316,0.0,0.0,0.0,-0.06435567772181594,0.0237995764494319,1.8,-1500.7804922929488,-1.0,995.5059252695148,22942.117198983775,0.03634360570210024,1,0.9903302317095419,0.0,0.10746053483365774,0.039980092796525445,0.3720444241079961,0.0,0.0,0.3382042138386701,2024-03-23,payton talbott,cameron saaiman,0.5198024012656578,0.5198024012656578,0.4801975987343422,1,1.0,1,-125.0,105.0,0.0,0.0209693281226405,0.0223911054816955,0.0318698323703832,0.0392764126889053,0.0065726319279209,0.0078898459766267,-175.0,130.0,-154.0,145.0,0.0,0.0,0,0,0,0,0,0,0.0,0,0
317,715.9469199616003,0.04122114525972063,0.7407407407407407,0.06935405343454187,0.0237995764494319,1.7407407407407407,-1500.7804922929488,-1.0,995.5059252695148,22942.117198983775,0.03634360570210024,1,0.9903302317095419,0.04529289069750444,0.10746053483365774,0.039980092796525445,0.3720444241079961,0.08005151727135604,0.11602546183636638,0.3382042138386701,2024-03-23,edmen shahbazyan,aj dobson,0.61430977537729,0.61430977537729,0.3856902246227099,1,1.0,1,-135.0,114.0,0.1339217219780414,0.0197976060171143,0.0219601987154369,0.0253063910146558,0.0335171383971089,0.0140896311984247,0.0184412731607164,-200.0,155.0,-190.0,165.0,75.0,100.0,8,1,6,1,2,0,75.0,6,2
318,483.566184203517,0.0598080139652565,0.3448275862068966,0.01740049573635355,0.0237995764494319,1.3448275862068966,-1500.7804922929488,-1.0,995.5059252695148,22942.117198983775,0.03634360570210024,1,0.9903302317095419,0.04420494188211114,0.10746053483365774,0.039980092796525445,0.3720444241079961,0.028775859747248018,0.07903603099921137,0.3382042138386701,2024-03-23,karl williams,justin tafa,0.7565285737526731,0.7565285737526731,0.2434714262473268,1,1.0,1,-290.0,215.0,0.1307048820603925,0.0236688803786396,0.0373811806714214,0.0344432164628334,0.0462019448274892,0.0028338314345205,0.0036596750589859,-210.0,148.0,-180.0,175.0,100.0,60.0,1,5,1,3,0,2,100.0,1,0
319,-646.9442234020238,0.02759130865633974,-1.0,0.29759789232222966,0.0237995764494319,2.48,-1500.7804922929488,-1.0,995.5059252695148,22942.117198983775,0.03634360570210024,1,0.9903302317095419,0.0797950127546306,0.10746053483365774,0.039980092796525445,0.3720444241079961,0.24723655738267047,0.2839970948946465,0.3382042138386701,2024-03-23,amanda ribas,rose namajunas,0.5232249565815442,0.5232249565815442,0.4767750434184558,1,0.0,1,148.0,-182.0,0.23593737005504714,0.0272257571530432,0.0213901202205553,0.0365518362890227,0.0261262263890399,0.0163683147761138,0.0119282330450517,170.0,-225.0,185.0,-210.0,66.66666666666666,44.44444444444444,6,9,4,4,2,5,66.66666666666666,4,2
320,813.177398943738,0.036414978578929696,0.9523809523809523,0.193057865522277,0.0237995764494319,1.9523809523809523,-1500.7804922929488,-1.0,995.5059252695148,22942.117198983775,0.03634360570210024,1,0.9903302317095419,0.08110145326747695,0.10746053483365774,0.039980092796525445,0.3720444241079961,0.1978941279780765,0.23393985402123527,0.3382042138386701,2024-03-23,miles johns,cody gibson,0.6110784189260443,0.6110784189260443,0.3889215810739557,1,1.0,1,-105.0,-115.0,0.23980024478986503,0.0237995764494319,0.0232792664320201,0.0356521067558167,0.0405383694346594,0.0097248284201562,0.0109908024649661,-150.0,110.0,-136.0,125.0,50.0,0.0,4,3,2,0,2,3,50.0,2,2
321,0.0,0.0,0.0,-0.09686417347047738,0.0188793207747618,1.3355704697986577,-1748.2979657845715,-1.0,-1729.3540292781634,19464.46520392104,0.03634360570210024,1,-1.119166666666666,0.0,0.14663382496102967,0.055350312659752515,0.3774730194377918,0.0,0.0,0.24785281098518125,2024-03-30,nursulton ruziboev,sedriques dumas,0.6762172771502456,0.6762172771502456,0.3237827228497544,1,1.0,1,-298.0,240.0,0.0,0.0164642876034875,0.0263970780483009,0.0691640474971022,0.16409421965947,-0.042433629601146,-0.0595400546093802,-667.0,175.0,-220.0,375.0,0.0,0.0,0,0,0,0,0,0,0.0,0,0
322,-1075.6051616660754,0.04688343069373386,-1.0,0.26601564885815066,0.0188793207747618,1.704225352112676,-1748.2979657845715,-1.0,-1729.3540292781634,19464.46520392104,0.03634360570210024,1,-1.119166666666666,0.10052016598214626,0.14663382496102967,0.055350312659752515,0.3774730194377918,0.3200132045970385,0.337130958261178,0.24785281098518125,2024-03-30,erin blanchfield,manon fiorot,0.7428686865200719,0.7428686865200719,0.2571313134799281,1,0.0,1,-142.0,120.0,0.40556395379415816,0.0193403204872646,0.0219819935623222,0.493501315860143,0.1444142277157778,-0.2553621545640944,-0.2624949882930483,-218.0,-2000.0,700.0,180.0,100.0,100.0,4,1,4,1,0,0,100.0,4,0
323,914.8622136011553,0.02932130449356668,1.3600000000000003,0.20461615366828867,0.0188793207747618,2.3600000000000003,-1748.2979657845715,-1.0,-1729.3540292781634,19464.46520392104,0.03634360570210024,1,-1.119166666666666,0.04537673516008853,0.14663382496102967,0.055350312659752515,0.3774730194377918,0.17651359192088173,0.21222725684504934,0.24785281098518125,2024-03-30,vicente luque,joaquin buckley,0.5104305735882578,0.4895694264117421,0.5104305735882578,0,0.0,0,-162.0,136.0,0.1830793646427578,0.0190342109773964,0.0230152132689483,0.0495402552875916,0.0546231008223718,-0.0019197331954108,-0.0021021458264682,-148.0,-103.0,-122.0,124.0,71.42857142857143,62.5,14,8,10,5,4,3,62.5,5,3
324,0.0,0.0,0.0,-0.09069030050534244,0.0188793207747618,1.4081632653061225,-1748.2979657845715,-1.0,-1729.3540292781634,19464.46520392104,0.03634360570210024,1,-1.119166666666666,0.0,0.14663382496102967,0.055350312659752515,0.3774730194377918,0.0,0.0,0.24785281098518125,2024-03-30,chris weidman,bruno silva,0.6457416706556264,0.3542583293443736,0.6457416706556264,0,1.0,0,200.0,-245.0,0.0,0.0258446282047153,0.0176336326648498,0.0669456582371837,0.050376632998151,0.0037745585963693,0.0029594481376373,130.0,-215.0,170.0,-175.0,71.42857142857143,42.857142857142854,14,7,10,3,4,4,42.857142857142854,3,4
325,0.0,0.0,0.0,-0.11049127966962535,0.0188793207747618,1.4878048780487805,-1748.2979657845715,-1.0,-1729.3540292781634,19464.46520392104,0.03634360570210024,1,-1.119166666666666,0.0,0.14663382496102967,0.055350312659752515,0.3774730194377918,0.0,0.0,0.24785281098518125,2024-03-30,chidi njokuani,rhys mckee,0.5978665169433666,0.5978665169433666,0.4021334830566334,1,1.0,1,-205.0,170.0,0.0,0.018086396502818,0.0244151214085358,0.1041634055743911,0.2927323815652983,-0.1255456184613709,-0.1449857825048127,-1000.0,105.0,-125.0,475.0,50.0,100.0,2,1,1,1,1,0,50.0,1,1
326,-1091.9356551930923,0.04759524353059533,-1.0,0.0041596779609620604,0.0188793207747618,1.5405405405405406,-1748.2979657845715,-1.0,-1729.3540292781634,19464.46520392104,0.03634360570210024,1,-1.119166666666666,0.014369943382778635,0.14663382496102967,0.055350312659752515,0.3774730194377918,0.005588580729917102,0.043153834189440424,0.24785281098518125,2024-03-30,nate landwehr,jamall emmers,0.6518229488518525,0.3481770511481474,0.6518229488518525,0,1.0,0,154.0,-185.0,0.05797773011191627,0.0240948213032229,0.0187287731158957,0.2000767443343574,0.0862118258525178,-0.0933335152570593,-0.0734986595195047,140.0,-667.0,375.0,-165.0,40.0,0.0,5,1,2,0,3,1,0.0,0,1
327,0.0,0.0,0.0,-0.04274144863319501,0.0188793207747618,1.1785714285714286,-1748.2979657845715,-1.0,-1729.3540292781634,19464.46520392104,0.03634360570210024,1,-1.119166666666666,0.0,0.14663382496102967,0.055350312659752515,0.3774730194377918,0.0,0.0,0.24785281098518125,2024-03-30,julio arce,herbert burns,0.8122193769172891,0.8122193769172891,0.1877806230827109,1,1.0,1,-560.0,410.0,0.0,0.0142495272616202,0.0303137525957772,0.0411894626643953,0.0987027111260836,-0.0062476934958605,-0.010498717987393,-667.0,270.0,-340.0,375.0,85.71428571428571,33.33333333333333,7,3,6,1,1,2,85.71428571428571,6,1
328,610.1565142811498,0.05106331282588421,0.5208333333333337,0.09292801574604481,0.0188793207747618,1.5208333333333337,-1748.2979657845715,-1.0,-1729.3540292781634,19464.46520392104,0.03634360570210024,1,-1.119166666666666,0.0545250973527919,0.14663382496102967,0.055350312659752515,0.3774730194377918,0.1273753120894722,0.16049592264436893,0.24785281098518125,2024-03-30,andre petroski,jacob malkoun,0.7186375993946594,0.2813624006053406,0.7186375993946594,0,0.0,0,160.0,-192.0,0.21998982838266812,0.0238990621321243,0.0182505690586025,0.0352098778312131,0.0239034226613976,0.0118345224887278,0.0083420222779808,190.0,-250.0,205.0,-225.0,50.0,33.33333333333333,2,3,1,1,1,2,33.33333333333333,1,2
329,-1086.8319403013006,0.04737278302934665,-1.0,0.02558817884411979,0.0188793207747618,1.5555555555555556,-1748.2979657845715,-1.0,-1729.3540292781634,19464.46520392104,0.03634360570210024,1,-1.119166666666666,0.02328681350253385,0.14663382496102967,0.055350312659752515,0.3774730194377918,0.03392004951594062,0.07087598641333741,0.24785281098518125,2024-03-30,bill algeo,kyle nelson,0.6593066863997913,0.6593066863997913,0.3406933136002087,1,0.0,1,-180.0,150.0,0.09395420374686062,0.0188793207747618,0.023977822082381,0.0590187011026709,0.095042923547189,-0.0102627977494976,-0.0145819227473967,-320.0,155.0,-222.0,250.0,60.0,100.0,5,4,3,4,2,0,60.0,3,2
330,-1099.390283601222,0.05648191574149976,-1.0,0.0292564451504006,0.0182505690586025,1.4,2587.6877238480006,1.136690647482014,339.2117383314551,22391.364666100497,0.03634360570210024,1,0.29477716528076225,0.035827244069020624,0.1269936511049129,0.0380451689867361,0.2995832362934896,0.04545624446701992,0.08057408882997004,0.28618443037026947,2024-04-06,melissa mullins,nora cornolle,0.735183175107429,0.735183175107429,0.2648168248925709,1,0.0,1,-250.0,205.0,0.12518935437077003,0.0169990228350114,0.0251555439097192,0.0234985988994331,0.0431680677672335,0.0079721434521814,0.0137080733499867,-400.0,275.0,-350.0,310.0,0.0,0.0,0,0,0,0,0,0,0.0,0,0
331,551.9964674263471,0.049628582541353966,0.5714285714285714,0.16306042098916185,0.0182505690586025,1.5714285714285714,2587.6877238480006,1.136690647482014,339.2117383314551,22391.364666100497,0.03634360570210024,1,0.29477716528076225,0.09814456609142902,0.1269936511049129,0.0380451689867361,0.2995832362934896,0.21288989885223572,0.26267198756484905,0.28618443037026947,2024-04-06,norma dumont,germaine de randamie,0.7401293588112848,0.7401293588112848,0.2598706411887151,1,1.0,1,-175.0,130.0,0.3429416686451048,0.0318698323703832,0.0392764126889053,0.0447238463906429,0.0457154300951451,1.1102230246251564e-14,-1.1046719095020308e-14,-125.0,-115.0,-105.0,105.0,20.0,83.33333333333334,5,6,1,5,4,1,20.0,1,4
332,415.1968249473485,0.05866029488316989,0.36363636363636376,0.029152930401115773,0.0182505690586025,1.3636363636363638,2587.6877238480006,1.136690647482014,339.2117383314551,22391.364666100497,0.03634360570210024,1,0.29477716528076225,0.04654748211968947,0.1269936511049129,0.0380451689867361,0.2995832362934896,0.046901332288692615,0.10109908555661891,0.28618443037026947,2024-04-06,ignacio bahamondes,christos giagos,0.7547121489608182,0.7547121489608182,0.2452878510391818,1,1.0,1,-275.0,200.0,0.16264854820880953,0.0262663073127574,0.040400359353909,0.0279281031220234,0.0487982395889739,0.0050443462470817,0.0081135484897602,-360.0,240.0,-300.0,280.0,100.0,66.66666666666666,2,9,2,6,0,3,100.0,2,0
333,0.0,0.06781811592401635,0.0,-0.0006579536287827925,0.0182505690586025,1.9090909090909087,2587.6877238480006,1.136690647482014,339.2117383314551,22391.364666100497,0.03634360570210024,1,0.29477716528076225,0.01940848887449952,0.1269936511049129,0.0380451689867361,0.2995832362934896,-0.0006869498997916421,0.06495550182473661,0.28618443037026947,2024-04-06,morgan charriere,chepe mariscal,0.5234648814325424,0.5234648814325424,0.4765351185674575,1,0.0,1,-110.0,-120.0,0.06781811592401635,0.0350135352882691,0.0342505339758,0.0398651767730872,0.0447138948240805,0.0027409814361623,0.0030556719626088,-148.0,105.0,-129.0,126.0,0.0,0.0,0,0,0,0,0,0,0.0,0,0
334,0.0,0.0,0.0,-0.060625116352059305,0.0182505690586025,1.5319148936170213,2587.6877238480006,1.136690647482014,339.2117383314551,22391.364666100497,0.03634360570210024,1,0.29477716528076225,0.0,0.1269936511049129,0.0380451689867361,0.2995832362934896,0.0,0.0,0.28618443037026947,2024-04-06,alexander hernandez,damon jackson,0.6132030490479613,0.6132030490479613,0.3867969509520387,1,0.0,1,-188.0,140.0,0.0,0.0304849567433922,0.0389594877010522,0.0269168059929674,0.0352453561691946,0.0088508769065202,0.0113647565166603,-196.0,150.0,-180.0,165.0,66.66666666666666,33.33333333333333,6,6,4,2,2,4,66.66666666666666,4,2
335,471.40872955898163,0.06732865529282414,0.3597122302158271,0.1223425822801763,0.0182505690586025,1.359712230215827,2587.6877238480006,1.136690647482014,339.2117383314551,22391.364666100497,0.03634360570210024,1,0.29477716528076225,0.10867252197604053,0.1269936511049129,0.0380451689867361,0.2995832362934896,0.2020750792916297,0.22989981843567456,0.28618443037026947,2024-04-06,brendan allen,chris curtis,0.8254265552219288,0.8254265552219288,0.1745734447780712,1,1.0,1,-278.0,225.0,0.3797289804879968,0.0168967792200803,0.0262452639219628,0.0316294610237879,0.0462926168982899,0.0093673137934979,0.0128796272521081,-250.0,175.0,-210.0,190.0,50.0,40.0,8,5,4,2,4,3,50.0,4,4
336,0.0,0.0,0.0,-0.18035333635468542,0.0182505690586025,1.5208333333333337,2587.6877238480006,1.136690647482014,339.2117383314551,22391.364666100497,0.03634360570210024,1,0.29477716528076225,0.0,0.1269936511049129,0.0380451689867361,0.2995832362934896,0.0,0.0,0.28618443037026947,2024-04-06,trevor peek,charlie campbell,0.5389457514380149,0.4610542485619851,0.5389457514380149,0,0.0,0,160.0,-192.0,0.0,0.0238990621321243,0.0182505690586025,0.044482386329139,0.0363256944789416,0.0044366554026268,0.0037266099034956,125.0,-175.0,145.0,-150.0,0.0,0.0,0,0,0,0,0,0,0.0,0,0
337,0.0,0.0,0.0,-0.1611459346775972,0.0263563125916101,1.6134969325153374,5087.750760744376,2.408450704225352,1894.0011273353903,29373.116554180262,0.03634360570210024,1,1.6875933354806594,0.0,0.3634648820491176,0.23879751854527892,0.657003001772833,0.0,0.0,0.09999206937739,2024-04-13,alex pereira,jamahal hill,0.5198981469488656,0.5198981469488656,0.4801018530511344,1,1.0,1,-163.0,130.0,0.0,0.0247612869285928,0.0297931848849301,0.0391052434963937,0.0449283699489844,0.0045666922716053,0.005095143477187,-155.0,110.0,-130.0,125.0,33.33333333333333,66.66666666666666,3,6,1,4,2,2,33.33333333333333,1,2
338,443.38812869740417,0.06435567638484263,0.3076923076923077,0.021344709435594023,0.0263563125916101,1.3076923076923077,5087.750760744376,2.408450704225352,1894.0011273353903,29373.116554180262,0.03634360570210024,1,1.6875933354806594,0.012835643792727912,0.3634648820491176,0.23879751854527892,0.657003001772833,0.03761812203841998,0.07283585724710263,0.09999206937739,2024-04-13,zhang weili,yan xiaonan,0.7810283072154542,0.7810283072154542,0.2189716927845457,1,1.0,1,-325.0,260.0,0.12836661819932574,0.0159258302766661,0.0265578298540526,0.0240411371388507,0.0532535488514874,0.0029240086974625,0.0055750564053761,-590.0,350.0,-455.0,430.0,100.0,40.0,3,5,3,2,0,3,100.0,3,0
339,0.0,0.0,0.0,-0.22458827217061736,0.0263563125916101,1.359712230215827,5087.750760744376,2.408450704225352,1894.0011273353903,29373.116554180262,0.03634360570210024,1,1.6875933354806594,0.0,0.3634648820491176,0.23879751854527892,0.657003001772833,0.0,0.0,0.09999206937739,2024-04-13,justin gaethje,max holloway,0.5702763500967418,0.5702763500967418,0.4297236499032582,1,0.0,1,-278.0,225.0,0.0,0.0168967792200803,0.0262452639219628,0.0464033330574505,0.0590580605395361,-0.0069767724048511,-0.0084078429797641,-195.0,125.0,-150.0,160.0,40.0,86.95652173913044,10,23,4,20,6,3,40.0,4,6
340,806.4853248151555,0.036017694179941495,1.0,0.26860796256722486,0.0263563125916101,2.0,5087.750760744376,2.408450704225352,1894.0011273353903,29373.116554180262,0.03634360570210024,1,1.6875933354806594,0.030105464374370856,0.3634648820491176,0.23879751854527892,0.657003001772833,0.27021613920643145,0.2992866687201245,0.09999206937739,2024-04-13,charles oliveira,arman tsarukyan,0.6343039812836124,0.3656960187163875,0.6343039812836124,0,0.0,0,-120.0,100.0,0.30107852114498035,0.0222254993026449,0.0232290461519004,0.0460939263559275,0.0335629363891705,0.0033443979650807,0.0025001373943581,155.0,-220.0,190.0,-195.0,80.0,85.71428571428571,25,7,20,6,5,1,85.71428571428571,6,1
341,0.0,0.0,0.0,-0.04738830990167092,0.0263563125916101,1.5882352941176472,5087.750760744376,2.408450704225352,1894.0011273353903,29373.116554180262,0.03634360570210024,1,1.6875933354806594,0.0,0.3634648820491176,0.23879751854527892,0.657003001772833,0.0,0.0,0.09999206937739,2024-04-13,jiri prochazka,aleksandar rakic,0.5997925456174664,0.4002074543825336,0.5997925456174664,0,1.0,0,142.0,-170.0,0.0,0.0236909605473527,0.0191618095781445,0.0559391115498085,0.0547328252090848,-0.0071040221477605,-0.0069015800931359,-120.0,-130.0,110.0,-104.0,50.0,57.14285714285714,2,7,1,4,1,3,57.14285714285714,4,3
342,652.4783515583398,0.043126802439527955,0.6756756756756757,0.054783885647774144,0.0263563125916101,1.6756756756756757,5087.750760744376,2.408450704225352,1894.0011273353903,29373.116554180262,0.03634360570210024,1,1.6875933354806594,0.012454318600742238,0.3634648820491176,0.23879751854527892,0.657003001772833,0.06607714289378744,0.10326567565891827,0.09999206937739,2024-04-13,deiveson figueiredo,cody garbrandt,0.6294678027252846,0.6294678027252846,0.3705321972747154,1,1.0,1,-148.0,124.0,0.1245530638408648,0.0200233728765578,0.0231793921004005,0.0277023560103685,0.0496785963705838,0.0074856184034898,0.0126293241252458,-380.0,250.0,-335.0,300.0,36.36363636363637,63.63636363636363,11,11,4,7,7,4,36.36363636363637,4,7
343,-928.0496871641354,0.041446767582199236,-1.0,0.1534051840481766,0.0263563125916101,1.7692307692307692,5087.750760744376,2.408450704225352,1894.0011273353903,29373.116554180262,0.03634360570210024,1,1.6875933354806594,0.023430296275925314,0.3634648820491176,0.23879751854527892,0.657003001772833,0.17438654492301303,0.20612909037037302,0.09999206937739,2024-04-13,jalin turner,renato moicano,0.6519246692446216,0.6519246692446216,0.3480753307553784,1,0.0,1,-130.0,110.0,0.23432154591675372,0.0198146558599141,0.0215932116349099,0.0359115607413974,0.0558982747281054,1.5698553568199713e-13,-1.571520691356909e-13,-286.0,185.0,-225.0,225.0,66.66666666666666,50.0,6,12,4,6,2,6,66.66666666666666,4,2
344,0.0,0.0,0.0,-0.037398715035872,0.0263563125916101,1.5714285714285714,5087.750760744376,2.408450704225352,1894.0011273353903,29373.116554180262,0.03634360570210024,1,1.6875933354806594,0.0,0.3634648820491176,0.23879751854527892,0.657003001772833,0.0,0.0,0.09999206937739,2024-04-13,jessica andrade,marina rodriguez,0.6125644540680815,0.6125644540680815,0.3874355459319185,1,1.0,1,-175.0,145.0,0.0,0.0197703920738484,0.0247565095959103,0.0352142395505403,0.0419727244288765,0.0032766908230941,0.003785456069561,-165.0,120.0,-140.0,136.0,70.58823529411765,42.857142857142854,17,7,12,3,5,4,70.58823529411765,12,5
345,919.6990094286264,0.05832483249070712,0.704225352112676,0.45931799759591285,0.0263563125916101,1.704225352112676,5087.750760744376,2.408450704225352,1894.0011273353903,29373.116554180262,0.03634360570210024,1,1.6875933354806594,0.0667727652669125,0.3634648820491176,0.23879751854527892,0.657003001772833,0.5878538042179546,0.5217685949431932,0.09999206937739,2024-04-13,calvin kattar,aljamain sterling,0.8562940316471885,0.1437059683528115,0.8562940316471885,0,0.0,0,120.0,-142.0,0.667780611829312,0.0219819935623222,0.0193403204872646,0.0472150026586399,0.0361183306746932,0.003894829625118,0.0030932905705493,140.0,-200.0,165.0,-170.0,77.77777777777779,76.47058823529412,9,17,7,13,2,4,76.47058823529412,13,4
346,0.0,0.0,0.0,-0.118562572403628,0.0263563125916101,1.5555555555555556,5087.750760744376,2.408450704225352,1894.0011273353903,29373.116554180262,0.03634360570210024,1,1.6875933354806594,0.0,0.3634648820491176,0.23879751854527892,0.657003001772833,0.0,0.0,0.09999206937739,2024-04-13,sodiq yusuff,diego lopes,0.5666383463119534,0.4333616536880466,0.5666383463119534,0,0.0,0,140.0,-180.0,0.0,0.0331674969321992,0.0263563125916101,0.047551772529451,0.0402060159742787,-0.0047378872667526,-0.0041273609601977,115.0,-165.0,140.0,-135.0,100.0,0.0,5,0,5,0,0,0,0.0,0,0
347,0.0,0.0,0.0,-0.03432037169406699,0.0241053304482471,1.434782608695652,-3079.535812224265,-1.0,-1880.3267051454118,24413.254036810584,0.03634360570210024,1,-1.5918367346938775,0.0,0.040393394350779176,0.006126280191873685,0.15166539703676848,0.0,0.0,0.8997413138021956,2024-04-27,tim means,uros medic,0.6730494379101958,0.3269505620898042,0.6730494379101958,0,0.0,0,190.0,-230.0,0.0,0.0245558468550464,0.017241436321547,0.0563284552995652,0.0336940503268413,0.0093577700395637,0.0060862454044519,210.0,-330.0,250.0,-270.0,66.66666666666666,50.0,21,2,14,1,7,1,50.0,1,1
348,0.0,0.012821349290549504,0.0,-0.02247462190716787,0.0241053304482471,1.617283950617284,-3079.535812224265,-1.0,-1880.3267051454118,24413.254036810584,0.03634360570210024,1,-1.5918367346938775,0.011535897655395859,0.040393394350779176,0.006126280191873685,0.15166539703676848,-0.028349006351212618,0.010164553003195803,0.8997413138021956,2024-04-27,ryan spann,bogdan guskov,0.6044240887444229,0.6044240887444229,0.3955759112555771,1,0.0,1,-162.0,136.0,0.012821349290549504,0.0190342109773964,0.0230152132689483,0.0278740388872247,0.0363687167169306,0.0077428117520073,0.0099034485982031,-195.0,148.0,-178.0,165.0,75.0,0.0,8,0,6,0,2,0,75.0,6,2
349,-1383.1652285725104,0.047089495117795525,-1.0,0.08334552500826625,0.0241053304482471,1.5882352941176472,-3079.535812224265,-1.0,-1880.3267051454118,24413.254036810584,0.03634360570210024,1,-1.5918367346938775,0.16840448304494143,0.040393394350779176,0.006126280191873685,0.15166539703676848,0.10748254390374196,0.14513773316226578,0.8997413138021956,2024-04-27,jonathan pearce,david onama,0.6821064416718713,0.6821064416718713,0.3178935583281287,1,0.0,1,-170.0,140.0,0.18716989034690973,0.0207243424765777,0.0255719538197184,0.0410247737237094,0.0498843171853813,0.0037266099034956,0.0044366554026268,-175.0,120.0,-150.0,145.0,33.33333333333333,50.0,3,2,1,1,2,1,33.33333333333333,1,2
350,0.0,0.0,0.0,-0.16726243443380318,0.0241053304482471,1.1666666666666667,-3079.535812224265,-1.0,-1880.3267051454118,24413.254036810584,0.03634360570210024,1,-1.5918367346938775,0.0,0.040393394350779176,0.006126280191873685,0.15166539703676848,0.0,0.0,0.8997413138021956,2024-04-27,rani yahya,victor henry,0.7137750561995972,0.2862249438004028,0.7137750561995972,0,0.0,0,440.0,-600.0,0.0,0.0290584343395886,0.0132696079884536,0.0581363757924156,0.0283615145029429,0.0074666307041181,0.0042292757286304,295.0,-500.0,350.0,-375.0,75.0,0.0,12,2,9,0,3,2,0.0,0,2
351,0.0,0.0,0.0,-0.09632437123324222,0.0241053304482471,1.5714285714285714,-3079.535812224265,-1.0,-1880.3267051454118,24413.254036810584,0.03634360570210024,1,-1.5918367346938775,0.0,0.040393394350779176,0.006126280191873685,0.15166539703676848,0.0,0.0,0.8997413138021956,2024-04-27,matheus nicolau,alex perez,0.5750663092152095,0.5750663092152095,0.4249336907847905,1,0.0,1,-175.0,145.0,0.0,0.0197703920738484,0.0247565095959103,0.0314687124102657,0.0403703680495044,0.0092525797802403,0.0117264411987806,-190.0,140.0,-175.0,160.0,57.14285714285714,100.0,7,8,4,8,3,0,57.14285714285714,4,3
352,0.0,0.0,0.0,-0.12813505759695426,0.0241053304482471,1.5405405405405406,-3079.535812224265,-1.0,-1880.3267051454118,24413.254036810584,0.03634360570210024,1,-1.5918367346938775,0.0,0.040393394350779176,0.006126280191873685,0.15166539703676848,0.0,0.0,0.8997413138021956,2024-04-27,dontale mayes,caio machado,0.5659474187528543,0.5659474187528543,0.4340525812471457,1,1.0,1,-185.0,154.0,0.0,0.0187287731158957,0.0240948213032229,0.0542757467822744,0.0497561098628226,-0.0075990390485324,-0.0070667895707844,-105.0,-145.0,122.0,-115.0,100.0,0.0,4,0,4,0,0,0,100.0,4,0
353,0.0,0.0,0.0,-0.10667804172528927,0.0241053304482471,1.3076923076923077,-3079.535812224265,-1.0,-1880.3267051454118,24413.254036810584,0.03634360570210024,1,-1.5918367346938775,0.0,0.040393394350779176,0.006126280191873685,0.15166539703676848,0.0,0.0,0.8997413138021956,2024-04-27,marnic mann,ketlen souza,0.68312855632772,0.31687144367228,0.68312855632772,0,0.0,0,260.0,-325.0,0.0,0.0265578298540526,0.0159258302766661,0.0555138125575491,0.0302004731567365,0.0071018464476548,0.0042424530418517,250.0,-400.0,310.0,-330.0,0.0,0.0,0,0,0,0,0,0,0.0,0,0
354,692.396156592553,0.057752488760350294,0.40816326530612246,0.06686692274175798,0.0241053304482471,1.4081632653061225,-3079.535812224265,-1.0,-1880.3267051454118,24413.254036810584,0.03634360570210024,1,-1.5918367346938775,0.19054394025169608,0.040393394350779176,0.006126280191873685,0.15166539703676848,0.10298629897649016,0.13750211080455144,0.8997413138021956,2024-04-27,gabriel benitez,maheshate,0.7576301335412484,0.2423698664587516,0.7576301335412484,0,0.0,0,200.0,-245.0,0.21177635985890314,0.0258446282047153,0.0176336326648498,0.0537938673115818,0.0358698935850557,0.0087372325093323,0.0061511049596503,175.0,-265.0,210.0,-225.0,58.333333333333336,0.0,12,1,7,0,5,1,0.0,0,1
355,-1189.5576331654545,0.04049817563523614,-1.0,0.02711841125024883,0.0241053304482471,1.7407407407407407,-3079.535812224265,-1.0,-1880.3267051454118,24413.254036810584,0.03634360570210024,1,-1.5918367346938775,0.07940918524012296,0.040393394350779176,0.006126280191873685,0.15166539703676848,0.031249712301987885,0.07658986368390118,0.8997413138021956,2024-04-27,austin hubbard,michal figlak,0.5900467468884408,0.4099532531115591,0.5900467468884408,0,1.0,0,110.0,-135.0,0.08825779590419112,0.0265532308486119,0.0241053304482471,0.0503055588786056,0.0396494636101499,0.004020814170152,0.0032360798791947,130.0,-190.0,160.0,-165.0,100.0,0.0,3,0,3,0,0,0,0.0,0,0
356,-990.130857024318,0.040557102938075656,-1.0,0.30109468121447835,0.0187287731158957,1.8547008547008548,-2393.3974383124632,-1.0,-1402.7629667634837,20617.093631734635,0.03634360570210023,1,-0.9669988132291363,0.051532028806585396,0.2743783052047399,0.1552549954359786,0.5658428253652489,0.3282750155703913,0.35683237556735203,0.13245801512980698,2024-05-04,jose aldo,jonathan martinez,0.7015118788114929,0.298488121188507,0.7015118788114929,0,1.0,0,-107.0,-117.0,0.389044247387255,0.0283489021487466,0.0277298173240821,0.0536841397518541,0.0437184576507431,-8.8484775062625e-14,8.8484775062625e-14,120.0,-180.0,150.0,-150.0,83.33333333333334,62.5,18,8,15,5,3,3,62.5,5,3
357,0.0,0.0,0.0,-0.08300321167227531,0.0187287731158957,1.4,-2393.3974383124632,-1.0,-1402.7629667634837,20617.093631734635,0.03634360570210023,1,-0.9669988132291363,0.0,0.2743783052047399,0.1552549954359786,0.5658428253652489,0.0,0.0,0.13245801512980698,2024-05-04,alexandre pantoja,steve erceg,0.6549977059483748,0.6549977059483748,0.3450022940516252,1,1.0,1,-250.0,205.0,0.0,0.0169990228350114,0.0251555439097192,0.0287452808578468,0.0379213858088197,0.0088508769065202,0.0113647565166603,-200.0,150.0,-180.0,165.0,55.55555555555556,0.0,9,0,5,0,4,0,55.55555555555556,5,4
358,-2015.13411520988,0.08254262672937568,-1.0,0.1559670611238269,0.0187287731158957,1.3076923076923077,-2393.3974383124632,-1.0,-1402.7629667634837,20617.093631734635,0.03634360570210023,1,-0.9669988132291363,0.07128267333181262,0.2743783052047399,0.1552549954359786,0.5658428253652489,0.28310733430266455,0.2964746084748658,0.13245801512980698,2024-05-04,anthony smith,vitor petrino,0.8839748114476323,0.1160251885523676,0.8839748114476323,0,1.0,0,260.0,-325.0,0.5381529631253844,0.0265578298540526,0.0159258302766661,0.0614630875901021,0.0285931975881342,-0.0026143101763705,-0.0014673224766905,310.0,-550.0,400.0,-390.0,58.82352941176471,0.0,17,0,10,0,7,0,0.0,0,0
359,0.0,0.0,0.0,-0.07651346379611959,0.0187287731158957,1.238095238095238,-2393.3974383124632,-1.0,-1402.7629667634837,20617.093631734635,0.03634360570210023,1,-0.9669988132291363,0.0,0.2743783052047399,0.1552549954359786,0.5658428253652489,0.0,0.0,0.13245801512980698,2024-05-04,michel pereira,ihor potieria,0.7458929715492881,0.7458929715492881,0.2541070284507118,1,1.0,1,-420.0,310.0,0.0,0.0179466280570474,0.0336481186596504,0.0266677709145538,0.062221117974335,0.0010086190232103,0.0019642535148795,-650.0,350.0,-485.0,475.0,60.0,100.0,5,2,3,2,2,0,60.0,3,2
360,0.0,0.004575657729614009,0.0,-0.026247086893290694,0.0187287731158957,1.5405405405405406,-2393.3974383124632,-1.0,-1402.7629667634837,20617.093631734635,0.03634360570210023,1,-0.9669988132291363,0.0006060825407780307,0.2743783052047399,0.1552549954359786,0.5658428253652489,-0.03529295206085909,0.0034028801505762377,0.13245801512980698,2024-05-04,paul craig,caio borralho,0.6320852242973376,0.3679147757026624,0.6320852242973376,0,0.0,0,154.0,-185.0,0.004575657729614009,0.0240948213032229,0.0187287731158957,0.0493917099965039,0.021356589323224,0.0066491425724469,0.0033294746763058,390.0,-650.0,475.0,-510.0,66.66666666666666,100.0,9,2,6,2,3,0,100.0,2,0
361,-950.5839590547106,0.03893720835499476,-1.0,0.12234683416234338,0.0187287731158957,1.8333333333333333,-2393.3974383124632,-1.0,-1402.7629667634837,20617.093631734635,0.03634360570210023,1,-0.9669988132291363,0.024715186528926132,0.2743783052047399,0.1552549954359786,0.5658428253652489,0.13346410326708918,0.17104639006458386,0.13245801512980698,2024-05-04,jack shore,joanderson brito,0.6121891822703691,0.6121891822703691,0.3878108177296309,1,0.0,1,-120.0,100.0,0.18658883348588304,0.0222254993026449,0.0232290461519004,0.042226716265892,0.0303091129239294,0.0100702480417933,0.0074736116073294,163.0,-225.0,185.0,-200.0,80.0,0.0,5,1,4,0,1,1,80.0,4,1
362,0.0,0.03314342457279397,0.0,-0.008399857796593746,0.0187287731158957,1.7692307692307692,-2393.3974383124632,-1.0,-1402.7629667634837,20617.093631734635,0.03634360570210023,1,-0.9669988132291363,0.0043901122335167604,0.2743783052047399,0.1552549954359786,0.5658428253652489,-0.009526370938467074,0.029224145805558842,0.13245801512980698,2024-05-04,alessandro costa,kevin borjas,0.5604696455932296,0.5604696455932296,0.4395303544067703,1,1.0,1,-130.0,110.0,0.03314342457279397,0.0198146558599141,0.0215932116349099,0.0346130033343434,0.0382541153783375,0.0048194573325072,0.0052815527685029,-141.0,105.0,-125.0,120.0,0.0,0.0,0,0,0,0,0,0,0.0,0,0
363,660.3691552616792,0.045984347774866215,0.5882352941176472,0.026085237189494848,0.0187287731158957,1.5882352941176472,-2393.3974383124632,-1.0,-1402.7629667634837,20617.093631734635,0.03634360570210023,1,-0.9669988132291363,0.012100748051309182,0.2743783052047399,0.1552549954359786,0.5658428253652489,0.0336385651628632,0.07084207980835243,0.13245801512980698,2024-05-04,elves brener,myktybek orolbai,0.6460536678600522,0.3539463321399477,0.6460536678600522,0,0.0,0,142.0,-170.0,0.09135534787721694,0.0236909605473527,0.0191618095781445,0.0384617633833727,0.0248568245253791,0.0106261171426896,0.0072111180858498,205.0,-278.0,225.0,-245.0,0.0,0.0,0,0,0,0,0,0,0.0,0,0
364,719.3124778227941,0.04183890099075909,0.704225352112676,0.020076291157576642,0.0187287731158957,1.704225352112676,-2393.3974383124632,-1.0,-1402.7629667634837,20617.093631734635,0.03634360570210023,1,-0.9669988132291363,0.009529644546060836,0.2743783052047399,0.1552549954359786,0.5658428253652489,0.02374594782520654,0.060826445037483336,0.13245801512980698,2024-05-04,joaquim silva,drakkar klose,0.5985571625800656,0.4014428374199343,0.5985571625800656,0,0.0,0,120.0,-142.0,0.07194464250971841,0.0219819935623222,0.0193403204872646,0.0528372761484838,0.037833208222788,0.0100702480417933,0.0074736116073294,154.0,-230.0,185.0,-200.0,80.0,25.0,5,4,4,1,1,3,25.0,1,3
365,414.88185506898134,0.08497061769058271,0.19999999999999996,0.04154504621432184,0.0187287731158957,1.2,-2393.3974383124632,-1.0,-1402.7629667634837,20617.093631734635,0.03634360570210023,1,-0.9669988132291363,0.035537206578148565,0.2743783052047399,0.1552549954359786,0.5658428253652489,0.09029213346723154,0.12344524771060766,0.13245801512980698,2024-05-04,ismael bonfim,vinc pichel,0.8679542051786016,0.8679542051786016,0.1320457948213984,1,1.0,1,-500.0,380.0,0.2682903450072282,0.0137953429848293,0.0278713236818374,0.0177969857358167,0.0393458714070402,0.0111750940163172,0.0234209463360391,-600.0,400.0,-549.0,430.0,0.0,20.0,0,5,0,1,0,4,0.0,0,0
366,758.5224763719706,0.05747970258992448,0.5405405405405406,0.24543113632382546,0.0187287731158957,1.5405405405405406,-2393.3974383124632,-1.0,-1402.7629667634837,20617.093631734635,0.03634360570210023,1,-0.9669988132291363,0.06380664839595322,0.2743783052047399,0.1552549954359786,0.5658428253652489,0.3380744113231212,0.34970758137386726,0.13245801512980698,2024-05-04,karolina kowalkiewicz,iasmin lucindo,0.8084377551575709,0.1915622448424291,0.8084377551575709,0,0.0,0,154.0,-185.0,0.48171224922420597,0.0240948213032229,0.0187287731158957,0.0500730218781067,0.0261689850082681,0.0116029923129925,0.0067120260020258,280.0,-435.0,320.0,-355.0,80.0,0.0,10,0,8,0,2,0,0.0,0,0
367,-607.4482970604887,0.02946333309198735,-1.0,0.29383750094854577,0.0154613702995864,2.3600000000000003,-1146.6854694794933,-1.0,2057.927146116173,21528.335308371315,0.03634360570210024,1,2.6323769923769924,0.06296338130306373,0.14209022127845455,0.06563069657172386,0.46189453419955784,0.2543844578842956,0.28434190535247583,0.2557783735931946,2024-05-11,derrick lewis,rodrigo nascimento,0.5482362292154854,0.4517637707845146,0.5482362292154854,0,1.0,0,-162.0,136.0,0.24616381916324362,0.0190342109773964,0.0230152132689483,0.0276369667218073,0.034258584535446,0.0119288327341947,0.0145550432589505,-175.0,135.0,-162.0,145.0,65.21739130434783,33.33333333333333,23,3,15,1,8,2,33.33333333333333,1,2
368,602.1819013697677,0.04322768426755561,0.6756756756756757,0.061689182541920684,0.0154613702995864,1.6756756756756757,-1146.6854694794933,-1.0,2057.927146116173,21528.335308371315,0.03634360570210024,1,2.6323769923769924,0.03434832836945994,0.14209022127845455,0.06563069657172386,0.46189453419955784,0.0744119637929151,0.11132892970114758,0.2557783735931946,2024-05-11,joaquin buckley,nursulton ruziboev,0.6335887057105011,0.6335887057105011,0.3664112942894989,1,1.0,1,-148.0,124.0,0.13428941582093878,0.0200233728765578,0.0231793921004005,0.0414015851909125,0.0453752743132196,0.0038771838960715,0.0042396992208115,-142.0,100.0,-124.0,120.0,62.5,0.0,8,0,5,0,3,0,62.5,5,3
369,0.0,0.0,0.0,-0.07132282374273896,0.0154613702995864,1.4444444444444444,-1146.6854694794933,-1.0,2057.927146116173,21528.335308371315,0.03634360570210024,1,2.6323769923769924,0.0,0.14209022127845455,0.06563069657172386,0.46189453419955784,0.0,0.0,0.2557783735931946,2024-05-11,alonzo menifield,carlos ulberg,0.6429303527934884,0.3570696472065115,0.6429303527934884,0,0.0,0,185.0,-225.0,0.0,0.0252599077377893,0.017924977552359,0.0352656719318592,0.0227647086791665,0.0131363950923042,0.0088416268857176,210.0,-278.0,225.0,-250.0,33.33333333333333,66.66666666666666,6,3,2,2,4,1,66.66666666666666,2,1
370,0.0,0.0,0.0,-0.07731287803045095,0.0154613702995864,1.4081632653061225,-1146.6854694794933,-1.0,2057.927146116173,21528.335308371315,0.03634360570210024,1,2.6323769923769924,0.0,0.14209022127845455,0.06563069657172386,0.46189453419955784,0.0,0.0,0.2557783735931946,2024-05-11,diego ferreira,mateusz rebecki,0.6552415793696797,0.3447584206303203,0.6552415793696797,0,1.0,0,200.0,-245.0,0.0,0.0258446282047153,0.0176336326648498,0.0437938372896047,0.0218876077021852,0.0125213029448839,0.0068501994227442,320.0,-480.0,360.0,-405.0,50.0,0.0,8,0,4,0,4,0,0.0,0,0
371,0.0,0.0,0.0,-0.11379497570722807,0.0154613702995864,1.5555555555555556,-1146.6854694794933,-1.0,2057.927146116173,21528.335308371315,0.03634360570210024,1,2.6323769923769924,0.0,0.14209022127845455,0.06563069657172386,0.46189453419955784,0.0,0.0,0.2557783735931946,2024-05-11,alex caceres,sean woodson,0.5697032299024962,0.4302967700975038,0.5697032299024962,0,0.0,0,150.0,-180.0,0.0,0.023977822082381,0.0188793207747618,0.068789348443151,0.0435907337861773,-0.0086522931456048,-0.0062360443233779,175.0,-298.0,225.0,-210.0,72.22222222222221,66.66666666666666,18,3,13,2,5,1,66.66666666666666,2,1
372,595.3490755101584,0.04273718922238319,0.6756756756756757,0.02438082858940882,0.0154613702995864,1.6756756756756757,-1146.6854694794933,-1.0,2057.927146116173,21528.335308371315,0.03634360570210024,1,2.6323769923769924,0.02089332472473295,0.14209022127845455,0.06563069657172386,0.46189453419955784,0.02940626413671896,0.06772551869604672,0.2557783735931946,2024-05-11,jj aldrich,veronica hardy,0.611324042867873,0.388675957132127,0.611324042867873,0,0.0,0,124.0,-148.0,0.08168526694114865,0.0231793921004005,0.0200233728765578,0.0369492043071655,0.0355145638087763,0.0138119762853189,0.0131634086759039,-107.0,-125.0,105.0,-117.0,62.5,0.0,8,0,5,0,3,0,0.0,0,0
373,884.3489627671676,0.026154858781307064,1.6400000000000001,0.46285523997916345,0.0154613702995864,2.64,-1146.6854694794933,-1.0,2057.927146116173,21528.335308371315,0.03634360570210024,1,2.6323769923769924,0.07919541704529275,0.14209022127845455,0.06563069657172386,0.46189453419955784,0.3690866934545513,0.38828715639044653,0.2557783735931946,2024-05-11,chase hooper,viacheslav borshchev,0.5541118333254407,0.5541118333254407,0.4458881666745593,1,1.0,1,164.0,-198.0,0.30962514904113797,0.0246517396386398,0.0185656693505812,0.0454887562750946,0.0435381588387769,0.0056843893101607,0.0053898078105479,-110.0,-130.0,110.0,-115.0,50.0,100.0,6,2,3,2,3,0,50.0,3,3
374,0.0,0.0,0.0,-0.110935257382068,0.0154613702995864,1.5050505050505052,-1146.6854694794933,-1.0,2057.927146116173,21528.335308371315,0.03634360570210024,1,2.6323769923769924,0.0,0.14209022127845455,0.06563069657172386,0.46189453419955784,0.0,0.0,0.2557783735931946,2024-05-11,terrance mckinney,esteban ribovics,0.5907208692562098,0.4092791307437902,0.5907208692562098,0,0.0,0,164.0,-198.0,0.0,0.0246517396386398,0.0185656693505812,0.0459821881506205,0.0381928960244635,0.0045892256315728,0.0039141757289713,120.0,-170.0,140.0,-145.0,66.66666666666666,0.0,3,0,2,0,1,0,0.0,0,0
375,583.4955035295679,0.044150402659326786,0.641025641025641,0.07318537164570232,0.0154613702995864,1.641025641025641,-1146.6854694794933,-1.0,2057.927146116173,21528.335308371315,0.03634360570210024,1,2.6323769923769924,0.04411537786225562,0.14209022127845455,0.06563069657172386,0.46189453419955784,0.09019874137547358,0.13994261566436073,0.2557783735931946,2024-05-11,tabatha ricci,tecia pennington,0.6539723358465999,0.6539723358465999,0.3460276641534001,1,1.0,1,-156.0,122.0,0.17247501124711734,0.0275226920411544,0.0323027584092962,0.0320795539605048,0.037850515969565,0.0084369228080692,0.0096790192209161,-160.0,120.0,-140.0,130.0,100.0,0.0,2,0,2,0,0,0,100.0,2,0
376,0.0,0.0,0.0,-0.07614697631437461,0.0154613702995864,1.6451612903225803,-1146.6854694794933,-1.0,2057.927146116173,21528.335308371315,0.03634360570210024,1,2.6323769923769924,0.0,0.14209022127845455,0.06563069657172386,0.46189453419955784,0.0,0.0,0.2557783735931946,2024-05-11,charles johnson,jake hadley,0.5615577202794979,0.438442279720502,0.5615577202794979,0,1.0,0,130.0,-155.0,0.0,0.023106086729758,0.0195196592207963,0.0527247549940719,0.0523803501110331,-0.0036493979808703,-0.003595228920844,-122.0,-125.0,105.0,-102.0,50.0,100.0,4,2,2,2,2,0,100.0,2,0
377,0.0,0.0,0.0,-0.17090281590557554,0.0154613702995864,1.289855072463768,-1146.6854694794933,-1.0,2057.927146116173,21528.335308371315,0.03634360570210024,1,2.6323769923769924,0.0,0.14209022127845455,0.06563069657172386,0.46189453419955784,0.0,0.0,0.2557783735931946,2024-05-11,waldo cortes acosta,robelis despaigne,0.6427832101406212,0.3572167898593787,0.6427832101406212,0,1.0,0,275.0,-345.0,0.0,0.0264861952434845,0.0154613702995864,0.0495815640458714,0.0320881274241828,-1.5998313784848508e-13,1.6009416015094757e-13,190.0,-280.0,230.0,-230.0,100.0,0.0,1,0,1,0,0,0,0.0,0,0
378,493.1814029239068,0.05727119582861254,0.3999999999999999,0.0451324669390431,0.0148515401766855,1.4,-1808.0179664504535,-1.0,1111.548624541395,20831.865966462257,0.03634360570210024,1,0.6947658926532163,0.021420590897615985,0.27596386376661713,0.16391801471502243,0.5939836197309081,0.07015477832715718,0.10463752715763612,0.13169697367636532,2024-05-18,themba gorimbo,ramiz brahimaj,0.7465231906707451,0.7465231906707451,0.2534768093292548,1,1.0,1,-250.0,205.0,0.16265059324943454,0.0169990228350114,0.0251555439097192,0.0412226385794758,0.0456636010648967,-0.0028647477095564,-0.0031412582964496,-145.0,102.0,-122.0,125.0,100.0,0.0,1,1,1,0,0,1,100.0,1,0
379,-697.4995097613183,0.032399138148414795,-1.0,0.34514555063926877,0.0148515401766855,2.2,-1808.0179664504535,-1.0,1111.548624541395,20831.865966462257,0.03634360570210024,1,0.6947658926532163,0.04151328538262761,0.27596386376661713,0.16391801471502243,0.5939836197309081,0.31910332634155664,0.34094337634875527,0.13169697367636532,2024-05-18,luana pinheiro,angela hill,0.6114297957451221,0.6114297957451221,0.3885702042548778,1,0.0,1,120.0,-142.0,0.31521821818505225,0.0219819935623222,0.0193403204872646,0.0423096855199633,0.0370553938451158,0.0071877762703446,0.0064601083075458,110.0,-152.0,123.0,-130.0,100.0,71.42857142857143,1,14,1,10,0,4,100.0,1,0
380,782.0552511895316,0.051584037538532246,0.704225352112676,0.37003749770474226,0.0148515401766855,1.704225352112676,-1808.0179664504535,-1.0,1111.548624541395,20831.865966462257,0.03634360570210024,1,0.6947658926532163,0.0719948741324161,0.27596386376661713,0.16391801471502243,0.5939836197309081,0.4561977589469087,0.4434231568852753,0.13169697367636532,2024-05-18,edson barboza,lerone murphy,0.8039063003060885,0.1960936996939115,0.8039063003060885,0,0.0,0,120.0,-142.0,0.5466706798391412,0.0219819935623222,0.0193403204872646,0.0392764126889053,0.0318698323703832,0.0087402697052005,0.0072661328558238,130.0,-175.0,145.0,-155.0,62.5,50.0,24,2,15,1,9,1,50.0,1,1
381,767.8695958893464,0.03396938809073196,1.0499999999999998,0.09319264873866562,0.0148515401766855,2.05,-1808.0179664504535,-1.0,1111.548624541395,20831.865966462257,0.03634360570210024,1,0.6947658926532163,0.016715287877064035,0.27596386376661713,0.16391801471502243,0.5939836197309081,0.0908959099985336,0.13012938549630954,0.13169697367636532,2024-05-18,khaos williams,carlston harris,0.5332647067017882,0.5332647067017882,0.4667352932982118,1,1.0,1,105.0,-125.0,0.1269223385355878,0.0223911054816955,0.0209693281226405,0.0373951990502948,0.0409876392335334,0.0070500280313161,0.0076158005880007,-140.0,102.0,-122.0,115.0,80.0,100.0,5,2,4,2,1,0,80.0,4,1
382,0.0,0.0,0.0,-0.22051680132392354,0.0148515401766855,1.4,-1808.0179664504535,-1.0,1111.548624541395,20831.865966462257,0.03634360570210024,1,0.6947658926532163,0.0,0.27596386376661713,0.16391801471502243,0.5939836197309081,0.0,0.0,0.13169697367636532,2024-05-18,adrian yanez,vinicius salvador,0.5567737133400547,0.5567737133400547,0.4432262866599453,1,1.0,1,-250.0,205.0,0.0,0.0169990228350114,0.0251555439097192,0.0285931975881342,0.0614630875901021,0.0029652804861365,0.0053680528471968,-550.0,310.0,-400.0,380.0,80.0,0.0,5,0,4,0,1,0,80.0,4,1
383,0.0,0.0,0.0,-0.03386110017417929,0.0148515401766855,1.2352941176470589,-1808.0179664504535,-1.0,1111.548624541395,20831.865966462257,0.03634360570210024,1,0.6947658926532163,0.0,0.27596386376661713,0.16391801471502243,0.5939836197309081,0.0,0.0,0.13169697367636532,2024-05-18,victor martinez,tom nolan,0.7821124427161406,0.2178875572838594,0.7821124427161406,0,0.0,0,330.0,-425.0,0.0,0.0274724253232388,0.0146095237354543,0.0548316593126138,0.0245334200524655,0.010766245452921,0.0054992067266496,350.0,-600.0,430.0,-480.0,0.0,0.0,0,0,0,0,0,0,0.0,0,0
384,602.0508859212057,0.05173619432251831,0.5405405405405406,0.14254087826481648,0.0148515401766855,1.5405405405405406,-1808.0179664504535,-1.0,1111.548624541395,20831.865966462257,0.03634360570210024,1,0.6947658926532163,0.03964218310870118,0.27596386376661713,0.16391801471502243,0.5939836197309081,0.1926232515298493,0.22274732065523292,0.13169697367636532,2024-05-18,abus magomedov,warlley alves,0.7416493420315475,0.7416493420315475,0.2583506579684524,1,1.0,1,-185.0,154.0,0.30101058514919743,0.0187287731158957,0.0240948213032229,0.0403338993103272,0.070143648800863,-0.0042821249365645,-0.0065325830663193,-360.0,205.0,-265.0,280.0,0.0,54.54545454545454,0,11,0,6,0,5,0.0,0,0
385,-836.1090016212772,0.038837605864312015,-1.0,0.11213685759399084,0.0148515401766855,1.8333333333333333,-1808.0179664504535,-1.0,1111.548624541395,20831.865966462257,0.03634360570210024,1,0.6947658926532163,0.02303485537520536,0.27596386376661713,0.16391801471502243,0.5939836197309081,0.122289386530846,0.16038705388908123,0.13169697367636532,2024-05-18,piera rodriguez,ariane carnelossi,0.6066201041421768,0.6066201041421768,0.3933798958578232,1,0.0,1,-120.0,100.0,0.1749080083784739,0.0222254993026449,0.0232290461519004,0.0289529620271689,0.0424756094014026,0.0055815253719485,0.0078219182820364,-250.0,180.0,-218.0,205.0,100.0,0.0,2,0,2,0,0,0,100.0,2,0
386,0.0,0.012881730595879737,0.0,-0.017383228780839977,0.0148515401766855,1.3355704697986577,-1808.0179664504535,-1.0,1111.548624541395,20831.865966462257,0.03634360570210024,1,0.6947658926532163,0.0016964849351916035,0.27596386376661713,0.16391801471502243,0.5939836197309081,-0.029390443136718875,0.007619009655610197,0.13169697367636532,2024-05-18,vanessa demopoulos,emily ducote,0.7357281352344465,0.2642718647655535,0.7357281352344465,0,1.0,0,240.0,-298.0,0.012881730595879737,0.0263970780483009,0.0164642876034875,0.0418374743547801,0.0222650897477839,0.0176285719475658,0.0099403503581985,290.0,-420.0,320.0,-375.0,25.0,50.0,4,2,1,1,3,1,50.0,1,1
387,0.0,0.0,0.0,-0.10913819055768778,0.0148515401766855,1.2531645569620251,-1808.0179664504535,-1.0,1111.548624541395,20831.865966462257,0.03634360570210024,1,0.6947658926532163,0.0,0.27596386376661713,0.16391801471502243,0.5939836197309081,0.0,0.0,0.13169697367636532,2024-05-18,tamires vidal,melissa gatto,0.7108897267266937,0.2891102732733063,0.7108897267266937,0,0.0,0,310.0,-395.0,0.0,0.0270306968275025,0.0148515401766855,0.0431680677672335,0.0234985988994331,0.0137080733499867,0.0079721434521814,275.0,-400.0,310.0,-350.0,0.0,100.0,0,1,0,1,0,0,100.0,1,0
388,405.7417404685009,0.077907901504688,0.25,0.06845753862575304,0.0316294610237879,1.25,2629.9732697715003,1.100737100737101,3940.753078930863,27402.59231516462,0.03634360570210024,1,3.4185510296746977,0.10376086187522916,0.1213931465355015,0.03801156141977763,0.31312773829996343,0.13239320893856266,0.17920713566676358,0.29938762392547036,2024-06-01,islam makhachev,dustin poirier,0.8547660309006024,0.8547660309006024,0.1452339690993975,1,1.0,1,-400.0,280.0,0.34657699110855505,0.0222663835266408,0.0408915112102011,0.0273349729556402,0.055998360377693,0.0078796078673061,0.0143426143549159,-500.0,300.0,-400.0,350.0,88.88888888888889,81.81818181818183,9,22,8,18,1,4,88.88888888888889,8,1
389,571.8852039055479,0.04474745007800893,0.6134969325153374,0.07152151586027583,0.0316294610237879,1.6134969325153374,2629.9732697715003,1.100737100737101,3940.753078930863,27402.59231516462,0.03634360570210024,1,3.4185510296746977,0.05659971837735981,0.1213931465355015,0.03801156141977763,0.31312773829996343,0.08966334755281315,0.150800293986269,0.29938762392547036,2024-06-01,randy brown,elizeu zaleski dos santos,0.6640988862556082,0.6640988862556082,0.3359011137443918,1,1.0,1,-163.0,120.0,0.18905163024190258,0.0339796305551364,0.0403376871081888,0.0278740388872247,0.0363687167169306,0.0066135317527271,0.0084261182336002,-195.0,148.0,-176.0,165.0,61.53846153846154,40.0,13,10,8,4,5,6,61.53846153846154,8,5
390,519.879503654985,0.04991194782953693,0.5,0.021501824899872124,0.0316294610237879,1.5,2629.9732697715003,1.100737100737101,3940.753078930863,27402.59231516462,0.03634360570210024,1,3.4185510296746977,0.02822206696643753,0.1213931465355015,0.03801156141977763,0.31312773829996343,0.029977651297984024,0.06761338699195725,0.29938762392547036,2024-06-01,kevin holland,michal oleksiejczuk,0.6810012165999147,0.6810012165999147,0.3189987834000852,1,1.0,1,-200.0,165.0,0.09426597731863205,0.0188658503251424,0.0251593069075619,0.0336940503268413,0.0563284552995652,0.0043574687348652,0.0067536423762459,-330.0,210.0,-275.0,260.0,91.66666666666666,50.0,12,4,11,2,1,2,91.66666666666666,11,1
391,479.8019290100272,0.05758028706867551,0.3999999999999999,0.05096009836277754,0.0316294610237879,1.4,2629.9732697715003,1.100737100737101,3940.753078930863,27402.59231516462,0.03634360570210024,1,3.4185510296746977,0.05281243721276811,0.1213931465355015,0.03801156141977763,0.31312773829996343,0.07923313815447405,0.11345555558183275,0.29938762392547036,2024-06-01,grant dawson,joe solecki,0.7506857845448411,0.7506857845448411,0.2493142154551588,1,1.0,1,-250.0,205.0,0.17640153764644345,0.0169990228350114,0.0251555439097192,0.0245334200524655,0.0548316593126138,0.0073418189481296,0.0146707596682225,-600.0,350.0,-500.0,430.0,100.0,75.0,3,4,3,3,0,1,100.0,3,0
392,590.2732858959959,0.05241995991456739,0.5405405405405406,0.15801129233181888,0.0316294610237879,1.5405405405405406,2629.9732697715003,1.100737100737101,3940.753078930863,27402.59231516462,0.03634360570210024,1,3.4185510296746977,0.09825320925623483,0.1213931465355015,0.03801156141977763,0.31312773829996343,0.21392836530561352,0.24240002128717736,0.29938762392547036,2024-06-01,sean strickland,paulo costa,0.7516915406364438,0.7516915406364438,0.2483084593635561,1,1.0,1,-185.0,154.0,0.32818059734057015,0.0187287731158957,0.0240948213032229,0.046834147228101,0.0674515670576132,-0.0024120525335487,-0.0032376649805757,-250.0,150.0,-195.0,200.0,62.5,85.71428571428571,16,7,10,6,6,1,62.5,10,6
393,0.0,0.0,0.0,-0.06847656613724473,0.0316294610237879,1.6134969325153374,2629.9732697715003,1.100737100737101,3940.753078930863,27402.59231516462,0.03634360570210024,1,3.4185510296746977,0.0,0.1213931465355015,0.03801156141977763,0.31312773829996343,0.0,0.0,0.29938762392547036,2024-06-01,cesar almeida,roman kopylov,0.5773320141430764,0.4226679858569235,0.5773320141430764,0,0.0,0,120.0,-163.0,0.0,0.0403376871081888,0.0339796305551364,0.0385298875248208,0.0401722473447147,0.0070614140965243,0.0072188600847398,-127.0,-108.0,-108.0,102.0,0.0,0.0,0,2,0,0,0,2,0.0,0,2
394,448.31567002589463,0.06133390362777877,0.3508771929824559,0.041444771562477944,0.0316294610237879,1.350877192982456,2629.9732697715003,1.100737100737101,3940.753078930863,27402.59231516462,0.03634360570210024,1,3.4185510296746977,0.0514366609084661,0.1213931465355015,0.03801156141977763,0.31312773829996343,0.06858819922980014,0.10381480054778178,0.29938762392547036,2024-06-01,jailton almeida,alexandr romanov,0.7709396360917046,0.7709396360917046,0.2290603639082954,1,1.0,1,-285.0,230.0,0.17180623645709137,0.01683796867866,0.0264520746113833,0.035662171366254,0.0698719341678512,-0.0003968652221283,-0.0006649595236973,-455.0,250.0,-333.0,335.0,100.0,50.0,3,2,3,1,0,1,100.0,3,0
395,0.0,0.0,0.0,-0.10747778699576285,0.0316294610237879,1.359712230215827,2629.9732697715003,1.100737100737101,3940.753078930863,27402.59231516462,0.03634360570210024,1,3.4185510296746977,0.0,0.1213931465355015,0.03801156141977763,0.31312773829996343,0.0,0.0,0.29938762392547036,2024-06-01,niko price,alex morono,0.6564052254369788,0.3435947745630212,0.6564052254369788,0,1.0,0,225.0,-278.0,0.0,0.0262452639219628,0.0168967792200803,0.0446806160174017,0.0279000291438885,0.0166799230378363,0.0107710573543203,210.0,-300.0,240.0,-275.0,75.0,84.61538461538461,12,13,9,11,3,2,84.61538461538461,11,2
396,0.0,0.02369185793504408,0.0,-0.015429796648823213,0.0316294610237879,1.617283950617284,2629.9732697715003,1.100737100737101,3940.753078930863,27402.59231516462,0.03634360570210024,1,3.4185510296746977,0.007093049053552648,0.1213931465355015,0.03801156141977763,0.31312773829996343,-0.019458357989189125,0.018786813891163927,0.29938762392547036,2024-06-01,phil rowe,jake matthews,0.6087800494003459,0.3912199505996541,0.6087800494003459,0,0.0,0,136.0,-162.0,0.02369185793504408,0.0230152132689483,0.0190342109773964,0.0392764126889053,0.0318698323703832,0.0144598553006033,0.0118160728579176,130.0,-175.0,146.0,-163.0,100.0,60.0,1,15,1,9,0,6,60.0,9,6
397,471.73751740779176,0.06227373846202484,0.36363636363636376,0.0819742587866607,0.0316294610237879,1.3636363636363638,2629.9732697715003,1.100737100737101,3940.753078930863,27402.59231516462,0.03634360570210024,1,3.4185510296746977,0.08828412610075484,0.1213931465355015,0.03801156141977763,0.31312773829996343,0.13232230980583595,0.18268092587776047,0.29938762392547036,2024-06-01,mickey gall,bassil hafez,0.7934477897768845,0.2065522102231155,0.7934477897768845,0,0.0,0,200.0,-275.0,0.29488234998896384,0.040400359353909,0.0262663073127574,0.0560544392342521,0.0287940456142326,-1.968980534172715e-13,1.9706458687096529e-13,275.0,-450.0,350.0,-350.0,75.0,0.0,8,0,6,0,2,0,0.0,0,0
398,453.1182285621197,0.05437801746751902,0.3999999999999999,0.007084345066473929,0.0316294610237879,1.4,2629.9732697715003,1.100737100737101,3940.753078930863,27402.59231516462,0.03634360570210024,1,3.4185510296746977,0.03461370978254725,0.1213931465355015,0.03801156141977763,0.31312773829996343,0.010845903747515538,0.07551761495340023,0.29938762392547036,2024-06-01,ailin perez,joselyne edwards,0.7193459607617672,0.7193459607617672,0.2806540392382328,1,1.0,1,-250.0,175.0,0.11561503220708949,0.0316294610237879,0.0462926168982899,0.0296533748621354,0.0422095328216678,0.0124207845874261,0.0168532200964144,-235.0,170.0,-205.0,180.0,0.0,60.0,0,5,0,3,0,2,0.0,0,0
399,854.551981481523,0.03742209371959075,0.8333333333333333,0.035023977394668726,0.0217506013680772,1.8333333333333333,5025.3515657498565,2.3,2160.3659364666173,34588.309817381094,0.03634360570210023,1,1.8666666666666665,0.025862457163196587,0.15339168750174903,0.05697166644385993,0.37141299748208534,0.038049896279388276,0.10047443765244657,0.23693334556793264,2024-06-08,thiago moises,ludovit klein,0.5645585331243648,0.4354414668756352,0.5645585331243648,0,0.0,0,-110.0,-120.0,0.10915499083172064,0.0350135352882691,0.0342505339758,0.0361628444859429,0.0340050418679098,0.0089986517895125,0.0084762280706884,-102.0,-130.0,110.0,-118.0,71.42857142857143,0.0,7,2,5,0,2,2,0.0,0,2
400,675.7409912056983,0.06164936727826866,0.3999999999999999,0.128315735851336,0.0217506013680772,1.4,5025.3515657498565,2.3,2160.3659364666173,34588.309817381094,0.03634360570210023,1,1.8666666666666665,0.09204525428664431,0.15339168750174903,0.05697166644385993,0.37141299748208534,0.1981078701446554,0.2516247781237853,0.23693334556793264,2024-06-08,raul rosas jr,ricky turcios,0.8059398113223829,0.8059398113223829,0.1940601886776171,1,1.0,1,-250.0,175.0,0.3884858590335207,0.0316294610237879,0.0462926168982899,0.0360130542945663,0.0592250409435287,1.6997514507011152e-13,-1.7008616737257398e-13,-320.0,200.0,-250.0,250.0,0.0,100.0,0,1,0,1,0,0,0.0,0,0
401,0.0,0.0,0.0,-0.09004280968490591,0.0217506013680772,1.4444444444444444,5025.3515657498565,2.3,2160.3659364666173,34588.309817381094,0.03634360570210023,1,1.8666666666666665,0.0,0.15339168750174903,0.05697166644385993,0.37141299748208534,0.0,0.0,0.23693334556793264,2024-06-08,brunno ferreira,dustin stoltzfus,0.6299703625258344,0.6299703625258344,0.3700296374741656,1,1.0,1,-225.0,163.0,0.0,0.0303091129239294,0.042226716265892,0.0279000291438885,0.0446806160174017,0.0094013167680324,0.0144460600205209,-300.0,210.0,-270.0,240.0,0.0,100.0,0,3,0,3,0,0,0.0,0,0
402,874.2221845027246,0.03828348096916054,0.8333333333333333,0.14204808665752489,0.0217506013680772,1.8333333333333333,5025.3515657498565,2.3,2160.3659364666173,34588.309817381094,0.03634360570210023,1,1.8666666666666665,0.05415934940777676,0.15339168750174903,0.05697166644385993,0.37141299748208534,0.15440893180813567,0.21028593296460896,0.23693334556793264,2024-06-08,julian marquez,zachary reese,0.6229353199950136,0.3770646800049864,0.6229353199950136,0,0.0,0,-110.0,-120.0,0.22858474934355913,0.0350135352882691,0.0342505339758,0.0423808635674742,0.0491942280076172,0.0024958579378502,0.0028679897288758,-160.0,110.0,-138.0,135.0,40.0,0.0,5,0,2,0,3,0,0.0,0,0
403,-1152.8442942963152,0.042070628976891726,-1.0,0.03664141614574096,0.0217506013680772,1.6666666666666663,5025.3515657498565,2.3,2160.3659364666173,34588.309817381094,0.03634360570210023,1,1.8666666666666665,0.0313463809922751,0.15339168750174903,0.05697166644385993,0.37141299748208534,0.04415150587564263,0.10979636204780759,0.23693334556793264,2024-06-08,miguel baeza,punahele soriano,0.6219848496874447,0.6219848496874447,0.3780151503125553,1,0.0,1,-150.0,110.0,0.13230041941600654,0.0356521067558167,0.0405383694346594,0.0321793128548906,0.0447437640681861,0.009120070280944,0.0120505399307619,-225.0,160.0,-192.0,175.0,40.0,33.33333333333333,5,3,2,1,3,2,40.0,2,3
404,0.0,0.0,0.0,-0.10201201801000631,0.0217506013680772,1.4444444444444444,5025.3515657498565,2.3,2160.3659364666173,34588.309817381094,0.03634360570210023,1,1.8666666666666665,0.0,0.15339168750174903,0.05697166644385993,0.37141299748208534,0.0,0.0,0.23693334556793264,2024-06-08,dominick reyes,dustin jacoby,0.6216839875315341,0.3783160124684658,0.6216839875315341,0,1.0,0,175.0,-225.0,0.0,0.0326609013348426,0.0232831546092132,0.0462926168982899,0.0316294610237879,0.0150309735209291,0.0106100521200964,175.0,-250.0,200.0,-225.0,66.66666666666666,71.42857142857143,9,7,6,5,3,2,71.42857142857143,5,2
405,908.6950735729866,0.04145114553040452,0.8,0.24437647376745242,0.0217506013680772,1.8,5025.3515657498565,2.3,2160.3659364666173,34588.309817381094,0.03634360570210023,1,1.8666666666666665,0.08180470885008569,0.15339168750174903,0.05697166644385993,0.37141299748208534,0.27366446904019126,0.30831389330740605,0.23693334556793264,2024-06-08,jared cannonier,nassourdine imavov,0.6913202632041402,0.3086797367958598,0.6913202632041402,0,0.0,0,100.0,-125.0,0.345264650925342,0.0285427352714054,0.02701282028415,0.0336835053940868,0.0315338859102609,0.0111697656584019,0.0104752559866196,100.0,-130.0,110.0,-120.0,50.0,40.0,12,5,6,2,6,3,40.0,2,3
406,0.0,0.0,0.0,-0.08963080066923962,0.0217506013680772,1.7246376811594204,5025.3515657498565,2.3,2160.3659364666173,34588.309817381094,0.03634360570210023,1,1.8666666666666665,0.0,0.15339168750174903,0.05697166644385993,0.37141299748208534,0.0,0.0,0.23693334556793264,2024-06-08,andrea lee,montana de la rosa,0.5278611323850627,0.5278611323850627,0.4721388676149373,1,0.0,1,-138.0,105.0,0.0,0.0322362225882545,0.0354005882336351,0.0410247737237094,0.0498843171853813,0.0037266099034956,0.0044366554026268,-175.0,120.0,-150.0,145.0,44.44444444444444,71.42857142857143,9,7,4,5,5,2,44.44444444444444,4,5
407,0.0,0.011214381630064055,0.0,-0.04733120091865023,0.0217506013680772,1.6134969325153374,5025.3515657498565,2.3,2160.3659364666173,34588.309817381094,0.03634360570210023,1,1.8666666666666665,0.0026570609580866427,0.15339168750174903,0.05697166644385993,0.37141299748208534,-0.059522089279267575,0.008917532239512032,0.23693334556793264,2024-06-08,john castaneda,daniel marcos,0.5904373165409126,0.4095626834590874,0.5904373165409126,0,0.0,0,120.0,-163.0,0.011214381630064055,0.0403376871081888,0.0339796305551364,0.0481663232662122,0.0436704114276651,0.0107683918506759,0.009903442774647,100.0,-145.0,115.0,-125.0,33.33333333333333,0.0,3,0,1,0,2,0,0.0,0,0
408,0.0,0.0,0.0,-0.08710308730472949,0.0217506013680772,1.6134969325153374,5025.3515657498565,2.3,2160.3659364666173,34588.309817381094,0.03634360570210023,1,1.8666666666666665,0.0,0.15339168750174903,0.05697166644385993,0.37141299748208534,0.0,0.0,0.23693334556793264,2024-06-08,eduarda moura,denise gomes,0.5657878204157,0.5657878204157,0.4342121795843,1,0.0,1,-163.0,120.0,0.0,0.0339796305551364,0.0403376871081888,0.027676643367209,0.0380860847098888,0.0101556457621264,0.0136538780473972,-218.0,163.0,-200.0,180.0,0.0,0.0,0,0,0,0,0,0,0.0,0,0
409,0.0,0.002740076229019797,0.0,-0.041629736781097826,0.0217506013680772,1.5,5025.3515657498565,2.3,2160.3659364666173,34588.309817381094,0.03634360570210023,1,1.8666666666666665,0.0006492154280528254,0.15339168750174903,0.05697166644385993,0.37141299748208534,-0.05774143007598224,0.001975507915618539,0.23693334556793264,2024-06-08,cody stamann,taylor lapilus,0.6389135088126014,0.3610864911873985,0.6389135088126014,0,0.0,0,150.0,-200.0,0.002740076229019797,0.0379213858088197,0.0287452808578468,0.0405006081947943,0.0256697805562395,0.0171023084231671,0.0111348839931298,210.0,-290.0,235.0,-270.0,80.0,66.66666666666666,10,3,8,2,2,1,66.66666666666666,2,1
410,0.0,0.0,0.0,-0.09840218932156541,0.0217506013680772,1.5319148936170213,5025.3515657498565,2.3,2160.3659364666173,34588.309817381094,0.03634360570210023,1,1.8666666666666665,0.0,0.15339168750174903,0.05697166644385993,0.37141299748208534,0.0,0.0,0.23693334556793264,2024-06-08,charles radtke,carlos prates,0.5885430153039781,0.4114569846960219,0.5885430153039781,0,0.0,0,140.0,-188.0,0.0,0.0389594877010522,0.0304849567433922,0.0462926168982899,0.0316294610237879,0.0030677496110842,0.0022204576866419,175.0,-250.0,205.0,-210.0,0.0,0.0,0,0,0,0,0,0,0.0,0,0
411,0.0,0.0,0.0,-0.16121244779980795,0.0217506013680772,1.1821493624772312,5025.3515657498565,2.3,2160.3659364666173,34588.309817381094,0.03634360570210023,1,1.8666666666666665,0.0,0.15339168750174903,0.05697166644385993,0.37141299748208534,0.0,0.0,0.23693334556793264,2024-06-08,brad katona,jesse butler,0.7095444779012411,0.7095444779012411,0.2904555220987589,1,1.0,1,-549.0,350.0,0.0,0.0217506013680772,0.0463884159234824,0.018528771915647,0.0456423510790053,0.0081903246984511,0.0182983268369292,-750.0,450.0,-649.0,525.0,50.0,0.0,2,0,1,0,1,0,50.0,1,1
412,0.0,0.0,0.0,-0.0642860858132479,0.0158578460562508,1.869565217391304,6037.370319715482,1.9410319410319405,3130.856812206499,43756.536949303074,0.03634360570210024,1,2.0378667437490963,0.0,0.1337665831693834,0.04866112013323188,0.36377635565090427,0.0,0.0,0.2716942067368182,2024-06-15,josh quinlan,adam fugitt,0.5004981401464024,0.5004981401464024,0.4995018598535976,1,0.0,1,-115.0,-105.0,0.0,0.0232792664320201,0.0237995764494319,0.0356521067558167,0.0405383694346594,0.0113706227318075,0.0129057544857461,-150.0,110.0,-138.0,125.0,0.0,0.0,0,0,0,0,0,0,0.0,0,0
413,954.2315135387339,0.05103829326634389,0.5405405405405406,0.1251362121921557,0.0158578460562508,1.5405405405405406,6037.370319715482,1.9410319410319405,3130.856812206499,43756.536949303074,0.03634360570210024,1,2.0378667437490963,0.07347794053636846,0.1337665831693834,0.04866112013323188,0.36377635565090427,0.1688063118062297,0.20047993869180833,0.2716942067368182,2024-06-15,melquizael costa,shayilan nuerdanbieke,0.7303515763352589,0.7303515763352589,0.269648423664741,1,1.0,1,-185.0,154.0,0.270443530684275,0.0187287731158957,0.0240948213032229,0.034794895473237,0.0495752532432117,0.0048908886268876,0.0066033642466755,-238.0,163.0,-200.0,190.0,0.0,50.0,0,4,0,2,0,2,0.0,0,0
414,0.0,0.0,0.0,-0.03619777078515585,0.0158578460562508,1.2857142857142856,6037.370319715482,1.9410319410319405,3130.856812206499,43756.536949303074,0.03634360570210024,1,2.0378667437490963,0.0,0.1337665831693834,0.04866112013323188,0.36377635565090427,0.0,0.0,0.2716942067368182,2024-06-15,jeka saragih,westin wilson,0.74962395605599,0.74962395605599,0.25037604394401,1,0.0,1,-350.0,240.0,0.0,0.0263895562040242,0.0455058686325771,0.0255271203822416,0.0460650903852267,0.0125560338283826,0.0216320003596517,-385.0,260.0,-350.0,290.0,0.0,0.0,0,0,0,0,0,0,0.0,0,0
415,0.0,0.0,0.0,-0.14648468221895966,0.0158578460562508,1.25,6037.370319715482,1.9410319410319405,3130.856812206499,43756.536949303074,0.03634360570210024,1,2.0378667437490963,0.0,0.1337665831693834,0.04866112013323188,0.36377635565090427,0.0,0.0,0.2716942067368182,2024-06-15,jimmy flick,nate maness,0.6828122542248323,0.3171877457751677,0.6828122542248323,0,0.0,0,275.0,-400.0,0.0,0.0431680677672335,0.0234985988994331,0.0571330034972966,0.0222320758677827,0.0162687076515015,0.0075408161580222,425.0,-800.0,500.0,-600.0,100.0,75.0,1,4,1,3,0,1,75.0,3,1
416,0.0,0.0,0.0,-0.22075989023156517,0.0158578460562508,1.5208333333333337,6037.370319715482,1.9410319410319405,3130.856812206499,43756.536949303074,0.03634360570210024,1,2.0378667437490963,0.0,0.1337665831693834,0.04866112013323188,0.36377635565090427,0.0,0.0,0.2716942067368182,2024-06-15,brady hiestand,garrett armfield,0.5123770584778748,0.4876229415221252,0.5123770584778748,0,1.0,0,160.0,-192.0,0.0,0.0238990621321243,0.0182505690586025,0.0631104324313512,0.0407856714647526,-0.0027399946247238,-0.0019220100372807,175.0,-285.0,230.0,-225.0,100.0,0.0,2,0,2,0,0,0,0.0,0,0
417,1222.7852279486099,0.038887813768441463,0.9090909090909087,0.2954519149109518,0.0158578460562508,1.9090909090909087,6037.370319715482,1.9410319410319405,3130.856812206499,43756.536949303074,0.03634360570210024,1,2.0378667437490963,0.09703289652619661,0.1337665831693834,0.04866112013323188,0.36377635565090427,0.3125001573073401,0.3376565558884675,0.2716942067368182,2024-06-15,douglas silva de andrade,miles johns,0.6785700506676415,0.3214299493323585,0.6785700506676415,0,0.0,0,-110.0,-110.0,0.35714010133528307,0.0238095238095238,0.0238095238095238,0.04304922676037,0.0345905247924249,0.0084564946909956,0.0069281206936196,130.0,-180.0,150.0,-160.0,63.63636363636363,50.0,11,4,7,2,4,2,50.0,2,2
418,953.8400707191548,0.04688081403178952,0.5882352941176472,0.06967113800189662,0.0158578460562508,1.5882352941176472,6037.370319715482,1.9410319410319405,3130.856812206499,43756.536949303074,0.03634360570210024,1,2.0378667437490963,0.043961877306770224,0.1337665831693834,0.04866112013323188,0.36377635565090427,0.0898948554191016,0.12540473007724035,0.2716942067368182,2024-06-15,alex perez,tatsuro taira,0.6734966424456386,0.3265033575543614,0.6734966424456386,0,0.0,0,142.0,-170.0,0.16180645820451645,0.0236909605473527,0.0191618095781445,0.0537938673115818,0.0358698935850557,0.0087372325093323,0.0061511049596503,175.0,-265.0,210.0,-225.0,100.0,100.0,8,1,8,1,0,0,100.0,1,0
419,0.0,0.0,0.0,-0.042745137131953354,0.0158578460562508,1.2816901408450705,6037.370319715482,1.9410319410319405,3130.856812206499,43756.536949303074,0.03634360570210024,1,2.0378667437490963,0.0,0.1337665831693834,0.04866112013323188,0.36377635565090427,0.0,0.0,0.2716942067368182,2024-06-15,asu almabayev,jose johnson,0.7468691787212232,0.7468691787212232,0.2531308212787768,1,1.0,1,-355.0,280.0,0.0,0.0158578460562508,0.0275198289003715,0.0273349729556402,0.055998360377693,0.003833783251115,0.0069119721754914,-500.0,300.0,-395.0,370.0,0.0,0.0,0,0,0,0,0,0,0.0,0,0
420,1063.6217627569797,0.05299083530071606,0.45871559633027514,0.042544225370268474,0.0356521067558167,1.4587155963302751,-3606.758296678401,-1.0,-635.1657778922581,39514.61287473241,0.03634360570210024,1,-0.27171918627842095,0.045999050060656764,0.11181119438398977,0.0349010864911284,0.3121430433098556,0.06187580323612312,0.09730292786735543,0.3250444278171871,2024-06-22,kelvin gastelum,daniel rodriguez,0.7147001293418822,0.7147001293418822,0.2852998706581178,1,1.0,1,-218.0,180.0,0.14151619324644368,0.0178645296442542,0.0248129186935715,0.0303226816346757,0.0417927029807088,0.0110663576997609,0.0147321680987648,-220.0,160.0,-196.0,175.0,70.58823529411765,50.0,17,6,12,3,5,3,70.58823529411765,12,5
421,-2305.9835148775787,0.05270032035554648,-1.0,0.010449121673702155,0.0356521067558167,1.4444444444444444,-3606.758296678401,-1.0,-635.1657778922581,39514.61287473241,0.03634360570210024,1,-0.27171918627842095,0.025114722744940088,0.11181119438398977,0.0349010864911284,0.3121430433098556,0.01542360871843226,0.05234551174267991,0.3250444278171871,2024-06-22,sergei pavlovich,alexander volkov,0.6995416996202554,0.6995416996202554,0.3004583003797446,1,0.0,1,-225.0,185.0,0.07726550771411844,0.017924977552359,0.0252599077377893,0.0316294610237879,0.0462926168982899,0.0106100521200964,0.0150309735209291,-250.0,175.0,-225.0,200.0,83.33333333333334,69.23076923076923,6,13,5,9,1,4,83.33333333333334,5,1
422,0.0,0.025046267351071124,0.0,-0.021448455936519117,0.0356521067558167,1.9523809523809523,-3606.758296678401,-1.0,-635.1657778922581,39514.61287473241,0.03634360570210024,1,-0.27171918627842095,0.008141149640085209,0.11181119438398977,0.0349010864911284,0.3121430433098556,-0.02195416918265268,0.02446932777024437,0.3250444278171871,2024-06-22,robert whittaker,ikram aliskerov,0.5012093274471487,0.4987906725528513,0.5012093274471487,0,1.0,0,-115.0,-105.0,0.025046267351071124,0.0232792664320201,0.0237995764494319,0.0626565199086732,0.0678599120162093,-0.010505156280396,-0.0111398653646256,-150.0,-113.0,-110.0,120.0,60.0,0.0,15,0,9,0,6,0,0.0,0,0
423,1035.4835817950836,0.059161650692033135,0.3999999999999999,0.09576552002115579,0.0356521067558167,1.4,-3606.758296678401,-1.0,-635.1657778922581,39514.61287473241,0.03634360570210024,1,-0.27171918627842095,0.10246082006094098,0.11181119438398977,0.0349010864911284,0.3121430433098556,0.1471551783502152,0.20513923138967058,0.3250444278171871,2024-06-22,rinat fakhretdinov,nicolas dalby,0.7826896571579685,0.7826896571579685,0.2173103428420315,1,1.0,1,-250.0,175.0,0.3152209707116328,0.0316294610237879,0.0462926168982899,0.0267982878510849,0.0489592879064907,0.0079721434521814,0.0137080733499867,-395.0,260.0,-350.0,310.0,100.0,42.857142857142854,1,7,1,3,0,4,100.0,1,0
424,1478.358460051934,0.038853902698687014,0.869565217391304,0.2103011539435985,0.0356521067558167,1.869565217391304,-3606.758296678401,-1.0,-635.1657778922581,39514.61287473241,0.03634360570210024,1,-0.27171918627842095,0.09035700570038223,0.11181119438398977,0.0349010864911284,0.3121430433098556,0.22566199220138775,0.2590611821823118,0.3250444278171871,2024-06-22,kyung ho kang,muin gafurov,0.6473703846675063,0.3526296153324936,0.6473703846675063,0,0.0,0,-105.0,-115.0,0.277983555377855,0.0237995764494319,0.0232792664320201,0.0537976062394936,0.0420019516087009,0.0084564946909956,0.0069281206936196,130.0,-195.0,150.0,-160.0,60.0,0.0,5,0,3,0,2,0,0.0,0,0
425,-1906.6460676186766,0.043573970897828204,-1.0,0.12610772887075655,0.0356521067558167,1.6666666666666663,-3606.758296678401,-1.0,-635.1657778922581,39514.61287473241,0.03634360570210024,1,-0.27171918627842095,0.08305454472569396,0.11181119438398977,0.0349010864911284,0.3121430433098556,0.1521637071357723,0.21176359470203274,0.3250444278171871,2024-06-22,johnny walker,volkan oezdemir,0.6756646373224541,0.6756646373224541,0.3243353626775459,1,0.0,1,-150.0,110.0,0.25551751581604054,0.0356521067558167,0.0405383694346594,0.0436704114276651,0.0481663232662122,0.0028612375454619,0.0031447684605442,-145.0,100.0,-125.0,122.0,70.0,70.0,10,10,7,7,3,3,70.0,7,3
426,-1960.4559833483427,0.049613442742392516,-1.0,0.01925294231656699,0.0316294610237879,1.5050505050505052,7217.0128167169905,2.157554379776602,4651.971831772124,51383.59752322153,0.03634360570210024,1,2.522485947870118,0.024408678557330317,0.1318439987433578,0.05365725689992621,0.4069753451908968,0.026719760597424848,0.06380301025922477,0.275656124271877,2024-06-29,charles jourdain,jean silva,0.6772217536197324,0.6772217536197324,0.3227782463802676,1,0.0,1,-198.0,164.0,0.08854756491191275,0.0185656693505812,0.0246517396386398,0.0356521067558167,0.0405383694346594,0.0093759838689014,0.0103868619809008,-150.0,110.0,-130.0,120.0,50.0,0.0,8,0,4,0,4,0,50.0,4,4
427,0.0,0.0,0.0,-0.08951066828127857,0.0316294610237879,1.7407407407407407,7217.0128167169905,2.157554379776602,4651.971831772124,51383.59752322153,0.03634360570210024,1,2.522485947870118,0.0,0.1318439987433578,0.05365725689992621,0.4069753451908968,0.0,0.0,0.275656124271877,2024-06-29,alex pereira,jiri prochazka,0.5230470629022442,0.5230470629022442,0.4769529370977557,1,1.0,1,-135.0,114.0,0.0,0.0197976060171143,0.0219601987154369,0.0348337488150867,0.0402991080659835,0.0123272894741075,0.0142920539154221,-155.0,114.0,-145.0,130.0,33.33333333333333,50.0,3,2,1,1,2,1,33.33333333333333,1,2
428,1139.5533044781082,0.04902592931263539,0.5882352941176472,0.14622491057434328,0.0316294610237879,1.5882352941176472,7217.0128167169905,2.157554379776602,4651.971831772124,51383.59752322153,0.03634360570210024,1,2.522485947870118,0.07871249659190122,0.1318439987433578,0.05365725689992621,0.4069753451908968,0.18955512635947425,0.2202733071202539,0.275656124271877,2024-06-29,anthony smith,roman dolidze,0.721697165917179,0.2783028340828209,0.721697165917179,0,0.0,0,142.0,-170.0,0.28554597435414797,0.0236909605473527,0.0191618095781445,0.0425964476448598,0.0369448028175892,0.0077928439724531,0.0068216974963082,112.0,-155.0,130.0,-138.0,58.82352941176471,50.0,17,6,10,3,7,3,50.0,3,3
429,0.0,0.0,0.0,-0.146387509631893,0.0316294610237879,1.4201680672268908,7217.0128167169905,2.157554379776602,4651.971831772124,51383.59752322153,0.03634360570210024,1,2.522485947870118,0.0,0.1318439987433578,0.05365725689992621,0.4069753451908968,0.0,0.0,0.275656124271877,2024-06-29,mayra bueno silva,macy chiasson,0.6010644162947025,0.6010644162947025,0.3989355837052974,1,0.0,1,-238.0,195.0,0.0,0.0176285795524632,0.0254964831293137,0.047778051138082,0.0469480113299158,0.0085196281071092,0.0083885844532772,-117.0,-125.0,100.0,-107.0,40.0,57.14285714285714,5,7,2,4,3,3,40.0,2,3
430,1380.2316637217737,0.03667613425702014,0.9523809523809523,0.2204122478564653,0.0316294610237879,1.9523809523809523,7217.0128167169905,2.157554379776602,4651.971831772124,51383.59752322153,0.03634360570210024,1,2.522485947870118,0.07365151478599737,0.1318439987433578,0.05365725689992621,0.4069753451908968,0.22629696385478454,0.26023819269213,0.275656124271877,2024-06-29,ian machado garry,michael page,0.6250892001216042,0.6250892001216042,0.3749107998783958,1,1.0,1,-105.0,-115.0,0.26718620883371186,0.0237995764494319,0.0232792664320201,0.0364408339561979,0.0493246550350975,0.0068736474747453,0.0088867938176105,-215.0,148.0,-182.0,170.0,100.0,0.0,1,0,1,0,0,0,100.0,1,0
431,1170.218334356603,0.04797601605430215,0.617283950617284,0.16122777147942063,0.0316294610237879,1.617283950617284,7217.0128167169905,2.157554379776602,4651.971831772124,51383.59752322153,0.03634360570210024,1,2.522485947870118,0.08167224923922566,0.1318439987433578,0.05365725689992621,0.4069753451908968,0.2044151189057285,0.23368654503847217,0.275656124271877,2024-06-29,joe pyfer,marc andre barriault,0.718011064807886,0.718011064807886,0.281988935192114,1,1.0,1,-162.0,136.0,0.2962830934917778,0.0190342109773964,0.0230152132689483,0.0232991311295601,0.0401929323625033,0.0063886951127187,0.0102779715539479,-350.0,250.0,-300.0,275.0,100.0,50.0,1,6,1,3,0,3,100.0,1,0
432,0.0,0.0,0.0,-0.08552811191575183,0.0316294610237879,1.3355704697986577,7217.0128167169905,2.157554379776602,4651.971831772124,51383.59752322153,0.03634360570210024,1,2.522485947870118,0.0,0.1318439987433578,0.05365725689992621,0.4069753451908968,0.0,0.0,0.275656124271877,2024-06-29,payton talbott,yanis ghemmouri,0.6847050820329296,0.6847050820329296,0.3152949179670704,1,1.0,1,-298.0,240.0,0.0,0.0164642876034875,0.0263970780483009,0.013954759939476,0.0560732512650057,0.0059966140007255,0.0182458102416986,-2000.0,750.0,-1400.0,1000.0,0.0,0.0,0,0,0,0,0,0,0.0,0,0
433,904.5650994727058,0.06363951949892797,0.3597122302158271,0.08400009472597503,0.0316294610237879,1.359712230215827,7217.0128167169905,2.157554379776602,4651.971831772124,51383.59752322153,0.03634360570210024,1,2.522485947870118,0.07705585524801462,0.1318439987433578,0.05365725689992621,0.4069753451908968,0.13784529641992374,0.17034360090244663,0.275656124271877,2024-06-29,michelle waterson gomez,gillian robertson,0.7972275828937067,0.2027724171062933,0.7972275828937067,0,0.0,0,225.0,-278.0,0.2795361628607067,0.0262452639219628,0.0168967792200803,0.0379213858088197,0.0287452808578468,0.0170556976162982,0.0130805707275174,150.0,-200.0,165.0,-188.0,0.0,75.0,0,8,0,6,0,2,75.0,6,2
434,888.7010318201783,0.06252342332929481,0.3597122302158271,0.07005285019613672,0.0316294610237879,1.359712230215827,7217.0128167169905,2.157554379776602,4651.971831772124,51383.59752322153,0.03634360570210024,1,2.522485947870118,0.06700941129716634,0.1318439987433578,0.05365725689992621,0.4069753451908968,0.11478303933804707,0.14835980247688818,0.275656124271877,2024-06-29,andrei arlovski,martin buday,0.7869700855939843,0.2130299144060157,0.7869700855939843,0,0.0,0,225.0,-278.0,0.24309059511797962,0.0262452639219628,0.0168967792200803,0.0393551302004455,0.0253558275217287,0.0131363950923042,0.0088416268857176,205.0,-280.0,225.0,-250.0,47.82608695652174,100.0,23,1,11,1,12,0,100.0,1,0
435,1129.1583812710974,0.04429236081645539,0.6451612903225803,0.05713496732303136,0.0316294610237879,1.6451612903225803,7217.0128167169905,2.157554379776602,4651.971831772124,51383.59752322153,0.03634360570210024,1,2.522485947870118,0.036324641568726404,0.1318439987433578,0.05365725689992621,0.4069753451908968,0.07048087553983287,0.10682290515609208,0.275656124271877,2024-06-29,cub swanson,andre fili,0.6425722350394898,0.3574277649605102,0.6425722350394898,0,0.0,0,130.0,-155.0,0.13177520240000093,0.023106086729758,0.0195196592207963,0.0462926168982899,0.0316294610237879,0.0150309735209291,0.0106100521200964,175.0,-250.0,200.0,-225.0,65.0,50.0,20,16,13,8,7,8,50.0,8,8
436,0.0,0.0,0.0,-0.03231620236244975,0.0316294610237879,1.5714285714285714,7217.0128167169905,2.157554379776602,4651.971831772124,51383.59752322153,0.03634360570210024,1,2.522485947870118,0.0,0.1318439987433578,0.05365725689992621,0.4069753451908968,0.0,0.0,0.275656124271877,2024-06-29,ricky simon,vinicius oliveira,0.6157987803148047,0.6157987803148047,0.3842012196851952,1,0.0,1,-175.0,145.0,0.0,0.0197703920738484,0.0247565095959103,0.0371730307149528,0.0561930626511406,0.0019838881455293,0.0028238041621629,-270.0,175.0,-225.0,220.0,37.5,0.0,8,0,3,0,5,0,37.5,3,5
437,0.0,0.0,0.0,-0.07195536706508071,0.0316294610237879,1.4,7217.0128167169905,2.157554379776602,4651.971831772124,51383.59752322153,0.03634360570210024,1,2.522485947870118,0.0,0.1318439987433578,0.05365725689992621,0.4069753451908968,0.0,0.0,0.275656124271877,2024-06-29,dan ige,diego lopes,0.6628890235249424,0.3371109764750576,0.6628890235249424,0,0.0,0,175.0,-250.0,0.0,0.0462926168982899,0.0316294610237879,0.0525855440880185,0.0318998629780337,0.0115765029078631,0.0074711161397558,210.0,-320.0,250.0,-275.0,72.72727272727273,0.0,11,0,8,0,3,0,0.0,0,0
438,0.0,0.0,0.0,-0.026358642601970877,0.0191618095781445,1.2325581395348837,-4151.826133752143,-1.0,-5461.841991707364,41769.929397762025,0.03634360570210024,1,-2.411764705882353,0.0,0.0790896978360267,0.02126709545146194,0.26889842840914757,0.0,0.0,0.4595238911830197,2024-07-13,gabriel bonfim,ange loosa,0.789935440907835,0.789935440907835,0.210064559092165,1,1.0,1,-430.0,300.0,0.0,0.0211528338556065,0.0401679208613745,0.032549170769477,0.0634104251901188,0.0058412026598846,0.0100318132131314,-450.0,260.0,-350.0,320.0,0.0,0.0,0,1,0,0,0,1,0.0,0,0
439,0.0,0.0,0.0,-0.07923356755270211,0.0191618095781445,1.5,-4151.826133752143,-1.0,-5461.841991707364,41769.929397762025,0.03634360570210024,1,-2.411764705882353,0.0,0.0790896978360267,0.02126709545146194,0.26889842840914757,0.0,0.0,0.4595238911830197,2024-07-13,rose namajunas,tracy cortez,0.6138442882981986,0.6138442882981986,0.3861557117018014,1,1.0,1,-200.0,163.0,0.0,0.0201101736544746,0.0267846298943212,0.0320812817657297,0.0512520515676035,0.0088416268857176,0.0131363950923042,-300.0,200.0,-250.0,225.0,44.44444444444444,100.0,9,2,4,2,5,0,44.44444444444444,4,5
440,0.0,0.0,0.0,-0.11032891185930516,0.0191618095781445,1.6756756756756757,-4151.826133752143,-1.0,-5461.841991707364,41769.929397762025,0.03634360570210024,1,-2.411764705882353,0.0,0.0790896978360267,0.02126709545146194,0.26889842840914757,0.0,0.0,0.4595238911830197,2024-07-13,santiago ponzinibbio,muslim salikhov,0.5309327461484792,0.5309327461484792,0.4690672538515208,1,0.0,1,-148.0,124.0,0.0,0.0200233728765578,0.0231793921004005,0.0314687124102657,0.0403703680495044,0.0092525797802403,0.0117264411987806,-190.0,140.0,-175.0,160.0,66.66666666666666,80.0,12,5,8,4,4,1,66.66666666666666,8,4
441,0.0,0.0,0.0,-0.15000054082595737,0.0191618095781445,1.6451612903225803,-4151.826133752143,-1.0,-5461.841991707364,41769.929397762025,0.03634360570210024,1,-2.411764705882353,0.0,0.0790896978360267,0.02126709545146194,0.26889842840914757,0.0,0.0,0.4595238911830197,2024-07-13,drew dober,jean silva,0.5166663379293202,0.5166663379293202,0.4833336620706798,1,0.0,1,-155.0,130.0,0.0,0.0195196592207963,0.023106086729758,0.0392859653867084,0.038094986994244,0.0097005466611789,0.0095302225695902,-110.0,-124.0,100.0,-108.0,46.15384615384615,0.0,13,0,6,0,7,0,46.15384615384615,6,7
442,-2523.615622745748,0.04911325295207802,-1.0,0.14876925144573205,0.0191618095781445,1.5882352941176472,-4151.826133752143,-1.0,-5461.841991707364,41769.929397762025,0.03634360570210024,1,-2.411764705882353,0.1331050379825457,0.0790896978360267,0.02126709545146194,0.26889842840914757,0.19290132433177054,0.2233903283508047,0.4595238911830197,2024-07-13,julian erosa,christian rodriguez,0.7232991583176831,0.2767008416823168,0.7232991583176831,0,1.0,0,142.0,-170.0,0.2896585804056322,0.0236909605473527,0.0191618095781445,0.0608497914257953,0.0396286774737261,-0.0027399946247238,-0.0019220100372807,175.0,-280.0,230.0,-225.0,50.0,0.0,8,0,4,0,4,0,0.0,0,0
443,0.0,0.03034347932575947,0.0,-0.02066044452158844,0.0191618095781445,1.6666666666666663,-4151.826133752143,-1.0,-5461.841991707364,41769.929397762025,0.03634360570210024,1,-2.411764705882353,0.013943553691804502,0.0790896978360267,0.02126709545146194,0.26889842840914757,-0.025049314070650055,0.025027023471926566,0.4595238911830197,2024-07-13,montel jackson,damon blackshear,0.5876037332870471,0.5876037332870471,0.4123962667129529,1,1.0,1,-150.0,120.0,0.03034347932575947,0.0253013906679012,0.0292440638775533,0.0399483203920599,0.0403899459927181,0.0109873407442177,0.0110117027756292,-120.0,-115.0,-105.0,-104.0,85.71428571428571,100.0,7,1,6,1,1,0,85.71428571428571,6,1
444,-1628.2105110063935,0.031687359186373915,-1.0,0.1900891670377829,0.0191618095781445,2.2,-4151.826133752143,-1.0,-5461.841991707364,41769.929397762025,0.03634360570210024,1,-2.411764705882353,0.08777374517090698,0.0790896978360267,0.02126709545146194,0.26889842840914757,0.17417000967820606,0.20846854021769715,0.4595238911830197,2024-07-13,josh fremd,andre petroski,0.5409496213808104,0.5409496213808104,0.4590503786191896,1,0.0,1,120.0,-142.0,0.1910101887084438,0.0219819935623222,0.0193403204872646,0.0372029765125536,0.0365534557344445,0.0120365301632248,0.0117729936462989,-112.0,-120.0,100.0,-110.0,0.0,50.0,1,2,0,1,1,1,0.0,0,1
445,0.0,0.0,0.0,-0.05163692777036735,0.0191618095781445,1.2352941176470589,-4151.826133752143,-1.0,-5461.841991707364,41769.929397762025,0.03634360570210024,1,-2.411764705882353,0.0,0.0790896978360267,0.02126709545146194,0.26889842840914757,0.0,0.0,0.4595238911830197,2024-07-13,evan elder,darrius flowers,0.7677224870430359,0.7677224870430359,0.232277512956964,1,1.0,1,-425.0,330.0,0.0,0.0146095237354543,0.0274724253232388,0.0282557770293627,0.0647600707049687,-0.0011259653141498,-0.0021207879326033,-625.0,333.0,-450.0,460.0,0.0,0.0,0,0,0,0,0,0,0.0,0,0
446,-2690.280861496754,0.05235680238778433,-1.0,0.05929174577739027,0.0191618095781445,1.4761904761904765,-4151.826133752143,-1.0,-5461.841991707364,41769.929397762025,0.03634360570210024,1,-2.411764705882353,0.08095829911899878,0.0790896978360267,0.02126709545146194,0.26889842840914757,0.08457509430883496,0.12351082614620193,0.4595238911830197,2024-07-13,joshua van,charles johnson,0.71758473101049,0.71758473101049,0.2824152689895099,1,0.0,1,-210.0,170.0,0.17617865071297156,0.0202306563835465,0.0275590688255333,0.0320812817657297,0.0512520515676035,0.0017214526135309,0.0025411219815246,-300.0,200.0,-245.0,240.0,0.0,50.0,0,4,0,2,0,2,0.0,0,0
447,1380.2650035415322,0.04566536052599635,0.5882352941176472,0.007525892650954991,0.0191618095781445,1.5882352941176472,-4151.826133752143,-1.0,-5461.841991707364,41769.929397762025,0.03634360570210024,1,-2.411764705882353,0.028194781618566065,0.0790896978360267,0.02126709545146194,0.26889842840914757,0.00970681002888361,0.04757098329911572,0.4595238911830197,2024-07-13,luana santos,mariya agapova,0.6343681546320827,0.6343681546320827,0.3656318453679172,1,1.0,1,-170.0,142.0,0.061356508681148454,0.0191618095781445,0.0236909605473527,0.0221920743449993,0.0426227404698154,0.0082785373332109,0.014912557286455,-440.0,300.0,-390.0,340.0,0.0,0.0,0,1,0,0,0,1,0.0,0,0
448,-1824.5527433186066,0.04368101094794677,-1.0,0.009109070282617981,0.0316294610237879,1.6134969325153374,-3966.260548384146,-1.0,-96.60436080697218,37707.064488570904,0.03634360570210024,1,0.4627329192546581,0.023184494919421886,0.149962730229845,0.054444639089353875,0.3630544669726113,0.011424719307040428,0.07627487065641922,0.24235092043467796,2024-07-20,kurt holobaugh,kaynan kruschewsky,0.6254174085782005,0.3745825914217995,0.6254174085782005,0,1.0,0,120.0,-163.0,0.09566497572131531,0.0403376871081888,0.0339796305551364,0.0491942280076172,0.0423808635674742,0.0129057544857461,0.0113706227318075,110.0,-160.0,125.0,-138.0,100.0,0.0,2,0,2,0,0,0,0.0,0,0
449,1174.922108604406,0.04219262968160622,0.6666666666666663,0.045367348323372136,0.0316294610237879,1.6666666666666663,-3966.260548384146,-1.0,-96.60436080697218,37707.064488570904,0.03634360570210024,1,0.4627329192546581,0.03497564186131208,0.149962730229845,0.054444639089353875,0.3630544669726113,0.05466027275797176,0.11978229262239527,0.24235092043467796,2024-07-20,amanda lemos,virna jandiroba,0.6272204089940234,0.3727795910059765,0.6272204089940234,0,0.0,0,110.0,-150.0,0.14431817217190737,0.0405383694346594,0.0356521067558167,0.0403365658031246,0.0390285135619546,0.0097005466611789,0.0095302225695902,-110.0,-125.0,100.0,-108.0,42.857142857142854,75.0,7,4,3,3,4,1,75.0,3,1
450,-1911.0077293543156,0.045750801040537664,-1.0,0.21108727399801597,0.0316294610237879,1.6666666666666663,-3966.260548384146,-1.0,-96.60436080697218,37707.064488570904,0.03634360570210024,1,0.4627329192546581,0.09028910308250719,0.149962730229845,0.054444639089353875,0.3630544669726113,0.25649690272078995,0.30659889938764423,0.24235092043467796,2024-07-20,cody durden,bruno silva,0.7266523643988098,0.7266523643988098,0.2733476356011902,1,0.0,1,-150.0,110.0,0.37255523073964664,0.0356521067558167,0.0405383694346594,0.0491942280076172,0.0423808635674742,0.0109137713479807,0.0096231764881719,110.0,-160.0,126.0,-137.0,0.0,42.857142857142854,2,7,0,3,2,4,0.0,0,2
451,1224.9937332999357,0.0404714917244865,0.7246376811594204,0.03633046777463311,0.0316294610237879,1.7246376811594204,-3966.260548384146,-1.0,-96.60436080697218,37707.064488570904,0.03634360570210024,1,0.4627329192546581,0.02855352537112382,0.149962730229845,0.054444639089353875,0.3630544669726113,0.042167408435054884,0.10151007341174431,0.24235092043467796,2024-07-20,steve garcia,seungwoo choi,0.6008974981214259,0.6008974981214259,0.3991025018785741,1,1.0,1,-138.0,105.0,0.11781892686815684,0.0322362225882545,0.0354005882336351,0.0396494636101499,0.0503055588786056,0.0053420528861958,0.006586672976773,-190.0,130.0,-163.0,155.0,33.33333333333333,66.66666666666666,3,6,1,4,2,2,33.33333333333333,1,2
452,0.0,0.0,0.0,-0.11827482942890666,0.0316294610237879,1.7246376811594204,-3966.260548384146,-1.0,-96.60436080697218,37707.064488570904,0.03634360570210024,1,0.4627329192546581,0.0,0.149962730229845,0.054444639089353875,0.3630544669726113,0.0,0.0,0.24235092043467796,2024-07-20,luana carolina,lucie pudilova,0.5112524098269364,0.4887475901730636,0.5112524098269364,0,1.0,0,105.0,-138.0,0.0,0.0354005882336351,0.0322362225882545,0.0472907115587453,0.0527092884412548,5.018208071305708e-14,-5.0071058410594566e-14,-150.0,100.0,-125.0,125.0,0.0,50.0,3,6,0,3,3,3,50.0,3,3
453,920.745244355561,0.055108139852691106,0.3999999999999999,0.023812096462987764,0.0316294610237879,1.4,-3966.260548384146,-1.0,-96.60436080697218,37707.064488570904,0.03634360570210024,1,0.4627329192546581,0.03714422846713827,0.149962730229845,0.054444639089353875,0.3630544669726113,0.03645035181896201,0.10012501108407484,0.24235092043467796,2024-07-20,brian kelleher,cody gibson,0.7312943546164199,0.2687056453835801,0.7312943546164199,0,0.0,0,175.0,-250.0,0.1532662983103872,0.0462926168982899,0.0316294610237879,0.0392828753414365,0.0284452615406929,0.0136538780473972,0.0101556457621264,163.0,-220.0,180.0,-200.0,58.333333333333336,0.0,12,3,7,0,5,3,0.0,0,3
454,1174.4301823027602,0.04920412480132054,0.5714285714285714,0.15219438021577458,0.0316294610237879,1.5714285714285714,-3966.260548384146,-1.0,-96.60436080697218,37707.064488570904,0.03634360570210024,1,0.4627329192546581,0.07887513536192224,0.149962730229845,0.054444639089353875,0.3630544669726113,0.1984707768576211,0.24957293756396184,0.24235092043467796,2024-07-20,miranda maverick,dione barbosa,0.7332146055918566,0.7332146055918566,0.2667853944081434,1,1.0,1,-175.0,130.0,0.32545836929545247,0.0318698323703832,0.0392764126889053,0.0268500650832099,0.0401997433459088,0.0059277888164889,0.0085022256135255,-260.0,190.0,-230.0,215.0,100.0,0.0,5,0,5,0,0,0,100.0,5,0
455,1467.4185802128504,0.03193725510998987,1.1,0.14905802333708362,0.0316294610237879,2.1,-3966.260548384146,-1.0,-96.60436080697218,37707.064488570904,0.03634360570210024,1,0.4627329192546581,0.04788993189240292,0.149962730229845,0.054444639089353875,0.3630544669726113,0.1419553164556974,0.2074929004123599,0.24235092043467796,2024-07-20,mohammed usman,thomas petersen,0.5471704873033731,0.4528295126966268,0.5471704873033731,0,0.0,0,-150.0,110.0,0.1976057355445899,0.0356521067558167,0.0405383694346594,0.0575050111410532,0.0607120431225127,-0.0069015800931359,-0.0071040221477605,-140.0,-115.0,-104.0,110.0,0.0,0.0,0,0,0,0,0,0,0.0,0,0
456,-2323.553736909563,0.055627427922682965,-1.0,0.03497454414188306,0.0316294610237879,1.4,-3966.260548384146,-1.0,-96.60436080697218,37707.064488570904,0.03634360570210024,1,0.4627329192546581,0.04323323064107839,0.149962730229845,0.054444639089353875,0.3630544669726113,0.053542572838137535,0.11652680603838726,0.24235092043467796,2024-07-20,jeongyeong lee,hyder amil,0.7392675315299165,0.7392675315299165,0.2607324684700834,1,0.0,1,-250.0,175.0,0.17839103133396705,0.0316294610237879,0.0462926168982899,0.0387831778135211,0.0535245144941712,0.0026047361397324,0.0034448706358273,-225.0,150.0,-190.0,185.0,0.0,0.0,0,0,0,0,0,0,0.0,0,0
457,712.3873723307368,0.06612436785985612,0.2857142857142856,0.02247977946692578,0.0316294610237879,1.2857142857142856,-2768.717649656196,-1.0,2521.2143998792303,37459.56123879394,0.03634360570210023,1,1.3080662456809247,0.03007668092896155,0.21324651514148565,0.11161967914185238,0.5234302613001414,0.04040029225835104,0.09819545316416424,0.1704300099721997,2024-07-27,nathaniel wood,daniel pineda,0.7952620506964979,0.7952620506964979,0.2047379493035021,1,1.0,1,-350.0,240.0,0.1764752635634277,0.0263895562040242,0.0455058686325771,0.0244045177844269,0.0498926709705931,0.0029652804861365,0.0053680528471968,-500.0,315.0,-400.0,380.0,50.0,25.0,6,8,3,2,3,6,50.0,3,3
458,0.0,0.0,0.0,-0.02292227063879365,0.0316294610237879,1.3355704697986577,-2768.717649656196,-1.0,2521.2143998792303,37459.56123879394,0.03634360570210023,1,1.3080662456809247,0.0,0.21324651514148565,0.11161967914185238,0.5234302613001414,0.0,0.0,0.1704300099721997,2024-07-27,leon edwards,belal muhammad,0.7315808124362801,0.7315808124362801,0.2684191875637198,1,0.0,1,-298.0,240.0,0.0,0.0164642876034875,0.0263970780483009,0.0298434802109398,0.0466596320747645,0.0088416268857176,0.0131363950923042,-286.0,198.0,-250.0,225.0,71.42857142857143,66.66666666666666,14,15,10,10,4,5,71.42857142857143,10,4
459,0.0,0.0,0.0,-0.19968619726637338,0.0316294610237879,1.5050505050505052,-2768.717649656196,-1.0,2521.2143998792303,37459.56123879394,0.03634360570210023,1,1.3080662456809247,0.0,0.21324651514148565,0.11161967914185238,0.5234302613001414,0.0,0.0,0.1704300099721997,2024-07-27,tom aspinall,curtis blaydes,0.5317521239639532,0.5317521239639532,0.4682478760360468,1,1.0,1,-198.0,164.0,0.0,0.0185656693505812,0.0246517396386398,0.0211528338556065,0.0401679208613745,0.013467421863802,0.024627816231436,-430.0,300.0,-400.0,320.0,66.66666666666666,78.57142857142857,3,14,2,11,1,3,66.66666666666666,2,1
460,-1499.8586492285447,0.03977659543566843,-1.0,0.17476938088903804,0.0316294610237879,1.8,-2768.717649656196,-1.0,2521.2143998792303,37459.56123879394,0.03634360570210023,1,1.3080662456809247,0.046472465741411825,0.21324651514148565,0.11161967914185238,0.5234302613001414,0.19408118235619798,0.2455452656996103,0.1704300099721997,2024-07-27,christian leroy duncan,gregory rodrigues,0.6526496560494656,0.6526496560494656,0.3473503439505344,1,0.0,1,-125.0,-105.0,0.2726777153213354,0.0331297358984499,0.0346209416083251,0.0382576321409336,0.0415743006321754,0.0104752559866196,0.0111697656584019,-138.0,100.0,-120.0,110.0,0.0,0.0,0,3,0,0,0,3,0.0,0,0
461,977.9202957047684,0.05653758184444639,0.45871559633027514,0.11879642506864452,0.0316294610237879,1.4587155963302751,-2768.717649656196,-1.0,2521.2143998792303,37459.56123879394,0.03634360570210023,1,1.3080662456809247,0.05092623201473202,0.21324651514148565,0.11161967914185238,0.5234302613001414,0.17368887924080142,0.20437455940632684,0.1704300099721997,2024-07-27,arnold allen,giga chikadze,0.7669736498898255,0.7669736498898255,0.2330263501101744,1,1.0,1,-218.0,180.0,0.2988102390127128,0.0178645296442542,0.0248129186935715,0.0298859964891874,0.0470370804338894,0.0051427618442088,0.0076504151280726,-290.0,200.0,-250.0,235.0,100.0,66.66666666666666,9,3,9,2,0,1,100.0,9,0
462,0.0,0.007937016975134248,0.0,-0.03880718512601761,0.0316294610237879,1.5,-2768.717649656196,-1.0,2521.2143998792303,37459.56123879394,0.03634360570210023,1,1.3080662456809247,0.0013527058822216482,0.21324651514148565,0.11161967914185238,0.5234302613001414,-0.05381736601033694,0.005723306618967892,0.1704300099721997,2024-07-27,mick parkin,lukasz brzeski,0.6407952099159883,0.6407952099159883,0.3592047900840117,1,1.0,1,-200.0,150.0,0.007937016975134248,0.0287452808578468,0.0379213858088197,0.0230725937328416,0.0514615677578416,0.003465229786032,0.0066425869255583,-600.0,360.0,-460.0,430.0,0.0,0.0,0,0,0,0,0,0,0.0,0,0
463,808.1345805590879,0.05893776475787704,0.36363636363636376,0.03389627011094587,0.0316294610237879,1.3636363636363638,-2768.717649656196,-1.0,2521.2143998792303,37459.56123879394,0.03634360570210023,1,1.3080662456809247,0.029743974458628083,0.21324651514148565,0.11161967914185238,0.5234302613001414,0.05453832882566513,0.10846834550587398,0.1704300099721997,2024-07-27,sam patterson,kiefer crosbie,0.7581905980813602,0.7581905980813602,0.2418094019186397,1,1.0,1,-275.0,200.0,0.17452310460745663,0.0262663073127574,0.040400359353909,0.0225655293610897,0.0460619216193023,0.0083601951560139,0.0160071900361134,-500.0,325.0,-450.0,385.0,0.0,0.0,0,0,0,0,0,0,0.0,0,0
464,1522.630800513182,0.03365043175960424,1.2000000000000002,0.4806610408611842,0.0316294610237879,2.2,-2768.717649656196,-1.0,2521.2143998792303,37459.56123879394,0.03634360570210023,1,1.3080662456809247,0.07222363674031387,0.21324651514148565,0.11161967914185238,0.5234302613001414,0.4511803929801888,0.4514628179521865,0.1704300099721997,2024-07-27,muhammad mokaev,manel kape,0.6730277458459928,0.6730277458459928,0.3269722541540072,1,1.0,1,120.0,-142.0,0.4237730007297124,0.0219819935623222,0.0193403204872646,0.0303226816346757,0.0417927029807088,0.0101556457621264,0.0136538780473972,-220.0,160.0,-200.0,180.0,100.0,100.0,1,1,1,1,0,0,100.0,1,0
465,0.0,0.0,0.0,-0.09972981522240365,0.0316294610237879,1.5376344086021505,-2768.717649656196,-1.0,2521.2143998792303,37459.56123879394,0.03634360570210023,1,1.3080662456809247,0.0,0.21324651514148565,0.11161967914185238,0.5234302613001414,0.0,0.0,0.1704300099721997,2024-07-27,jake hadley,caolan loughran,0.5854903998903249,0.4145096001096751,0.5854903998903249,0,1.0,0,150.0,-186.0,0.0,0.0283132845779334,0.0220363657717169,0.0462926168982899,0.0316294610237879,0.0118345224887278,0.0083420222779808,175.0,-250.0,205.0,-225.0,100.0,0.0,2,0,2,0,0,0,0.0,0,0
466,0.0,0.027951869694593828,0.0,-0.039564815892117744,0.0316294610237879,1.9090909090909087,-2768.717649656196,-1.0,2521.2143998792303,37459.56123879394,0.03634360570210023,1,1.3080662456809247,0.004763837430791252,0.21324651514148565,0.11161967914185238,0.5234302613001414,-0.04138713006428186,0.026721122643425306,0.1704300099721997,2024-07-27,oban elliott,preston parsons,0.5030850964374622,0.5030850964374622,0.4969149035625377,1,1.0,1,-110.0,-120.0,0.027951869694593828,0.0350135352882691,0.0342505339758,0.0495190070936725,0.0394271344840477,0.0076332407565121,0.0062663731431017,128.0,-186.0,150.0,-159.0,0.0,100.0,0,1,0,1,0,0,0.0,0,0
467,0.0,0.0,0.0,-0.0907576839599728,0.0316294610237879,1.4,-2768.717649656196,-1.0,2521.2143998792303,37459.56123879394,0.03634360570210023,1,1.3080662456809247,0.0,0.21324651514148565,0.11161967914185238,0.5234302613001414,0.0,0.0,0.1704300099721997,2024-07-27,molly mccann,bruna brasil,0.649458797171448,0.649458797171448,0.3505412028285519,1,0.0,1,-250.0,175.0,0.0,0.0316294610237879,0.0462926168982899,0.0270265375564874,0.0481614323683246,0.0123704967454446,0.0209023405201332,-375.0,250.0,-335.0,280.0,42.857142857142854,0.0,7,0,3,0,4,0,42.857142857142854,3,4
468,1245.2337473992811,0.03822839248918228,0.869565217391304,0.15749638886010275,0.0172648620833434,1.869565217391304,-2613.6706423652004,-1.0,-1850.4682038271385,32995.4223926016,0.03634360570210024,1,-1.410654562828476,0.09089153195692432,0.08802951183193047,0.027504406974089332,0.31244529705676277,0.16847507523680497,0.20580629119907817,0.41285706288464863,2024-08-03,marlon vera,deiveson figueiredo,0.6191259754367993,0.3808740245632007,0.6191259754367993,0,0.0,0,-105.0,-115.0,0.2201525421942926,0.0237995764494319,0.0232792664320201,0.0336603803563935,0.0293025826065694,0.0109908024649661,0.0097248284201562,116.0,-150.0,125.0,-136.0,72.22222222222221,36.36363636363637,18,11,13,4,5,7,36.36363636363637,4,7
469,0.0,0.06389967659954982,0.0,-0.005530485374580174,0.0172648620833434,1.8333333333333333,-2613.6706423652004,-1.0,-1850.4682038271385,32995.4223926016,0.03634360570210024,1,-1.410654562828476,0.02638143280016905,0.08802951183193047,0.027504406974089332,0.31244529705676277,-0.006015894590079771,0.05874375316631456,0.41285706288464863,2024-08-03,joel alvarez,elves brener,0.5424379170684108,0.5424379170684108,0.4575620829315892,1,1.0,1,-120.0,-110.0,0.06389967659954982,0.0342505339758,0.0350135352882691,0.0329579201220419,0.0395327235274406,0.0156975365234555,0.0185115494097682,-166.0,123.0,-152.0,132.0,50.0,0.0,4,0,2,0,2,0,50.0,2,2
470,0.0,0.0,0.0,-0.06420243733463671,0.0172648620833434,1.359712230215827,-2613.6706423652004,-1.0,-1850.4682038271385,32995.4223926016,0.03634360570210024,1,-1.410654562828476,0.0,0.08802951183193047,0.027504406974089332,0.31244529705676277,0.0,0.0,0.41285706288464863,2024-08-03,cory sandhagen,umar nurmagomedov,0.6882320698967488,0.3117679301032511,0.6882320698967488,0,0.0,0,225.0,-278.0,0.0,0.0262452639219628,0.0168967792200803,0.0417702567695023,0.0228762078769623,0.0183459837094261,0.010791545428103,275.0,-395.0,290.0,-340.0,77.77777777777779,100.0,9,3,7,3,2,0,100.0,3,0
471,-1595.6269800786552,0.042595986907240896,-1.0,0.012222337813922624,0.0172648620833434,1.6756756756756757,-2613.6706423652004,-1.0,-1850.4682038271385,32995.4223926016,0.03634360570210024,1,-1.410654562828476,0.026646620685887194,0.08802951183193047,0.027504406974089332,0.31244529705676277,0.014743780387855242,0.05350419704968419,0.41285706288464863,2024-08-03,mackenzie dern,loopy godinez,0.6040681693405667,0.3959318306594333,0.6040681693405667,0,1.0,0,124.0,-148.0,0.0645420003225964,0.0231793921004005,0.0200233728765578,0.0436704114276651,0.0481663232662122,0.0028612375454619,0.0031447684605442,-145.0,100.0,-125.0,122.0,66.66666666666666,100.0,9,1,6,1,3,0,100.0,1,0
472,669.297452131903,0.08129575751801309,0.2197802197802201,0.047046022007468546,0.0172648620833434,1.21978021978022,-2613.6706423652004,-1.0,-1850.4682038271385,32995.4223926016,0.03634360570210024,1,-1.410654562828476,0.11224838485582311,0.08802951183193047,0.027504406974089332,0.31244529705676277,0.09774634388210665,0.1308587499970316,0.41285706288464863,2024-08-03,tony ferguson,michael chiesa,0.8583890811052217,0.1416109188947783,0.8583890811052217,0,0.0,0,350.0,-455.0,0.2718819536997604,0.0277332659130896,0.0143087761289523,0.0581989253131667,0.0260122855074861,0.0071159069716245,0.0037773392157393,340.0,-599.0,410.0,-440.0,84.21052631578947,53.333333333333336,19,15,16,8,3,7,53.333333333333336,8,7
473,0.0,0.05113337188474676,0.0,-0.004709123516950131,0.0172648620833434,1.3636363636363638,-2613.6706423652004,-1.0,-1850.4682038271385,32995.4223926016,0.03634360570210024,1,-1.410654562828476,0.021110773731725017,0.08802951183193047,0.027504406974089332,0.31244529705676277,-0.007647711782501932,0.03148567452481095,0.41285706288464863,2024-08-03,shamil gaziev,dontale mayes,0.7298799760875698,0.7298799760875698,0.2701200239124302,1,1.0,1,-275.0,220.0,0.05113337188474676,0.0180098262235651,0.0278235071097681,0.0537337628339733,0.204330753295059,-0.0615341415116038,-0.0874854663315334,-1450.0,210.0,-275.0,750.0,0.0,100.0,0,4,0,4,0,0,0.0,0,0
474,936.2830584309667,0.049989002939059064,0.5,0.024288386665966333,0.0172648620833434,1.5,-2613.6706423652004,-1.0,-1850.4682038271385,32995.4223926016,0.03634360570210024,1,-1.410654562828476,0.04109602808025443,0.08802951183193047,0.027504406974089332,0.31244529705676277,0.03386263375231943,0.0713966879449616,0.41285706288464863,2024-08-03,azamat murzakanov,alonzo menifield,0.6828589244439776,0.6828589244439776,0.3171410755560224,1,1.0,1,-200.0,165.0,0.09954057172502961,0.0188658503251424,0.0251593069075619,0.0502019244081837,0.0835493817569155,-0.0090510283739019,-0.01292699360412,-335.0,175.0,-225.0,250.0,0.0,33.33333333333333,2,6,0,2,2,4,0.0,0,2
475,-1181.6518328560264,0.031544732340118335,-1.0,0.21368475712952117,0.0172648620833434,2.2,-2613.6706423652004,-1.0,-1850.4682038271385,32995.4223926016,0.03634360570210024,1,-1.410654562828476,0.08824502045634947,0.08802951183193047,0.027504406974089332,0.31244529705676277,0.19590449041958471,0.23314153002744528,0.41285706288464863,2024-08-03,jai herbert,rolando bedoya,0.5516748896043278,0.4483251103956722,0.5516748896043278,0,1.0,0,-145.0,120.0,0.21374230548407727,0.021635497208127,0.0247466920312049,0.0461226903215928,0.0485022841317077,0.0057123740755625,0.0059020277827417,-133.0,-110.0,-110.0,105.0,75.0,0.0,4,0,3,0,1,0,0.0,0,0
476,0.0,0.0,0.0,-0.10380556894632115,0.0172648620833434,1.2857142857142856,-2613.6706423652004,-1.0,-1850.4682038271385,32995.4223926016,0.03634360570210024,1,-1.410654562828476,0.0,0.08802951183193047,0.027504406974089332,0.31244529705676277,0.0,0.0,0.41285706288464863,2024-08-03,mohammad yahya,kaue fernandes,0.6970401130417503,0.3029598869582496,0.6970401130417503,0,0.0,0,260.0,-350.0,0.0,0.0351697471818625,0.0203858083736931,0.0555138125575491,0.0302004731567365,0.0159520015964056,0.0093288972799989,250.0,-400.0,300.0,-345.0,0.0,0.0,0,0,0,0,0,0,0.0,0,0
477,-1924.0036488546077,0.05136215121660495,-1.0,0.10794790594418557,0.0172648620833434,1.526315789473684,-2613.6706423652004,-1.0,-1850.4682038271385,32995.4223926016,0.03634360570210024,1,-1.410654562828476,0.1003252779217931,0.08802951183193047,0.027504406974089332,0.31244529705676277,0.14747913038228522,0.17786656041219273,0.41285706288464863,2024-08-03,viktoriia dudakova,sam hughes,0.7258969038944665,0.7258969038944665,0.2741030961055335,1,0.0,1,-190.0,160.0,0.2430024503415696,0.0172648620833434,0.0225229363251446,0.0477530530216476,0.065883310614716,-0.0028453830411125,-0.0036481234523939,-230.0,140.0,-175.0,180.0,0.0,50.0,0,4,0,2,0,2,0.0,0,0
478,787.4911454593622,0.0615760310963838,0.3875968992248062,0.09594611595020647,0.0237995764494319,1.3875968992248062,5486.238077737651,1.7091177556293835,2850.1397199230773,41331.80019026233,0.03634360570210024,1,1.9851391419283388,0.18566159960567047,0.05704406851568753,0.010128875872745422,0.1775622976464224,0.15199136724835124,0.18395561362834328,0.6371145440319617,2024-08-10,youssef zalal,jarno errens,0.7898159159641153,0.7898159159641153,0.2101840840358847,1,1.0,1,-258.0,210.0,0.2914100789957112,0.0172934134973199,0.0259576227254229,0.0240411371388507,0.0532535488514874,0.0073418189481296,0.0146707596682225,-590.0,350.0,-500.0,430.0,100.0,0.0,3,0,3,0,0,0,100.0,3,0
479,0.0,0.0,0.0,-0.028350327143851717,0.0237995764494319,1.4081632653061225,5486.238077737651,1.7091177556293835,2850.1397199230773,41331.80019026233,0.03634360570210024,1,1.9851391419283388,0.0,0.05704406851568753,0.010128875872745422,0.1775622976464224,0.0,0.0,0.6371145440319617,2024-08-10,jhonata diniz,karl williams,0.6900120865210329,0.3099879134789671,0.6900120865210329,0,1.0,0,200.0,-245.0,0.0,0.0258446282047153,0.0176336326648498,0.0668979879403213,0.0516617310292335,-0.0024221271243294,-0.0019651206089258,124.0,-205.0,163.0,-160.0,0.0,100.0,0,1,0,1,0,0,100.0,1,0
480,940.5006317256648,0.044181158277932855,0.6451612903225803,0.05014448437573321,0.0237995764494319,1.6451612903225803,5486.238077737651,1.7091177556293835,2850.1397199230773,41331.80019026233,0.03634360570210024,1,1.9851391419283388,0.0773799235310451,0.05704406851568753,0.010128875872745422,0.1775622976464224,0.061852509922210835,0.09846380607982785,0.6371145440319617,2024-08-10,karol rosa,pannie kianzad,0.6383231179538772,0.6383231179538772,0.3616768820461228,1,1.0,1,-155.0,130.0,0.12145370758819662,0.0195196592207963,0.023106086729758,0.033043503103694,0.051020824381686,0.0036195154374515,0.0052931405340279,-280.0,188.0,-240.0,230.0,66.66666666666666,50.0,6,4,4,2,2,2,66.66666666666666,4,2
481,0.0,0.0,0.0,-0.11292360630840342,0.0237995764494319,1.4081632653061225,5486.238077737651,1.7091177556293835,2850.1397199230773,41331.80019026233,0.03634360570210024,1,1.9851391419283388,0.0,0.05704406851568753,0.010128875872745422,0.1775622976464224,0.0,0.0,0.6371145440319617,2024-08-10,damon jackson,chepe mariscal,0.6299528013172208,0.3700471986827792,0.6299528013172208,0,0.0,0,190.0,-245.0,0.0,0.0326337911497175,0.0223387225934109,0.0379213858088197,0.0287452808578468,0.0154220321682451,0.0120504953042823,150.0,-200.0,160.0,-180.0,33.33333333333333,0.0,6,0,2,0,4,0,0.0,0,0
482,1122.1479427380505,0.03570966074794507,0.9523809523809523,0.07885956831231622,0.0237995764494319,1.9523809523809523,5486.238077737651,1.7091177556293835,2850.1397199230773,41331.80019026233,0.03634360570210024,1,1.9851391419283388,0.07993882628818247,0.05704406851568753,0.010128875872745422,0.1775622976464224,0.08058173236148958,0.12278859889663372,0.6371145440319617,2024-08-10,yana santos,chelsea chandler,0.5525866081599669,0.5525866081599669,0.4474133918400331,1,1.0,1,-105.0,-115.0,0.12547010115683724,0.0237995764494319,0.0232792664320201,0.0301197302765585,0.0353206659031373,0.0105778254586148,0.0122933919938833,-157.0,120.0,-145.0,132.0,100.0,0.0,1,0,1,0,0,0,100.0,1,0
483,0.0,0.0,0.0,-0.09043219804667785,0.0232792664320201,1.4878048780487805,-4007.771848678279,-1.0,-1732.9797474823606,35591.04859410169,0.03634360570210024,1,0.30956521739130394,0.0,0.17896180946152515,0.07968613611961323,0.4452689451418677,0.0,0.0,0.20308023153908555,2024-08-17,kai kara france,steve erceg,0.6113488504932165,0.3886511495067834,0.6113488504932165,0,1.0,0,172.0,-205.0,0.0,0.022861479381002,0.0169167269835109,0.0546959456716461,0.0342871051758115,0.0050262223086338,0.003377139035904,195.0,-300.0,240.0,-250.0,75.0,0.0,8,0,6,0,2,0,0.0,0,0
484,1675.5873738192488,0.02815271383229458,1.44,0.46750000839168837,0.0232792664320201,2.44,-4007.771848678279,-1.0,-1732.9797474823606,35591.04859410169,0.03634360570210024,1,0.30956521739130394,0.07335284416551772,0.17896180946152515,0.07968613611961323,0.4452689451418677,0.39782035183048947,0.4244670018076677,0.20308023153908555,2024-08-17,dricus du plessis,israel adesanya,0.6014344296687247,0.6014344296687247,0.3985655703312752,1,1.0,1,144.0,-186.0,0.36120130260635425,0.0337659075685295,0.0264198083548913,0.0465338790464816,0.0464319786252584,-0.0024698783521157,-0.0024806166973891,-120.0,-121.0,100.0,102.0,75.0,69.23076923076923,4,13,3,9,1,4,75.0,3,1
485,-2844.1695057482452,0.06881310498588747,-1.0,0.11405342573577604,0.0232792664320201,1.3389830508474576,-4007.771848678279,-1.0,-1732.9797474823606,35591.04859410169,0.03634360570210024,1,0.30956521739130394,0.07949984024722448,0.17896180946152515,0.07968613611961323,0.4452689451418677,0.19221792604602797,0.23228066107318465,0.20308023153908555,2024-08-17,mateusz gamrot,dan hooker,0.8320145837773517,0.8320145837773517,0.1679854162226483,1,0.0,1,-295.0,220.0,0.3914701083641598,0.0228866584861963,0.0364487845517783,0.0253343334093399,0.0492577411827345,0.0075571298180011,0.0135300304444168,-450.0,290.0,-385.0,340.0,75.0,72.72727272727273,4,11,3,8,1,3,75.0,3,1
486,0.0,0.0,0.0,-0.1009584775927509,0.0232792664320201,1.5882352941176472,-4007.771848678279,-1.0,-1732.9797474823606,35591.04859410169,0.03634360570210024,1,0.30956521739130394,0.0,0.17896180946152515,0.07968613611961323,0.4452689451418677,0.0,0.0,0.20308023153908555,2024-08-17,tai tuivasa,jairzinho rozenstruik,0.5660631807749346,0.4339368192250654,0.5660631807749346,0,0.0,0,132.0,-170.0,0.0,0.0333769876637669,0.0272871247244832,0.0513452487166904,0.0345133371418953,0.0183309337818654,0.0129598093732845,175.0,-260.0,195.0,-225.0,80.0,81.81818181818183,10,11,8,9,2,2,81.81818181818183,9,2
487,0.0,0.038134644953121834,0.0,-0.016890548903881142,0.0232792664320201,1.3773584905660377,-4007.771848678279,-1.0,-1732.9797474823606,35591.04859410169,0.03634360570210024,1,0.30956521739130394,0.007744392526740802,0.17896180946152515,0.07968613611961323,0.4452689451418677,-0.02680207218367731,0.024032286798522994,0.20308023153908555,2024-08-17,li jingliang,carlos prates,0.7137643960012918,0.2862356039987082,0.7137643960012918,0,0.0,0,200.0,-265.0,0.038134644953121834,0.0357494745355933,0.0236112560580139,0.0558182489476436,0.0296518365224418,0.0100318132131314,0.0058412026598846,260.0,-420.0,320.0,-350.0,66.66666666666666,0.0,9,0,6,0,3,0,0.0,0,0
488,0.0,0.0,0.0,-0.1543911644137732,0.0232792664320201,1.6024096385542168,-4007.771848678279,-1.0,-1732.9797474823606,35591.04859410169,0.03634360570210024,1,0.30956521739130394,0.0,0.17896180946152515,0.07968613611961323,0.4452689451418677,0.0,0.0,0.20308023153908555,2024-08-17,casey oneill,luana santos,0.5277107770951641,0.4722892229048359,0.5277107770951641,0,1.0,0,140.0,-166.0,0.0,0.0224151110016604,0.018311706040946,0.0551905946218716,0.0479988988115243,0.0061374951931404,0.0055084675397788,105.0,-160.0,124.0,-130.0,75.0,0.0,4,0,3,0,1,0,0.0,0,0
489,-1905.0239353189577,0.04609099837291328,-1.0,0.058370144728633055,0.0232792664320201,1.6024096385542168,-4007.771848678279,-1.0,-1732.9797474823606,35591.04859410169,0.03634360570210024,1,0.30956521739130394,0.02819581457283582,0.17896180946152515,0.07968613611961323,0.4452689451418677,0.07447251027000619,0.10882076460715129,0.20308023153908555,2024-08-17,josh culibao,ricardo ramos,0.660486631672756,0.660486631672756,0.339513368327244,1,0.0,1,-166.0,140.0,0.13884076435775164,0.018311706040946,0.0224151110016604,0.0459416887491485,0.0495867665354043,0.0020042009922551,0.0021659407925654,-140.0,-105.0,-120.0,118.0,0.0,71.42857142857143,0,7,0,5,0,2,0.0,0,0
490,0.0,0.0,0.0,-0.030740784511566505,0.0232792664320201,1.1869158878504673,-4007.771848678279,-1.0,-1732.9797474823606,35591.04859410169,0.03634360570210024,1,0.30956521739130394,0.0,0.17896180946152515,0.07968613611961323,0.4452689451418677,0.0,0.0,0.20308023153908555,2024-08-17,jack jenkins,herbert burns,0.8166199689548219,0.8166199689548219,0.183380031045178,1,1.0,1,-535.0,400.0,0.0,0.0137943173646942,0.0287253676746758,0.0280950765476558,0.0849484017132136,-0.0037289297398875,-0.0074971323336321,-1050.0,400.0,-549.0,600.0,0.0,33.33333333333333,0,3,0,1,0,2,0.0,0,0
491,0.0,0.0,0.0,-0.03099852091750191,0.0232792664320201,1.0909090909090908,-4007.771848678279,-1.0,-1732.9797474823606,35591.04859410169,0.03634360570210024,1,0.30956521739130394,0.0,0.17896180946152515,0.07968613611961323,0.4452689451418677,0.0,0.0,0.20308023153908555,2024-08-17,tom nolan,alex reyes,0.8882513558256233,0.8882513558256233,0.1117486441743766,1,1.0,1,-1100.0,700.0,0.0,0.010809779385279,0.0308568872813876,0.0145173846298943,0.051659085958341,0.007267945429165,0.0203176377119734,-1600.0,700.0,-1115.0,810.0,0.0,0.0,0,0,0,0,0,0,0.0,0,0
492,1340.6263197655937,0.037301067474279984,0.869565217391304,0.022073851448264847,0.0232792664320201,1.869565217391304,-4007.771848678279,-1.0,-1732.9797474823606,35591.04859410169,0.03634360570210024,1,0.30956521739130394,0.01458923154182823,0.17896180946152515,0.07968613611961323,0.4452689451418677,0.023570537281347975,0.06727805078139108,0.20308023153908555,2024-08-17,junior tafa,valter walker,0.5466906647281418,0.4533093352718582,0.5466906647281418,0,0.0,0,-105.0,-115.0,0.0718397425060072,0.0237995764494319,0.0232792664320201,0.0674835314406031,0.0635237101657169,-0.0092564643899055,-0.0088907091878096,-117.0,-145.0,114.0,-106.0,0.0,0.0,0,0,0,0,0,0,0.0,0,0
493,-1598.5525454202632,0.04491445485776394,-1.0,0.15204683994352447,0.0178645296442542,1.6756756756756757,-2598.873765487767,-1.0,2005.163492196875,34997.3383208108,0.03634360570210024,1,1.815330848089469,0.09049313162705763,0.10510010505600882,0.03934615250156172,0.3743683460696237,0.18413236565744745,0.21609166780946282,0.34579989889384405,2024-08-24,edmen shahbazyan,gerald meerschaert,0.6875118238372646,0.6875118238372646,0.3124881761627354,1,0.0,1,-148.0,124.0,0.26169218648278963,0.0200233728765578,0.0231793921004005,0.0248211057667622,0.0428117444747838,0.0097218056138841,0.0159810056310957,-350.0,245.0,-315.0,275.0,75.0,52.94117647058824,8,17,6,9,2,8,75.0,6,2
494,0.0,0.0,0.0,-0.05722527786811865,0.0178645296442542,1.6849315068493151,-2598.873765487767,-1.0,2005.163492196875,34997.3383208108,0.03634360570210024,1,1.815330848089469,0.0,0.10510010505600882,0.03934615250156172,0.3743683460696237,0.0,0.0,0.34579989889384405,2024-08-24,dennis buzukja,francis marshall,0.5595329651677019,0.4404670348322981,0.5595329651677019,0,0.0,0,114.0,-146.0,0.0,0.0323203113680271,0.0284653432174907,0.0599464743542338,0.0442201923124329,-0.0036481234523939,-0.0028453830411125,140.0,-220.0,180.0,-175.0,0.0,0.0,0,1,0,0,0,1,0.0,0,1
495,1450.4657690978804,0.02810597775512805,1.4500000000000002,0.27378804097307885,0.0178645296442542,2.45,-2598.873765487767,-1.0,2005.163492196875,34997.3383208108,0.03634360570210024,1,1.815330848089469,0.07655616406477517,0.10510010505600882,0.03934615250156172,0.3743683460696237,0.22949985769586767,0.26411152704177937,0.34579989889384405,2024-08-24,jacqueline cavalcanti,josiane nunes,0.5199134861114607,0.5199134861114607,0.4800865138885393,1,1.0,1,145.0,-175.0,0.2213886247788548,0.0247565095959103,0.0197703920738484,0.0320812817657297,0.0512520515676035,0.0111348839931298,0.0171023084231671,-300.0,200.0,-270.0,235.0,0.0,100.0,0,1,0,1,0,0,0.0,0,0
496,0.0,0.0,0.0,-0.2453334871736661,0.0178645296442542,1.5050505050505052,-2598.873765487767,-1.0,2005.163492196875,34997.3383208108,0.03634360570210024,1,1.815330848089469,0.0,0.10510010505600882,0.03934615250156172,0.3743683460696237,0.0,0.0,0.34579989889384405,2024-08-24,viacheslav borshchev,james llontop,0.5014227165758862,0.5014227165758862,0.4985772834241138,1,1.0,1,-198.0,164.0,0.0,0.0185656693505812,0.0246517396386398,0.0339551827402024,0.0503515719576135,0.0061511049596503,0.0087372325093323,-258.0,175.0,-225.0,210.0,100.0,0.0,2,0,2,0,0,0,100.0,2,0
497,1072.933223186336,0.044616307556022326,0.6756756756756757,0.13857261198105364,0.0178645296442542,1.6756756756756757,-2598.873765487767,-1.0,2005.163492196875,34997.3383208108,0.03634360570210024,1,1.815330848089469,0.08392347513038252,0.10510010505600882,0.03934615250156172,0.3743683460696237,0.1676545504654013,0.20059525448952198,0.34579989889384405,2024-08-24,angela hill,tabatha ricci,0.679470752311274,0.3205292476887261,0.679470752311274,0,0.0,0,124.0,-148.0,0.24269375265533524,0.0231793921004005,0.0200233728765578,0.0624136696846838,0.0496660314361131,-0.0084078429797641,-0.0069767724048511,120.0,-192.0,160.0,-150.0,71.42857142857143,100.0,14,2,10,2,4,0,100.0,2,0
498,1080.317045332922,0.04401274414804226,0.6896551724137931,0.13526792016981026,0.0178645296442542,1.6896551724137931,-2598.873765487767,-1.0,2005.163492196875,34997.3383208108,0.03634360570210024,1,1.815330848089469,0.08062009924794335,0.10510010505600882,0.03934615250156172,0.3743683460696237,0.1620236301293116,0.19464126601686957,0.34579989889384405,2024-08-24,jared cannonier,caio borralho,0.6718932588760101,0.3281067411239898,0.6718932588760101,0,0.0,0,122.0,-145.0,0.23314089884304054,0.0225925289248723,0.0196946562194557,0.0634346923493256,0.0369237305897426,0.0045494022130446,0.0029581052944629,210.0,-350.0,260.0,-270.0,50.0,100.0,12,2,6,2,6,0,100.0,2,0
499,0.0,0.0,0.0,-0.12755563914479623,0.0178645296442542,1.4587155963302751,-2598.873765487767,-1.0,2005.163492196875,34997.3383208108,0.03634360570210024,1,1.815330848089469,0.0,0.10510010505600882,0.03934615250156172,0.3743683460696237,0.0,0.0,0.34579989889384405,2024-08-24,neil magny,michael morales,0.5980907882592278,0.4019092117407722,0.5980907882592278,0,0.0,0,180.0,-218.0,0.0,0.0248129186935715,0.0178645296442542,0.0397504191246762,0.0142680261981168,0.0269612026888202,0.0106327822735858,590.0,-1000.0,600.0,-850.0,75.0,0.0,24,0,18,0,6,0,0.0,0,0
500,990.7970541746474,0.04246596034356765,0.6666666666666663,0.06452090373031005,0.0222254993026449,1.6666666666666663,-2670.4394102282217,-1.0,1260.8849127230399,33587.78382330562,0.03634360570210024,1,0.45143325143325064,0.04112060863399248,0.15086732562122224,0.04831003227893263,0.3202153420563912,0.07773299020535389,0.14168431711902227,0.24089779249714394,2024-09-07,steve garcia,kyle nelson,0.6387125422381862,0.6387125422381862,0.3612874577618138,1,1.0,1,-150.0,110.0,0.17069732440358498,0.0356521067558167,0.0405383694346594,0.0303091129239294,0.042226716265892,0.0059124538038086,0.0079764350850802,-225.0,163.0,-200.0,188.0,33.33333333333333,100.0,3,4,1,4,2,0,33.33333333333333,1,2
501,1174.9988684539123,0.03693134441971929,0.9090909090909087,0.1269572060573444,0.0222254993026449,1.9090909090909087,-2670.4394102282217,-1.0,1260.8849127230399,33587.78382330562,0.03634360570210024,1,0.45143325143325064,0.04351140130834141,0.15086732562122224,0.04831003227893263,0.3202153420563912,0.1327546268929346,0.1727340436317504,0.24089779249714394,2024-09-07,gilbert burns,sean brady,0.5903109174586091,0.4096890825413909,0.5903109174586091,0,0.0,0,-110.0,-110.0,0.18062183491721817,0.0238095238095238,0.0238095238095238,0.0443857673709329,0.0330335874677767,0.0079219800842499,0.0060640339017639,150.0,-210.0,175.0,-186.0,56.25,60.0,16,5,9,3,7,2,60.0,3,2
502,1025.3814830325455,0.04336228603950043,0.6756756756756757,0.0706171886766398,0.0222254993026449,1.6756756756756757,-2670.4394102282217,-1.0,1260.8849127230399,33587.78382330562,0.03634360570210024,1,0.45143325143325064,0.03538252662451756,0.15086732562122224,0.04831003227893263,0.3202153420563912,0.08519397273665161,0.1217468056681695,0.24089779249714394,2024-09-07,jessica andrade,natalia silva,0.6389167093715431,0.3610832906284568,0.6389167093715431,0,0.0,0,124.0,-148.0,0.14687775366367067,0.0231793921004005,0.0200233728765578,0.0446806160174017,0.0279000291438885,0.0166799230378363,0.0107710573543203,210.0,-300.0,240.0,-275.0,70.58823529411765,100.0,17,1,12,1,5,0,100.0,1,0
503,-1282.1469737059072,0.0366355567372817,-1.0,0.07858820477923267,0.0222254993026449,1.9090909090909087,-2670.4394102282217,-1.0,1260.8849127230399,33587.78382330562,0.03634360570210024,1,0.45143325143325064,0.0313045592164295,0.15086732562122224,0.04831003227893263,0.3202153420563912,0.08211391729515717,0.12436992430640932,0.24089779249714394,2024-09-07,trevor peek,yanal ashmouz,0.5649747739319791,0.5649747739319791,0.4350252260680208,1,0.0,1,-110.0,-110.0,0.1299495478639583,0.0238095238095238,0.0238095238095238,0.0555555555555555,0.0555555555555555,-0.006129654151011,-0.0060654678002084,-125.0,-125.0,105.0,100.0,0.0,0.0,0,0,0,0,0,0,0.0,0,0
504,0.0,0.04515349056159509,0.0,-0.00804103401569406,0.0222254993026449,1.3278688524590163,-2670.4394102282217,-1.0,1260.8849127230399,33587.78382330562,0.03634360570210024,1,0.45143325143325064,0.01087737619982888,0.15086732562122224,0.04831003227893263,0.3202153420563912,-0.01371446034653241,0.0264743011652594,0.24089779249714394,2024-09-07,matt schnell,cody durden,0.7470308262350946,0.2529691737649053,0.7470308262350946,0,0.0,0,240.0,-305.0,0.04515349056159509,0.0291858792151209,0.0180181875967891,0.0444361792747264,0.0270999653035868,0.0166799230378363,0.0107710573543203,220.0,-315.0,240.0,-275.0,60.0,0.0,10,2,6,0,4,2,0.0,0,2
505,729.7951356967593,0.10426437705161058,0.19999999999999996,0.10220413573668413,0.0222254993026449,1.2,-2670.4394102282217,-1.0,1260.8849127230399,33587.78382330562,0.03634360570210024,1,0.45143325143325064,0.1321084695537752,0.15086732562122224,0.04831003227893263,0.3202153420563912,0.2278670183883404,0.24597152939891614,0.24089779249714394,2024-09-07,jaqueline amorim,vanessa demopoulos,0.9185034464472368,0.9185034464472368,0.0814965535527633,1,1.0,1,-500.0,380.0,0.5484004987523556,0.0137953429848293,0.0278713236818374,0.0289551118662008,0.0467119530481759,0.0041963581206815,0.006329105404539,-305.0,210.0,-258.0,245.0,0.0,25.0,0,4,0,1,0,3,0.0,0,0
506,0.0,0.0,0.0,-0.2873019871387214,0.0222254993026449,1.4,-2670.4394102282217,-1.0,1260.8849127230399,33587.78382330562,0.03634360570210024,1,0.45143325143325064,0.0,0.15086732562122224,0.04831003227893263,0.3202153420563912,0.0,0.0,0.24089779249714394,2024-09-07,andre petroski,dylan budka,0.5090700091866276,0.5090700091866276,0.4909299908133724,1,1.0,1,-250.0,205.0,0.0,0.0169990228350114,0.0251555439097192,0.0289517490752811,0.0488555011457621,0.0132320044983534,0.021225999808897,-335.0,225.0,-298.0,250.0,50.0,0.0,2,0,1,0,1,0,50.0,1,1
507,0.0,0.0,0.0,-0.06384653658897899,0.0222254993026449,1.1111111111111112,-2670.4394102282217,-1.0,1260.8849127230399,33587.78382330562,0.03634360570210024,1,0.45143325143325064,0.0,0.15086732562122224,0.04831003227893263,0.3202153420563912,0.0,0.0,0.24089779249714394,2024-09-07,isaac dulgarian,brendon marotte,0.8425381170699189,0.8425381170699189,0.1574618829300811,1,1.0,1,-900.0,600.0,0.0,0.0118464798437456,0.031010663013397,0.0094907990557043,0.0483536411695978,0.0056253287556775,0.0203486972183483,-3335.0,1050.0,-2100.0,1300.0,0.0,0.0,0,0,0,0,0,0,0.0,0,0
508,-1377.9406549289176,0.03937272721421617,-1.0,0.16200549656201824,0.0222254993026449,1.8333333333333333,-2670.4394102282217,-1.0,1260.8849127230399,33587.78382330562,0.03634360570210024,1,0.45143325143325064,0.05587882542503459,0.15086732562122224,0.04831003227893263,0.3202153420563912,0.17702425532910782,0.21228114518803384,0.24089779249714394,2024-09-07,felipe dos santos,andre lima,0.6338211799429191,0.6338211799429191,0.3661788200570809,1,0.0,1,-120.0,100.0,0.23196072012862917,0.0222254993026449,0.0232290461519004,0.0438312885628124,0.0344784041085822,0.0117021336127724,0.0095099875993489,135.0,-188.0,150.0,-164.0,0.0,0.0,0,0,0,0,0,0,0.0,0,0
509,838.5383811235382,0.04943184115269211,0.5050505050505052,0.012097262825613853,0.0234985988994331,1.5050505050505052,6025.365501790358,2.055555555555555,4145.043118466906,43758.19244356288,0.03634360570210024,1,2.772907096598399,0.013781700490169985,0.19810383574912038,0.0896267205359528,0.45242294374075875,0.01678967232129634,0.054126827882783356,0.18345735490011386,2024-09-14,sean omalley,merab dvalishvili,0.672467308857287,0.327532691142713,0.672467308857287,0,0.0,0,164.0,-198.0,0.07512209307538333,0.0246517396386398,0.0185656693505812,0.0502289057254486,0.0507811952846522,-0.0060654678002084,-0.006129654151011,-125.0,-120.0,100.0,105.0,71.42857142857143,87.5,7,8,5,7,2,1,87.5,7,1
510,1041.489250089843,0.04651196647427436,0.6666666666666663,0.210128851714652,0.0234985988994331,1.6666666666666663,6025.365501790358,2.055555555555555,4145.043118466906,43758.19244356288,0.03634360570210024,1,2.772907096598399,0.06529848434747804,0.19810383574912038,0.0896267205359528,0.45242294374075875,0.2568730496930426,0.29116228485231305,0.18345735490011386,2024-09-14,brian ortega,diego lopes,0.7260773110287914,0.2739226889712086,0.7260773110287914,0,0.0,0,120.0,-150.0,0.3559327691333541,0.0292440638775533,0.0253013906679012,0.0535245144941712,0.0387831778135211,0.0056345391289803,0.0042860957916545,150.0,-225.0,180.0,-188.0,70.0,0.0,10,0,7,0,3,0,0.0,0,0
511,1115.8692203764701,0.03554804544664103,0.9345794392523368,0.00199265048485725,0.0234985988994331,1.9345794392523368,6025.365501790358,2.055555555555555,4145.043118466906,43758.19244356288,0.03634360570210024,1,2.772907096598399,0.0105384240636876,0.19810383574912038,0.0896267205359528,0.45242294374075875,0.002055361381370644,0.05569080299599597,0.18345735490011386,2024-09-14,alexa grasso,valentina shevchenko,0.5179382299607715,0.4820617700392285,0.5179382299607715,0,0.0,0,-117.0,-107.0,0.05744345365398626,0.0277298173240821,0.0283489021487466,0.0322362225882545,0.0354005882336351,0.0152771619636649,0.0164688697823669,-138.0,105.0,-125.0,110.0,50.0,75.0,10,12,5,9,5,3,75.0,9,3
512,0.0,0.0,0.0,-0.14148308040314955,0.0234985988994331,1.434782608695652,6025.365501790358,2.055555555555555,4145.043118466906,43758.19244356288,0.03634360570210024,1,2.772907096598399,0.0,0.19810383574912038,0.0896267205359528,0.45242294374075875,0.0,0.0,0.18345735490011386,2024-09-14,edgar chairez,joshua van,0.5983602772947746,0.4016397227052254,0.5983602772947746,0,0.0,0,180.0,-230.0,0.0,0.0317371253854357,0.0223754287271183,0.0446806160174017,0.0279000291438885,0.0166799230378363,0.0107710573543203,210.0,-300.0,240.0,-275.0,0.0,0.0,0,0,0,0,0,0,0.0,0,0
513,-1551.941368742596,0.04620553046628065,-1.0,0.047513191397897225,0.0234985988994331,1.5714285714285714,6025.365501790358,2.055555555555555,4145.043118466906,43758.19244356288,0.03634360570210024,1,2.772907096598399,0.028807919574285447,0.19810383574912038,0.0896267205359528,0.45242294374075875,0.06163994076032488,0.12103995626486681,0.18345735490011386,2024-09-14,daniel zellhuber,esteban ribovics,0.6665993036168437,0.6665993036168437,0.3334006963831563,1,0.0,1,-175.0,130.0,0.15702788034838044,0.0318698323703832,0.0392764126889053,0.0263550910265553,0.0356796484275389,0.0081200172756494,0.0106887601538178,-210.0,160.0,-190.0,175.0,100.0,0.0,1,0,1,0,0,0,100.0,1,0
514,0.0,0.0,0.0,-0.056995450023167527,0.0234985988994331,1.5714285714285714,6025.365501790358,2.055555555555555,4145.043118466906,43758.19244356288,0.03634360570210024,1,2.772907096598399,0.0,0.19810383574912038,0.0896267205359528,0.45242294374075875,0.0,0.0,0.18345735490011386,2024-09-14,manuel torres,ignacio bahamondes,0.6000938045307116,0.3999061954692883,0.6000938045307116,0,0.0,0,130.0,-175.0,0.0,0.0392764126889053,0.0318698323703832,0.0365052006871935,0.0407684272105676,0.0093759838689014,0.0103868619809008,-145.0,106.0,-130.0,120.0,0.0,100.0,0,2,0,2,0,0,100.0,2,0
515,1140.8541813567604,0.040759611435815676,0.8333333333333333,0.29641373728829845,0.0234985988994331,1.8333333333333333,6025.365501790358,2.055555555555555,4145.043118466906,43758.19244356288,0.03634360570210024,1,2.772907096598399,0.07353771056700777,0.19810383574912038,0.0896267205359528,0.45242294374075875,0.3261808909785313,0.36426277340160146,0.18345735490011386,2024-09-14,irene aldana,norma dumont,0.7071347657936173,0.2928652342063826,0.7071347657936173,0,0.0,0,-110.0,-120.0,0.40084362170732535,0.0350135352882691,0.0342505339758,0.0526742444901628,0.050095727408673,-0.0056777667067514,-0.0053964304139573,-112.0,-135.0,115.0,-110.0,28.57142857142857,20.0,7,5,2,1,5,4,20.0,1,4
516,656.2408740548328,0.08889827303454466,0.2197802197802201,0.08076508795148038,0.0234985988994331,1.21978021978022,6025.365501790358,2.055555555555555,4145.043118466906,43758.19244356288,0.03634360570210024,1,2.772907096598399,0.07595433330179518,0.19810383574912038,0.0896267205359528,0.45242294374075875,0.16929692988858508,0.1975113313183783,0.18345735490011386,2024-09-14,raul rosas jr,aoriqileng,0.8860326396719341,0.8860326396719341,0.1139673603280658,1,1.0,1,-455.0,350.0,0.4140162891978339,0.0143087761289523,0.0277332659130896,0.013749275630595,0.0381987763174568,0.0108947816893208,0.0297750747700092,-1000.0,600.0,-1000.0,660.0,0.0,0.0,0,0,0,0,0,0,0.0,0,0
517,903.9925802080578,0.043870352193844615,0.6134969325153374,0.02192292897585596,0.0234985988994331,1.6134969325153374,6025.365501790358,2.055555555555555,4145.043118466906,43758.19244356288,0.03634360570210024,1,2.772907096598399,0.02106789941536373,0.19810383574912038,0.0896267205359528,0.45242294374075875,0.027487395741750735,0.09159063931367578,0.18345735490011386,2024-09-14,ronaldo rodriguez,ode osbourne,0.6333590776542377,0.6333590776542377,0.3666409223457623,1,1.0,1,-163.0,120.0,0.11483812914905739,0.0339796305551364,0.0403376871081888,0.0405360611177055,0.0564336358519914,-0.0010320760563085,-0.0013625599590171,-230.0,150.0,-188.0,190.0,0.0,50.0,0,4,0,2,0,2,0.0,0,0
518,0.0,0.0,0.0,-0.04798757255655395,0.0234985988994331,1.25,6025.365501790358,2.055555555555555,4145.043118466906,43758.19244356288,0.03634360570210024,1,2.772907096598399,0.0,0.19810383574912038,0.0896267205359528,0.45242294374075875,0.0,0.0,0.18345735490011386,2024-09-14,yazmin jauregui,ketlen souza,0.7616099419547568,0.7616099419547568,0.2383900580452431,1,0.0,1,-400.0,275.0,0.0,0.0234985988994331,0.0431680677672335,0.0202357153423898,0.0430723840747737,0.011067822828091,0.0222655105052422,-549.0,360.0,-500.0,400.0,100.0,0.0,1,0,1,0,0,0,100.0,1,0
519,0.0,0.0,0.0,-0.08723651963167589,0.0356521067558167,1.1821493624772312,7971.067651335849,2.1404255319148935,3641.826292128596,55371.08638702733,0.03634360570210023,1,1.8717699660807892,0.0,0.15233255813014174,0.05790406170414431,0.3801161249762204,0.0,0.0,0.2385806826079224,2024-09-28,morgan charriere,gabriel miranda,0.7721219579695069,0.7721219579695069,0.2278780420304931,1,1.0,1,-549.0,350.0,0.0,0.0217506013680772,0.0463884159234824,0.0221465445651335,0.0520649582177977,0.0041842441589012,0.0084384767387144,-670.0,390.0,-520.0,475.0,0.0,0.0,0,0,0,0,0,0,0.0,0,0
520,0.0,0.04294297277901916,0.0,-0.008572944669034077,0.0356521067558167,1.4,7971.067651335849,2.1404255319148935,3641.826292128596,55371.08638702733,0.03634360570210023,1,1.8717699660807892,0.01024536375883182,0.15233255813014174,0.05790406170414431,0.3801161249762204,-0.013292271788553526,0.027696373909190875,0.2385806826079224,2024-09-28,renato moicano,benoit st denis,0.7081621823792614,0.2918378176207385,0.7081621823792614,0,1.0,0,200.0,-250.0,0.04294297277901916,0.0284008065139526,0.019218241105095,0.0446806160174017,0.0279000291438885,0.0115281282070229,0.0076497255409967,210.0,-300.0,235.0,-258.0,50.0,100.0,12,1,6,1,6,0,100.0,1,0
521,1175.0483901589512,0.050484054531000175,0.5319148936170213,0.12028863855368432,0.0356521067558167,1.5319148936170213,7971.067651335849,2.1404255319148935,3641.826292128596,55371.08638702733,0.03634360570210023,1,1.8717699660807892,0.06885464717600177,0.15233255813014174,0.05790406170414431,0.3801161249762204,0.16202974071088327,0.21425346432689837,0.2385806826079224,2024-09-28,nassourdine imavov,brendan allen,0.7312995279447662,0.7312995279447662,0.2687004720552338,1,1.0,1,-188.0,140.0,0.28860109889598984,0.0304849567433922,0.0389594877010522,0.0290887615654049,0.040577421308325,0.0074736116073294,0.0100702480417933,-225.0,165.0,-200.0,185.0,40.0,50.0,5,8,2,4,3,4,40.0,2,3
522,0.0,0.0,0.0,-0.1383612647636482,0.0356521067558167,1.3636363636363638,7971.067651335849,2.1404255319148935,3641.826292128596,55371.08638702733,0.03634360570210023,1,1.8717699660807892,0.0,0.15233255813014174,0.05790406170414431,0.3801161249762204,0.0,0.0,0.2385806826079224,2024-09-28,william gomis,joanderson brito,0.6318684058399913,0.3681315941600087,0.6318684058399913,0,1.0,0,200.0,-275.0,0.0,0.040400359353909,0.0262663073127574,0.0455058686325771,0.0263895562040242,0.0171315547320204,0.0106462230457573,240.0,-350.0,260.0,-300.0,0.0,0.0,1,1,0,0,1,1,0.0,0,1
523,0.0,0.0,0.0,-0.07665631367280307,0.0356521067558167,1.7246376811594204,7971.067651335849,2.1404255319148935,3641.826292128596,55371.08638702733,0.03634360570210023,1,1.8717699660807892,0.0,0.15233255813014174,0.05790406170414431,0.3801161249762204,0.0,0.0,0.2385806826079224,2024-09-28,daniel barez,victor altamirano,0.5353841542569461,0.5353841542569461,0.4646158457430539,1,1.0,1,-138.0,105.0,0.0,0.0322362225882545,0.0354005882336351,0.0356937238337675,0.0332717934076118,0.0158831719407466,0.0150082667176822,100.0,-132.0,106.0,-120.0,0.0,0.0,0,0,0,0,0,0,0.0,0,0
524,1590.71480181653,0.03462132216440231,1.0499999999999998,0.33771391738007883,0.0356521067558167,2.05,7971.067651335849,2.1404255319148935,3641.826292128596,55371.08638702733,0.03634360570210023,1,1.8717699660807892,0.08719812539140641,0.15233255813014174,0.05790406170414431,0.3801161249762204,0.3324579725069245,0.37126505892444683,0.2385806826079224,2024-09-28,fares ziam,matt frevola,0.6525433743317458,0.6525433743317458,0.3474566256682542,1,1.0,1,105.0,-138.0,0.36548694738503057,0.0354005882336351,0.0322362225882545,0.0332717934076118,0.0356937238337675,0.0138550876683796,0.0146912452257791,-132.0,100.0,-120.0,107.0,100.0,20.0,3,5,3,1,0,4,100.0,3,0
525,0.0,0.0,0.0,-0.07954545667908564,0.0356521067558167,1.1540832049306626,7971.067651335849,2.1404255319148935,3641.826292128596,55371.08638702733,0.03634360570210023,1,1.8717699660807892,0.0,0.15233255813014174,0.05790406170414431,0.3801161249762204,0.0,0.0,0.2385806826079224,2024-09-28,ludovit klein,roosevelt roberts,0.7975634160417535,0.7975634160417535,0.2024365839582464,1,1.0,1,-649.0,400.0,0.0,0.0201152566224162,0.0463733949129643,0.0151287132617989,0.0443950962620107,0.0082053587534497,0.021556546008455,-1100.0,600.0,-950.0,700.0,0.0,60.0,2,5,0,3,2,2,0.0,0,2
526,0.0,0.08925838200588733,0.0,-0.00443684447635867,0.0356521067558167,1.25,7971.067651335849,2.1404255319148935,3641.826292128596,55371.08638702733,0.03634360570210023,1,1.8717699660807892,0.021295325707443295,0.15233255813014174,0.05790406170414431,0.3801161249762204,-0.008511014211914275,0.046530947935341335,0.2385806826079224,2024-09-28,oumar sy,da woon jung,0.7964505244189131,0.7964505244189131,0.2035494755810869,1,1.0,1,-400.0,275.0,0.08925838200588733,0.0234985988994331,0.0431680677672335,0.0190436891848228,0.0430252763324186,0.0084638178279577,0.0176331574215598,-625.0,400.0,-549.0,455.0,0.0,0.0,0,0,0,0,0,0,0.0,0,0
527,876.0631001531149,0.06907089911052448,0.28985507246376807,0.0505991239655319,0.0356521067558167,1.289855072463768,7971.067651335849,2.1404255319148935,3641.826292128596,55371.08638702733,0.03634360570210023,1,1.8717699660807892,0.056365687957668595,0.15233255813014174,0.05790406170414431,0.3801161249762204,0.09159856535415924,0.1305070164941592,0.2385806826079224,2024-09-28,taylor lapilus,vince morales,0.8145094331867607,0.8145094331867607,0.1854905668132392,1,1.0,1,-345.0,265.0,0.23625419854422403,0.0181504065839109,0.0311030950322194,0.0247646694026397,0.0455056008676303,0.0074856184034898,0.0126293241252458,-400.0,270.0,-335.0,300.0,66.66666666666666,66.66666666666666,3,6,2,4,1,2,66.66666666666666,2,1
528,0.0,0.0,0.0,-0.06560955971170462,0.0356521067558167,1.6666666666666663,7971.067651335849,2.1404255319148935,3641.826292128596,55371.08638702733,0.03634360570210023,1,1.8717699660807892,0.0,0.15233255813014174,0.05790406170414431,0.3801161249762204,0.0,0.0,0.2385806826079224,2024-09-28,kevin jousset,bryan battle,0.5606342641729773,0.4393657358270226,0.5606342641729773,0,0.0,0,110.0,-150.0,0.0,0.0405383694346594,0.0356521067558167,0.0438354898569455,0.0338481259622635,0.0023501995862997,0.0018739626215289,140.0,-195.0,165.0,-168.0,0.0,100.0,0,3,0,3,0,0,100.0,3,0
529,0.0,0.0,0.0,-0.0843058784284561,0.0356521067558167,1.5714285714285714,9823.46223811181,1.880952380952381,3995.764768791011,69190.31339393015,0.03634360570210024,1,1.374458874458874,0.0,0.24617815183620753,0.1158034014538743,0.47040486976652207,0.0,0.0,0.14763132077732527,2024-10-05,raquel pennington,julianna pena,0.5827144410000734,0.5827144410000734,0.4172855589999266,1,0.0,1,-175.0,130.0,0.0,0.0318698323703832,0.0392764126889053,0.0354157473745215,0.0434257650953095,0.0061659960735584,0.0072748641414951,-175.0,126.0,-148.0,140.0,57.14285714285714,87.5,14,8,8,7,6,1,57.14285714285714,8,6
530,1765.5985835774616,0.055801641666623575,0.5714285714285714,0.2781786979525532,0.0356521067558167,1.5714285714285714,9823.46223811181,1.880952380952381,3995.764768791011,69190.31339393015,0.03634360570210024,1,1.374458874458874,0.07797373765218296,0.24617815183620753,0.1158034014538743,0.47040486976652207,0.3715852548595131,0.39539870743689043,0.14763132077732527,2024-10-05,jose aldo,mario bautista,0.8133864441516248,0.1866135558483752,0.8133864441516248,0,0.0,0,130.0,-175.0,0.5281652784898675,0.0392764126889053,0.0318698323703832,0.0415743006321754,0.0382576321409336,0.0111697656584019,0.0104752559866196,100.0,-138.0,110.0,-120.0,83.33333333333334,50.0,18,6,15,3,3,3,50.0,3,3
531,1571.1801984005608,0.04256319410328566,0.6666666666666663,0.07118094710643463,0.0356521067558167,1.6666666666666663,9823.46223811181,1.880952380952381,3995.764768791011,69190.31339393015,0.03634360570210024,1,1.374458874458874,0.026554422142716527,0.24617815183620753,0.1158034014538743,0.47040486976652207,0.08576007928343381,0.1492921382548991,0.14763132077732527,2024-10-05,stephen thompson,joaquin buckley,0.6427085682638609,0.357291431736139,0.6427085682638609,0,0.0,0,110.0,-150.0,0.17986984064695186,0.0405383694346594,0.0356521067558167,0.0355103612200028,0.0250956993860578,0.0231335246396969,0.0163963898902175,175.0,-230.0,188.0,-225.0,37.5,62.5,16,8,6,5,10,3,62.5,5,3
532,0.0,0.0,0.0,-0.017127486040324214,0.0356521067558167,1.1869158878504673,9823.46223811181,1.880952380952381,3995.764768791011,69190.31339393015,0.03634360570210024,1,1.374458874458874,0.0,0.24617815183620753,0.1158034014538743,0.47040486976652207,0.0,0.0,0.14763132077732527,2024-10-05,alex pereira,khalil rountree jr,0.8280894408951599,0.8280894408951599,0.1719105591048401,1,1.0,1,-535.0,400.0,0.0,0.0137943173646942,0.0287253676746758,0.0216778006593748,0.0442136722088421,0.0093751228896418,0.0175399909819938,-500.0,330.0,-425.0,360.0,33.33333333333333,50.0,3,2,1,1,2,1,33.33333333333333,1,2
533,0.0,0.0,0.0,-0.07385144928015853,0.0356521067558167,1.1540832049306626,9823.46223811181,1.880952380952381,3995.764768791011,69190.31339393015,0.03634360570210024,1,1.374458874458874,0.0,0.24617815183620753,0.1158034014538743,0.47040486976652207,0.0,0.0,0.14763132077732527,2024-10-05,ketlen vieira,kayla harrison,0.8024972088346823,0.1975027911653176,0.8024972088346823,0,0.0,0,400.0,-649.0,0.0,0.0463733949129643,0.0201152566224162,0.0452522488615325,0.0153003672466389,0.0248869924637374,0.0092039166271715,600.0,-1115.0,700.0,-1000.0,37.5,0.0,8,0,3,0,5,0,0.0,0,0
534,1296.1745355787832,0.07724926936618882,0.303030303030303,0.12476646940948816,0.0356521067558167,1.303030303030303,9823.46223811181,1.880952380952381,3995.764768791011,69190.31339393015,0.03634360570210024,1,1.374458874458874,0.06666067810539314,0.24617815183620753,0.1158034014538743,0.47040486976652207,0.22492014836615193,0.2504729013760316,0.14763132077732527,2024-10-05,ryan spann,ovince st preux,0.8631928718723979,0.8631928718723979,0.1368071281276021,1,1.0,1,-330.0,260.0,0.4515347946113584,0.0168781542964829,0.028341483946411,0.0279273931712014,0.039412674168866,0.0097499130769943,0.0132584274464453,-230.0,170.0,-205.0,185.0,75.0,62.5,8,24,6,15,2,9,75.0,6,2
535,0.0,0.0,0.0,-0.10292949287294012,0.0356521067558167,1.3003003003003002,9823.46223811181,1.880952380952381,3995.764768791011,69190.31339393015,0.03634360570210024,1,1.374458874458874,0.0,0.24617815183620753,0.1158034014538743,0.47040486976652207,0.0,0.0,0.14763132077732527,2024-10-05,cesar almeida,ihor potieria,0.6898948703771616,0.6898948703771616,0.3101051296228384,1,1.0,1,-333.0,250.0,0.0,0.0203904788832838,0.0343769246139117,0.0273349729556402,0.055998360377693,0.0029652804861365,0.0053680528471968,-500.0,300.0,-400.0,380.0,0.0,100.0,0,2,0,2,0,0,0.0,0,0
536,-2414.5240954019973,0.04360622579310068,-1.0,0.003724503745409835,0.0356521067558167,1.6134969325153374,9823.46223811181,1.880952380952381,3995.764768791011,69190.31339393015,0.03634360570210024,1,1.374458874458874,0.012933705811777834,0.24617815183620753,0.1158034014538743,0.47040486976652207,0.004672093971171699,0.06983953179875542,0.14763132077732527,2024-10-05,roman dolidze,kevin holland,0.6220802057433529,0.3779197942566471,0.6220802057433529,0,1.0,0,120.0,-163.0,0.08760814266022827,0.0403376871081888,0.0339796305551364,0.0470514301288811,0.0400101526151578,0.0106131954393935,0.009231653920159,114.0,-163.0,130.0,-141.0,50.0,91.66666666666666,6,12,3,11,3,1,91.66666666666666,11,1
537,1777.3355466362025,0.0385183458575436,0.8333333333333333,0.16360098357665687,0.0356521067558167,1.8333333333333333,9823.46223811181,1.880952380952381,3995.764768791011,69190.31339393015,0.03634360570210024,1,1.374458874458874,0.03729697752225169,0.24617815183620753,0.1158034014538743,0.47040486976652207,0.17798671102378372,0.23221670910106296,0.14763132077732527,2024-10-05,marina rodriguez,iasmin lucindo,0.6346914455872674,0.3653085544127326,0.6346914455872674,0,0.0,0,-110.0,-120.0,0.25263594016412905,0.0350135352882691,0.0342505339758,0.0345679350283574,0.0264490141241851,0.0196241763171906,0.0153898292850502,150.0,-195.0,155.0,-180.0,42.857142857142854,0.0,7,0,3,0,4,0,0.0,0,0
538,0.0,0.0,0.0,-0.2319014307824735,0.0356521067558167,1.4651162790697674,9823.46223811181,1.880952380952381,3995.764768791011,69190.31339393015,0.03634360570210024,1,1.374458874458874,0.0,0.24617815183620753,0.1158034014538743,0.47040486976652207,0.0,0.0,0.14763132077732527,2024-10-05,austin hubbard,alexander hernandez,0.5242577535929149,0.475742246407085,0.5242577535929149,0,0.0,0,170.0,-215.0,0.0,0.030627829052614,0.0222822238574388,0.0281350736591113,0.028384730524244,0.0192307692307691,0.0192307692307691,-114.0,-110.0,-108.0,-108.0,100.0,66.66666666666666,3,6,3,4,0,2,66.66666666666666,4,2
539,0.0,0.012709789375758361,0.0,-0.05019176706307493,0.0356521067558167,1.6666666666666663,9823.46223811181,1.880952380952381,3995.764768791011,69190.31339393015,0.03634360570210024,1,1.374458874458874,0.0018763629923448232,0.24617815183620753,0.1158034014538743,0.47040486976652207,-0.060696069867427954,0.010510182770682924,0.14763132077732527,2024-10-05,carla esparza,tecia pennington,0.5698849397621552,0.5698849397621552,0.4301150602378448,1,0.0,1,-150.0,110.0,0.012709789375758361,0.0356521067558167,0.0405383694346594,0.0487259744496954,0.0378228895964638,0.0081859111833285,0.0066124609957317,135.0,-195.0,155.0,-165.0,45.45454545454545,0.0,11,0,5,0,6,0,45.45454545454545,5,6
540,-3251.7906028009966,0.04699777242353503,-1.0,0.08096200205226656,0.0264490141241851,1.5714285714285714,9851.975431680472,1.2850122850122854,1899.7663672651283,80942.05519287575,0.03634360570210024,1,0.3964548964548964,0.060249379270444194,0.12718675282974573,0.03915351889553134,0.3078427432449894,0.10509360922053167,0.16243191936495074,0.28574992987477543,2024-10-12,jonathan pearce,pat sabatini,0.6878849103968969,0.6878849103968969,0.3121150896031031,1,0.0,1,-175.0,130.0,0.21084652338094137,0.0318698323703832,0.0392764126889053,0.0320588510464232,0.0408869939582454,0.016106388422954,0.0202572479406822,-188.0,138.0,-175.0,150.0,33.33333333333333,50.0,3,4,1,2,2,2,33.33333333333333,1,2
541,2068.6650412496574,0.044249319173022855,0.6756756756756757,0.12062332472821746,0.0264490141241851,1.6756756756756757,9851.975431680472,1.2850122850122854,1899.7663672651283,80942.05519287575,0.03634360570210024,1,0.3964548964548964,0.06211790875977012,0.12718675282974573,0.03915351889553134,0.3078427432449894,0.1457831840500011,0.17986826988826152,0.28574992987477543,2024-10-12,julia polastri,cory mckenna,0.6687590808861943,0.6687590808861943,0.3312409191138057,1,1.0,1,-148.0,124.0,0.2173855608188325,0.0200233728765578,0.0231793921004005,0.0413302908951865,0.0425271514528219,0.0168595314338778,0.0169343445930078,-125.0,-112.0,-108.0,-106.0,0.0,66.66666666666666,0,3,0,2,0,1,0.0,0,0
542,1674.6215971945535,0.06655858553589124,0.36363636363636376,0.12775834871601705,0.0264490141241851,1.3636363636363638,9851.975431680472,1.2850122850122854,1899.7663672651283,80942.05519287575,0.03634360570210024,1,0.3964548964548964,0.11701431358336821,0.12718675282974573,0.03915351889553134,0.3078427432449894,0.20781548912676875,0.25174695892089155,0.28574992987477543,2024-10-12,themba gorimbo,niko price,0.8270227890584124,0.8270227890584124,0.1729772109415875,1,1.0,1,-275.0,200.0,0.40949901067219,0.0262663073127574,0.040400359353909,0.0347210131005414,0.0637864495860257,0.0067924760058721,0.0107698703235974,-400.0,235.0,-290.0,265.0,100.0,75.0,1,12,1,9,0,3,100.0,1,0
543,1689.2624233552283,0.04882944853096798,0.5,0.00775505780181962,0.0264490141241851,1.5,9851.975431680472,1.2850122850122854,1899.7663672651283,80942.05519287575,0.03634360570210024,1,0.3964548964548964,0.026765734727817746,0.12718675282974573,0.03915351889553134,0.3078427432449894,0.010734336935265898,0.06767104031929146,0.28574992987477543,2024-10-12,daniel rodriguez,alex morono,0.6718367052012131,0.6718367052012131,0.3281632947987869,1,1.0,1,-200.0,150.0,0.0936683859889216,0.0287452808578468,0.0379213858088197,0.0344163075551738,0.0502397771009109,0.0086648508293025,0.0121684825040307,-250.0,170.0,-220.0,200.0,50.0,84.61538461538461,6,13,3,11,3,2,50.0,3,3
544,1306.3756968284802,0.0660831656140583,0.2857142857142856,0.021980159504064567,0.0264490141241851,1.2857142857142856,9851.975431680472,1.2850122850122854,1899.7663672651283,80942.05519287575,0.03634360570210024,1,0.3964548964548964,0.04998115199659637,0.12718675282974573,0.03915351889553134,0.3078427432449894,0.03950178892400303,0.09732719452297851,0.28574992987477543,2024-10-12,grant dawson,rafa garcia,0.7948734573920503,0.7948734573920503,0.2051265426079497,1,1.0,1,-350.0,240.0,0.17491221089187906,0.0263895562040242,0.0455058686325771,0.0287822221795802,0.0529079186654902,0.0052198123039929,0.008797569249133,-400.0,255.0,-335.0,310.0,100.0,50.0,3,4,3,2,0,2,100.0,3,0
545,0.0,0.02468029373412629,0.0,-0.03241996486626286,0.0264490141241851,1.5319148936170213,9851.975431680472,1.2850122850122854,1899.7663672651283,80942.05519287575,0.03634360570210024,1,0.3964548964548964,0.0070523922038154465,0.12718675282974573,0.03915351889553134,0.3078427432449894,-0.043614655400487264,0.018345536572564155,0.28574992987477543,2024-10-12,chidi njokuani,jared gooden,0.6316147451567451,0.6316147451567451,0.3683852548432549,1,1.0,1,-188.0,140.0,0.02468029373412629,0.0304849567433922,0.0389594877010522,0.0429775317630093,0.0521017009309022,0.0123272894741075,0.0142920539154221,-175.0,118.0,-145.0,130.0,50.0,75.0,2,4,1,3,1,1,50.0,1,1
546,1873.4439085472025,0.04738418832259863,0.5714285714285714,0.09525150004264848,0.0264490141241851,1.5714285714285714,9851.975431680472,1.2850122850122854,1899.7663672651283,80942.05519287575,0.03634360570210024,1,0.3964548964548964,0.06681922493553855,0.12718675282974573,0.03915351889553134,0.3078427432449894,0.12370834246386574,0.18004793183731635,0.28574992987477543,2024-10-12,brad tavares,junyong park,0.6969782272998672,0.3030217727001327,0.6969782272998672,0,0.0,0,130.0,-175.0,0.23383811490284817,0.0392764126889053,0.0318698323703832,0.0506686087569083,0.0354418810663973,0.0150309735209291,0.0106100521200964,163.0,-240.0,200.0,-225.0,55.00000000000001,57.14285714285714,20,7,11,4,9,3,57.14285714285714,4,3
547,-3460.811697108997,0.05001873134184421,-1.0,0.06688936068279505,0.0264490141241851,1.5128205128205128,9851.975431680472,1.2850122850122854,1899.7663672651283,80942.05519287575,0.03634360570210024,1,0.3964548964548964,0.05525578989605583,0.12718675282974573,0.03915351889553134,0.3078427432449894,0.09167756339644964,0.1410865592083743,0.28574992987477543,2024-10-12,brandon royval,tatsuro taira,0.7052319502818476,0.2947680497181524,0.7052319502818476,0,1.0,0,150.0,-195.0,0.1933711407042887,0.0345679350283574,0.0264490141241851,0.0423944108580914,0.0251661696113856,0.0179688001034806,0.0113352292005486,235.0,-333.0,250.0,-290.0,50.0,100.0,6,1,3,1,3,0,100.0,1,0
548,2393.1057821588524,0.05026163247246191,0.5882352941176472,0.17956877281901407,0.018086396502818,1.5882352941176472,12593.280503184496,1.612903225806451,9155.570438951556,102690.9061350118,0.03634360570210024,1,2.337273471093083,0.10933898505974991,0.11282847202937236,0.0374759505814671,0.3321497659891297,0.23366607628544073,0.26085603073138874,0.3221137807541965,2024-10-19,anthony hernandez,michel pereira,0.7426914495527125,0.7426914495527125,0.2573085504472875,1,1.0,1,-170.0,142.0,0.33944212136389773,0.0191618095781445,0.0236909605473527,0.0436438662746148,0.0508672206028841,0.007181325799075,0.0083842224541245,-162.0,110.0,-145.0,136.0,75.0,60.0,4,5,3,3,1,2,75.0,3,1
549,0.0,0.05146986931132585,0.0,-0.0016834977398884066,0.018086396502818,1.4444444444444444,12593.280503184496,1.612903225806451,9155.570438951556,102690.9061350118,0.03634360570210024,1,2.337273471093083,0.016579154198795562,0.11282847202937236,0.0374759505814671,0.3321497659891297,-0.002485356468191627,0.03486397616073794,0.3221137807541965,2024-10-19,rob font,kyler phillips,0.691142193872385,0.3088578061276151,0.691142193872385,0,1.0,0,185.0,-225.0,0.05146986931132585,0.0252599077377893,0.017924977552359,0.053946641168098,0.0232463412880422,0.0197895780960465,0.0091959291503302,375.0,-650.0,475.0,-590.0,25.0,33.33333333333333,12,3,3,1,9,2,33.33333333333333,1,2
550,0.0,0.0,0.0,-0.10303340735608163,0.018086396502818,1.5050505050505052,12593.280503184496,1.612903225806451,9155.570438951556,102690.9061350118,0.03634360570210024,1,2.337273471093083,0.0,0.11282847202937236,0.0374759505814671,0.3321497659891297,0.0,0.0,0.3221137807541965,2024-10-19,charles johnson,sumudaerji,0.5959710917566974,0.5959710917566974,0.4040289082433026,1,1.0,1,-198.0,164.0,0.0,0.0185656693505812,0.0246517396386398,0.0289551118662008,0.0467119530481759,0.0074711161397558,0.0115765029078631,-305.0,210.0,-275.0,250.0,50.0,0.0,4,1,2,0,2,1,50.0,2,2
551,0.0,0.0,0.0,-0.11504438478528956,0.018086396502818,1.6756756756756757,12593.280503184496,1.612903225806451,9155.570438951556,102690.9061350118,0.03634360570210024,1,2.337273471093083,0.0,0.11282847202937236,0.0374759505814671,0.3321497659891297,0.0,0.0,0.3221137807541965,2024-10-19,darren elkins,daniel pineda,0.5281186735958756,0.4718813264041244,0.5281186735958756,0,1.0,0,124.0,-148.0,0.0,0.0231793921004005,0.0200233728765578,0.0381928960244635,0.0459821881506205,0.003800039300007,0.0044967879932361,-170.0,120.0,-148.0,143.0,66.66666666666666,25.0,24,8,16,2,8,6,25.0,2,6
552,0.0,0.04348840114693303,0.0,-0.005437470178491943,0.018086396502818,1.4444444444444444,12593.280503184496,1.612903225806451,9155.570438951556,102690.9061350118,0.03634360570210024,1,2.337273471093083,0.014008213312393734,0.11282847202937236,0.0374759505814671,0.3321497659891297,-0.008027991743306722,0.029455297402852423,0.3221137807541965,2024-10-19,brad katona,jean matsumoto,0.6885432898764287,0.3114567101235713,0.6885432898764287,0,0.0,0,185.0,-225.0,0.04348840114693303,0.0252599077377893,0.017924977552359,0.039412674168866,0.0279273931712014,0.0132584274464453,0.0097499130769943,170.0,-230.0,185.0,-205.0,50.0,0.0,2,0,1,0,1,0,0.0,0,0
553,2412.615536970542,0.04620038462568572,0.6451612903225803,0.14745296736284796,0.018086396502818,1.6451612903225803,12593.280503184496,1.612903225806451,9155.570438951556,102690.9061350118,0.03634360570210024,1,2.337273471093083,0.08540213406719746,0.11282847202937236,0.0374759505814671,0.3321497659891297,0.18264749584197545,0.2140421044908283,0.3221137807541965,2024-10-19,melissa martinez,alice ardelean,0.6974714115342803,0.6974714115342803,0.3025285884657197,1,1.0,1,-155.0,130.0,0.2651303333475429,0.0195196592207963,0.023106086729758,0.0320795539605048,0.037850515969565,0.0057014828312239,0.0066072915665253,-160.0,120.0,-142.0,135.0,0.0,0.0,0,0,0,0,0,0,0.0,0,0
554,2367.2839672094597,0.045332307666653165,0.6451612903225803,0.11160936055169923,0.018086396502818,1.6451612903225803,12593.280503184496,1.612903225806451,9155.570438951556,102690.9061350118,0.03634360570210024,1,2.337273471093083,0.06835480172400335,0.11282847202937236,0.0374759505814671,0.3321497659891297,0.1379231499767754,0.17172090760181502,0.3221137807541965,2024-10-19,jessica penne,elise reed,0.6756841211196605,0.3243158788803395,0.6756841211196605,0,0.0,0,130.0,-155.0,0.21220700823155586,0.023106086729758,0.0195196592207963,0.0451039386561572,0.0320938951956691,0.0066033642466755,0.0048908886268876,163.0,-230.0,190.0,-200.0,40.0,0.0,5,3,2,0,3,3,0.0,0,3
555,0.0,0.0,0.0,-0.18944070074600133,0.018086396502818,1.263157894736842,12593.280503184496,1.612903225806451,9155.570438951556,102690.9061350118,0.03634360570210024,1,2.337273471093083,0.0,0.11282847202937236,0.0374759505814671,0.3321497659891297,0.0,0.0,0.3221137807541965,2024-10-19,austen lane,robelis despaigne,0.6416927785760823,0.3583072214239177,0.6416927785760823,0,1.0,0,300.0,-380.0,0.0,0.0267259939983634,0.0149406726683033,0.0609516538381139,0.0316409387544786,0.0031886539522886,0.0018618510982165,260.0,-440.0,340.0,-350.0,0.0,0.0,0,0,0,0,0,0,0.0,0,0
556,1982.5651526127021,0.05339612420758126,0.45871559633027514,0.053138016743668415,0.018086396502818,1.4587155963302751,12593.280503184496,1.612903225806451,9155.570438951556,102690.9061350118,0.03634360570210024,1,2.337273471093083,0.05262347265682664,0.11282847202937236,0.0374759505814671,0.3321497659891297,0.07730737301507727,0.1122935015646775,0.3221137807541965,2024-10-19,matheus nicolau,asu almabayev,0.7219625397802507,0.2780374602197492,0.7219625397802507,0,0.0,0,180.0,-218.0,0.1633692061656417,0.0248129186935715,0.0178645296442542,0.0462926168982899,0.0316294610237879,0.0060607300877454,0.0043478049109536,175.0,-250.0,205.0,-215.0,57.14285714285714,0.0,7,0,4,0,3,0,0.0,0,0
557,0.0,0.024706106257379543,0.0,-0.014192452464921845,0.018086396502818,1.4878048780487805,12593.280503184496,1.612903225806451,9155.570438951556,102690.9061350118,0.03634360570210024,1,2.337273471093083,0.007958177294279436,0.11282847202937236,0.0374759505814671,0.3321497659891297,-0.020044930604921747,0.017492714021423085,0.3221137807541965,2024-10-19,joselyne edwards,tamires vidal,0.6625919581793148,0.6625919581793148,0.3374080418206852,1,1.0,1,-205.0,170.0,0.024706106257379543,0.018086396502818,0.0244151214085358,0.0236112560580139,0.0357494745355933,0.0148558191630255,0.0220105402839789,-265.0,200.0,-250.0,210.0,60.0,0.0,5,0,3,0,2,0,60.0,3,2
558,2994.8855826342233,0.04957893237191263,0.5882352941176472,0.16211266436805244,0.0222254993026449,1.5882352941176472,-7450.436063271787,-1.0,17316.498722246517,112556.96879398653,0.03634360570210023,1,3.820918224888656,0.04709706361236933,0.24016559015527858,0.14490949709565915,0.6033732684268724,0.21050012437902987,0.23968518402395755,0.15132728080905491,2024-10-26,lerone murphy,dan ige,0.7317005664539589,0.7317005664539589,0.2682994335460411,1,1.0,1,-170.0,142.0,0.3112265241308109,0.0191618095781445,0.0236909605473527,0.0369237305897426,0.0634346923493256,1.7985612998927538e-13,-1.799671522917379e-13,-350.0,210.0,-275.0,275.0,50.0,72.72727272727273,2,11,1,8,1,3,50.0,1,1
559,4202.754221130297,0.03300504443704389,1.2400000000000002,0.511475531847608,0.0222254993026449,2.24,-7450.436063271787,-1.0,17316.498722246517,112556.96879398653,0.03634360570210023,1,3.820918224888656,0.06599268586713851,0.24016559015527858,0.14490949709565915,0.6033732684268724,0.47370005463126325,0.470868896395256,0.15132728080905491,2024-10-26,ismail naurdiev,bruno silva,0.6747658624319678,0.6747658624319678,0.3252341375680322,1,1.0,1,124.0,-148.0,0.43609245811010255,0.0231793921004005,0.0200233728765578,0.0409948617227687,0.0508237806277884,8.58202398035246e-14,-8.576472865229334e-14,-182.0,124.0,-148.0,148.0,0.0,42.857142857142854,2,7,0,3,2,4,0.0,0,2
560,0.0,0.03955507095965945,0.0,-0.00703524700887509,0.0222254993026449,1.4,-7450.436063271787,-1.0,17316.498722246517,112556.96879398653,0.03634360570210023,1,3.820918224888656,0.005985761330534478,0.24016559015527858,0.14490949709565915,0.6033732684268724,-0.010931967535260314,0.025455591023044472,0.15132728080905491,2024-10-26,shara magomedov,armen petrosyan,0.7092605378508036,0.7092605378508036,0.2907394621491964,1,1.0,1,-250.0,205.0,0.03955507095965945,0.0169990228350114,0.0251555439097192,0.0398410606730592,0.052458154094815,0.0019080041588147,0.0023802830992543,-205.0,138.0,-166.0,163.0,0.0,100.0,0,2,0,2,0,0,0.0,0,0
561,2677.5546222916687,0.05084414686733988,0.5128205128205128,0.08397416353099874,0.0222254993026449,1.5128205128205128,-7450.436063271787,-1.0,17316.498722246517,112556.96879398653,0.03634360570210023,1,3.820918224888656,0.03281964091127331,0.24016559015527858,0.14490949709565915,0.6033732684268724,0.11548176608412881,0.1577062358907328,0.15132728080905491,2024-10-26,robert whittaker,khamzat chimaev,0.7165252945374398,0.2834747054625601,0.7165252945374398,0,0.0,0,155.0,-195.0,0.21687854784548205,0.0301763491444724,0.022997462753168,0.0462926168982899,0.0316294610237879,0.0118345224887278,0.0083420222779808,175.0,-250.0,205.0,-225.0,60.0,100.0,15,4,9,4,6,0,100.0,4,0
562,2675.878326863265,0.04898828381053471,0.5319148936170213,0.06552018701567253,0.0222254993026449,1.5319148936170213,-7450.436063271787,-1.0,17316.498722246517,112556.96879398653,0.03634360570210023,1,3.820918224888656,0.027863939844124528,0.24016559015527858,0.14490949709565915,0.6033732684268724,0.08829007119513876,0.13664336763708276,0.15132728080905491,2024-10-26,ilia topuria,max holloway,0.6955478998574529,0.6955478998574529,0.3044521001425471,1,1.0,1,-188.0,146.0,0.18413031474003227,0.0259404355440567,0.0333414072743715,0.0289551118662008,0.0467119530481759,0.0062897968176127,0.0095926729064294,-305.0,210.0,-265.0,245.0,100.0,86.95652173913044,3,23,3,20,0,3,100.0,3,0
563,3585.2427569211723,0.03491295278091627,1.0,0.11227659057476402,0.0222254993026449,2.0,-7450.436063271787,-1.0,17316.498722246517,112556.96879398653,0.03634360570210023,1,3.820918224888656,0.022954467175286833,0.24016559015527858,0.14490949709565915,0.6033732684268724,0.11211904324705915,0.15190071603851588,0.15132728080905491,2024-10-26,abus magomedov,brunno ferreira,0.556138295287382,0.556138295287382,0.443861704712618,1,1.0,1,100.0,-120.0,0.15168756785004833,0.0232290461519004,0.0222254993026449,0.0277713639757349,0.0334666366862975,0.010464777488587,0.0125011017765047,-165.0,128.0,-154.0,140.0,0.0,0.0,0,0,0,0,0,0,0.0,0,0
564,2407.0158624961914,0.06516160339399314,0.3597122302158271,0.10098142542595478,0.0222254993026449,1.359712230215827,-7450.436063271787,-1.0,17316.498722246517,112556.96879398653,0.03634360570210023,1,3.820918224888656,0.049016435596531904,0.24016559015527858,0.14490949709565915,0.6033732684268724,0.1661138924677764,0.19690649437665234,0.15132728080905491,2024-10-26,farid basharat,victor hugo,0.8097164980645912,0.8097164980645912,0.1902835019354087,1,1.0,1,-278.0,225.0,0.3239101061914999,0.0168967792200803,0.0262452639219628,0.0241479924861317,0.0663281979900586,2.0095036745715333e-13,-2.00756078427844e-13,-900.0,425.0,-575.0,575.0,0.0,0.0,0,0,0,0,0,0,0.0,0,0
565,0.0,0.0,0.0,-0.026874230909331484,0.0222254993026449,1.1329787234042552,-7450.436063271787,-1.0,17316.498722246517,112556.96879398653,0.03634360570210023,1,3.820918224888656,0.0,0.24016559015527858,0.14490949709565915,0.6033732684268724,0.0,0.0,0.15132728080905491,2024-10-26,kennedy nzechukwu,chris barnett,0.8589091295260362,0.8589091295260362,0.1410908704739638,1,1.0,1,-752.0,475.0,0.0,0.016385327243285,0.0401568242161964,0.0157872313305,0.0397683242250553,0.0093319616366217,0.0218148057064646,-800.0,500.0,-715.0,550.0,100.0,0.0,5,2,5,0,0,2,100.0,5,0
566,2834.2854929151167,0.04692027287811549,0.5882352941176472,0.07121144112128042,0.0222254993026449,1.5882352941176472,-7450.436063271787,-1.0,17316.498722246517,112556.96879398653,0.03634360570210023,1,3.820918224888656,0.02486249172862989,0.24016559015527858,0.14490949709565915,0.6033732684268724,0.0918864437072863,0.12732853867410973,0.15132728080905491,2024-10-26,geoff neal,rafael dos anjos,0.6744664629282136,0.6744664629282136,0.3255335370717864,1,1.0,1,-170.0,142.0,0.16429616388866086,0.0191618095781445,0.0236909605473527,0.0320812817657297,0.0512520515676035,0.0072111180858498,0.0106261171426896,-300.0,200.0,-245.0,225.0,85.71428571428571,65.38461538461539,7,26,6,17,1,9,85.71428571428571,6,1
567,-4061.1181430054194,0.03954700855074846,-1.0,0.17508780334287144,0.0222254993026449,1.8333333333333333,-7450.436063271787,-1.0,17316.498722246517,112556.96879398653,0.03634360570210023,1,3.820918224888656,0.03736689182043915,0.24016559015527858,0.14490949709565915,0.6033732684268724,0.1914608667158382,0.22581127342859325,0.15132728080905491,2024-10-26,mateusz rebecki,myktybek orolbai,0.6409569836415663,0.3590430163584337,0.6409569836415663,0,1.0,0,100.0,-120.0,0.24692766314613673,0.0232290461519004,0.0222254993026449,0.0549582859365597,0.0326169740524933,0.0047789276446945,0.0031575802918132,215.0,-335.0,250.0,-260.0,0.0,0.0,0,0,0,0,0,0,0.0,0,0
568,3264.2404397368446,0.04350117733329421,0.6666666666666663,0.06135885572896821,0.0232290461519004,1.6666666666666663,22729.769977317283,2.6666666666666665,18151.458949021922,153438.19772032573,0.03634360570210023,1,4.156060606060605,0.032774541816757354,0.15123173269885842,0.059479874391702256,0.3933028692473034,0.07447373551360074,0.11236360355518678,0.24031732661867847,2024-11-02,brandon moreno,amir albazi,0.6368153134373811,0.6368153134373811,0.3631846865626189,1,1.0,1,-150.0,125.0,0.13638026969550177,0.0205377364810389,0.0239067079634055,0.0263563125916101,0.0331674969321992,0.0101395688732146,0.0125019405607477,-180.0,140.0,-165.0,150.0,70.0,100.0,10,2,7,2,3,0,70.0,7,3
569,3798.3447409258706,0.040495170916103794,0.8333333333333333,0.2838868204767624,0.0232290461519004,1.8333333333333333,22729.769977317283,2.6666666666666665,18151.458949021922,153438.19772032573,0.03634360570210023,1,4.156060606060605,0.09297027922749494,0.15123173269885842,0.059479874391702256,0.3933028692473034,0.31189947180537625,0.35211914827749313,0.24031732661867847,2024-11-02,erin blanchfield,rose namajunas,0.7003019020782341,0.7003019020782341,0.2996980979217659,1,1.0,1,-120.0,-110.0,0.38686465322999686,0.0342505339758,0.0350135352882691,0.0448808699216718,0.0525217274809254,7.127631818093505e-14,-7.144285163462882e-14,-164.0,110.0,-138.0,138.0,100.0,44.44444444444444,4,9,4,4,0,5,100.0,4,0
570,0.0,0.0,0.0,-0.05540612414715901,0.0232290461519004,1.606060606060606,22729.769977317283,2.6666666666666665,18151.458949021922,153438.19772032573,0.03634360570210023,1,4.156060606060605,0.0,0.15123173269885842,0.059479874391702256,0.3933028692473034,0.0,0.0,0.24031732661867847,2024-11-02,caio machado,brendson ribeiro,0.5881433566630897,0.5881433566630897,0.4118566433369103,1,0.0,1,-165.0,140.0,0.0,0.0176933967696582,0.0216147793309708,0.0553744896402191,0.0713021124462188,-0.0133895480633008,-0.0162400815663286,-205.0,120.0,-150.0,170.0,0.0,0.0,0,0,0,0,0,0,0.0,0,0
571,0.0,0.0,0.0,-0.11763774422335116,0.0232290461519004,1.606060606060606,22729.769977317283,2.6666666666666665,18151.458949021922,153438.19772032573,0.03634360570210023,1,4.156060606060605,0.0,0.15123173269885842,0.059479874391702256,0.3933028692473034,0.0,0.0,0.24031732661867847,2024-11-02,ariane da silva,jasmine jasudavicius,0.5493953668043285,0.4506046331956715,0.5493953668043285,0,0.0,0,140.0,-165.0,0.0,0.0216147793309708,0.0176933967696582,0.0513452487166904,0.0345133371418953,0.0087372325093323,0.0061511049596503,175.0,-260.0,210.0,-225.0,0.0,0.0,0,0,0,0,0,0,0.0,0,0
572,0.0,0.0,0.0,-0.14014947750455925,0.0232290461519004,1.4761904761904765,22729.769977317283,2.6666666666666665,18151.458949021922,153438.19772032573,0.03634360570210023,1,4.156060606060605,0.0,0.15123173269885842,0.059479874391702256,0.3933028692473034,0.0,0.0,0.24031732661867847,2024-11-02,marc andre barriault,dustin stoltzfus,0.5824793862065888,0.5824793862065888,0.4175206137934112,1,0.0,1,-210.0,175.0,0.0,0.0173530992925162,0.0237026191825569,0.0418982321541995,0.0653278750719078,-0.0037852880483632,-0.0053995569573773,-290.0,175.0,-225.0,235.0,50.0,100.0,6,3,3,3,3,0,50.0,3,3
573,0.0,0.0,0.0,-0.0812442315945052,0.0232290461519004,1.3636363636363638,22729.769977317283,2.6666666666666665,18151.458949021922,153438.19772032573,0.03634360570210023,1,4.156060606060605,0.0,0.15123173269885842,0.059479874391702256,0.3933028692473034,0.0,0.0,0.24031732661867847,2024-11-02,mike malott,trevin giles,0.6737542301640295,0.6737542301640295,0.3262457698359705,1,1.0,1,-275.0,210.0,0.0,0.0219964606154342,0.0339175178791893,0.0274047537839571,0.0503730239938207,0.0070835082018325,0.0120998296989622,-400.0,260.0,-345.0,310.0,100.0,55.55555555555556,1,9,1,5,0,4,100.0,1,0
574,3913.9206200791864,0.03311694946686954,1.0499999999999998,0.11688253526747105,0.0232290461519004,2.05,22729.769977317283,2.6666666666666665,18151.458949021922,153438.19772032573,0.03634360570210023,1,4.156060606060605,0.04055779833989879,0.15123173269885842,0.059479874391702256,0.3933028692473034,0.11382935760448952,0.17329443868467023,0.24031732661867847,2024-11-02,alexandr romanov,rodrigo nascimento,0.5448207489109615,0.5448207489109615,0.4551792510890384,1,1.0,1,105.0,-138.0,0.16876768275744652,0.0354005882336351,0.0322362225882545,0.0389967843209849,0.0440950031186286,0.006323860750538,0.0070861009352857,-150.0,107.0,-132.0,125.0,50.0,33.33333333333333,2,3,1,1,1,2,50.0,1,1
575,3209.303095897084,0.04704595517246284,0.606060606060606,0.10513212335824912,0.0232290461519004,1.606060606060606,22729.769977317283,2.6666666666666665,18151.458949021922,153438.19772032573,0.03634360570210023,1,4.156060606060605,0.05058351139912573,0.15123173269885842,0.059479874391702256,0.3933028692473034,0.13402557248531144,0.16510934508315894,0.24031732661867847,2024-11-02,serhiy sidey,garrett armfield,0.6881011334117401,0.6881011334117401,0.3118988665882599,1,1.0,1,-165.0,140.0,0.2104863270195607,0.0176933967696582,0.0216147793309708,0.0361546531011737,0.0401275912027509,0.0088643203638199,0.0096541981546985,-143.0,105.0,-125.0,116.0,0.0,0.0,0,0,0,0,0,0,0.0,0,0
576,0.0,0.03571760794082642,0.0,-0.0063294743731971415,0.0232290461519004,1.7692307692307692,22729.769977317283,2.6666666666666665,18151.458949021922,153438.19772032573,0.03634360570210023,1,4.156060606060605,0.008583560053553487,0.15123173269885842,0.059479874391702256,0.3933028692473034,-0.007177932129927342,0.0314956564148583,0.24031732661867847,2024-11-02,chad anheliger,cody gibson,0.5616398623108017,0.4383601376891983,0.5616398623108017,0,0.0,0,110.0,-130.0,0.03571760794082642,0.0215932116349099,0.0198146558599141,0.0846856908214269,0.0466274404917043,-0.0249974687145423,-0.0168143779753531,200.0,-395.0,310.0,-250.0,100.0,0.0,1,3,1,0,0,3,0.0,0,3
577,0.0,0.0,0.0,-0.05538965926241474,0.0232290461519004,1.4,22729.769977317283,2.6666666666666665,18151.458949021922,153438.19772032573,0.03634360570210023,1,4.156060606060605,0.0,0.15123173269885842,0.059479874391702256,0.3933028692473034,0.0,0.0,0.24031732661867847,2024-11-02,jack shore,youssef zalal,0.6747216719554181,0.3252783280445819,0.6747216719554181,0,0.0,0,200.0,-250.0,0.0,0.0284008065139526,0.019218241105095,0.0396451033729031,0.0235256614688303,0.022024663419782,0.0136896222945035,240.0,-333.0,250.0,-300.0,80.0,100.0,5,3,4,3,1,0,100.0,3,0
578,3965.6500523829363,0.03523238138760899,1.0,0.17529856948144418,0.0232290461519004,2.0,22729.769977317283,2.6666666666666665,18151.458949021922,153438.19772032573,0.03634360570210023,1,4.156060606060605,0.05092604138861318,0.15123173269885842,0.059479874391702256,0.3933028692473034,0.17535772601951355,0.21184016283113882,0.24031732661867847,2024-11-02,charles jourdain,victor henry,0.5876492847407221,0.5876492847407221,0.4123507152592779,1,1.0,1,100.0,-120.0,0.21191165075425317,0.0232290461519004,0.0222254993026449,0.0539136387157048,0.065133980331914,-0.0093106569391772,-0.0108574102877134,-180.0,110.0,-138.0,150.0,50.0,0.0,8,2,4,0,4,2,50.0,4,4
579,3618.1067986760177,0.05423451109692281,0.4347826086956521,0.033869973826144095,0.0143410473189259,1.434782608695652,16478.039967850684,0.7763975155279499,6690.028189541932,176606.26587771834,0.03634360570210023,1,0.67287784679089,0.05840443563226933,0.07936555154865974,0.01362121329767441,0.1716262664579748,0.05055973388204344,0.08543974429192468,0.4579267074055126,2024-11-09,cody stamann,damon blackshear,0.7205760423636762,0.2794239576363238,0.7205760423636762,0,0.0,0,190.0,-230.0,0.12754101188631883,0.0245558468550464,0.017241436321547,0.0458364775506229,0.0288678179463681,0.0131363950923042,0.0088416268857176,205.0,-295.0,225.0,-250.0,80.0,100.0,10,1,8,1,2,0,100.0,1,0
580,0.0,0.0,0.0,-0.034736539839731184,0.0143410473189259,1.5555555555555556,16478.039967850684,0.7763975155279499,6690.028189541932,176606.26587771834,0.03634360570210023,1,0.67287784679089,0.0,0.07936555154865974,0.01362121329767441,0.1716262664579748,0.0,0.0,0.4579267074055126,2024-11-09,matthew semelsberger,charles radtke,0.62052651010303,0.37947348989697,0.62052651010303,0,0.0,0,155.0,-180.0,0.0,0.0196241763171906,0.0153898292850502,0.0375340314077538,0.0294822856085632,0.0150684210627405,0.0122175357648121,140.0,-186.0,148.0,-166.0,80.0,0.0,5,0,4,0,1,0,0.0,0,0
581,3071.921390865914,0.08408642719561696,0.23809523809523792,0.08274723793845282,0.0143410473189259,1.238095238095238,16478.039967850684,0.7763975155279499,6690.028189541932,176606.26587771834,0.03634360570210023,1,0.67287784679089,0.18201754571733916,0.07936555154865974,0.01362121329767441,0.1716262664579748,0.16629886411229847,0.19777960449804097,0.4579267074055126,2024-11-09,karolina kowalkiewicz,denise gomes,0.8745266152579813,0.1254733847420187,0.8745266152579813,0,0.0,0,320.0,-420.0,0.3974818301133838,0.0298469378562083,0.0159406079313374,0.0529538435701206,0.0220461564298792,0.0084720287660942,0.0041114329699099,400.0,-700.0,500.0,-549.0,80.0,0.0,10,0,8,0,2,0,0.0,0,0
582,0.0,0.013712960374553445,0.0,-0.016619601038393772,0.0143410473189259,1.4166666666666667,16478.039967850684,0.7763975155279499,6690.028189541932,176606.26587771834,0.03634360570210023,1,0.67287784679089,0.006279530793101524,0.07936555154865974,0.01362121329767441,0.1716262664579748,-0.02535818091310464,0.00898739271800859,0.4579267074055126,2024-11-09,luana pinheiro,gillian robertson,0.6941508698552514,0.3058491301447485,0.6941508698552514,0,0.0,0,200.0,-240.0,0.013712960374553445,0.0232317930546551,0.0159838932198544,0.0656539004854084,0.0304999456684377,-2.0172752357439094e-13,2.0183854587685346e-13,300.0,-550.0,400.0,-400.0,100.0,75.0,1,8,1,6,0,2,75.0,6,2
583,0.0,0.0,0.0,-0.25607822034880423,0.0143410473189259,1.1666666666666667,16478.039967850684,0.7763975155279499,6690.028189541932,176606.26587771834,0.03634360570210023,1,0.67287784679089,0.0,0.07936555154865974,0.01362121329767441,0.1716262664579748,0.0,0.0,0.4579267074055126,2024-11-09,neil magny,carlos prates,0.6376472397010249,0.3623527602989752,0.6376472397010249,0,0.0,0,430.0,-600.0,0.0,0.03148105510695,0.0143410473189259,0.0416586460225981,0.0163123684701554,0.0242809145068091,0.010030288100842,500.0,-820.0,570.0,-770.0,75.0,0.0,24,0,18,0,6,0,0.0,0,0
584,-9495.908955521667,0.053768811136613956,-1.0,0.02217000439931638,0.0198146558599141,1.434782608695652,-19507.976966588,-1.0,-4072.1644847114067,153026.12442641892,0.03634360570210024,1,-0.5244295302013422,0.019607968379006118,0.18920603810034947,0.07988096205064862,0.42219034261624383,0.03308984322180107,0.06839284146804865,0.1920848090631475,2024-11-16,viviane araujo,karine silva,0.7124215182177054,0.2875784817822946,0.7124215182177054,0,1.0,0,190.0,-230.0,0.10207974526793546,0.0245558468550464,0.017241436321547,0.0634346923493256,0.0369237305897426,0.004440781532958,0.0028651545401012,210.0,-350.0,265.0,-275.0,57.14285714285714,0.0,7,0,4,0,3,0,0.0,0,0
585,0.0,0.0021911261996372055,0.0,-0.026774415598990853,0.0198146558599141,1.5050505050505052,-19507.976966588,-1.0,-4072.1644847114067,153026.12442641892,0.03634360570210024,1,-0.5244295302013422,0.00042088205769057267,0.18920603810034947,0.07988096205064862,0.42219034261624383,-0.03719571799173852,0.0015772278817673092,0.1920848090631475,2024-11-16,charles oliveira,michael chandler,0.6466398178234892,0.6466398178234892,0.3533601821765108,1,1.0,1,-198.0,164.0,0.0021911261996372055,0.0185656693505812,0.0246517396386398,0.0262663073127574,0.040400359353909,0.0094934904644795,0.0138491799370142,-275.0,200.0,-240.0,215.0,80.0,66.66666666666666,25,3,20,2,5,1,80.0,20,5
586,4615.402831608308,0.07787889274390705,0.3355704697986577,0.1659937414238617,0.0198146558599141,1.3355704697986577,-19507.976966588,-1.0,-4072.1644847114067,153026.12442641892,0.03634360570210024,1,-0.5244295302013422,0.10098641415139042,0.18920603810034947,0.07988096205064862,0.42219034261624383,0.28852560170637526,0.30246650608982556,0.1920848090631475,2024-11-16,jon jones,stipe miocic,0.8730304898098261,0.8730304898098261,0.1269695101901738,1,1.0,1,-298.0,240.0,0.5257386809708171,0.0164642876034875,0.0263970780483009,0.0209632697544978,0.0491666003753723,0.0079485465369132,0.0165396771038527,-670.0,400.0,-549.0,460.0,100.0,75.0,16,16,16,12,0,4,100.0,16,0
587,0.0,0.0,0.0,-0.15735805282038046,0.0198146558599141,1.1428571428571428,-19507.976966588,-1.0,-4072.1644847114067,153026.12442641892,0.03634360570210024,1,-0.5244295302013422,0.0,0.18920603810034947,0.07988096205064862,0.42219034261624383,0.0,0.0,0.1920848090631475,2024-11-16,mauricio ruffy,james llontop,0.7373117037821671,0.7373117037821671,0.2626882962178328,1,1.0,1,-700.0,500.0,0.0,0.0124693401840167,0.0291973264826498,0.013749275630595,0.0381987763174568,0.0095375835676442,0.02478584877559,-1000.0,600.0,-910.0,650.0,0.0,0.0,0,0,0,0,0,0,0.0,0,0
588,0.0,0.0,0.0,-0.13388395615026227,0.0198146558599141,1.6756756756756757,-19507.976966588,-1.0,-4072.1644847114067,153026.12442641892,0.03634360570210024,1,-0.5244295302013422,0.0,0.18920603810034947,0.07988096205064862,0.42219034261624383,0.0,0.0,0.1920848090631475,2024-11-16,jonathan martinez,marcus mcghee,0.5168757035877467,0.4831242964122532,0.5168757035877467,0,0.0,0,124.0,-148.0,0.0,0.0231793921004005,0.0200233728765578,0.0524337629194944,0.0494348326199872,-2.159383782895929e-14,2.164934898019056e-14,-110.0,-137.0,110.0,-110.0,62.5,0.0,8,0,5,0,3,0,0.0,0,0
589,-5754.076528395245,0.03258138379064846,-1.0,0.3206828192459873,0.0198146558599141,2.18,-19507.976966588,-1.0,-4072.1644847114067,153026.12442641892,0.03634360570210024,1,-0.5244295302013422,0.057735047006003556,0.18920603810034947,0.07988096205064862,0.42219034261624383,0.2983787396358147,0.3230385270358386,0.1920848090631475,2024-11-16,jim miller,damon jackson,0.6058178069935721,0.3941821930064279,0.6058178069935721,0,1.0,0,-140.0,118.0,0.30057060361823446,0.0197565162227272,0.0222924134408813,0.0543229674285924,0.0373212374231595,0.0030677496110842,0.0022204576866419,165.0,-250.0,205.0,-210.0,77.77777777777779,33.33333333333333,27,6,21,2,6,4,33.33333333333333,2,4
590,0.0,0.0,0.0,-0.13114306148134314,0.0198146558599141,1.704225352112676,-19507.976966588,-1.0,-4072.1644847114067,153026.12442641892,0.03634360570210024,1,-0.5244295302013422,0.0,0.18920603810034947,0.07988096205064862,0.42219034261624383,0.0,0.0,0.1920848090631475,2024-11-16,bassil hafez,oban elliott,0.5098251457423524,0.4901748542576476,0.5098251457423524,0,0.0,0,120.0,-142.0,0.0,0.0219819935623222,0.0193403204872646,0.0395272783320708,0.0242625903358466,0.0200164041721571,0.0125333245801031,225.0,-310.0,250.0,-295.0,0.0,0.0,0,0,0,0,0,0,0.0,0,0
591,0.0,0.01787162836811357,0.0,-0.019785557114096297,0.0198146558599141,1.704225352112676,-19507.976966588,-1.0,-4072.1644847114067,153026.12442641892,0.03634360570210024,1,-0.5244295302013422,0.003432868322736626,0.18920603810034947,0.07988096205064862,0.42219034261624383,-0.023422436554719848,0.015096641332473192,0.1920848090631475,2024-11-16,mickey gall,ramiz brahimaj,0.5751671524371832,0.4248328475628168,0.5751671524371832,0,0.0,0,120.0,-142.0,0.01787162836811357,0.0219819935623222,0.0193403204872646,0.0361183306746932,0.0472150026586399,0.0063172493997234,0.0079277648452907,-200.0,140.0,-170.0,160.0,75.0,0.0,8,1,6,0,2,1,0.0,0,1
592,6562.418167597197,0.03259514681401357,1.1400000000000001,0.15928613584677775,0.0198146558599141,2.14,-19507.976966588,-1.0,-4072.1644847114067,153026.12442641892,0.03634360570210024,1,-0.5244295302013422,0.03338130730052342,0.18920603810034947,0.07988096205064862,0.42219034261624383,0.14948714543105066,0.18517589335596174,0.1920848090631475,2024-11-16,veronica hardy,eduarda moura,0.5417224933863447,0.4582775066136553,0.5417224933863447,0,0.0,0,-135.0,114.0,0.17378421262635807,0.0197976060171143,0.0219601987154369,0.0434863681280953,0.0398469652052378,0.0064085691553548,0.0058784557463489,100.0,-140.0,118.0,-124.0,0.0,0.0,0,0,0,0,0,0,0.0,0,0
593,0.0,0.0174703474454505,0.0,-0.021005517316051492,0.0198146558599141,1.7692307692307692,-19507.976966588,-1.0,-4072.1644847114067,153026.12442641892,0.03634360570210024,1,-0.5244295302013422,0.003355788353326206,0.18920603810034947,0.07988096205064862,0.42219034261624383,-0.02383162835660689,0.015398598882610954,0.1920848090631475,2024-11-16,marcin tybura,jhonata diniz,0.5533447076039709,0.5533447076039709,0.4466552923960291,1,1.0,1,-130.0,110.0,0.0174703474454505,0.0198146558599141,0.0215932116349099,0.0434647008446087,0.0432742482796613,0.0120365301632248,0.0117729936462989,-118.0,-120.0,100.0,-110.0,69.23076923076923,0.0,13,0,9,0,4,0,69.23076923076923,9,4
594,3597.701114599785,0.0611269672614445,0.3846153846153846,0.09329019315413828,0.0217506013680772,1.3846153846153846,24443.375077336885,1.6433566433566429,8615.910998695363,186085.41050245118,0.03634360570210024,1,1.2937062937062933,0.16234358306101232,0.06779715641539577,0.012894200294322863,0.19018792197300435,0.14718892979321385,0.1919461645139864,0.5360638649712914,2024-11-23,petr yan,deiveson figueiredo,0.7895984728335443,0.7895984728335443,0.2104015271664556,1,1.0,1,-260.0,196.0,0.302843734989872,0.0240218871271901,0.0360381729328698,0.0345444993467652,0.0581510883432608,0.0060862454044519,0.0093577700395637,-335.0,210.0,-270.0,250.0,80.0,36.36363636363637,10,11,8,4,2,7,80.0,8,2
595,5018.209884095577,0.0360724738550076,0.9090909090909087,0.11927688200420261,0.0217506013680772,1.9090909090909087,24443.375077336885,1.6433566433566429,8615.910998695363,186085.41050245118,0.03634360570210024,1,1.2937062937062933,0.10223293370962103,0.06779715641539577,0.012894200294322863,0.19018792197300435,0.12433386346713908,0.18295367571893326,0.5360638649712914,2024-11-23,xiao long,quang le,0.5862878905736301,0.5862878905736301,0.4137121094263699,1,1.0,1,-110.0,-120.0,0.19071036193625185,0.0350135352882691,0.0342505339758,0.0253013906679012,0.0292440638775533,0.0189368345931199,0.02167755028356,-150.0,120.0,-144.0,122.0,0.0,0.0,0,0,0,0,0,0,0.0,0,0
596,0.0,0.0,0.0,-0.08735784205278074,0.0217506013680772,1.3773584905660377,24443.375077336885,1.6433566433566429,8615.910998695363,186085.41050245118,0.03634360570210024,1,1.2937062937062933,0.0,0.06779715641539577,0.012894200294322863,0.19018792197300435,0.0,0.0,0.5360638649712914,2024-11-23,volkan oezdemir,carlos ulberg,0.6626032105644195,0.3373967894355805,0.6626032105644195,0,0.0,0,205.0,-265.0,0.0,0.0324758675621523,0.0214203821571381,0.043567383603786,0.0269793536096178,0.0121654747939023,0.0079795695251951,215.0,-305.0,240.0,-265.0,70.0,66.66666666666666,10,3,7,2,3,1,66.66666666666666,2,1
597,0.0,0.0,0.0,-0.10831181367991707,0.0217506013680772,1.1821493624772312,24443.375077336885,1.6433566433566429,8615.910998695363,186085.41050245118,0.03634360570210024,1,1.2937062937062933,0.0,0.06779715641539577,0.012894200294322863,0.19018792197300435,0.0,0.0,0.5360638649712914,2024-11-23,wang cong,gabriella fernandes,0.7542940127730748,0.7542940127730748,0.2457059872269251,1,0.0,1,-549.0,350.0,0.0,0.0217506013680772,0.0463884159234824,0.013749275630595,0.0381987763174568,0.0108731605849623,0.0290238793120777,-1000.0,600.0,-950.0,640.0,0.0,0.0,0,0,0,0,0,0,0.0,0,0
598,2760.4482246447105,0.1038401534023456,0.1428571428571428,0.038313772311994454,0.0223754287271183,1.1428571428571428,38200.511695636975,2.0000000000000004,4267.723447857903,228553.64564594606,0.03634360570210023,1,0.3231601731601734,0.05005867523852616,0.24290864029268677,0.12662715988733514,0.521295412689968,0.09793860528003442,0.1308866348778819,0.1496184148011734,2024-12-07,clay guida,chase hooper,0.9085245507729952,0.0914754492270048,0.9085245507729952,0,0.0,0,500.0,-700.0,0.3345756289762105,0.0291973264826498,0.0124693401840167,0.0567447622579458,0.0171468633578176,0.0146453515639771,0.0055566686380429,600.0,-1350.0,800.0,-1000.0,68.42105263157895,50.0,19,6,13,3,6,3,50.0,3,3
599,0.0,0.04080083783718217,0.0,-0.027557892865780254,0.0223754287271183,1.6134969325153374,38200.511695636975,2.0000000000000004,4267.723447857903,228553.64564594606,0.03634360570210023,1,0.3231601731601734,0.006104556679758933,0.24290864029268677,0.12662715988733514,0.521295412689968,-0.0346153884020819,0.03248223318746627,0.1496184148011734,2024-12-07,nate landwehr,dooho choi,0.6026922565128434,0.6026922565128434,0.3973077434871566,1,0.0,1,-163.0,120.0,0.04080083783718217,0.0339796305551364,0.0403376871081888,0.0303908195281207,0.0337117445744432,0.0148368617152148,0.0165283072646333,-140.0,108.0,-134.0,118.0,40.0,0.0,5,1,2,0,3,1,40.0,2,3
600,0.0,0.07752049649600154,0.0,-0.0026318365112800723,0.0223754287271183,1.3448275862068966,38200.511695636975,2.0000000000000004,4267.723447857903,228553.64564594606,0.03634360570210023,1,0.3231601731601734,0.011598493800331669,0.24290864029268677,0.12662715988733514,0.521295412689968,-0.004353046262864639,0.04686862043971802,0.1496184148011734,2024-12-07,shavkat rakhmonov,ian machado garry,0.7416327369531507,0.7416327369531507,0.2583672630468493,1,1.0,1,-290.0,215.0,0.07752049649600154,0.0236688803786396,0.0373811806714214,0.0353346933991691,0.0715029134384376,-0.0034969080241817,-0.0059593567512318,-485.0,260.0,-350.0,370.0,100.0,100.0,4,1,4,1,0,0,100.0,4,0
601,3182.3844311148487,0.08550870330247975,0.19999999999999996,0.04394154635266309,0.0223754287271183,1.2,38200.511695636975,2.0000000000000004,4267.723447857903,228553.64564594606,0.03634360570210023,1,0.3231601731601734,0.04179692882688442,0.24290864029268677,0.12662715988733514,0.521295412689968,0.0955424347452212,0.12848083615651887,0.1496184148011734,2024-12-07,bryce mitchell,kron gracie,0.8699512886272193,0.8699512886272193,0.1300487113727807,1,1.0,1,-500.0,380.0,0.2793568484362569,0.0137953429848293,0.0278713236818374,0.019638207040137,0.0561193687174385,0.0064969485463198,0.0157252736759022,-1000.0,500.0,-800.0,650.0,80.0,50.0,5,2,4,1,1,1,80.0,4,1
602,4833.146760925168,0.07142501691377429,0.36363636363636376,0.1661927280479077,0.0223754287271183,1.3636363636363638,38200.511695636975,2.0000000000000004,4267.723447857903,228553.64564594606,0.03634360570210023,1,0.3231601731601734,0.07566446848866219,0.24290864029268677,0.12662715988733514,0.521295412689968,0.2734445462834526,0.3073616559806782,0.1496184148011734,2024-12-07,dominick reyes,anthony smith,0.8552080005684656,0.8552080005684656,0.1447919994315344,1,1.0,1,-275.0,200.0,0.5057162822451503,0.0262663073127574,0.040400359353909,0.0231736516692425,0.0450081665125755,0.0096600984648791,0.0176126288078482,-450.0,300.0,-400.0,340.0,66.66666666666666,58.82352941176471,9,17,6,10,3,7,66.66666666666666,6,3
603,4511.352529456997,0.058184282375829635,0.41666666666666674,0.09189281362583196,0.0223754287271183,1.4166666666666667,38200.511695636975,2.0000000000000004,4267.723447857903,228553.64564594606,0.03634360570210023,1,0.3231601731601734,0.04100918071399864,0.24290864029268677,0.12662715988733514,0.521295412689968,0.1398432432243095,0.18010928642019214,0.1496184148011734,2024-12-07,ciryl gane,alexander volkov,0.7707478684417637,0.7707478684417637,0.2292521315582363,1,1.0,1,-240.0,188.0,0.274091800588152,0.0216965726234765,0.031408002539922,0.0255271203822416,0.0460650903852267,0.0067057716349189,0.0111646676800476,-385.0,260.0,-325.0,295.0,100.0,69.23076923076923,8,13,8,9,0,4,100.0,8,0
604,6970.922706329133,0.03121739764331367,1.2000000000000002,0.3693168379768652,0.0223754287271183,2.2,38200.511695636975,2.0000000000000004,4267.723447857903,228553.64564594606,0.03634360570210023,1,0.3231601731601734,0.05317908870939407,0.24290864029268677,0.12662715988733514,0.521295412689968,0.3408497885562309,0.38511631856044515,0.1496184148011734,2024-12-07,michael chiesa,max griffin,0.6224167445349387,0.6224167445349387,0.3775832554650613,1,1.0,1,120.0,-163.0,0.35543144057543513,0.0403376871081888,0.0339796305551364,0.037565991906196,0.0422999890818046,0.0072647813393789,0.0081293073305718,-148.0,107.0,-132.0,124.0,53.333333333333336,72.72727272727273,15,11,8,8,7,3,53.333333333333336,8,7
605,-6505.406014528753,0.034959247997806156,-1.0,0.12204970316157127,0.0223754287271183,2.0,38200.511695636975,2.0000000000000004,4267.723447857903,228553.64564594606,0.03634360570210023,1,0.3231601731601734,0.02409257420300973,0.24290864029268677,0.12662715988733514,0.521295412689968,0.12189872313032248,0.1612262405052893,0.1496184148011734,2024-12-07,chris weidman,eryk anders,0.5610248515807856,0.5610248515807856,0.4389751484192143,1,0.0,1,100.0,-120.0,0.1610267976373506,0.0232290461519004,0.0222254993026449,0.0291846444104065,0.0295086003293498,0.0166951174351361,0.0169183279430149,-115.0,-110.0,-110.0,-104.0,71.42857142857143,45.45454545454545,14,11,10,5,4,6,71.42857142857143,10,4
606,0.0,0.0,0.0,-0.08258160784048729,0.0223754287271183,1.5319148936170213,38200.511695636975,2.0000000000000004,4267.723447857903,228553.64564594606,0.03634360570210023,1,0.3231601731601734,0.0,0.24290864029268677,0.12662715988733514,0.521295412689968,0.0,0.0,0.1496184148011734,2024-12-07,cody durden,joshua van,0.5988703393263486,0.4011296606736514,0.5988703393263486,0,0.0,0,140.0,-188.0,0.0,0.0389594877010522,0.0304849567433922,0.0403703680495044,0.0314687124102657,0.0117264411987806,0.0092525797802403,140.0,-190.0,160.0,-175.0,0.0,0.0,2,0,0,0,2,0,0.0,0,0
607,0.0,0.0,0.0,-0.08559722324453978,0.0223754287271183,1.2,38200.511695636975,2.0000000000000004,4267.723447857903,228553.64564594606,0.03634360570210023,1,0.3231601731601734,0.0,0.24290864029268677,0.12662715988733514,0.521295412689968,0.0,0.0,0.1496184148011734,2024-12-07,kennedy nzechukwu,lukasz brzeski,0.7620023139628835,0.7620023139628835,0.2379976860371164,1,1.0,1,-500.0,380.0,0.0,0.0137953429848293,0.0278713236818374,0.0201574573220818,0.0465092093445847,0.00694303865279,0.0144123529077756,-650.0,400.0,-549.0,470.0,100.0,0.0,5,0,5,0,0,0,100.0,5,0
608,-11485.125190084203,0.06171964346411197,-1.0,0.12931369235660428,0.0223754287271183,1.4,38200.511695636975,2.0000000000000004,4267.723447857903,228553.64564594606,0.03634360570210023,1,0.3231601731601734,0.058460715316270125,0.24290864029268677,0.12662715988733514,0.521295412689968,0.19968500434683395,0.2530335661685435,0.1496184148011734,2024-12-07,vicente luque,themba gorimbo,0.8066526373975745,0.1933473626024254,0.8066526373975745,0,1.0,0,175.0,-250.0,0.3907320859799113,0.0462926168982899,0.0316294610237879,0.044482386329139,0.0363256944789416,0.0044366554026268,0.0037266099034956,125.0,-175.0,145.0,-150.0,71.42857142857143,100.0,14,1,10,1,4,0,100.0,1,0
609,0.0,0.0,0.0,-0.06738343333202623,0.0223754287271183,1.4,38200.511695636975,2.0000000000000004,4267.723447857903,228553.64564594606,0.03634360570210023,1,0.3231601731601734,0.0,0.24290864029268677,0.12662715988733514,0.521295412689968,0.0,0.0,0.1496184148011734,2024-12-07,randy brown,bryan battle,0.6661546904771242,0.3338453095228758,0.6661546904771242,0,0.0,0,175.0,-250.0,0.0,0.0462926168982899,0.0316294610237879,0.0379213858088197,0.0287452808578468,0.0170556976162982,0.0130805707275174,150.0,-200.0,165.0,-188.0,61.53846153846154,100.0,13,3,8,3,5,0,100.0,3,0
610,0.0,0.0,0.0,-0.06725044782377287,0.0223754287271183,1.434782608695652,38200.511695636975,2.0000000000000004,4267.723447857903,228553.64564594606,0.03634360570210023,1,0.3231601731601734,0.0,0.24290864029268677,0.12662715988733514,0.521295412689968,0.0,0.0,0.1496184148011734,2024-12-07,movsar evloev,aljamain sterling,0.6500981727288856,0.6500981727288856,0.3499018272711144,1,1.0,1,-230.0,180.0,0.0,0.0223754287271183,0.0317371253854357,0.0316294610237879,0.0462926168982899,0.0106100521200964,0.0150309735209291,-250.0,175.0,-225.0,200.0,100.0,76.47058823529412,5,17,5,13,0,4,100.0,5,0
611,-14562.695988002464,0.0637167521298769,-1.0,0.13772686564861564,0.019218241105095,1.4,-23339.486909465373,-1.0,-23536.986322768265,181677.17241371243,0.03634360570210024,1,-2.3506493506493507,0.09823573791210666,0.14100679372796493,0.049834142355620094,0.3534166052435871,0.21637401406860662,0.24260240354590912,0.25774365008409134,2024-12-14,vitor petrino,dustin jacoby,0.8126620468918684,0.8126620468918684,0.1873379531081316,1,0.0,1,-250.0,205.0,0.3811373738210672,0.0169990228350114,0.0251555439097192,0.0263895562040242,0.0455058686325771,0.0061997638895923,0.0100445506003362,-350.0,240.0,-305.0,280.0,0.0,71.42857142857143,0,7,0,5,0,2,0.0,0,0
612,0.0,0.014759263848485533,0.0,-0.04870367061009856,0.019218241105095,1.6666666666666663,-23339.486909465373,-1.0,-23536.986322768265,181677.17241371243,0.03634360570210024,1,-2.3506493506493507,0.0038041065368628344,0.14100679372796493,0.049834142355620094,0.3534166052435871,-0.05889069542447075,0.012206178238226081,0.25774365008409134,2024-12-14,adrian yanez,daniel marcos,0.570777797633941,0.429222202366059,0.570777797633941,0,0.0,0,110.0,-150.0,0.014759263848485533,0.0405383694346594,0.0356521067558167,0.0608497914257953,0.0396286774737261,-0.0027399946247238,-0.0019220100372807,175.0,-280.0,230.0,-225.0,80.0,0.0,5,0,4,0,1,0,0.0,0,0
613,-8776.790921462909,0.03840144792553033,-1.0,0.17367507029416285,0.019218241105095,1.869565217391304,-23339.486909465373,-1.0,-23536.986322768265,181677.17241371243,0.03634360570210024,1,-2.3506493506493507,0.06130979122210669,0.14100679372796493,0.049834142355620094,0.3534166052435871,0.18593002380805387,0.22219271775919613,0.25774365008409134,2024-12-14,colby covington,joaquin buckley,0.6277796887619942,0.6277796887619942,0.3722203112380058,1,0.0,1,-115.0,-105.0,0.23787119955080865,0.0232792664320201,0.0237995764494319,0.0365518362890227,0.0261262263890399,0.0168532200964144,0.0124207845874261,170.0,-225.0,180.0,-205.0,90.9090909090909,62.5,11,8,10,5,1,3,90.9090909090909,10,1
614,-9922.222417916628,0.04341310063059422,-1.0,0.11866645159578237,0.019218241105095,1.6666666666666663,-23339.486909465373,-1.0,-23536.986322768265,181677.17241371243,0.03634360570210024,1,-2.3506493506493507,0.06321653982029936,0.14100679372796493,0.049834142355620094,0.3534166052435871,0.14313763370535976,0.20333721413210928,0.25774365008409134,2024-12-14,cub swanson,billy quarantillo,0.6711998709574696,0.3288001290425304,0.6711998709574696,0,1.0,0,110.0,-150.0,0.24526904852815715,0.0405383694346594,0.0356521067558167,0.0637748728977669,0.0484270906365948,-0.0092139988360202,-0.0073777744097455,130.0,-210.0,175.0,-163.0,65.0,57.14285714285714,20,7,13,4,7,3,57.14285714285714,4,3
615,4961.403473150067,0.05969652994421481,0.36363636363636376,0.04620901569558483,0.019218241105095,1.3636363636363638,-23339.486909465373,-1.0,-23536.986322768265,181677.17241371243,0.03634360570210024,1,-2.3506493506493507,0.05292689535764992,0.14100679372796493,0.049834142355620094,0.3534166052435871,0.07438230509454027,0.12756911115711794,0.25774365008409134,2024-12-14,joel alvarez,drakkar klose,0.7672199448434288,0.7672199448434288,0.2327800551565712,1,1.0,1,-275.0,200.0,0.20534703896830053,0.0262663073127574,0.040400359353909,0.0260593898783069,0.0583561945372773,0.0035396458966782,0.006756364399332,-600.0,340.0,-455.0,425.0,50.0,25.0,4,4,2,1,2,3,50.0,2,2
616,4763.319531463667,0.07294400539096607,0.2857142857142856,0.08243087084681489,0.019218241105095,1.2857142857142856,-23339.486909465373,-1.0,-23536.986322768265,181677.17241371243,0.03634360570210024,1,-2.3506493506493507,0.09382674237977724,0.14100679372796493,0.049834142355620094,0.3534166052435871,0.1491193549992793,0.201230837649933,0.25774365008409134,2024-12-14,miranda maverick,jamey lyn horth,0.8418906773253005,0.8418906773253005,0.1581093226746994,1,1.0,1,-350.0,240.0,0.3640312471293293,0.0263895562040242,0.0455058686325771,0.0233197907598717,0.067589300149219,-5.625455961966175e-05,-0.0001217605716665,-1000.0,450.0,-649.0,650.0,100.0,0.0,5,0,5,0,0,0,100.0,5,0
617,0.0,0.0,0.0,-0.04925199729040236,0.019218241105095,1.6896551724137931,-23339.486909465373,-1.0,-23536.986322768265,181677.17241371243,0.03634360570210024,1,-2.3506493506493507,0.0,0.14100679372796493,0.049834142355620094,0.3534166052435871,0.0,0.0,0.25774365008409134,2024-12-14,davey grant,ramon taveras,0.5626875934403741,0.4373124065596258,0.5626875934403741,0,1.0,0,122.0,-145.0,0.0,0.0225925289248723,0.0196946562194557,0.0350135352882691,0.0342505339758,0.0097005466611789,0.0095302225695902,-110.0,-120.0,100.0,-108.0,66.66666666666666,0.0,9,0,6,0,3,0,0.0,0,0
618,0.0,0.0,0.0,-0.22731826185523085,0.019218241105095,1.5,-23339.486909465373,-1.0,-23536.986322768265,181677.17241371243,0.03634360570210024,1,-2.3506493506493507,0.0,0.14100679372796493,0.049834142355620094,0.3534166052435871,0.0,0.0,0.25774365008409134,2024-12-14,michael johnson,ottman azaitar,0.5151211587631794,0.5151211587631794,0.4848788412368205,1,1.0,1,-200.0,150.0,0.0,0.0287452808578468,0.0379213858088197,0.0384251901257095,0.0585445068439872,0.0019838881455293,0.0028238041621629,-275.0,175.0,-225.0,220.0,54.166666666666664,50.0,24,2,13,1,11,1,54.166666666666664,13,11
619,0.0,0.0,0.0,-0.03372255851371153,0.019218241105095,1.5405405405405406,-23339.486909465373,-1.0,-23536.986322768265,181677.17241371243,0.03634360570210024,1,-2.3506493506493507,0.0,0.14100679372796493,0.049834142355620094,0.3534166052435871,0.0,0.0,0.25774365008409134,2024-12-14,sean woodson,fernando padilla,0.62723272517531,0.62723272517531,0.3727672748246899,1,1.0,1,-185.0,155.0,0.0,0.0180457488714349,0.0232339208912069,0.0310991248045032,0.0374054700158809,0.0111557920389869,0.0133540118825816,-166.0,125.0,-155.0,140.0,66.66666666666666,0.0,3,0,2,0,1,0,66.66666666666666,2,1
620,0.0,0.0,0.0,-0.10012932855371642,0.019218241105095,1.4,-23339.486909465373,-1.0,-23536.986322768265,181677.17241371243,0.03634360570210024,1,-2.3506493506493507,0.0,0.14100679372796493,0.049834142355620094,0.3534166052435871,0.0,0.0,0.25774365008409134,2024-12-14,miles johns,felipe lima,0.642764765318774,0.3572352346812259,0.642764765318774,0,0.0,0,200.0,-250.0,0.0,0.0284008065139526,0.019218241105095,0.0371082554027841,0.0240939303895655,0.0179963086130015,0.0119182213015283,205.0,-275.0,225.0,-260.0,50.0,0.0,4,0,2,0,2,0,0.0,0,0
621,-8276.298737406245,0.045554973293835656,-1.0,0.035638047008099694,0.0146095237354543,1.606060606060606,-18117.97584387002,-1.0,-13630.410104916793,149928.78646492562,0.03634360570210024,1,-1.8888888888888893,0.04516827975922675,0.0812324385816802,0.01881364223882007,0.2316025785672152,0.04534140612768436,0.07935128087992283,0.4474026181739738,2025-01-11,mackenzie dern,amanda ribas,0.644831236816364,0.3551687631836359,0.644831236816364,0,1.0,0,140.0,-165.0,0.10095667285894812,0.0216147793309708,0.0176933967696582,0.034385576481825,0.0259818775864164,0.0149498953839405,0.0115314021996411,154.0,-200.0,165.0,-185.0,66.66666666666666,66.66666666666666,9,6,6,4,3,2,66.66666666666666,4,2
622,0.0,0.0,0.0,-0.1446750307749941,0.0146095237354543,1.606060606060606,-18117.97584387002,-1.0,-13630.410104916793,149928.78646492562,0.03634360570210024,1,-1.8888888888888893,0.0,0.0812324385816802,0.01881364223882007,0.2316025785672152,0.0,0.0,0.4474026181739738,2025-01-11,punahele soriano,uros medic,0.532560829894815,0.4674391701051849,0.532560829894815,0,1.0,0,135.0,-165.0,0.0,0.0264262245034301,0.0217471998241491,0.0410199568833899,0.0284987596941501,0.0163382855845826,0.0115398765217674,175.0,-240.0,198.0,-225.0,33.33333333333333,50.0,3,2,1,1,2,1,50.0,1,1
623,-7663.171473041354,0.042180155994452066,-1.0,0.15795013804494906,0.0146095237354543,1.7246376811594204,-18117.97584387002,-1.0,-13630.410104916793,149928.78646492562,0.03634360570210024,1,-1.8888888888888893,0.12245182428736759,0.0812324385816802,0.01881364223882007,0.2316025785672152,0.18381388994289125,0.23518435187680664,0.4474026181739738,2025-01-11,santiago ponzinibbio,carlston harris,0.6714164665974914,0.3285835334025085,0.6714164665974914,0,1.0,0,105.0,-138.0,0.27369492111410004,0.0354005882336351,0.0322362225882545,0.029248781260161,0.0349675263021539,0.0145464880906527,0.0172846394013895,-163.0,125.0,-154.0,135.0,66.66666666666666,100.0,12,2,8,2,4,0,100.0,2,0
624,4181.921748331466,0.057546053980965475,0.3999999999999999,0.07048141413147002,0.0146095237354543,1.4,-18117.97584387002,-1.0,-13630.410104916793,149928.78646492562,0.03634360570210024,1,-1.8888888888888893,0.11556894396433857,0.0812324385816802,0.01881364223882007,0.2316025785672152,0.10805830097685488,0.16848416812696326,0.4474026181739738,2025-01-11,cesar almeida,abdul razak alhassan,0.7646295815224786,0.7646295815224786,0.2353704184775213,1,1.0,1,-250.0,175.0,0.25831083518469544,0.0316294610237879,0.0462926168982899,0.0219964606154342,0.0339175178791893,0.0138401786029276,0.0208820436192945,-275.0,210.0,-260.0,220.0,0.0,57.14285714285714,0,7,0,4,0,3,0.0,0,0
625,4259.321596126897,0.052750015117266257,0.4444444444444444,0.011774312247226804,0.0146095237354543,1.4444444444444444,-18117.97584387002,-1.0,-13630.410104916793,149928.78646492562,0.03634360570210024,1,-1.8888888888888893,0.035829365083934736,0.0812324385816802,0.01881364223882007,0.2316025785672152,0.017379523229316893,0.05425481432999038,0.4474026181739738,2025-01-11,chris curtis,roman kopylov,0.7004591392480801,0.2995408607519198,0.7004591392480801,0,0.0,0,185.0,-225.0,0.08008304741301801,0.0252599077377893,0.017924977552359,0.0485994850569588,0.0320074376552271,0.0109104014608949,0.0074719514802815,185.0,-270.0,220.0,-240.0,40.0,0.0,5,2,2,0,3,2,0.0,0,2
626,-9494.570944691593,0.052260671049363897,-1.0,0.05071441425083667,0.0146095237354543,1.4761904761904765,-18117.97584387002,-1.0,-13630.410104916793,149928.78646492562,0.03634360570210024,1,-1.8888888888888893,0.06805533777320176,0.0812324385816802,0.01881364223882007,0.2316025785672152,0.07249439412028867,0.10641201372957744,0.4474026181739738,2025-01-11,jose johnson,felipe bunes,0.7117742806215344,0.7117742806215344,0.2882257193784656,1,0.0,1,-210.0,175.0,0.15211206865744858,0.0173530992925162,0.0237026191825569,0.0399498994374801,0.0493358148482338,0.003800039300007,0.0044967879932361,-180.0,124.0,-148.0,143.0,0.0,0.0,0,0,0,0,0,0,0.0,0,0
627,0.0,0.0,0.0,-0.0789895538974889,0.0146095237354543,1.606060606060606,-18117.97584387002,-1.0,-13630.410104916793,149928.78646492562,0.03634360570210024,1,-1.8888888888888893,0.0,0.0812324385816802,0.01881364223882007,0.2316025785672152,0.0,0.0,0.4474026181739738,2025-01-11,thiago moises,trey ogden,0.5734593343657145,0.5734593343657145,0.4265406656342855,1,1.0,1,-165.0,140.0,0.0,0.0176933967696582,0.0216147793309708,0.0391145562608968,0.0476995305531898,0.0039141757289713,0.0045892256315728,-175.0,122.0,-145.0,140.0,71.42857142857143,100.0,7,1,5,1,2,0,71.42857142857143,5,2
628,3362.387705764036,0.0694030721036445,0.2666666666666666,0.02430639341298227,0.0146095237354543,1.2666666666666666,-18117.97584387002,-1.0,-13630.410104916793,149928.78646492562,0.03634360570210024,1,-1.8888888888888893,0.0743230806872902,0.0812324385816802,0.01881364223882007,0.2316025785672152,0.04561992427155507,0.08850975620630307,0.4474026181739738,2025-01-11,fatima kline,viktoriia dudakova,0.8086629421681439,0.8086629421681439,0.191337057831856,1,1.0,1,-375.0,280.0,0.16612124665392425,0.0189279748542016,0.0337036040931668,0.019638207040137,0.0561193687174385,0.0060508280351412,0.0142331476240879,-1000.0,500.0,-750.0,625.0,0.0,0.0,0,0,0,0,0,0,0.0,0,0
629,0.0,0.017100731447947593,0.0,-0.013714739310065727,0.0146095237354543,1.2352941176470589,-18117.97584387002,-1.0,-13630.410104916793,149928.78646492562,0.03634360570210024,1,-1.8888888888888893,0.007650912022501764,0.0812324385816802,0.01881364223882007,0.2316025785672152,-0.027492457277132388,0.008530778877125784,0.4474026181739738,2025-01-11,nurullo aliev,joe solecki,0.7984214015108991,0.7984214015108991,0.2015785984891008,1,1.0,1,-425.0,330.0,0.017100731447947593,0.0146095237354543,0.0274724253232388,0.0217521192131283,0.0708404733794641,-0.0013322115613033,-0.0029719491273624,-1250.0,500.0,-720.0,750.0,0.0,75.0,0,4,0,3,0,1,0.0,0,0
630,0.0,0.06593410931697273,0.0,-0.0034714513527123736,0.0132696079884536,1.1666666666666667,34133.15473531836,2.2320805369127514,5015.412085445458,189077.35328568943,0.03634360570210023,1,2.43035307849431,0.017173534311049045,0.13953349543160248,0.04837981329940011,0.34672544502488484,-0.00819484411001466,0.02793061709356678,0.2604650990049583,2025-01-18,islam makhachev,renato moicano,0.8541673274119608,0.8541673274119608,0.1458326725880392,1,1.0,1,-600.0,440.0,0.06593410931697273,0.0132696079884536,0.0290584343395886,0.0191899753141833,0.0604316721953952,0.0031312700783584,0.0075639170874167,-1205.0,540.0,-835.0,750.0,88.88888888888889,50.0,9,12,8,6,1,6,88.88888888888889,8,1
631,6080.793312771108,0.028561885364238773,1.42,0.2672356137997831,0.0132696079884536,2.42,34133.15473531836,2.2320805369127514,5015.412085445458,189077.35328568943,0.03634360570210023,1,2.43035307849431,0.05722380681573464,0.13953349543160248,0.04837981329940011,0.34672544502488484,0.22623695863521326,0.2595123250917261,0.2604650990049583,2025-01-18,merab dvalishvili,umar nurmagomedov,0.523651080082555,0.523651080082555,0.476348919917445,1,1.0,1,142.0,-170.0,0.21969855859515872,0.0236909605473527,0.0191618095781445,0.0504218093515865,0.0316552425747116,0.0050262223086338,0.003377139035904,200.0,-298.0,240.0,-250.0,87.5,100.0,8,3,7,3,1,0,87.5,7,1
632,0.0,0.0,0.0,-0.035942721228751195,0.0132696079884536,1.6896551724137931,34133.15473531836,2.2320805369127514,5015.412085445458,189077.35328568943,0.03634360570210023,1,2.43035307849431,0.0,0.13953349543160248,0.04837981329940011,0.34672544502488484,0.0,0.0,0.2604650990049583,2025-01-18,jiri prochazka,jamahal hill,0.5705645119258411,0.5705645119258411,0.4294354880741589,1,1.0,1,-145.0,125.0,0.0,0.0168598017385772,0.0194213773997447,0.0690095433076899,0.062643117756736,-0.0263194153515246,-0.0243391459453344,-110.0,-155.0,135.0,-110.0,50.0,66.66666666666666,2,6,1,4,1,2,50.0,1,1
633,0.0,0.0,0.0,-0.1262351980865579,0.0132696079884536,1.289855072463768,34133.15473531836,2.2320805369127514,5015.412085445458,189077.35328568943,0.03634360570210023,1,2.43035307849431,0.0,0.13953349543160248,0.04837981329940011,0.34672544502488484,0.0,0.0,0.2604650990049583,2025-01-18,rinya nakamura,muin gafurov,0.6774131610340169,0.6774131610340169,0.322586838965983,1,0.0,1,-345.0,275.0,0.0,0.0154613702995864,0.0264861952434845,0.0199005970902305,0.0508064736168402,0.006315456104737,0.0140193492767972,-800.0,450.0,-649.0,550.0,0.0,0.0,0,0,0,0,0,0,0.0,0,0
634,3558.537537923854,0.05459015930299403,0.4347826086956521,0.04253964033804947,0.0132696079884536,1.434782608695652,34133.15473531836,2.2320805369127514,5015.412085445458,189077.35328568943,0.03634360570210023,1,2.43035307849431,0.03813411870353119,0.13953349543160248,0.04837981329940011,0.34672544502488484,0.06351426130617137,0.09805883699623953,0.2604650990049583,2025-01-18,jailton almeida,serghei spivac,0.7266185372053072,0.7266185372053072,0.2733814627946928,1,1.0,1,-230.0,190.0,0.1464077868751439,0.017241436321547,0.0245558468550464,0.0267777008844969,0.0574713833645872,0.0045472864299478,0.0085368257195849,-550.0,320.0,-435.0,400.0,100.0,100.0,3,3,3,3,0,0,100.0,3,0
635,3694.574314188778,0.07343373954979755,0.3355704697986577,0.13998133512468558,0.0132696079884536,1.3355704697986577,34133.15473531836,2.2320805369127514,5015.412085445458,189077.35328568943,0.03634360570210023,1,2.43035307849431,0.11798778597562504,0.13953349543160248,0.04837981329940011,0.34672544502488484,0.24080583973466774,0.2633241131413885,0.2604650990049583,2025-01-18,grant dawson,diego ferreira,0.85355386398783,0.85355386398783,0.14644613601217,1,1.0,1,-298.0,240.0,0.45298885119875115,0.0164642876034875,0.0263970780483009,0.0321099796736034,0.0504628147635978,0.0034952866482546,0.0051571035745445,-290.0,195.0,-245.0,235.0,100.0,50.0,3,8,3,4,0,4,100.0,3,0
636,0.0,0.0,0.0,-0.07021390709030617,0.0132696079884536,1.5882352941176472,34133.15473531836,2.2320805369127514,5015.412085445458,189077.35328568943,0.03634360570210023,1,2.43035307849431,0.0,0.13953349543160248,0.04837981329940011,0.34672544502488484,0.0,0.0,0.2604650990049583,2025-01-18,karol rosa,ailin perez,0.5854208733135109,0.5854208733135109,0.4145791266864891,1,0.0,1,-170.0,142.0,0.0,0.0191618095781445,0.0236909605473527,0.0262663073127574,0.040400359353909,0.0072111180858498,0.0106261171426896,-275.0,200.0,-245.0,225.0,66.66666666666666,0.0,6,0,4,0,2,0,66.66666666666666,4,2
637,0.0,0.046594045420789064,0.0,-0.003326802243014404,0.0132696079884536,1.434782608695652,34133.15473531836,2.2320805369127514,5015.412085445458,189077.35328568943,0.03634360570210023,1,2.43035307849431,0.012136122653567347,0.13953349543160248,0.04837981329940011,0.34672544502488484,-0.004966339508625605,0.03121195692476804,0.2604650990049583,2025-01-18,tagir ulanbekov,clayton carpenter,0.6946510166185051,0.6946510166185051,0.3053489833814948,1,1.0,1,-230.0,190.0,0.046594045420789064,0.017241436321547,0.0245558468550464,0.0302004731567365,0.0555138125575491,0.0048326244501729,0.0081229323571273,-400.0,250.0,-333.0,310.0,100.0,0.0,1,0,1,0,0,0,100.0,1,0
638,0.0,0.0354691200026256,0.0,-0.00930688891410969,0.0132696079884536,1.3355704697986577,34133.15473531836,2.2320805369127514,5015.412085445458,189077.35328568943,0.03634360570210023,1,2.43035307849431,0.009238467853102623,0.13953349543160248,0.04837981329940011,0.34672544502488484,-0.01573155281390433,0.02098376197509869,0.2604650990049583,2025-01-18,ricky turcios,benardo sopaj,0.7417752439788827,0.2582247560211172,0.7417752439788827,0,0.0,0,240.0,-298.0,0.0354691200026256,0.0263970780483009,0.0164642876034875,0.0455058686325771,0.0263895562040242,0.0151370549415202,0.0094761658742321,240.0,-350.0,260.0,-295.0,100.0,0.0,1,0,1,0,0,0,0.0,0,0
639,5749.288911746307,0.030924837219362875,1.2400000000000002,0.13335450198794074,0.0132696079884536,2.24,34133.15473531836,2.2320805369127514,5015.412085445458,189077.35328568943,0.03634360570210023,1,2.43035307849431,0.03735366868708454,0.13953349543160248,0.04837981329940011,0.34672544502488484,0.12011072557315186,0.15922439798069188,0.2604650990049583,2025-01-18,kevin holland,reinier de ridder,0.5059618312446164,0.4940381687553836,0.5059618312446164,0,0.0,0,-148.0,124.0,0.1434114160775662,0.0200233728765578,0.0231793921004005,0.0632519095856794,0.056786349620442,-0.010346788412234,-0.0094160574375683,-105.0,-155.0,130.0,-120.0,91.66666666666666,0.0,12,0,11,0,1,0,0.0,0,0
640,-14067.781991184589,0.09382975960040608,-1.0,0.03732232923420448,0.0132696079884536,1.1666666666666667,34133.15473531836,2.2320805369127514,5015.412085445458,189077.35328568943,0.03634360570210023,1,2.43035307849431,0.07550721534800846,0.13953349543160248,0.04837981329940011,0.34672544502488484,0.08846837202984631,0.12229807462302104,0.2604650990049583,2025-01-18,payton talbott,raoni barcelos,0.8891334250578895,0.8891334250578895,0.1108665749421105,1,0.0,1,-600.0,440.0,0.28989379243693253,0.0132696079884536,0.0290584343395886,0.0125016251704618,0.038424300755464,0.0102805641242914,0.0304434177761611,-1250.0,700.0,-1200.0,750.0,0.0,60.0,0,5,0,3,0,2,0.0,0,0
641,0.0,0.0,0.0,-0.08065400737643497,0.040400359353909,1.8333333333333333,61476.61834027147,6.92,31327.89539326744,281881.86701922835,0.03634360570210024,1,5.935664058164059,0.0,0.20277555509581915,0.12194845932527129,0.6013962544333611,0.0,0.0,0.17923070502717403,2025-02-01,shara magomedov,michael page,0.5014614505219446,0.4985385494780553,0.5014614505219446,0,0.0,0,100.0,-120.0,0.0,0.0232290461519004,0.0222254993026449,0.0369513471323268,0.0505486528676731,0.0042860957916545,0.0056345391289803,-220.0,150.0,-188.0,180.0,0.0,0.0,0,0,0,0,0,0,0.0,0,0
642,5084.510366424951,0.05163103742406134,0.5208333333333337,0.10817373043639189,0.040400359353909,1.5208333333333337,61476.61834027147,6.92,31327.89539326744,281881.86701922835,0.03634360570210024,1,5.935664058164059,0.044409888939801266,0.20277555509581915,0.12194845932527129,0.6013962544333611,0.14843335095308668,0.18057498558090146,0.17923070502717403,2025-02-01,sergei pavlovich,jairzinho rozenstruik,0.7286621789170794,0.7286621789170794,0.2713378210829206,1,1.0,1,-192.0,160.0,0.24778058498998856,0.0182505690586025,0.0238990621321243,0.0360130542945663,0.0592250409435287,-0.0031876352856864,-0.0047488726508215,-320.0,200.0,-250.0,260.0,83.33333333333334,81.81818181818183,6,11,5,9,1,2,83.33333333333334,5,1
643,4692.22555299479,0.04913653821297091,0.5050505050505052,8.800531275326984e-05,0.040400359353909,1.5050505050505052,61476.61834027147,6.92,31327.89539326744,281881.86701922835,0.03634360570210024,1,5.935664058164059,0.009425805089920653,0.20277555509581915,0.12194845932527129,0.6013962544333611,0.00012216251075780046,0.03788584538331916,0.17923070502717403,2025-02-01,muhammad naimov,kaan ofli,0.6644880035299501,0.6644880035299501,0.3355119964700499,1,1.0,1,-198.0,164.0,0.052590347666665496,0.0185656693505812,0.0246517396386398,0.0258078440079528,0.0485511303510214,0.0058412026598846,0.0100318132131314,-420.0,275.0,-350.0,320.0,0.0,0.0,0,0,0,0,0,0,0.0,0,0
644,-11089.14518351048,0.05864872228645574,-1.0,0.010096938047966852,0.040400359353909,1.359712230215827,61476.61834027147,6.92,31327.89539326744,281881.86701922835,0.03634360570210024,1,5.935664058164059,0.015489064108079736,0.20277555509581915,0.12194845932527129,0.6013962544333611,0.016500560634387505,0.052881498756923134,0.17923070502717403,2025-02-01,said nurmagomedov,vinicius oliveira,0.7428755258659652,0.7428755258659652,0.2571244741340348,1,0.0,1,-278.0,225.0,0.08641970194633428,0.0168967792200803,0.0262452639219628,0.0548402011941338,0.0765740666406596,-0.0227476540877556,-0.0285343971942956,-240.0,135.0,-160.0,200.0,50.0,0.0,6,0,3,0,3,0,50.0,3,3
645,7869.2397061151405,0.025377533642130867,1.6400000000000001,0.4630202898240672,0.040400359353909,2.64,61476.61834027147,6.92,31327.89539326744,281881.86701922835,0.03634360570210024,1,5.935664058164059,0.05754558325185065,0.20277555509581915,0.12194845932527129,0.6013962544333611,0.36912597853697116,0.40274021192769943,0.17923070502717403,2025-02-01,israel adesanya,nassourdine imavov,0.554174352206086,0.445825647793914,0.554174352206086,0,0.0,0,-215.0,164.0,0.32106989281287424,0.0258805609682243,0.035447000359337,0.0345905247924249,0.04304922676037,0.0035517953286672,0.0042913419262347,-180.0,130.0,-155.0,150.0,69.23076923076923,40.0,13,5,9,2,4,3,40.0,2,3
646,0.0,0.0,0.0,-0.11377742859179815,0.040400359353909,1.2666666666666666,61476.61834027147,6.92,31327.89539326744,281881.86701922835,0.03634360570210024,1,5.935664058164059,0.0,0.20277555509581915,0.12194845932527129,0.6013962544333611,0.0,0.0,0.17923070502717403,2025-02-01,shamil gaziev,thomas petersen,0.6996493984801594,0.6996493984801594,0.3003506015198406,1,1.0,1,-375.0,295.0,0.0,0.015345730437938,0.0272925107346134,0.0270265375564874,0.0481614323683246,0.010449007760749,0.017414769329034,-375.0,250.0,-325.0,280.0,0.0,0.0,0,0,0,0,0,0,0.0,0,0
647,3385.275582383792,0.08146403380511053,0.2197802197802201,0.04788641422206036,0.040400359353909,1.21978021978022,61476.61834027147,6.92,31327.89539326744,281881.86701922835,0.03634360570210024,1,5.935664058164059,0.04936451262852807,0.20277555509581915,0.12194845932527129,0.6013962544333611,0.09950657926688174,0.132544881622004,0.17923070502717403,2025-02-01,terrance mckinney,damir hadzovic,0.8590780512991664,0.8590780512991664,0.1409219487008336,1,1.0,1,-455.0,350.0,0.27542441804847934,0.0143087761289523,0.0277332659130896,0.0201574573220818,0.0465092093445847,0.0080204202305079,0.0167048544947668,-650.0,400.0,-550.0,460.0,66.66666666666666,57.14285714285714,3,7,2,4,1,3,66.66666666666666,2,1
648,6627.360418998194,0.03505105346479268,1.0,0.14264079024881648,0.040400359353909,2.0,61476.61834027147,6.92,31327.89539326744,281881.86701922835,0.03634360570210024,1,5.935664058164059,0.032387657268856,0.20277555509581915,0.12194845932527129,0.6013962544333611,0.1425319015168788,0.18084178239619225,0.17923070502717403,2025-02-01,jasmine jasudavicius,mayra bueno silva,0.5713203951244082,0.5713203951244082,0.4286796048755917,1,1.0,1,100.0,-120.0,0.18070373189652716,0.0232290461519004,0.0222254993026449,0.0262663073127574,0.040400359353909,0.0111716325197332,0.016433612476816,-275.0,200.0,-245.0,215.0,0.0,40.0,0,5,0,2,0,3,0.0,0,0
649,6587.253968941756,0.03317993984735338,1.0499999999999998,0.13728172048960363,0.040400359353909,2.05,61476.61834027147,6.92,31327.89539326744,281881.86701922835,0.03634360570210024,1,5.935664058164059,0.03350530260180897,0.20277555509581915,0.12194845932527129,0.6013962544333611,0.13371636598726727,0.19192399696043486,0.17923070502717403,2025-02-01,hamdy abdelwahab,jamal pogues,0.5547715709705384,0.5547715709705384,0.4452284290294616,1,1.0,1,105.0,-138.0,0.18693952354162235,0.0354005882336351,0.0322362225882545,0.0533667010142747,0.0588284209369449,-0.0057650986321442,-0.0063024798071157,-150.0,-105.0,-120.0,126.0,0.0,0.0,0,0,0,0,0,0,0.0,0,0
650,8171.174980919295,0.021608021370420095,2.0,0.5475076980470263,0.040400359353909,3.0,61476.61834027147,6.92,31327.89539326744,281881.86701922835,0.03634360570210024,1,5.935664058164059,0.056502491272231385,0.20277555509581915,0.12194845932527129,0.6013962544333611,0.3980884919185333,0.4335765551654521,0.17923070502717403,2025-02-01,fares ziam,mike davis,0.5158358993490088,0.5158358993490088,0.4841641006509912,1,1.0,1,200.0,-275.0,0.3152500642323801,0.040400359353909,0.0262663073127574,0.0491942280076172,0.0423808635674742,0.0028679897288758,0.0024958579378502,110.0,-160.0,135.0,-138.0,100.0,100.0,3,2,3,2,0,0,100.0,3,0
651,10618.497253685486,0.0319237508298478,1.1800000000000002,0.3000636479656472,0.0198146558599141,2.18,58621.84013172086,2.856923076923077,19480.417224189267,359984.1243751385,0.03634360570210024,1,1.9492307692307693,0.10946825614729708,0.09728266148143642,0.029596057767576858,0.3042274678435315,0.27839792414343295,0.3158224682862546,0.3735876994795765,2025-02-08,tom nolan,viacheslav borshchev,0.5963594715438748,0.5963594715438748,0.4036405284561252,1,1.0,1,118.0,-148.0,0.2930188983732361,0.0296509827604756,0.0258388071181867,0.0600069249753648,0.0545561818207518,-0.0107326831945299,-0.0099391514307929,-106.0,-150.0,125.0,-115.0,0.0,100.0,0,2,0,2,0,0,0.0,0,0
652,0.0,0.05824631712034412,0.0,-0.0005950391079878603,0.0198146558599141,1.5376344086021505,58621.84013172086,2.856923076923077,19480.417224189267,359984.1243751385,0.03634360570210024,1,1.9492307692307693,0.02176010761614723,0.09728266148143642,0.029596057767576858,0.3042274678435315,-0.000799842992036719,0.043332050074743285,0.3735876994795765,2025-02-08,jack jenkins,gabriel santos,0.6499626668738261,0.3500373331261739,0.6499626668738261,0,0.0,0,150.0,-186.0,0.05824631712034412,0.0283132845779334,0.0220363657717169,0.0516926587965664,0.0358107593057031,0.0066033642466755,0.0048908886268876,165.0,-245.0,190.0,-200.0,0.0,0.0,0,0,0,0,0,0,0.0,0,0
653,0.0,0.0,0.0,-0.05505417340611718,0.0198146558599141,1.4444444444444444,58621.84013172086,2.856923076923077,19480.417224189267,359984.1243751385,0.03634360570210024,1,1.9492307692307693,0.0,0.09728266148143642,0.029596057767576858,0.3042274678435315,0.0,0.0,0.3735876994795765,2025-02-08,jake matthews,francisco prado,0.6541932645649958,0.6541932645649958,0.3458067354350042,1,1.0,1,-225.0,172.0,0.0,0.0249751139777943,0.0349796371534273,0.0316294610237879,0.0462926168982899,0.0083420222779808,0.0118345224887278,-250.0,175.0,-225.0,205.0,60.0,0.0,15,0,9,0,6,0,60.0,9,6
654,0.0,0.0,0.0,-0.04978759854515219,0.0198146558599141,1.4444444444444444,58621.84013172086,2.856923076923077,19480.417224189267,359984.1243751385,0.03634360570210024,1,1.9492307692307693,0.0,0.09728266148143642,0.029596057767576858,0.3042274678435315,0.0,0.0,0.3735876994795765,2025-02-08,zhang weili,tatiana suarez,0.6578393548533562,0.6578393548533562,0.3421606451466438,1,1.0,1,-225.0,172.0,0.0,0.0249751139777943,0.0349796371534273,0.0886381648929234,0.0823020060472476,-0.0394743339185829,-0.0379381793369844,-125.0,-160.0,130.0,105.0,100.0,80.0,3,5,3,4,0,1,100.0,3,0
655,8861.91997050378,0.0408699434393524,0.7692307692307692,0.11306251669775075,0.0198146558599141,1.7692307692307692,58621.84013172086,2.856923076923077,19480.417224189267,359984.1243751385,0.03634360570210024,1,1.9492307692307693,0.06880067037581918,0.09728266148143642,0.029596057767576858,0.3042274678435315,0.12828134782767642,0.16231372155711657,0.3735876994795765,2025-02-08,dricus du plessis,sean strickland,0.6291222920465548,0.6291222920465548,0.3708777079534452,1,1.0,1,-130.0,110.0,0.18416203336368256,0.0198146558599141,0.0215932116349099,0.0261262263890399,0.0365518362890227,0.0119282330450517,0.0163683147761138,-225.0,170.0,-210.0,185.0,75.0,62.5,4,16,3,10,1,6,75.0,3,1
656,0.0,0.0,0.0,-0.03197548409545742,0.0188793207747618,1.263157894736842,-40645.82474254875,-1.0,-1322.6082663772631,318015.6913662125,0.03634360570210024,1,-1.1966452270057577,0.0,0.31128375931564295,0.18007127519928695,0.5784795056291195,0.0,0.0,0.11675394110505997,2025-02-15,julia avila,jacqueline cavalcanti,0.7663527417577629,0.233647258242237,0.7663527417577629,0,0.0,0,300.0,-380.0,0.0,0.0267259939983634,0.0149406726683033,0.0555307550210646,0.0210242689023801,0.0100709354653388,0.0045658642181898,450.0,-850.0,575.0,-649.0,66.66666666666666,0.0,3,0,2,0,1,0,0.0,0,0
657,-17022.9706904462,0.04728811505228105,-1.0,0.11002557305022759,0.0188793207747618,1.6024096385542168,-40645.82474254875,-1.0,-1322.6082663772631,318015.6913662125,0.03634360570210024,1,-1.1966452270057577,0.025756626747052945,0.31128375931564295,0.18007127519928695,0.5784795056291195,0.14066204845458793,0.17255761776432155,0.11675394110505997,2025-02-15,ismael bonfim,nazim sadykhov,0.6927227260388639,0.6927227260388639,0.3072772739611361,1,0.0,1,-166.0,140.0,0.2206060583760173,0.018311706040946,0.0224151110016604,0.0300964866612525,0.043684804511343,0.0106100521200964,0.0150309735209291,-245.0,175.0,-225.0,200.0,0.0,0.0,0,0,0,0,0,0,0.0,0,0
658,-12133.134127109024,0.0337046366924368,-1.0,0.24279964269185572,0.0188793207747618,2.1,-40645.82474254875,-1.0,-1322.6082663772631,318015.6913662125,0.03634360570210024,1,-1.1966452270057577,0.029372885630051995,0.31128375931564295,0.18007127519928695,0.5784795056291195,0.23269106514775553,0.26250851824900756,0.11675394110505997,2025-02-15,jared cannonier,gregory rodrigues,0.5918093536627884,0.4081906463372116,0.5918093536627884,0,1.0,0,-130.0,110.0,0.251579392969879,0.0198146558599141,0.0215932116349099,0.0503515719576135,0.0339551827402024,0.0087372325093323,0.0061511049596503,175.0,-258.0,210.0,-225.0,50.0,0.0,12,3,6,0,6,3,0.0,0,3
659,12358.008183618973,0.08170376826496638,0.4201680672268908,0.2801180299441034,0.0188793207747618,1.4201680672268908,-40645.82474254875,-1.0,-1322.6082663772631,318015.6913662125,0.03634360570210024,1,-1.1966452270057577,0.08002604104309691,0.31128375931564295,0.18007127519928695,0.5784795056291195,0.45684896808666,0.42026981435042515,0.11675394110505997,2025-02-15,calvin kattar,youssef zalal,0.9013848849902266,0.0986151150097733,0.9013848849902266,0,0.0,0,195.0,-238.0,0.6854247512817251,0.0254964831293137,0.0176285795524632,0.0406441165125948,0.0199619440934658,0.0180678596791669,0.0095129125824563,340.0,-500.0,370.0,-440.0,77.77777777777779,100.0,9,3,7,3,2,0,100.0,3,0
660,0.0,0.0,0.0,-0.18710457528645263,0.0188793207747618,1.3225806451612905,-40645.82474254875,-1.0,-1322.6082663772631,318015.6913662125,0.03634360570210024,1,-1.1966452270057577,0.0,0.31128375931564295,0.18007127519928695,0.5784795056291195,0.0,0.0,0.11675394110505997,2025-02-15,edmen shahbazyan,dylan budka,0.6146282479541455,0.6146282479541455,0.3853717520458545,1,1.0,1,-310.0,250.0,0.0,0.01588375534405,0.0259280913458452,0.0313537611495187,0.0776419015553762,-0.0071841083272498,-0.0133437509102869,-720.0,333.0,-450.0,520.0,75.0,0.0,8,0,6,0,2,0,75.0,6,2
661,0.0,0.02973360597781342,0.0,-0.010558574561592093,0.0188793207747618,1.6024096385542168,-40645.82474254875,-1.0,-1322.6082663772631,318015.6913662125,0.03634360570210024,1,-1.1966452270057577,0.003471515681174687,0.31128375931564295,0.18007127519928695,0.5784795056291195,-0.013475144307029816,0.023298043312082562,0.11675394110505997,2025-02-15,rodolfo vieira,andre petroski,0.6174709647472771,0.6174709647472771,0.3825290352527228,1,0.0,1,-166.0,140.0,0.02973360597781342,0.018311706040946,0.0224151110016604,0.026805501978502,0.0426105862207629,0.0111348839931298,0.0171023084231671,-295.0,210.0,-270.0,235.0,75.0,50.0,4,2,3,1,1,1,75.0,3,1
662,-11233.7652655356,0.031206279679792,-1.0,0.2726671346022471,0.0188793207747618,2.24,-40645.82474254875,-1.0,-1322.6082663772631,318015.6913662125,0.03634360570210024,1,-1.1966452270057577,0.029333850317041252,0.31128375931564295,0.18007127519928695,0.5784795056291195,0.2467287503945602,0.2776582341255968,0.11675394110505997,2025-02-15,angela hill,ketlen souza,0.5681549708045746,0.4318450291954255,0.5681549708045746,0,1.0,0,-148.0,124.0,0.25124505467995684,0.0200233728765578,0.0231793921004005,0.0365534557344445,0.0372029765125536,0.0117729936462989,0.0120365301632248,-120.0,-112.0,-110.0,100.0,71.42857142857143,0.0,14,0,10,0,4,0,0.0,0,0
663,7687.258405319795,0.06619875556416942,0.3225806451612905,0.06271653594189397,0.0188793207747618,1.3225806451612905,-40645.82474254875,-1.0,-1322.6082663772631,318015.6913662125,0.03634360570210024,1,-1.1966452270057577,0.028450094928665424,0.31128375931564295,0.18007127519928695,0.5784795056291195,0.1083584956128706,0.14103641699297403,0.11675394110505997,2025-02-15,rafael estevam,jesus aguilar,0.8035173808341148,0.8035173808341148,0.1964826191658851,1,1.0,1,-310.0,250.0,0.2436756708971808,0.01588375534405,0.0259280913458452,0.0266677709145538,0.062221117974335,0.0039890844425638,0.007915677462198,-650.0,350.0,-500.0,460.0,0.0,0.0,0,0,0,0,0,0,0.0,0,0
664,9539.155428068245,0.052467668623887645,0.5050505050505052,0.10517124825313767,0.0188793207747618,1.5050505050505052,-40645.82474254875,-1.0,-1322.6082663772631,318015.6913662125,0.03634360570210024,1,-1.1966452270057577,0.02915898413783418,0.31128375931564295,0.18007127519928695,0.5784795056291195,0.146419032193509,0.17939087030998374,0.11675394110505997,2025-02-15,gabriel bonfim,khaos williams,0.7343084132688632,0.7343084132688632,0.2656915867311368,1,1.0,1,-198.0,164.0,0.24974732211905148,0.0185656693505812,0.0246517396386398,0.0316294610237879,0.0462926168982899,0.0063868308469887,0.0089820216120277,-250.0,175.0,-220.0,205.0,0.0,80.0,0,5,0,4,0,1,0.0,0,0
665,9482.839799706548,0.047416290007511866,0.5555555555555556,0.02758273195352068,0.0188793207747618,1.5555555555555556,-40645.82474254875,-1.0,-1322.6082663772631,318015.6913662125,0.03634360570210024,1,-1.1966452270057577,0.011367647395413889,0.31128375931564295,0.18007127519928695,0.5784795056291195,0.03656400703723782,0.07344843387336306,0.11675394110505997,2025-02-15,dontale mayes,valter walker,0.6605888991129776,0.3394111008870225,0.6605888991129776,0,0.0,0,150.0,-180.0,0.09736414281026123,0.023977822082381,0.0188793207747618,0.0606298738329164,0.0342964764125827,0.0039518831764959,0.0024583732337605,225.0,-370.0,290.0,-300.0,100.0,0.0,4,0,4,0,0,0,0.0,0,0
666,12474.713684773973,0.03017440291215708,1.2999999999999998,0.22864363140379784,0.0252682230395382,2.3,73559.1973961798,3.3909090909090898,15318.589672503853,406893.47843489615,0.03634360570210024,1,1.7141414141414137,0.06444716002601059,0.11743623995865744,0.04351105618025827,0.3705079130222154,0.20176307115586548,0.23599094477940435,0.30947521578428205,2025-02-22,ion cutelaba,ibo aslan,0.5341928832190426,0.5341928832190426,0.4658071167809574,1,1.0,1,130.0,-155.0,0.20824659532973108,0.023106086729758,0.0195196592207963,0.0553560221736402,0.0401774765856648,-0.0021116063501587,-0.0016211297453994,148.0,-225.0,185.0,-182.0,62.5,0.0,8,0,5,0,3,0,62.5,5,3
667,-16772.671977112466,0.05274164902070135,-1.0,0.03585371707045826,0.0252682230395382,1.4587155963302751,73559.1973961798,3.3909090909090898,15318.589672503853,406893.47843489615,0.03634360570210024,1,1.7141414141414137,0.03952460374478612,0.11743623995865744,0.04351105618025827,0.3705079130222154,0.05213814683290037,0.08782542223513022,0.30947521578428205,2025-02-22,ricky simon,javid basharat,0.7101135544696853,0.2898864455303147,0.7101135544696853,0,1.0,0,180.0,-218.0,0.1277149242617752,0.0248129186935715,0.0178645296442542,0.044044767293463,0.0292048521890331,0.0138491799370142,0.0094934904644795,188.0,-265.0,215.0,-240.0,37.5,0.0,8,1,3,0,5,1,0.0,0,1
668,10997.388446039524,0.038039403774931896,0.9090909090909087,0.23878272641311205,0.0252682230395382,1.9090909090909087,73559.1973961798,3.3909090909090898,15318.589672503853,406893.47843489615,0.03634360570210024,1,1.7141414141414137,0.09215317157113993,0.11743623995865744,0.04351105618025827,0.3705079130222154,0.25117424614410194,0.2830819713837427,0.30947521578428205,2025-02-22,andre fili,melquizael costa,0.648886190025916,0.351113809974084,0.648886190025916,0,0.0,0,-110.0,-110.0,0.29777238005183193,0.0238095238095238,0.0238095238095238,0.0332391315109068,0.0297282041837015,0.0103868619809008,0.0093759838689014,110.0,-142.0,120.0,-130.0,50.0,0.0,16,0,8,0,8,0,0.0,0,0
669,0.0,0.0,0.0,-0.033273632912159096,0.0252682230395382,1.263157894736842,73559.1973961798,3.3909090909090898,15318.589672503853,406893.47843489615,0.03634360570210024,1,1.7141414141414137,0.0,0.11743623995865744,0.04351105618025827,0.3705079130222154,0.0,0.0,0.30947521578428205,2025-02-22,jean silva,melsik baghdasaryan,0.7653250406112074,0.7653250406112074,0.2346749593887925,1,1.0,1,-380.0,300.0,0.0,0.0149406726683033,0.0267259939983634,0.02241127508864,0.0482957956184307,0.0083252332680924,0.0162361702406793,-560.0,350.0,-470.0,400.0,0.0,0.0,0,0,0,0,0,0,0.0,0,0
670,0.0,0.01450234131217026,0.0,-0.04106781882470961,0.0252682230395382,1.5714285714285714,73559.1973961798,3.3909090909090898,15318.589672503853,406893.47843489615,0.03634360570210024,1,1.7141414141414137,0.004488115206961199,0.11743623995865744,0.04351105618025827,0.3705079130222154,-0.05341771110163208,0.011149476704630141,0.30947521578428205,2025-02-22,rob font,jean matsumoto,0.6102295698388212,0.3897704301611788,0.6102295698388212,0,1.0,0,130.0,-175.0,0.01450234131217026,0.0392764126889053,0.0318698323703832,0.0605287612420775,0.0463849949945583,-0.0054676326143178,-0.004390133897441,130.0,-205.0,170.0,-163.0,25.0,0.0,12,0,3,0,9,0,0.0,0,0
671,8619.159518802822,0.05366381694536331,0.5050505050505052,0.1318334406058741,0.0252682230395382,1.5050505050505052,73559.1973961798,3.3909090909090898,15318.589672503853,406893.47843489615,0.03634360570210024,1,1.7141414141414137,0.0927716562747762,0.11743623995865744,0.04351105618025827,0.3705079130222154,0.18401495513351143,0.21476420672759308,0.30947521578428205,2025-02-22,brendan allen,anthony hernandez,0.7520235612079297,0.2479764387920703,0.7520235612079297,0,0.0,0,164.0,-198.0,0.299770875156097,0.0246517396386398,0.0185656693505812,0.0434596724355623,0.0248633089308972,0.0246822708864464,0.0146411171667336,250.0,-360.0,270.0,-333.0,50.0,75.0,8,4,4,3,4,1,75.0,3,1
672,0.0,0.0,0.0,-0.047000137396153774,0.0252682230395382,1.4651162790697674,73559.1973961798,3.3909090909090898,15318.589672503853,406893.47843489615,0.03634360570210024,1,1.7141414141414137,0.0,0.11743623995865744,0.04351105618025827,0.3705079130222154,0.0,0.0,0.30947521578428205,2025-02-22,henry cejudo,song yadong,0.6504602236819903,0.3495397763180096,0.6504602236819903,0,0.0,0,165.0,-215.0,0.0,0.034629950066182,0.0252682230395382,0.040400359353909,0.0262663073127574,0.0189616252113446,0.012784406534687,200.0,-275.0,215.0,-250.0,75.0,60.0,12,5,9,3,3,2,60.0,3,2
673,15277.610065374267,0.032368062411057476,1.1600000000000001,0.2814241421673247,0.0195518024772611,2.16,77492.29677253801,2.296842105263158,26103.01664234419,510488.7918497784,0.03634360570210024,1,1.6863157894736842,0.10792203652824246,0.09404366752383411,0.027825968510405575,0.29588348947953835,0.26309927817911416,0.29871248291637703,0.38645457646459225,2025-03-01,cody brundage,julian marquez,0.5932519176700577,0.5932519176700577,0.4067480823299423,1,1.0,1,116.0,-143.0,0.27926189286085606,0.0273123130264201,0.0241280161916868,0.0331297358984499,0.0346209416083251,0.0121359726176876,0.01270594246813,-125.0,-105.0,-116.0,105.0,100.0,40.0,2,5,2,2,0,3,100.0,2,0
674,0.0,0.0,0.0,-0.0967180577381408,0.0195518024772611,1.238095238095238,77492.29677253801,2.296842105263158,26103.01664234419,510488.7918497784,0.03634360570210024,1,1.6863157894736842,0.0,0.09404366752383411,0.027825968510405575,0.29588348947953835,0.0,0.0,0.38645457646459225,2025-03-01,ricardo ramos,chepe mariscal,0.729573876442271,0.2704261235577289,0.729573876442271,0,0.0,0,310.0,-420.0,0.0,0.0336481186596504,0.0179466280570474,0.0367642267496208,0.0220593026621438,0.021225999808897,0.0132320044983534,240.0,-325.0,250.0,-298.0,71.42857142857143,0.0,7,0,5,0,2,0,0.0,0,0
675,0.0,0.04341015043812016,0.0,-0.009074179614337596,0.0195518024772611,1.5376344086021505,77492.29677253801,2.296842105263158,26103.01664234419,510488.7918497784,0.03634360570210024,1,1.6863157894736842,0.01677605130182796,0.09404366752383411,0.027825968510405575,0.29588348947953835,-0.012200110917110218,0.03228753450171273,0.38645457646459225,2025-03-01,hyder amil,william gomis,0.644448260810256,0.355551739189744,0.644448260810256,0,1.0,0,150.0,-186.0,0.04341015043812016,0.0283132845779334,0.0220363657717169,0.0355103612200028,0.0250956993860578,0.0163683147761138,0.0119282330450517,175.0,-230.0,185.0,-210.0,0.0,0.0,0,1,0,0,0,1,0.0,0,1
676,10825.406576969925,0.050549526070946434,0.5263157894736841,0.10000376867120842,0.0195518024772611,1.526315789473684,77492.29677253801,2.296842105263158,26103.01664234419,510488.7918497784,0.03634360570210024,1,1.6863157894736842,0.09383260268426184,0.09404366752383411,0.027825968510405575,0.29588348947953835,0.13584461569492765,0.1787430833871437,0.38645457646459225,2025-03-01,danny silva,lucas almeida,0.7206921243018263,0.7206921243018263,0.2793078756981737,1,1.0,1,-190.0,150.0,0.24280370423523495,0.0240435734387988,0.0311288403543048,0.0240939303895655,0.0371082554027841,0.012784406534687,0.0189616252113446,-275.0,205.0,-250.0,215.0,0.0,0.0,0,0,0,0,0,0,0.0,0,0
677,0.0,0.0,0.0,-0.23365197224671508,0.0195518024772611,1.526315789473684,77492.29677253801,2.296842105263158,26103.01664234419,510488.7918497784,0.03634360570210024,1,1.6863157894736842,0.0,0.09404366752383411,0.027825968510405575,0.29588348947953835,0.0,0.0,0.38645457646459225,2025-03-01,andrea lee,jj aldrich,0.502090087148704,0.4979099128512961,0.502090087148704,0,0.0,0,150.0,-190.0,0.0,0.0311288403543048,0.0240435734387988,0.0346383144891551,0.0274184230994973,0.0182089277723384,0.014646508308904,140.0,-182.0,148.0,-170.0,44.44444444444444,62.5,9,8,4,5,5,3,62.5,5,3
678,0.0,0.0,0.0,-0.06469423226024437,0.0195518024772611,1.289855072463768,77492.29677253801,2.296842105263158,26103.01664234419,510488.7918497784,0.03634360570210024,1,1.6863157894736842,0.0,0.09404366752383411,0.027825968510405575,0.29588348947953835,0.0,0.0,0.38645457646459225,2025-03-01,danny barlow,sam patterson,0.7251246963375634,0.7251246963375634,0.2748753036624366,1,0.0,1,-345.0,260.0,0.0,0.0195518024772611,0.0335068741769209,0.0388539630756615,0.0559063490759549,1.4011014570769478e-13,-1.4011014570769478e-13,-245.0,160.0,-200.0,200.0,0.0,0.0,0,0,0,0,0,0,0.0,0,0
679,0.0,0.0,0.0,-0.04266110823717817,0.0223911054816955,1.606060606060606,-40615.775257868845,-1.0,-14789.039881569297,455083.97671034024,0.03634360570210024,1,-0.7833333333333334,0.0,0.18969724009019417,0.08707211937681125,0.4590057258366627,0.0,0.0,0.19158742470275356,2025-03-08,joshua van,rei tsuruya,0.59607893260704,0.59607893260704,0.4039210673929599,1,1.0,1,-165.0,132.0,0.0,0.0242769274131875,0.0293990647793954,0.0294527858551745,0.03446766869028,0.0128179920981376,0.0149906842088701,-156.0,120.0,-148.0,132.0,0.0,0.0,0,0,0,0,0,0,0.0,0,0
680,7644.839496675802,0.08985317153359301,0.16666666666666674,0.02355977971998613,0.0223911054816955,1.1666666666666667,-40615.775257868845,-1.0,-14789.039881569297,455083.97671034024,0.03634360570210024,1,-0.7833333333333334,0.042090175057209966,0.18969724009019417,0.08707211937681125,0.4590057258366627,0.055550129614166596,0.09317510294186139,0.19158742470275356,2025-03-08,alex morono,carlos leal,0.8773369540457023,0.1226630459542977,0.8773369540457023,0,0.0,0,430.0,-600.0,0.21969174189022353,0.03148105510695,0.0143410473189259,0.0397683242250553,0.0157872313305,0.0201342704065016,0.0087118834396522,500.0,-800.0,550.0,-700.0,84.61538461538461,0.0,13,0,11,0,2,0,0.0,0,0
681,18181.895879623746,0.03392061018848576,1.0499999999999998,0.06237435643269629,0.0223911054816955,2.05,-40615.775257868845,-1.0,-14789.039881569297,455083.97671034024,0.03634360570210024,1,-0.7833333333333334,0.018929017306358223,0.18969724009019417,0.08707211937681125,0.4590057258366627,0.060835706589811314,0.1012998003985411,0.19158742470275356,2025-03-08,brunno ferreira,armen petrosyan,0.5182313933818031,0.5182313933818031,0.4817686066181968,1,1.0,1,105.0,-125.0,0.09880093819167124,0.0223911054816955,0.0209693281226405,0.0361007496976405,0.0326694768395762,0.0125604538807027,0.0113725337539204,106.0,-140.0,118.0,-130.0,0.0,100.0,0,2,0,2,0,0,0.0,0,0
682,0.0,0.0,0.0,-0.054545912317253836,0.0223911054816955,1.2702702702702702,-40615.775257868845,-1.0,-14789.039881569297,455083.97671034024,0.03634360570210024,1,-0.7833333333333334,0.0,0.18969724009019417,0.08707211937681125,0.4590057258366627,0.0,0.0,0.19158742470275356,2025-03-08,mairon santos,francis marshall,0.7442936434949279,0.7442936434949279,0.2557063565050721,1,1.0,1,-370.0,290.0,0.0,0.015767051259426,0.027877247704022,0.0332802337799202,0.0509302925358691,0.0061511049596503,0.0087372325093323,-275.0,185.0,-225.0,210.0,0.0,0.0,0,1,0,0,0,1,0.0,0,0
683,0.0,0.0,0.0,-0.18288528183344144,0.0223911054816955,1.1666666666666667,-40615.775257868845,-1.0,-14789.039881569297,455083.97671034024,0.03634360570210024,1,-0.7833333333333334,0.0,0.18969724009019417,0.08707211937681125,0.4590057258366627,0.0,0.0,0.19158742470275356,2025-03-08,king green,mauricio ruffy,0.7003840441427645,0.2996159558572355,0.7003840441427645,0,0.0,0,430.0,-600.0,0.0,0.03148105510695,0.0143410473189259,0.0358095419078984,0.0167569392300113,0.0241707558183639,0.0118948179521278,390.0,-560.0,400.0,-510.0,0.0,0.0,0,0,0,0,0,0,0.0,0,0
684,0.0,0.003059735721211234,0.0,-0.03807229467125339,0.0223911054816955,1.8333333333333333,-40615.775257868845,-1.0,-14789.039881569297,455083.97671034024,0.03634360570210024,1,-0.7833333333333334,0.0005862068870978826,0.18969724009019417,0.08707211937681125,0.4590057258366627,-0.041573421370173565,0.002802058530542053,0.19158742470275356,2025-03-08,jalin turner,ignacio bahamondes,0.5246878392702254,0.5246878392702254,0.4753121607297745,1,0.0,1,-120.0,100.0,0.003059735721211234,0.0222254993026449,0.0232290461519004,0.0440950031186286,0.0389967843209849,0.0070861009352857,0.006323860750538,107.0,-150.0,125.0,-132.0,66.66666666666666,100.0,6,2,4,2,2,0,66.66666666666666,4,2
685,-21892.46327647283,0.042885296652928534,-1.0,0.1569506115710544,0.0223911054816955,1.7194244604316546,-40615.775257868845,-1.0,-14789.039881569297,455083.97671034024,0.03634360570210024,1,-0.7833333333333334,0.05030477936256234,0.18969724009019417,0.08707211937681125,0.4590057258366627,0.18391096313272629,0.22407718621501288,0.19158742470275356,2025-03-08,justin gaethje,rafael fiziev,0.6728708577756342,0.3271291422243658,0.6728708577756342,0,1.0,0,112.0,-139.0,0.2625682736777209,0.0280921080037501,0.0251959633627927,0.0318399293099752,0.0265284250359655,0.0163137821969503,0.0137142439607969,128.0,-163.0,136.0,-154.0,40.0,33.33333333333333,10,6,4,2,6,4,33.33333333333333,2,4
686,0.0,0.0,0.0,-0.15212101797944416,0.0223911054816955,1.5882352941176472,-40615.775257868845,-1.0,-14789.039881569297,455083.97671034024,0.03634360570210024,1,-0.7833333333333334,0.0,0.18969724009019417,0.08707211937681125,0.4590057258366627,0.0,0.0,0.19158742470275356,2025-03-08,alex pereira,magomed ankalaev,0.5338497294203499,0.5338497294203499,0.4661502705796501,1,0.0,1,-170.0,142.0,0.0,0.0191618095781445,0.0236909605473527,0.0443557580239308,0.0476712967003978,0.0053898078105479,0.0056843893101607,-138.0,-105.0,-115.0,110.0,33.33333333333333,87.5,3,8,1,7,2,1,33.33333333333333,1,2
687,-18723.311981396015,0.036677224417702256,-1.0,0.417212790843023,0.0223911054816955,2.05,-40615.775257868845,-1.0,-14789.039881569297,455083.97671034024,0.03634360570210024,1,-0.7833333333333334,0.08096248045847433,0.18969724009019417,0.08707211937681125,0.4590057258366627,0.41647361191335797,0.4233376850621708,0.19158742470275356,2025-03-08,amanda lemos,iasmin lucindo,0.6913233126063527,0.3086766873936472,0.6913233126063527,0,1.0,0,-125.0,105.0,0.42258765461296327,0.0209693281226405,0.0223911054816955,0.0332391315109068,0.0297282041837015,0.0103868619809008,0.0093759838689014,110.0,-142.0,120.0,-130.0,42.857142857142854,0.0,7,0,3,0,4,0,0.0,0,0
688,-19213.566706687947,0.042219826867069266,-1.0,0.13663389500132306,0.0124693401840167,1.7246376811594204,-47298.926455154775,-1.0,-42010.73852872517,365774.3117264603,0.03634360570210023,1,-1.6746031746031746,0.06483556175675974,0.1327454256448202,0.04223226143798463,0.3181447589085534,0.15925145746173236,0.20317948892634416,0.2737842417210132,2025-03-15,marvin vettori,roman dolidze,0.6590566281940444,0.6590566281940444,0.3409433718059556,1,0.0,1,-138.0,110.0,0.23681261327972025,0.0265680525498327,0.0294543564137525,0.0320566948578776,0.0381656187104434,0.0123272894741075,0.0142920539154221,-163.0,122.0,-145.0,130.0,100.0,50.0,12,6,12,3,0,3,100.0,12,0
689,0.0,0.04038723494656818,0.0,-0.007130970333061093,0.0124693401840167,1.3225806451612905,-47298.926455154775,-1.0,-42010.73852872517,365774.3117264603,0.03634360570210023,1,-1.6746031746031746,0.011057388495054573,0.1327454256448202,0.04223226143798463,0.3181447589085534,-0.012289872691643345,0.023433942845817703,0.2737842417210132,2025-03-15,daniel barez,andre lima,0.7507058516993927,0.2492941483006072,0.7507058516993927,0,0.0,0,250.0,-310.0,0.04038723494656818,0.0259280913458452,0.01588375534405,0.0489255335114361,0.0232911899754952,0.0146199500714314,0.0076435007634478,333.0,-530.0,390.0,-450.0,0.0,0.0,0,0,0,0,0,0,0.0,0,0
690,0.0,0.0,0.0,-0.21093153163889383,0.0124693401840167,1.4444444444444444,-47298.926455154775,-1.0,-42010.73852872517,365774.3117264603,0.03634360570210023,1,-1.6746031746031746,0.0,0.1327454256448202,0.04223226143798463,0.3181447589085534,0.0,0.0,0.2737842417210132,2025-03-15,chidi njokuani,elizeu zaleski dos santos,0.5462781704038427,0.4537218295961572,0.5462781704038427,0,1.0,0,175.0,-225.0,0.0,0.0326609013348426,0.0232831546092132,0.0356796484275389,0.0263550910265553,0.0147321680987648,0.0110663576997609,160.0,-210.0,175.0,-196.0,50.0,40.0,2,10,1,4,1,6,40.0,4,6
691,8835.447595721176,0.06989393820130411,0.2777777777777777,0.0404613157174043,0.0124693401840167,1.2777777777777777,-47298.926455154775,-1.0,-42010.73852872517,365774.3117264603,0.03634360570210023,1,-1.6746031746031746,0.05537299748287262,0.1327454256448202,0.04223226143798463,0.3181447589085534,0.07498761384751734,0.10912896910724902,0.2737842417210132,2025-03-15,damon blackshear,cody gibson,0.8142740731701426,0.8142740731701426,0.1857259268298574,1,1.0,1,-360.0,285.0,0.20225049160900152,0.0154210319511368,0.0269279234412967,0.0237998545504096,0.0476887913705324,0.0071910542461325,0.0130109659558875,-480.0,310.0,-395.0,350.0,100.0,0.0,1,3,1,0,0,3,100.0,1,0
692,12055.53437563705,0.04635888371607762,0.5714285714285714,0.011466160827757255,0.0124693401840167,1.5714285714285714,-47298.926455154775,-1.0,-42010.73852872517,365774.3117264603,0.03634360570210023,1,-1.6746031746031746,0.01932811270793891,0.1327454256448202,0.04223226143798463,0.3181447589085534,0.014989356572438634,0.05400277036476887,0.2737842417210132,2025-03-15,alexander hernandez,kurt holobaugh,0.6436602841631183,0.6436602841631183,0.3563397158368817,1,1.0,1,-175.0,145.0,0.07059614748621765,0.0197703920738484,0.0247565095959103,0.0360703011526564,0.0499381785566106,0.0055380849517432,0.0072210857021642,-225.0,154.0,-185.0,175.0,66.66666666666666,100.0,6,2,4,2,2,0,66.66666666666666,4,2
693,-26705.58085693157,0.05868275356556797,-1.0,0.0375509796625389,0.0124693401840167,1.3773584905660377,-47298.926455154775,-1.0,-42010.73852872517,365774.3117264603,0.03634360570210023,1,-1.6746031746031746,0.04185595701329766,0.1327454256448202,0.04223226143798463,0.3181447589085534,0.05998510414084747,0.09570324930563076,0.2737842417210132,2025-03-15,stephanie luciano,sam hughes,0.7532904372892406,0.7532904372892406,0.2467095627107594,1,0.0,1,-265.0,215.0,0.1528793503606719,0.0172604852694011,0.0262272294511902,0.0460260643152898,0.062948294659069,-0.0060881745917034,-0.0076339523379706,-225.0,140.0,-165.0,175.0,0.0,50.0,0,4,0,2,0,2,0.0,0,0
694,-28085.359748466824,0.061714675061704236,-1.0,0.17350980867145538,0.0124693401840167,1.4444444444444444,-47298.926455154775,-1.0,-42010.73852872517,365774.3117264603,0.03634360570210023,1,-1.6746031746031746,0.11607226262261316,0.1327454256448202,0.04223226143798463,0.3181447589085534,0.26020262503050867,0.2827042646284931,0.2737842417210132,2025-03-15,josiane nunes,priscila cachoeira,0.8124298675417768,0.8124298675417768,0.1875701324582231,1,0.0,1,-225.0,185.0,0.42395523530857954,0.017924977552359,0.0252599077377893,0.0318698323703832,0.0392764126889053,0.006509668171641,0.0078375341239113,-175.0,130.0,-155.0,146.0,100.0,60.0,1,5,1,3,0,2,100.0,1,0
695,11102.786812002947,0.0512341754454841,0.4761904761904765,0.03783654266555042,0.0124693401840167,1.4761904761904765,-47298.926455154775,-1.0,-42010.73852872517,365774.3117264603,0.03634360570210023,1,-1.6746031746031746,0.039940939899985414,0.1327454256448202,0.04223226143798463,0.3181447589085534,0.053726844467823685,0.10273772499829395,0.2737842417210132,2025-03-15,waldo cortes acosta,ryan spann,0.703050561160534,0.703050561160534,0.296949438839466,1,1.0,1,-210.0,162.0,0.14588472897094396,0.0250883977791257,0.034010346372561,0.0338035762665641,0.0479170979289979,0.0024015108457864,0.0032482066683378,-235.0,163.0,-200.0,195.0,100.0,75.0,1,8,1,6,0,2,100.0,1,0
696,0.0,0.0,0.0,-0.11391102435946421,0.0124693401840167,1.1428571428571428,-47298.926455154775,-1.0,-42010.73852872517,365774.3117264603,0.03634360570210023,1,-1.6746031746031746,0.0,0.1327454256448202,0.04223226143798463,0.3181447589085534,0.0,0.0,0.2737842417210132,2025-03-15,suyoung you,aj cunningham,0.7753278536854689,0.7753278536854689,0.2246721463145311,1,1.0,1,-700.0,500.0,0.0,0.0124693401840167,0.0291973264826498,0.0230234205593512,0.0513063673364004,0.0079771687963349,0.0156874694727661,-599.0,360.0,-480.0,410.0,0.0,0.0,0,0,0,0,0,0,0.0,0,0
697,-17674.335592961463,0.04832033039591635,-1.0,0.12212710272585231,0.0196946562194557,1.5882352941176472,-34702.04724927931,-1.0,-29915.319578767252,301156.9448984137,0.03634360570210024,1,-1.3865030674846626,0.08986920563462628,0.09912071389795742,0.026822031205567233,0.27059965723390494,0.1580750831441626,0.18936335847924174,0.3666600478636098,2025-03-22,nathan fletcher,caolan loughran,0.7065244720866477,0.7065244720866477,0.2934755279133523,1,0.0,1,-170.0,143.0,0.24510225795872864,0.0183915924350601,0.0227606709394255,0.0436438662746148,0.0508672206028841,0.0016558696470265,0.0019048766854045,-162.0,110.0,-138.0,136.0,0.0,0.0,0,0,0,0,0,0,0.0,0,0
698,0.0,0.0,0.0,-0.04542763511131409,0.0196946562194557,1.7575757575757576,-34702.04724927931,-1.0,-29915.319578767252,301156.9448984137,0.03634360570210024,1,-1.3865030674846626,0.0,0.09912071389795742,0.026822031205567233,0.27059965723390494,0.0,0.0,0.3666600478636098,2025-03-22,leon edwards,sean brady,0.5431187593332178,0.4568812406667821,0.5431187593332178,0,0.0,0,107.0,-132.0,0.0,0.0271301064603605,0.0249271982206321,0.0354005882336351,0.0322362225882545,0.0141625145840943,0.0130911541790084,105.0,-138.0,112.0,-125.0,71.42857142857143,60.0,14,5,10,3,4,2,60.0,3,2
699,0.0,0.0,0.0,-0.17164548296336318,0.0196946562194557,1.6134969325153374,-34702.04724927931,-1.0,-29915.319578767252,301156.9448984137,0.03634360570210024,1,-1.3865030674846626,0.0,0.09912071389795742,0.026822031205567233,0.27059965723390494,0.0,0.0,0.3666600478636098,2025-03-22,gunnar nelson,kevin holland,0.5133908223459004,0.5133908223459004,0.4866091776540996,1,0.0,1,-163.0,120.0,0.0,0.0339796305551364,0.0403376871081888,0.0295973674672263,0.032761821461,0.0118836358359611,0.0129282076840124,-139.0,108.0,-126.0,114.0,57.14285714285714,91.66666666666666,14,12,8,11,6,1,57.14285714285714,8,6
700,0.0,0.0,0.0,-0.11160932214270403,0.0196946562194557,1.5319148936170213,-34702.04724927931,-1.0,-29915.319578767252,301156.9448984137,0.03634360570210024,1,-1.3865030674846626,0.0,0.09912071389795742,0.026822031205567233,0.27059965723390494,0.0,0.0,0.3666600478636098,2025-03-22,nathaniel wood,morgan charriere,0.5799216924901793,0.4200783075098207,0.5799216924901793,0,1.0,0,140.0,-188.0,0.0,0.0389594877010522,0.0304849567433922,0.0350135352882691,0.0342505339758,0.0145073443220182,0.0142526745370105,-110.0,-120.0,-102.0,-110.0,50.0,0.0,6,0,3,0,3,0,0.0,0,0
701,-22687.43285471245,0.062025768697718066,-1.0,0.07898357302246778,0.0196946562194557,1.3636363636363638,-34702.04724927931,-1.0,-29915.319578767252,301156.9448984137,0.03634360570210024,1,-1.3865030674846626,0.10537641733552071,0.09912071389795742,0.026822031205567233,0.27059965723390494,0.1274529425656547,0.1781011598808962,0.3666600478636098,2025-03-22,jordan vucenic,chris duncan,0.7912546202164763,0.7912546202164763,0.2087453797835237,1,0.0,1,-275.0,200.0,0.2873954169523226,0.0262663073127574,0.040400359353909,0.0331676104446071,0.0609500366142162,1.8740564655672642e-13,-1.872946242542639e-13,-400.0,240.0,-300.0,300.0,0.0,0.0,0,0,0,0,0,0,0.0,0,0
702,0.0,0.0,0.0,-0.13810346442703825,0.0196946562194557,1.2777777777777777,-34702.04724927931,-1.0,-29915.319578767252,301156.9448984137,0.03634360570210024,1,-1.3865030674846626,0.0,0.09912071389795742,0.026822031205567233,0.27059965723390494,0.0,0.0,0.3666600478636098,2025-03-22,loneer kavanagh,felipe dos santos,0.6745277234918832,0.6745277234918832,0.3254722765081168,1,1.0,1,-360.0,280.0,0.0,0.0166620402445679,0.029104550144448,0.0310041577081886,0.0491646186631192,0.0072111180858498,0.0106261171426896,-295.0,200.0,-245.0,225.0,0.0,0.0,0,0,0,0,0,0,0.0,0,0
703,0.0,0.0,0.0,-0.08585515785214815,0.0196946562194557,1.7246376811594204,-34702.04724927931,-1.0,-29915.319578767252,301156.9448984137,0.03634360570210024,1,-1.3865030674846626,0.0,0.09912071389795742,0.026822031205567233,0.27059965723390494,0.0,0.0,0.3666600478636098,2025-03-22,jai herbert,chris padilla,0.5300503706571578,0.5300503706571578,0.4699496293428422,1,0.0,1,-138.0,105.0,0.0,0.0322362225882545,0.0354005882336351,0.0477974581862765,0.0504801507296302,-0.0043410113797444,-0.0045597451845634,-135.0,-110.0,-110.0,114.0,75.0,0.0,4,0,3,0,1,0,75.0,3,1
704,0.0,0.0,0.0,-0.04421545290641821,0.0196946562194557,1.5050505050505052,-34702.04724927931,-1.0,-29915.319578767252,301156.9448984137,0.03634360570210024,1,-1.3865030674846626,0.0,0.09912071389795742,0.026822031205567233,0.27059965723390494,0.0,0.0,0.3666600478636098,2025-03-22,jan blachowicz,carlos ulberg,0.6350514775990912,0.3649485224009088,0.6350514775990912,0,0.0,0,164.0,-198.0,0.0,0.0246517396386398,0.0185656693505812,0.0895515693665253,0.050799307826457,-0.032068469936923,-0.0224592807933594,185.0,-375.0,295.0,-225.0,31.25,66.66666666666666,16,3,5,2,11,1,66.66666666666666,2,1
705,10446.448868906657,0.046552508228220824,0.6134969325153374,0.14499396776532747,0.0196946562194557,1.6134969325153374,-34702.04724927931,-1.0,-29915.319578767252,301156.9448984137,0.03634360570210024,1,-1.3865030674846626,0.1096266535326612,0.09912071389795742,0.026822031205567233,0.27059965723390494,0.18237974158966136,0.23769820640990508,0.3666600478636098,2025-03-22,shauna bannon,puja tomar,0.7096350446606402,0.7096350446606402,0.2903649553393598,1,1.0,1,-163.0,120.0,0.29898717946341435,0.0339796305551364,0.0403376871081888,0.0434748123750833,0.0587264454865519,-0.0028453830411125,-0.0036481234523939,-218.0,140.0,-175.0,180.0,0.0,0.0,0,0,0,0,0,0,0.0,0,0
706,0.0,0.0,0.0,-0.09826753203081157,0.0196946562194557,1.6896551724137931,-34702.04724927931,-1.0,-29915.319578767252,301156.9448984137,0.03634360570210024,1,-1.3865030674846626,0.0,0.09912071389795742,0.026822031205567233,0.27059965723390494,0.0,0.0,0.3666600478636098,2025-03-22,marcin tybura,mick parkin,0.533678399410336,0.533678399410336,0.466321600589664,1,1.0,1,-145.0,122.0,0.0,0.0196946562194557,0.0225925289248723,0.0536841397518541,0.0437184576507431,-8.8484775062625e-14,8.8484775062625e-14,120.0,-180.0,150.0,-150.0,69.23076923076923,0.0,13,0,9,0,4,0,69.23076923076923,9,4
707,7003.673551169425,0.05813973137438277,0.3999999999999999,0.08030078190144396,0.0286060063614704,1.4,52603.03180995172,1.4823914823914817,16754.506359121267,370514.4830674867,0.03634360570210023,1,0.8593912093912088,0.047236328136005284,0.21574924992668257,0.09210221128528565,0.4268946998266945,0.12320486767540846,0.18276343871061881,0.16845298750494278,2025-03-29,edgar chairez,cj vergara,0.7716434156438886,0.7716434156438886,0.2283565843561114,1,1.0,1,-250.0,175.0,0.280412528359696,0.0316294610237879,0.0462926168982899,0.0227647086791665,0.0352656719318592,0.0147674711771943,0.0226545662448432,-278.0,210.0,-270.0,225.0,0.0,100.0,0,1,0,1,0,0,0.0,0,0
708,0.0,0.04634571621424053,0.0,-0.00902132016728907,0.0286060063614704,1.5319148936170213,52603.03180995172,1.4823914823914817,16754.506359121267,370514.4830674867,0.03634360570210023,1,0.8593912093912088,0.007807074354345084,0.21574924992668257,0.09210221128528565,0.4268946998266945,-0.012182653352745005,0.0343192515000665,0.16845298750494278,2025-03-29,brandon moreno,steve erceg,0.646888860446353,0.646888860446353,0.353111139553647,1,1.0,1,-188.0,150.0,0.04634571621424053,0.0230494218707374,0.0297283559070404,0.031600329657312,0.0486769919993199,0.0059277888164889,0.0085022256135255,-278.0,190.0,-230.0,215.0,70.0,0.0,10,0,7,0,3,0,70.0,7,3
709,10408.465047136599,0.03801775700610971,0.9090909090909087,0.2934957588108694,0.0286060063614704,1.9090909090909087,52603.03180995172,1.4823914823914817,16754.506359121267,370514.4830674867,0.03634360570210023,1,0.8593912093912088,0.062197089838227734,0.21574924992668257,0.09210221128528565,0.4268946998266945,0.30902559177964745,0.3506700944122301,0.16845298750494278,2025-03-29,manuel torres,drew dober,0.6775453974723603,0.6775453974723603,0.3224546025276397,1,1.0,1,-110.0,-120.0,0.3692252108998823,0.0350135352882691,0.0342505339758,0.0352269955557409,0.0373795583101833,0.0124289360305124,0.0133110897095132,-130.0,-103.0,-122.0,110.0,0.0,46.15384615384615,0,13,0,6,0,7,0.0,0,0
710,0.0,0.0,0.0,-0.09202732824623772,0.0286060063614704,1.6666666666666663,52603.03180995172,1.4823914823914817,16754.506359121267,370514.4830674867,0.03634360570210023,1,0.8593912093912088,0.0,0.21574924992668257,0.09210221128528565,0.4268946998266945,0.0,0.0,0.16845298750494278,2025-03-29,ronaldo rodriguez,kevin borjas,0.5447836030522575,0.5447836030522575,0.4552163969477425,1,0.0,1,-150.0,110.0,0.0,0.0356521067558167,0.0405383694346594,0.0398410606730592,0.052458154094815,0.0029594481376373,0.0037745585963693,-205.0,138.0,-175.0,170.0,0.0,0.0,0,0,0,0,0,0,0.0,0,0
711,-13652.641470025072,0.0453339751956588,-1.0,0.0027971288206802836,0.0286060063614704,1.5714285714285714,52603.03180995172,1.4823914823914817,16754.506359121267,370514.4830674867,0.03634360570210023,1,0.8593912093912088,0.01433204674007992,0.21574924992668257,0.09210221128528565,0.4268946998266945,0.003631006752145311,0.06554127865256087,0.16845298750494278,2025-03-29,christian rodriguez,melquizael costa,0.638143627431342,0.638143627431342,0.361856372568658,1,0.0,1,-175.0,130.0,0.08508039514383434,0.0318698323703832,0.0392764126889053,0.0387831778135211,0.0535245144941712,0.007787088324373,0.0103727179710265,-225.0,150.0,-195.0,180.0,0.0,0.0,0,0,0,0,0,0,0.0,0,0
712,0.0,0.0,0.0,-0.06796082549654442,0.0286060063614704,1.5319148936170213,52603.03180995172,1.4823914823914817,16754.506359121267,370514.4830674867,0.03634360570210023,1,0.8593912093912088,0.0,0.21574924992668257,0.09210221128528565,0.4268946998266945,0.0,0.0,0.16845298750494278,2025-03-29,loopy godinez,julia polastri,0.6084144611342002,0.6084144611342002,0.3915855388657998,1,1.0,1,-188.0,140.0,0.0,0.0304849567433922,0.0389594877010522,0.0358017288678883,0.054674461608302,0.0061511049596503,0.0087372325093323,-275.0,180.0,-225.0,210.0,100.0,0.0,1,0,1,0,0,0,100.0,1,0
713,5777.009806371301,0.07673088606102048,0.25,0.062041782190892986,0.0286060063614704,1.25,52603.03180995172,1.4823914823914817,16754.506359121267,370514.4830674867,0.03634360570210023,1,0.8593912093912088,0.055120292009001134,0.21574924992668257,0.09210221128528565,0.4268946998266945,0.1195830825988761,0.169764669525847,0.16845298750494278,2025-03-29,rafa garcia,vinc pichel,0.8496334257527144,0.8496334257527144,0.1503665742472856,1,1.0,1,-400.0,275.0,0.3272146895428838,0.0234985988994331,0.0431680677672335,0.0316384133613824,0.056342733535711,0.0023871417868579,0.0038638349282537,-375.0,235.0,-305.0,295.0,50.0,20.0,4,5,2,1,2,4,50.0,2,2
714,0.0,0.0,0.0,-0.11490563883701332,0.0286060063614704,1.4587155963302751,52603.03180995172,1.4823914823914817,16754.506359121267,370514.4830674867,0.03634360570210023,1,0.8593912093912088,0.0,0.21574924992668257,0.09210221128528565,0.4268946998266945,0.0,0.0,0.16845298750494278,2025-03-29,jamall emmers,gabriel miranda,0.60676280104884,0.60676280104884,0.39323719895116,1,1.0,1,-218.0,180.0,0.0,0.0178645296442542,0.0248129186935715,0.0183207744122606,0.0372347811432948,0.0120569579898318,0.0238625822400532,-500.0,350.0,-480.0,380.0,0.0,0.0,1,0,0,0,1,0,0.0,0,1
715,7217.999424469014,0.07981199999086731,0.3003003003003002,0.1407568749593498,0.0286060063614704,1.3003003003003002,52603.03180995172,1.4823914823914817,16754.506359121267,370514.4830674867,0.03634360570210023,1,0.8593912093912088,0.08882090008580006,0.21574924992668257,0.09210221128528565,0.4268946998266945,0.2524034033788402,0.2940430114303492,0.16845298750494278,2025-03-29,raul rosas jr,vince morales,0.8773026313197771,0.8773026313197771,0.1226973686802228,1,1.0,1,-333.0,225.0,0.5272741160686976,0.0286060063614704,0.0481394191137471,0.0245334200524655,0.0548316593126138,0.0043244115333445,0.0084469805483925,-600.0,350.0,-480.0,440.0,0.0,66.66666666666666,0,6,0,4,0,2,0.0,0,0
716,12983.981813102075,0.03185737769916768,1.1,0.11768267551068234,0.0164642876034875,2.1,-39616.58569454846,-1.0,10475.60586248937,341373.50323542766,0.03634360570210024,1,0.43557046979865777,0.043488797883484136,0.1430147178046826,0.043752679080325346,0.30593130379824995,0.11206448669678394,0.1797109962475398,0.25412493385285884,2025-04-05,vanessa demopoulos,talita alencar,0.5322298454812773,0.4677701545187227,0.5322298454812773,0,0.0,0,-150.0,110.0,0.17113156597480764,0.0356521067558167,0.0405383694346594,0.0316973620927953,0.03148824562989,0.0109873407442177,0.0110117027756292,-112.0,-115.0,-105.0,-104.0,25.0,0.0,4,0,1,0,3,0,0.0,0,0
717,-11832.046740546311,0.03193410050422019,-1.0,0.14885816267884933,0.0164642876034875,2.1,-39616.58569454846,-1.0,10475.60586248937,341373.50323542766,0.03634360570210024,1,0.43557046979865777,0.050173688794350815,0.1430147178046826,0.043752679080325346,0.30593130379824995,0.14176472782189103,0.20731619006425825,0.25412493385285884,2025-04-05,victor henry,pedro falcao,0.5470753155613568,0.4529246844386432,0.5470753155613568,0,1.0,0,-150.0,110.0,0.19743709534382778,0.0356521067558167,0.0405383694346594,0.0296963421125906,0.0413992289829804,0.0120133819417151,0.0160525118959904,-225.0,164.0,-198.0,175.0,0.0,0.0,2,0,0,0,2,0,0.0,0,0
718,0.0,0.0,0.0,-0.13793094816406207,0.0164642876034875,1.2222222222222223,-39616.58569454846,-1.0,10475.60586248937,341373.50323542766,0.03634360570210024,1,0.43557046979865777,0.0,0.1430147178046826,0.043752679080325346,0.30593130379824995,0.0,0.0,0.25412493385285884,2025-04-05,diana belbita,dione barbosa,0.7053292242294037,0.2946707757705963,0.7053292242294037,0,0.0,0,300.0,-450.0,0.0,0.0450081665125755,0.0231736516692425,0.0522561121800998,0.0165269566029687,0.0194505298689539,0.0072874380454844,600.0,-1250.0,750.0,-1000.0,0.0,0.0,2,0,0,0,2,0,0.0,0,0
719,0.0,0.0,0.0,-0.11215711105490928,0.0164642876034875,1.4761904761904765,-39616.58569454846,-1.0,10475.60586248937,341373.50323542766,0.03634360570210024,1,0.43557046979865777,0.0,0.1430147178046826,0.043752679080325346,0.30593130379824995,0.0,0.0,0.25412493385285884,2025-04-05,brad tavares,gerald meerschaert,0.6014419570273194,0.6014419570273194,0.3985580429726806,1,1.0,1,-210.0,162.0,0.0,0.0250883977791257,0.034010346372561,0.0279262694204129,0.0347917138139991,0.0134558796003779,0.0163873648315009,-177.0,136.0,-162.0,143.0,55.00000000000001,52.94117647058824,20,17,11,9,9,8,55.00000000000001,11,9
720,0.0,0.0,0.0,-0.08308644720345243,0.0164642876034875,1.3773584905660377,-39616.58569454846,-1.0,10475.60586248937,341373.50323542766,0.03634360570210024,1,0.43557046979865777,0.0,0.1430147178046826,0.043752679080325346,0.30593130379824995,0.0,0.0,0.25412493385285884,2025-04-05,pat sabatini,joanderson brito,0.6657043602495483,0.3342956397504517,0.6657043602495483,0,1.0,0,200.0,-265.0,0.0,0.0357494745355933,0.0236112560580139,0.0532071204242985,0.0372906171322624,0.002714334669385,0.0020421341281796,160.0,-240.0,188.0,-192.0,50.0,0.0,4,1,2,0,2,1,0.0,0,1
721,9323.670789933607,0.07498907660497953,0.3355704697986577,0.1496814949831795,0.0164642876034875,1.3355704697986577,-39616.58569454846,-1.0,10475.60586248937,341373.50323542766,0.03634360570210024,1,0.43557046979865777,0.12200986254689265,0.1430147178046826,0.043752679080325346,0.30593130379824995,0.2583829271982735,0.2781326395554777,0.25412493385285884,2025-04-05,josh emmett,lerone murphy,0.8608167977512249,0.1391832022487751,0.8608167977512249,0,0.0,0,240.0,-298.0,0.4801176362235188,0.0263970780483009,0.0164642876034875,0.0619138065905053,0.0357662910895922,-0.0008477377585157,-0.0005446320549068,215.0,-355.0,280.0,-278.0,50.0,50.0,10,2,5,1,5,1,50.0,1,1
722,0.0,0.0,0.0,-0.0562269161043657,0.0339796305551364,1.7407407407407407,-32306.89742224315,-1.0,87.37883884698203,309153.9846520315,0.03634360570210024,1,-0.008547008547008517,0.0,0.2065022931069279,0.07671711057576908,0.3715073059069837,0.0,0.0,0.17599613619438767,2025-04-12,michael chandler,paddy pimblett,0.5421675162804708,0.5421675162804708,0.4578324837195292,1,0.0,1,-135.0,114.0,0.0,0.0197976060171143,0.0219601987154369,0.044391576818822,0.0370195493684234,0.0071772430987384,0.0060458973971294,120.0,-168.0,142.0,-150.0,66.66666666666666,100.0,3,2,2,2,1,0,66.66666666666666,2,1
723,0.0,0.0,0.0,-0.2592338888188097,0.0339796305551364,1.25,-32306.89742224315,-1.0,87.37883884698203,309153.9846520315,0.03634360570210024,1,-0.008547008547008517,0.0,0.2065022931069279,0.07671711057576908,0.3715073059069837,0.0,0.0,0.17599613619438767,2025-04-12,bryce mitchell,jean silva,0.5926128889449522,0.4073871110550477,0.5926128889449522,0,0.0,0,285.0,-400.0,0.0,0.0386737104929581,0.0210665492473015,0.0325117397689544,0.0242347923874137,0.0143236140780609,0.0108576913208109,160.0,-205.0,172.0,-192.0,80.0,0.0,5,0,4,0,1,0,0.0,0,0
724,-18268.660313122426,0.0535151678146604,-1.0,0.1868749259989319,0.0339796305551364,1.5319148936170213,-32306.89742224315,-1.0,87.37883884698203,309153.9846520315,0.03634360570210024,1,-0.008547008547008517,0.07104608375315412,0.2065022931069279,0.07671711057576908,0.3715073059069837,0.2538133023462155,0.29721701214080154,0.17599613619438767,2025-04-12,nikita krylov,dominick reyes,0.7747655766937472,0.7747655766937472,0.2252344233062527,1,0.0,1,-188.0,140.0,0.40367979257614917,0.0304849567433922,0.0389594877010522,0.0440096630322472,0.0551966861741018,-0.0014723824177861,-0.0017534240338267,-188.0,124.0,-148.0,150.0,64.70588235294117,66.66666666666666,17,9,11,6,6,3,64.70588235294117,11,6
725,10798.643930092861,0.04112280823224664,0.7692307692307692,0.1320396871647655,0.0339796305551364,1.7692307692307692,-32306.89742224315,-1.0,87.37883884698203,309153.9846520315,0.03634360570210024,1,-0.008547008547008517,0.036564436814989984,0.2065022931069279,0.07671711057576908,0.3715073059069837,0.14992968592713982,0.18296693399455863,0.17599613619438767,2025-04-12,alexander volkanovski,diego lopes,0.6398485188322588,0.6398485188322588,0.3601514811677412,1,1.0,1,-130.0,110.0,0.20775704288533117,0.0198146558599141,0.0215932116349099,0.0333527731951945,0.0395132920372828,0.0108860271118729,0.012842786447449,-162.0,120.0,-150.0,136.0,80.0,0.0,5,0,4,0,1,0,80.0,4,1
726,7557.395221876546,0.09962190438368818,0.22222222222222232,0.11835591967720943,0.0339796305551364,1.2222222222222223,-32306.89742224315,-1.0,87.37883884698203,309153.9846520315,0.03634360570210024,1,-0.008547008547008517,0.10303508716155173,0.2065022931069279,0.07671711057576908,0.3715073059069837,0.2477781482683555,0.27964624414907896,0.17599613619438767,2025-04-12,jim miller,chase hooper,0.9150184797358986,0.0849815202641014,0.9150184797358986,0,0.0,0,300.0,-450.0,0.5854394840108849,0.0450081665125755,0.0231736516692425,0.0443733716688528,0.0170301371030769,0.0234894225954378,0.0097161968170781,500.0,-850.0,575.0,-770.0,77.77777777777779,50.0,27,6,21,3,6,3,50.0,3,3
727,0.0,0.0,0.0,-0.18878344084283405,0.0339796305551364,1.3636363636363638,-32306.89742224315,-1.0,87.37883884698203,309153.9846520315,0.03634360570210024,1,-0.008547008547008517,0.0,0.2065022931069279,0.07671711057576908,0.3715073059069837,0.0,0.0,0.17599613619438767,2025-04-12,darren elkins,julian erosa,0.5948921433819216,0.4051078566180783,0.5948921433819216,0,0.0,0,200.0,-275.0,0.0,0.040400359353909,0.0262663073127574,0.0426105862207629,0.026805501978502,0.0220870652884608,0.0142765710751753,210.0,-295.0,230.0,-275.0,66.66666666666666,50.0,24,8,16,4,8,4,50.0,4,4
728,0.0,0.0,0.0,-0.11335408194610769,0.0339796305551364,1.5319148936170213,-32306.89742224315,-1.0,87.37883884698203,309153.9846520315,0.03634360570210024,1,-0.008547008547008517,0.0,0.2065022931069279,0.07671711057576908,0.3715073059069837,0.0,0.0,0.17599613619438767,2025-04-12,yan xiaonan,virna jandiroba,0.5787827520629575,0.4212172479370425,0.5787827520629575,0,0.0,0,140.0,-188.0,0.0,0.0389594877010522,0.0304849567433922,0.0391936977254916,0.0353880398274212,0.0052815527685029,0.0048194573325072,105.0,-142.0,120.0,-125.0,40.0,75.0,5,4,2,3,3,1,75.0,3,1
729,0.0,0.0,0.0,-0.1197671968435901,0.0339796305551364,1.6134969325153374,-32306.89742224315,-1.0,87.37883884698203,309153.9846520315,0.03634360570210024,1,-0.008547008547008517,0.0,0.2065022931069279,0.07671711057576908,0.3715073059069837,0.0,0.0,0.17599613619438767,2025-04-12,dan ige,sean woodson,0.5455435243897141,0.5455435243897141,0.4544564756102859,1,1.0,1,-163.0,120.0,0.0,0.0339796305551364,0.0403376871081888,0.0411928522373992,0.0309382953035842,0.013117781846808,0.0100303663013401,150.0,-205.0,170.0,-188.0,72.72727272727273,66.66666666666666,11,3,8,2,3,1,72.72727272727273,8,3
730,5831.954520166769,0.10356466972842941,0.18214936247723124,0.083179382776778,0.0262663073127574,1.1821493624772312,57056.67683600709,2.2924901185770747,62194.451883901136,428405.11337193975,0.03634360570210024,1,3.9947907759512065,0.11026814927819774,0.17266270577631782,0.063941909575358,0.37032843478193767,0.18882488929285135,0.2307687887093836,0.21048903142513523,2025-04-26,anthony smith,zhang mingyang,0.9162796319637152,0.0837203680362848,0.9162796319637152,0,0.0,0,350.0,-549.0,0.5238664862088878,0.0463884159234824,0.0217506013680772,0.064614263825235,0.0329833337723625,0.0031886539522886,0.0018618510982165,260.0,-455.0,340.0,-350.0,58.82352941176471,0.0,17,0,10,0,7,0,0.0,0,0
731,0.0,0.0,0.0,-0.09488951590987398,0.0262663073127574,1.1540832049306626,57056.67683600709,2.2924901185770747,62194.451883901136,428405.11337193975,0.03634360570210024,1,3.9947907759512065,0.0,0.17266270577631782,0.063941909575358,0.37032843478193767,0.0,0.0,0.21048903142513523,2025-04-26,ikram aliskerov,andre muniz,0.7842679628497887,0.7842679628497887,0.2157320371502112,1,1.0,1,-649.0,400.0,0.0,0.0201152566224162,0.0463733949129643,0.0258075013481793,0.0517787055483724,0.0061735975652481,0.0112177067825779,-480.0,300.0,-400.0,360.0,0.0,75.0,0,4,0,3,0,1,0.0,0,0
732,9719.846319353715,0.04338740105777894,0.7246376811594204,0.19534534650211333,0.0262663073127574,1.7246376811594204,57056.67683600709,2.2924901185770747,62194.451883901136,428405.11337193975,0.03634360570210024,1,3.9947907759512065,0.06588642010250086,0.17266270577631782,0.063941909575358,0.37032843478193767,0.22863388779265376,0.26744156809104824,0.21048903142513523,2025-04-26,ian machado garry,carlos prates,0.6930994025936623,0.6930994025936623,0.3069005974063377,1,1.0,1,-138.0,110.0,0.31301593083692214,0.0265680525498327,0.0294543564137525,0.033624340009932,0.0413357875817744,0.0099707853216415,0.0120920938840948,-175.0,128.0,-159.0,145.0,100.0,0.0,1,0,1,0,0,0,100.0,1,0
733,8108.433195078959,0.045898674433581935,0.5714285714285714,0.03286075757247564,0.0262663073127574,1.5714285714285714,57056.67683600709,2.2924901185770747,62194.451883901136,428405.11337193975,0.03634360570210024,1,3.9947907759512065,0.028090251771648946,0.17266270577631782,0.063941909575358,0.37032843478193767,0.04263248515595502,0.10286392316538684,0.21048903142513523,2025-04-26,giga chikadze,david onama,0.6572750275461209,0.3427249724538791,0.6572750275461209,0,0.0,0,130.0,-175.0,0.13345233042055127,0.0392764126889053,0.0318698323703832,0.0392828753414365,0.0284452615406929,0.012351434216744,0.0092209531274553,163.0,-220.0,180.0,-198.0,66.66666666666666,50.0,3,2,2,1,1,1,50.0,1,1
734,7775.534017985228,0.050302013908939174,0.5,0.058913000751249334,0.0262663073127574,1.5,57056.67683600709,2.2924901185770747,62194.451883901136,428405.11337193975,0.03634360570210024,1,3.9947907759512065,0.039542775359564235,0.17266270577631782,0.063941909575358,0.37032843478193767,0.08155172154866953,0.1357111993796403,0.21048903142513523,2025-04-26,randy brown,nicolas dalby,0.7059420005008329,0.7059420005008329,0.2940579994991671,1,1.0,1,-200.0,150.0,0.18786145335857293,0.0287452808578468,0.0379213858088197,0.0251661696113856,0.0423944108580914,0.010183118578769,0.0163383777919736,-333.0,235.0,-298.0,260.0,61.53846153846154,42.857142857142854,13,7,8,3,5,4,61.53846153846154,8,5
735,0.0,0.0,0.0,-0.08919125641296616,0.0262663073127574,1.5714285714285714,57056.67683600709,2.2924901185770747,62194.451883901136,428405.11337193975,0.03634360570210024,1,3.9947907759512065,0.0,0.17266270577631782,0.063941909575358,0.37032843478193767,0.0,0.0,0.21048903142513523,2025-04-26,michel pereira,abus magomedov,0.5796055641008397,0.5796055641008397,0.4203944358991602,1,0.0,1,-175.0,130.0,0.0,0.0318698323703832,0.0392764126889053,0.0412941575850406,0.0465107204637399,0.0048194573325072,0.0052815527685029,-150.0,105.0,-125.0,120.0,60.0,0.0,5,0,3,0,2,0,60.0,3,2
736,10431.934554073796,0.03711783958533486,0.9090909090909087,0.151257083255116,0.0262663073127574,1.9090909090909087,57056.67683600709,2.2924901185770747,62194.451883901136,428405.11337193975,0.03634360570210024,1,3.9947907759512065,0.0433773373494031,0.17266270577631782,0.063941909575358,0.37032843478193767,0.15828768431227505,0.1969255269262393,0.21048903142513523,2025-04-26,chris gutierrez,john castaneda,0.6030394245622037,0.6030394245622037,0.3969605754377963,1,1.0,1,-110.0,-110.0,0.20607884912440744,0.0238095238095238,0.0238095238095238,0.0287788618675385,0.0336097299328179,0.010017946999888,0.0115415211998963,-155.0,120.0,-142.0,130.0,57.14285714285714,33.33333333333333,7,3,4,1,3,2,57.14285714285714,4,3
737,6656.65892429817,0.07428490146965919,0.28985507246376807,0.09160264806986518,0.0262663073127574,1.289855072463768,57056.67683600709,2.2924901185770747,62194.451883901136,428405.11337193975,0.03634360570210024,1,3.9947907759512065,0.07727987801820481,0.17266270577631782,0.063941909575358,0.37032843478193767,0.16692108540908196,0.20148085570684546,0.21048903142513523,2025-04-26,damon blackshear,alatengheili,0.8462986822114685,0.8462986822114685,0.1537013177885314,1,1.0,1,-345.0,265.0,0.3671444421354136,0.0181504065839109,0.0311030950322194,0.0174145458604676,0.0372558696346901,0.0097801183165366,0.0196316463893458,-560.0,385.0,-500.0,410.0,100.0,100.0,1,2,1,2,0,0,100.0,1,0
738,5798.67248461426,0.06564804176466743,0.2857142857142856,0.017147913218543448,0.0262663073127574,1.2857142857142856,57056.67683600709,2.2924901185770747,62194.451883901136,428405.11337193975,0.03634360570210024,1,3.9947907759512065,0.03363501257210094,0.17266270577631782,0.063941909575358,0.37032843478193767,0.030813856209133687,0.08892571177090747,0.21048903142513523,2025-04-26,jaqueline amorim,polyana viana,0.7911150436144228,0.7911150436144228,0.2088849563855772,1,1.0,1,-350.0,240.0,0.15979460945956192,0.0263895562040242,0.0455058686325771,0.0182475675347912,0.0494091981417761,0.0086289068865667,0.0211050524248573,-910.0,500.0,-800.0,610.0,0.0,66.66666666666666,0,6,0,4,0,2,0.0,0,0
739,7871.417868330237,0.04786697350550744,0.5319148936170213,0.013612203076298734,0.0262663073127574,1.5319148936170213,57056.67683600709,2.2924901185770747,62194.451883901136,428405.11337193975,0.03634360570210024,1,3.9947907759512065,0.018154244785742204,0.17266270577631782,0.063941909575358,0.37032843478193767,0.018373215396030946,0.06389869231930752,0.21048903142513523,2025-04-26,chelsea chandler,joselyne edwards,0.6616635214525839,0.3383364785474161,0.6616635214525839,0,0.0,0,150.0,-188.0,0.08624793730498559,0.0297283559070404,0.0230494218707374,0.0446806160174017,0.0279000291438885,0.0166799230378363,0.0107710573543203,210.0,-300.0,240.0,-275.0,0.0,60.0,0,5,0,3,0,2,60.0,3,2
740,0.0,0.0,0.0,-0.037746717162489285,0.0262663073127574,1.3636363636363638,57056.67683600709,2.2924901185770747,62194.451883901136,428405.11337193975,0.03634360570210024,1,3.9947907759512065,0.0,0.17266270577631782,0.063941909575358,0.37032843478193767,0.0,0.0,0.21048903142513523,2025-04-26,matt schnell,jimmy flick,0.7056524074141745,0.7056524074141745,0.2943475925858255,1,1.0,1,-275.0,200.0,0.0,0.0262663073127574,0.040400359353909,0.0318698323703832,0.0392764126889053,0.0127638795893915,0.0152473248924012,-175.0,130.0,-155.0,138.0,60.0,100.0,10,1,6,1,4,0,60.0,6,4
741,0.0,0.0,0.0,-0.09413276092253231,0.01588375534405,1.7246376811594204,75491.03610878794,1.3863636363636358,64893.158819039585,568789.3082997673,0.03634360570210024,1,2.959882800126702,0.0,0.18185969502988264,0.06448936913812732,0.3546105646307755,0.0,0.0,0.19984420240080336,2025-05-03,cameron smotherman,serhiy sidey,0.5252507520701283,0.5252507520701283,0.4747492479298717,1,0.0,1,-138.0,105.0,0.0,0.0322362225882545,0.0354005882336351,0.0341708802857051,0.0304969621599151,0.0182148717700892,0.0161625155484744,110.0,-143.0,120.0,-138.0,0.0,0.0,0,0,0,0,0,0,0.0,0,0
742,9744.76172373553,0.09098641841163238,0.25,0.12330412201095894,0.01588375534405,1.25,75491.03610878794,1.3863636363636358,64893.158819039585,568789.3082997673,0.03634360570210024,1,2.959882800126702,0.10677851076118208,0.18185969502988264,0.06448936913812732,0.3546105646307755,0.24538610538647881,0.26848494191653816,0.19984420240080336,2025-05-03,cory sandhagen,deiveson figueiredo,0.8986432976087672,0.8986432976087672,0.1013567023912328,1,1.0,1,-400.0,300.0,0.534308773926948,0.0176478677640649,0.032352132235935,0.0198242189441048,0.0411076806974722,0.0092856808663582,0.0183005260301934,-520.0,350.0,-480.0,400.0,77.77777777777779,36.36363636363637,9,11,7,4,2,7,77.77777777777779,7,2
743,0.0,0.0,0.0,-0.09538884030553546,0.01588375534405,1.4878048780487805,75491.03610878794,1.3863636363636358,64893.158819039585,568789.3082997673,0.03634360570210024,1,2.959882800126702,0.0,0.18185969502988264,0.06448936913812732,0.3546105646307755,0.0,0.0,0.19984420240080336,2025-05-03,reinier de ridder,bo nickal,0.6080173368438204,0.3919826631561796,0.6080173368438204,0,1.0,0,170.0,-205.0,0.0,0.0244151214085358,0.018086396502818,0.0661786373319945,0.0343504631971059,-0.0023002877252181,-0.0013738672191445,250.0,-440.0,340.0,-333.0,0.0,0.0,0,0,0,0,0,0,0.0,0,0
744,13258.650179578204,0.03868607588276816,0.8,0.0823690320095965,0.01588375534405,1.8,75491.03610878794,1.3863636363636358,64893.158819039585,568789.3082997673,0.03634360570210024,1,2.959882800126702,0.03301219281855686,0.18185969502988264,0.06448936913812732,0.3546105646307755,0.09121165561379235,0.14917513613999261,0.19984420240080336,2025-05-03,santiago ponzinibbio,daniel rodriguez,0.6013161288942203,0.3986838711057797,0.6013161288942203,0,0.0,0,-105.0,-125.0,0.16518964484317786,0.0346209416083251,0.0331297358984499,0.0391052434963937,0.0449283699489844,0.0068216974963082,0.0077928439724531,-155.0,110.0,-138.0,130.0,66.66666666666666,50.0,12,6,8,3,4,3,50.0,3,3
745,10938.393845561306,0.05234229630665612,0.4878048780487805,0.07361622442384147,0.01588375534405,1.4878048780487805,75491.03610878794,1.3863636363636358,64893.158819039585,568789.3082997673,0.03634360570210024,1,2.959882800126702,0.03903020456097921,0.18185969502988264,0.06448936913812732,0.3546105646307755,0.10405072705280001,0.13817761570716,0.19984420240080336,2025-05-03,montel jackson,daniel marcos,0.7216109049406148,0.7216109049406148,0.2783890950593852,1,1.0,1,-205.0,170.0,0.19530316162337824,0.018086396502818,0.0244151214085358,0.0318135991253311,0.0487419564302244,0.0061511049596503,0.0087372325093323,-275.0,188.0,-225.0,210.0,85.71428571428571,0.0,7,0,6,0,1,0,85.71428571428571,6,1
746,8723.388602620467,0.08959489196900913,0.2272727272727273,0.09183872061773388,0.01588375534405,1.2272727272727273,75491.03610878794,1.3863636363636358,64893.158819039585,568789.3082997673,0.03634360570210024,1,2.959882800126702,0.08938325507922662,0.18185969502988264,0.06448936913812732,0.3546105646307755,0.1900802371463111,0.21609935599902041,0.19984420240080336,2025-05-03,jeremy stephens,mason jones,0.8896463649477832,0.1103536350522168,0.8896463649477832,0,0.0,0,340.0,-440.0,0.4472646892200627,0.0276226725358547,0.0144648695516874,0.0498139219159136,0.0211538200195702,0.0103822398599826,0.0050260806330836,400.0,-675.0,490.0,-549.0,70.0,0.0,20,1,14,0,6,1,0.0,0,1
747,0.0,0.0,0.0,-0.09835008941247542,0.01588375534405,1.4587155963302751,75491.03610878794,1.3863636363636358,64893.158819039585,568789.3082997673,0.03634360570210024,1,2.959882800126702,0.0,0.18185969502988264,0.06448936913812732,0.3546105646307755,0.0,0.0,0.19984420240080336,2025-05-03,gaston bolanos,quang le,0.6181122028555986,0.6181122028555986,0.3818877971444013,1,0.0,1,-218.0,180.0,0.0,0.0178645296442542,0.0248129186935715,0.0297794791233773,0.0324934840317861,0.0118836358359611,0.0129282076840124,-135.0,105.0,-126.0,114.0,0.0,0.0,0,0,0,0,0,0,0.0,0,0
748,0.0,0.0,0.0,-0.14175768991080412,0.01588375534405,1.4166666666666667,75491.03610878794,1.3863636363636358,64893.158819039585,568789.3082997673,0.03634360570210024,1,2.959882800126702,0.0,0.18185969502988264,0.06448936913812732,0.3546105646307755,0.0,0.0,0.19984420240080336,2025-05-03,ryan loder,azamat bekoev,0.6058181012394324,0.3941818987605677,0.6058181012394324,0,0.0,0,188.0,-240.0,0.0,0.031408002539922,0.0216965726234765,0.0479064388849135,0.0260661638548124,0.0109232239303671,0.0065186365347491,265.0,-400.0,300.0,-330.0,0.0,0.0,0,0,0,0,0,0,0.0,0,0
749,0.0,0.03957833204670615,0.0,-0.020007966547050893,0.01588375534405,1.3636363636363638,75491.03610878794,1.3863636363636358,64893.158819039585,568789.3082997673,0.03634360570210024,1,2.959882800126702,0.007909500200228145,0.18185969502988264,0.06448936913812732,0.3546105646307755,-0.03221182150796926,0.02458358163268277,0.19984420240080336,2025-05-03,marina rodriguez,gillian robertson,0.7186608245321626,0.2813391754678374,0.7186608245321626,0,0.0,0,200.0,-275.0,0.03957833204670615,0.040400359353909,0.0262663073127574,0.0414870536027404,0.027225726974447,0.0160048334946276,0.0107808807910866,195.0,-270.0,220.0,-250.0,42.857142857142854,75.0,7,8,3,6,4,2,75.0,6,2
750,8161.14288490323,0.06667520812797152,0.2857142857142856,0.02842430402901258,0.01588375534405,1.2857142857142856,75491.03610878794,1.3863636363636358,64893.158819039585,568789.3082997673,0.03634360570210024,1,2.959882800126702,0.038984129940456684,0.18185969502988264,0.06448936913812732,0.3546105646307755,0.05109501824525118,0.1085194473783123,0.19984420240080336,2025-05-03,thomas petersen,dontale mayes,0.7998855698003432,0.7998855698003432,0.2001144301996568,1,1.0,1,-350.0,240.0,0.19507260892297953,0.0263895562040242,0.0455058686325771,0.035365498219968,0.0599424196685949,0.0028651545401012,0.004440781532958,-340.0,210.0,-275.0,265.0,0.0,100.0,0,4,0,4,0,0,0.0,0,0
751,14066.821582640847,0.03611885866420763,0.9090909090909087,0.12477189091178154,0.01588375534405,1.9090909090909087,75491.03610878794,1.3863636363636358,64893.158819039585,568789.3082997673,0.03634360570210024,1,2.959882800126702,0.03923758444278138,0.18185969502988264,0.06448936913812732,0.3546105646307755,0.13007265349426467,0.1883395231778552,0.19984420240080336,2025-05-03,yana santos,miesha tate,0.5891662285728381,0.5891662285728381,0.4108337714271619,1,1.0,1,-110.0,-120.0,0.19634086939428594,0.0350135352882691,0.0342505339758,0.037850515969565,0.0320795539605048,0.013811657209024,0.0117202576845929,120.0,-160.0,135.0,-150.0,100.0,50.0,1,10,1,5,0,5,100.0,1,0
752,0.0,0.0,0.0,-0.07454012779512367,0.01588375534405,1.3225806451612905,75491.03610878794,1.3863636363636358,64893.158819039585,568789.3082997673,0.03634360570210024,1,2.959882800126702,0.0,0.18185969502988264,0.06448936913812732,0.3546105646307755,0.0,0.0,0.19984420240080336,2025-05-03,juliana miller,ivana petrovic,0.6997379521549064,0.3002620478450936,0.6997379521549064,0,1.0,0,250.0,-310.0,0.0,0.0259280913458452,0.01588375534405,0.0513452487166904,0.0345133371418953,0.0087372325093323,0.0061511049596503,175.0,-260.0,210.0,-225.0,0.0,0.0,0,0,0,0,0,0,0.0,0,0
753,0.0,0.0,0.0,-0.06718721413204028,0.0316294610237879,1.0829875518672198,134271.01633442772,3.642990654205608,56484.40469470613,759544.7293289012,0.03634360570210024,1,3.0331609995360242,0.0,0.11603602398196322,0.04069170784634389,0.35068168013641227,0.0,0.0,0.31320967795095717,2025-05-10,benoit st denis,kyle prepolec,0.8613328789048977,0.8613328789048977,0.1386671210951022,1,1.0,1,-1205.0,650.0,0.0,0.0139988626122002,0.0427061182307116,0.0182642150323125,0.0719613488774618,0.002544258574178,0.006546650516731,-1800.0,600.0,-1000.0,900.0,100.0,100.0,1,1,1,1,0,0,100.0,1,0
754,-29907.40494140143,0.05258081420482577,-1.0,0.004369170013475698,0.0316294610237879,1.434782608695652,134271.01633442772,3.642990654205608,56484.40469470613,759544.7293289012,0.03634360570210024,1,3.0331609995360242,0.026378448037065468,0.11603602398196322,0.04069170784634389,0.35068168013641227,0.006478763740350683,0.05679640781766181,0.31320967795095717,2025-05-10,belal muhammad,jack della maddalena,0.7000148760699982,0.7000148760699982,0.2999851239300017,1,0.0,1,-230.0,176.0,0.08421977318719967,0.0245429674409793,0.0347455701084278,0.0309382953035842,0.0411928522373992,0.0100303663013401,0.013117781846808,-205.0,150.0,-188.0,170.0,66.66666666666666,100.0,15,3,10,3,5,0,66.66666666666666,10,5
755,22061.232608174694,0.027704499823770334,1.4,0.24226574205186058,0.0316294610237879,2.4,134271.01633442772,3.642990654205608,56484.40469470613,759544.7293289012,0.03634360570210024,1,3.0331609995360242,0.07041563615110646,0.11603602398196322,0.04069170784634389,0.35068168013641227,0.20632020031072285,0.26398800246917203,0.31320967795095717,2025-05-10,jose aldo,aiemann zahabi,0.5176107258549419,0.482389274145058,0.5176107258549419,0,0.0,0,-188.0,140.0,0.22481947751988765,0.0304849567433922,0.0389594877010522,0.0276690712633215,0.0356666078359044,0.0120504953042823,0.0154220321682451,-190.0,145.0,-180.0,160.0,83.33333333333334,0.0,18,0,15,0,3,0,0.0,0,0
756,0.0,0.01385214749877899,0.0,-0.02596711869880225,0.0316294610237879,1.5376344086021505,134271.01633442772,3.642990654205608,56484.40469470613,759544.7293289012,0.03634360570210024,1,3.0331609995360242,0.004338626657021724,0.11603602398196322,0.04069170784634389,0.35068168013641227,-0.03493343897722014,0.010296734843903255,0.31320967795095717,2025-05-10,alexa grasso,natalia silva,0.6334619437832965,0.3665380562167035,0.6334619437832965,0,0.0,0,150.0,-186.0,0.01385214749877899,0.0283132845779334,0.0220363657717169,0.038783145402318,0.0263797618658524,0.0146209632380343,0.010217586190679,185.0,-250.0,205.0,-230.0,50.0,100.0,10,1,5,1,5,0,100.0,1,0
757,0.0,0.01772693837657585,0.0,-0.028736594365305124,0.0316294610237879,1.3636363636363638,134271.01633442772,3.642990654205608,56484.40469470613,759544.7293289012,0.03634360570210024,1,3.0331609995360242,0.005552248659983786,0.11603602398196322,0.04069170784634389,0.35068168013641227,-0.04628490066938038,0.011006004768276848,0.31320967795095717,2025-05-10,jessica andrade,jasmine jasudavicius,0.7122598307987762,0.2877401692012238,0.7122598307987762,0,0.0,0,200.0,-275.0,0.01772693837657585,0.040400359353909,0.0262663073127574,0.0488555011457621,0.0289517490752811,0.0115765029078631,0.0074711161397558,225.0,-335.0,250.0,-275.0,70.58823529411765,0.0,17,0,12,0,5,0,0.0,0,0
758,19719.00583749219,0.03709517028227387,0.9345794392523368,0.24718527402467183,0.0316294610237879,1.9345794392523368,134271.01633442772,3.642990654205608,56484.40469470613,759544.7293289012,0.03634360570210024,1,3.0331609995360242,0.09560953836062634,0.11603602398196322,0.04069170784634389,0.35068168013641227,0.25626740657001074,0.294438955664584,0.31320967795095717,2025-05-10,valentina shevchenko,manon fiorot,0.6446803107277288,0.6446803107277288,0.3553196892722712,1,1.0,1,-107.0,-117.0,0.30525729276985186,0.0283489021487466,0.0277298173240821,0.0355941556155383,0.0319519346578248,0.0093793761870276,0.0084848556510033,108.0,-142.0,120.0,-129.0,75.0,100.0,12,1,9,1,3,0,75.0,9,3
759,16336.634890439687,0.04308265288760452,0.6666666666666663,0.1015472061523423,0.0316294610237879,1.6666666666666663,134271.01633442772,3.642990654205608,56484.40469470613,759544.7293289012,0.03634360570210024,1,3.0331609995360242,0.06943596747873504,0.11603602398196322,0.04069170784634389,0.35068168013641227,0.1224141503776433,0.18390167068399207,0.31320967795095717,2025-05-10,marc andre barriault,bruno silva,0.6609283236914055,0.6609283236914055,0.3390716763085944,1,1.0,1,-150.0,110.0,0.22169164098948255,0.0356521067558167,0.0405383694346594,0.0318698323703832,0.0392764126889053,0.0119288327341947,0.0145550432589505,-175.0,130.0,-162.0,145.0,50.0,42.857142857142854,6,7,3,3,3,4,50.0,3,3
760,0.0,0.02432923528739649,0.0,-0.02298978652716388,0.0316294610237879,1.6993006993006992,134271.01633442772,3.642990654205608,56484.40469470613,759544.7293289012,0.03634360570210024,1,3.0331609995360242,0.007620151949158518,0.11603602398196322,0.04069170784634389,0.35068168013641227,-0.02726312277795622,0.020515768871445385,0.31320967795095717,2025-05-10,daniel santos,jeongyeong lee,0.5749483972288707,0.5749483972288707,0.4250516027711293,1,1.0,1,-143.0,116.0,0.02432923528739649,0.0241280161916868,0.0273123130264201,0.0419785626092642,0.0376630501333938,0.0103868619809008,0.0093759838689014,105.0,-145.0,120.0,-130.0,0.0,0.0,2,0,0,0,2,0,0.0,0,2
761,14411.122785808488,0.04763259513141421,0.5319148936170213,0.026879327963950483,0.0316294610237879,1.5319148936170213,134271.01633442772,3.642990654205608,56484.40469470613,759544.7293289012,0.03634360570210024,1,3.0331609995360242,0.03982935124216904,0.11603602398196322,0.04069170784634389,0.35068168013641227,0.036091968962061405,0.09470565031634216,0.31320967795095717,2025-05-10,brad katona,bekzat almakhan,0.6703240057542454,0.3296759942457545,0.6703240057542454,0,0.0,0,140.0,-188.0,0.12716513583723163,0.0389594877010522,0.0304849567433922,0.0403376871081888,0.0339796305551364,0.0115415211998963,0.010017946999888,120.0,-163.0,130.0,-142.0,50.0,0.0,2,0,1,0,1,0,0.0,0,0
762,13863.813514192505,0.04874850251891831,0.5,0.004650586679157354,0.0316294610237879,1.5,134271.01633442772,3.642990654205608,56484.40469470613,759544.7293289012,0.03634360570210024,1,3.0331609995360242,0.027547533251634546,0.11603602398196322,0.04069170784634389,0.35068168013641227,0.006437669559339025,0.06353698541387562,0.31320967795095717,2025-05-10,mike malott,charles radtke,0.6697670577861049,0.6697670577861049,0.3302329422138951,1,1.0,1,-200.0,150.0,0.08795236926219112,0.0287452808578468,0.0379213858088197,0.0321793128548906,0.0447437640681861,0.0101556457621264,0.0136538780473972,-225.0,160.0,-200.0,180.0,100.0,0.0,1,0,1,0,0,0,100.0,1,0
763,0.0,0.04669170272401787,0.0,-0.023536997595674958,0.0316294610237879,1.4,134271.01633442772,3.642990654205608,56484.40469470613,759544.7293289012,0.03634360570210024,1,3.0331609995360242,0.014624293173171467,0.11603602398196322,0.04069170784634389,0.35068168013641227,-0.03607380468679838,0.030464834643720393,0.31320967795095717,2025-05-10,navajo stirling,ivan erslan,0.6974735731459465,0.6974735731459465,0.3025264268540535,1,1.0,1,-250.0,175.0,0.04669170272401787,0.0316294610237879,0.0462926168982899,0.0328963273661757,0.0574046759783059,0.0037347281819457,0.0060055315583139,-360.0,225.0,-300.0,285.0,0.0,0.0,0,0,0,0,0,0,0.0,0,0
764,26777.120600088256,0.03701688069764457,0.9523809523809523,0.25209757601622196,0.0197976060171143,1.9523809523809523,161656.2639433414,2.9438095238095237,111422.46054550605,1032623.4538177486,0.03634360570210023,1,3.4334847107053577,0.0775008371166918,0.14017137389019713,0.05660323759166572,0.4038145308899213,0.25942604221590576,0.29046433270655403,0.25927979938735496,2025-05-17,luana santos,tainara lisboa,0.6413182706424552,0.6413182706424552,0.3586817293575448,1,1.0,1,-105.0,-115.0,0.2989081189503246,0.0237995764494319,0.0232792664320201,0.0304849567433922,0.0389594877010522,0.0144215909832456,0.0182683660934193,-188.0,140.0,-177.0,154.0,0.0,0.0,0,0,0,0,0,0,0.0,0,0
765,0.0,0.0,0.0,-0.019978887523135924,0.0197976060171143,1.2531645569620251,161656.2639433414,2.9438095238095237,111422.46054550605,1032623.4538177486,0.03634360570210023,1,3.4334847107053577,0.0,0.14017137389019713,0.05660323759166572,0.4038145308899213,0.0,0.0,0.25927979938735496,2025-05-17,tecia pennington,luana pinheiro,0.782037049350225,0.782037049350225,0.217962950649775,1,1.0,1,-395.0,310.0,0.0,0.0148515401766855,0.0270306968275025,0.0272073367218593,0.0459379088371792,0.0057068304929865,0.0089130525479491,-335.0,230.0,-280.0,260.0,0.0,100.0,0,1,0,1,0,0,0.0,0,0
766,0.0,0.0,0.0,-0.029462524349403746,0.0197976060171143,1.21978021978022,161656.2639433414,2.9438095238095237,111422.46054550605,1032623.4538177486,0.03634360570210023,1,3.4334847107053577,0.0,0.14017137389019713,0.05660323759166572,0.4038145308899213,0.0,0.0,0.25927979938735496,2025-05-17,elise reed,denise gomes,0.7956658584162544,0.2043341415837456,0.7956658584162544,0,0.0,0,350.0,-455.0,0.0,0.0277332659130896,0.0143087761289523,0.0463733949129643,0.0201152566224162,0.0163801797418052,0.0079576871157466,400.0,-649.0,450.0,-535.0,0.0,0.0,3,0,0,0,3,0,0.0,0,0
767,27333.95187461335,0.03528165096690505,1.02,0.2392401927703529,0.0197976060171143,2.02,161656.2639433414,2.9438095238095237,111422.46054550605,1032623.4538177486,0.03634360570210023,1,3.4334847107053577,0.06942004298277284,0.14017137389019713,0.05660323759166572,0.4038145308899213,0.23783826314941603,0.26932000583891097,0.25927979938735496,2025-05-17,jared gordon,thiago moises,0.6134852439457192,0.6134852439457192,0.3865147560542807,1,1.0,1,102.0,-122.0,0.2677418107650636,0.0228889497481168,0.0217101047519275,0.0352269955557409,0.0373795583101833,0.0104752559866196,0.0111697656584019,-130.0,-103.0,-120.0,110.0,70.0,71.42857142857143,10,7,7,5,3,2,70.0,7,3
768,0.0,0.0,0.0,-0.19237004768828278,0.0197976060171143,1.359712230215827,161656.2639433414,2.9438095238095237,111422.46054550605,1032623.4538177486,0.03634360570210023,1,3.4334847107053577,0.0,0.14017137389019713,0.05660323759166572,0.4038145308899213,0.0,0.0,0.25927979938735496,2025-05-17,dustin stoltzfus,nursulton ruziboev,0.593971234768935,0.406028765231065,0.593971234768935,0,0.0,0,225.0,-278.0,0.0,0.0262452639219628,0.0168967792200803,0.0370881563047484,0.0245097107541832,0.0138491799370142,0.0094934904644795,198.0,-265.0,215.0,-240.0,100.0,0.0,3,0,3,0,0,0,0.0,0,0
769,19966.773587440442,0.053890026845974486,0.4878048780487805,0.110182528106191,0.0197976060171143,1.4878048780487805,161656.2639433414,2.9438095238095237,111422.46054550605,1032623.4538177486,0.03634360570210023,1,3.4334847107053577,0.0690579192180702,0.14017137389019713,0.05660323759166572,0.4038145308899213,0.1561446342938493,0.18794486935598043,0.25927979938735496,2025-05-17,julian erosa,melquizael costa,0.7461882565959644,0.2538117434040355,0.7461882565959644,0,0.0,0,170.0,-205.0,0.2663451583241164,0.0244151214085358,0.018086396502818,0.0330243423820023,0.0272264311076575,0.0175441148904891,0.0145071671607929,130.0,-167.0,140.0,-160.0,50.0,0.0,8,0,4,0,4,0,0.0,0,0
770,14457.52133135527,0.08184816420193697,0.2325581395348837,0.06822459393988975,0.0197976060171143,1.2325581395348837,161656.2639433414,2.9438095238095237,111422.46054550605,1032623.4538177486,0.03634360570210023,1,3.4334847107053577,0.09453352216974242,0.14017137389019713,0.05660323759166572,0.4038145308899213,0.13680689447628328,0.18182354977891654,0.25927979938735496,2025-05-17,gilbert burns,michael morales,0.8666727837625521,0.1333272162374479,0.8666727837625521,0,0.0,0,300.0,-430.0,0.36460041388921566,0.0401679208613745,0.0211528338556065,0.0449676886197574,0.0209084642129172,0.0146676997367495,0.0074976881575387,360.0,-560.0,410.0,-475.0,56.25,0.0,16,0,9,0,7,0,0.0,0,0
771,22887.093152008736,0.04067907334767694,0.7407407407407407,0.012083632025223945,0.0197976060171143,1.7407407407407407,161656.2639433414,2.9438095238095237,111422.46054550605,1032623.4538177486,0.03634360570210023,1,3.4334847107053577,0.015568138759342062,0.14017137389019713,0.05660323759166572,0.4038145308899213,0.01394864653267297,0.05201557865531636,0.25927979938735496,2025-05-17,sodiq yusuff,mairon santos,0.5814097460570435,0.4185902539429565,0.5814097460570435,0,0.0,0,114.0,-135.0,0.060043778173724235,0.0219601987154369,0.0197976060171143,0.033917245551122,0.0283324936729433,0.0169922552640634,0.0145645469799758,126.0,-163.0,130.0,-148.0,100.0,0.0,5,0,5,0,0,0,0.0,0,0
772,-74414.62952850897,0.07206366391678208,-1.0,0.07934599302595133,0.027494176423819,1.2941176470588236,-83832.72714204137,-1.0,-185543.3193997102,763247.407275997,0.03634360570210024,1,-3.7182637182637186,0.15225046113660648,0.07580472705426805,0.018111430812534572,0.23892218224819584,0.14367825634704895,0.17537223785556388,0.4794371949401271,2025-05-31,billy ray goff,ramiz brahimaj,0.8340400855200533,0.8340400855200533,0.1659599144799467,1,0.0,1,-340.0,270.0,0.317560804091597,0.0159136481215457,0.0270838948759972,0.0221920743449993,0.0426227404698154,0.0096600984648791,0.0176126288078482,-440.0,300.0,-400.0,340.0,0.0,0.0,0,1,0,0,0,1,0.0,0,0
773,29541.52666476363,0.042340176665759455,0.6756756756756757,0.026021887631864193,0.027494176423819,1.6756756756756757,-83832.72714204137,-1.0,-185543.3193997102,763247.407275997,0.03634360570210024,1,-3.7182637182637186,0.04622463925885146,0.07580472705426805,0.018111430812534572,0.23892218224819584,0.03130386927419832,0.08014613483497236,0.4794371949401271,2025-05-31,mateusz gamrot,ludovit klein,0.6123033845544996,0.6123033845544996,0.3876966154455004,1,1.0,1,-148.0,118.0,0.09641437866460083,0.0258388071181867,0.0296509827604756,0.0260063028537178,0.0314178152758967,0.010464777488587,0.0125011017765047,-165.0,130.0,-154.0,140.0,75.0,0.0,4,2,3,0,1,2,75.0,3,1
774,-33563.21322615167,0.03250285774748184,-1.0,0.08686909134947574,0.027494176423819,2.12,-83832.72714204137,-1.0,-185543.3193997102,763247.407275997,0.03634360570210024,1,-3.7182637182637186,0.058065309404391904,0.07580472705426805,0.018111430812534572,0.23892218224819584,0.08212496042922704,0.12810766820291913,0.4794371949401271,2025-05-31,dustin jacoby,bruno lopes,0.5126740996931489,0.4873259003068511,0.5126740996931489,0,1.0,0,-137.0,112.0,0.12111139898447636,0.0235793575275391,0.0261778274099657,0.0323449725536807,0.0424849594191082,0.009938216573356,0.0128103449146674,-200.0,145.0,-182.0,165.0,71.42857142857143,0.0,7,0,5,0,2,0,0.0,0,0
775,-63701.97416958354,0.06168945120708689,-1.0,0.015371940909385706,0.027494176423819,1.3278688524590163,-83832.72714204137,-1.0,-185543.3193997102,763247.407275997,0.03634360570210024,1,-3.7182637182637186,0.05355622752038991,0.07580472705426805,0.018111430812534572,0.23892218224819584,0.026212823424021994,0.06550782172800153,0.4794371949401271,2025-05-31,rayanne dos santos,alice ardelean,0.7646628196971917,0.7646628196971917,0.2353371803028082,1,0.0,1,-305.0,240.0,0.11170645099214319,0.0180181875967891,0.0291858792151209,0.0232831546092132,0.0326609013348426,0.01458799501071,0.0199742169708566,-225.0,175.0,-210.0,180.0,0.0,0.0,0,0,0,0,0,0,0.0,0,0
776,-36837.63380027089,0.03567383024671498,-1.0,0.03785760848238878,0.027494176423819,1.9090909090909087,-83832.72714204137,-1.0,-185543.3193997102,763247.407275997,0.03634360570210024,1,-3.7182637182637186,0.05143565865728464,0.07580472705426805,0.018111430812534572,0.23892218224819584,0.03947788326347486,0.10288022344135306,0.4794371949401271,2025-05-31,jafel filho,allan nascimento,0.5436396996812514,0.5436396996812514,0.4563603003187486,1,0.0,1,-110.0,-120.0,0.10728341313549528,0.0350135352882691,0.0342505339758,0.0366998845897121,0.0349666030002738,0.018294548065504,0.0173560758204138,-105.0,-127.0,104.0,-120.0,0.0,100.0,0,1,0,1,0,0,0.0,0,0
777,29156.728981917953,0.04658871793227301,0.606060606060606,0.10642427121326442,0.027494176423819,1.606060606060606,-83832.72714204137,-1.0,-185543.3193997102,763247.407275997,0.03634360570210024,1,-3.7182637182637186,0.10808003299750553,0.07580472705426805,0.018111430812534572,0.23892218224819584,0.1351293605070012,0.17754347183885488,0.4794371949401271,2025-05-31,kurt holobaugh,jordan leavitt,0.6889056783025986,0.3110943216974013,0.6889056783025986,0,0.0,0,132.0,-165.0,0.2254310557006382,0.0293990647793954,0.0242769274131875,0.0401997433459088,0.0268500650832099,0.0115139753511245,0.0080363667798626,190.0,-260.0,210.0,-230.0,100.0,66.66666666666666,2,3,2,2,0,1,66.66666666666666,2,1
778,-35724.124321876734,0.034595499637161846,-1.0,0.10763899578842828,0.027494176423819,2.0,-83832.72714204137,-1.0,-185543.3193997102,763247.407275997,0.03634360570210024,1,-3.7182637182637186,0.07390564989667356,0.07580472705426805,0.018111430812534572,0.23892218224819584,0.10740495283832649,0.15448675298886136,0.4794371949401271,2025-05-31,ketlen vieira,macy chiasson,0.5538194978942141,0.4461805021057858,0.5538194978942141,0,1.0,0,-124.0,100.0,0.15415084744499855,0.0260772521476094,0.027494176423819,0.0391632570108818,0.0337961593137875,0.0096790192209161,0.0084369228080692,115.0,-155.0,130.0,-140.0,37.5,57.14285714285714,8,7,3,4,5,3,57.14285714285714,4,3
779,0.0,0.0,0.0,-0.18090562100493413,0.0287452808578468,1.2352941176470589,-73639.81872710574,-1.0,20063.172651415895,709670.7612003072,0.03634360570210024,1,0.1246973365617432,0.0,0.1218448937103302,0.03708254193121793,0.3043421911416056,0.0,0.0,0.29827762654134904,2025-06-07,azamat murzakanov,brendson ribeiro,0.6630764020436247,0.6630764020436247,0.3369235979563753,1,1.0,1,-425.0,330.0,0.0,0.0146095237354543,0.0274724253232388,0.0199005970902305,0.0508064736168402,0.0047226571488422,0.0102346078084227,-800.0,450.0,-620.0,550.0,0.0,0.0,2,0,0,0,2,0,0.0,0,2
780,0.0,0.0,0.0,-0.09143634514299301,0.0287452808578468,1.2777777777777777,-73639.81872710574,-1.0,20063.172651415895,709670.7612003072,0.03634360570210024,1,0.1246973365617432,0.0,0.1218448937103302,0.03708254193121793,0.3043421911416056,0.0,0.0,0.29827762654134904,2025-06-07,ariane da silva,wang cong,0.7110498168446142,0.2889501831553857,0.7110498168446142,0,0.0,0,280.0,-360.0,0.0,0.029104550144448,0.0166620402445679,0.062221117974335,0.0266677709145538,0.007915677462198,0.0039890844425638,350.0,-650.0,460.0,-500.0,0.0,0.0,0,0,0,0,0,0,0.0,0,0
781,-33053.96064462854,0.043307006783812024,-1.0,0.12631627513843896,0.0287452808578468,1.704225352112676,-73639.81872710574,-1.0,20063.172651415895,709670.7612003072,0.03634360570210024,1,0.1246973365617432,0.06444595110738906,0.1218448937103302,0.03708254193121793,0.3043421911416056,0.14971864821543407,0.18228812258494784,0.29827762654134904,2025-06-07,serghei spivac,waldo cortes acosta,0.6608963267341254,0.6608963267341254,0.3391036732658746,1,0.0,1,-142.0,120.0,0.2160602920663752,0.0193403204872646,0.0219819935623222,0.0345905247924249,0.04304922676037,0.0088741300258541,0.0108977330920164,-180.0,130.0,-163.0,150.0,100.0,100.0,3,1,3,1,0,0,100.0,3,0
782,0.0,0.0,0.0,-0.15628059774506214,0.0287452808578468,1.1694915254237288,-73639.81872710574,-1.0,20063.172651415895,709670.7612003072,0.03634360570210024,1,0.1246973365617432,0.0,0.1218448937103302,0.03708254193121793,0.3043421911416056,0.0,0.0,0.29827762654134904,2025-06-07,julianna pena,kayla harrison,0.7214412280150918,0.2785587719849082,0.7214412280150918,0,0.0,0,440.0,-590.0,0.0,0.027560503448079,0.0126971455052221,0.0620954276839387,0.0256705297628697,0.0102348505570248,0.0049166645944902,370.0,-700.0,500.0,-560.0,87.5,0.0,8,0,7,0,1,0,0.0,0,0
783,15770.242674088706,0.0723171134721604,0.2857142857142856,0.07788864146138086,0.0287452808578468,1.2857142857142856,-73639.81872710574,-1.0,20063.172651415895,709670.7612003072,0.03634360570210024,1,0.1246973365617432,0.10434376527642188,0.1218448937103302,0.03708254193121793,0.3043421911416056,0.14077681378192625,0.19354806019634013,0.29827762654134904,2025-06-07,bruno silva,joshua van,0.8383578322477407,0.1616421677522592,0.8383578322477407,0,0.0,0,240.0,-350.0,0.3498209587032406,0.0455058686325771,0.0263895562040242,0.0456423510790053,0.018528771915647,0.0182983268369292,0.0081903246984511,450.0,-750.0,525.0,-649.0,42.857142857142854,0.0,7,0,3,0,4,0,0.0,0,0
784,0.0,0.0,0.0,-0.025939636775225983,0.0287452808578468,1.2597402597402598,-73639.81872710574,-1.0,20063.172651415895,709670.7612003072,0.03634360570210024,1,0.1246973365617432,0.0,0.1218448937103302,0.03708254193121793,0.3043421911416056,0.0,0.0,0.29827762654134904,2025-06-07,kelvin gastelum,joe pyfer,0.7732231749310061,0.2267768250689939,0.7732231749310061,0,0.0,0,295.0,-385.0,0.0,0.0302058907296384,0.0167730992220773,0.0526454284599316,0.0269146511001477,0.0062684585779847,0.0036129643469164,285.0,-455.0,340.0,-360.0,70.58823529411765,100.0,17,1,12,1,5,0,100.0,1,0
785,17053.961580717125,0.06591465124351648,0.3389830508474576,0.08558662980799153,0.0287452808578468,1.3389830508474576,-73639.81872710574,-1.0,20063.172651415895,709670.7612003072,0.03634360570210024,1,0.1246973365617432,0.09240494092791775,0.1218448937103302,0.03708254193121793,0.3043421911416056,0.14382924880133133,0.18434579181852337,0.29827762654134904,2025-06-07,merab dvalishvili,sean omalley,0.8107545716287532,0.8107545716287532,0.1892454283712468,1,1.0,1,-295.0,225.0,0.30979507916631494,0.0210227498202285,0.0335050009100539,0.0384251901257095,0.0585445068439872,0.0019838881455293,0.0028238041621629,-275.0,175.0,-225.0,220.0,87.5,71.42857142857143,8,7,7,5,1,2,87.5,7,1
786,20292.929041238604,0.05317523216662694,0.5,0.1309081275587084,0.0287452808578468,1.5,-73639.81872710574,-1.0,20063.172651415895,709670.7612003072,0.03634360570210024,1,0.1246973365617432,0.09557422941046796,0.1218448937103302,0.03708254193121793,0.3043421911416056,0.18207028098081926,0.23038153892454144,0.29827762654134904,2025-06-07,vicente luque,kevin holland,0.7539387517058056,0.2460612482941944,0.7539387517058056,0,0.0,0,150.0,-200.0,0.32042037654211686,0.0379213858088197,0.0287452808578468,0.0535245144941712,0.0387831778135211,0.0036596750589859,0.0028338314345205,150.0,-225.0,175.0,-180.0,71.42857142857143,91.66666666666666,14,12,10,11,4,1,91.66666666666666,11,1
787,15635.347804069093,0.06058754116974797,0.36363636363636376,0.05938628637174287,0.0232831546092132,1.3636363636363638,-46622.95991688062,-1.0,128.55870966185103,663176.3599930884,0.03634360570210023,1,-0.08319907940161109,0.07478670826765571,0.1158222120944516,0.03816412472087151,0.3295060941311424,0.09566579174520301,0.14795095044787054,0.3137878740604822,2025-06-14,michael chiesa,court mcgee,0.7768832766726114,0.7768832766726114,0.2231167233273886,1,1.0,1,-275.0,200.0,0.238335239982029,0.0262663073127574,0.040400359353909,0.0232991311295601,0.0401929323625033,0.0131127952225691,0.0218633574006421,-350.0,250.0,-325.0,270.0,53.333333333333336,33.33333333333333,15,3,8,1,7,2,53.333333333333336,8,7
788,0.0,0.04844661768818158,0.0,-0.019971120555787203,0.0232831546092132,1.5714285714285714,-46622.95991688062,-1.0,128.55870966185103,663176.3599930884,0.03634360570210023,1,-0.08319907940161109,0.01520196116979545,0.1158222120944516,0.03816412472087151,0.3295060941311424,-0.02594752691470135,0.03728807163593776,0.3137878740604822,2025-06-14,cody garbrandt,raoni barcelos,0.6236547414644991,0.3763452585355009,0.6236547414644991,0,0.0,0,130.0,-175.0,0.04844661768818158,0.0392764126889053,0.0318698323703832,0.0417593540829637,0.027023714700105,0.0131363950923042,0.0088416268857176,200.0,-278.0,225.0,-250.0,63.63636363636363,60.0,11,5,7,3,4,2,60.0,3,2
789,-18854.517318193306,0.02656797820767418,-1.0,0.28186588397086687,0.0232831546092132,2.5,-46622.95991688062,-1.0,128.55870966185103,663176.3599930884,0.03634360570210023,1,-0.08319907940161109,0.07411212523466706,0.1158222120944516,0.03816412472087151,0.3295060941311424,0.23256293471550146,0.2862563470444864,0.3137878740604822,2025-06-14,rose namajunas,miranda maverick,0.5127463535883467,0.4872536464116532,0.5127463535883467,0,1.0,0,-200.0,150.0,0.23618543405020823,0.0287452808578468,0.0379213858088197,0.0262794313579834,0.0392185459103655,0.0132522178647124,0.0194733548328098,-258.0,190.0,-245.0,210.0,44.44444444444444,100.0,9,5,4,5,5,0,100.0,5,0
790,17467.561078166844,0.049227224885587645,0.5,0.023052124788856432,0.0232831546092132,1.5,-46622.95991688062,-1.0,128.55870966185103,663176.3599930884,0.03634360570210023,1,-0.08319907940161109,0.038229926266034345,0.1158222120944516,0.03816412472087151,0.3295060941311424,0.0319008492917624,0.08803918633452007,0.3137878740604822,2025-06-14,edmen shahbazyan,andre petroski,0.6820347498592376,0.6820347498592376,0.3179652501407624,1,1.0,1,-200.0,150.0,0.12183366352348458,0.0287452808578468,0.0379213858088197,0.0381749230308436,0.0466192066063353,0.0109410459718248,0.0131770361582841,-175.0,123.0,-157.0,142.0,75.0,50.0,8,2,6,1,2,1,75.0,6,2
791,-50848.02265658985,0.07165015868849894,-1.0,0.026053620125645383,0.0232831546092132,1.25,-46622.95991688062,-1.0,128.55870966185103,663176.3599930884,0.03634360570210023,1,-0.08319907940161109,0.062254633886802954,0.1158222120944516,0.03816412472087151,0.3295060941311424,0.050005340738934,0.10336826154039902,0.3137878740604822,2025-06-14,alonzo menifield,oumar sy,0.8208428961005163,0.1791571038994837,0.8208428961005163,0,1.0,0,275.0,-400.0,0.1983971945162019,0.0431680677672335,0.0234985988994331,0.0508064736168402,0.0199005970902305,0.0140193492767972,0.006315456104737,450.0,-800.0,550.0,-649.0,33.33333333333333,0.0,6,0,2,0,4,0,0.0,0,0
792,14513.435723259214,0.08078122171739421,0.2531645569620251,0.08407222455761135,0.0232831546092132,1.2531645569620251,-46622.95991688062,-1.0,128.55870966185103,663176.3599930884,0.03634360570210023,1,-0.08319907940161109,0.11855677467108473,0.1158222120944516,0.03816412472087151,0.3295060941311424,0.164298431848501,0.19333449117459722,0.3137878740604822,2025-06-14,jamey lyn horth,vanessa demopoulos,0.865067734747993,0.865067734747993,0.1349322652520069,1,1.0,1,-395.0,310.0,0.37782458938560853,0.0148515401766855,0.0270306968275025,0.0187807734661513,0.0447420262599213,0.01138081024879,0.0251688973535489,-699.0,430.0,-620.0,470.0,0.0,25.0,0,4,0,1,0,3,0.0,0,0
793,0.0,0.0,0.0,-0.08517889615438266,0.0232831546092132,1.074074074074074,-46622.95991688062,-1.0,128.55870966185103,663176.3599930884,0.03634360570210023,1,-0.08319907940161109,0.0,0.1158222120944516,0.03816412472087151,0.3295060941311424,0.0,0.0,0.3137878740604822,2025-06-14,malcolm wellmaker,kris moutinho,0.8517299932355749,0.8517299932355749,0.1482700067644251,1,1.0,1,-1350.0,800.0,0.0,0.010205843867648,0.0319397500020839,0.0117480058120583,0.0458961044636308,0.0077629731397265,0.0260032606265073,-2000.0,850.0,-1650.0,1000.0,0.0,100.0,0,1,0,1,0,0,0.0,0,0
794,0.0,0.0,0.0,-0.16204918296178497,0.0232831546092132,1.2,-46622.95991688062,-1.0,128.55870966185103,663176.3599930884,0.03634360570210023,1,-0.08319907940161109,0.0,0.1158222120944516,0.03816412472087151,0.3295060941311424,0.0,0.0,0.3137878740604822,2025-06-14,ricky simon,cameron smotherman,0.6982923475318459,0.6982923475318459,0.3017076524681541,1,1.0,1,-500.0,350.0,0.0,0.0183207744122606,0.0372347811432948,0.0253574811559106,0.051878291201813,0.0047614445397781,0.0085482271549867,-500.0,310.0,-390.0,360.0,37.5,0.0,8,0,3,0,5,0,37.5,3,5
795,0.0,0.0,0.0,-0.045605052882465025,0.0232831546092132,1.6756756756756757,-46622.95991688062,-1.0,128.55870966185103,663176.3599930884,0.03634360570210023,1,-0.08319907940161109,0.0,0.1158222120944516,0.03816412472087151,0.3295060941311424,0.0,0.0,0.3137878740604822,2025-06-14,phil rowe,ange loosa,0.5695582748927225,0.4304417251072775,0.5695582748927225,0,1.0,0,124.0,-148.0,0.0,0.0231793921004005,0.0200233728765578,0.0487942920054106,0.0389250062402033,0.0074365977835063,0.0060360527359392,128.0,-185.0,154.0,-163.0,100.0,0.0,1,1,1,0,0,1,0.0,0,1
796,22214.754078949856,0.03912862712805153,0.8,0.12480315738094822,0.0232831546092132,1.8,-46622.95991688062,-1.0,128.55870966185103,663176.3599930884,0.03634360570210023,1,-0.08319907940161109,0.06732403132921339,0.1158222120944516,0.03816412472087151,0.3295060941311424,0.13829874891605679,0.19361601527919217,0.3137878740604822,2025-06-14,cody durden,jose ochoa,0.6248906429894157,0.3751093570105843,0.6248906429894157,0,0.0,0,-105.0,-125.0,0.21455268636746863,0.0346209416083251,0.0331297358984499,0.0451039386561572,0.0320938951956691,0.0136538780473972,0.0101556457621264,163.0,-230.0,180.0,-200.0,0.0,0.0,2,0,0,0,2,0,0.0,0,0
797,0.0,0.0,0.0,-0.2007465165735144,0.0232831546092132,1.4444444444444444,-46622.95991688062,-1.0,128.55870966185103,663176.3599930884,0.03634360570210023,1,-0.08319907940161109,0.0,0.1158222120944516,0.03816412472087151,0.3295060941311424,0.0,0.0,0.3137878740604822,2025-06-14,kamaru usman,joaquin buckley,0.5533293346798747,0.4466706653201253,0.5533293346798747,0,1.0,0,175.0,-225.0,0.0,0.0326609013348426,0.0232831546092132,0.0470848745538345,0.0331955415474772,0.0087722830975124,0.0065344400862858,164.0,-235.0,185.0,-198.0,87.5,62.5,16,8,14,5,2,3,62.5,5,3
798,0.0,0.0,0.0,-0.2722055150734599,0.0389594877010522,1.4444444444444444,-40433.39552719233,-1.0,-24477.16287335733,598265.8015925387,0.03634360570210024,1,-0.6000000000000001,0.0,0.08327805986254269,0.023270401791454426,0.27943016239648405,0.0,0.0,0.436412732982593,2025-06-21,ismail naurdiev,junyong park,0.5038577203337585,0.4961422796662414,0.5038577203337585,0,0.0,0,163.0,-225.0,0.0,0.042226716265892,0.0303091129239294,0.0422999956327704,0.0330404853872238,0.0117264411987806,0.0092525797802403,138.0,-190.0,160.0,-175.0,0.0,57.14285714285714,2,7,0,4,2,3,57.14285714285714,4,3
799,-22023.530016055054,0.03320916025457328,-1.0,0.1196043187228567,0.0389594877010522,2.1,-40433.39552719233,-1.0,-24477.16287335733,598265.8015925387,0.03634360570210024,1,-0.6000000000000001,0.06285115932678605,0.08327805986254269,0.023270401791454426,0.27943016239648405,0.11411283100504989,0.15094831220474775,0.436412732982593,2025-06-21,rafael fiziev,ignacio bahamondes,0.5331449136775508,0.4668550863224492,0.5331449136775508,0,1.0,0,-130.0,110.0,0.14401770291448615,0.0198146558599141,0.0215932116349099,0.0465107204637399,0.0412941575850406,0.001040291565848,0.0009438354182791,105.0,-150.0,124.0,-125.0,33.33333333333333,100.0,6,2,2,2,4,0,100.0,2,0
800,0.0,0.0,0.0,-0.2212692301946104,0.0389594877010522,1.4,-40433.39552719233,-1.0,-24477.16287335733,598265.8015925387,0.03634360570210024,1,-0.6000000000000001,0.0,0.08327805986254269,0.023270401791454426,0.27943016239648405,0.0,0.0,0.436412732982593,2025-06-21,daria zhelezniakova,melissa mullins,0.5562362641467069,0.4437637358532931,0.5562362641467069,0,1.0,0,175.0,-250.0,0.0,0.0462926168982899,0.0316294610237879,0.0486769919993199,0.031600329657312,0.0131363950923042,0.0088416268857176,190.0,-278.0,225.0,-250.0,0.0,0.0,0,0,0,0,0,0,0.0,0,0
801,0.0,0.0,0.0,-0.02909288806140009,0.0389594877010522,1.4545454545454546,-40433.39552719233,-1.0,-24477.16287335733,598265.8015925387,0.03634360570210024,1,-0.6000000000000001,0.0,0.08327805986254269,0.023270401791454426,0.27943016239648405,0.0,0.0,0.436412732982593,2025-06-21,muhammad naimov,bogdan grad,0.6674986394577874,0.6674986394577874,0.3325013605422126,1,1.0,1,-220.0,180.0,0.0,0.0186488351072455,0.0259940220356115,0.0248568245253791,0.0384617633833727,0.0148558191630255,0.0220105402839789,-278.0,205.0,-250.0,210.0,0.0,0.0,0,0,0,0,0,0,0.0,0,0
802,0.0,0.0,0.0,-0.06433924761449455,0.0389594877010522,1.3571428571428572,-40433.39552719233,-1.0,-24477.16287335733,598265.8015925387,0.03634360570210024,1,-0.6000000000000001,0.0,0.08327805986254269,0.023270401791454426,0.27943016239648405,0.0,0.0,0.436412732982593,2025-06-21,tagir ulanbekov,azat maksum,0.6894342385998461,0.6894342385998461,0.3105657614001539,1,1.0,1,-280.0,230.0,0.0,0.0155809523110568,0.0242914559824041,0.0285931975881342,0.0614630875901021,-0.0007234568631249,-0.0012967451570771,-550.0,310.0,-395.0,400.0,100.0,0.0,1,0,1,0,0,0,100.0,1,0
803,-28227.44457289447,0.04256400902648076,-1.0,0.07101523068957255,0.0389594877010522,1.6666666666666663,-40433.39552719233,-1.0,-24477.16287335733,598265.8015925387,0.03634360570210024,1,-0.6000000000000001,0.07839788528834556,0.08327805986254269,0.023270401791454426,0.27943016239648405,0.08556030953166495,0.14910289985257008,0.436412732982593,2025-06-21,hamdy abdelwahab,mohammed usman,0.6426091384137437,0.6426091384137437,0.3573908615862563,1,0.0,1,-150.0,110.0,0.1796416084208812,0.0356521067558167,0.0405383694346594,0.03633966705048,0.0451139670347328,0.0088741300258541,0.0108977330920164,-180.0,128.0,-163.0,150.0,0.0,0.0,0,0,0,0,0,0,0.0,0,0
804,25773.811715592194,0.027760135345188043,1.4,0.28619426861539665,0.0389594877010522,2.4,-40433.39552719233,-1.0,-24477.16287335733,598265.8015925387,0.03634360570210024,1,-0.6000000000000001,0.110950328190276,0.08327805986254269,0.023270401791454426,0.27943016239648405,0.2440454398163608,0.29814080052823083,0.436412732982593,2025-06-21,irina alekseeva,klaudia sygula,0.5359142785897486,0.4640857214102513,0.5359142785897486,0,0.0,0,-188.0,140.0,0.2542325642792403,0.0304849567433922,0.0389594877010522,0.027023714700105,0.0417593540829637,0.0072111180858498,0.0106261171426896,-278.0,200.0,-245.0,225.0,0.0,0.0,0,0,0,0,0,0,0.0,0,0
805,12493.34308760414,0.06160365845803989,0.3389830508474576,0.03547899810885213,0.0187287731158957,1.3389830508474576,80452.37761979608,1.2920237310481215,44436.21819973657,723154.3974120714,0.03634360570210023,1,1.3673284694367787,0.08123137911987295,0.08003824316984082,0.01781645895589919,0.22259932565102333,0.05922263415968934,0.10717092736009608,0.4540780039984043,2025-06-28,ilia topuria,charles oliveira,0.7733324163091427,0.7733324163091427,0.2266675836908572,1,1.0,1,-295.0,220.0,0.1788930060575196,0.0228866584861963,0.0364487845517783,0.021698457612498,0.0409899088733367,0.011520645283363,0.0210374942515207,-425.0,295.0,-400.0,330.0,100.0,80.0,3,25,3,20,0,5,100.0,3,0
806,0.0,0.0,0.0,-0.053173552479219455,0.0187287731158957,1.4651162790697674,80452.37761979608,1.2920237310481215,44436.21819973657,723154.3974120714,0.03634360570210023,1,1.3673284694367787,0.0,0.08003824316984082,0.01781645895589919,0.22259932565102333,0.0,0.0,0.4540780039984043,2025-06-28,alexandre pantoja,kai kara france,0.646246622911009,0.646246622911009,0.353753377088991,1,1.0,1,-215.0,164.0,0.0,0.0258805609682243,0.035447000359337,0.0285181268606408,0.0437982573201501,0.0072111180858498,0.0106261171426896,-275.0,195.0,-245.0,225.0,55.55555555555556,75.0,9,8,5,6,4,2,55.55555555555556,5,4
807,0.0,0.037409942224473976,0.0,-0.006404806404776475,0.0187287731158957,1.8,80452.37761979608,1.2920237310481215,44436.21819973657,723154.3974120714,0.03634360570210023,1,1.3673284694367787,0.016987031894984767,0.08003824316984082,0.01781645895589919,0.22259932565102333,-0.007125765903261578,0.03362493812096163,0.4540780039984043,2025-06-28,brandon royval,joshua van,0.5519973297751242,0.4480026702248758,0.5519973297751242,0,0.0,0,105.0,-125.0,0.037409942224473976,0.0223911054816955,0.0209693281226405,0.1511321360020587,0.1187091338392111,-0.0806500382022228,-0.0744022266061394,-125.0,-250.0,180.0,105.0,50.0,0.0,6,0,3,0,3,0,0.0,0,0
808,0.0,0.028022810596493017,0.0,-0.02530444920637409,0.0187287731158957,1.7575757575757576,80452.37761979608,1.2920237310481215,44436.21819973657,723154.3974120714,0.03634360570210023,1,1.3673284694367787,0.012724541902080883,0.08003824316984082,0.01781645895589919,0.22259932565102333,-0.028863476856871243,0.02456744178378463,0.4540780039984043,2025-06-28,hyder amil,jose delgado,0.5545681582101665,0.4454318417898334,0.5545681582101665,0,0.0,0,105.0,-132.0,0.028022810596493017,0.0295309116986126,0.0272394835915472,0.0415743006321754,0.0382576321409336,0.0096541981546985,0.0088643203638199,100.0,-138.0,116.0,-125.0,0.0,0.0,0,0,0,0,0,0,0.0,0,0
809,0.0,0.0,0.0,-0.13843378366230058,0.0187287731158957,1.617283950617284,80452.37761979608,1.2920237310481215,44436.21819973657,723154.3974120714,0.03634360570210023,1,1.3673284694367787,0.0,0.08003824316984082,0.01781645895589919,0.22259932565102333,0.0,0.0,0.4540780039984043,2025-06-28,payton talbott,felipe lima,0.532724149033234,0.467275850966766,0.532724149033234,0,1.0,0,125.0,-162.0,0.0,0.03414572103594,0.0286193340955273,0.044482386329139,0.0363256944789416,0.0035363819198038,0.0029676831208466,125.0,-175.0,146.0,-150.0,0.0,0.0,0,0,0,0,0,0,0.0,0,0
810,0.0,0.0,0.0,-0.08237855376254227,0.0187287731158957,1.05998800239952,80452.37761979608,1.2920237310481215,44436.21819973657,723154.3974120714,0.03634360570210023,1,1.3673284694367787,0.0,0.08003824316984082,0.01781645895589919,0.22259932565102333,0.0,0.0,0.4540780039984043,2025-06-28,niko price,jacobe smith,0.8656904079670866,0.1343095920329134,0.8656904079670866,0,0.0,0,950.0,-1667.0,0.0,0.0298842127241991,0.0087607868715643,0.0517511611515738,0.0100288881029875,0.02647661171449,0.0069682043390215,1000.0,-3333.0,1200.0,-2200.0,75.0,0.0,12,0,9,0,3,0,0.0,0,0
811,0.0,0.0,0.0,-0.18074982206433082,0.0187287731158957,1.5050505050505052,80452.37761979608,1.2920237310481215,44436.21819973657,723154.3974120714,0.03634360570210023,1,1.3673284694367787,0.0,0.08003824316984082,0.01781645895589919,0.22259932565102333,0.0,0.0,0.4540780039984043,2025-06-28,jack hermansson,gregory rodrigues,0.5443340108431627,0.4556659891568373,0.5443340108431627,0,0.0,0,164.0,-198.0,0.0,0.0246517396386398,0.0185656693505812,0.0504484899489768,0.0356594319798406,-0.0019896580609198,-0.00149304451628,160.0,-235.0,195.0,-192.0,71.42857142857143,0.0,14,3,10,0,4,3,0.0,0,3
812,15870.897175098073,0.05438274947748044,0.4878048780487805,0.13040707543959035,0.0187287731158957,1.4878048780487805,80452.37761979608,1.2920237310481215,44436.21819973657,723154.3974120714,0.03634360570210023,1,1.3673284694367787,0.14428911031504646,0.08003824316984082,0.01781645895589919,0.22259932565102333,0.18423491425777883,0.22492219319082835,0.4540780039984043,2025-06-28,terrance mckinney,viacheslav borshchev,0.7597818048036591,0.7597818048036591,0.2402181951963409,1,1.0,1,-205.0,160.0,0.3177628271893864,0.0242347923874137,0.0325117397689544,0.0345905247924249,0.04304922676037,0.0088741300258541,0.0108977330920164,-180.0,130.0,-163.0,150.0,66.66666666666666,100.0,3,2,2,2,1,0,66.66666666666666,2,1
813,16071.977937034357,0.04969891159475624,0.5405405405405406,0.08642302345925534,0.0187287731158957,1.5405405405405406,80452.37761979608,1.2920237310481215,44436.21819973657,723154.3974120714,0.03634360570210023,1,1.3673284694367787,0.09192956721912772,0.08003824316984082,0.01781645895589919,0.22259932565102333,0.11626374188095198,0.15049078592008008,0.4540780039984043,2025-06-28,viviane araujo,tracy cortez,0.7052219625963587,0.2947780374036412,0.7052219625963587,0,0.0,0,154.0,-185.0,0.20245324902249784,0.0240948213032229,0.0187287731158957,0.0447437640681861,0.0321793128548906,0.0163683147761138,0.0119282330450517,160.0,-225.0,185.0,-210.0,57.14285714285714,100.0,7,2,4,2,3,0,100.0,2,0
814,-46986.9367849087,0.06497497208488158,-1.0,0.16324818604606184,0.0262663073127574,1.4,145503.32457251858,2.4166666666666656,30702.562065708997,899360.284050299,0.03634360570210023,1,0.9371635610766038,0.05620225865246807,0.30206190602393684,0.16750371030469388,0.5545343751205095,0.2540513848627857,0.3001570257569903,0.1203184015505093,2025-07-12,derrick lewis,tallison teixeira,0.8308915614614728,0.1691084385385272,0.8308915614614728,0,1.0,0,175.0,-250.0,0.46711274358872307,0.0462926168982899,0.0316294610237879,0.0501960845108052,0.0327875984728777,0.0194733548328098,0.0132522178647124,186.0,-275.0,210.0,-245.0,65.21739130434783,0.0,23,0,15,0,8,0,0.0,0,0
815,0.0,0.0,0.0,-0.12114406731115351,0.0262663073127574,1.4545454545454546,145503.32457251858,2.4166666666666656,30702.562065708997,899360.284050299,0.03634360570210023,1,0.9371635610766038,0.0,0.30206190602393684,0.16750371030469388,0.5545343751205095,0.0,0.0,0.1203184015505093,2025-07-12,kennedy nzechukwu,valter walker,0.6042134537235819,0.6042134537235819,0.395786546276418,1,0.0,1,-220.0,180.0,0.0,0.0186488351072455,0.0259940220356115,0.0300964866612525,0.043684804511343,0.0106100521200964,0.0150309735209291,-245.0,175.0,-225.0,200.0,100.0,0.0,5,0,5,0,0,0,100.0,5,0
816,24039.28674554327,0.04986339051156686,0.6666666666666663,0.3138870645890076,0.0262663073127574,1.6666666666666663,145503.32457251858,2.4166666666666656,30702.562065708997,899360.284050299,0.03634360570210023,1,0.9371635610766038,0.0618599979343419,0.30206190602393684,0.16750371030469388,0.5545343751205095,0.38863328309660894,0.41525156197339985,0.1203184015505093,2025-07-12,calvin kattar,steve garcia,0.7883322387534047,0.2116677612465952,0.7883322387534047,0,0.0,0,110.0,-150.0,0.5141358024804981,0.0405383694346594,0.0356521067558167,0.0382112465106747,0.0334868666968724,0.0153265296136339,0.0136870100382037,112.0,-150.0,120.0,-135.0,77.77777777777779,33.33333333333333,9,3,7,1,2,2,33.33333333333333,1,2
817,17102.576419372297,0.05439492023463656,0.4347826086956521,0.03792907190753292,0.0262663073127574,1.434782608695652,145503.32457251858,2.4166666666666656,30702.562065708997,899360.284050299,0.03634360570210023,1,0.9371635610766038,0.016408343728529576,0.30206190602393684,0.16750371030469388,0.5545343751205095,0.056623736076258556,0.09134954458994499,0.1203184015505093,2025-07-12,nate landwehr,morgan charriere,0.723405110723432,0.2765948892765679,0.723405110723432,0,0.0,0,190.0,-230.0,0.13637434936867412,0.0245558468550464,0.017241436321547,0.0473066042538332,0.0308543152863964,0.016879670166691,0.0115833279357756,190.0,-275.0,210.0,-240.0,40.0,0.0,5,0,2,0,3,0,0.0,0,0
818,12578.565632711923,0.06957609980787736,0.25,0.0077874624229021805,0.0262663073127574,1.25,145503.32457251858,2.4166666666666656,30702.562065708997,899360.284050299,0.03634360570210023,1,0.9371635610766038,0.016004099804457526,0.30206190602393684,0.16750371030469388,0.5545343751205095,0.014937551439058653,0.0693450950324684,0.1203184015505093,2025-07-12,vitor petrino,austen lane,0.8062299699383217,0.8062299699383217,0.1937700300616782,1,1.0,1,-400.0,275.0,0.13301456467354292,0.0234985988994331,0.0431680677672335,0.018727478533753,0.0437100839038092,0.013773168478388,0.0312869116284208,-670.0,420.0,-649.0,460.0,0.0,0.0,0,0,0,0,0,0,0.0,0,0
819,13261.917393067708,0.0733559385963921,0.25,0.03412159293094663,0.0262663073127574,1.25,145503.32457251858,2.4166666666666656,30702.562065708997,899360.284050299,0.03634360570210023,1,0.9371635610766038,0.023897920842922974,0.30206190602393684,0.16750371030469388,0.5545343751205095,0.06643518798663176,0.10201386311953377,0.1203184015505093,2025-07-12,stephen thompson,gabriel bonfim,0.8272972743447573,0.1727027256552427,0.8272972743447573,0,0.0,0,310.0,-400.0,0.1986223265515267,0.0283951552837894,0.0155072837406008,0.0471061398406671,0.0242402353031762,0.0199931618252625,0.0109537203918276,295.0,-450.0,333.0,-400.0,37.5,0.0,16,0,6,0,10,0,0.0,0,0
820,16973.898646949863,0.0821520901717922,0.2857142857142856,0.13367243980069538,0.0262663073127574,1.2857142857142856,145503.32457251858,2.4166666666666656,30702.562065708997,899360.284050299,0.03634360570210023,1,0.9371635610766038,0.06308770686197068,0.30206190602393684,0.16750371030469388,0.5545343751205095,0.2459153320454302,0.28501581350373156,0.1203184015505093,2025-07-12,lauren murphy,eduarda moura,0.8817452309560965,0.1182547690439035,0.8817452309560965,0,0.0,0,240.0,-350.0,0.5243396359075354,0.0455058686325771,0.0263895562040242,0.0437100839038092,0.018727478533753,0.0244802089248735,0.011234076789412,420.0,-670.0,460.0,-600.0,62.5,0.0,8,0,5,0,3,0,0.0,0,0
821,25356.80922451881,0.033394448274133154,1.0499999999999998,0.1858207138478033,0.0262663073127574,2.05,145503.32457251858,2.4166666666666656,30702.562065708997,899360.284050299,0.03634360570210023,1,0.9371635610766038,0.027694726706221164,0.30206190602393684,0.16750371030469388,0.5545343751205095,0.1811806087112841,0.23607360929430538,0.1203184015505093,2025-07-12,jake matthews,chidi njokuani,0.5784491287062455,0.5784491287062455,0.4215508712937544,1,1.0,1,105.0,-138.0,0.23017864557147563,0.0354005882336351,0.0322362225882545,0.0349203653219798,0.0338599534583387,0.0226154983832237,0.0220721441156362,-108.0,-122.0,-104.0,-115.0,60.0,50.0,15,2,9,1,6,1,60.0,9,6
822,0.0,0.0,0.0,-0.04098979630732445,0.0262663073127574,1.125,145503.32457251858,2.4166666666666656,30702.562065708997,899360.284050299,0.03634360570210023,1,0.9371635610766038,0.0,0.30206190602393684,0.16750371030469388,0.5545343751205095,0.0,0.0,0.1203184015505093,2025-07-12,fatima kline,melissa martinez,0.8524535143934894,0.8524535143934894,0.1475464856065106,1,1.0,1,-800.0,450.0,0.0,0.0199005970902305,0.0508064736168402,0.016175158964133,0.0500536314025883,0.0089897184225991,0.025324007067597,-1205.0,600.0,-1100.0,750.0,0.0,0.0,0,0,0,0,0,0,0.0,0,0
823,0.0,0.0,0.0,-0.2041277455423256,0.0262663073127574,1.1111111111111112,145503.32457251858,2.4166666666666656,30702.562065708997,899360.284050299,0.03634360570210023,1,0.9371635610766038,0.0,0.30206190602393684,0.16750371030469388,0.5545343751205095,0.0,0.0,0.1203184015505093,2025-07-12,mitch ramirez,mike davis,0.7162850290119069,0.2837149709880931,0.7162850290119069,0,0.0,0,600.0,-900.0,0.0,0.031010663013397,0.0118464798437456,0.0520598246415479,0.0183214070300062,0.024029602697809,0.0093037306355241,520.0,-1000.0,650.0,-900.0,0.0,100.0,0,2,0,2,0,0,100.0,2,0
824,-31623.555211546176,0.04373001854751398,-1.0,0.01251120930145777,0.0262663073127574,1.6134969325153374,145503.32457251858,2.4166666666666656,30702.562065708997,899360.284050299,0.03634360570210023,1,0.9371635610766038,0.012122745163864143,0.30206190602393684,0.16750371030469388,0.5545343751205095,0.015690249171269714,0.08034121054499652,0.1203184015505093,2025-07-12,junior tafa,tuco tokkos,0.6275259586164929,0.6275259586164929,0.3724740413835071,1,0.0,1,-163.0,120.0,0.10075553703873844,0.0339796305551364,0.0403376871081888,0.0345905247924249,0.04304922676037,0.0088741300258541,0.0108977330920164,-180.0,130.0,-163.0,150.0,0.0,0.0,0,0,0,0,0,0,0.0,0,0
825,0.0,0.0,0.0,-0.18868606981125513,0.0262663073127574,1.3636363636363638,145503.32457251858,2.4166666666666656,30702.562065708997,899360.284050299,0.03634360570210023,1,0.9371635610766038,0.0,0.30206190602393684,0.16750371030469388,0.5545343751205095,0.0,0.0,0.1203184015505093,2025-07-12,max griffin,chris curtis,0.5949635488050795,0.4050364511949205,0.5949635488050795,0,0.0,0,200.0,-275.0,0.0,0.040400359353909,0.0262663073127574,0.0452247318867654,0.0268586889264477,0.0239948278272387,0.0148058776401334,230.0,-333.0,250.0,-305.0,72.72727272727273,40.0,11,5,8,2,3,3,40.0,2,3
826,28577.21083018481,0.041307554645322236,0.7692307692307692,0.14447102730458017,0.0262663073127574,1.7692307692307692,52478.15079724847,1.4125874125874125,28577.21083018481,980415.6456777323,0.03634360570210024,1,0.7692307692307692,0.18499567241271908,0.04385172393517885,0.007198155390415302,0.16414760343414406,0.16414760343414406,0.1964565182963788,0.8287839665282708,2025-07-19,max holloway,dustin poirier,0.6468749284765019,0.6468749284765019,0.3531250715234981,1,1.0,1,-130.0,110.0,0.22321338235783625,0.0198146558599141,0.0215932116349099,0.0361951414397327,0.0371639319193405,0.0142526745370105,0.0145073443220182,-122.0,-110.0,-110.0,-102.0,86.95652173913044,81.81818181818183,23,22,20,18,3,4,86.95652173913044,20,3
827,0.0,0.0,0.0,-0.12151513255858176,0.0262663073127574,1.3636363636363638,52478.15079724847,1.4125874125874125,28577.21083018481,980415.6456777323,0.03634360570210024,1,0.7692307692307692,0.0,0.04385172393517885,0.007198155390415302,0.16414760343414406,0.0,0.0,0.8287839665282708,2025-07-19,marvin vettori,brendan allen,0.6442222361237067,0.3557777638762933,0.6442222361237067,0,0.0,0,200.0,-275.0,0.0,0.040400359353909,0.0262663073127574,0.040400359353909,0.0262663073127574,0.0357494745355933,0.0236112560580139,200.0,-275.0,200.0,-265.0,100.0,50.0,12,8,12,4,0,4,50.0,4,4
828,-53433.474886004704,0.0545008386204075,-1.0,0.1323905371798026,0.0227647086791665,1.4878048780487805,-95370.37513053854,-1.0,-151069.5291564871,733975.7413907067,0.03634360570210024,1,-2.300699300699301,0.11600532160794598,0.10073893242952534,0.02850071494568364,0.28291658704664246,0.18708147026760746,0.22754820527239542,0.36077020895099715,2025-07-26,nikita krylov,bogdan guskov,0.7611149512192116,0.7611149512192116,0.2388850487807884,1,0.0,1,-205.0,160.0,0.3215490601212663,0.0242347923874137,0.0325117397689544,0.0242347923874137,0.0325117397689544,0.0147140031176822,0.0192462894633001,-205.0,160.0,-190.0,164.0,64.70588235294117,0.0,17,0,11,0,6,0,64.70588235294117,11,6
829,0.0,0.0,0.0,-0.04511240497148997,0.0227647086791665,1.25,-95370.37513053854,-1.0,-151069.5291564871,733975.7413907067,0.03634360570210024,1,-2.300699300699301,0.0,0.10073893242952534,0.02850071494568364,0.28291658704664246,0.0,0.0,0.36077020895099715,2025-07-26,petr yan,marcus mcghee,0.763910076022808,0.763910076022808,0.2360899239771919,1,1.0,1,-400.0,285.0,0.0,0.0210665492473015,0.0386737104929581,0.0222663835266408,0.0408915112102011,0.0102074894135011,0.0175702883642767,-400.0,280.0,-350.0,300.0,80.0,0.0,10,0,8,0,2,0,80.0,8,2
830,0.0,0.010915252426654717,0.0,-0.04241281930326396,0.0227647086791665,1.7874015748031495,-95370.37513053854,-1.0,-151069.5291564871,733975.7413907067,0.03634360570210024,1,-2.300699300699301,0.003937897898717101,0.10073893242952534,0.02850071494568364,0.28291658704664246,-0.04752252340480478,0.009741625563056983,0.36077020895099715,2025-07-26,asu almabayev,jose ochoa,0.5357426077025792,0.5357426077025792,0.4642573922974208,1,1.0,1,-127.0,100.0,0.010915252426654717,0.0288521678768416,0.0306191977619249,0.0342505339758,0.0350135352882691,0.0156607617640093,0.0157651294179794,-120.0,-110.0,-108.0,-105.0,0.0,0.0,0,0,0,0,0,0,0.0,0,0
831,0.0,0.0,0.0,-0.16170846952655094,0.0227647086791665,1.510204081632653,-95370.37513053854,-1.0,-151069.5291564871,733975.7413907067,0.03634360570210024,1,-2.300699300699301,0.0,0.10073893242952534,0.02850071494568364,0.28291658704664246,0.0,0.0,0.36077020895099715,2025-07-26,robert whittaker,reinier de ridder,0.5550849323405271,0.5550849323405271,0.4449150676594728,1,0.0,1,-196.0,152.0,0.0,0.0255185535659392,0.0334690054216196,0.0333527731951945,0.0395132920372828,0.0108860271118729,0.012842786447449,-162.0,120.0,-150.0,136.0,60.0,0.0,15,0,9,0,6,0,60.0,9,6
832,29326.50366750618,0.04277461342994389,0.6993006993006992,0.12276924970559594,0.0227647086791665,1.6993006993006992,-95370.37513053854,-1.0,-151069.5291564871,733975.7413907067,0.03634360570210024,1,-2.300699300699301,0.08249093415630429,0.10073893242952534,0.02850071494568364,0.28291658704664246,0.14533657403722872,0.19314800954982203,0.36077020895099715,2025-07-26,bryce mitchell,said nurmagomedov,0.6607242909790133,0.6607242909790133,0.3392757090209867,1,1.0,1,-143.0,112.0,0.2286522892124635,0.0283253158583008,0.0318501636043904,0.0391052434963937,0.0449283699489844,0.0068216974963082,0.0077928439724531,-155.0,110.0,-138.0,130.0,80.0,50.0,5,6,4,3,1,3,80.0,4,1
833,-49511.73612927818,0.05050076092477306,-1.0,0.11586387240892293,0.0227647086791665,1.5376344086021505,-95370.37513053854,-1.0,-151069.5291564871,733975.7413907067,0.03634360570210024,1,-2.300699300699301,0.09555149886155741,0.10073893242952534,0.02850071494568364,0.28291658704664246,0.15603058745487036,0.19667317633458428,0.36077020895099715,2025-07-26,amanda ribas,tabatha ricci,0.7257016792589499,0.7257016792589499,0.2742983207410501,1,0.0,1,-186.0,148.0,0.26485418277576245,0.0234706207943237,0.0301048360069394,0.0338481259622635,0.0438354898569455,0.012604303483754,0.0159161956249804,-195.0,140.0,-175.0,155.0,66.66666666666666,100.0,6,2,4,2,2,0,66.66666666666666,4,2
834,0.0,0.06685327387115751,0.0,-0.006032125716091963,0.0227647086791665,1.2666666666666666,-95370.37513053854,-1.0,-151069.5291564871,733975.7413907067,0.03634360570210024,1,-2.300699300699301,0.024118669583555734,0.10073893242952534,0.02850071494568364,0.28291658704664246,-0.011295129043098819,0.035702766297259735,0.36077020895099715,2025-07-26,davey grant,damon blackshear,0.7847114796978222,0.2152885203021778,0.7847114796978222,0,1.0,0,275.0,-375.0,0.06685327387115751,0.0359542671329921,0.0201860837442008,0.0526416870213007,0.0289909660399236,0.0036166730177031,0.0021905279114489,250.0,-390.0,310.0,-320.0,66.66666666666666,100.0,9,1,6,1,3,0,100.0,1,0
835,0.0,0.0,0.0,-0.1452690038540512,0.0227647086791665,1.238095238095238,-95370.37513053854,-1.0,-151069.5291564871,733975.7413907067,0.03634360570210024,1,-2.300699300699301,0.0,0.10073893242952534,0.02850071494568364,0.28291658704664246,0.0,0.0,0.36077020895099715,2025-07-26,mohammad yahya,steven nguyen,0.6903596507332664,0.3096403492667335,0.6903596507332664,0,0.0,0,295.0,-420.0,0.0,0.0397123677409444,0.0211444969133886,0.0555138125575491,0.0302004731567365,0.0074169490611285,0.0044878128436333,250.0,-400.0,300.0,-320.0,0.0,0.0,0,0,0,0,0,0,0.0,0,0
836,-77450.82180871039,0.07899794556539429,-1.0,0.012415886493447909,0.0227647086791665,1.2,-95370.37513053854,-1.0,-151069.5291564871,733975.7413907067,0.03634360570210024,1,-2.300699300699301,0.05590825259809701,0.10073893242952534,0.02850071494568364,0.28291658704664246,0.026636688521683213,0.0722341808308408,0.36077020895099715,2025-07-26,muslim salikhov,carlos leal,0.8436799054112066,0.1563200945887933,0.8436799054112066,0,1.0,0,350.0,-500.0,0.1549691499213865,0.0372347811432948,0.0183207744122606,0.0465639027982264,0.0218121655778418,0.0203095132306039,0.0101989613456673,350.0,-550.0,400.0,-490.0,80.0,0.0,5,0,4,0,1,0,0.0,0,0
837,0.0,0.0,0.0,-0.08493501376493401,0.0227647086791665,1.359712230215827,-95370.37513053854,-1.0,-151069.5291564871,733975.7413907067,0.03634360570210024,1,-2.300699300699301,0.0,0.10073893242952534,0.02850071494568364,0.28291658704664246,0.0,0.0,0.36077020895099715,2025-07-26,ibo aslan,billy elekana,0.6729843020458952,0.6729843020458952,0.3270156979541048,1,0.0,1,-278.0,210.0,0.0,0.0227647086791665,0.0352656719318592,0.0279000291438885,0.0446806160174017,0.0132899980866393,0.0206672000496631,-300.0,210.0,-278.0,235.0,0.0,0.0,0,0,0,0,0,0,0.0,0,0
838,18110.91411619251,0.04935017084318537,0.5,0.020053080262506295,0.0242347923874137,1.5,-45489.72280085127,-1.0,83698.32783903606,772184.3464288915,0.03634360570210024,1,2.569587823785214,0.026268628103721953,0.15151874042310948,0.06365865906239229,0.4201371981091465,0.02780873205188272,0.07897245443009963,0.23986211606968422,2025-08-02,piera rodriguez,ketlen souza,0.6800353868416709,0.6800353868416709,0.3199646131583291,1,1.0,1,-200.0,154.0,0.10951553556748599,0.0259818775864164,0.034385576481825,0.0285181268606408,0.0437982573201501,0.0148558191630255,0.0220105402839789,-275.0,195.0,-250.0,210.0,100.0,0.0,2,0,2,0,0,0,100.0,2,0
839,14586.534192024015,0.07452494699136476,0.2666666666666666,0.0677834209516513,0.0242347923874137,1.2666666666666666,-45489.72280085127,-1.0,83698.32783903606,772184.3464288915,0.03634360570210024,1,2.569587823785214,0.0784558416757684,0.15151874042310948,0.06365865906239229,0.4201371981091465,0.12702194421445834,0.1745453778612955,0.23986211606968422,2025-08-02,tatsuro taira,hyunsung park,0.8429869112776195,0.8429869112776195,0.1570130887223805,1,1.0,1,-375.0,265.0,0.32708725730150556,0.0228071890758546,0.0406390978743977,0.0248633089308972,0.0434596724355623,0.0107595431885676,0.0178118853828609,-360.0,250.0,-320.0,275.0,100.0,0.0,1,0,1,0,0,0,100.0,1,0
840,0.0,0.0,0.0,-0.1228664024868884,0.0242347923874137,1.4166666666666667,-45489.72280085127,-1.0,83698.32783903606,772184.3464288915,0.03634360570210024,1,2.569587823785214,0.0,0.15151874042310948,0.06365865906239229,0.4201371981091465,0.0,0.0,0.23986211606968422,2025-08-02,mateusz rebecki,chris duncan,0.619153127656314,0.619153127656314,0.3808468723436859,1,0.0,1,-240.0,180.0,0.0,0.0258005171254122,0.0372246929586213,0.0358698935850557,0.0537938673115818,0.0083420222779808,0.0118345224887278,-265.0,175.0,-225.0,205.0,0.0,0.0,0,0,0,0,0,0,0.0,0,0
841,0.0,0.0,0.0,-0.11620544451193321,0.0242347923874137,1.3389830508474576,-45489.72280085127,-1.0,83698.32783903606,772184.3464288915,0.03634360570210024,1,2.569587823785214,0.0,0.15151874042310948,0.06365865906239229,0.4201371981091465,0.0,0.0,0.23986211606968422,2025-08-02,elves brener,esteban ribovics,0.6600490984024803,0.3399509015975197,0.6600490984024803,0,0.0,0,215.0,-295.0,0.0,0.0394827004794245,0.0248130600188676,0.0495815640458714,0.0320881274241828,0.0103527252811037,0.0069632920349136,190.0,-280.0,230.0,-250.0,0.0,0.0,0,0,0,0,0,0,0.0,0,0
842,30405.95267493561,0.02510689259444087,1.65,0.47013847409798415,0.0242347923874137,2.65,-45489.72280085127,-1.0,83698.32783903606,772184.3464288915,0.03634360570210024,1,2.569587823785214,0.0781216152385388,0.15151874042310948,0.06365865906239229,0.4201371981091465,0.37383060633378584,0.40960051283547394,0.23986211606968422,2025-08-02,neil magny,elizeu zaleski dos santos,0.5547692355086733,0.5547692355086733,0.4452307644913267,1,1.0,1,165.0,-220.0,0.32569384660912054,0.0376383386030122,0.0272201519630255,0.0554899659112729,0.0459899495221307,0.002770830802842,0.0023732021189688,115.0,-175.0,140.0,-143.0,75.0,40.0,24,10,18,4,6,6,75.0,18,6
843,0.0,0.0,0.0,-0.10695736496551655,0.0242347923874137,1.2298850574712643,-45489.72280085127,-1.0,83698.32783903606,772184.3464288915,0.03634360570210024,1,2.569587823785214,0.0,0.15151874042310948,0.06365865906239229,0.4201371981091465,0.0,0.0,0.23986211606968422,2025-08-02,danny silva,kevin vallejos,0.7261187780186922,0.2738812219813079,0.7261187780186922,0,0.0,0,320.0,-435.0,0.0,0.0335608122449174,0.0176185379998535,0.0461758524205337,0.0236439673992862,0.0106970771965188,0.0060493342867347,300.0,-455.0,340.0,-375.0,0.0,0.0,0,0,0,0,0,0,0.0,0,0
844,0.0,0.0,0.0,-0.15804653253895884,0.0242347923874137,1.238095238095238,-45489.72280085127,-1.0,83698.32783903606,772184.3464288915,0.03634360570210024,1,2.569587823785214,0.0,0.15151874042310948,0.06365865906239229,0.4201371981091465,0.0,0.0,0.23986211606968422,2025-08-02,rinya nakamura,nathan fletcher,0.6800393391031487,0.6800393391031487,0.3199606608968512,1,1.0,1,-420.0,295.0,0.0,0.0211444969133886,0.0397123677409444,0.0258078440079528,0.0485511303510214,0.0079721434521814,0.0137080733499867,-420.0,275.0,-350.0,310.0,0.0,0.0,0,0,0,0,0,0,0.0,0,0
845,17430.778902391892,0.0510591461362664,0.4651162790697674,0.013268158084309256,0.0242347923874137,1.4651162790697674,-45489.72280085127,-1.0,83698.32783903606,772184.3464288915,0.03634360570210024,1,2.569587823785214,0.024022193804464114,0.15151874042310948,0.06365865906239229,0.4201371981091465,0.019047438943423086,0.06976298469335875,0.23986211606968422,2025-08-02,rodolfo vieira,tresean gore,0.6915957269464333,0.6915957269464333,0.3084042730535666,1,1.0,1,-215.0,165.0,0.10015001200725353,0.0252682230395382,0.034629950066182,0.0371730307149528,0.0561930626511406,0.0019838881455293,0.0028238041621629,-270.0,175.0,-225.0,220.0,75.0,50.0,4,2,3,1,1,1,75.0,3,1
846,-27061.872694829686,0.03687025492634671,-1.0,0.10495908680840738,0.0242347923874137,1.8849557522123888,-45489.72280085127,-1.0,83698.32783903606,772184.3464288915,0.03634360570210024,1,2.569587823785214,0.041351726134530205,0.15151874042310948,0.06365865906239229,0.4201371981091465,0.1109244514302697,0.16312658184084772,0.23986211606968422,2025-08-02,nick klein,andrey pulyaev,0.5861989521565731,0.5861989521565731,0.4138010478434268,1,0.0,1,-113.0,-113.0,0.17239790431314628,0.0305164319248826,0.0305164319248826,0.0386616051459952,0.0358064799603876,0.0164688697823669,0.0152771619636649,100.0,-135.0,110.0,-125.0,0.0,0.0,0,0,0,0,0,0,0.0,0,0
847,11805.212263664645,0.0804196351319229,0.19999999999999996,0.02147771895973069,0.0242347923874137,1.2,-45489.72280085127,-1.0,83698.32783903606,772184.3464288915,0.03634360570210024,1,2.569587823785214,0.048659152773138786,0.15151874042310948,0.06365865906239229,0.4201371981091465,0.04594249692555477,0.0948367019600448,0.23986211606968422,2025-08-02,rafael estevam,felipe bunes,0.8512314324664423,0.8512314324664423,0.1487685675335577,1,1.0,1,-500.0,340.0,0.2028630180140762,0.0199619440934658,0.0406441165125948,0.0219458148326149,0.0598723669855667,0.006315456104737,0.0140193492767972,-900.0,450.0,-649.0,550.0,0.0,0.0,0,0,0,0,0,0,0.0,0,0
848,18420.80838465707,0.05144946223562632,0.4878048780487805,0.06183473768535941,0.0242347923874137,1.4878048780487805,-45489.72280085127,-1.0,83698.32783903606,772184.3464288915,0.03634360570210024,1,2.569587823785214,0.044821832951147916,0.15151874042310948,0.06365865906239229,0.4201371981091465,0.08691660345203595,0.1329406286709693,0.23986211606968422,2025-08-02,karol rosa,nora cornolle,0.7136922007393399,0.7136922007393399,0.2863077992606601,1,1.0,1,-205.0,160.0,0.18686499429583275,0.0242347923874137,0.0325117397689544,0.030779782581692,0.0361687727389563,0.0142727727856458,0.0167617099729749,-158.0,120.0,-150.0,132.0,66.66666666666666,0.0,6,0,4,0,2,0,66.66666666666666,4,2
849,-42181.517403430065,0.0546262270123789,-1.0,0.14629284374800383,0.0183207744122606,1.5,-99012.95052141555,-1.0,6337.071718908592,679508.4676263846,0.03634360570210023,1,-0.2111341863736853,0.045219695983975905,0.26750426837926466,0.12284178977905591,0.45921431655397793,0.2053192866498982,0.2371502996254085,0.13586177866355637,2025-08-09,andre fili,christian rodriguez,0.7641952291653359,0.235804770834664,0.7641952291653359,0,1.0,0,163.0,-200.0,0.33283603695456154,0.0267846298943212,0.0201101736544746,0.044044767293463,0.0292048521890331,0.0220105402839789,0.0148558191630255,188.0,-265.0,210.0,-250.0,50.0,0.0,16,0,8,0,8,0,0.0,0,0
850,0.0,0.02987289130047773,0.0,-0.02099401409089513,0.0183207744122606,1.6666666666666663,-99012.95052141555,-1.0,6337.071718908592,679508.4676263846,0.03634360570210023,1,-0.2111341863736853,0.004058584145905984,0.26750426837926466,0.12284178977905591,0.45921431655397793,-0.025454079961940074,0.02463856096294778,0.13586177866355637,2025-08-09,cody brundage,eric mcconico,0.5874035915454631,0.5874035915454631,0.4125964084545369,1,0.0,1,-150.0,120.0,0.02987289130047773,0.0253013906679012,0.0292440638775533,0.03087828030891,0.0434499072268247,0.0114635944419424,0.0159036743046366,-230.0,165.0,-215.0,190.0,100.0,0.0,2,0,2,0,0,0,100.0,2,0
851,0.0,0.06662843985695703,0.0,-0.0024158179276268232,0.0183207744122606,1.2597402597402598,-99012.95052141555,-1.0,6337.071718908592,679508.4676263846,0.03634360570210023,1,-0.2111341863736853,0.009052258348543974,0.26750426837926466,0.12284178977905591,0.45921431655397793,-0.00460465111690495,0.03495643326924501,0.13586177866355637,2025-08-09,steve erceg,ode osbourne,0.7918967218512653,0.7918967218512653,0.2081032781487347,1,1.0,1,-385.0,295.0,0.06662843985695703,0.0167730992220773,0.0302058907296384,0.0203288459001433,0.0451473445760469,0.0061859464257068,0.0123325720928117,-600.0,380.0,-500.0,440.0,0.0,50.0,0,4,0,2,0,2,0.0,0,0
852,0.0,0.0,0.0,-0.06448206535153833,0.0183207744122606,1.3278688524590163,-99012.95052141555,-1.0,6337.071718908592,679508.4676263846,0.03634360570210023,1,-0.2111341863736853,0.0,0.26750426837926466,0.12284178977905591,0.45921431655397793,0.0,0.0,0.13586177866355637,2025-08-09,miles johns,jean matsumoto,0.7045258520192119,0.295474147980788,0.7045258520192119,0,0.0,0,240.0,-305.0,0.0,0.0291858792151209,0.0180181875967891,0.0585445068439872,0.0384251901257095,0.0028238041621629,0.0019838881455293,175.0,-275.0,220.0,-225.0,50.0,0.0,4,0,2,0,2,0,0.0,0,0
853,0.0,0.0,0.0,-0.15129650250843493,0.0183207744122606,1.3333333333333333,-99012.95052141555,-1.0,6337.071718908592,679508.4676263846,0.03634360570210023,1,-0.2111341863736853,0.0,0.26750426837926466,0.12284178977905591,0.45921431655397793,0.0,0.0,0.13586177866355637,2025-08-09,uros medic,gilbert urbina,0.6365276231186738,0.6365276231186738,0.3634723768813261,1,1.0,1,-300.0,240.0,0.0,0.016916169849521,0.0272014772093025,0.0279281031220234,0.0487982395889739,0.0077693340819139,0.0125009361883561,-360.0,240.0,-300.0,270.0,50.0,0.0,2,1,1,0,1,1,50.0,1,1
854,11487.841910556474,0.09655219552728547,0.15408320493066263,0.033733442928763735,0.0183207744122606,1.1540832049306626,-99012.95052141555,-1.0,6337.071718908592,679508.4676263846,0.03634360570210023,1,-0.2111341863736853,0.043638835624432014,0.26750426837926466,0.12284178977905591,0.45921431655397793,0.08136251871196566,0.13317176095930225,0.13586177866355637,2025-08-09,julius walker,rafael cerqueira,0.8957182970103706,0.8957182970103706,0.1042817029896293,1,1.0,1,-649.0,400.0,0.32120023787188734,0.0201152566224162,0.0463733949129643,0.018528771915647,0.0456423510790053,0.0078046091079427,0.0174142011575963,-750.0,450.0,-649.0,530.0,0.0,0.0,0,0,0,0,0,0,0.0,0,0
855,0.0,0.0,0.0,-0.05226204602382803,0.0183207744122606,1.25,-99012.95052141555,-1.0,6337.071718908592,679508.4676263846,0.03634360570210023,1,-0.2111341863736853,0.0,0.26750426837926466,0.12284178977905591,0.45921431655397793,0.0,0.0,0.13586177866355637,2025-08-09,gabriella fernandes,julija stoliarenko,0.7581903631809376,0.7581903631809376,0.2418096368190624,1,1.0,1,-400.0,275.0,0.0,0.0234985988994331,0.0431680677672335,0.0196470059537602,0.0382680519612975,0.013801037942408,0.0266030024616323,-455.0,320.0,-450.0,350.0,0.0,66.66666666666666,0,3,0,2,0,1,0.0,0,0
856,0.0,0.0,0.0,-0.05185689824380957,0.0183207744122606,1.2,-99012.95052141555,-1.0,6337.071718908592,679508.4676263846,0.03634360570210023,1,-0.2111341863736853,0.0,0.26750426837926466,0.12284178977905591,0.45921431655397793,0.0,0.0,0.13586177866355637,2025-08-09,elijah smith,toshiomi kazama,0.790119251463492,0.790119251463492,0.2098807485365079,1,1.0,1,-500.0,350.0,0.0,0.0183207744122606,0.0372347811432948,0.0210242689023801,0.0555307550210646,0.0045658642181898,0.0100709354653388,-850.0,450.0,-649.0,575.0,0.0,0.0,0,0,0,0,0,0,0.0,0,0
857,24709.31874695021,0.07359827142419152,0.4347826086956521,0.2608137276822074,0.0183207744122606,1.434782608695652,-99012.95052141555,-1.0,6337.071718908592,679508.4676263846,0.03634360570210023,1,-0.2111341863736853,0.08523764971278207,0.26750426837926466,0.12284178977905591,0.45921431655397793,0.4080807196402371,0.4009761487365949,0.13586177866355637,2025-08-09,joselyne edwards,priscila cachoeira,0.8787489617179022,0.8787489617179022,0.1212510382820978,1,1.0,1,-230.0,180.0,0.6273850567190187,0.0223754287271183,0.0317371253854357,0.0231736516692425,0.0450081665125755,0.0096600984648791,0.0176126288078482,-450.0,300.0,-400.0,340.0,60.0,60.0,5,5,3,3,2,2,60.0,3,2
858,12321.42846483197,0.07978294640272549,0.19999999999999996,0.017016503817803452,0.0183207744122606,1.2,-99012.95052141555,-1.0,6337.071718908592,679508.4676263846,0.03634360570210023,1,-0.2111341863736853,0.02387010726326992,0.26750426837926466,0.12284178977905591,0.45921431655397793,0.03651590705237683,0.08187386964785533,0.13586177866355637,2025-08-09,eryk anders,christian leroy duncan,0.8475137531815029,0.152486246818497,0.8475137531815029,0,0.0,0,350.0,-500.0,0.17569405831481913,0.0372347811432948,0.0183207744122606,0.0383636065488307,0.0180795043099804,0.0203095132306039,0.0101989613456673,375.0,-549.0,400.0,-490.0,45.45454545454545,0.0,11,0,5,0,6,0,0.0,0,0
859,17774.81415084406,0.052316681830129066,0.5,0.11237208028342005,0.0405383694346594,1.5,-74729.07304919207,-1.0,26205.277826376136,630984.6724035686,0.03634360570210024,1,1.5771332961517013,0.032503311244530576,0.3201170013140252,0.1947625074974402,0.6084103833847425,0.1560073842685454,0.20621563985307834,0.11353225712135248,2025-08-16,jared cannonier,michael page,0.7415813868556134,0.2584186131443866,0.7415813868556134,0,0.0,0,150.0,-200.0,0.2862914212106996,0.0379213858088197,0.0287452808578468,0.042226716265892,0.0303091129239294,0.0079764350850802,0.0059124538038086,163.0,-225.0,188.0,-200.0,50.0,0.0,12,0,6,0,6,0,0.0,0,0
860,18218.606846537776,0.043702662401823904,0.6134969325153374,0.01047631229354895,0.0405383694346594,1.6134969325153374,-74729.07304919207,-1.0,26205.277826376136,630984.6724035686,0.03634360570210024,1,1.5771332961517013,0.011093322686471905,0.3201170013140252,0.1947625074974402,0.6084103833847425,0.013139022762669364,0.07790902062978604,0.11353225712135248,2025-08-16,karine silva,dione barbosa,0.6262647867066482,0.6262647867066482,0.3737352132933518,1,1.0,1,-163.0,120.0,0.09771075611237484,0.0339796305551364,0.0403376871081888,0.03087828030891,0.0434499072268247,0.0101556457621264,0.0136538780473972,-230.0,165.0,-200.0,180.0,0.0,0.0,0,0,0,0,0,0,0.0,0,0
861,0.0,0.0,0.0,-0.03460008107271406,0.0405383694346594,1.4444444444444444,-74729.07304919207,-1.0,26205.277826376136,630984.6724035686,0.03634360570210024,1,1.5771332961517013,0.0,0.3201170013140252,0.1947625074974402,0.6084103833847425,0.0,0.0,0.11353225712135248,2025-08-16,dricus du plessis,khamzat chimaev,0.6683537900265826,0.3316462099734174,0.6683537900265826,0,0.0,0,185.0,-225.0,0.0,0.0252599077377893,0.017924977552359,0.0799904167733019,0.0533429165600314,-0.0253278176654002,-0.0193150394774569,150.0,-275.0,220.0,-180.0,75.0,100.0,4,4,3,4,1,0,100.0,4,0
862,0.0,0.0,0.0,-0.06367001643868386,0.0405383694346594,1.3448275862068966,-74729.07304919207,-1.0,26205.277826376136,630984.6724035686,0.03634360570210024,1,1.5771332961517013,0.0,0.3201170013140252,0.1947625074974402,0.6084103833847425,0.0,0.0,0.11353225712135248,2025-08-16,geoff neal,carlos prates,0.6962453723917479,0.3037546276082521,0.6962453723917479,0,0.0,0,235.0,-290.0,0.0,0.0258037648952937,0.016293441381017,0.0443857673709329,0.0330335874677767,0.0149498953839405,0.0115314021996411,150.0,-210.0,165.0,-185.0,85.71428571428571,0.0,7,0,6,0,1,0,0.0,0,0
863,0.0,0.0,0.0,-0.09636528723441798,0.0405383694346594,1.3003003003003002,-74729.07304919207,-1.0,26205.277826376136,630984.6724035686,0.03634360570210024,1,1.5771332961517013,0.0,0.3201170013140252,0.1947625074974402,0.6084103833847425,0.0,0.0,0.11353225712135248,2025-08-16,tim elliott,kai asakura,0.6949430931892352,0.3050569068107648,0.6949430931892352,0,1.0,0,225.0,-333.0,0.0,0.0481394191137471,0.0286060063614704,0.0376784900464091,0.0222915249460947,0.0147846812209487,0.0091879215187772,245.0,-335.0,265.0,-300.0,66.66666666666666,0.0,12,0,8,0,4,0,0.0,0,0
864,14263.855908617024,0.05772643847355894,0.36363636363636376,0.012285139668958278,0.0405383694346594,1.3636363636363638,-74729.07304919207,-1.0,26205.277826376136,630984.6724035686,0.03634360570210024,1,1.5771332961517013,0.013671717573743922,0.3201170013140252,0.1947625074974402,0.6084103833847425,0.019762040937770852,0.074860394231641,0.11353225712135248,2025-08-16,jessica andrade,loopy godinez,0.742342435757236,0.257657564242764,0.742342435757236,0,0.0,0,200.0,-275.0,0.12042143722317158,0.040400359353909,0.0262663073127574,0.0395673085007323,0.0353612136327586,0.0141495107588835,0.0125721261322447,107.0,-145.0,122.0,-136.0,70.58823529411765,100.0,17,1,12,1,5,0,100.0,1,0
865,0.0,0.06310930739482952,0.0,-0.012968333979423596,0.0405383694346594,1.4444444444444444,-74729.07304919207,-1.0,26205.277826376136,630984.6724035686,0.03634360570210024,1,1.5771332961517013,0.007164942113900257,0.3201170013140252,0.1947625074974402,0.6084103833847425,-0.018948366452761472,0.04319224971432734,0.11353225712135248,2025-08-16,gerald meerschaert,michal oleksiejczuk,0.6833296149373221,0.3166703850626778,0.6833296149373221,0,0.0,0,163.0,-225.0,0.06310930739482952,0.042226716265892,0.0303091129239294,0.040577421308325,0.0290887615654049,0.0199742169708566,0.01458799501071,165.0,-225.0,180.0,-210.0,52.94117647058824,50.0,17,4,9,2,8,2,50.0,2,2
866,-50597.13306368286,0.07446137241000914,-1.0,0.17863424099181413,0.0405383694346594,1.359712230215827,-74729.07304919207,-1.0,26205.277826376136,630984.6724035686,0.03634360570210024,1,1.5771332961517013,0.06090876413252718,0.3201170013140252,0.1947625074974402,0.6084103833847425,0.2983619665280899,0.3212046053964622,0.11353225712135248,2025-08-16,chase hooper,alexander hernandez,0.8668262407294296,0.8668262407294296,0.1331737592705704,1,0.0,1,-278.0,210.0,0.5364886216207518,0.0227647086791665,0.0352656719318592,0.0302004731567365,0.0555138125575491,0.0048326244501729,0.0081229323571273,-400.0,250.0,-333.0,310.0,50.0,66.66666666666666,6,6,3,4,3,2,50.0,3,3
867,26545.13398406013,0.03551381790694287,1.1,0.517647546432451,0.0405383694346594,2.1,-74729.07304919207,-1.0,26205.277826376136,630984.6724035686,0.03634360570210024,1,1.5771332961517013,0.05774449006594764,0.3201170013140252,0.1947625074974402,0.6084103833847425,0.5092462411283344,0.5170084082708671,0.11353225712135248,2025-08-16,edson barboza,drakkar klose,0.7226893078249766,0.2773106921750233,0.7226893078249766,0,0.0,0,-150.0,110.0,0.5086174760378951,0.0356521067558167,0.0405383694346594,0.0361951414397327,0.0371639319193405,0.0154784823892178,0.0157202039818824,-122.0,-110.0,-110.0,-103.0,62.5,25.0,24,4,15,1,9,3,25.0,1,3
868,-18388.677957600325,0.02914282828385282,-1.0,0.22057415427168925,0.0294867742267166,2.3200000000000003,-42928.350822390465,-1.0,1243.0603342317918,589299.3819154099,0.03634360570210024,1,-0.19999999999999996,0.1386362579950741,0.05590475230098063,0.011749572948433087,0.21017127283161197,0.19309188631632068,0.2436060896680221,0.6500986804562361,2025-08-23,xiao long,suyoung you,0.5261095492550384,0.5261095492550384,0.4738904507449616,1,0.0,1,132.0,-170.0,0.2132541753473178,0.0333769876637669,0.0272871247244832,0.0256281517431981,0.0228214606599026,0.0184741115379448,0.0165126712330085,115.0,-140.0,118.0,-136.0,0.0,0.0,0,0,0,0,0,0,0.0,0,0
869,0.0,0.0,0.0,-0.20679635273459698,0.0294867742267166,1.3389830508474576,-42928.350822390465,-1.0,1243.0603342317918,589299.3819154099,0.03634360570210024,1,-0.19999999999999996,0.0,0.05590475230098063,0.011749572948433087,0.21017127283161197,0.0,0.0,0.6500986804562361,2025-08-23,michel pereira,kyle daukaus,0.5923925973247947,0.5923925973247947,0.4076074026752053,1,0.0,1,-295.0,220.0,0.0,0.0228866584861963,0.0364487845517783,0.027023714700105,0.0417593540829637,0.0111716325197332,0.016433612476816,-278.0,200.0,-245.0,215.0,60.0,25.0,5,4,3,1,2,3,60.0,3,2
870,0.0,0.0,0.0,-0.056216807252947976,0.0294867742267166,1.4081632653061225,-42928.350822390465,-1.0,1243.0603342317918,589299.3819154099,0.03634360570210024,1,-0.19999999999999996,0.0,0.05590475230098063,0.011749572948433087,0.21017127283161197,0.0,0.0,0.6500986804562361,2025-08-23,charles johnson,loneer kavanagh,0.6702228470232688,0.3297771529767311,0.6702228470232688,0,1.0,0,186.0,-245.0,0.0,0.0354748016149017,0.0243204755716798,0.040400359353909,0.0262663073127574,0.0189616252113446,0.012784406534687,200.0,-275.0,215.0,-250.0,50.0,0.0,4,0,2,0,2,0,0.0,0,0
871,0.0,0.03257355910527825,0.0,-0.019169924850232,0.0294867742267166,1.3773584905660377,-42928.350822390465,-1.0,1243.0603342317918,589299.3819154099,0.03634360570210024,1,-0.19999999999999996,0.021176027792104608,0.05590475230098063,0.011749572948433087,0.21017127283161197,-0.03042183541633535,0.020525805613210248,0.6500986804562361,2025-08-23,sergei pavlovich,waldo cortes acosta,0.712109506615585,0.712109506615585,0.2878904933844149,1,1.0,1,-265.0,200.0,0.03257355910527825,0.0236112560580139,0.0357494745355933,0.027023714700105,0.0417593540829637,0.0107808807910866,0.0160048334946276,-278.0,200.0,-250.0,220.0,83.33333333333334,100.0,6,1,5,1,1,0,83.33333333333334,5,1
872,0.0,0.0,0.0,-0.10386140296272611,0.0294867742267166,1.2564102564102564,-42928.350822390465,-1.0,1243.0603342317918,589299.3819154099,0.03634360570210024,1,-0.19999999999999996,0.0,0.05590475230098063,0.011749572948433087,0.21017127283161197,0.0,0.0,0.6500986804562361,2025-08-23,johnny walker,zhang mingyang,0.7132531690704833,0.2867468309295167,0.7132531690704833,0,1.0,0,280.0,-390.0,0.0,0.0380841981132931,0.0209920639704876,0.0455056008676303,0.0247646694026397,0.0137080733499867,0.0079721434521814,270.0,-400.0,310.0,-350.0,70.0,0.0,10,0,7,0,3,0,0.0,0,0
873,19631.738291832116,0.038891076024577226,0.8,0.07597717895327,0.0294867742267166,1.8,-42928.350822390465,-1.0,1243.0603342317918,589299.3819154099,0.03634360570210024,1,-0.19999999999999996,0.0983469329459572,0.05590475230098063,0.011749572948433087,0.21017127283161197,0.08423556234448769,0.13644864289904193,0.6500986804562361,2025-08-23,maheshate,gauge young,0.5977650994184833,0.4022349005815167,0.5977650994184833,0,0.0,0,-102.0,-125.0,0.15128000702437636,0.0310192763783439,0.0294867742267166,0.0392125885477683,0.033402621682121,0.0129057544857461,0.0113706227318075,118.0,-159.0,125.0,-138.0,0.0,0.0,1,0,0,0,1,0,0.0,0,0
874,0.0,0.0,0.0,-0.21070990601024575,0.0202306563835465,1.4444444444444444,82216.38489353363,1.4603174603174605,31671.297190143618,703187.0639990872,0.03634360570210024,1,1.1428571428571428,0.0,0.05125927058579929,0.007982193038863028,0.15572193961484873,0.0,0.0,0.7090152724913874,2025-09-06,benoit st denis,mauricio ruffy,0.5464316035313683,0.4535683964686317,0.5464316035313683,0,1.0,0,175.0,-225.0,0.0,0.0326609013348426,0.0232831546092132,0.0537976062394936,0.0420019516087009,0.0024264795177794,0.0019607682154757,130.0,-195.0,160.0,-163.0,100.0,0.0,1,0,1,0,0,0,0.0,0,0
875,17015.62262396972,0.04331148940457962,0.6666666666666663,0.11330608337101211,0.0202306563835465,1.6666666666666663,82216.38489353363,1.4603174603174605,31671.297190143618,703187.0639990872,0.03634360570210024,1,1.1428571428571428,0.16866516468676399,0.05125927058579929,0.007982193038863028,0.15572193961484873,0.13664285443503327,0.19725867264301236,0.7090152724913874,2025-09-06,nassourdine imavov,caio borralho,0.6679836500226074,0.6679836500226074,0.3320163499773926,1,1.0,1,-150.0,110.0,0.2378865043260585,0.0356521067558167,0.0405383694346594,0.0444336839153992,0.040628556748501,0.0107683918506759,0.009903442774647,100.0,-141.0,115.0,-125.0,40.0,100.0,5,2,2,2,3,0,40.0,2,3
876,0.0,0.09677680176572875,0.0,-0.0023363991235307024,0.0202306563835465,1.25,82216.38489353363,1.4603174603174605,31671.297190143618,703187.0639990872,0.03634360570210024,1,1.1428571428571428,0.06861623047477315,0.05125927058579929,0.007982193038863028,0.15572193961484873,-0.0044816667741417,0.05045204077379363,0.7090152724913874,2025-09-06,oumar sy,brendson ribeiro,0.7981308807011754,0.7981308807011754,0.2018691192988245,1,1.0,1,-400.0,275.0,0.09677680176572875,0.0234985988994331,0.0431680677672335,0.0201574573220818,0.0465092093445847,0.0072379008629356,0.0151599911001737,-650.0,400.0,-560.0,475.0,0.0,0.0,0,0,0,0,0,0,0.0,0,0
877,0.0,0.0,0.0,-0.11447429626350591,0.0202306563835465,1.7407407407407407,82216.38489353363,1.4603174603174605,31671.297190143618,703187.0639990872,0.03634360570210024,1,1.1428571428571428,0.0,0.05125927058579929,0.007982193038863028,0.15572193961484873,0.0,0.0,0.7090152724913874,2025-09-06,andreas gustafsson,rinat fakhretdinov,0.508706255337986,0.4912937446620141,0.508706255337986,0,0.0,0,110.0,-135.0,0.0,0.0265532308486119,0.0241053304482471,0.0334110966260284,0.0366169145784532,0.0167443216164536,0.0182725688836698,-138.0,104.0,-129.0,112.0,0.0,100.0,0,1,0,1,0,0,100.0,1,0
878,0.0,0.0,0.0,-0.25154728974169993,0.0202306563835465,1.3225806451612905,82216.38489353363,1.4603174603174605,31671.297190143618,703187.0639990872,0.03634360570210024,1,1.1428571428571428,0.0,0.05125927058579929,0.007982193038863028,0.15572193961484873,0.0,0.0,0.7090152724913874,2025-09-06,brad tavares,robert bryczek,0.5659032687318853,0.5659032687318853,0.4340967312681146,1,0.0,1,-310.0,230.0,0.0,0.0224810447667491,0.0366468192391635,0.03087828030891,0.0434499072268247,0.007787088324373,0.0103727179710265,-230.0,165.0,-195.0,180.0,55.00000000000001,0.0,20,0,11,0,9,0,55.00000000000001,11,9
879,0.0,0.0,0.0,-0.1769683440198642,0.0202306563835465,1.4,82216.38489353363,1.4603174603174605,31671.297190143618,703187.0639990872,0.03634360570210024,1,1.1428571428571428,0.0,0.05125927058579929,0.007982193038863028,0.15572193961484873,0.0,0.0,0.7090152724913874,2025-09-06,shauna bannon,sam hughes,0.5878797542715256,0.4121202457284744,0.5878797542715256,0,0.0,0,175.0,-250.0,0.0,0.0462926168982899,0.0316294610237879,0.0491646186631192,0.0310041577081886,0.0103527252811037,0.0069632920349136,200.0,-295.0,230.0,-250.0,0.0,50.0,0,4,0,2,0,2,50.0,2,2
880,14655.674566173899,0.05222628350454132,0.4761904761904765,0.055695594900806944,0.0202306563835465,1.4761904761904765,82216.38489353363,1.4603174603174605,31671.297190143618,703187.0639990872,0.03634360570210024,1,1.1428571428571428,0.119874915513327,0.05125927058579929,0.007982193038863028,0.15572193961484873,0.0794355361845208,0.11854377133449175,0.7090152724913874,2025-09-06,sam patterson,trey waters,0.7151486288037723,0.7151486288037723,0.2848513711962277,1,1.0,1,-210.0,170.0,0.16907240247745603,0.0202306563835465,0.0275590688255333,0.0259768566564504,0.0338870889217809,0.0149724626013379,0.0194847044894169,-194.0,150.0,-188.0,162.0,0.0,0.0,0,0,0,0,0,0,0.0,0,0
881,0.0,0.0,0.0,-0.10501168708134218,0.0253013906679012,1.3636363636363638,-78227.87576937235,-1.0,-9780.724271024072,615178.4639586908,0.03634360570210024,1,-0.6363636363636362,0.0,0.2554152783233366,0.12615131487954406,0.4939066907338486,0.0,0.0,0.142292215018132,2025-09-13,jose daniel medina,dusko todorovic,0.6563247628070157,0.3436752371929844,0.6563247628070157,0,0.0,0,200.0,-275.0,0.0,0.040400359353909,0.0262663073127574,0.0560544392342521,0.0287940456142326,0.0228112741965859,0.012482843450473,275.0,-450.0,325.0,-400.0,0.0,0.0,0,1,0,0,0,1,0.0,0,1
882,0.0,0.0,0.0,-0.05947022824826298,0.0253013906679012,1.4444444444444444,-78227.87576937235,-1.0,-9780.724271024072,615178.4639586908,0.03634360570210024,1,-0.6363636363636362,0.0,0.2554152783233366,0.12615131487954406,0.4939066907338486,0.0,0.0,0.142292215018132,2025-09-13,jesus aguilar,luis gurule,0.6511359958281256,0.3488640041718743,0.6511359958281256,0,1.0,0,163.0,-225.0,0.0,0.042226716265892,0.0303091129239294,0.0379213858088197,0.0287452808578468,0.0165606854183398,0.0127902584813331,150.0,-200.0,163.0,-185.0,0.0,0.0,0,0,0,0,0,0,0.0,0,0
883,-28033.29800391695,0.039866060454083294,-1.0,0.3871781011823353,0.0253013906679012,1.9090909090909087,-78227.87576937235,-1.0,-9780.724271024072,615178.4639586908,0.03634360570210024,1,-0.6363636363636362,0.06619684520984237,0.2554152783233366,0.12615131487954406,0.4939066907338486,0.41297026371588924,0.43616233291055934,0.142292215018132,2025-09-13,claudio puelles,joaquim silva,0.7266171006193186,0.7266171006193186,0.2733828993806814,1,0.0,1,-110.0,-120.0,0.46521761715078397,0.0350135352882691,0.0342505339758,0.0459416887491485,0.0495867665354043,0.0020042009922551,0.0021659407925654,-140.0,-105.0,-120.0,118.0,50.0,80.0,6,5,3,4,3,1,50.0,3,3
884,18252.573732892877,0.07138154317002703,0.36363636363636376,0.16598256343242845,0.0253013906679012,1.3636363636363638,-78227.87576937235,-1.0,-9780.724271024072,615178.4639586908,0.03634360570210024,1,-0.6363636363636362,0.07188462582056758,0.2554152783233366,0.12615131487954406,0.4939066907338486,0.2730772558168098,0.30706605828673844,0.142292215018132,2025-09-13,tatiana suarez,amanda lemos,0.8550538798504475,0.8550538798504475,0.1449461201495525,1,1.0,1,-275.0,200.0,0.5051901526124073,0.0262663073127574,0.040400359353909,0.0218876077021852,0.0437938372896047,0.010446821991816,0.0194677079227138,-480.0,320.0,-420.0,350.0,80.0,42.857142857142854,5,7,4,3,1,4,80.0,4,1
885,0.0,0.0,0.0,-0.16663350892110512,0.0253013906679012,1.4444444444444444,-78227.87576937235,-1.0,-9780.724271024072,615178.4639586908,0.03634360570210024,1,-0.6363636363636362,0.0,0.2554152783233366,0.12615131487954406,0.4939066907338486,0.0,0.0,0.142292215018132,2025-09-13,kelvin gastelum,dustin stoltzfus,0.5769460322853888,0.5769460322853888,0.4230539677146112,1,1.0,1,-225.0,175.0,0.0,0.0232831546092132,0.0326609013348426,0.0284987596941501,0.0410199568833899,0.0115070841666315,0.0161289702551372,-240.0,175.0,-220.0,194.0,70.58823529411765,100.0,17,3,12,3,5,0,70.58823529411765,12,5
886,0.0,0.0,0.0,-0.15079272656421294,0.0253013906679012,1.5,-78227.87576937235,-1.0,-9780.724271024072,615178.4639586908,0.03634360570210024,1,-0.6363636363636362,0.0,0.2554152783233366,0.12615131487954406,0.4939066907338486,0.0,0.0,0.142292215018132,2025-09-13,rafa garcia,jared gordon,0.5661381822905247,0.4338618177094753,0.5661381822905247,0,1.0,0,150.0,-200.0,0.0,0.0379213858088197,0.0287452808578468,0.0375277844284696,0.02916726310949,0.0146837005057448,0.0117713259492816,143.0,-190.0,152.0,-170.0,50.0,70.0,4,10,2,7,2,3,70.0,7,3
887,0.0,0.0,0.0,-0.05199504331306615,0.0253013906679012,1.4444444444444444,-78227.87576937235,-1.0,-9780.724271024072,615178.4639586908,0.03634360570210024,1,-0.6363636363636362,0.0,0.2554152783233366,0.12615131487954406,0.4939066907338486,0.0,0.0,0.142292215018132,2025-09-13,rob font,david martinez,0.656311123860185,0.656311123860185,0.343688876139815,1,0.0,1,-225.0,175.0,0.0,0.0232831546092132,0.0326609013348426,0.0419094711100993,0.0447537359475032,0.0050930545995517,0.0054777699247609,-135.0,-105.0,-120.0,115.0,25.0,0.0,12,0,3,0,9,0,25.0,3,9
888,0.0,0.0,0.0,-0.12157549623473363,0.0253013906679012,1.5,-78227.87576937235,-1.0,-9780.724271024072,615178.4639586908,0.03634360570210024,1,-0.6363636363636362,0.0,0.2554152783233366,0.12615131487954406,0.4939066907338486,0.0,0.0,0.142292215018132,2025-09-13,diego lopes,jean silva,0.5856163358435109,0.4143836641564891,0.5856163358435109,0,1.0,0,150.0,-200.0,0.0,0.0379213858088197,0.0287452808578468,0.0455189865069233,0.031085568358501,0.0062340144725243,0.0045186736995186,176.0,-250.0,200.0,-210.0,0.0,0.0,0,0,0,0,0,0,0.0,0,0
889,0.0,0.013886982350832074,0.0,-0.032325396269853035,0.0253013906679012,1.6666666666666663,-78227.87576937235,-1.0,-9780.724271024072,615178.4639586908,0.03634360570210024,1,-0.6363636363636362,0.0019760094786176016,0.2554152783233366,0.12615131487954406,0.4939066907338486,-0.039211842259277235,0.011448128463714177,0.142292215018132,2025-09-13,alexander hernandez,diego ferreira,0.5806047622380883,0.5806047622380883,0.4193952377619117,1,1.0,1,-150.0,120.0,0.013886982350832074,0.0253013906679012,0.0292440638775533,0.0434647008446087,0.0432742482796613,0.0061313183241084,0.0060638036271111,-118.0,-120.0,100.0,-105.0,66.66666666666666,50.0,6,8,4,4,2,4,66.66666666666666,4,2
890,14703.957493706243,0.05616955425885975,0.42553191489361697,0.06122595334032199,0.015057561985822,1.425531914893617,122965.62401634184,2.575,63885.047157066976,802029.1351320995,0.03634360570210023,1,2.298150962512665,0.14947609493280503,0.04594605459534717,0.009358336836372124,0.20368096714271128,0.0924909450323812,0.12509164245541154,0.7910060183008761,2025-09-27,jimmy crute,ivan erslan,0.7444420866715692,0.7444420866715692,0.2555579133284308,1,1.0,1,-235.0,195.0,0.18896960512877992,0.0165952941823782,0.0238802939785123,0.0288236400728919,0.0415575915986622,0.0078978110149948,0.0112072669136124,-241.0,175.0,-225.0,206.0,25.0,0.0,4,0,1,0,3,0,25.0,1,3
891,16405.8777475274,0.046669849060419724,0.5714285714285714,0.02795749090558547,0.015057561985822,1.5714285714285714,122965.62401634184,2.575,63885.047157066976,802029.1351320995,0.03634360570210023,1,2.298150962512665,0.07749313237259221,0.04594605459534717,0.009358336836372124,0.20368096714271128,0.03654355656539767,0.07494985692362895,0.7910060183008761,2025-09-27,carlos ulberg,dominick reyes,0.654154766939918,0.654154766939918,0.3458452330600819,1,1.0,1,-175.0,145.0,0.09796781640050183,0.0197703920738484,0.0247565095959103,0.0258820327636691,0.0391284153440624,0.010217586190679,0.0146209632380343,-265.0,195.0,-230.0,205.0,66.66666666666666,66.66666666666666,3,9,2,6,1,3,66.66666666666666,2,1
892,17653.19691460369,0.045913692884513205,0.625,0.09570803627934499,0.015057561985822,1.625,122965.62401634184,2.575,63885.047157066976,802029.1351320995,0.03634360570210023,1,2.298150962512665,0.1519883098708585,0.04594605459534717,0.009358336836372124,0.20368096714271128,0.12008180323410356,0.15314456986892483,0.7910060183008761,2025-09-27,tom nolan,charlie campbell,0.6742818684795969,0.6742818684795969,0.3257181315204031,1,1.0,1,-160.0,135.0,0.19214557962193216,0.0185737585076675,0.0223427717705648,0.0410247737237094,0.0498843171853813,0.0116122408128435,0.0140140004582179,-175.0,120.0,-158.0,142.0,0.0,0.0,0,0,0,0,0,0,0.0,0,0
893,0.0,0.062209743050460536,0.0,-0.00041517800955911954,0.015057561985822,1.3333333333333333,122965.62401634184,2.575,63885.047157066976,802029.1351320995,0.03634360570210023,1,2.298150962512665,0.04920828114986539,0.04594605459534717,0.009358336836372124,0.20368096714271128,-0.0007034844802596095,0.036714551663375755,0.7910060183008761,2025-09-27,jack jenkins,ramon taveras,0.7496886164928307,0.7496886164928307,0.2503113835071693,1,1.0,1,-300.0,240.0,0.062209743050460536,0.016916169849521,0.0272014772093025,0.0345444993467652,0.0581510883432608,0.0046492144156145,0.0070924685589452,-335.0,210.0,-265.0,250.0,0.0,0.0,0,0,0,0,0,0,0.0,0,0
894,23410.23039759596,0.03171197705100411,1.2000000000000002,0.11142089096921959,0.015057561985822,2.2,122965.62401634184,2.575,63885.047157066976,802029.1351320995,0.03634360570210023,1,2.298150962512665,0.09896032536423037,0.04594605459534717,0.009358336836372124,0.20368096714271128,0.10192976071683647,0.13675617615029112,0.7910060183008761,2025-09-27,colby thicknesse,josias musasa,0.505191314076918,0.505191314076918,0.494808685923082,1,1.0,1,120.0,-140.0,0.12510691837314022,0.0201102033293715,0.0177685845494162,0.0531061579115492,0.0415403963623343,-0.0087492050040015,-0.0071004823248937,130.0,-194.0,169.0,-158.0,0.0,0.0,0,0,0,0,0,0,0.0,0,0
895,14853.958328238832,0.05070611914560806,0.4761904761904765,0.001614932415021253,0.015057561985822,1.4761904761904765,122965.62401634184,2.575,63885.047157066976,802029.1351320995,0.03634360570210023,1,2.298150962512665,0.04292529382577028,0.04594605459534717,0.009358336836372124,0.20368096714271128,0.0023077849039628787,0.03797453918435705,0.7910060183008761,2025-09-27,navajo stirling,rodolfo bellato,0.6785133413134014,0.6785133413134014,0.3214866586865986,1,1.0,1,-210.0,175.0,0.05426670952261039,0.0173530992925162,0.0237026191825569,0.0318998629780337,0.0525855440880185,0.0060862454044519,0.0093577700395637,-320.0,210.0,-270.0,250.0,0.0,0.0,0,0,0,0,0,0,0.0,0,0
896,-23142.17372460515,0.03761863439705709,-1.0,0.08365882545517345,0.015057561985822,1.869565217391304,122965.62401634184,2.575,63885.047157066976,802029.1351320995,0.03634360570210023,1,2.298150962512665,0.11017662841973327,0.04594605459534717,0.009358336836372124,0.20368096714271128,0.08930970979740858,0.13047363892714345,0.7910060183008761,2025-09-27,jamie mullarkey,rolando bedoya,0.5796314647783487,0.4203685352216513,0.5796314647783487,0,1.0,0,-105.0,-115.0,0.13928671321161204,0.0237995764494319,0.0232792664320201,0.0358064799603876,0.0386616051459952,0.0050930545995517,0.0054777699247609,-135.0,100.0,-120.0,115.0,80.0,0.0,5,0,4,0,1,0,0.0,0,0
897,0.0,0.0,0.0,-0.058939973638309356,0.015057561985822,1.2083333333333333,122965.62401634184,2.575,63885.047157066976,802029.1351320995,0.03634360570210023,1,2.298150962512665,0.0,0.04594605459534717,0.009358336836372124,0.20368096714271128,0.0,0.0,0.7910060183008761,2025-09-27,jake matthews,neil magny,0.7788082976786406,0.7788082976786406,0.2211917023213594,1,0.0,1,-480.0,360.0,0.0,0.015057561985822,0.0299199492585557,0.0270265375564874,0.0481614323683246,0.0081537862806081,0.0134912353644134,-375.0,250.0,-320.0,285.0,60.0,75.0,15,24,9,18,6,6,60.0,9,6
898,-41943.82320363999,0.052297131570826993,-1.0,0.17773280202005703,0.0316294610237879,1.5555555555555556,-117209.21572571686,-1.0,20434.483704377453,705254.40311076,0.03634360570210024,1,0.4851162790697674,0.046652075836549775,0.2758287183852213,0.13509321687116557,0.4897721225767902,0.23798335410692267,0.264425569865115,0.13176150008913468,2025-10-04,magomed ankalaev,alex pereira,0.757113944155751,0.757113944155751,0.242886055844249,1,0.0,1,-180.0,150.0,0.35406454696546674,0.0188793207747618,0.023977822082381,0.0533429165600314,0.0799904167733019,-0.0149723996155494,-0.0195898123660174,-275.0,150.0,-180.0,210.0,87.5,33.33333333333333,8,3,7,1,1,2,87.5,7,1
899,15925.103034861026,0.07644566013691821,0.2597402597402598,0.06964428806372652,0.0316294610237879,1.2597402597402598,-117209.21572571686,-1.0,20434.483704377453,705254.40311076,0.03634360570210024,1,0.4851162790697674,0.04350893596188,0.2758287183852213,0.13509321687116557,0.4897721225767902,0.13299402719420983,0.172919231995492,0.13176150008913468,2025-10-04,merab dvalishvili,cory sandhagen,0.8490990740299684,0.8490990740299684,0.1509009259700315,1,1.0,1,-385.0,285.0,0.3302097800377717,0.0191102367691805,0.0344444559607698,0.0258075013481793,0.0517787055483724,0.0061735975652481,0.0112177067825779,-480.0,300.0,-400.0,360.0,87.5,77.77777777777779,8,9,7,7,1,2,87.5,7,1
900,21760.48626862504,0.05833334903704969,0.4651162790697674,0.16521651698791356,0.0316294610237879,1.4651162790697674,-117209.21572571686,-1.0,20434.483704377453,705254.40311076,0.03634360570210024,1,0.4851162790697674,0.053067379513722854,0.2758287183852213,0.13509321687116557,0.4897721225767902,0.24001289721602598,0.27724134361182906,0.13176150008913468,2025-10-04,jiri prochazka,khalil rountree jr,0.7953065115949252,0.7953065115949252,0.2046934884050748,1,1.0,1,-215.0,165.0,0.40275330409735444,0.0252682230395382,0.034629950066182,0.0287452808578468,0.0379213858088197,0.0088508769065202,0.0113647565166603,-200.0,150.0,-180.0,165.0,50.0,50.0,2,2,1,1,1,1,50.0,1,1
901,21504.397863450526,0.09384371368214717,0.2857142857142856,0.1742296256442838,0.0316294610237879,1.2857142857142856,-117209.21572571686,-1.0,20434.483704377453,705254.40311076,0.03634360570210024,1,0.4851162790697674,0.08580600228664899,0.2758287183852213,0.13509321687116557,0.4897721225767902,0.3294157708519476,0.344434586066071,0.13176150008913468,2025-10-04,josh emmett,youssef zalal,0.913289708834443,0.0867102911655569,0.913289708834443,0,0.0,0,240.0,-350.0,0.6512221113800505,0.0455058686325771,0.0263895562040242,0.0460619216193023,0.0225655293610897,0.0169013791735856,0.0089486904227555,325.0,-500.0,370.0,-435.0,50.0,100.0,10,3,5,3,5,0,100.0,3,0
902,17960.885895983814,0.049267473262871155,0.4545454545454546,0.00025423090057768993,0.0316294610237879,1.4545454545454546,-117209.21572571686,-1.0,20434.483704377453,705254.40311076,0.03634360570210024,1,0.4851162790697674,0.006491952420047563,0.2758287183852213,0.13509321687116557,0.4897721225767902,0.00037191142779660017,0.03368027355917606,0.13176150008913468,2025-10-04,punahele soriano,nikolay veretennikov,0.6876747837441471,0.6876747837441471,0.3123252162558528,1,1.0,1,-220.0,185.0,0.04927048049434664,0.0160111168297911,0.0223660761526648,0.0307772938688427,0.056917189865245,0.0026684056198946,0.0044799502582534,-405.0,250.0,-333.0,320.0,33.33333333333333,0.0,3,0,1,0,2,0,33.33333333333333,1,2
903,-42559.13535373652,0.053064325832411,-1.0,0.04518790687623697,0.0316294610237879,1.4444444444444444,-117209.21572571686,-1.0,20434.483704377453,705254.40311076,0.03634360570210024,1,0.4851162790697674,0.024010527661443296,0.2758287183852213,0.13509321687116557,0.4897721225767902,0.06598334273372287,0.12479612073513692,0.13176150008913468,2025-10-04,macy chiasson,yana santos,0.7235916278373948,0.7235916278373948,0.2764083721626051,1,0.0,1,-225.0,163.0,0.18222718810275032,0.0303091129239294,0.042226716265892,0.0335629363891705,0.0460939263559275,0.0074736116073294,0.0100702480417933,-220.0,155.0,-200.0,185.0,57.14285714285714,100.0,7,1,4,1,3,0,57.14285714285714,4,3
904,0.0,0.026482844305755822,0.0,-0.02825852612988161,0.0316294610237879,1.3003003003003002,-117209.21572571686,-1.0,20434.483704377453,705254.40311076,0.03634360570210024,1,0.4851162790697674,0.0034894192923533855,0.2758287183852213,0.13509321687116557,0.4897721225767902,-0.04954289004540492,0.01510541971051602,0.13176150008913468,2025-10-04,chris gutierrez,farid basharat,0.7473208101587747,0.2526791898412253,0.7473208101587747,0,0.0,0,225.0,-333.0,0.026482844305755822,0.0481394191137471,0.0286060063614704,0.0548316593126138,0.0245334200524655,0.0146707596682225,0.0073418189481296,350.0,-600.0,430.0,-500.0,57.14285714285714,0.0,7,0,4,0,3,0,0.0,0,0
905,0.0,0.0,0.0,-0.04155498068917021,0.0316294610237879,1.1821493624772312,-117209.21572571686,-1.0,20434.483704377453,705254.40311076,0.03634360570210024,1,0.4851162790697674,0.0,0.2758287183852213,0.13509321687116557,0.4897721225767902,0.0,0.0,0.13176150008913468,2025-10-04,veronica hardy,brogan walker,0.8107647389855864,0.8107647389855864,0.1892352610144135,1,1.0,1,-549.0,350.0,0.0,0.0217506013680772,0.0463884159234824,0.0223424093307764,0.0619147968776492,0.0013907199692106,0.0030289660489285,-925.0,450.0,-649.0,625.0,0.0,0.0,0,0,0,0,0,0,0.0,0,0
906,27786.56919883356,0.033966016090142985,1.02,0.11509317812163689,0.0316294610237879,2.02,-117209.21572571686,-1.0,20434.483704377453,705254.40311076,0.03634360570210024,1,0.4851162790697674,0.02166819456103574,0.2758287183852213,0.13509321687116557,0.4897721225767902,0.11370429042143158,0.1664588639139399,0.13176150008913468,2025-10-04,daniel santos,joosang yoo,0.5520263258027905,0.5520263258027905,0.4479736741972094,1,1.0,1,102.0,-130.0,0.16445012045534949,0.0311918528392191,0.0290750434156238,0.0404361667800966,0.0466492510446207,0.0045666922716053,0.005095143477187,-157.0,110.0,-130.0,125.0,0.0,0.0,2,0,0,0,2,0,0.0,0,2
907,0.0,0.06211372617794959,0.0,-0.016685281808460628,0.0316294610237879,1.4,-117209.21572571686,-1.0,20434.483704377453,705254.40311076,0.03634360570210024,1,0.4851162790697674,0.008184197737332392,0.2758287183852213,0.13509321687116557,0.4897721225767902,-0.02556405499648568,0.04054071334125669,0.13176150008913468,2025-10-04,edmen shahbazyan,andre muniz,0.7023676558510996,0.7023676558510996,0.2976323441489004,1,1.0,1,-250.0,175.0,0.06211372617794959,0.0316294610237879,0.0462926168982899,0.0235256614688303,0.0396451033729031,0.0057068304929865,0.0089130525479491,-333.0,240.0,-280.0,260.0,75.0,75.0,8,4,6,3,2,1,75.0,6,2
908,13207.30561784791,0.07490803636017118,0.25,0.04300186983775814,0.015235001794708,1.25,-75366.35771302681,-1.0,36522.11142137302,666410.1568191062,0.03634360570210023,1,0.8253968253968251,0.03535120327258749,0.22319947965631712,0.0986045731115905,0.4417777911643072,0.08439023478326778,0.11062786004621893,0.1628301542551182,2025-10-11,vicente luque,joel alvarez,0.8344014958702065,0.1655985041297935,0.8344014958702065,0,0.0,0,330.0,-400.0,0.2171047705156633,0.0210374942515207,0.011520645283363,0.0465092093445847,0.0201574573220818,0.0093160134839013,0.0045970299943595,400.0,-650.0,475.0,-525.0,71.42857142857143,50.0,14,4,10,2,4,2,50.0,2,2
909,20422.249831995385,0.04343592129715797,0.6666666666666663,0.03384845671977693,0.015235001794708,1.6666666666666663,-75366.35771302681,-1.0,36522.11142137302,666410.1568191062,0.03634360570210023,1,0.8253968253968251,0.014218251840765863,0.22319947965631712,0.0986045731115905,0.4417777911643072,0.041163558152209304,0.07180213080320667,0.1628301542551182,2025-10-11,jafel filho,clayton carpenter,0.6203090740318663,0.6203090740318663,0.3796909259681337,1,1.0,1,-150.0,130.0,0.0873195257095259,0.0160173649636899,0.0187652437319623,0.048421780262274,0.0506955571739555,-0.0010785554887406,-0.001135989643689,-133.0,-112.0,-112.0,113.0,0.0,0.0,0,0,0,0,0,0,0.0,0,0
910,-24414.11456088433,0.03461745783251792,-1.0,0.07237695809755162,0.015235001794708,1.9803921568627447,-75366.35771302681,-1.0,36522.11142137302,666410.1568191062,0.03634360570210023,1,0.8253968253968251,0.020913218778115496,0.22319947965631712,0.0986045731115905,0.4417777911643072,0.07285659265051594,0.127590258246776,0.1628301542551182,2025-10-11,charles oliveira,mateusz gamrot,0.541497275871041,0.458502724128959,0.541497275871041,0,1.0,0,-125.0,-102.0,0.12843578558151575,0.0294867742267166,0.0310192763783439,0.0502289057254486,0.0507811952846522,1.1102230246251564e-14,-1.1046719095020308e-14,-125.0,-120.0,-105.0,105.0,80.0,75.0,25,4,20,3,5,1,75.0,3,1
911,-45115.621737644164,0.06397070551937946,-1.0,0.19534505044023975,0.015235001794708,1.4444444444444444,-75366.35771302681,-1.0,36522.11142137302,666410.1568191062,0.03634360570210023,1,0.8253968253968251,0.07591709952932385,0.22319947965631712,0.0986045731115905,0.4417777911643072,0.29540865595387233,0.3083074135915977,0.1628301542551182,2025-10-11,deiveson figueiredo,montel jackson,0.8275465733817045,0.1724534266182955,0.8275465733817045,0,1.0,0,190.0,-225.0,0.4662348928956908,0.021738976024301,0.0153963024902878,0.0401929323625033,0.0232991311295601,0.0213747626241244,0.0127337645076586,250.0,-350.0,275.0,-330.0,36.36363636363637,85.71428571428571,11,7,4,6,7,1,85.71428571428571,6,1
912,0.0,0.0,0.0,-0.11534544540482522,0.015235001794708,1.5882352941176472,-75366.35771302681,-1.0,36522.11142137302,666410.1568191062,0.03634360570210023,1,0.8253968253968251,0.0,0.22319947965631712,0.0986045731115905,0.4417777911643072,0.0,0.0,0.1628301542551182,2025-10-11,jhonata diniz,mario pinto,0.5570047195599248,0.5570047195599248,0.4429952804400752,1,0.0,1,-170.0,145.0,0.0,0.0168726862316835,0.0209202087040684,0.0358064799603876,0.0386616051459952,0.0104752559866196,0.0111697656584019,-135.0,100.0,-120.0,110.0,0.0,0.0,0,0,0,0,0,0,0.0,0,0
913,16957.5340800349,0.09617825287010211,0.25,0.13677433545627454,0.015235001794708,1.25,-75366.35771302681,-1.0,36522.11142137302,666410.1568191062,0.03634360570210023,1,0.8253968253968251,0.09310059230680016,0.22319947965631712,0.0986045731115905,0.4417777911643072,0.2775549989016055,0.2817559976045488,0.1628301542551182,2025-10-11,julia polastri,karolina kowalkiewicz,0.9094194683650196,0.9094194683650196,0.0905805316349804,1,1.0,1,-400.0,330.0,0.5717650562495475,0.011520645283363,0.0210374942515207,0.0245334200524655,0.0548316593126138,0.0073418189481296,0.0146707596682225,-600.0,350.0,-500.0,430.0,0.0,80.0,0,10,0,8,0,2,0.0,0,0
914,21607.668553844756,0.042893367048758124,0.7142857142857144,0.1378390169198213,0.015235001794708,1.7142857142857144,-75366.35771302681,-1.0,36522.11142137302,666410.1568191062,0.03634360570210023,1,0.8253968253968251,0.03824576245360635,0.22319947965631712,0.0986045731115905,0.4417777911643072,0.16207871343458852,0.19975362776443975,0.1628301542551182,2025-10-11,lucas almeida,michael aswell jr,0.6637394265365624,0.3362605734634376,0.6637394265365624,0,0.0,0,115.0,-140.0,0.23488132544346696,0.0256281517431981,0.0228214606599026,0.0558536211124209,0.0339199932513573,-0.0049942469423515,-0.0034091144021863,205.0,-320.0,250.0,-240.0,0.0,0.0,0,0,0,0,0,0,0.0,0,0
915,16502.044241284697,0.05264710064782023,0.4444444444444444,0.003238571928801226,0.015235001794708,1.4444444444444444,-75366.35771302681,-1.0,36522.11142137302,666410.1568191062,0.03634360570210023,1,0.8253968253968251,0.008889393794469838,0.22319947965631712,0.0986045731115905,0.4417777911643072,0.004791397372837832,0.03690019558392237,0.1628301542551182,2025-10-11,vitor petrino,thomas petersen,0.6945497805660932,0.6945497805660932,0.3054502194339068,1,1.0,1,-225.0,190.0,0.05459304411480295,0.0153963024902878,0.021738976024301,0.0235256614688303,0.0396451033729031,0.0109828680414668,0.0175427158415782,-333.0,240.0,-295.0,255.0,0.0,0.0,0,0,0,0,0,0,0.0,0,0
916,0.0,0.0,0.0,-0.1568738984663941,0.015235001794708,1.5,-75366.35771302681,-1.0,36522.11142137302,666410.1568191062,0.03634360570210023,1,0.8253968253968251,0.0,0.22319947965631712,0.0986045731115905,0.4417777911643072,0.0,0.0,0.1628301542551182,2025-10-11,lucas rocha,stewart nicoll,0.5620840676890706,0.4379159323109294,0.5620840676890706,0,1.0,0,170.0,-200.0,0.0,0.0211927359067407,0.0158443011302963,0.0559391115498085,0.0547328252090848,-0.0011979506991676,-0.0011700341457293,-120.0,-130.0,106.0,-105.0,0.0,0.0,0,0,0,0,0,0,0.0,0,0
917,17355.045394893863,0.049216411321485236,0.5,0.022758956138891784,0.015235001794708,1.5,-75366.35771302681,-1.0,36522.11142137302,666410.1568191062,0.03634360570210023,1,0.8253968253968251,0.01975030042767135,0.22319947965631712,0.0986045731115905,0.4417777911643072,0.031495222508883744,0.0876489120666379,0.1628301542551182,2025-10-11,luan lacerda,saimon oliveira,0.6818393040925945,0.6818393040925945,0.3181606959074055,1,1.0,1,-200.0,150.0,0.1212938753145629,0.0287452808578468,0.0379213858088197,0.0261726437626684,0.047523501362048,0.0079721434521814,0.0137080733499867,-390.0,260.0,-350.0,310.0,100.0,0.0,1,0,1,0,0,0,100.0,1,0
918,0.0,0.0,0.0,-0.12718702527312953,0.015235001794708,1.6451612903225803,-75366.35771302681,-1.0,36522.11142137302,666410.1568191062,0.03634360570210023,1,0.8253968253968251,0.0,0.22319947965631712,0.0986045731115905,0.4417777911643072,0.0,0.0,0.1628301542551182,2025-10-11,ricardo ramos,kaan ofli,0.5305333767947645,0.5305333767947645,0.4694666232052354,1,0.0,1,-155.0,135.0,0.0,0.015235001794708,0.0181400503538111,0.0385181509057216,0.0559957002621218,-0.0023186844320541,-0.0031457964422627,-250.0,163.0,-200.0,205.0,71.42857142857143,0.0,7,0,5,0,2,0,71.42857142857143,5,2
919,-21286.413345280493,0.03194191013967181,-1.0,0.14944650364829104,0.0136896222945035,2.1,-49828.912904678196,-1.0,-40450.124497606565,576131.1194168214,0.03634360570210023,1,-1.1871270247229324,0.060280198638767254,0.1193363387164317,0.042129843935167124,0.3530344938374263,0.14232578229811157,0.2078363713992061,0.30454768508073893,2025-10-18,kevin holland,mike malott,0.5473554779277576,0.5473554779277576,0.4526445220722424,1,0.0,1,110.0,-150.0,0.19793353091088614,0.0405383694346594,0.0356521067558167,0.0403899459927181,0.0399483203920599,0.0121951219512195,0.0121951219512195,-115.0,-120.0,-105.0,-105.0,91.66666666666666,100.0,12,1,11,1,1,0,91.66666666666666,11,1
920,17840.313545265453,0.053541541534782223,0.5,0.11717245159510076,0.0136896222945035,1.5,-49828.912904678196,-1.0,-40450.124497606565,576131.1194168214,0.03634360570210023,1,-1.1871270247229324,0.08194991602843628,0.1193363387164317,0.042129843935167124,0.3530344938374263,0.16447502362729316,0.1916985242130164,0.30454768508073893,2025-10-18,charles jourdain,davey grant,0.7447816343967338,0.7447816343967338,0.2552183656032661,1,1.0,1,-200.0,170.0,0.26908730567664785,0.0158443011302963,0.0211927359067407,0.0314687124102657,0.0403703680495044,0.0092525797802403,0.0117264411987806,-190.0,140.0,-175.0,160.0,50.0,66.66666666666666,8,9,4,6,4,3,50.0,4,4
921,-31675.37831663508,0.047531355866224,-1.0,0.0778669053627461,0.0136896222945035,1.5714285714285714,-49828.912904678196,-1.0,-40450.124497606565,576131.1194168214,0.03634360570210023,1,-1.1871270247229324,0.05753703228861599,0.1193363387164317,0.042129843935167124,0.3530344938374263,0.10161329862412168,0.14477531549552342,0.30454768508073893,2025-10-18,reinier de ridder,brendan allen,0.6859153034126566,0.6859153034126566,0.3140846965873434,1,0.0,1,-175.0,140.0,0.18892618498598107,0.0236091506105913,0.0294211524197116,0.0342356681559874,0.0490051753512268,0.0045186736995186,0.0062340144725243,-240.0,165.0,-210.0,200.0,0.0,50.0,0,8,0,4,0,4,0.0,0,0
922,20682.970695215732,0.04283022890232663,0.7246376811594204,0.18981594420555242,0.0136896222945035,1.7246376811594204,-49828.912904678196,-1.0,-40450.124497606565,576131.1194168214,0.03634360570210023,1,-1.1871270247229324,0.09579129999612797,0.1193363387164317,0.042129843935167124,0.3530344938374263,0.22141103451900376,0.2696523397216636,0.30454768508073893,2025-10-18,marlon vera,aiemann zahabi,0.6898932785729673,0.3101067214270326,0.6898932785729673,0,0.0,0,105.0,-138.0,0.3145362932925681,0.0354005882336351,0.0322362225882545,0.0337117445744432,0.0303908195281207,0.0178827412183016,0.016199055092845,108.0,-140.0,115.0,-132.0,72.22222222222221,0.0,18,0,13,0,5,0,0.0,0,0
923,18231.93230616021,0.04650932252955683,0.5882352941176472,0.04467705401292221,0.0136896222945035,1.5882352941176472,-49828.912904678196,-1.0,-40450.124497606565,576131.1194168214,0.03634360570210023,1,-1.1871270247229324,0.035392404739521585,0.1193363387164317,0.042129843935167124,0.3530344938374263,0.057697094267510754,0.08998815660786876,0.30454768508073893,2025-10-18,kyle nelson,matt frevola,0.6577596266007287,0.6577596266007287,0.3422403733992712,1,1.0,1,-170.0,145.0,0.11621301514782051,0.0168726862316835,0.0209202087040684,0.0564627941134108,0.0579572685825139,-0.0079137459606215,-0.0081930188806118,-132.0,-120.0,-105.0,112.0,100.0,20.0,4,5,4,1,0,4,100.0,4,0
924,-44243.549382332385,0.06639086894100578,-1.0,0.07688078832016054,0.0136896222945035,1.3333333333333333,-49828.912904678196,-1.0,-40450.124497606565,576131.1194168214,0.03634360570210023,1,-1.1871270247229324,0.08240575481471685,0.1193363387164317,0.042129843935167124,0.3530344938374263,0.1313374647753889,0.15839134187426585,0.30454768508073893,2025-10-18,bruno silva,hyunsung park,0.8076605912401205,0.1923394087598794,0.8076605912401205,0,1.0,0,250.0,-300.0,0.27058407878841756,0.022024663419782,0.0136896222945035,0.0502397771009109,0.0344163075551738,0.0032482066683378,0.0024015108457864,170.0,-250.0,195.0,-200.0,42.857142857142854,0.0,7,0,3,0,4,0,0.0,0,0
925,0.0,0.0,0.0,-0.16503168252646727,0.0136896222945035,1.5882352941176472,-49828.912904678196,-1.0,-40450.124497606565,576131.1194168214,0.03634360570210023,1,-1.1871270247229324,0.0,0.1193363387164317,0.042129843935167124,0.3530344938374263,0.0,0.0,0.30454768508073893,2025-10-18,cody gibson,aoriqileng,0.5257207924833354,0.4742792075166646,0.5257207924833354,0,0.0,0,145.0,-170.0,0.0,0.0209202087040684,0.0168726862316835,0.0287452808578468,0.0379213858088197,0.0100303663013401,0.013117781846808,-200.0,150.0,-188.0,170.0,0.0,0.0,3,0,0,0,3,0,0.0,0,0
926,0.0,0.0,0.0,-0.09764918013390228,0.0136896222945035,1.5,-49828.912904678196,-1.0,-40450.124497606565,576131.1194168214,0.03634360570210023,1,-1.1871270247229324,0.0,0.1193363387164317,0.042129843935167124,0.3530344938374263,0.0,0.0,0.30454768508073893,2025-10-18,danny barlow,djorden santos,0.6015672132440651,0.6015672132440651,0.3984327867559348,1,0.0,1,-200.0,170.0,0.0,0.0158443011302963,0.0211927359067407,0.0262663073127574,0.040400359353909,0.0148558191630255,0.0220105402839789,-275.0,200.0,-250.0,210.0,0.0,0.0,0,0,0,0,0,0,0.0,0,0
927,0.0,0.0,0.0,-0.07525137646227856,0.0136896222945035,1.3076923076923077,-49828.912904678196,-1.0,-40450.124497606565,576131.1194168214,0.03634360570210023,1,-1.1871270247229324,0.0,0.1193363387164317,0.042129843935167124,0.3530344938374263,0.0,0.0,0.30454768508073893,2025-10-18,stephanie luciano,ravena oliveira,0.7071607121170811,0.7071607121170811,0.2928392878829189,1,1.0,1,-325.0,275.0,0.0,0.011763076572451,0.0196094724471568,0.0280783251686388,0.0470558429887851,0.0091879215187772,0.0147846812209487,-330.0,225.0,-300.0,265.0,0.0,0.0,0,0,0,0,0,0,0.0,0,0
928,0.0,0.0,0.0,-0.28522614955200964,0.0136896222945035,1.3333333333333333,-49828.912904678196,-1.0,-40450.124497606565,576131.1194168214,0.03634360570210023,1,-1.1871270247229324,0.0,0.1193363387164317,0.042129843935167124,0.3530344938374263,0.0,0.0,0.30454768508073893,2025-10-18,kyle prepolec,drew dober,0.5360803878359928,0.4639196121640072,0.5360803878359928,0,0.0,0,250.0,-300.0,0.0,0.022024663419782,0.0136896222945035,0.0609500366142162,0.0331676104446071,-0.0039284272585102,-0.0024818291517462,240.0,-400.0,300.0,-290.0,100.0,46.15384615384615,1,13,1,6,0,7,46.15384615384615,6,7
929,22851.70678542504,0.030510825394368137,1.2999999999999998,0.24550349377725111,0.0232792664320201,2.3,-36645.18207527309,-1.0,-44369.023286620286,495116.914054928,0.03634360570210024,1,-1.0326592517694644,0.06479565432793896,0.1205441996129176,0.04847920031479431,0.4021694985778415,0.2168349646404659,0.24332825908709724,0.3014960970233663,2025-10-25,ludovit klein,mateusz rebecki,0.5415232581640222,0.5415232581640222,0.4584767418359777,1,1.0,1,130.0,-150.0,0.21491374172885966,0.0187652437319623,0.0160173649636899,0.04131702533772,0.0472953426864125,-0.0079938284456921,-0.0089521327668853,-155.0,108.0,-126.0,135.0,0.0,0.0,2,0,0,0,2,0,0.0,0,2
930,0.0,0.020866294228341683,0.0,-0.012017648885776944,0.0232792664320201,1.4,-36645.18207527309,-1.0,-44369.023286620286,495116.914054928,0.03634360570210024,1,-1.0326592517694644,0.006291106269186213,0.1205441996129176,0.04847920031479431,0.4021694985778415,-0.018716668567733623,0.013397886310591915,0.3014960970233663,2025-10-25,alexander volkov,jailton almeida,0.7057016793673022,0.2942983206326978,0.7057016793673022,0,1.0,0,210.0,-250.0,0.020866294228341683,0.0220105402839789,0.0148558191630255,0.0365900432683323,0.0278394869330098,0.0120147449784062,0.0093151755676396,150.0,-198.0,166.0,-182.0,69.23076923076923,100.0,13,3,9,3,4,0,100.0,3,0
931,-19066.9460864846,0.0330948033249528,-1.0,0.29280376466333924,0.0232792664320201,2.15,-36645.18207527309,-1.0,-44369.023286620286,495116.914054928,0.03634360570210024,1,-1.0326592517694644,0.085189577330282,0.1205441996129176,0.04847920031479431,0.4021694985778415,0.275454737575003,0.30035245015597284,0.3014960970233663,2025-10-25,aleksandar rakic,azamat murzakanov,0.6013040765875997,0.6013040765875997,0.3986959234124003,1,0.0,1,115.0,-135.0,0.28255615303597015,0.0208335315063746,0.0187508326697758,0.0408635304988034,0.0424173589494868,0.0057123740755625,0.0059020277827417,-127.0,-110.0,-110.0,105.0,57.14285714285714,0.0,7,2,4,0,3,2,57.14285714285714,4,3
932,10253.806744720041,0.07653009448079613,0.2325581395348837,0.03828361873299507,0.0232792664320201,1.2325581395348837,-36645.18207527309,-1.0,-44369.023286620286,495116.914054928,0.03634360570210024,1,-1.0326592517694644,0.07502215323919333,0.1205441996129176,0.04847920031479431,0.4021694985778415,0.0763572544493361,0.12475860460604349,0.3014960970233663,2025-10-25,umar nurmagomedov,mario bautista,0.8423810491607319,0.8423810491607319,0.1576189508392681,1,1.0,1,-430.0,300.0,0.24883291684329506,0.0211528338556065,0.0401679208613745,0.0198537758182704,0.0474539164894218,0.0049166645944902,0.0102348505570248,-700.0,420.0,-560.0,500.0,100.0,50.0,3,6,3,3,0,3,100.0,3,0
933,-29792.40967627871,0.051711162046645824,-1.0,0.03463706166314279,0.0232792664320201,1.4651162790697674,-36645.18207527309,-1.0,-44369.023286620286,495116.914054928,0.03634360570210024,1,-1.0326592517694644,0.04348625305908643,0.1205441996129176,0.04847920031479431,0.4021694985778415,0.049696855663244076,0.10052693132414123,0.3014960970233663,2025-10-25,virna jandiroba,mackenzie dern,0.7061808516113515,0.7061808516113515,0.2938191483886485,1,0.0,1,-215.0,164.0,0.1442348789533955,0.0258805609682243,0.035447000359337,0.0447138948240805,0.0398651767730872,0.0090511155819305,0.0080429015120865,105.0,-148.0,125.0,-134.0,75.0,66.66666666666666,4,9,3,6,1,3,75.0,3,1
934,14561.524635879203,0.058131743857931795,0.4347826086956521,0.10774407270086045,0.0232792664320201,1.434782608695652,-36645.18207527309,-1.0,-44369.023286620286,495116.914054928,0.03634360570210024,1,-1.0326592517694644,0.08528484580742676,0.1205441996129176,0.04847920031479431,0.4021694985778415,0.16199209844153278,0.1881437217126703,0.3014960970233663,2025-10-25,hamdy abdelwahab,chris barnett,0.7720640506702967,0.7720640506702967,0.2279359493297033,1,1.0,1,-230.0,195.0,0.2828721388085401,0.0148153165095695,0.0211374313075851,0.0195324196052418,0.0390006695084,0.0075956458130015,0.0142514246934533,-480.0,333.0,-430.0,375.0,0.0,0.0,0,2,0,0,0,2,0.0,0,0
935,-43176.705689881266,0.07494249873811039,-1.0,0.043262891260259145,0.0232792664320201,1.25,-36645.18207527309,-1.0,-44369.023286620286,495116.914054928,0.03634360570210024,1,-1.0326592517694644,0.06575388354278107,0.1205441996129176,0.04847920031479431,0.4021694985778415,0.08490495078723252,0.11112767779738063,0.3014960970233663,2025-10-25,jaqueline amorim,mizuki,0.8346103130082073,0.8346103130082073,0.1653896869917926,1,0.0,1,-400.0,330.0,0.2180919892229486,0.011520645283363,0.0210374942515207,0.0316056977958929,0.0648855302742824,0.007423685477514,0.0139937600053522,-500.0,280.0,-435.0,380.0,0.0,0.0,0,1,0,0,0,1,0.0,0,0
936,0.0,0.0,0.0,-0.059142529974651165,0.0232792664320201,1.2857142857142856,-36645.18207527309,-1.0,-44369.023286620286,495116.914054928,0.03634360570210024,1,-1.0326592517694644,0.0,0.1205441996129176,0.04847920031479431,0.4021694985778415,0.0,0.0,0.3014960970233663,2025-10-25,ikram aliskerov,junyong park,0.731778032241938,0.731778032241938,0.2682219677580619,1,1.0,1,-350.0,285.0,0.0,0.0137757898776073,0.0237422476404303,0.0477530530216476,0.065883310614716,0.0048908886268876,0.0066033642466755,-230.0,140.0,-200.0,190.0,0.0,57.14285714285714,0,7,0,4,0,3,0.0,0,0
937,0.0,0.007003139062548192,0.0,-0.03712762930007446,0.0232792664320201,1.869565217391304,-36645.18207527309,-1.0,-44369.023286620286,495116.914054928,0.03634360570210024,1,-1.0326592517694644,0.002111419094270156,0.1205441996129176,0.04847920031479431,0.4021694985778415,-0.03971715696071979,0.006546539857027272,0.3014960970233663,2025-10-25,nathaniel wood,jose delgado,0.5150247564208905,0.5150247564208905,0.4849752435791095,1,1.0,1,-115.0,-105.0,0.007003139062548192,0.0232792664320201,0.0237995764494319,0.0395132920372828,0.0333527731951945,0.012842786447449,0.0108860271118729,120.0,-162.0,136.0,-150.0,50.0,0.0,6,0,3,0,3,0,50.0,3,3
938,13833.096879722383,0.04190857700587791,0.6666666666666663,0.0236304803022091,0.0160173649636899,1.6666666666666663,144741.63020128148,5.2475,26502.63306118361,666361.1773173931,0.03634360570210024,1,2.666666666666665,0.03898440319687023,0.10663300120576648,0.04115467075377004,0.38594684842786253,0.02848076321940295,0.09490201561065412,0.3408288737177066,2025-11-01,ketlen vieira,norma dumont,0.6141782881813256,0.3858217118186745,0.6141782881813256,0,0.0,0,110.0,-150.0,0.11438116369553618,0.0405383694346594,0.0356521067558167,0.0385096915225427,0.0313094135234744,0.0120126133750463,0.0098760670502194,130.0,-174.0,146.0,-160.0,37.5,20.0,8,5,3,1,5,4,20.0,1,4
939,0.0,0.08292513711135802,0.0,-0.0005173378005120799,0.0160173649636899,1.3225806451612905,144741.63020128148,5.2475,26502.63306118361,666361.1773173931,0.03634360570210024,1,2.666666666666665,0.028263281084550545,0.10663300120576648,0.04115467075377004,0.38594684842786253,-0.0008838633178915448,0.048537264950299384,0.3408288737177066,2025-11-01,talita alencar,ariane carnelossi,0.755706403126442,0.755706403126442,0.244293596873558,1,1.0,1,-310.0,230.0,0.08292513711135802,0.0224810447667491,0.0366468192391635,0.0290887615654049,0.040577421308325,0.0059124538038086,0.0079764350850802,-225.0,165.0,-200.0,188.0,0.0,0.0,0,0,0,0,0,0,0.0,0,0
940,0.0,0.0,0.0,-0.04185224371255486,0.0160173649636899,1.5,144741.63020128148,5.2475,26502.63306118361,666361.1773173931,0.03634360570210024,1,2.666666666666665,0.0,0.10663300120576648,0.04115467075377004,0.38594684842786253,0.0,0.0,0.3408288737177066,2025-11-01,phil rowe,seokhyeon ko,0.6387651708582968,0.3612348291417032,0.6387651708582968,0,0.0,0,170.0,-200.0,0.0,0.0211927359067407,0.0158443011302963,0.039118599946652,0.0300616145120127,0.0113647565166603,0.0088508769065202,145.0,-195.0,165.0,-180.0,100.0,0.0,1,0,1,0,0,0,0.0,0,0
941,0.0,0.0,0.0,-0.01631422481214506,0.0160173649636899,1.2,144741.63020128148,5.2475,26502.63306118361,666361.1773173931,0.03634360570210024,1,2.666666666666665,0.0,0.10663300120576648,0.04115467075377004,0.38594684842786253,0.0,0.0,0.3408288737177066,2025-11-01,alice ardelean,montserrat conejo ruiz,0.8197381459898792,0.8197381459898792,0.1802618540101208,1,1.0,1,-500.0,385.0,0.0,0.0130934159671677,0.0264254843764749,0.0222663835266408,0.0408915112102011,0.0079721434521814,0.0137080733499867,-400.0,280.0,-350.0,310.0,0.0,100.0,0,1,0,1,0,0,0.0,0,0
942,20985.3053680692,0.027344868059940495,1.5499999999999998,0.33412124913618646,0.0160173649636899,2.55,144741.63020128148,5.2475,26502.63306118361,666361.1773173931,0.03634360570210024,1,2.666666666666665,0.08183149990839612,0.10663300120576648,0.04115467075377004,0.38594684842786253,0.2717954487816472,0.2951522160354083,0.3408288737177066,2025-11-01,timmy cuamba,changho lee,0.5231848035828183,0.5231848035828183,0.4768151964171817,1,1.0,1,155.0,-180.0,0.2400955617867444,0.0196241763171906,0.0153898292850502,0.0403899459927181,0.0399483203920599,0.0097005466611789,0.0095302225695902,-115.0,-120.0,100.0,-108.0,0.0,0.0,0,0,0,0,0,0,0.0,0,0
943,10193.206106241534,0.06176241903812667,0.33333333333333326,0.019126396863142547,0.0160173649636899,1.3333333333333333,144741.63020128148,5.2475,26502.63306118361,666361.1773173931,0.03634360570210024,1,2.666666666666665,0.036235554857908046,0.10663300120576648,0.04115467075377004,0.38594684842786253,0.03254300178676945,0.06248475759027538,0.3408288737177066,2025-11-01,allan nascimento,cody durden,0.764344797647357,0.764344797647357,0.235655202352643,1,1.0,1,-300.0,250.0,0.10631597746592428,0.0136896222945035,0.022024663419782,0.0216282284600793,0.0368133299814789,0.0114222609203347,0.0186479027950011,-340.0,250.0,-310.0,265.0,100.0,0.0,1,2,1,0,0,2,100.0,1,0
944,0.0,0.0,0.0,-0.13956860880201222,0.0160173649636899,1.5714285714285714,144741.63020128148,5.2475,26502.63306118361,666361.1773173931,0.03634360570210024,1,2.666666666666665,0.0,0.10663300120576648,0.04115467075377004,0.38594684842786253,0.0,0.0,0.3408288737177066,2025-11-01,charles radtke,daniel frunza,0.5475472489441741,0.5475472489441741,0.4524527510558259,1,1.0,1,-175.0,150.0,0.0,0.016106388422954,0.0202572479406822,0.0371812767736244,0.0467241389395716,0.0053420528861958,0.006586672976773,-185.0,130.0,-163.0,155.0,0.0,0.0,0,0,0,0,0,0,0.0,0,0
945,-29877.435250302613,0.06034420235336179,-1.0,0.11464928395245588,0.0160173649636899,1.4166666666666667,144741.63020128148,5.2475,26502.63306118361,666361.1773173931,0.03634360570210024,1,2.666666666666665,0.10481197208113684,0.10663300120576648,0.04115467075377004,0.38594684842786253,0.1763889900863268,0.19988232205846918,0.3408288737177066,2025-11-01,isaac dulgarian,yadier del valle,0.7868112592605571,0.7868112592605571,0.2131887407394429,1,0.0,1,-240.0,205.0,0.3075208122418288,0.0137453826296485,0.0200058227705441,0.1074235827583591,0.1353533582247985,-0.0531066462373979,-0.0607813638859808,-235.0,-118.0,-118.0,190.0,0.0,0.0,0,0,0,0,0,0,0.0,0,0
946,-23369.324945214983,0.04719960938886932,-1.0,0.004649380108500301,0.0160173649636899,1.5555555555555556,144741.63020128148,5.2475,26502.63306118361,666361.1773173931,0.03634360570210024,1,2.666666666666665,0.016814624521507313,0.10663300120576648,0.04115467075377004,0.38594684842786253,0.006177935562497405,0.03712807847841025,0.3408288737177066,2025-11-01,jeremiah wells,themba gorimbo,0.6458460300697502,0.3541539699302499,0.6458460300697502,0,1.0,0,155.0,-180.0,0.04933450719153014,0.0196241763171906,0.0153898292850502,0.0541581140915472,0.0460925124748687,0.0028679897288758,0.0024958579378502,110.0,-166.0,135.0,-138.0,100.0,100.0,1,1,1,1,0,0,100.0,1,0
947,20363.890454122567,0.028365143632712683,1.4500000000000002,0.25038179850104103,0.0160173649636899,2.45,144741.63020128148,5.2475,26502.63306118361,666361.1773173931,0.03634360570210024,1,2.666666666666665,0.06848030295651171,0.10663300120576648,0.04115467075377004,0.38594684842786253,0.20966942429617602,0.23993684589351186,0.3408288737177066,2025-11-01,waldo cortes acosta,ante delija,0.5103599177555269,0.5103599177555269,0.4896400822444731,1,1.0,1,145.0,-170.0,0.20092283323751173,0.0209202087040684,0.0168726862316835,0.0415743006321754,0.0382576321409336,0.0111697656584019,0.0104752559866196,100.0,-138.0,110.0,-120.0,100.0,0.0,1,0,1,0,0,0,100.0,1,0
948,14373.894448545523,0.04354697054527681,0.6666666666666663,0.04192634406793894,0.0160173649636899,1.6666666666666663,144741.63020128148,5.2475,26502.63306118361,666361.1773173931,0.03634360570210024,1,2.666666666666665,0.033731778572249564,0.10663300120576648,0.04115467075377004,0.38594684842786253,0.050988727281054635,0.08137962488242527,0.3408288737177066,2025-11-01,steve garcia,david onama,0.6251558064407635,0.6251558064407635,0.3748441935592365,1,1.0,1,-150.0,130.0,0.09896983845385146,0.0160173649636899,0.0187652437319623,0.0265680525498327,0.0294543564137525,0.0113725337539204,0.0125604538807027,-138.0,110.0,-130.0,118.0,33.33333333333333,50.0,3,2,1,1,2,1,33.33333333333333,1,2
