,fight_payout,choice_fstar,net_odds,choice_ev,choice_juice,choice_decimal_odds,parlay_net,parlay_net_odds,pct_bankroll_gain_per,pct_bankroll_gain_parlay,pct_bankroll_gain_total,event_payout_per_fight,bankroll_postevent,sigma_portfolio_scaled,beta_post,event_net_odds,portfolio_fscaled,portfolio_sigma,mu_portfolio,sharpe_portfolio,choice_bet_sharpe,choice_bet_sigma,k,date,fighter_red,fighter_blue,choice_proba,red_proba,blue_proba,pred_winner,winner,choice_idx,open_red,open_blue,kelly_edge,real_odds_blue,real_odds_red,fstar_net,juice_open_red,juice_open_blue,juice_close1_red,juice_close1_blue,juice_close2_red,juice_close2_blue,close1_red,close1_blue,close2_red,close2_blue,red_accuracy,blue_accuracy,red_total,blue_total,red_correct,blue_correct,red_incorrect,blue_incorrect,choice_accuracy,choice_correct,choice_incorrect
0,0.0,0.0,0.0,-0.1164010070673534,0.0322362225882545,1.7246376811594204,0.0,0.7246376811594204,0.0,0.0,0.0,0.0,2000.0,0.0,1,0.0,0.0,0.0,0.0,0.0,0.0,0.0,0.0,2023-07-15,albert duraev,junyong park,0.5123389118685093,0.4876610881314906,0.5123389118685093,0,0.0,0,105.0,-138.0,0.0,1.7246376811594204,2.05,0.0,0.0354005882336351,0.0322362225882545,0.0403376871081888,0.0339796305551364,0.0096790192209161,0.0084369228080692,120.0,-163.0,130.0,-140.0,50.0,57.14285714285714,2,7,1,4,1,3,57.14285714285714,4,3
1,-66.54776662008344,0.03327388331004172,-1.0,0.09007693501634517,0.0341261814300196,2.15,354.5314434970751,1.6623376623376624,-0.03327388331004172,0.17726572174853755,0.2520614548206733,149.5914661442715,2504.1229096413467,0.0384719041040921,1,1.1163176163176163,0.048554301649085176,0.10665577474223849,0.026393158230988055,0.2474611271145328,0.08406449803632939,0.1442345757896777,0.3607109338155341,2023-07-22,marc diakiese,joel alvarez,0.5070125279145792,0.5070125279145792,0.4929874720854208,1,0.0,1,115.0,-150.0,0.13460723559301815,1.6666666666666663,2.15,0.19705302354840482,0.0347853268844263,0.0303309521853412,0.0447437640681861,0.0321793128548906,0.0034448706358273,0.0026047361397324,160.0,-225.0,185.0,-190.0,50.0,50.0,10,4,5,2,5,2,50.0,5,5
2,43.25399709828138,0.07201790516863853,0.3003003003003002,0.057026420883126344,0.0341261814300196,1.3003003003003002,354.5314434970751,1.6623376623376624,0.02162699854914069,0.17726572174853755,0.2520614548206733,149.5914661442715,2504.1229096413467,0.0384719041040921,1,1.1163176163176163,0.09220488500732693,0.10665577474223849,0.026393158230988055,0.2474611271145328,0.10125258861475135,0.14396754656922883,0.3607109338155341,2023-07-22,tom aspinall,marcin tybura,0.8129094645590788,0.8129094645590788,0.1870905354409212,1,1.0,1,-333.0,250.0,0.2556198783108695,3.5,1.3003003003003002,0.19705302354840482,0.0203904788832838,0.0343769246139117,0.0240411371388507,0.0532535488514874,0.0076498985822184,0.015166268301745,-590.0,350.0,-490.0,420.0,66.66666666666666,69.23076923076923,3,13,2,9,1,4,66.66666666666666,2,1
3,0.0,0.0,0.0,-0.14292364935965246,0.0341261814300196,1.25,354.5314434970751,1.6623376623376624,0.0,0.17726572174853755,0.2520614548206733,149.5914661442715,2504.1229096413467,0.0384719041040921,1,1.1163176163176163,0.0,0.10665577474223849,0.026393158230988055,0.2474611271145328,0.0,0.0,0.3607109338155341,2023-07-22,molly mccann,julija stoliarenko,0.685661080512278,0.685661080512278,0.3143389194877219,1,0.0,1,-400.0,300.0,0.0,4.0,1.25,0.19705302354840482,0.0176478677640649,0.032352132235935,0.0342356681559874,0.0490051753512268,0.0059124538038086,0.0079764350850802,-240.0,165.0,-200.0,188.0,42.857142857142854,66.66666666666666,7,3,3,2,4,1,42.857142857142854,3,4
4,0.0,0.055581875235033384,0.0,-0.012930408747898359,0.0341261814300196,1.5,354.5314434970751,1.6623376623376624,0.0,0.17726572174853755,0.2520614548206733,149.5914661442715,2504.1229096413467,0.0384719041040921,1,1.1163176163176163,0.0200489901192474,0.10665577474223849,0.026393158230988055,0.2474611271145328,-0.017909076521955787,0.04013028616425748,0.3607109338155341,2023-07-22,nathaniel wood,andre fili,0.6580463941680678,0.6580463941680678,0.3419536058319322,1,1.0,1,-200.0,150.0,0.055581875235033384,2.5,1.5,0.19705302354840482,0.0287452808578468,0.0379213858088197,0.0348361964374183,0.0498340352916369,0.0040119013766096,0.0053724830077747,-240.0,164.0,-196.0,188.0,50.0,50.0,6,16,3,8,3,8,50.0,3,3
5,0.0,0.026553751382241444,0.0,-0.031335953695432184,0.0341261814300196,1.5319148936170213,354.5314434970751,1.6623376623376624,0.0,0.17726572174853755,0.2520614548206733,149.5914661442715,2504.1229096413467,0.0384719041040921,1,1.1163176163176163,0.009578228457393841,0.10665577474223849,0.026393158230988055,0.2474611271145328,-0.04215385686636167,0.019739288065428073,0.3607109338155341,2023-07-22,paul craig,andre muniz,0.6323223635599262,0.3676776364400738,0.6323223635599262,0,1.0,0,140.0,-188.0,0.026553751382241444,1.5319148936170213,2.4,0.19705302354840482,0.0389594877010522,0.0304849567433922,0.0410199568833899,0.0284987596941501,0.0121684825040307,0.0086648508293025,175.0,-240.0,200.0,-220.0,66.66666666666666,75.0,9,4,6,3,3,1,75.0,3,1
6,70.62467734661537,0.03707795560697307,0.9523809523809523,0.09821333400897825,0.0341261814300196,1.9523809523809523,354.5314434970751,1.6623376623376624,0.035312338673307686,0.17726572174853755,0.2520614548206733,149.5914661442715,2504.1229096413467,0.0384719041040921,1,1.1163176163176163,0.058637025065005156,0.10665577474223849,0.026393158230988055,0.2474611271145328,0.10015126353186661,0.15941406742228587,0.3607109338155341,2023-07-22,jai herbert,fares ziam,0.562499512541184,0.437500487458816,0.562499512541184,0,0.0,0,-125.0,-105.0,0.1625595998567425,1.9523809523809523,1.8,0.19705302354840482,0.0331297358984499,0.0346209416083251,0.0573863382182147,0.0462819233447836,-8.8484775062625e-14,8.8484775062625e-14,120.0,-185.0,150.0,-150.0,75.0,100.0,4,3,3,3,1,0,100.0,3,0
7,0.0,0.033847844064693405,0.0,-0.02482989516396117,0.0341261814300196,1.6134969325153374,354.5314434970751,1.6623376623376624,0.0,0.17726572174853755,0.2520614548206733,149.5914661442715,2504.1229096413467,0.0384719041040921,1,1.1163176163176163,0.01220928744021814,0.10665577474223849,0.026393158230988055,0.2474611271145328,-0.031257455744259324,0.026887614479204555,0.3607109338155341,2023-07-22,lerone murphy,josh culibao,0.6043829927310811,0.6043829927310811,0.3956170072689189,1,1.0,1,-163.0,125.0,0.033847844064693405,2.25,1.6134969325153374,0.19705302354840482,0.029248781260161,0.0349675263021539,0.0333527731951945,0.0395132920372828,0.0041157433800714,0.0047495048468789,-162.0,120.0,-140.0,135.0,50.0,0.0,2,0,1,0,1,0,50.0,1,1
8,50.58796736900477,0.06955845513238154,0.36363636363636376,0.12062083334876356,0.0341261814300196,1.3636363636363638,354.5314434970751,1.6623376623376624,0.025293983684502388,0.17726572174853755,0.2520614548206733,149.5914661442715,2504.1229096413467,0.0384719041040921,1,1.1163176163176163,0.14126552408467843,0.10665577474223849,0.026393158230988055,0.2474611271145328,0.19589886633708514,0.24113890256848838,0.3607109338155341,2023-07-22,makhmud muradov,bryan barberena,0.8217886111224265,0.8217886111224265,0.1782113888775734,1,1.0,1,-275.0,200.0,0.3916308346697385,3.0,1.3636363636363638,0.19705302354840482,0.0262663073127574,0.040400359353909,0.0247646694026397,0.0455056008676303,0.0055198002968848,0.0091860820560564,-400.0,270.0,-325.0,300.0,50.0,66.66666666666666,4,15,2,10,2,5,50.0,2,2
9,51.672590950453404,0.05167259095045341,0.5,0.008563056353225407,0.0341261814300196,1.5,354.5314434970751,1.6623376623376624,0.025836295475226704,0.17726572174853755,0.2520614548206733,149.5914661442715,2504.1229096413467,0.0384719041040921,1,1.1163176163176163,0.0343238419768136,0.10665577474223849,0.026393158230988055,0.2474611271145328,0.011852543691739069,0.06874701158792078,0.3607109338155341,2023-07-22,ketlen vieira,pannie kianzad,0.6723753709021503,0.6723753709021503,0.3276246290978497,1,1.0,1,-200.0,150.0,0.09515608970801716,2.5,1.5,0.19705302354840482,0.0287452808578468,0.0379213858088197,0.0314135708291123,0.0376565100334213,0.0046726319250074,0.0054899697010087,-165.0,124.0,-146.0,140.0,37.5,50.0,8,4,3,2,5,2,37.5,3,5
10,0.0,0.0,0.0,-0.08408642640454644,0.0341261814300196,1.7518796992481205,354.5314434970751,1.6623376623376624,0.0,0.17726572174853755,0.2520614548206733,149.5914661442715,2504.1229096413467,0.0384719041040921,1,1.1163176163176163,0.0,0.10665577474223849,0.026393158230988055,0.2474611271145328,0.0,0.0,0.3607109338155341,2023-07-22,chris duncan,yanal ashmouz,0.5228176192626408,0.4771823807373591,0.5228176192626408,0,1.0,0,100.0,-133.0,0.0,1.7518796992481205,2.0,0.19705302354840482,0.036689269213757,0.0341261814300196,0.0356521067558167,0.0405383694346594,0.0036346128453232,0.0040606545652194,-150.0,110.0,-130.0,126.0,0.0,0.0,0,0,0,0,0,0,0.0,0,0
11,0.0,0.051393914488184145,0.0,-0.018070340140408092,0.0341261814300196,1.7518796992481205,354.5314434970751,1.6623376623376624,0.0,0.17726572174853755,0.2520614548206733,149.5914661442715,2504.1229096413467,0.0384719041040921,1,1.1163176163176163,0.01853834688746861,0.10665577474223849,0.026393158230988055,0.2474611271145328,-0.02063571594229734,0.04500476351513218,0.3607109338155341,2023-07-22,davey grant,daniel marcos,0.5605006212932434,0.4394993787067566,0.5605006212932434,0,0.0,0,100.0,-133.0,0.051393914488184145,1.7518796992481205,2.0,0.19705302354840482,0.036689269213757,0.0341261814300196,0.0450845579732609,0.0383523317835292,0.0049179740317005,0.0043327197703345,115.0,-162.0,130.0,-135.0,66.66666666666666,0.0,9,0,6,0,3,0,0.0,0,0
12,0.0,0.03956206195946441,0.0,-0.003045170881180559,0.016106388422954,1.5,-295.25285109249717,-1.0,0.0,-0.11790669298049143,-0.10936844390413739,21.38082512032222,2230.250883669172,0.0384719041040921,1,-0.36969696969696964,0.01794751096703246,0.08480439748221673,0.01445975723779368,0.17050716315537595,-0.00425621536846358,0.0283052497697998,0.45365458922291807,2023-07-29,roman kopylov,claudio ribeiro,0.6646365527458796,0.6646365527458796,0.3353634472541204,1,1.0,1,-200.0,170.0,0.03956206195946441,2.7,1.5,0.10817794265028041,0.0158443011302963,0.0211927359067407,0.031307892089832,0.0449448312217145,0.0045186736995186,0.0062340144725243,-240.0,170.0,-210.0,200.0,0.0,0.0,2,0,0,0,2,0,0.0,0,2
13,54.75935172751841,0.08200378990486733,0.2666666666666666,0.08755162120232748,0.016106388422954,1.2666666666666666,-295.25285109249717,-1.0,0.021867677307964618,-0.11790669298049143,-0.10936844390413739,21.38082512032222,2230.250883669172,0.0384719041040921,1,-0.36969696969696964,0.18032771180587656,0.08480439748221673,0.01445975723779368,0.17050716315537595,0.16443163457364027,0.21164888342736246,0.45365458922291807,2023-07-29,miranda maverick,priscila cachoeira,0.8585933851597323,0.8585933851597323,0.1414066148402677,1,1.0,1,-375.0,260.0,0.3975000277518776,3.6,1.2666666666666666,0.10817794265028041,0.0241734706895759,0.043077991298728,0.0342079206668142,0.0574258422773859,0.0074711161397558,0.0115765029078631,-333.0,210.0,-275.0,250.0,100.0,60.0,5,5,5,3,0,2,100.0,5,0
14,0.0,0.0,0.0,-0.16977179604287151,0.016106388422954,1.5376344086021505,-295.25285109249717,-1.0,0.0,-0.11790669298049143,-0.10936844390413739,21.38082512032222,2230.250883669172,0.0384719041040921,1,-0.36969696969696964,0.0,0.08480439748221673,0.01445975723779368,0.17050716315537595,0.0,0.0,0.45365458922291807,2023-07-29,michael chiesa,kevin holland,0.5399386221539367,0.4600613778460632,0.5399386221539367,0,0.0,0,144.0,-186.0,0.0,1.5376344086021505,2.44,0.10817794265028041,0.0337659075685295,0.0264198083548913,0.0408791972765204,0.0351320234274882,0.0049179740317005,0.0043327197703345,115.0,-157.0,130.0,-135.0,53.333333333333336,91.66666666666666,15,12,8,11,7,1,91.66666666666666,11,1
15,-89.90528211430309,0.035902903075624104,-1.0,0.055585287190928256,0.016106388422954,2.05,-295.25285109249717,-1.0,-0.035902903075624104,-0.11790669298049143,-0.10936844390413739,21.38082512032222,2230.250883669172,0.0384719041040921,1,-0.36969696969696964,0.042011126318898924,0.08480439748221673,0.01445975723779368,0.17050716315537595,0.05421635602013992,0.09494422326150447,0.45365458922291807,2023-07-29,dustin poirier,justin gaethje,0.5149196522882578,0.5149196522882578,0.4850803477117422,1,0.0,1,105.0,-125.0,0.092605976698839,1.8,2.05,0.10817794265028041,0.0223911054816955,0.0209693281226405,0.0510952223494428,0.0593511651332999,-0.0089317263152016,-0.0099808032356257,-165.0,105.0,-125.0,135.0,81.81818181818183,40.0,22,10,18,4,4,6,81.81818181818183,18,4
16,56.526755507106905,0.06207705582103719,0.36363636363636376,0.01594230521960277,0.016106388422954,1.3636363636363638,-295.25285109249717,-1.0,0.02257347484401353,-0.11790669298049143,-0.10936844390413739,21.38082512032222,2230.250883669172,0.0384719041040921,1,-0.36969696969696964,0.04460544199360965,0.08480439748221673,0.01445975723779368,0.17050716315537595,0.025942938622910486,0.0604219155986612,0.45365458922291807,2023-07-29,gabriel bonfim,trevin giles,0.745024357161042,0.745024357161042,0.254975642838958,1,1.0,1,-275.0,225.0,0.09832467928962425,3.25,1.3636363636363638,0.10817794265028041,0.0161132176026266,0.0249124234230143,0.0270265375564874,0.0481614323683246,0.0082799223117107,0.0139377524332245,-375.0,250.0,-333.0,295.0,0.0,55.55555555555556,0,9,0,5,0,4,0.0,0,0
17,0.0,0.0,0.0,-0.2079073971487132,0.016106388422954,1.5714285714285714,-295.25285109249717,-1.0,0.0,-0.11790669298049143,-0.10936844390413739,21.38082512032222,2230.250883669172,0.0384719041040921,1,-0.36969696969696964,0.0,0.08480439748221673,0.01445975723779368,0.17050716315537595,0.0,0.0,0.45365458922291807,2023-07-29,cj vergara,vinicius salvador,0.5040589290871825,0.5040589290871825,0.4959410709128174,1,1.0,1,-175.0,150.0,0.0,2.5,1.5714285714285714,0.10817794265028041,0.016106388422954,0.0202572479406822,0.0437184576507431,0.0536841397518541,8.8484775062625e-14,-8.8484775062625e-14,-180.0,120.0,-150.0,150.0,100.0,0.0,1,0,1,0,0,0,100.0,1,0
18,-92.39200675236106,0.04142673249404088,-1.0,0.08418547327761733,0.016106388422954,1.8,428.4331445466792,1.8588235294117652,-0.04142673249404088,0.1921008742486532,0.2424794921348342,112.35695705868672,2771.040985274538,0.038471904104092104,1,0.6885355944179474,0.02466627762253307,0.24409071716934627,0.12602837023207197,0.5163177514228674,0.09342091641626772,0.14102763783385483,0.15761313887820202,2023-08-05,dustin jacoby,kennedy nzechukwu,0.6023252629320096,0.3976747370679904,0.6023252629320096,0,1.0,0,100.0,-125.0,0.15649886677020192,1.8,2.0,0.13287594503941877,0.0285427352714054,0.02701282028415,0.0405679997629802,0.0330649878154547,0.0111873658082745,0.0092163131319898,128.0,-174.0,146.0,-159.0,71.42857142857143,100.0,7,5,5,5,2,0,100.0,5,0
19,75.45350645546398,0.057514139738063665,0.5882352941176472,0.2649562636075516,0.016106388422954,1.5882352941176472,428.4331445466792,1.8588235294117652,0.03383184690474335,0.1921008742486532,0.2424794921348342,112.35695705868672,2771.040985274538,0.038471904104092104,1,0.6885355944179474,0.07558305312774875,0.24409071716934627,0.12602837023207197,0.5163177514228674,0.3500308316536711,0.3629943821334413,0.15761313887820202,2023-08-05,kyler phillips,raoni barcelos,0.7964539437529028,0.7964539437529028,0.2035460562470972,1,1.0,1,-170.0,140.0,0.47954792135798224,2.4,1.5882352941176472,0.13287594503941877,0.0207243424765777,0.0255719538197184,0.0361955685249408,0.0493390226700277,0.0042860957916545,0.0056345391289803,-218.0,150.0,-188.0,180.0,33.33333333333333,60.0,3,5,1,3,2,2,33.33333333333333,1,2
20,47.5232778491022,0.07095727050095636,0.3003003003003002,0.047089938517690694,0.016106388422954,1.3003003003003002,428.4331445466792,1.8588235294117652,0.021308489639926827,0.1921008742486532,0.2424794921348342,112.35695705868672,2771.040985274538,0.038471904104092104,1,0.6885355944179474,0.03549696795041498,0.24409071716934627,0.12602837023207197,0.5163177514228674,0.08353243830068581,0.1269614299389228,0.15761313887820202,2023-08-05,cory sandhagen,rob font,0.8052677818161456,0.8052677818161456,0.1947322181838544,1,1.0,1,-333.0,250.0,0.2252157923067937,3.5,1.3003003003003002,0.13287594503941877,0.0203904788832838,0.0343769246139117,0.0234985988994331,0.0431680677672335,0.0079721434521814,0.0137080733499867,-400.0,275.0,-350.0,310.0,77.77777777777779,25.0,9,12,7,3,2,9,77.77777777777779,7,2
21,0.0,0.02742079657590613,0.0,-0.010311892691241137,0.016106388422954,1.2222222222222223,428.4331445466792,1.8588235294117652,0.0,0.1921008742486532,0.2424794921348342,112.35695705868672,2771.040985274538,0.038471904104092104,1,0.6885355944179474,0.004321877818869219,0.24409071716934627,0.12602837023207197,0.5163177514228674,-0.02126416352489141,0.013297504577036514,0.15761313887820202,2023-08-05,jessica andrade,tatiana suarez,0.8097448150708026,0.1902551849291973,0.8097448150708026,0,0.0,0,350.0,-450.0,0.02742079657590613,1.2222222222222223,4.5,0.13287594503941877,0.0266030024616323,0.013801037942408,0.0365125467977574,0.019897709612499,0.0198734891982172,0.0112629923793644,290.0,-400.0,310.0,-370.0,70.58823529411765,80.0,17,5,12,4,5,1,80.0,4,1
22,81.77217950648159,0.04583126729443962,0.8,0.3205719580847822,0.016106388422954,1.8,428.4331445466792,1.8588235294117652,0.0366650138355517,0.1921008742486532,0.2424794921348342,112.35695705868672,2771.040985274538,0.038471904104092104,1,0.6885355944179474,0.06856988676311963,0.24409071716934627,0.12602837023207197,0.5163177514228674,0.3627770166213622,0.384438415948442,0.15761313887820202,2023-08-05,diego lopes,gavin tucker,0.733651087824879,0.733651087824879,0.266348912175121,1,1.0,1,-125.0,100.0,0.43505184435231675,2.0,1.8,0.13287594503941877,0.02701282028415,0.0285427352714054,0.0289412136475567,0.0370597046260888,0.013195956174744,0.0164336734548856,-188.0,142.0,-170.0,150.0,0.0,75.0,0,4,0,3,0,1,0.0,0,0
23,0.0,0.0,0.0,-0.09135813587356695,0.016106388422954,1.5714285714285714,428.4331445466792,1.8588235294117652,0.0,0.1921008742486532,0.2424794921348342,112.35695705868672,2771.040985274538,0.038471904104092104,1,0.6885355944179474,0.0,0.24409071716934627,0.12602837023207197,0.5163177514228674,0.0,0.0,0.15761313887820202,2023-08-05,tanner boser,aleksa camur,0.5782266408077301,0.5782266408077301,0.4217733591922699,1,1.0,1,-175.0,150.0,0.0,2.5,1.5714285714285714,0.13287594503941877,0.016106388422954,0.0202572479406822,0.046469402178067,0.0540716917090344,-0.0036413649232777,-0.0040539024872645,-163.0,108.0,-126.0,130.0,57.14285714285714,0.0,7,0,4,0,3,0,57.14285714285714,4,3
24,0.0,0.038250993946740634,0.0,-0.013612846142126156,0.016106388422954,1.5319148936170213,428.4331445466792,1.8588235294117652,0.0,0.1921008742486532,0.2424794921348342,112.35695705868672,2771.040985274538,0.038471904104092104,1,0.6885355944179474,0.006028859221156897,0.24409071716934627,0.12602837023207197,0.5163177514228674,-0.018385894909415477,0.028320889352724653,0.15761313887820202,2023-08-05,jeremiah wells,carlston harris,0.6438916143238899,0.6438916143238899,0.3561083856761101,1,0.0,1,-188.0,150.0,0.038250993946740634,2.5,1.5319148936170213,0.13287594503941877,0.0230494218707374,0.0297283559070404,0.0410755807757007,0.0437691138250915,0.0076327370571325,0.0080202146423308,-134.0,-105.0,-115.0,108.0,100.0,100.0,1,2,1,2,0,0,100.0,1,0
25,0.0,0.0,0.0,-0.12533896581164466,0.016106388422954,1.5714285714285714,428.4331445466792,1.8588235294117652,0.0,0.1921008742486532,0.2424794921348342,112.35695705868672,2771.040985274538,0.038471904104092104,1,0.6885355944179474,0.0,0.24409071716934627,0.12602837023207197,0.5163177514228674,0.0,0.0,0.15761313887820202,2023-08-05,billy quarantillo,damon jackson,0.5566024763016807,0.5566024763016807,0.4433975236983193,1,1.0,1,-175.0,140.0,0.0,2.4,1.5714285714285714,0.13287594503941877,0.0236091506105913,0.0294211524197116,0.0301509787925248,0.0372471403297321,0.0106300382942201,0.0129178423965176,-175.0,132.0,-160.0,145.0,57.14285714285714,33.33333333333333,7,6,4,2,3,4,57.14285714285714,4,3
26,0.0,0.0,0.0,-0.0938017647100296,0.016106388422954,1.5714285714285714,428.4331445466792,1.8588235294117652,0.0,0.1921008742486532,0.2424794921348342,112.35695705868672,2771.040985274538,0.038471904104092104,1,0.6885355944179474,0.0,0.24409071716934627,0.12602837023207197,0.5163177514228674,0.0,0.0,0.15761313887820202,2023-08-05,cody durden,jake hadley,0.5766716042754357,0.4233283957245642,0.5766716042754357,0,1.0,0,150.0,-175.0,0.0,1.5714285714285714,2.5,0.13287594503941877,0.0202572479406822,0.016106388422954,0.040577421308325,0.0290887615654049,0.0136538780473972,0.0101556457621264,165.0,-225.0,180.0,-200.0,0.0,100.0,2,2,0,2,2,0,100.0,2,0
27,62.657368460828636,0.07529626522427194,0.3003003003003002,0.08373385011859458,0.0232831546092132,1.3003003003003002,-271.8770796521563,-1.0,0.022611491058339914,-0.09811369846094874,-0.03160119972137544,184.30886004037865,2683.47276566276,0.0384719041040921,1,1.6417144417144418,0.12337284890961588,0.1051943712651934,0.0293992804022752,0.2794757937015476,0.1492459278794417,0.18926355116885807,0.36572207848559707,2023-08-12,jaqueline amorim,montserrat conejo ruiz,0.833448896280582,0.833448896280582,0.1665511037194179,1,1.0,1,-333.0,250.0,0.3373404455658932,3.5,1.3003003003003002,0.2308614990564459,0.0203904788832838,0.0343769246139117,0.0263462041498006,0.0398172475322421,0.0137453826296485,0.0200058227705441,-265.0,194.0,-240.0,205.0,0.0,100.0,0,1,0,1,0,0,0.0,0,0
28,0.0,0.0,0.0,-0.14909466206529653,0.0232831546092132,1.5,-271.8770796521563,-1.0,0.0,-0.09811369846094874,-0.03160119972137544,184.30886004037865,2683.47276566276,0.0384719041040921,1,1.6417144417144418,0.0,0.1051943712651934,0.0293992804022752,0.2794757937015476,0.0,0.0,0.36572207848559707,2023-08-12,josh parisian,martin buday,0.5672702252898023,0.4327297747101977,0.5672702252898023,0,0.0,0,163.0,-200.0,0.0,1.5,2.63,0.2308614990564459,0.0267846298943212,0.0201101736544746,0.0413992289829804,0.0296963421125906,0.012351434216744,0.0092209531274553,164.0,-225.0,180.0,-198.0,100.0,100.0,3,1,3,1,0,0,100.0,1,0
29,0.0,0.0,0.0,-0.2794734846914124,0.0232831546092132,1.25,-271.8770796521563,-1.0,0.0,-0.09811369846094874,-0.03160119972137544,184.30886004037865,2683.47276566276,0.0384719041040921,1,1.6417144417144418,0.0,0.1051943712651934,0.0293992804022752,0.2794757937015476,0.0,0.0,0.36572207848559707,2023-08-12,jp buys,marcus mcghee,0.57642121224687,0.4235787877531299,0.57642121224687,0,0.0,0,300.0,-400.0,0.0,1.25,4.0,0.2308614990564459,0.032352132235935,0.0176478677640649,0.0634104251901188,0.032549170769477,-0.0047995891957102,-0.0028632460533317,260.0,-450.0,350.0,-335.0,50.0,0.0,2,0,1,0,1,0,0.0,0,0
30,53.800330505769935,0.06989474022578669,0.2777777777777777,0.001436195641644572,0.0232831546092132,1.2777777777777777,-271.8770796521563,-1.0,0.019415205618274076,-0.09811369846094874,-0.03160119972137544,184.30886004037865,2683.47276566276,0.0384719041040921,1,1.6417144417144418,0.0259903575650288,0.1051943712651934,0.0293992804022752,0.2794757937015476,0.0026581135744746286,0.038397340606348085,0.36572207848559707,2023-08-12,terrance mckinney,mike breeden,0.7837326748499828,0.7837326748499828,0.2162673251500172,1,1.0,1,-360.0,285.0,0.07106586966980818,3.85,1.2777777777777777,0.2308614990564459,0.0154210319511368,0.0269279234412967,0.0370736665269,0.0637774886122173,-0.0014199998838179,-0.0021836037197856,-351.0,210.0,-270.0,275.0,66.66666666666666,100.0,3,1,2,1,1,0,66.66666666666666,2,1
31,64.86077805964085,0.06436827914558642,0.36363636363636376,0.058726286229840274,0.0232831546092132,1.3636363636363638,-271.8770796521563,-1.0,0.023406646962031433,-0.09811369846094874,-0.03160119972137544,184.30886004037865,2683.47276566276,0.0384719041040921,1,1.6417144417144418,0.08243088679724364,0.1051943712651934,0.0293992804022752,0.2794757937015476,0.09506494422168527,0.13923580579486197,0.36572207848559707,2023-08-12,josh fremd,jamie pickett,0.7763992765685495,0.7763992765685495,0.2236007234314505,1,1.0,1,-275.0,210.0,0.22539215334928145,3.1,1.3636363636363638,0.2308614990564459,0.0219964606154342,0.0339175178791893,0.0248633089308972,0.0434596724355623,0.0131127952225691,0.0218633574006421,-360.0,250.0,-325.0,270.0,0.0,50.0,1,4,0,2,1,2,0.0,0,1
32,109.41426816622385,0.03290408091750152,1.2000000000000002,0.1238996318114437,0.0232831546092132,2.2,-271.8770796521563,-1.0,0.03948489710100183,-0.09811369846094874,-0.03160119972137544,184.30886004037865,2683.47276566276,0.0384719041040921,1,1.6417144417144418,0.054449307203704146,0.1051943712651934,0.0293992804022752,0.2794757937015476,0.1133405276543722,0.16275186152081877,0.36572207848559707,2023-08-12,aj dobson,tafon nchukwi,0.5108634690052016,0.5108634690052016,0.4891365309947983,1,1.0,1,120.0,-150.0,0.1488816519614319,1.6666666666666663,2.2,0.2308614990564459,0.0292440638775533,0.0253013906679012,0.0527092884412548,0.0472907115587453,0.001040291565848,0.0009438354182791,100.0,-150.0,124.0,-125.0,100.0,50.0,1,2,1,1,0,1,100.0,1,0
33,-180.69852284696975,0.06520961754344722,-1.0,0.11584985352423272,0.0232831546092132,1.4,-271.8770796521563,-1.0,-0.06520961754344722,-0.09811369846094874,-0.03160119972137544,184.30886004037865,2683.47276566276,0.0384719041040921,1,1.6417144417144418,0.12229590329893529,0.1051943712651934,0.0293992804022752,0.2794757937015476,0.18084557406520915,0.21421423851538257,0.36572207848559707,2023-08-12,cub swanson,hakeem dawodu,0.7970356096601663,0.2029643903398336,0.7970356096601663,0,1.0,0,200.0,-250.0,0.33439573515863513,1.4,3.0,0.2308614990564459,0.0284008065139526,0.019218241105095,0.0777983969761724,0.047742728564953,-0.01292699360412,-0.0090510283739019,175.0,-320.0,250.0,-225.0,65.0,100.0,20,2,13,2,7,0,100.0,2,0
34,0.0,0.0,0.0,-0.1399195950142718,0.0232831546092132,1.6666666666666663,-271.8770796521563,-1.0,0.0,-0.09811369846094874,-0.03160119972137544,184.30886004037865,2683.47276566276,0.0384719041040921,1,1.6417144417144418,0.0,0.1051943712651934,0.0293992804022752,0.2794757937015476,0.0,0.0,0.36572207848559707,2023-08-12,vicente luque,rafael dos anjos,0.516048242991437,0.4839517570085629,0.516048242991437,0,1.0,0,125.0,-150.0,0.0,1.6666666666666663,2.25,0.2308614990564459,0.0239067079634055,0.0205377364810389,0.0454887562750946,0.0435381588387769,-2.159383782895929e-14,2.164934898019056e-14,-110.0,-130.0,110.0,-110.0,71.42857142857143,65.38461538461539,14,26,10,17,4,9,65.38461538461539,17,9
35,74.27463769488514,0.053607751086746536,0.5,0.05070468195494959,0.0232831546092132,1.5,-271.8770796521563,-1.0,0.026803875543373264,-0.09811369846094874,-0.03160119972137544,184.30886004037865,2683.47276566276,0.0384719041040921,1,1.6417144417144418,0.0557862342924423,0.1051943712651934,0.0293992804022752,0.2794757937015476,0.07064731398933267,0.10947835810489258,0.36572207848559707,2023-08-12,polyana viana,iasmin lucindo,0.7004697879699664,0.2995302120300336,0.7004697879699664,0,0.0,0,163.0,-200.0,0.15253723407524405,1.5,2.63,0.2308614990564459,0.0267846298943212,0.0201101736544746,0.0309481873030334,0.0233153785884392,0.013117781846808,0.0100303663013401,158.0,-200.0,170.0,-188.0,66.66666666666666,0.0,6,0,4,0,2,0,0.0,0,0
36,0.0,0.004546892106656445,0.0,-0.03145746484425643,0.0232831546092132,1.4444444444444444,-271.8770796521563,-1.0,0.0,-0.09811369846094874,-0.03160119972137544,184.30886004037865,2683.47276566276,0.0384719041040921,1,1.6417144417144418,0.0016628988318961502,0.1051943712651934,0.0293992804022752,0.2794757937015476,-0.04627593585599074,0.003090887217081651,0.36572207848559707,2023-08-12,khalil rountree jr,chris daukaus,0.6705294474155148,0.6705294474155148,0.3294705525844852,1,1.0,1,-225.0,175.0,0.004546892106656445,2.75,1.4444444444444444,0.2308614990564459,0.0232831546092132,0.0326609013348426,0.0361183306746932,0.0472150026586399,1.1246559239452837e-13,-1.1257661469699089e-13,-200.0,140.0,-170.0,170.0,50.0,66.66666666666666,2,6,1,4,1,2,50.0,1,1
37,0.0,0.0,0.0,-0.04711436627667598,0.0153963024902878,1.5714285714285714,-290.52301631147793,-1.0,0.0,-0.10826382142906711,-0.0657487199235115,114.08811701954627,2507.0378663708284,0.038471904104092104,1,0.8306966709044004,0.0,0.07715584469717285,0.020243132601763088,0.2623668068338164,0.0,0.0,0.4986259207593355,2023-08-19,kurt holobaugh,austin hubbard,0.6063817669148426,0.3936182330851573,0.6063817669148426,0,1.0,0,150.0,-175.0,0.0,1.5714285714285714,2.5,0.1752052582502154,0.0202572479406822,0.016106388422954,0.0438312885628124,0.0344784041085822,0.0084564946909956,0.0069281206936196,135.0,-188.0,150.0,-160.0,100.0,100.0,2,3,2,3,0,0,100.0,3,0
38,0.0,0.006336914111471114,0.0,-0.025244239882639297,0.0153963024902878,1.5405405405405406,-290.52301631147793,-1.0,0.0,-0.10826382142906711,-0.0657487199235115,114.08811701954627,2507.0378663708284,0.038471904104092104,1,0.8306966709044004,0.0031597496336051105,0.07715584469717285,0.020243132601763088,0.2623668068338164,-0.03394318622819275,0.004712892268575231,0.4986259207593355,2023-08-19,brad katona,cody gibson,0.6327361951639008,0.6327361951639008,0.3672638048360992,1,1.0,1,-185.0,154.0,0.006336914111471114,2.54,1.5405405405405406,0.1752052582502154,0.0187287731158957,0.0240948213032229,0.0324339806024321,0.0417669326395769,0.0063172493997234,0.0079277648452907,-192.0,140.0,-170.0,160.0,50.0,0.0,2,3,1,0,1,3,50.0,1,1
39,0.0,0.0,0.0,-0.0753260790298407,0.0153963024902878,1.289855072463768,-290.52301631147793,-1.0,0.0,-0.10826382142906711,-0.0657487199235115,114.08811701954627,2507.0378663708284,0.038471904104092104,1,0.8306966709044004,0.0,0.07715584469717285,0.020243132601763088,0.2623668068338164,0.0,0.0,0.4986259207593355,2023-08-19,andrea lee,natalia silva,0.7168820286173145,0.2831179713826854,0.7168820286173145,0,0.0,0,275.0,-345.0,0.0,1.289855072463768,3.75,0.1752052582502154,0.0264861952434845,0.0154613702995864,0.0405245803107438,0.0234602153813691,0.0196094724471568,0.011763076572451,250.0,-351.0,275.0,-325.0,44.44444444444444,100.0,9,1,4,1,5,0,100.0,1,0
40,62.72282470475338,0.06661519084371902,0.3508771929824559,0.06425655027005511,0.0153963024902878,1.350877192982456,-290.52301631147793,-1.0,0.023373751173234727,-0.10826382142906711,-0.0657487199235115,114.08811701954627,2507.0378663708284,0.038471904104092104,1,0.8306966709044004,0.11611093264574336,0.07715584469717285,0.020243132601763088,0.2623668068338164,0.1065041518555581,0.14049120255677658,0.4986259207593355,2023-08-19,andre petroski,gerald meerschaert,0.7878262774726383,0.7878262774726383,0.2121737225273616,1,1.0,1,-285.0,230.0,0.23286180643983195,3.3,1.350877192982456,0.1752052582502154,0.01683796867866,0.0264520746113833,0.0263797618658524,0.038783145402318,0.0106100521200964,0.0150309735209291,-250.0,185.0,-225.0,200.0,50.0,52.94117647058824,2,17,1,9,1,8,50.0,1,1
41,0.0,0.0,0.0,-0.03731034934093744,0.0153963024902878,1.2816901408450705,-290.52301631147793,-1.0,0.0,-0.10826382142906711,-0.0657487199235115,114.08811701954627,2507.0378663708284,0.038471904104092104,1,0.8306966709044004,0.0,0.07715584469717285,0.020243132601763088,0.2623668068338164,0.0,0.0,0.4986259207593355,2023-08-19,gregory rodrigues,denis tiuliulin,0.7511095076570707,0.7511095076570707,0.2488904923429292,1,1.0,1,-355.0,280.0,0.0,3.8,1.2816901408450705,0.1752052582502154,0.0158578460562508,0.0275198289003715,0.0302004731567365,0.0555138125575491,0.0048326244501729,0.0081229323571273,-400.0,250.0,-333.0,310.0,0.0,50.0,3,2,0,1,3,1,0.0,0,3
42,0.0,0.0,0.0,-0.23667277781058424,0.0153963024902878,1.3703703703703702,-290.52301631147793,-1.0,0.0,-0.10826382142906711,-0.0657487199235115,114.08811701954627,2507.0378663708284,0.038471904104092104,1,0.8306966709044004,0.0,0.07715584469717285,0.020243132601763088,0.2623668068338164,0.0,0.0,0.4986259207593355,2023-08-19,chris weidman,brad tavares,0.5570225675436278,0.4429774324563721,0.5570225675436278,0,0.0,0,220.0,-270.0,0.0,1.3703703703703702,3.2,0.1752052582502154,0.0255572795228642,0.0166724502068655,0.0625460872209086,0.0411576164827951,-0.0030577599256514,-0.0022304473720746,170.0,-275.0,210.0,-205.0,71.42857142857143,55.00000000000001,14,20,10,11,4,9,55.00000000000001,11,9
43,76.65602497448101,0.052847059980414945,0.5405405405405406,0.094306886506969,0.0153963024902878,1.5405405405405406,-290.52301631147793,-1.0,0.028565978367791865,-0.10826382142906711,-0.0657487199235115,114.08811701954627,2507.0378663708284,0.038471904104092104,1,0.8306966709044004,0.10785245416645528,0.07715584469717285,0.020243132601763088,0.2623668068338164,0.12692515629890477,0.16071295289715096,0.4986259207593355,2023-08-19,marlon vera,pedro munhoz,0.7103395579080325,0.7103395579080325,0.2896604420919675,1,1.0,1,-185.0,154.0,0.2162993331798947,2.54,1.5405405405405406,0.1752052582502154,0.0187287731158957,0.0240948213032229,0.0361183306746932,0.0472150026586399,0.0019080041588147,0.0023802830992543,-200.0,140.0,-166.0,163.0,72.22222222222221,33.33333333333333,18,15,13,5,5,10,72.22222222222221,13,5
44,82.88723622990679,0.04787647476818159,0.6451612903225803,0.10758185107182444,0.0153963024902878,1.6451612903225803,-290.52301631147793,-1.0,0.030888048237536492,-0.10826382142906711,-0.0657487199235115,114.08811701954627,2507.0378663708284,0.038471904104092104,1,0.8306966709044004,0.10284676369405853,0.07715584469717285,0.020243132601763088,0.2623668068338164,0.13291912541394915,0.16694265512921086,0.4986259207593355,2023-08-19,karine silva,maryna moroz,0.6732360271220895,0.6732360271220895,0.3267639728779105,1,1.0,1,-155.0,130.0,0.20626036355558433,2.3,1.6451612903225803,0.1752052582502154,0.0195196592207963,0.023106086729758,0.0299285339492789,0.0329951862634436,0.0144501993328297,0.0158834710412855,-138.0,107.0,-130.0,115.0,0.0,33.33333333333333,0,3,0,1,0,2,0.0,0,0
45,0.0,0.0,0.0,-0.18203906105822068,0.0153963024902878,1.4081632653061225,-290.52301631147793,-1.0,0.0,-0.10826382142906711,-0.0657487199235115,114.08811701954627,2507.0378663708284,0.038471904104092104,1,0.8306966709044004,0.0,0.07715584469717285,0.020243132601763088,0.2623668068338164,0.0,0.0,0.4986259207593355,2023-08-19,damon blackshear,mario bautista,0.5808708117122781,0.4191291882877219,0.5808708117122781,0,0.0,0,186.0,-245.0,0.0,1.4081632653061225,2.8600000000000003,0.1752052582502154,0.0354748016149017,0.0243204755716798,0.039412674168866,0.0279273931712014,0.0139678624597258,0.0102759611375957,170.0,-230.0,184.0,-205.0,100.0,50.0,1,6,1,3,0,3,50.0,3,3
46,53.86983126552746,0.06825387931878539,0.2941176470588236,0.005243414504357752,0.0153963024902878,1.2941176470588236,-290.52301631147793,-1.0,0.020074670387878062,-0.10826382142906711,-0.0657487199235115,114.08811701954627,2507.0378663708284,0.038471904104092104,1,0.8306966709044004,0.04093672899531412,0.07715584469717285,0.020243132601763088,0.2623668068338164,0.0094388748475603,0.045607078174004036,0.4986259207593355,2023-08-19,zhang weili,amanda lemos,0.7767790021170037,0.7767790021170037,0.2232209978829963,1,1.0,1,-340.0,270.0,0.0820990792716379,3.7,1.2941176470588236,0.1752052582502154,0.0159136481215457,0.0270838948759972,0.0232991311295601,0.0401929323625033,0.0086484345663169,0.0141157930759595,-350.0,250.0,-310.0,275.0,100.0,42.857142857142854,3,7,3,3,0,4,100.0,3,0
47,-162.04780015512236,0.06038734666088554,-1.0,0.10464473897607313,0.0153963024902878,1.4444444444444444,-290.52301631147793,-1.0,-0.060387346660885535,-0.10826382142906711,-0.0657487199235115,114.08811701954627,2507.0378663708284,0.038471904104092104,1,0.8306966709044004,0.13556846625090924,0.07715584469717285,0.020243132601763088,0.2623668068338164,0.15549920959764818,0.18296711683736996,0.4986259207593355,2023-08-19,aljamain sterling,sean omalley,0.7647540500603583,0.7647540500603583,0.2352459499396416,1,0.0,1,-225.0,190.0,0.27188411313326427,2.9,1.4444444444444444,0.1752052582502154,0.0153963024902878,0.021738976024301,0.0308543152863964,0.0473066042538332,-0.0018545696131633,-0.0026682707305725,-275.0,190.0,-230.0,235.0,76.47058823529412,71.42857142857143,17,7,13,5,4,2,76.47058823529412,13,4
48,0.0,0.0,0.0,-0.13799336026039988,0.0188793207747618,1.4,-270.2498907766127,-1.0,0.0,-0.10779649338437183,-0.15319873492997138,-113.82513877293287,2122.962836821283,0.038471904104092104,1,-0.7402190923317684,0.0,0.09165292214027858,0.026196714640394754,0.28582519824408437,0.0,0.0,0.4197564377184752,2023-08-26,seungwoo choi,jarno errens,0.6157190283854287,0.6157190283854287,0.3842809716145713,1,1.0,1,-250.0,200.0,0.0,3.0,1.4,-0.009454073901501117,0.019218241105095,0.0284008065139526,0.0372453617958019,0.0455468459964057,-0.0014723824177861,-0.0017534240338267,-175.0,124.0,-148.0,150.0,66.66666666666666,0.0,6,0,4,0,2,0,66.66666666666666,4,2
49,0.0,0.0,0.0,-0.11232680853182117,0.0188793207747618,1.1661129568106312,-270.2498907766127,-1.0,0.0,-0.10779649338437183,-0.15319873492997138,-113.82513877293287,2122.962836821283,0.038471904104092104,1,-0.7402190923317684,0.0,0.09165292214027858,0.026196714640394754,0.28582519824408437,0.0,0.0,0.4197564377184752,2023-08-26,rinya nakamura,fernie garcia,0.7612240188943642,0.7612240188943642,0.2387759811056358,1,1.0,1,-602.0,450.0,0.0,5.5,1.1661129568106312,-0.009454073901501117,0.0123476023544248,0.0270204370136146,0.0225546312768784,0.0852885059780234,-0.0021004840363207,-0.004630566592886,-1600.0,500.0,-704.0,750.0,0.0,100.0,0,1,0,1,0,0,0.0,0,0
50,0.0,0.0,0.0,-0.17178876098019363,0.0188793207747618,1.1420454545454546,-270.2498907766127,-1.0,0.0,-0.10779649338437183,-0.15319873492997138,-113.82513877293287,2122.962836821283,0.038471904104092104,1,-0.7402190923317684,0.0,0.09165292214027858,0.026196714640394754,0.28582519824408437,0.0,0.0,0.4197564377184752,2023-08-26,max holloway,chan sung jung,0.7251998908830145,0.7251998908830145,0.2748001091169855,1,1.0,1,-704.0,500.0,0.0,6.0,1.1420454545454546,-0.009454073901501117,0.0126281653033625,0.0296603919105678,0.0157872313305,0.0397683242250553,0.0087118834396522,0.0201342704065016,-800.0,500.0,-700.0,550.0,86.95652173913044,30.0,23,10,20,3,3,7,86.95652173913044,20,3
51,-110.97008182208019,0.044263424701566134,-1.0,0.11264408867212772,0.0188793207747618,1.7246376811594204,-270.2498907766127,-1.0,-0.044263424701566134,-0.10779649338437183,-0.15319873492997138,-113.82513877293287,2122.962836821283,0.038471904104092104,1,-0.7402190923317684,0.08633363155223663,0.09165292214027858,0.026196714640394754,0.28582519824408437,0.13115567475551282,0.17664606346228567,0.4197564377184752,2023-08-26,anthony smith,ryan spann,0.6451465724233345,0.3548534275766655,0.6451465724233345,0,1.0,0,110.0,-138.0,0.2056755389422744,1.7246376811594204,2.1,-0.009454073901501117,0.0294543564137525,0.0265680525498327,0.0354005882336351,0.0322362225882545,0.0175073705740373,0.0162052295102441,105.0,-138.0,110.0,-126.0,58.82352941176471,75.0,17,8,10,6,7,2,75.0,6,2
52,81.65728862150833,0.04625113621055718,0.704225352112676,0.14753197978729427,0.0188793207747618,1.704225352112676,-270.2498907766127,-1.0,0.03257122268349097,-0.10779649338437183,-0.15319873492997138,-113.82513877293287,2122.962836821283,0.038471904104092104,1,-0.7402190923317684,0.10277300558787034,0.09165292214027858,0.026196714640394754,0.28582519824408437,0.1750868035425041,0.20630723016239882,0.4197564377184752,2023-08-26,erin blanchfield,taila santos,0.6733452112801479,0.6733452112801479,0.3266547887198521,1,1.0,1,-142.0,120.0,0.2448396173420901,2.2,1.704225352112676,-0.009454073901501117,0.0193403204872646,0.0219819935623222,0.0381928960244635,0.0459821881506205,0.0037266099034956,0.0044366554026268,-170.0,120.0,-150.0,145.0,100.0,75.0,4,4,4,3,0,1,100.0,4,0
53,-154.29654093407086,0.06154535717381466,-1.0,0.12410632679040745,0.0188793207747618,1.4444444444444444,-270.2498907766127,-1.0,-0.06154535717381466,-0.10779649338437183,-0.15319873492997138,-113.82513877293287,2122.962836821283,0.038471904104092104,1,-0.7402190923317684,0.1325188594747203,0.09165292214027858,0.026196714640394754,0.28582519824408437,0.18468374767571613,0.21215123630327448,0.4197564377184752,2023-08-26,song kenan,rolando bedoya,0.7782274570087436,0.2217725429912563,0.7782274570087436,0,1.0,0,188.0,-225.0,0.3157041740562866,1.4444444444444444,2.88,-0.009454073901501117,0.0231335246396969,0.0163963898902175,0.0697122631378697,0.0379800445544379,-0.0138235733641167,-0.0089406542781597,225.0,-400.0,310.0,-275.0,66.66666666666666,0.0,3,0,2,0,1,0,0.0,0,0
54,0.0,0.0,0.0,-0.28977567708615987,0.0188793207747618,1.1,-270.2498907766127,-1.0,0.0,-0.10779649338437183,-0.15319873492997138,-113.82513877293287,2122.962836821283,0.038471904104092104,1,-0.7402190923317684,0.0,0.09165292214027858,0.026196714640394754,0.28582519824408437,0.0,0.0,0.4197564377184752,2023-08-26,liang na,jj aldrich,0.6456584753762182,0.3543415246237817,0.6456584753762182,0,0.0,0,600.0,-1000.0,0.0,1.1,7.0,-0.009454073901501117,0.0381987763174568,0.013749275630595,0.045452873334275,0.0204303175489157,0.0100824297166697,0.0050690854348454,380.0,-602.0,450.0,-500.0,0.0,62.5,1,8,0,5,1,3,62.5,5,3
55,69.78419536170985,0.050103571763322495,0.5555555555555556,0.02512170551910986,0.0188793207747618,1.5555555555555556,-270.2498907766127,-1.0,0.027835317646290277,-0.10779649338437183,-0.15319873492997138,-113.82513877293287,2122.962836821283,0.038471904104092104,1,-0.7402190923317684,0.0391031283223831,0.09165292214027858,0.026196714640394754,0.28582519824408437,0.033301710947745054,0.07027432958255903,0.4197564377184752,2023-08-26,giga chikadze,alex caceres,0.6590068106908563,0.6590068106908563,0.3409931893091437,1,1.0,1,-180.0,150.0,0.09315670900706716,2.5,1.5555555555555556,-0.009454073901501117,0.0188793207747618,0.023977822082381,0.0305348170019208,0.0464171349500311,0.0019838881455293,0.0028238041621629,-270.0,188.0,-225.0,220.0,66.66666666666666,72.22222222222221,3,18,2,13,1,5,66.66666666666666,2,1
56,72.78884804501774,0.03771508924263844,0.9090909090909087,0.02233871069836091,0.0316294610237879,1.9090909090909087,337.4297162839438,1.672727272727272,0.03428644476603493,0.1589428276517445,0.21615130420266299,121.45146966876173,2581.8440227739884,0.010764338434615474,1,1.3090909090909086,0.09138184296826207,0.010764338434615474,0.0002125120616562872,0.019742231531191968,0.023304375677748557,0.08759524740669938,1.0,2023-09-02,benoit st denis,thiago moises,0.535510753222951,0.535510753222951,0.4644892467770489,1,1.0,1,-110.0,-120.0,0.09138184296826207,1.8333333333333333,1.9090909090909087,0.09502016870484731,0.0350135352882691,0.0342505339758,0.0522384918091374,0.0700441168865149,-0.0122399578338358,-0.0152325696386916,-220.0,130.0,-160.0,180.0,100.0,71.42857142857143,1,7,1,5,0,2,100.0,1,0
57,48.66262162374399,0.05730507946220888,0.3999999999999999,0.002356682657715714,0.0316294610237879,1.4,337.4297162839438,1.672727272727272,0.022922031784883546,0.1589428276517445,0.21615130420266299,121.45146966876173,2581.8440227739884,0.010764338434615474,1,1.3090909090909086,0.10497388438157762,0.010764338434615474,0.0002125120616562872,0.019742231531191968,0.0036083681608596965,0.068560114103262,1.0,2023-09-02,farid basharat,kleydson rodrigues,0.7159690590412255,0.7159690590412255,0.2840309409587744,1,1.0,1,-250.0,175.0,0.10497388438157762,2.75,1.4,0.09502016870484731,0.0316294610237879,0.0462926168982899,0.019897709612499,0.0365125467977574,0.0142112563876131,0.0252624278229132,-400.0,290.0,-375.0,300.0,0.0,0.0,0,0,0,0,0,0,0.0,0,0
58,0.0,0.0,0.0,-0.08816121375491939,0.0212949689549547,1.2325581395348837,-266.7799288600289,-1.0,0.0,-0.10332921993226951,-0.1526104418122389,-127.23642814579765,2187.8276657681618,0.0384719041040921,1,-1.4680851063829787,0.0,0.2613175824627889,0.11727569833757735,0.4487860986325984,0.0,0.0,0.14722279205828187,2023-09-09,israel adesanya,sean strickland,0.7397937322365749,0.7397937322365749,0.2602062677634251,1,0.0,1,-430.0,300.0,0.0,4.0,1.2325581395348837,-0.01844720157608292,0.0211528338556065,0.0401679208613745,0.0301203219194008,0.077159371567189,-0.00897543846499,-0.0165927433531917,-770.0,350.0,-450.0,540.0,69.23076923076923,62.5,13,16,9,10,4,6,69.23076923076923,9,4
59,0.0,0.0,0.0,-0.12761682167903832,0.0212949689549547,1.5319148936170213,-266.7799288600289,-1.0,0.0,-0.10332921993226951,-0.1526104418122389,-127.23642814579765,2187.8276657681618,0.0384719041040921,1,-1.4680851063829787,0.0,0.2613175824627889,0.11727569833757735,0.4487860986325984,0.0,0.0,0.14722279205828187,2023-09-09,tai tuivasa,alexander volkov,0.5694723525150722,0.4305276474849278,0.5694723525150722,0,0.0,0,140.0,-188.0,0.0,1.5319148936170213,2.4,-0.01844720157608292,0.0389594877010522,0.0304849567433922,0.0462926168982899,0.0316294610237879,0.0095031228422864,0.0068992828438807,175.0,-250.0,195.0,-210.0,80.0,69.23076923076923,10,13,8,9,2,4,69.23076923076923,9,4
60,0.0,0.0,0.0,-0.08102759719086006,0.0212949689549547,1.4444444444444444,-266.7799288600289,-1.0,0.0,-0.10332921993226951,-0.1526104418122389,-127.23642814579765,2187.8276657681618,0.0384719041040921,1,-1.4680851063829787,0.0,0.2613175824627889,0.11727569833757735,0.4487860986325984,0.0,0.0,0.14722279205828187,2023-09-09,justin tafa,austen lane,0.6362116634832508,0.6362116634832508,0.3637883365167492,1,1.0,1,-225.0,163.0,0.0,2.63,1.4444444444444444,-0.01844720157608292,0.0303091129239294,0.042226716265892,0.0283827797999532,0.0387722873551137,0.0110442112995078,0.014498572863966,-215.0,160.0,-190.0,170.0,60.0,0.0,5,0,3,0,2,0,60.0,3,2
61,-96.70694440889214,0.03745654019214845,-1.0,0.16018908105332963,0.0212949689549547,1.9523809523809523,-266.7799288600289,-1.0,-0.03745654019214845,-0.10332921993226951,-0.1526104418122389,-127.23642814579765,2187.8276657681618,0.0384719041040921,1,-1.4680851063829787,0.032878040071043384,0.2613175824627889,0.11727569833757735,0.4487860986325984,0.1635064724978631,0.21879068676515304,0.14722279205828187,2023-09-09,tyson pedro,anton turkalj,0.5942431878565835,0.4057568121434165,0.5942431878565835,0,1.0,0,-125.0,-105.0,0.22332167194620095,1.9523809523809523,1.8,-0.01844720157608292,0.0331297358984499,0.0346209416083251,0.0494942843272833,0.0469648121318131,0.0023334283831796,0.0022453261955748,-110.0,-134.0,108.0,-110.0,33.33333333333333,0.0,6,0,2,0,4,0,0.0,0,0
62,0.0,0.0,0.0,-0.08789282795813211,0.0212949689549547,1.3636363636363638,-266.7799288600289,-1.0,0.0,-0.10332921993226951,-0.1526104418122389,-127.23642814579765,2187.8276657681618,0.0384719041040921,1,-1.4680851063829787,0.0,0.2613175824627889,0.11727569833757735,0.4487860986325984,0.0,0.0,0.14722279205828187,2023-09-09,carlos ulberg,da woon jung,0.6688785928307031,0.6688785928307031,0.3311214071692969,1,1.0,1,-275.0,200.0,0.0,3.0,1.3636363636363638,-0.01844720157608292,0.0262663073127574,0.040400359353909,0.0369237305897426,0.0634346923493256,-0.0044200456202917,-0.0066910654908193,-350.0,210.0,-260.0,275.0,66.66666666666666,0.0,3,0,2,0,1,0,66.66666666666666,2,1
63,0.0,0.07759085922682707,0.0,-0.005898088846617244,0.0212949689549547,1.4444444444444444,-266.7799288600289,-1.0,0.0,-0.10332921993226951,-0.1526104418122389,-127.23642814579765,2187.8276657681618,0.0384719041040921,1,-1.4680851063829787,0.011423142933574583,0.2613175824627889,0.11727569833757735,0.4487860986325984,-0.008615612362307394,0.05311726690575422,0.14722279205828187,2023-09-09,jack jenkins,chepe mariscal,0.688224400029265,0.688224400029265,0.311775599970735,1,0.0,1,-225.0,163.0,0.07759085922682707,2.63,1.4444444444444444,-0.01844720157608292,0.0303091129239294,0.042226716265892,0.0290887615654049,0.040577421308325,0.0059124538038086,0.0079764350850802,-225.0,165.0,-200.0,188.0,0.0,0.0,0,0,0,0,0,0,0.0,0,0
64,90.46435343145572,0.06587267974012107,0.5319148936170213,0.30023026953216003,0.0212949689549547,1.5319148936170213,-266.7799288600289,-1.0,0.035038659436234604,-0.10332921993226951,-0.1526104418122389,-127.23642814579765,2187.8276657681618,0.0384719041040921,1,-1.4680851063829787,0.08827298549033316,0.2613175824627889,0.11727569833757735,0.4487860986325984,0.4214803058662621,0.4271003771706903,0.14722279205828187,2023-09-09,jamie mullarkey,john makdessi,0.8487614259446045,0.8487614259446045,0.1512385740553955,1,1.0,1,-188.0,140.0,0.5995877693678575,2.4,1.5319148936170213,-0.01844720157608292,0.0304849567433922,0.0389594877010522,0.0279000291438885,0.0446806160174017,0.0062897968176127,0.0095926729064294,-300.0,210.0,-265.0,245.0,80.0,61.53846153846154,5,13,4,8,1,5,80.0,4,1
65,-120.99383716836122,0.04686334112405553,-1.0,0.06463424036618537,0.0212949689549547,1.6451612903225803,-266.7799288600289,-1.0,-0.04686334112405553,-0.10332921993226951,-0.1526104418122389,-127.23642814579765,2187.8276657681618,0.0384719041040921,1,-1.4680851063829787,0.021572324799005414,0.2613175824627889,0.11727569833757735,0.4487860986325984,0.0796672399366455,0.11887890014205346,0.14722279205828187,2023-09-09,shane young,gabriel miranda,0.6471306166931716,0.6471306166931716,0.3528693833068284,1,0.0,1,-155.0,128.0,0.14652843148406983,2.28,1.6451612903225803,-0.01844720157608292,0.0212949689549547,0.0251446595280174,0.0346209416083251,0.0331297358984499,0.0115921013486748,0.0110964976303382,-105.0,-125.0,105.0,-115.0,100.0,0.0,3,0,3,0,0,0,100.0,3,0
66,-128.2711771079186,0.05862947028000109,-1.0,0.022265810158288157,0.0284987596941501,1.4,296.6458729111344,1.1321548821548824,-0.05862947028000109,0.13558923198230055,0.11739711011118978,-39.80122752864221,2444.672311150654,0.038471904104092104,1,-0.2908812534796785,0.04693662702877666,0.11105074565174175,0.03152705390371964,0.2838977236820126,0.034262720184555596,0.08804533228695822,0.34643535149904414,2023-09-16,fernando padilla,kyle nelson,0.7301898643987773,0.7301898643987773,0.2698101356012227,1,0.0,1,-250.0,185.0,0.1354845191914722,2.85,1.4,0.05529266419725985,0.0263797618658524,0.038783145402318,0.0262663073127574,0.040400359353909,0.0107808807910866,0.0160048334946276,-275.0,200.0,-250.0,220.0,0.0,100.0,0,4,0,4,0,0,0.0,0,0
67,71.02770818165955,0.04123048209056994,0.7874015748031495,0.07841633036708695,0.0284987596941501,1.7874015748031495,296.6458729111344,1.1321548821548824,0.032464946528007826,0.13558923198230055,0.11739711011118978,-39.80122752864221,2444.672311150654,0.038471904104092104,1,-0.2908812534796785,0.056705617728535634,0.11105074565174175,0.03152705390371964,0.2838977236820126,0.08746453405341574,0.14675010181713852,0.34643535149904414,2023-09-16,tracy cortez,jasmine jasudavicius,0.6033430570776214,0.6033430570776214,0.3966569429223786,1,1.0,1,-127.0,-104.0,0.1636831157188994,1.9615384615384617,1.7874015748031495,0.05529266419725985,0.0337616142008836,0.0355136730065102,0.0352269955557409,0.0373795583101833,0.0084762280706884,0.0089986517895125,-130.0,-103.0,-118.0,110.0,100.0,0.0,2,0,2,0,0,0,100.0,2,0
68,56.140024202836905,0.06158440182239023,0.41666666666666674,0.10121494817727095,0.0284987596941501,1.4166666666666667,296.6458729111344,1.1321548821548824,0.025660167425995934,0.13558923198230055,0.11739711011118978,-39.80122752864221,2444.672311150654,0.038471904104092104,1,-0.2908812534796785,0.1073235700367744,0.11105074565174175,0.03152705390371964,0.2838977236820126,0.15313291375962237,0.20476183789862323,0.34643535149904414,2023-09-16,daniel zellhuber,christos giagos,0.7773281987133677,0.7773281987133677,0.2226718012866323,1,1.0,1,-240.0,175.0,0.30979393290084173,2.75,1.4166666666666667,0.05529266419725985,0.0284987596941501,0.0410199568833899,0.0239977435591731,0.0385022564408268,0.0060862454044519,0.0093577700395637,-300.0,220.0,-270.0,250.0,100.0,66.66666666666666,1,9,1,6,0,3,100.0,1,0
69,64.28421722491466,0.058177685608816504,0.5050505050505052,0.15822107165715332,0.0284987596941501,1.5050505050505052,296.6458729111344,1.1321548821548824,0.02938266949940228,0.13558923198230055,0.11739711011118978,-39.80122752864221,2444.672311150654,0.038471904104092104,1,-0.2908812534796785,0.12100269596429589,0.11105074565174175,0.03152705390371964,0.2838977236820126,0.22162179646390137,0.24935879742819902,0.34643535149904414,2023-09-16,raul rosas jr,terrence mitchell,0.7695562825104575,0.7695562825104575,0.2304437174895425,1,1.0,1,-198.0,164.0,0.34927929681746045,2.64,1.5050505050505052,0.05529266419725985,0.0185656693505812,0.0246517396386398,0.0207102688625234,0.0541560412979042,0.0087118834396522,0.0201342704065016,-835.0,450.0,-700.0,550.0,0.0,0.0,0,0,0,0,0,0,0.0,0,0
70,-102.98200003013473,0.04707043504451573,-1.0,0.000525622172603768,0.0284987596941501,1.617283950617284,296.6458729111344,1.1321548821548824,-0.04707043504451573,0.13558923198230055,0.11739711011118978,-39.80122752864221,2444.672311150654,0.038471904104092104,1,-0.2908812534796785,0.016736931569150026,0.11105074565174175,0.03152705390371964,0.2838977236820126,0.000662587370891769,0.03832517627745606,0.34643535149904414,2023-09-16,kevin holland,jack della maddalena,0.6186456137097779,0.6186456137097779,0.3813543862902221,1,0.0,1,-162.0,136.0,0.04831184663091811,2.3600000000000003,1.617283950617284,0.05529266419725985,0.0190342109773964,0.0230152132689483,0.0568477761436551,0.0543071312272553,-0.0058975671206943,-0.0057168347376098,-115.0,-136.0,110.0,-105.0,91.66666666666666,100.0,12,3,11,3,1,0,91.66666666666666,11,1
71,0.0,0.0,0.0,-0.10788781920209989,0.0284987596941501,1.4166666666666667,296.6458729111344,1.1321548821548824,0.0,0.13558923198230055,0.11739711011118978,-39.80122752864221,2444.672311150654,0.038471904104092104,1,-0.2908812534796785,0.0,0.11105074565174175,0.03152705390371964,0.2838977236820126,0.0,0.0,0.34643535149904414,2023-09-16,roman kopylov,josh fremd,0.6297262452691059,0.6297262452691059,0.3702737547308941,1,1.0,1,-240.0,175.0,0.0,2.75,1.4166666666666667,0.05529266419725985,0.0284987596941501,0.0410199568833899,0.0421652280054822,0.0945973766077041,-0.0144952169263735,-0.0236000211688645,-590.0,255.0,-320.0,400.0,0.0,0.0,2,1,0,0,2,1,0.0,0,2
72,0.0,0.0,0.0,-0.053323063323354125,0.0263895562040242,1.5,-194.29371301433096,-1.0,0.0,-0.07947638304247048,-0.08920544604669305,-23.784370939863095,2226.59422719646,0.0384719041040921,1,-0.1696969696969699,0.0,0.11290609171283919,0.036603012203486295,0.3241898789356815,0.0,0.0,0.34074250131640366,2023-09-23,bryan battle,aj fletcher,0.6311179577844306,0.6311179577844306,0.3688820422155694,1,1.0,1,-200.0,150.0,0.0,2.5,1.5,0.05255979425536434,0.0287452808578468,0.0379213858088197,0.0354073098582782,0.0490572451945121,0.0053092353063554,0.0070060356296052,-225.0,155.0,-190.0,180.0,100.0,0.0,3,1,3,0,0,1,100.0,3,0
73,0.0,0.0,0.0,-0.09971800550421162,0.0263895562040242,1.5747126436781609,-194.29371301433096,-1.0,0.0,-0.07947638304247048,-0.08920544604669305,-23.784370939863095,2226.59422719646,0.0384719041040921,1,-0.1696969696969699,0.0,0.11290609171283919,0.036603012203486295,0.3241898789356815,0.0,0.0,0.34074250131640366,2023-09-23,rafael fiziev,mateusz gamrot,0.571711923511924,0.571711923511924,0.428288076488076,1,0.0,1,-174.0,136.0,0.0,2.3600000000000003,1.5747126436781609,0.05255979425536434,0.0262519436002324,0.0325133663094545,0.0391052434963937,0.0449283699489844,0.0045666922716053,0.005095143477187,-155.0,110.0,-130.0,125.0,33.33333333333333,75.0,6,4,2,3,4,1,33.33333333333333,2,4
74,82.06668090579764,0.04196200474981585,0.8,0.1653389778456601,0.0263895562040242,1.8,-194.29371301433096,-1.0,0.03356960379985269,-0.07947638304247048,-0.08920544604669305,-23.784370939863095,2226.59422719646,0.0384719041040921,1,-0.1696969696969699,0.08917485302907918,0.11290609171283919,0.036603012203486295,0.3241898789356815,0.18351418832364272,0.23578799871675432,0.34074250131640366,2023-09-23,bryce mitchell,dan ige,0.647410543247589,0.647410543247589,0.352589456752411,1,1.0,1,-125.0,-105.0,0.2617074555846909,1.9523809523809523,1.8,0.05255979425536434,0.0331297358984499,0.0346209416083251,0.0290887615654049,0.040577421308325,0.0074736116073294,0.0100702480417933,-225.0,165.0,-200.0,185.0,80.0,72.72727272727273,5,11,4,8,1,3,80.0,4,1
75,-91.71036188208392,0.03751437829265463,-1.0,0.16773422543375327,0.0263895562040242,1.9523809523809523,-194.29371301433096,-1.0,-0.03751437829265463,-0.07947638304247048,-0.08920544604669305,-23.784370939863095,2226.59422719646,0.0384719041040921,1,-0.1696969696969699,0.07861578936362396,0.11290609171283919,0.036603012203486295,0.3241898789356815,0.17124784928618356,0.2259852188743792,0.34074250131640366,2023-09-23,ricardo ramos,charles jourdain,0.5981077740026541,0.5981077740026541,0.4018922259973458,1,0.0,1,-105.0,-125.0,0.2307190592893594,1.8,1.9523809523809523,0.05255979425536434,0.0346209416083251,0.0331297358984499,0.0405383694346594,0.0356521067558167,0.010024087431617,0.0088884421192105,110.0,-150.0,125.0,-135.0,71.42857142857143,50.0,7,8,5,4,2,4,71.42857142857143,5,2
76,75.250872578664,0.04617236770472016,0.6666666666666663,0.1294642916455116,0.0263895562040242,1.6666666666666663,-194.29371301433096,-1.0,0.030781578469813428,-0.07947638304247048,-0.08920544604669305,-23.784370939863095,2226.59422719646,0.0384719041040921,1,-0.1696969696969699,0.08864086589782039,0.11290609171283919,0.036603012203486295,0.3241898789356815,0.15623923327762124,0.215559706267958,0.34074250131640366,2023-09-23,mohammed usman,jake collier,0.6776785749873071,0.6776785749873071,0.3223214250126929,1,1.0,1,-150.0,110.0,0.2601403275358099,2.1,1.6666666666666663,0.05255979425536434,0.0356521067558167,0.0405383694346594,0.0435494356063789,0.0467047580747985,0.0053898078105479,0.0056843893101607,-137.0,-105.0,-115.0,110.0,0.0,55.55555555555556,0,9,0,5,0,4,0.0,0,0
77,-143.1822700393529,0.05856910530964377,-1.0,0.09482909588290372,0.0263895562040242,1.4444444444444444,-194.29371301433096,-1.0,-0.05856910530964377,-0.07947638304247048,-0.08920544604669305,-23.784370939863095,2226.59422719646,0.0384719041040921,1,-0.1696969696969699,0.0967382298021567,0.11290609171283919,0.036603012203486295,0.3241898789356815,0.13882444021441684,0.19393112102024193,0.34074250131640366,2023-09-23,tim means,andre fialho,0.7579586048420103,0.2420413951579897,0.7579586048420103,0,1.0,0,163.0,-225.0,0.2839042075127821,1.4444444444444444,2.63,0.05255979425536434,0.042226716265892,0.0303091129239294,0.0392764126889053,0.0318698323703832,0.0161735070092879,0.0132018795089556,130.0,-175.0,145.0,-164.0,66.66666666666666,25.0,21,4,14,1,7,3,25.0,1,3
78,53.79070749711207,0.06050890540312673,0.36363636363636376,0.0023887650416931083,0.0263895562040242,1.3636363636363638,-194.29371301433096,-1.0,0.02200323832840973,-0.07947638304247048,-0.08920544604669305,-23.784370939863095,2226.59422719646,0.0384719041040921,1,-0.1696969696969699,0.03259089121879333,0.11290609171283919,0.036603012203486295,0.3241898789356815,0.003843036086496122,0.05945233301220077,0.34074250131640366,2023-09-23,mizuki,hannah goldy,0.7350850943639082,0.7350850943639082,0.2649149056360917,1,1.0,1,-275.0,200.0,0.09564668655328783,3.0,1.3636363636363638,0.05255979425536434,0.0262663073127574,0.040400359353909,0.0360735620034744,0.0710692951393826,-0.0027180520567959,-0.0046097447189734,-460.0,250.0,-345.0,360.0,0.0,33.33333333333333,1,3,0,1,1,2,0.0,0,1
79,0.0,0.08529782361303298,0.0,-0.006952359839724365,0.0263895562040242,1.2222222222222223,-194.29371301433096,-1.0,0.0,-0.07947638304247048,-0.08920544604669305,-23.784370939863095,2226.59422719646,0.0384719041040921,1,-0.1696969696969699,0.029064593774750257,0.11290609171283919,0.036603012203486295,0.3241898789356815,-0.014076417542858042,0.04212869940079495,0.34074250131640366,2023-09-23,jacob malkoun,cody brundage,0.8124935237674982,0.8124935237674982,0.1875064762325018,1,0.0,1,-450.0,300.0,0.08529782361303298,4.0,1.2222222222222223,0.05255979425536434,0.0231736516692425,0.0450081665125755,0.0201574573220818,0.0465092093445847,0.010646791850098,0.0229971004894464,-650.0,400.0,-590.0,460.0,33.33333333333333,100.0,3,2,1,2,2,0,33.33333333333333,1,2
80,0.0,0.033262366739174314,0.0,-0.02329732292699843,0.0263895562040242,1.2857142857142856,-194.29371301433096,-1.0,0.0,-0.07947638304247048,-0.08920544604669305,-23.784370939863095,2226.59422719646,0.0384719041040921,1,-0.1696969696969699,0.011333902042409805,0.11290609171283919,0.036603012203486295,0.3241898789356815,-0.0418966764926742,0.01849607568214377,0.34074250131640366,2023-09-23,marina rodriguez,michelle waterson gomez,0.7596576377234457,0.7596576377234457,0.2403423622765542,1,1.0,1,-350.0,240.0,0.033262366739174314,3.4,1.2857142857142856,0.05255979425536434,0.0263895562040242,0.0455058686325771,0.0324036387667123,0.061002954639881,1.928457393773897e-13,-1.9287349495300532e-13,-420.0,250.0,-325.0,325.0,42.857142857142854,0.0,7,0,3,0,4,0,42.857142857142854,3,4
81,-126.37531832037895,0.056757228944898555,-1.0,0.05952972134203144,0.0265532308486119,1.4587155963302751,-152.0304252027495,-1.0,-0.056757228944898555,-0.06827935837872598,-0.25417000540627943,-413.9030415613653,1660.6607604323453,0.038471904104092104,1,-4.428571428571429,0.04602764948086208,0.1475715670820092,0.06353337394406933,0.430525847223417,0.08662773506684045,0.12132622771027589,0.26069997672866285,2023-10-07,vanessa demopoulos,kanako murata,0.7263442743791285,0.2736557256208715,0.7263442743791285,0,1.0,0,180.0,-218.0,0.17655409892409682,1.4587155963302751,2.8,-0.16480434933536064,0.0248129186935715,0.0178645296442542,0.0504338719621719,0.0257962042679043,0.0204955383446889,0.0114141327402398,290.0,-455.0,320.0,-385.0,25.0,0.0,4,0,1,0,3,0,0.0,0,0
82,-77.82315227142696,0.034951654558727265,-1.0,0.06899189761221192,0.0265532308486119,2.05,-152.0304252027495,-1.0,-0.034951654558727265,-0.06827935837872598,-0.25417000540627943,-413.9030415613653,1660.6607604323453,0.038471904104092104,1,-4.428571428571429,0.03287586354656889,0.1475715670820092,0.06353337394406933,0.430525847223417,0.06720794471899108,0.12945345702205294,0.26069997672866285,2023-10-07,alexander hernandez,bill algeo,0.5214594622498595,0.5214594622498595,0.4785405377501405,1,0.0,1,105.0,-138.0,0.12610612382518993,1.7246376811594204,2.05,-0.16480434933536064,0.0354005882336351,0.0322362225882545,0.0390285135619546,0.0403365658031246,0.0110964976303382,0.0115921013486748,-125.0,-110.0,-115.0,105.0,66.66666666666666,60.0,6,5,4,3,2,2,66.66666666666666,4,2
83,-120.2749840526534,0.054017468734792115,-1.0,0.08076646576638974,0.0265532308486119,1.5,-152.0304252027495,-1.0,-0.054017468734792115,-0.06827935837872598,-0.25417000540627943,-413.9030415613653,1660.6607604323453,0.038471904104092104,1,-4.428571428571429,0.059465275506441304,0.1475715670820092,0.06353337394406933,0.430525847223417,0.11189314936764784,0.1646455602813304,0.26069997672866285,2023-10-07,nate maness,mateus mendonca,0.7205109771775932,0.2794890228224068,0.7205109771775932,0,1.0,0,150.0,-200.0,0.2280985071522768,1.5,2.5,-0.16480434933536064,0.0379213858088197,0.0287452808578468,0.0512520515676035,0.0320812817657297,0.0050262223086338,0.003377139035904,200.0,-300.0,240.0,-250.0,75.0,0.0,4,0,3,0,1,0,0.0,0,0
84,-72.72018236585008,0.032659827047792724,-1.0,0.30895289918221436,0.0265532308486119,2.2,-152.0304252027495,-1.0,-0.032659827047792724,-0.06827935837872598,-0.25417000540627943,-413.9030415613653,1660.6607604323453,0.038471904104092104,1,-4.428571428571429,0.08044993899841696,0.1475715670820092,0.06353337394406933,0.430525847223417,0.2839170767742972,0.3358037075744842,0.26069997672866285,2023-10-07,karolina kowalkiewicz,diana belbita,0.5949785905373701,0.4050214094626298,0.5949785905373701,0,1.0,0,-163.0,120.0,0.3085920451851419,2.2,1.6134969325153374,-0.16480434933536064,0.0339796305551364,0.0403376871081888,0.0498760773124432,0.0577006638542079,0.0043327197703345,0.0049179740317005,-163.0,105.0,-135.0,130.0,80.0,0.0,10,2,8,0,2,2,0.0,0,2
85,0.0,0.0,0.0,-0.1002114414991116,0.0265532308486119,1.2857142857142856,-152.0304252027495,-1.0,0.0,-0.06827935837872598,-0.25417000540627943,-413.9030415613653,1660.6607604323453,0.038471904104092104,1,-4.428571428571429,0.0,0.1475715670820092,0.06353337394406933,0.430525847223417,0.0,0.0,0.26069997672866285,2023-10-07,drew dober,ricky glenn,0.699835545500691,0.699835545500691,0.3001644544993089,1,1.0,1,-350.0,240.0,0.0,3.4,1.2857142857142856,-0.16480434933536064,0.0263895562040242,0.0455058686325771,0.0273349729556402,0.055998360377693,0.0061735975652481,0.0112177067825779,-500.0,300.0,-400.0,360.0,46.15384615384615,0.0,13,1,6,0,7,1,46.15384615384615,6,7
86,62.60083828584348,0.04920136128178329,0.5714285714285714,0.06066339396898701,0.0265532308486119,1.5714285714285714,-152.0304252027495,-1.0,0.028115063589590452,-0.06827935837872598,-0.25417000540627943,-413.9030415613653,1660.6607604323453,0.038471904104092104,1,-4.428571428571429,0.04645318051624313,0.1475715670820092,0.06353337394406933,0.430525847223417,0.07870892542654732,0.13733371965311725,0.26069997672866285,2023-10-07,alex morono,joaquin buckley,0.6749676143439008,0.3250323856560991,0.6749676143439008,0,0.0,0,130.0,-175.0,0.17818636234322224,1.5714285714285714,2.3,-0.16480434933536064,0.0392764126889053,0.0318698323703832,0.0438354898569455,0.0338481259622635,0.003894829625118,0.0030932905705493,140.0,-195.0,165.0,-170.0,84.61538461538461,62.5,13,8,11,5,2,3,62.5,5,3
87,-79.31024283689945,0.03561953133093326,-1.0,0.2860990787851948,0.0265532308486119,2.1,-152.0304252027495,-1.0,-0.03561953133093326,-0.06827935837872598,-0.25417000540627943,-413.9030415613653,1660.6607604323453,0.038471904104092104,1,-4.428571428571429,0.07711201421427369,0.1475715670820092,0.06353337394406933,0.430525847223417,0.274678971918955,0.3080860975327547,0.26069997672866285,2023-10-07,montana de la rosa,jj aldrich,0.6124281327548546,0.6124281327548546,0.3875718672451453,1,0.0,1,110.0,-135.0,0.29578834329752185,1.7407407407407407,2.1,-0.16480434933536064,0.0265532308486119,0.0241053304482471,0.0437184576507431,0.0536841397518541,-0.0035639612084824,-0.0042791760464192,-180.0,120.0,-150.0,155.0,71.42857142857143,62.5,7,8,5,5,2,3,71.42857142857143,5,2
88,-99.05673148354252,0.05964898662250173,-1.0,0.2860531054497627,0.0339796305551364,1.5714285714285714,-160.43925780803391,-1.0,-0.05964898662250173,-0.0966116991686275,-0.14406535355996952,-78.80442178681974,1421.4170808374918,0.038471904104092104,1,-0.43412211510371024,0.09460991067935293,0.2199236352631289,0.08585064638406949,0.39036571163146233,0.3830483953992616,0.40388514135055664,0.1749330128072054,2023-10-14,sodiq yusuff,edson barboza,0.8183974307407581,0.8183974307407581,0.1816025692592419,1,0.0,1,-175.0,130.0,0.5408350840194069,2.3,1.5714285714285714,-0.0276235621253298,0.0318698323703832,0.0392764126889053,0.0484270906365948,0.0637748728977669,-0.0032481481787822,-0.0040087458705644,-210.0,130.0,-160.0,165.0,100.0,62.5,5,24,5,15,0,9,100.0,5,0
89,0.0,0.0,0.0,-0.13605877897302282,0.0339796305551364,1.6666666666666663,-160.43925780803391,-1.0,0.0,-0.0966116991686275,-0.14406535355996952,-78.80442178681974,1421.4170808374918,0.038471904104092104,1,-0.43412211510371024,0.0,0.2199236352631289,0.08585064638406949,0.39036571163146233,0.0,0.0,0.1749330128072054,2023-10-14,andre petroski,michel pereira,0.5183647326161864,0.4816352673838135,0.5183647326161864,0,0.0,0,110.0,-150.0,0.0,1.6666666666666663,2.1,-0.0276235621253298,0.0405383694346594,0.0356521067558167,0.0373723581540192,0.0276438959094966,0.013117781846808,0.0100303663013401,158.0,-210.0,170.0,-188.0,50.0,60.0,2,5,1,3,1,2,60.0,3,2
90,58.45954888046798,0.03696271254612575,0.9523809523809523,0.07050049815316939,0.0339796305551364,1.9523809523809523,-160.43925780803391,-1.0,0.03520258337726262,-0.0966116991686275,-0.14406535355996952,-78.80442178681974,1421.4170808374918,0.038471904104092104,1,-0.43412211510371024,0.023684087226411837,0.2199236352631289,0.08585064638406949,0.39036571163146233,0.07189967788985824,0.13275476459148022,0.1749330128072054,2023-10-14,jonathan martinez,adrian yanez,0.5483051332004039,0.5483051332004039,0.4516948667995961,1,1.0,1,-105.0,-125.0,0.135389466209641,1.8,1.9523809523809523,-0.0276235621253298,0.0346209416083251,0.0331297358984499,0.0413302908951865,0.0425271514528219,0.0079040929445077,0.0082026718967256,-125.0,-112.0,-112.0,105.0,62.5,80.0,8,5,5,4,3,1,62.5,5,3
91,0.0,0.06537808744322628,0.0,-0.01195000870918217,0.0339796305551364,1.6666666666666663,-160.43925780803391,-1.0,0.0,-0.0966116991686275,-0.14406535355996952,-78.80442178681974,1421.4170808374918,0.038471904104092104,1,-0.43412211510371024,0.011436785808016497,0.2199236352631289,0.08585064638406949,0.39036571163146233,-0.014420107782014737,0.05417911753133032,0.1749330128072054,2023-10-14,jennifer maia,viviane araujo,0.5928299947744908,0.5928299947744908,0.4071700052255091,1,0.0,1,-150.0,110.0,0.06537808744322628,2.1,1.6666666666666663,-0.0276235621253298,0.0356521067558167,0.0405383694346594,0.036423892021262,0.0435897273182001,0.0102625313309884,0.0120435771110157,-167.0,120.0,-148.0,135.0,62.5,57.14285714285714,8,7,5,4,3,3,62.5,5,3
92,0.0,0.0,0.0,-0.05446262523501383,0.0339796305551364,1.5714285714285714,-160.43925780803391,-1.0,0.0,-0.0966116991686275,-0.14406535355996952,-78.80442178681974,1421.4170808374918,0.038471904104092104,1,-0.43412211510371024,0.0,0.2199236352631289,0.08585064638406949,0.39036571163146233,0.0,0.0,0.1749330128072054,2023-10-14,chris gutierrez,alatengheili,0.601705602123173,0.601705602123173,0.3982943978768269,1,1.0,1,-175.0,145.0,0.0,2.45,1.5714285714285714,-0.0276235621253298,0.0197703920738484,0.0247565095959103,0.0331191175513195,0.0533006355351002,0.0111348839931298,0.0171023084231671,-305.0,200.0,-270.0,235.0,57.14285714285714,100.0,7,2,4,2,3,0,57.14285714285714,4,3
93,-85.83911006929446,0.051689732252688775,-1.0,0.009203565345177522,0.0339796305551364,1.5,-160.43925780803391,-1.0,-0.051689732252688775,-0.0966116991686275,-0.14406535355996952,-78.80442178681974,1421.4170808374918,0.038471904104092104,1,-0.43412211510371024,0.016852243191301065,0.2199236352631289,0.08585064638406949,0.39036571163146233,0.012738935891982111,0.06959994395692289,0.1749330128072054,2023-10-14,darren elkins,tj brown,0.672802376896785,0.327197623103215,0.672802376896785,0,1.0,0,150.0,-200.0,0.09633540817063507,1.5,2.5,-0.0276235621253298,0.0379213858088197,0.0287452808578468,0.0424849594191082,0.0323449725536807,0.0089972730427578,0.0069941981725939,145.0,-200.0,168.0,-180.0,66.66666666666666,33.33333333333333,24,3,16,1,8,2,33.33333333333333,1,2
94,0.0,0.0,0.0,-0.08363857607970213,0.0339796305551364,1.25,-160.43925780803391,-1.0,0.0,-0.0966116991686275,-0.14406535355996952,-78.80442178681974,1421.4170808374918,0.038471904104092104,1,-0.43412211510371024,0.0,0.2199236352631289,0.08585064638406949,0.39036571163146233,0.0,0.0,0.1749330128072054,2023-10-14,ashley yoder,emily ducote,0.7330891391362383,0.2669108608637617,0.7330891391362383,0,0.0,0,275.0,-400.0,0.0,1.25,3.75,-0.0276235621253298,0.0431680677672335,0.0234985988994331,0.0462547699698872,0.0245954324592625,0.0140808880534058,0.0079509356920042,280.0,-420.0,330.0,-375.0,50.0,50.0,8,2,4,1,4,1,50.0,1,1
95,47.631870885549255,0.04675244420373496,0.6134969325153374,0.04125694200568203,0.0339796305551364,1.6134969325153374,-160.43925780803391,-1.0,0.02868248110658586,-0.0966116991686275,-0.14406535355996952,-78.80442178681974,1421.4170808374918,0.038471904104092104,1,-0.43412211510371024,0.02514964271097888,0.2199236352631289,0.08585064638406949,0.39036571163146233,0.05171528784488749,0.11469332203396541,0.1749330128072054,2023-10-14,christian rodriguez,cameron saaiman,0.6453417549312782,0.6453417549312782,0.3546582450687218,1,1.0,1,-163.0,120.0,0.14376727586974353,2.2,1.6134969325153374,-0.0276235621253298,0.0339796305551364,0.0403376871081888,0.056786349620442,0.0632519095856794,-0.0080341770837868,-0.0086516087124379,-155.0,-105.0,-115.0,123.0,0.0,0.0,0,0,0,0,0,0,0.0,0,0
96,0.0,0.023756421124568487,0.0,-0.026328093029495403,0.0185656693505812,1.3636363636363638,176.08810100854902,0.8338557993730409,0.0,0.12388207752843296,0.20525525136704392,115.66521921616015,1713.1704010622009,0.038471904104092104,1,1.2798925212718317,0.004850792440212054,0.18841349462498808,0.06836857241405285,0.3628645206657377,-0.04240008859491265,0.014751414115926034,0.20418868712490734,2023-10-21,nathaniel wood,muhammad naimov,0.7140260651117033,0.7140260651117033,0.2859739348882967,1,0.0,1,-275.0,200.0,0.023756421124568487,3.0,1.3636363636363638,0.19897715226904977,0.0262663073127574,0.040400359353909,0.0331676104446071,0.0609500366142162,0.0071041905483018,0.0116722137702711,-400.0,240.0,-315.0,285.0,50.0,0.0,6,0,3,0,3,0,50.0,3,3
97,37.977129304305116,0.07748160372295133,0.3448275862068966,0.15451079502404952,0.0185656693505812,1.3448275862068966,176.08810100854902,0.8338557993730409,0.026717794387224603,0.12388207752843296,0.20525525136704392,115.66521921616015,1713.1704010622009,0.038471904104092104,1,1.2798925212718317,0.10101679031703376,0.18841349462498808,0.06836857241405285,0.3628645206657377,0.26102860377313547,0.2928414949623136,0.20418868712490734,2023-10-21,islam makhachev,alexander volkanovski,0.858482386043524,0.858482386043524,0.141517613956476,1,1.0,1,-290.0,215.0,0.4947227573643159,3.15,1.3448275862068966,0.19897715226904977,0.0236688803786396,0.0373811806714214,0.0335071987325586,0.0522530299613847,0.0038879195626169,0.0055817774070801,-286.0,190.0,-230.0,220.0,88.88888888888889,80.0,9,5,8,4,1,1,88.88888888888889,8,1
98,0.0,0.0,0.0,-0.13032853511135015,0.0185656693505812,1.25,176.08810100854902,0.8338557993730409,0.0,0.12388207752843296,0.20525525136704392,115.66521921616015,1713.1704010622009,0.038471904104092104,1,1.2798925212718317,0.0,0.18841349462498808,0.06836857241405285,0.3628645206657377,0.0,0.0,0.20418868712490734,2023-10-21,mike breeden,anshul jubli,0.6957371719109199,0.3042628280890801,0.6957371719109199,0,1.0,0,275.0,-400.0,0.0,1.25,3.75,0.19897715226904977,0.0431680677672335,0.0234985988994331,0.0387829816191838,0.0247303060291531,0.0170409233821761,0.0113217753715841,210.0,-286.0,225.0,-258.0,100.0,0.0,1,0,1,0,0,0,0.0,0,0
99,40.94639930845631,0.050411803654124565,0.5714285714285714,0.10444445099648803,0.0185656693505812,1.5714285714285714,176.08810100854902,0.8338557993730409,0.028806744945214038,0.12388207752843296,0.20525525136704392,115.66521921616015,1713.1704010622009,0.038471904104092104,1,1.2798925212718317,0.05076731840493161,0.18841349462498808,0.06836857241405285,0.3628645206657377,0.13570764874741006,0.19135225855966037,0.20418868712490734,2023-10-21,abu azaitar,sedriques dumas,0.7028282869977651,0.2971717130022349,0.7028282869977651,0,0.0,0,130.0,-175.0,0.24862943740794005,1.5714285714285714,2.3,0.19897715226904977,0.0392764126889053,0.0318698323703832,0.0324336545732737,0.0219881141342093,0.0173439193397179,0.0120174704327312,194.0,-250.0,205.0,-235.0,0.0,0.0,1,0,0,0,1,0,0.0,0,0
100,36.74169060339873,0.07108374489197387,0.36363636363636376,0.13378442406042734,0.0185656693505812,1.3636363636363638,176.08810100854902,0.8338557993730409,0.02584863450617233,0.12388207752843296,0.20525525136704392,115.66521921616015,1713.1704010622009,0.038471904104092104,1,1.2798925212718317,0.08669541064530176,0.18841349462498808,0.06836857241405285,0.3628645206657377,0.21793183542691508,0.2606449459481808,0.20418868712490734,2023-10-21,viktoriia dudakova,jinh yu frey,0.8314419109776466,0.8314419109776466,0.1685580890223533,1,1.0,1,-275.0,200.0,0.4245847890302953,3.0,1.3636363636363638,0.19897715226904977,0.0262663073127574,0.040400359353909,0.0245334200524655,0.0548316593126138,0.0073418189481296,0.0146707596682225,-600.0,350.0,-500.0,430.0,0.0,25.0,0,4,0,1,0,3,0.0,0,0
101,0.0,0.0,0.0,-0.1255077671006547,0.0185656693505812,1.5,176.08810100854902,0.8338557993730409,0.0,0.12388207752843296,0.20525525136704392,115.66521921616015,1713.1704010622009,0.038471904104092104,1,1.2798925212718317,0.0,0.18841349462498808,0.06836857241405285,0.3628645206657377,0.0,0.0,0.20418868712490734,2023-10-21,kamaru usman,khamzat chimaev,0.5829948219328969,0.5829948219328969,0.4170051780671031,1,0.0,1,-200.0,170.0,0.0,2.7,1.5,0.19897715226904977,0.0158443011302963,0.0211927359067407,0.1393363835339639,0.0765191894644662,-0.0745124372220023,-0.0577626950531299,145.0,-420.0,320.0,-170.0,87.5,100.0,16,4,14,4,2,0,87.5,14,2
102,0.0,0.03159133065230151,0.0,-0.007212784606359879,0.0185656693505812,1.25,176.08810100854902,0.8338557993730409,0.0,0.12388207752843296,0.20525525136704392,115.66521921616015,1713.1704010622009,0.038471904104092104,1,1.2798925212718317,0.006450592330422288,0.18841349462498808,0.06836857241405285,0.3628645206657377,-0.014102467117652968,0.016157560341914675,0.20418868712490734,2023-10-21,ikram aliskerov,warlley alves,0.7942297723149121,0.7942297723149121,0.2057702276850879,1,1.0,1,-400.0,325.0,0.03159133065230151,4.25,1.25,0.19897715226904977,0.012482843450473,0.0228112741965859,0.0193305613455002,0.0461456291306901,0.0074805382028051,0.016124612011787,-700.0,425.0,-599.0,500.0,0.0,54.54545454545454,0,11,0,6,0,5,0.0,0,0
103,0.0,0.0,0.0,-0.03947477246248199,0.0185656693505812,1.1540832049306626,176.08810100854902,0.8338557993730409,0.0,0.12388207752843296,0.20525525136704392,115.66521921616015,1713.1704010622009,0.038471904104092104,1,1.2798925212718317,0.0,0.18841349462498808,0.06836857241405285,0.3628645206657377,0.0,0.0,0.20418868712490734,2023-10-21,tim elliott,muhammad mokaev,0.8322842091746985,0.1677157908253015,0.8322842091746985,0,0.0,0,400.0,-649.0,0.0,1.1540832049306626,5.0,0.19897715226904977,0.0463733949129643,0.0201152566224162,0.0519045260331316,0.0249003894814613,0.0199385267373082,0.0105368897600506,320.0,-520.0,360.0,-435.0,66.66666666666666,100.0,12,1,8,1,4,0,100.0,1,0
104,0.0,0.0,0.0,-0.13428615696322616,0.0185656693505812,1.5050505050505052,176.08810100854902,0.8338557993730409,0.0,0.12388207752843296,0.20525525136704392,115.66521921616015,1713.1704010622009,0.038471904104092104,1,1.2798925212718317,0.0,0.18841349462498808,0.06836857241405285,0.3628645206657377,0.0,0.0,0.20418868712490734,2023-10-21,said nurmagomedov,muin gafurov,0.5752058420177222,0.5752058420177222,0.4247941579822778,1,1.0,1,-198.0,164.0,0.0,2.64,1.5050505050505052,0.19897715226904977,0.0185656693505812,0.0246517396386398,0.0328963273661757,0.0574046759783059,0.0077693340819139,0.0125009361883561,-360.0,225.0,-300.0,270.0,50.0,0.0,6,0,3,0,3,0,50.0,3,3
105,38.550174593431905,0.06188116492452092,0.36363636363636376,0.026796855293171107,0.0356521067558167,1.3636363636363638,-258.55638398893615,-1.0,0.022502241790734887,-0.15092274757293606,-0.21577615853348822,-111.10494406554089,1343.5090730077238,0.038471904104092104,1,-1.1585858585858586,0.026431071714119833,0.22815884902582415,0.09747868092335382,0.42724041315759226,0.04310909710691588,0.09743686740027876,0.16861894363666632,2023-11-04,vitor petrino,modestas bukauskas,0.7529843605483254,0.7529843605483254,0.2470156394516746,1,1.0,1,-275.0,200.0,0.15675031016130964,3.0,1.3636363636363638,0.10426350673908089,0.0262663073127574,0.040400359353909,0.0262663073127574,0.040400359353909,0.0107808807910866,0.0160048334946276,-275.0,200.0,-250.0,220.0,0.0,50.0,0,2,0,1,0,1,0.0,0,0
106,33.789479465879886,0.09861680847663994,0.19999999999999996,0.07508393108146741,0.0356521067558167,1.2,-258.55638398893615,-1.0,0.01972336169532798,-0.15092274757293606,-0.21577615853348822,-111.10494406554089,1343.5090730077238,0.038471904104092104,1,-1.1585858585858586,0.07373315273541144,0.22815884902582415,0.09747868092335382,0.42724041315759226,0.16319076297762783,0.20119068507181925,0.16861894363666632,2023-11-04,jailton almeida,derrick lewis,0.8959032759012229,0.8959032759012229,0.1040967240987771,1,1.0,1,-500.0,350.0,0.4372768038108982,4.5,1.2,0.10426350673908089,0.0183207744122606,0.0372347811432948,0.0238024988898787,0.0500254819148462,0.0027031247490677,0.0049891829432399,-530.0,330.0,-420.0,400.0,100.0,65.21739130434783,3,23,3,15,0,8,100.0,3,0
107,-127.33767851141529,0.07432867065206317,-1.0,0.06239881031911995,0.0356521067558167,1.2857142857142856,-258.55638398893615,-1.0,-0.07432867065206317,-0.15092274757293606,-0.21577615853348822,-111.10494406554089,1343.5090730077238,0.038471904104092104,1,-1.1585858585858586,0.05081522099885382,0.22815884902582415,0.09747868092335382,0.42724041315759226,0.11249986956299465,0.1671520645921455,0.16861894363666632,2023-11-04,gabriel bonfim,nicolas dalby,0.82631018580376,0.82631018580376,0.1736898141962399,1,0.0,1,-350.0,240.0,0.30136128185186906,3.4,1.2857142857142856,0.10426350673908089,0.0263895562040242,0.0455058686325771,0.0227641382476544,0.0529432003907186,0.0039890844425638,0.007915677462198,-654.0,380.0,-500.0,460.0,0.0,42.857142857142854,0,7,0,3,0,4,0.0,0,0
108,0.0,0.021601324760509247,0.0,-0.03323353867554435,0.0356521067558167,1.4444444444444444,-258.55638398893615,-1.0,0.0,-0.15092274757293606,-0.21577615853348822,-111.10494406554089,1343.5090730077238,0.038471904104092104,1,-1.1585858585858586,0.0036423925622696336,0.22815884902582415,0.09747868092335382,0.42724041315759226,-0.048606991979505534,0.014769242708416631,0.16861894363666632,2023-11-04,rodrigo nascimento,dontale mayes,0.6692998578400078,0.6692998578400078,0.3307001421599922,1,1.0,1,-225.0,163.0,0.021601324760509247,2.63,1.4444444444444444,0.10426350673908089,0.0303091129239294,0.042226716265892,0.0310750834453099,0.0429812949588945,0.0129435018925526,0.0173595284104776,-222.0,160.0,-200.0,175.0,33.33333333333333,100.0,3,4,1,4,2,0,33.33333333333333,1,2
109,33.502067046099285,0.07040014308627932,0.2777777777777777,0.006997832672474308,0.0356521067558167,1.2777777777777777,-258.55638398893615,-1.0,0.01955559530174425,-0.15092274757293606,-0.21577615853348822,-111.10494406554089,1343.5090730077238,0.038471904104092104,1,-1.1585858585858586,0.01513549809219793,0.22815884902582415,0.09747868092335382,0.42724041315759226,0.012951538394052229,0.04849897385310149,0.16861894363666632,2023-11-04,caio borralho,abus magomedov,0.7880852603523713,0.7880852603523713,0.2119147396476287,1,1.0,1,-360.0,285.0,0.08976155208759536,3.85,1.2777777777777777,0.10426350673908089,0.0154210319511368,0.0269279234412967,0.0268586889264477,0.0452247318867654,0.0125333245801031,0.0200164041721571,-333.0,230.0,-295.0,250.0,100.0,0.0,2,0,2,0,0,0,100.0,2,0
110,-89.60898665953667,0.05230593909629611,-1.0,0.3048902855343454,0.0356521067558167,1.6666666666666663,-258.55638398893615,-1.0,-0.05230593909629611,-0.15092274757293606,-0.21577615853348822,-111.10494406554089,1343.5090730077238,0.038471904104092104,1,-1.1585858585858586,0.08460371643141401,0.22815884902582415,0.09747868092335382,0.42724041315759226,0.3766560854571659,0.4061455276065019,0.16861894363666632,2023-11-04,angela hill,denise gomes,0.7829341713206074,0.2170658286793926,0.7829341713206074,0,1.0,0,110.0,-150.0,0.5017450270220817,1.6666666666666663,2.1,0.10426350673908089,0.0405383694346594,0.0356521067558167,0.0405383694346594,0.0356521067558167,0.0109908024649661,0.0097248284201562,110.0,-150.0,125.0,-136.0,71.42857142857143,0.0,14,0,10,0,4,0,0.0,0,0
111,0.0,0.0,0.0,-0.15384246416309852,0.0405383694346594,1.1428571428571428,-88.05648880989833,-1.0,0.0,-0.06554216162661679,-0.04788468593173876,23.722978802481997,1279.1755630003074,0.038471904104092104,1,0.2688575687762569,0.0,0.06459178754752246,0.014710836574778913,0.22775088185871356,0.0,0.0,0.5956160305330916,2023-11-11,mateusz rebecki,roosevelt roberts,0.7403878438572888,0.7403878438572888,0.2596121561427111,1,1.0,1,-700.0,440.0,0.0,5.4,1.1428571428571428,0.05434410647375882,0.0178159844126093,0.0423692007725759,0.0222662126981324,0.0615127534337747,0.0073515603841003,0.0169021709591832,-920.0,450.0,-700.0,570.0,0.0,60.0,0,5,0,3,0,2,0.0,0,0
112,0.0,0.0,0.0,-0.25450969865551953,0.0405383694346594,1.2857142857142856,-88.05648880989833,-1.0,0.0,-0.06554216162661679,-0.04788468593173876,23.722978802481997,1279.1755630003074,0.038471904104092104,1,0.2688575687762569,0.0,0.06459178754752246,0.014710836574778913,0.22775088185871356,0.0,0.0,0.5956160305330916,2023-11-11,dennis buzukja,jamall emmers,0.579825789934596,0.420174210065404,0.579825789934596,0,0.0,0,240.0,-350.0,0.0,1.2857142857142856,3.4,0.05434410647375882,0.0455058686325771,0.0263895562040242,0.0367206685581574,0.0244846045115223,0.0220105402839789,0.0148558191630255,195.0,-260.0,210.0,-250.0,0.0,0.0,0,1,0,0,0,1,0.0,0,1
113,0.0,0.04920818547106969,0.0,-0.01822775258619236,0.0405383694346594,1.5319148936170213,-88.05648880989833,-1.0,0.0,-0.06554216162661679,-0.04788468593173876,23.722978802481997,1279.1755630003074,0.038471904104092104,1,0.2688575687762569,0.029309184100014683,0.06459178754752246,0.014710836574778913,0.22775088185871356,-0.024504665027943476,0.036603423428122644,0.5956160305330916,2023-11-11,matt frevola,benoit st denis,0.64087910595068,0.3591208940493199,0.64087910595068,0,0.0,0,140.0,-188.0,0.04920818547106969,1.5319148936170213,2.4,0.05434410647375882,0.0389594877010522,0.0304849567433922,0.0424756094014026,0.0289529620271689,0.0183309337818654,0.0129598093732845,180.0,-250.0,195.0,-225.0,20.0,100.0,5,1,1,1,4,0,100.0,1,0
114,39.38865763113844,0.046028861079773185,0.6369426751592355,0.012160598699809289,0.0405383694346594,1.6369426751592355,-88.05648880989833,-1.0,0.029317745910683552,-0.06554216162661679,-0.04788468593173876,23.722978802481997,1279.1755630003074,0.038471904104092104,1,0.2688575687762569,0.04713779021836443,0.06459178754752246,0.014710836574778913,0.22775088185871356,0.015050642870834997,0.06394443400517813,0.5956160305330916,2023-11-11,john castaneda,kyung ho kang,0.6183237898671987,0.6183237898671987,0.3816762101328013,1,1.0,1,-157.0,125.0,0.07914123831787216,2.25,1.6369426751592355,0.05434410647375882,0.0253734979718009,0.0299658881068846,0.0556298878253879,0.0600163706780133,-0.010505156280396,-0.0111398653646256,-145.0,-110.0,-110.0,120.0,33.33333333333333,60.0,3,5,1,3,2,2,33.33333333333333,1,2
115,35.66370144916621,0.049904954176700995,0.5319148936170213,0.006373522008711385,0.0405383694346594,1.5319148936170213,-88.05648880989833,-1.0,0.026545188391862228,-0.06554216162661679,-0.04788468593173876,23.722978802481997,1279.1755630003074,0.038471904104092104,1,0.2688575687762569,0.054633289275689265,0.06459178754752246,0.014710836574778913,0.22775088185871356,0.008560983051043664,0.06828838207269197,0.5956160305330916,2023-11-11,jared gordon,mark madsen,0.6569382713112422,0.6569382713112422,0.3430617286887578,1,1.0,1,-188.0,140.0,0.09172568647420565,2.4,1.5319148936170213,0.05434410647375882,0.0304849567433922,0.0389594877010522,0.048882055120245,0.0730045373545829,-0.0049335981742362,-0.0065606546993268,-270.0,155.0,-190.0,200.0,70.0,100.0,10,2,7,2,3,0,70.0,7,3
116,-58.75507859351771,0.043732550657050846,-1.0,0.1066823674686147,0.0405383694346594,1.7246376811594204,-88.05648880989833,-1.0,-0.043732550657050846,-0.06554216162661679,-0.04788468593173876,23.722978802481997,1279.1755630003074,0.038471904104092104,1,0.2688575687762569,0.12388020028980451,0.06459178754752246,0.014710836574778913,0.22775088185871356,0.12387252983866019,0.17912374415572094,0.5956160305330916,2023-11-11,jiri prochazka,alex pereira,0.6416897760952471,0.6416897760952471,0.3583102239047528,1,0.0,1,-138.0,105.0,0.2079866792351585,2.05,1.7246376811594204,0.05434410647375882,0.0322362225882545,0.0354005882336351,0.0380921227560495,0.036694202030275,0.0035674892898627,0.0034681579896869,-108.0,-125.0,105.0,-108.0,50.0,33.33333333333333,2,3,1,1,1,2,50.0,1,1
117,-42.58878065485386,0.03169965987614065,-1.0,0.1371413024651743,0.0405383694346594,2.26,-88.05648880989833,-1.0,-0.03169965987614065,-0.06554216162661679,-0.04788468593173876,23.722978802481997,1279.1755630003074,0.038471904104092104,1,0.2688575687762569,0.09457152136329311,0.06459178754752246,0.014710836574778913,0.22775088185871356,0.12258488643195574,0.17763369032572535,0.5956160305330916,2023-11-11,sergei pavlovich,tom aspinall,0.5031598683474223,0.5031598683474223,0.4968401316525777,1,0.0,1,126.0,-162.0,0.15877934191705548,1.617283950617284,2.26,0.05434410647375882,0.0330959581500014,0.0277025286432159,0.0539482046897022,0.0525535902843704,-0.0058975671206943,-0.0057168347376098,-118.0,-130.0,110.0,-105.0,83.33333333333334,66.66666666666666,6,3,5,2,1,1,83.33333333333334,5,1
118,0.0,0.0,0.0,-0.0554267865831467,0.0405383694346594,1.5555555555555556,-88.05648880989833,-1.0,0.0,-0.06554216162661679,-0.04788468593173876,23.722978802481997,1279.1755630003074,0.038471904104092104,1,0.2688575687762569,0.0,0.06459178754752246,0.014710836574778913,0.22775088185871356,0.0,0.0,0.5956160305330916,2023-11-11,jessica andrade,mackenzie dern,0.6072256371965485,0.3927743628034515,0.6072256371965485,0,1.0,0,150.0,-180.0,0.0,1.5555555555555556,2.5,0.05434410647375882,0.023977822082381,0.0188793207747618,0.0543229674285924,0.0373212374231595,-0.0031457964422627,-0.0023186844320541,165.0,-250.0,205.0,-200.0,70.58823529411765,66.66666666666666,17,9,12,6,5,3,66.66666666666666,6,3
119,0.0,0.0,0.0,-0.15039759360826654,0.0405383694346594,1.6666666666666663,-88.05648880989833,-1.0,0.0,-0.06554216162661679,-0.04788468593173876,23.722978802481997,1279.1755630003074,0.038471904104092104,1,0.2688575687762569,0.0,0.06459178754752246,0.014710836574778913,0.22775088185871356,0.0,0.0,0.5956160305330916,2023-11-11,tabatha ricci,loopy godinez,0.5097614438350402,0.4902385561649598,0.5097614438350402,0,0.0,0,110.0,-150.0,0.0,1.6666666666666663,2.1,0.05434410647375882,0.0405383694346594,0.0356521067558167,0.065883310614716,0.0477530530216476,-0.0073993665019633,-0.0058281467255499,140.0,-230.0,180.0,-170.0,100.0,100.0,2,1,2,1,0,0,100.0,1,0
120,50.014478970548915,0.03384250175047614,1.1,0.15699393644992776,0.0405383694346594,2.1,-88.05648880989833,-1.0,0.03722675192552375,-0.06554216162661679,-0.04788468593173876,23.722978802481997,1279.1755630003074,0.038471904104092104,1,0.2688575687762569,0.12168552886231435,0.06459178754752246,0.014710836574778913,0.22775088185871356,0.14952543560964626,0.21450645159779674,0.5956160305330916,2023-11-11,diego lopes,pat sabatini,0.5509494935475846,0.5509494935475846,0.4490505064524154,1,1.0,1,110.0,-150.0,0.20430197077369236,1.6666666666666663,2.1,0.05434410647375882,0.0405383694346594,0.0356521067558167,0.0397682082192976,0.0376443050362698,0.0056843893101607,0.0053898078105479,-105.0,-130.0,110.0,-115.0,0.0,50.0,0,4,0,2,0,2,0.0,0,0
121,25.30486048509792,0.07616133053630227,0.2597402597402598,0.037060065157690086,0.0263895562040242,1.2597402597402598,169.06328752855444,1.1446808510638298,0.01978216377566293,0.13216582025067486,0.20576806783728385,94.15019649468857,1542.3890470235506,0.038471904104092104,1,0.9552915169936447,0.07229848722508081,0.11024428115759069,0.02903207518338475,0.26334314014787147,0.07072900450465525,0.10855509998740166,0.3489696127556743,2023-11-18,christian leroy duncan,denis tiuliulin,0.8232332475994034,0.8232332475994034,0.1767667524005965,1,1.0,1,-385.0,295.0,0.2071770279772167,3.95,1.2597402597402598,0.2675803569511609,0.0167730992220773,0.0302058907296384,0.0226929585201978,0.0553558219676071,0.0079485465369132,0.0165396771038527,-720.0,400.0,-549.0,460.0,0.0,50.0,0,2,0,1,0,1,0.0,0,0
122,0.0,0.0,0.0,-0.12621152952603687,0.0263895562040242,1.3355704697986577,169.06328752855444,1.1446808510638298,0.0,0.13216582025067486,0.20576806783728385,94.15019649468857,1542.3890470235506,0.038471904104092104,1,0.9552915169936447,0.0,0.11024428115759069,0.02903207518338475,0.26334314014787147,0.0,0.0,0.3489696127556743,2023-11-18,jeka saragih,lucas alexander,0.6542436286463342,0.3457563713536657,0.6542436286463342,0,1.0,0,240.0,-298.0,0.0,1.3355704697986577,3.4,0.2675803569511609,0.0263970780483009,0.0164642876034875,0.0469818316877542,0.0210943416515769,0.0146707596682225,0.0073418189481296,375.0,-602.0,430.0,-500.0,0.0,100.0,0,1,0,1,0,0,100.0,1,0
123,37.583687589840764,0.05523661857890234,0.5319148936170213,0.16084816568394933,0.0263895562040242,1.5319148936170213,169.06328752855444,1.1446808510638298,0.029381180095160817,0.13216582025067486,0.20576806783728385,94.15019649468857,1542.3890470235506,0.038471904104092104,1,0.9552915169936447,0.12517493795578172,0.11024428115759069,0.02903207518338475,0.26334314014787147,0.21760115063798477,0.26514576715613475,0.3489696127556743,2023-11-18,chad anheliger,jose johnson,0.757775885932578,0.2422241140674219,0.757775885932578,0,0.0,0,140.0,-188.0,0.3586986757022338,1.5319148936170213,2.4,0.2675803569511609,0.0389594877010522,0.0304849567433922,0.0447437640681861,0.0321793128548906,0.0066811132708881,0.0049706391526762,160.0,-225.0,188.0,-198.0,100.0,0.0,1,0,1,0,0,0,0.0,0,0
124,30.814944358774753,0.06022422810849021,0.3999999999999999,0.060194068011739876,0.0263895562040242,1.4,169.06328752855444,1.1446808510638298,0.024089691243396077,0.13216582025067486,0.20576806783728385,94.15019649468857,1542.3890470235506,0.038471904104092104,1,0.9552915169936447,0.08206222983796348,0.11024428115759069,0.02903207518338475,0.26334314014787147,0.09222943218454938,0.15347578446928536,0.3489696127556743,2023-11-18,michael morales,jake matthews,0.7572814771512428,0.7572814771512428,0.2427185228487571,1,1.0,1,-250.0,175.0,0.23515580393934785,2.75,1.4,0.2675803569511609,0.0316294610237879,0.0462926168982899,0.0332736403229043,0.0592303469179249,0.0050443462470817,0.0081135484897602,-375.0,230.0,-300.0,280.0,0.0,60.0,0,15,0,9,0,6,0.0,0,0
125,0.0,0.05081956394907473,0.0,-0.015947323740156782,0.0263895562040242,1.8,169.06328752855444,1.1446808510638298,0.0,0.13216582025067486,0.20576806783728385,94.15019649468857,1542.3890470235506,0.038471904104092104,1,0.9552915169936447,0.017734483551720834,0.11024428115759069,0.02903207518338475,0.26334314014787147,-0.017694107583009093,0.04580259472411725,0.3489696127556743,2023-11-18,lucie pudilova,ailin perez,0.5466959312554684,0.4533040687445316,0.5466959312554684,0,0.0,0,-105.0,-125.0,0.05081956394907473,1.8,1.9523809523809523,0.2675803569511609,0.0346209416083251,0.0331297358984499,0.0424849594191082,0.0323449725536807,0.0117264411987806,0.0092525797802403,145.0,-200.0,160.0,-175.0,50.0,0.0,6,0,3,0,3,0,0.0,0,0
126,30.025237148859638,0.05868083712925891,0.3999999999999999,0.03184491957835106,0.0263895562040242,1.4,169.06328752855444,1.1446808510638298,0.02347233485170356,0.13216582025067486,0.20576806783728385,94.15019649468857,1542.3890470235506,0.038471904104092104,1,0.9552915169936447,0.05979482275643273,0.11024428115759069,0.02903207518338475,0.26334314014787147,0.048749275661718904,0.1119303754883287,0.3489696127556743,2023-11-18,chase hooper,jordan leavitt,0.7370320854131079,0.7370320854131079,0.262967914586892,1,1.0,1,-250.0,175.0,0.17134678943606807,2.75,1.4,0.2675803569511609,0.0316294610237879,0.0462926168982899,0.0387831778135211,0.0535245144941712,0.0105863884816312,0.0140669243072746,-225.0,150.0,-195.0,175.0,50.0,66.66666666666666,6,3,3,2,3,1,50.0,3,3
127,29.531021447483106,0.06348644496467683,0.36363636363636376,0.05137997766797042,0.0263895562040242,1.3636363636363638,169.06328752855444,1.1446808510638298,0.023085979987155218,0.13216582025067486,0.20576806783728385,94.15019649468857,1542.3890470235506,0.038471904104092104,1,0.9552915169936447,0.07617731383775726,0.11024428115759069,0.02903207518338475,0.26334314014787147,0.08272750121988766,0.13557575994640078,0.3489696127556743,2023-11-18,brendan allen,paul craig,0.7710119836231782,0.7710119836231782,0.2289880163768217,1,1.0,1,-275.0,200.0,0.21829211213038094,3.0,1.3636363636363638,0.2675803569511609,0.0262663073127574,0.040400359353909,0.0229549701164013,0.0455088724167607,0.0105368897600506,0.0199385267373082,-470.0,310.0,-435.0,360.0,50.0,66.66666666666666,8,9,4,6,4,3,50.0,4,4
128,-59.1095545353676,0.04620910236646961,-1.0,0.008397834729308384,0.0263895562040242,1.6134969325153374,169.06328752855444,1.1446808510638298,-0.04620910236646961,0.13216582025067486,0.20576806783728385,94.15019649468857,1542.3890470235506,0.038471904104092104,1,0.9552915169936447,0.03301279280274088,0.11024428115759069,0.02903207518338475,0.26334314014787147,0.010532895933074202,0.07542480303592497,0.3489696127556743,2023-11-18,jonathan pearce,joanderson brito,0.6249766047942101,0.6249766047942101,0.3750233952057898,1,0.0,1,-163.0,120.0,0.09460076635914508,2.2,1.6134969325153374,0.2675803569511609,0.0339796305551364,0.0403376871081888,0.0472907115587453,0.0527092884412548,5.018208071305708e-14,-5.0071058410594566e-14,-150.0,100.0,-125.0,125.0,33.33333333333333,0.0,3,1,1,0,2,1,33.33333333333333,1,2
129,0.0,0.0,0.0,-0.07946840993679388,0.0263895562040242,1.2857142857142856,169.06328752855444,1.1446808510638298,0.0,0.13216582025067486,0.20576806783728385,94.15019649468857,1542.3890470235506,0.038471904104092104,1,0.9552915169936447,0.0,0.11024428115759069,0.02903207518338475,0.26334314014787147,0.0,0.0,0.3489696127556743,2023-11-18,luana pinheiro,amanda ribas,0.7159690144936048,0.2840309855063952,0.7159690144936048,0,0.0,0,240.0,-350.0,0.0,1.2857142857142856,3.4,0.2675803569511609,0.0455058686325771,0.0263895562040242,0.038783145402318,0.0263797618658524,0.0118345224887278,0.0083420222779808,185.0,-250.0,205.0,-225.0,100.0,66.66666666666666,1,6,1,4,0,2,66.66666666666666,4,2
130,0.0,0.0,0.0,-0.11937032731138952,0.0392764126889053,1.4444444444444444,369.35798053592487,3.3909090909090898,0.0,0.23947134560421005,0.2227069171527106,-25.857270823202725,1885.8897567362728,0.038471904104092104,1,0.20909090909090855,0.0,0.10185701675696361,0.03355843678977755,0.3294661267161379,0.0,0.0,0.37770499597379886,2023-12-02,clay guida,joaquim silva,0.6096666964767303,0.3903333035232697,0.6096666964767303,0,0.0,0,163.0,-225.0,0.0,1.4444444444444444,2.63,-0.02240251152607442,0.042226716265892,0.0303091129239294,0.0401929323625033,0.0232991311295601,0.0196094724471568,0.011763076572451,250.0,-350.0,275.0,-325.0,68.42105263157895,80.0,19,5,13,4,6,1,80.0,4,1
131,55.771316791470085,0.03977495080699986,0.9090909090909087,0.19877447040117757,0.0392764126889053,1.9090909090909087,369.35798053592487,3.3909090909090898,0.03615904618818168,0.23947134560421005,0.2227069171527106,-25.857270823202725,1885.8897567362728,0.038471904104092104,1,0.20909090909090855,0.0966392108528742,0.10185701675696361,0.03355843678977755,0.3294661267161379,0.20849860915482982,0.24392599674826354,0.37770499597379886,2023-12-02,sean brady,kelvin gastelum,0.6279294844958551,0.6279294844958551,0.3720705155041449,1,1.0,1,-110.0,-110.0,0.2558589689917101,1.9090909090909087,1.9090909090909087,-0.02240251152607442,0.0238095238095238,0.0238095238095238,0.0390285135619546,0.0403365658031246,0.0057123740755625,0.0059020277827417,-125.0,-110.0,-110.0,105.0,60.0,70.58823529411765,5,17,3,12,2,5,60.0,3,2
132,-69.21582466552077,0.044875723669777795,-1.0,0.06897902378802351,0.0392764126889053,1.704225352112676,369.35798053592487,3.3909090909090898,-0.0448757236697778,0.23947134560421005,0.2227069171527106,-25.857270823202725,1885.8897567362728,0.038471904104092104,1,0.20909090909090855,0.052229693040999316,0.10185701675696361,0.03355843678977755,0.3294661267161379,0.08159807641799417,0.11689659660012904,0.37770499597379886,2023-12-02,rob font,deiveson figueiredo,0.6272521544541295,0.6272521544541295,0.3727478455458705,1,0.0,1,-142.0,120.0,0.13828171085304483,2.2,1.704225352112676,-0.02240251152607442,0.0193403204872646,0.0219819935623222,0.0436704114276651,0.0481663232662122,4.1189274213593314e-14,-4.1133763062362056e-14,-145.0,100.0,-120.0,120.0,25.0,36.36363636363637,12,11,3,4,9,7,25.0,3,9
133,0.0,0.0,0.0,-0.06591045135726842,0.0392764126889053,1.5714285714285714,369.35798053592487,3.3909090909090898,0.0,0.23947134560421005,0.2227069171527106,-25.857270823202725,1885.8897567362728,0.038471904104092104,1,0.20909090909090855,0.0,0.10185701675696361,0.03355843678977755,0.3294661267161379,0.0,0.0,0.37770499597379886,2023-12-02,miesha tate,julia avila,0.5944206218635565,0.4055793781364435,0.5944206218635565,0,1.0,0,130.0,-175.0,0.0,1.5714285714285714,2.3,-0.02240251152607442,0.0392764126889053,0.0318698323703832,0.0391632570108818,0.0337961593137875,0.010024087431617,0.0088884421192105,115.0,-155.0,125.0,-135.0,50.0,66.66666666666666,10,3,5,2,5,1,66.66666666666666,2,1
134,-74.26350974066689,0.048148364307940374,-1.0,0.012655355836663051,0.0392764126889053,1.5714285714285714,369.35798053592487,3.3909090909090898,-0.048148364307940374,0.23947134560421005,0.2227069171527106,-25.857270823202725,1885.8897567362728,0.038471904104092104,1,0.20909090909090855,0.03812634945720882,0.10185701675696361,0.03355843678977755,0.3294661267161379,0.016423836468627086,0.07778077097623895,0.37770499597379886,2023-12-02,wellington turman,jared gooden,0.644417044623331,0.644417044623331,0.3555829553766689,1,0.0,1,-175.0,130.0,0.10094213702127897,2.3,1.5714285714285714,-0.02240251152607442,0.0318698323703832,0.0392764126889053,0.0354073098582782,0.0490572451945121,0.0026047361397324,0.0034448706358273,-225.0,155.0,-190.0,185.0,33.33333333333333,75.0,6,4,2,3,4,1,33.33333333333333,2,4
135,0.0,0.0,0.0,-0.11347397842894835,0.0392764126889053,1.3636363636363638,369.35798053592487,3.3909090909090898,0.0,0.23947134560421005,0.2227069171527106,-25.857270823202725,1885.8897567362728,0.038471904104092104,1,0.20909090909090855,0.0,0.10185701675696361,0.03355843678977755,0.3294661267161379,0.0,0.0,0.37770499597379886,2023-12-02,punahele soriano,dustin stoltzfus,0.6501190824854378,0.6501190824854378,0.3498809175145622,1,0.0,1,-275.0,200.0,0.0,3.0,1.3636363636363638,-0.02240251152607442,0.0262663073127574,0.040400359353909,0.0403787225592451,0.0716756068125715,-0.0085032903280842,-0.0128642310394371,-375.0,210.0,-260.0,290.0,33.33333333333333,100.0,3,3,1,3,2,0,33.33333333333333,1,2
136,61.85074679151485,0.03084662564464389,1.2999999999999998,0.27563473721943654,0.0392764126889053,2.3,369.35798053592487,3.3909090909090898,0.04010061333803705,0.23947134560421005,0.2227069171527106,-25.857270823202725,1885.8897567362728,0.038471904104092104,1,0.20909090909090855,0.09942122338061228,0.10185701675696361,0.03355843678977755,0.3294661267161379,0.24339317495237867,0.298093102263421,0.37770499597379886,2023-12-02,veronica hardy,jamey lyn horth,0.5546237987910594,0.5546237987910594,0.4453762012089406,1,1.0,1,130.0,-175.0,0.26322453883429453,1.5714285714285714,2.3,-0.02240251152607442,0.0392764126889053,0.0318698323703832,0.0539929637072302,0.0400693525773081,0.0045169354546639,0.0035345943359963,143.0,-215.0,170.0,-176.0,0.0,0.0,0,0,0,0,0,0,0.0,0,0
137,0.0,0.0,0.0,-0.03511575125554159,0.0159258302766661,1.289855072463768,242.86432394251014,1.0145530145530146,0.0,0.12877970362531263,0.2008765803087354,135.9667612299452,2264.7208419087283,0.03847190410409211,1,1.1423504952916719,0.0,0.07122048730091053,0.015286498298695727,0.21463624973681264,0.0,0.0,0.5401802987045872,2023-12-09,hyunsung park,shannon ross,0.748056327678288,0.748056327678288,0.251943672321712,1,1.0,1,-345.0,275.0,0.0,3.75,1.289855072463768,0.19644580160094355,0.0154613702995864,0.0264861952434845,0.0256705297628697,0.0620954276839387,2.033928581113287e-13,-2.0328183580886621e-13,-700.0,370.0,-500.0,500.0,0.0,0.0,0,0,0,0,0,0,0.0,0,0
138,0.0,0.0,0.0,-0.04995533465205243,0.0159258302766661,1.4,242.86432394251014,1.0145530145530146,0.0,0.12877970362531263,0.2008765803087354,135.9667612299452,2264.7208419087283,0.03847190410409211,1,1.1423504952916719,0.0,0.07122048730091053,0.015286498298695727,0.21463624973681264,0.0,0.0,0.5401802987045872,2023-12-09,junyong park,andre muniz,0.6786033323913911,0.6786033323913911,0.3213966676086088,1,0.0,1,-250.0,205.0,0.0,3.05,1.4,0.19644580160094355,0.0169990228350114,0.0251555439097192,0.0309382953035842,0.0411928522373992,0.0068736474747453,0.0088867938176105,-205.0,150.0,-182.0,170.0,57.14285714285714,75.0,7,4,4,3,3,1,57.14285714285714,4,3
139,55.14316453923675,0.054093752847003754,0.5405405405405406,0.127333600132702,0.0159258302766661,1.5405405405405406,242.86432394251014,1.0145530145530146,0.029239866403785817,0.12877970362531263,0.2008765803087354,135.9667612299452,2264.7208419087283,0.03847190410409211,1,1.1423504952916719,0.14817291825762585,0.07122048730091053,0.015286498298695727,0.21463624973681264,0.17180540572918548,0.20329948917003718,0.5401802987045872,2023-12-09,luana santos,stephanie egger,0.7317779509633329,0.7317779509633329,0.2682220490366671,1,1.0,1,-185.0,154.0,0.27430270710161236,2.54,1.5405405405405406,0.19644580160094355,0.0187287731158957,0.0240948213032229,0.0437184576507431,0.0536841397518541,0.0037266099034956,0.0044366554026268,-180.0,120.0,-150.0,145.0,0.0,33.33333333333333,0,3,0,1,0,2,0.0,0,0
140,0.0,0.0,0.0,-0.04617695604885241,0.0159258302766661,1.3636363636363638,242.86432394251014,1.0145530145530146,0.0,0.12877970362531263,0.2008765803087354,135.9667612299452,2264.7208419087283,0.03847190410409211,1,1.1423504952916719,0.0,0.07122048730091053,0.015286498298695727,0.21463624973681264,0.0,0.0,0.5401802987045872,2023-12-09,steve garcia,melquizael costa,0.6994702322308415,0.3005297677691586,0.6994702322308415,0,1.0,0,225.0,-275.0,0.0,1.3636363636363638,3.25,0.19644580160094355,0.0249124234230143,0.0161132176026266,0.1708091299956771,0.0641283463211095,-0.079428882979462,-0.0569347533841742,190.0,-810.0,500.0,-230.0,33.33333333333333,0.0,3,0,1,0,2,0,0.0,0,0
141,38.55720900450137,0.06951334782271537,0.2941176470588236,0.01986955553193326,0.0159258302766661,1.2941176470588236,242.86432394251014,1.0145530145530146,0.020445102300798643,0.12877970362531263,0.2008765803087354,135.9667612299452,2264.7208419087283,0.03847190410409211,1,1.1423504952916719,0.0694530318800816,0.07122048730091053,0.015286498298695727,0.21463624973681264,0.03577436139379994,0.07141159458782592,0.5401802987045872,2023-12-09,song yadong,chris gutierrez,0.7880810201837666,0.7880810201837666,0.2119189798162334,1,1.0,1,-340.0,270.0,0.12857379665018837,3.7,1.2941176470588236,0.19644580160094355,0.0159136481215457,0.0270838948759972,0.0234985988994331,0.0431680677672335,0.0079721434521814,0.0137080733499867,-400.0,275.0,-350.0,310.0,60.0,57.14285714285714,5,7,3,4,2,3,60.0,3,2
142,0.0,0.0,0.0,-0.04702359568699127,0.0159258302766661,1.5555555555555556,242.86432394251014,1.0145530145530146,0.0,0.12877970362531263,0.2008765803087354,135.9667612299452,2264.7208419087283,0.03847190410409211,1,1.1423504952916719,0.0,0.07122048730091053,0.015286498298695727,0.21463624973681264,0.0,0.0,0.5401802987045872,2023-12-09,tim elliott,sumudaerji,0.6126276884869342,0.6126276884869342,0.3873723115130658,1,1.0,1,-180.0,150.0,0.0,2.5,1.5555555555555556,0.19644580160094355,0.0188793207747618,0.023977822082381,0.0431714906097131,0.0515744180896838,-0.0023774773989838,-0.0027665555228268,-170.0,115.0,-140.0,143.0,66.66666666666666,0.0,12,1,8,0,4,1,66.66666666666666,8,4
143,42.266387686207075,0.07283870093122444,0.3076923076923077,0.07013686732024904,0.0159258302766661,1.3076923076923077,242.86432394251014,1.0145530145530146,0.02241190797883829,0.12877970362531263,0.2008765803087354,135.9667612299452,2264.7208419087283,0.03847190410409211,1,1.1423504952916719,0.1495696927172666,0.07122048730091053,0.015286498298695727,0.21463624973681264,0.1240735096429633,0.15652083556273386,0.5401802987045872,2023-12-09,tatsuro taira,carlos hernandez,0.8183399573625434,0.8183399573625434,0.1816600426374566,1,1.0,1,-325.0,260.0,0.2768884631223158,3.6,1.3076923076923077,0.19644580160094355,0.0159258302766661,0.0265578298540526,0.022603743223569,0.052396256776431,0.0079485465369132,0.0165396771038527,-650.0,380.0,-549.0,460.0,100.0,100.0,1,1,1,1,0,0,100.0,1,0
144,47.297865089804176,0.0793616078482221,0.26315789473684204,0.06254695695366197,0.0176336326648498,1.263157894736842,-286.57468350276446,-1.0,0.02088463364426897,-0.12653863478433686,-0.08979226145058535,83.22027755350616,2061.36643595947,0.0384719041040921,1,0.2560877448095489,0.04151888630666303,0.26750382810092865,0.13438015346131088,0.5023485249362843,0.11936573762434449,0.15127198801852712,0.14381814412605987,2023-12-16,tony ferguson,paddy pimblett,0.8411830075883158,0.1588169924116842,0.8411830075883158,0,0.0,0,300.0,-380.0,0.28869018272319513,1.263157894736842,4.0,0.16041993390432124,0.0267259939983634,0.0149406726683033,0.053537512894376,0.0300538183749737,0.0019506583992603,0.0012138985627648,240.0,-375.0,295.0,-300.0,84.21052631578947,100.0,19,2,16,2,3,0,100.0,2,0
145,-106.7481023492585,0.04713521436014612,-1.0,0.2561195226682583,0.0176336326648498,1.7246376811594204,-286.57468350276446,-1.0,-0.04713521436014612,-0.12653863478433686,-0.08979226145058535,83.22027755350616,2061.36643595947,0.0384719041040921,1,0.2560877448095489,0.05745756961832978,0.26750382810092865,0.13438015346131088,0.5023485249362843,0.30098526166444894,0.3399625087763198,0.14381814412605987,2023-12-16,josh emmett,bryce mitchell,0.7283382106227716,0.2716617893772284,0.7283382106227716,0,1.0,0,105.0,-138.0,0.3995154433919473,1.7246376811594204,2.05,0.16041993390432124,0.0354005882336351,0.0322362225882545,0.061426947082126,0.0393056536504747,-0.0053995569573773,-0.0037852880483632,180.0,-290.0,235.0,-225.0,50.0,80.0,10,5,5,4,5,1,80.0,4,1
146,0.0,0.0,0.0,-0.048533404609195474,0.0176336326648498,1.8,-286.57468350276446,-1.0,0.0,-0.12653863478433686,-0.08979226145058535,83.22027755350616,2061.36643595947,0.0384719041040921,1,0.2560877448095489,0.0,0.26750382810092865,0.13438015346131088,0.5023485249362843,0.0,0.0,0.14381814412605987,2023-12-16,tagir ulanbekov,cody durden,0.5285925529948914,0.5285925529948914,0.4714074470051086,1,1.0,1,-125.0,105.0,0.0,2.05,1.8,0.16041993390432124,0.0209693281226405,0.0223911054816955,0.0300383853541615,0.0380170058163911,0.0066124609957317,0.0081859111833285,-184.0,138.0,-165.0,155.0,100.0,0.0,1,2,1,0,0,2,100.0,1,0
147,69.31091399446005,0.04529483317040759,0.6756756756756757,0.030228930663408704,0.0176336326648498,1.6756756756756757,-286.57468350276446,-1.0,0.030604617007032157,-0.12653863478433686,-0.08979226145058535,83.22027755350616,2061.36643595947,0.0384719041040921,1,0.2560877448095489,0.012933708380706033,0.26750382810092865,0.13438015346131088,0.5023485249362843,0.0364583536182498,0.0745650160897448,0.14381814412605987,2023-12-16,cody garbrandt,brian kelleher,0.614814039266873,0.614814039266873,0.385185960733127,1,1.0,1,-148.0,124.0,0.08993099208239917,2.24,1.6756756756756757,0.16041993390432124,0.0200233728765578,0.0231793921004005,0.0323449725536807,0.0424849594191082,0.0060407793468502,0.0076813475828238,-200.0,145.0,-175.0,165.0,63.63636363636363,58.333333333333336,11,12,7,7,4,5,63.63636363636363,7,4
148,0.0,0.049591812682863244,0.0,-0.004705782249687651,0.0176336326648498,1.5405405405405406,-286.57468350276446,-1.0,0.0,-0.12653863478433686,-0.08979226145058535,83.22027755350616,2061.36643595947,0.0384719041040921,1,0.2560877448095489,0.007132202463896589,0.26750382810092865,0.13438015346131088,0.5023485249362843,-0.006312003743917035,0.03697213774274976,0.14381814412605987,2023-12-16,andre fili,lucas almeida,0.6460681764344133,0.6460681764344133,0.3539318235655867,1,1.0,1,-185.0,150.0,0.049591812682863244,2.5,1.5405405405405406,0.16041993390432124,0.0215226119526049,0.0276001950649388,0.0314687124102657,0.0403703680495044,0.0130774919038434,0.0160680825707692,-190.0,140.0,-165.0,146.0,50.0,0.0,16,0,8,0,8,0,50.0,8,8
149,-79.58753020778732,0.035142313672845524,-1.0,0.11211787276129392,0.0176336326648498,2.1,-286.57468350276446,-1.0,-0.035142313672845524,-0.12653863478433686,-0.08979226145058535,83.22027755350616,2061.36643595947,0.0384719041040921,1,0.2560877448095489,0.01977230482792699,0.26750382810092865,0.13438015346131088,0.5023485249362843,0.10695954789037544,0.1441115893292307,0.14381814412605987,2023-12-16,irene aldana,karol rosa,0.5295799394101399,0.4704200605898601,0.5295799394101399,0,1.0,0,-130.0,110.0,0.1374812958968245,2.1,1.7692307692307692,0.16041993390432124,0.0198146558599141,0.0215932116349099,0.0276690712633215,0.0356666078359044,0.0119222790570989,0.0150663573065374,-190.0,145.0,-175.0,156.0,28.57142857142857,66.66666666666666,7,6,2,4,5,2,66.66666666666666,4,2
150,0.0,0.0,0.0,-0.0531412623991287,0.0176336326648498,1.4,-286.57468350276446,-1.0,0.0,-0.12653863478433686,-0.08979226145058535,83.22027755350616,2061.36643595947,0.0384719041040921,1,0.2560877448095489,0.0,0.26750382810092865,0.13438015346131088,0.5023485249362843,0.0,0.0,0.14381814412605987,2023-12-16,alexandre pantoja,brandon royval,0.6763276697149081,0.6763276697149081,0.3236723302850919,1,1.0,1,-250.0,205.0,0.0,3.05,1.4,0.16041993390432124,0.0169990228350114,0.0251555439097192,0.0371726935547459,0.0519538661600491,1.318944953254686e-13,-1.3183898417423734e-13,-230.0,155.0,-190.0,190.0,55.55555555555556,50.0,9,6,5,3,4,3,55.55555555555556,5,4
151,0.0,0.0,0.0,-0.055313446911849196,0.0176336326648498,1.526315789473684,-286.57468350276446,-1.0,0.0,-0.12653863478433686,-0.08979226145058535,83.22027755350616,2061.36643595947,0.0384719041040921,1,0.2560877448095489,0.0,0.26750382810092865,0.13438015346131088,0.5023485249362843,0.0,0.0,0.14381814412605987,2023-12-16,leon edwards,colby covington,0.6189325692646506,0.3810674307353494,0.6189325692646506,0,1.0,0,165.0,-190.0,0.0,1.526315789473684,2.65,0.16041993390432124,0.0184412731607164,0.0140896311984247,0.0540345762905364,0.0633999313878737,-0.0130812168183127,-0.014696560959465,-170.0,105.0,-125.0,140.0,71.42857142857143,90.9090909090909,14,11,10,10,4,1,90.9090909090909,10,1
152,79.54852647383635,0.03863760049449244,0.9090909090909087,0.04821526878522725,0.0176336326648498,1.9090909090909087,-286.57468350276446,-1.0,0.03512509135862948,-0.12653863478433686,-0.08979226145058535,83.22027755350616,2061.36643595947,0.0384719041040921,1,0.2560877448095489,0.014112914980053907,0.26750382810092865,0.13438015346131088,0.5023485249362843,0.05038034418267578,0.09391317148235823,0.14381814412605987,2023-12-16,alonzo menifield,dustin jacoby,0.549065140792262,0.549065140792262,0.450934859207738,1,1.0,1,-110.0,-110.0,0.09813028158452397,1.9090909090909087,1.9090909090909087,0.16041993390432124,0.0238095238095238,0.0238095238095238,0.0446806160174017,0.0279000291438885,0.0088909621741966,0.0058970759460792,210.0,-300.0,240.0,-258.0,33.33333333333333,71.42857142857143,6,7,2,5,4,2,33.33333333333333,2,4
153,73.39860455245142,0.07940342042419074,0.40816326530612246,0.23583627101598525,0.0176336326648498,1.4081632653061225,-286.57468350276446,-1.0,0.03240955935681255,-0.12653863478433686,-0.08979226145058535,83.22027755350616,2061.36643595947,0.0384719041040921,1,0.2560877448095489,0.08658009606050851,0.26750382810092865,0.13438015346131088,0.5023485249362843,0.3796721065183689,0.37394376000180335,0.14381814412605987,2023-12-16,shavkat rakhmonov,stephen thompson,0.8776228591272939,0.8776228591272939,0.1223771408727061,1,1.0,1,-245.0,200.0,0.6020109394863217,3.0,1.4081632653061225,0.16041993390432124,0.0176336326648498,0.0258446282047153,0.0224612607845574,0.058124819801523,0.0074805382028051,0.016124612011787,-810.0,425.0,-599.0,500.0,100.0,37.5,4,16,4,6,0,10,100.0,4,0
154,77.89471596330125,0.03498879953844111,1.08,0.0881692339968505,0.0185656693505812,2.08,450.6087476804417,2.544788732394366,0.03778790350151641,0.21859711103266524,0.31492028534780414,198.5573585383006,2710.532542178212,0.038471904104092104,1,2.1226091904965143,0.028846117036378377,0.17138510642503593,0.06630697883155992,0.3868888039029382,0.08480034706272335,0.13360914849949737,0.22447635565649202,2024-01-13,matthew semelsberger,preston parsons,0.5231582855754089,0.4768417144245911,0.5231582855754089,0,0.0,0,-134.0,108.0,0.1285040330952296,2.08,1.7462686567164178,0.14238436700617785,0.0254964789661268,0.0279223244526766,0.0547328252090848,0.0559391115498085,0.0,0.0,-130.0,-120.0,100.0,100.0,80.0,100.0,5,1,4,1,1,0,100.0,1,0
155,0.0,0.0,0.0,-0.04280581171640413,0.0185656693505812,1.8333333333333333,450.6087476804417,2.544788732394366,0.0,0.21859711103266524,0.31492028534780414,198.5573585383006,2710.532542178212,0.038471904104092104,1,2.1226091904965143,0.0,0.17138510642503593,0.06630697883155992,0.3868888039029382,0.0,0.0,0.22447635565649202,2024-01-13,jim miller,gabriel benitez,0.5221059208819614,0.5221059208819614,0.4778940791180386,1,1.0,1,-120.0,100.0,0.0,2.0,1.8333333333333333,0.14238436700617785,0.0222254993026449,0.0232290461519004,0.0381928960244635,0.0459821881506205,0.0015438546424745,0.0018155137962591,-170.0,120.0,-145.0,143.0,77.77777777777779,58.333333333333336,27,12,21,7,6,5,77.77777777777779,21,6
156,0.0,0.0,0.0,-0.04581643099039873,0.0185656693505812,1.4587155963302751,450.6087476804417,2.544788732394366,0.0,0.21859711103266524,0.31492028534780414,198.5573585383006,2710.532542178212,0.038471904104092104,1,2.1226091904965143,0.0,0.17138510642503593,0.06630697883155992,0.3868888039029382,0.0,0.0,0.22447635565649202,2024-01-13,phil hawes,brunno ferreira,0.6541258429059531,0.6541258429059531,0.3458741570940469,1,0.0,1,-218.0,180.0,0.0,2.8,1.4587155963302751,0.14238436700617785,0.0178645296442542,0.0248129186935715,0.0419785626092642,0.0376630501333938,0.011226566499427,0.0100393345948003,105.0,-145.0,122.0,-133.0,0.0,0.0,2,0,0,0,2,0,0.0,0,2
157,0.0,0.0,0.0,-0.0770104726187246,0.0185656693505812,1.263157894736842,450.6087476804417,2.544788732394366,0.0,0.21859711103266524,0.31492028534780414,198.5573585383006,2710.532542178212,0.038471904104092104,1,2.1226091904965143,0.0,0.17138510642503593,0.06630697883155992,0.3868888039029382,0.0,0.0,0.22447635565649202,2024-01-13,magomed ankalaev,johnny walker,0.7307000425101764,0.7307000425101764,0.2692999574898236,1,1.0,1,-380.0,300.0,0.0,4.0,1.263157894736842,0.14238436700617785,0.0149406726683033,0.0267259939983634,0.0203702672464597,0.0448072113337117,0.0114146253407002,0.0233734834512037,-588.0,375.0,-520.0,410.0,87.5,70.0,8,10,7,7,1,3,87.5,7,1
158,-79.65623518453383,0.03864244308773639,-1.0,0.04998760651911577,0.0185656693505812,1.9090909090909087,450.6087476804417,2.544788732394366,-0.03864244308773639,0.21859711103266524,0.31492028534780414,198.5573585383006,2710.532542178212,0.038471904104092104,1,2.1226091904965143,0.022444721043968233,0.17138510642503593,0.06630697883155992,0.3868888039029382,0.05223157972193434,0.09569137401358754,0.22447635565649202,2024-01-13,ricky simon,mario bautista,0.5499935081766798,0.5499935081766798,0.4500064918233202,1,0.0,1,-110.0,-110.0,0.0999870163533596,1.9090909090909087,1.9090909090909087,0.14238436700617785,0.0238095238095238,0.0238095238095238,0.0361183306746932,0.0472150026586399,0.0092525797802403,0.0117264411987806,-200.0,140.0,-175.0,160.0,37.5,50.0,8,6,3,3,5,3,37.5,3,5
159,69.49512100054736,0.04045575970671161,0.8333333333333333,0.026589841765458644,0.0185656693505812,1.8333333333333333,450.6087476804417,2.544788732394366,0.03371313308892634,0.21859711103266524,0.31492028534780414,198.5573585383006,2710.532542178212,0.038471904104092104,1,2.1226091904965143,0.017293006379135344,0.17138510642503593,0.06630697883155992,0.3868888039029382,0.028981416207140225,0.07067991973179771,0.22447635565649202,2024-01-13,marcus mcghee,gaston bolanos,0.559958095508432,0.559958095508432,0.440041904491568,1,1.0,1,-120.0,100.0,0.07703709519232485,2.0,1.8333333333333333,0.14238436700617785,0.0222254993026449,0.0232290461519004,0.0320074376552271,0.0485994850569588,0.0061511049596503,0.0087372325093323,-270.0,185.0,-225.0,210.0,0.0,0.0,0,0,0,0,0,0,0.0,0,0
160,73.90594687518156,0.05091110572677494,0.704225352112676,0.2985259009334007,0.0185656693505812,1.704225352112676,450.6087476804417,2.544788732394366,0.035852891356883757,0.21859711103266524,0.31492028534780414,198.5573585383006,2710.532542178212,0.038471904104092104,1,2.1226091904965143,0.10093903718307302,0.17138510642503593,0.06630697883155992,0.3868888039029382,0.36131805553090335,0.37151889654255726,0.22447635565649202,2024-01-13,andrei arlovski,waldo cortes acosta,0.7619449501344748,0.2380550498655252,0.7619449501344748,0,0.0,0,120.0,-142.0,0.4496644507964855,1.704225352112676,2.2,0.14238436700617785,0.0219819935623222,0.0193403204872646,0.0641035868646892,0.0247853020241994,0.0102346078084227,0.0047226571488422,400.0,-800.0,550.0,-620.0,47.82608695652174,100.0,23,1,11,1,12,0,100.0,1,0
161,56.91780988380427,0.05467114512198657,0.5050505050505052,0.0851365330523925,0.0185656693505812,1.5050505050505052,450.6087476804417,2.544788732394366,0.02761168945554878,0.21859711103266524,0.31492028534780414,198.5573585383006,2710.532542178212,0.038471904104092104,1,2.1226091904965143,0.0476245060068137,0.17138510642503593,0.06630697883155992,0.3868888039029382,0.11836119597042531,0.1526042036338503,0.22447635565649202,2024-01-13,farid basharat,taylor lapilus,0.7209967568603144,0.7209967568603144,0.2790032431396856,1,1.0,1,-198.0,164.0,0.21215822872539744,2.64,1.5050505050505052,0.14238436700617785,0.0185656693505812,0.0246517396386398,0.0367071186546835,0.0652665655558427,0.0014132614949387,0.0021903421086648,-375.0,220.0,-275.0,270.0,0.0,66.66666666666666,0,3,0,2,0,1,0.0,0,0
162,87.35333160086618,0.04350694774038831,0.7407407407407407,0.059561440197624216,0.0297931848849301,1.7407407407407407,692.3640881671249,3.83,0.032227368696583936,0.2554347079008813,0.46096511512745897,557.0968571947789,3959.993487540116,0.038471904104092104,1,5.220583083083083,0.05556993870010749,0.08397047860674182,0.028127059225365875,0.3349636645170629,0.068740905076481,0.10509276274761203,0.45815987645214246,2024-01-20,gillian robertson,polyana viana,0.6086842316028905,0.6086842316028905,0.3913157683971094,1,1.0,1,-135.0,114.0,0.12128940476068097,2.14,1.7407407407407407,0.2501733725004241,0.0197976060171143,0.0219601987154369,0.0244710577765612,0.0404640071585036,0.0132320044983534,0.021225999808897,-320.0,230.0,-298.0,250.0,75.0,66.66666666666666,8,6,6,4,2,2,75.0,6,2
163,-102.7152541557127,0.03789486108629032,-1.0,0.1003160330573084,0.0297931848849301,1.9523809523809523,692.3640881671249,3.83,-0.03789486108629032,0.2554347079008813,0.46096511512745897,557.0968571947789,3959.993487540116,0.038471904104092104,1,5.220583083083083,0.06732720696967216,0.08397047860674182,0.028127059225365875,0.3349636645170629,0.10252405859617193,0.1437864975882591,0.45815987645214246,2024-01-20,malcolm gordon,jimmy flick,0.5635765047366702,0.5635765047366702,0.4364234952633298,1,0.0,1,-105.0,-115.0,0.14695133823379422,1.869565217391304,1.9523809523809523,0.2501733725004241,0.0237995764494319,0.0232792664320201,0.0303226816346757,0.0417927029807088,0.0092209531274553,0.012351434216744,-220.0,160.0,-198.0,180.0,100.0,100.0,2,1,2,1,0,0,100.0,2,0
164,92.42365407007888,0.0409175625668628,0.8333333333333333,0.09173741815392661,0.0297931848849301,1.8333333333333333,692.3640881671249,3.83,0.03409796880571899,0.2554347079008813,0.46096511512745897,557.0968571947789,3959.993487540116,0.038471904104092104,1,5.220583083083083,0.06944321324062483,0.08397047860674182,0.028127059225365875,0.3349636645170629,0.09999813889294312,0.13904883389476316,0.45815987645214246,2024-01-20,yohan lainesse,sam patterson,0.5954931371748691,0.4045068628251309,0.5954931371748691,0,0.0,0,100.0,-120.0,0.15156982706205743,1.8333333333333333,2.0,0.2501733725004241,0.0232290461519004,0.0222254993026449,0.0317390172665457,0.0365518649778248,0.0148658126750279,0.0168980139318478,-152.0,115.0,-140.0,123.0,100.0,0.0,2,0,2,0,0,0,0.0,0,0
165,77.57064516526648,0.05494700262761845,0.5208333333333337,0.11627091410420104,0.0297931848849301,1.5208333333333337,692.3640881671249,3.83,0.02861823053521796,0.2554347079008813,0.46096511512745897,557.0968571947789,3959.993487540116,0.038471904104092104,1,5.220583083083083,0.12028556533908223,0.08397047860674182,0.028127059225365875,0.3349636645170629,0.15965260745299106,0.19120160418930454,0.45815987645214246,2024-01-20,jasmine jasudavicius,priscila cachoeira,0.7339863544794745,0.7339863544794745,0.2660136455205255,1,1.0,1,-192.0,160.0,0.26254059231580656,2.6,1.5208333333333337,0.2501733725004241,0.0182505690586025,0.0238990621321243,0.0243698925239813,0.0468551787010899,0.0060493342867347,0.0106970771965188,-440.0,290.0,-375.0,340.0,0.0,60.0,0,5,0,3,0,2,0.0,0,0
166,0.0,0.009687974450012671,0.0,-0.029628740493587824,0.0297931848849301,1.8,692.3640881671249,3.83,0.0,0.2554347079008813,0.46096511512745897,557.0968571947789,3959.993487540116,0.038471904104092104,1,5.220583083083083,0.004438641177089318,0.08397047860674182,0.028127059225365875,0.3349636645170629,-0.03298909173677976,0.008701133186031584,0.45815987645214246,2024-01-20,charles jourdain,sean woodson,0.539095144170229,0.460904855829771,0.539095144170229,0,0.0,0,105.0,-125.0,0.009687974450012671,1.8,2.05,0.2501733725004241,0.0223911054816955,0.0209693281226405,0.0328021299651515,0.044889323974915,0.0063138851626378,0.0083632185555616,-218.0,155.0,-192.0,180.0,50.0,66.66666666666666,8,3,4,2,4,1,66.66666666666666,2,1
167,105.25316546497275,0.035301068844705595,1.1,0.1673145201991716,0.0297931848849301,2.1,692.3640881671249,3.83,0.03883117572917616,0.2554347079008813,0.46096511512745897,557.0968571947789,3959.993487540116,0.038471904104092104,1,5.220583083083083,0.08506811244014816,0.08397047860674182,0.028127059225365875,0.3349636645170629,0.1598064991819019,0.1943967223159082,0.45815987645214246,2024-01-20,brad katona,garrett armfield,0.5558640572377007,0.4441359427622993,0.5558640572377007,0,0.0,0,-130.0,110.0,0.1856734227774178,2.1,1.7692307692307692,0.2501733725004241,0.0198146558599141,0.0215932116349099,0.0335868100922149,0.0479136923081421,-0.00149304451628,-0.0019896580609198,-238.0,165.0,-192.0,195.0,50.0,0.0,2,0,1,0,1,0,0.0,0,0
168,84.46159549507215,0.046117565233971675,0.6756756756756757,0.08422446097455732,0.0297931848849301,1.6756756756756757,692.3640881671249,3.83,0.03116051704998086,0.2554347079008813,0.46096511512745897,557.0968571947789,3959.993487540116,0.038471904104092104,1,5.220583083083083,0.07608375990022669,0.08397047860674182,0.028127059225365875,0.3349636645170629,0.10164297304500441,0.13760550040947167,0.45815987645214246,2024-01-20,arnold allen,movsar evloev,0.6470371783235261,0.3529628216764738,0.6470371783235261,0,0.0,0,124.0,-148.0,0.16606377775678943,1.6756756756756757,2.24,0.2501733725004241,0.0231793921004005,0.0200233728765578,0.0505486528676731,0.0369513471323268,0.0035498741145587,0.0027157900458423,150.0,-220.0,180.0,-185.0,100.0,100.0,9,5,9,5,0,0,100.0,5,0
169,0.0,0.0,0.0,-0.18066557598606858,0.0297931848849301,1.4444444444444444,692.3640881671249,3.83,0.0,0.2554347079008813,0.46096511512745897,557.0968571947789,3959.993487540116,0.038471904104092104,1,5.220583083083083,0.0,0.08397047860674182,0.028127059225365875,0.3349636645170629,0.0,0.0,0.45815987645214246,2024-01-20,neil magny,mike malott,0.5672315243173371,0.4327684756826629,0.5672315243173371,0,1.0,0,185.0,-225.0,0.0,1.4444444444444444,2.85,0.2501733725004241,0.0252599077377893,0.017924977552359,0.0485511303510214,0.0258078440079528,0.0044799502582534,0.0026684056198946,275.0,-420.0,320.0,-333.0,75.0,100.0,24,1,18,1,6,0,100.0,1,0
170,102.133736827226,0.03588602019571095,1.0499999999999998,0.029565864000407394,0.0297931848849301,2.05,692.3640881671249,3.83,0.03768032120549649,0.2554347079008813,0.46096511512745897,557.0968571947789,3959.993487540116,0.038471904104092104,1,5.220583083083083,0.031550492216682956,0.08397047860674182,0.028127059225365875,0.3349636645170629,0.02884680521029659,0.07058004630507703,0.45815987645214246,2024-01-20,raquel pennington,mayra bueno silva,0.5022272507319061,0.5022272507319061,0.4977727492680939,1,1.0,1,105.0,-125.0,0.06886349904972221,1.8,2.05,0.2501733725004241,0.0223911054816955,0.0209693281226405,0.0445306861063439,0.035641993511294,0.0041528607789635,0.0033886173507499,130.0,-182.0,155.0,-160.0,57.14285714285714,40.0,14,5,8,2,6,3,57.14285714285714,8,6
171,0.0,0.02025912941680871,0.0,-0.0230386472185119,0.0297931848849301,1.8333333333333333,692.3640881671249,3.83,0.0,0.2554347079008813,0.46096511512745897,557.0968571947789,3959.993487540116,0.038471904104092104,1,5.220583083083083,0.009281920230633043,0.08397047860674182,0.028127059225365875,0.3349636645170629,-0.02514219170258233,0.01856413080885442,0.45815987645214246,2024-01-20,chris curtis,marc andre barriault,0.5328880106080844,0.5328880106080844,0.4671119893919155,1,1.0,1,-120.0,100.0,0.02025912941680871,2.0,1.8333333333333333,0.2501733725004241,0.0222254993026449,0.0232290461519004,0.0323449725536807,0.0424849594191082,0.0063172493997234,0.0079277648452907,-200.0,145.0,-170.0,160.0,40.0,50.0,5,6,2,3,3,3,40.0,2,3
172,110.61598272700905,0.03139206637745662,1.2999999999999998,0.1895870986703072,0.0297931848849301,2.3,692.3640881671249,3.83,0.0408096862906936,0.2554347079008813,0.46096511512745897,557.0968571947789,3959.993487540116,0.038471904104092104,1,5.220583083083083,0.08641154264259175,0.08397047860674182,0.028127059225365875,0.3349636645170629,0.16707672791034728,0.21401663162915313,0.45815987645214246,2024-01-20,sean strickland,dricus du plessis,0.5172117820305684,0.4827882179694316,0.5172117820305684,0,0.0,0,-163.0,130.0,0.18860565292565062,2.3,1.6134969325153374,0.2501733725004241,0.0247612869285928,0.0297931848849301,0.0295086003293498,0.0291846444104065,0.0133836474646081,0.0132362843277373,-110.0,-115.0,-103.0,-108.0,62.5,75.0,16,4,10,3,6,1,75.0,3,1
173,0.0,0.0,0.0,-0.17239840812431703,0.0238095238095238,1.4,793.6622613944431,2.499999999999999,0.0,0.2004200925813778,0.28607271198223266,339.18381501813747,5092.839563952697,0.0384719041040921,1,2.1430976430976423,0.0,0.12533853194027952,0.04207063925758733,0.3356560716510775,0.0,0.0,0.3069439501846323,2024-02-03,molly mccann,diana belbita,0.5911439941969164,0.5911439941969164,0.4088560058030835,1,1.0,1,-250.0,175.0,0.0,2.75,1.4,0.19152016454081283,0.0316294610237879,0.0462926168982899,0.0331191175513195,0.0533006355351002,0.0034952866482546,0.0051571035745445,-305.0,200.0,-245.0,235.0,42.857142857142854,0.0,7,2,3,0,4,2,42.857142857142854,3,4
174,88.67387053538484,0.06157917803137244,0.36363636363636376,0.02173936197035259,0.0238095238095238,1.3636363636363638,793.6622613944431,2.499999999999999,0.02239242837504453,0.2004200925813778,0.28607271198223266,339.18381501813747,5092.839563952697,0.0384719041040921,1,2.1430976430976423,0.04422733779324745,0.12533853194027952,0.04207063925758733,0.3356560716510775,0.03497079298748946,0.08957215725643002,0.3069439501846323,2024-02-03,viviane araujo,natalia silva,0.7492755321115918,0.2507244678884082,0.7492755321115918,0,0.0,0,200.0,-275.0,0.14408929632476522,1.3636363636363638,3.0,0.19152016454081283,0.040400359353909,0.0262663073127574,0.0384120227667849,0.0219744506631668,0.0156231090990241,0.0094395475425798,260.0,-360.0,280.0,-320.0,57.14285714285714,100.0,7,1,4,1,3,0,100.0,1,0
175,-242.35896098383395,0.061201858474364164,-1.0,0.13666902256279712,0.0238095238095238,1.4444444444444444,793.6622613944431,2.499999999999999,-0.061201858474364164,0.2004200925813778,0.28607271198223266,339.18381501813747,5092.839563952697,0.0384719041040921,1,2.1430976430976423,0.11344721364412792,0.12533853194027952,0.04207063925758733,0.3356560716510775,0.20107560278709166,0.25121494066725597,0.3069439501846323,2024-02-03,gilbert urbina,charles radtke,0.7869247079280903,0.7869247079280903,0.2130752920719096,1,0.0,1,-225.0,163.0,0.3696023771632814,2.63,1.4444444444444444,0.19152016454081283,0.0303091129239294,0.042226716265892,0.0335629363891705,0.0460939263559275,0.0063138851626378,0.0083632185555616,-220.0,155.0,-192.0,180.0,0.0,0.0,1,0,0,0,1,0,0.0,0,1
176,0.0,0.01887928387600455,0.0,-0.043404259276630885,0.0238095238095238,1.8,793.6622613944431,2.499999999999999,0.0,0.2004200925813778,0.28607271198223266,339.18381501813747,5092.839563952697,0.0384719041040921,1,2.1430976430976423,0.005794881969557872,0.12533853194027952,0.04207063925758733,0.3356560716510775,-0.0482267041438655,0.016991443783235444,0.3069439501846323,2024-02-03,luana carolina,julija stoliarenko,0.5314420781796495,0.5314420781796495,0.4685579218203505,1,1.0,1,-125.0,-105.0,0.01887928387600455,1.9523809523809523,1.8,0.19152016454081283,0.0331297358984499,0.0346209416083251,0.0419727244288765,0.0352142395505403,0.0045892256315728,0.0039141757289713,120.0,-165.0,140.0,-145.0,0.0,66.66666666666666,3,3,0,2,3,1,0.0,0,3
177,0.0,0.0,0.0,-0.034249015040516084,0.0238095238095238,1.3076923076923077,793.6622613944431,2.499999999999999,0.0,0.2004200925813778,0.28607271198223266,339.18381501813747,5092.839563952697,0.0384719041040921,1,2.1430976430976423,0.0,0.12533853194027952,0.04207063925758733,0.3356560716510775,0.0,0.0,0.3069439501846323,2024-02-03,themba gorimbo,pete rodriguez,0.7385154590866642,0.7385154590866642,0.2614845409133358,1,1.0,1,-325.0,250.0,0.0,3.5,1.3076923076923077,0.19152016454081283,0.0189025255882738,0.031517642478953,0.0403527617777185,0.0585483371233802,-0.0049335981742362,-0.0065606546993268,-250.0,160.0,-190.0,200.0,100.0,100.0,1,1,1,1,0,0,100.0,1,0
178,95.5900246110581,0.06517512396470637,0.37037037037037024,0.07266882466918706,0.0238095238095238,1.3703703703703702,793.6622613944431,2.499999999999999,0.02413893480174309,0.2004200925813778,0.28607271198223266,339.18381501813747,5092.839563952697,0.0384719041040921,1,2.1430976430976423,0.07455953646436421,0.12533853194027952,0.04207063925758733,0.3356560716510775,0.11746425858233542,0.15027492353495198,0.3069439501846323,2024-02-03,randy brown,muslim salikhov,0.7827583315153528,0.7827583315153528,0.2172416684846472,1,1.0,1,-270.0,220.0,0.24290928822514768,3.2,1.3703703703703702,0.19152016454081283,0.0166724502068655,0.0255572795228642,0.0232672650437236,0.0361554853807244,0.0115168679678883,0.0175408323226886,-280.0,210.0,-265.0,230.0,61.53846153846154,80.0,13,5,8,4,5,1,61.53846153846154,8,5
179,134.60199183318394,0.040788549452932525,0.8333333333333333,0.1638775684585354,0.0238095238095238,1.8333333333333333,793.6622613944431,2.499999999999999,0.033990457877443765,0.2004200925813778,0.28607271198223266,339.18381501813747,5092.839563952697,0.0384719041040921,1,2.1430976430976423,0.0776398101751858,0.12533853194027952,0.04207063925758733,0.3356560716510775,0.1782898358439282,0.23249751389194548,0.3069439501846323,2024-02-03,renato moicano,drew dober,0.6348423100682921,0.6348423100682921,0.3651576899317079,1,1.0,1,-120.0,-110.0,0.25294458525240215,1.9090909090909087,1.8333333333333333,0.19152016454081283,0.0342505339758,0.0350135352882691,0.0275120581245014,0.0367759521615804,0.0110442112995078,0.014498572863966,-205.0,155.0,-190.0,170.0,50.0,46.15384615384615,12,13,6,6,6,7,50.0,6,6
180,120.91096687874771,0.04579968398654706,0.6666666666666663,0.04626323514029612,0.0238095238095238,1.6666666666666663,793.6622613944431,2.499999999999999,0.03053312265769802,0.2004200925813778,0.28607271198223266,339.18381501813747,5092.839563952697,0.0384719041040921,1,2.1430976430976423,0.03525026356197007,0.12533853194027952,0.04207063925758733,0.3356560716510775,0.056143746380773796,0.09463197429405623,0.3069439501846323,2024-02-03,roman dolidze,nassourdine imavov,0.6277579410841778,0.3722420589158221,0.6277579410841778,0,0.0,0,125.0,-150.0,0.11484267254906444,1.6666666666666663,2.25,0.19152016454081283,0.0239067079634055,0.0205377364810389,0.0394941881497001,0.0314277976659026,0.0084564946909956,0.0069281206936196,135.0,-182.0,150.0,-160.0,50.0,40.0,6,5,3,2,3,3,40.0,2,3
181,141.76592214359684,0.039379487579618615,0.9090909090909087,0.16142034407111927,0.0238095238095238,1.9090909090909087,793.6622613944431,2.499999999999999,0.03579953416328963,0.2004200925813778,0.28607271198223266,339.18381501813747,5092.839563952697,0.0384719041040921,1,2.1430976430976423,0.06652275748906543,0.12533853194027952,0.04207063925758733,0.3356560716510775,0.16899218329905938,0.20701547770403855,0.3069439501846323,2024-02-03,jeongyeong lee,blake bilder,0.6083630373705864,0.6083630373705864,0.3916369626294136,1,1.0,1,-110.0,-110.0,0.21672607474117278,1.9090909090909087,1.9090909090909087,0.19152016454081283,0.0238095238095238,0.0238095238095238,0.0618532887055095,0.0821331596287647,-0.0202051321177616,-0.0243217695519972,-222.0,120.0,-145.0,175.0,0.0,0.0,0,0,0,0,0,0,0.0,0,0
182,196.6526578506218,0.03510323489590016,1.1,0.08794529200782164,0.0182505690586025,2.1,-521.871546522843,-1.0,0.03861355838549018,-0.1024716251060938,-0.16041015689978272,-295.07164699623013,4275.896370433624,0.038471904104092104,1,-0.7079697698385434,0.022389225694941402,0.19997188741935784,0.08219844070820356,0.4110499819198412,0.08388347208697534,0.12201143508399138,0.1923865629342853,2024-02-10,zac pauga,bogdan guskov,0.5180691866703913,0.4819308133296087,0.5180691866703913,0,0.0,0,-130.0,110.0,0.11637624454359129,2.1,1.7692307692307692,-0.02054074434709663,0.0198146558599141,0.0215932116349099,0.0353880398274212,0.0391936977254916,0.0048194573325072,0.0052815527685029,-142.0,105.0,-125.0,120.0,100.0,0.0,1,0,1,0,0,0,0.0,0,0
183,0.0,0.02688789902871338,0.0,-0.015219593278711474,0.0182505690586025,1.8,-521.871546522843,-1.0,0.0,-0.1024716251060938,-0.16041015689978272,-295.07164699623013,4275.896370433624,0.038471904104092104,1,-0.7079697698385434,0.005172870478658275,0.19997188741935784,0.08219844070820356,0.4110499819198412,-0.01693719508789794,0.02416119583038157,0.1923865629342853,2024-02-10,max griffin,jeremiah wells,0.5471002259562714,0.4528997740437285,0.5471002259562714,0,1.0,0,105.0,-125.0,0.02688789902871338,1.8,2.05,-0.02054074434709663,0.0223911054816955,0.0209693281226405,0.0581154526266569,0.046779652268448,-0.0026740233503604,-0.002263435504149,120.0,-186.0,148.0,-145.0,72.72727272727273,100.0,11,1,8,1,3,0,100.0,1,0
184,-221.13891698904314,0.043421536102231144,-1.0,0.1248161544455797,0.0182505690586025,1.7692307692307692,-521.871546522843,-1.0,-0.043421536102231144,-0.1024716251060938,-0.16041015689978272,-295.07164699623013,4275.896370433624,0.038471904104092104,1,-0.7079697698385434,0.03824178539322974,0.19997188741935784,0.08219844070820356,0.4110499819198412,0.14168199116789224,0.1751134766065811,0.1923865629342853,2024-02-10,devin clark,marcin prachnio,0.635765652512719,0.635765652512719,0.364234347487281,1,0.0,1,-130.0,110.0,0.19877576068705086,2.1,1.7692307692307692,-0.02054074434709663,0.0198146558599141,0.0215932116349099,0.0251381832517589,0.0361466857254175,0.0114635944419424,0.0159036743046366,-238.0,180.0,-215.0,190.0,50.0,50.0,12,4,6,2,6,2,50.0,6,6
185,134.09838218857362,0.053978076480621924,0.4878048780487805,0.03572182419172587,0.0182505690586025,1.4878048780487805,-521.871546522843,-1.0,0.026330769014937527,-0.1024716251060938,-0.16041015689978272,-295.07164699623013,4275.896370433624,0.038471904104092104,1,-0.7079697698385434,0.02340977075729377,0.19997188741935784,0.08219844070820356,0.4110499819198412,0.050429602627888655,0.08619270444440214,0.1923865629342853,2024-02-10,brad tavares,gregory rodrigues,0.6961408982272256,0.3038591017727744,0.6961408982272256,0,0.0,0,170.0,-205.0,0.1216809032826788,1.4878048780487805,2.7,-0.02054074434709663,0.0244151214085358,0.018086396502818,0.0437934152848635,0.0293059999198147,0.0115139753511245,0.0080363667798626,185.0,-260.0,210.0,-230.0,55.00000000000001,0.0,20,3,11,0,9,3,0.0,0,3
186,-300.7326295337999,0.059050089003862674,-1.0,0.28492353508821205,0.0182505690586025,1.5882352941176472,-521.871546522843,-1.0,-0.059050089003862674,-0.1024716251060938,-0.16041015689978272,-295.07164699623013,4275.896370433624,0.038471904104092104,1,-0.7079697698385434,0.09806612697460719,0.19997188741935784,0.08219844070820356,0.4110499819198412,0.37894478217353517,0.38326281079070074,0.1923865629342853,2024-02-10,michael johnson,darrius flowers,0.8090259294999853,0.1909740705000147,0.8090259294999853,0,1.0,0,142.0,-170.0,0.5097348041302877,1.5882352941176472,2.42,-0.02054074434709663,0.0236909605473527,0.0191618095781445,0.0337961593137875,0.0391632570108818,0.0043327197703345,0.0049179740317005,-155.0,115.0,-135.0,130.0,54.166666666666664,0.0,24,0,13,0,11,0,0.0,0,0
187,-264.74910376104236,0.05198457568444648,-1.0,0.030156913937563756,0.0182505690586025,1.5208333333333337,-521.871546522843,-1.0,-0.05198457568444648,-0.1024716251060938,-0.16041015689978272,-295.07164699623013,4275.896370433624,0.038471904104092104,1,-0.7079697698385434,0.02030968974461983,0.19997188741935784,0.08219844070820356,0.4110499819198412,0.041250315708828936,0.07717704980178837,0.1923865629342853,2024-02-10,jack hermansson,joe pyfer,0.6773634502603157,0.3226365497396842,0.6773634502603157,0,1.0,0,160.0,-192.0,0.10556709073053683,1.5208333333333337,2.6,-0.02054074434709663,0.0238990621321243,0.0182505690586025,0.040400359353909,0.0262663073127574,0.0106261171426896,0.0072111180858498,200.0,-275.0,225.0,-245.0,71.42857142857143,100.0,14,1,10,1,4,0,100.0,1,0
188,160.7979632484598,0.04483414506692159,0.704225352112676,0.06601780302330879,0.0182505690586025,1.704225352112676,-521.871546522843,-1.0,0.03157334159642366,-0.1024716251060938,-0.16041015689978272,-295.07164699623013,4275.896370433624,0.038471904104092104,1,-0.7079697698385434,0.025830740299729395,0.19997188741935784,0.08219844070820356,0.4110499819198412,0.07809146235550943,0.1135062116885876,0.1923865629342853,2024-02-10,rodolfo vieira,armen petrosyan,0.6255145786335118,0.6255145786335118,0.3744854213664882,1,1.0,1,-142.0,120.0,0.13426478391088345,2.2,1.704225352112676,-0.02054074434709663,0.0193403204872646,0.0219819935623222,0.0559391115498085,0.0547328252090848,-0.012024135947921,-0.0117853878616028,-120.0,-130.0,110.0,100.0,75.0,100.0,4,2,3,2,1,0,75.0,3,1
189,0.0,9.006233532208253e-05,0.0,-0.0277066665334873,0.0182505690586025,1.5208333333333337,-521.871546522843,-1.0,0.0,-0.1024716251060938,-0.16041015689978272,-295.07164699623013,4275.896370433624,0.038471904104092104,1,-0.7079697698385434,1.7326783142450537e-05,0.19997188741935784,0.08219844070820356,0.4110499819198412,-0.037937796353441765,6.57741706647565e-05,0.1923865629342853,2024-02-10,dan ige,andre fili,0.6393161644711315,0.6393161644711315,0.3606838355288685,1,1.0,1,-192.0,160.0,9.006233532208253e-05,2.6,1.5208333333333337,-0.02054074434709663,0.0182505690586025,0.0238990621321243,0.0442201923124329,0.0599464743542338,-0.0058281467255499,-0.0073993665019633,-220.0,140.0,-170.0,180.0,72.72727272727273,50.0,11,16,8,8,3,8,72.72727272727273,8,3
190,0.0,0.0,0.0,-0.06101297634588404,0.0258805609682243,1.4081632653061225,934.7835560341123,2.3288888888888892,0.0,0.2186169811078267,0.35194033290192595,570.0768360304339,5780.75676249817,0.038471904104092104,1,2.9092307692307693,0.0,0.32906676184749256,0.21359420835547852,0.6490908019888976,0.0,0.0,0.11691215450657419,2024-02-17,robert whittaker,paulo costa,0.6668168718703142,0.6668168718703142,0.3331831281296857,1,1.0,1,-245.0,200.0,0.0,3.0,1.4081632653061225,0.19264676273186085,0.0176336326648498,0.0258446282047153,0.0342356681559874,0.0490051753512268,0.0004928118166336,0.0006601917576773,-240.0,165.0,-195.0,194.0,60.0,85.71428571428571,15,7,9,6,6,1,60.0,9,6
191,107.08378988025476,0.05634807449885399,0.4444444444444444,0.05027943473757951,0.0258805609682243,1.4444444444444444,934.7835560341123,2.3288888888888892,0.02504358866615733,0.2186169811078267,0.35194033290192595,570.0768360304339,5780.75676249817,0.038471904104092104,1,2.9092307692307693,0.022523810974841275,0.32906676184749256,0.21359420835547852,0.6490908019888976,0.07342672947890098,0.13192236000529262,0.11691215450657419,2024-02-17,geoff neal,ian machado garry,0.7271165317414012,0.2728834682585987,0.7271165317414012,0,0.0,0,163.0,-225.0,0.19265585404616523,1.4444444444444444,2.63,0.19264676273186085,0.042226716265892,0.0303091129239294,0.0504628147635978,0.0321099796736034,0.0026076909086582,0.0017821247190853,195.0,-290.0,235.0,-240.0,85.71428571428571,100.0,7,1,6,1,1,0,100.0,1,0
192,195.9393281067235,0.04019662515463601,1.1400000000000001,0.6240204882780314,0.0258805609682243,2.14,934.7835560341123,2.3288888888888892,0.045824152676285056,0.2186169811078267,0.35194033290192595,570.0768360304339,5780.75676249817,0.038471904104092104,1,2.9092307692307693,0.06609114407469834,0.32906676184749256,0.21359420835547852,0.6490908019888976,0.6198168914812437,0.5691399183386217,0.11691215450657419,2024-02-17,merab dvalishvili,henry cejudo,0.7588880786345941,0.7588880786345941,0.2411119213654059,1,1.0,1,114.0,-135.0,0.565306014191894,1.7407407407407407,2.14,0.19264676273186085,0.0219601987154369,0.0197976060171143,0.0342079206668142,0.0574258422773859,0.0074711161397558,0.0115765029078631,-333.0,210.0,-275.0,250.0,87.5,75.0,8,12,7,9,1,3,87.5,7,1
193,127.50525850299343,0.053675170168381164,0.5555555555555556,0.1412423863323028,0.0258805609682243,1.5555555555555556,934.7835560341123,2.3288888888888892,0.029819538982433984,0.2186169811078267,0.35194033290192595,570.0768360304339,5780.75676249817,0.038471904104092104,1,2.9092307692307693,0.03410089023045763,0.32906676184749256,0.21359420835547852,0.6490908019888976,0.1882623584522853,0.21883037484431186,0.11691215450657419,2024-02-17,anthony hernandez,roman kopylov,0.7336558197850518,0.7336558197850518,0.2663441802149482,1,1.0,1,-180.0,150.0,0.29167959802280496,2.5,1.5555555555555556,0.19264676273186085,0.0188793207747618,0.023977822082381,0.0435202695993494,0.062922307431463,-0.0049335981742362,-0.0065606546993268,-250.0,155.0,-190.0,200.0,75.0,0.0,4,2,3,0,1,2,75.0,3,1
194,139.54845954046223,0.04242689290998968,0.7692307692307692,0.03673963930340102,0.0258805609682243,1.7692307692307692,934.7835560341123,2.3288888888888892,0.03263607146922283,0.2186169811078267,0.35194033290192595,570.0768360304339,5780.75676249817,0.038471904104092104,1,2.9092307692307693,0.010436398564059337,0.32906676184749256,0.21359420835547852,0.6490908019888976,0.04163688608348241,0.07876760460670017,0.11691215450657419,2024-02-17,andrea lee,miranda maverick,0.5859832743888789,0.4140167256111211,0.5859832743888789,0,0.0,0,110.0,-130.0,0.08926701084336341,1.7692307692307692,2.1,0.19264676273186085,0.0215932116349099,0.0198146558599141,0.0517471752989666,0.0376938184898532,0.0036596750589859,0.0028338314345205,150.0,-222.0,175.0,-180.0,44.44444444444444,100.0,9,5,4,5,5,0,100.0,5,0
195,0.0,0.0,0.0,-0.09034340504585053,0.0258805609682243,1.4651162790697674,934.7835560341123,2.3288888888888892,0.0,0.2186169811078267,0.35194033290192595,570.0768360304339,5780.75676249817,0.038471904104092104,1,2.9092307692307693,0.0,0.32906676184749256,0.21359420835547852,0.6490908019888976,0.0,0.0,0.11691215450657419,2024-02-17,amanda lemos,mackenzie dern,0.6208767235401338,0.6208767235401338,0.3791232764598662,1,1.0,1,-215.0,164.0,0.0,2.64,1.4651162790697674,0.19264676273186085,0.0258805609682243,0.035447000359337,0.0436438662746148,0.0508672206028841,-0.005187483104473,-0.005866312031857,-162.0,110.0,-130.0,136.0,42.857142857142854,66.66666666666666,7,9,3,6,4,3,42.857142857142854,3,4
196,107.53955531122438,0.07348194378892466,0.2531645569620251,0.0045514502483277874,0.0154613702995864,1.2531645569620251,-507.1284224721612,-1.0,0.018603023744031544,-0.08772699549686713,-0.11248927061767044,-143.1446893594239,5130.483650666585,0.038471904104092104,1,-0.7554208565146923,0.01528224591864774,0.21455462015883844,0.10386736864887812,0.48410688416769276,0.008808750160349033,0.04403691438076311,0.1793105367556788,2024-02-24,edgar chairez,daniel lacerda,0.8016117633294738,0.8016117633294738,0.1983882366705261,1,1.0,1,-395.0,310.0,0.08522781870577245,4.1,1.2531645569620251,0.14567810127490843,0.0148515401766855,0.0270306968275025,0.0380145631173419,0.0821118857762301,-0.0059405224203454,-0.0100961327915673,-550.0,265.0,-350.0,385.0,0.0,0.0,0,1,0,0,0,1,0.0,0,0
197,0.0,0.0,0.0,-0.13160225064875108,0.0154613702995864,1.4,-507.1284224721612,-1.0,0.0,-0.08772699549686713,-0.11248927061767044,-143.1446893594239,5130.483650666585,0.038471904104092104,1,-0.7554208565146923,0.0,0.21455462015883844,0.10386736864887812,0.48410688416769276,0.0,0.0,0.1793105367556788,2024-02-24,erik silva,muhammad naimov,0.6202841066794635,0.3797158933205364,0.6202841066794635,0,0.0,0,205.0,-250.0,0.0,1.4,3.05,0.14567810127490843,0.0251555439097192,0.0169990228350114,0.0466753717462063,0.0209938011861243,0.0158744185389279,0.0079351052705959,375.0,-600.0,425.0,-500.0,0.0,0.0,0,0,0,0,0,0,0.0,0,0
198,0.0,0.008362150359513479,0.0,-0.02833112608888988,0.0154613702995864,1.7692307692307692,-507.1284224721612,-1.0,0.0,-0.08772699549686713,-0.11248927061767044,-143.1446893594239,5130.483650666585,0.038471904104092104,1,-0.7554208565146923,0.0014994216693960541,0.21455462015883844,0.10386736864887812,0.48410688416769276,-0.03215106170364835,0.007368625596048321,0.1793105367556788,2024-02-24,claudio puelles,fares ziam,0.549204146123671,0.450795853876329,0.549204146123671,0,0.0,0,110.0,-130.0,0.008362150359513479,1.7692307692307692,2.1,0.14567810127490843,0.0215932116349099,0.0198146558599141,0.0376383386030122,0.0272201519630255,0.0168532200964144,0.0124207845874261,165.0,-220.0,180.0,-205.0,50.0,100.0,6,3,3,3,3,0,100.0,3,0
199,183.16721369656216,0.04689480761922956,0.6756756756756757,0.12439443439460945,0.0154613702995864,1.6756756756756757,-507.1284224721612,-1.0,0.031685680823803755,-0.08772699549686713,-0.11248927061767044,-143.1446893594239,5130.483650666585,0.038471904104092104,1,-0.7554208565146923,0.039932951746154424,0.21455462015883844,0.10386736864887812,0.48410688416769276,0.15037156917893196,0.18423019881436678,0.1793105367556788,2024-02-24,victor altamirano,felipe dos santos,0.6710095818161379,0.3289904181838621,0.6710095818161379,0,0.0,0,124.0,-148.0,0.22270276174882814,1.6756756756756757,2.24,0.14567810127490843,0.0231793921004005,0.0200233728765578,0.0459379088371792,0.0272073367218593,0.0134209801883696,0.0085289009164409,230.0,-335.0,255.0,-285.0,0.0,0.0,0,0,0,0,0,0,0.0,0,0
200,-236.04094620124917,0.040832187877637566,-1.0,0.43668530141178286,0.0154613702995864,2.0,-507.1284224721612,-1.0,-0.040832187877637566,-0.08772699549686713,-0.11248927061767044,-143.1446893594239,5130.483650666585,0.038471904104092104,1,-0.7554208565146923,0.08278659403013237,0.21455462015883844,0.10386736864887812,0.48410688416769276,0.44870811980272524,0.44932320734527326,0.1793105367556788,2024-02-24,cristian quinonez,raoni barcelos,0.7183426507058914,0.7183426507058914,0.2816573492941085,1,0.0,1,100.0,-120.0,0.46169397252395716,1.8333333333333333,2.0,0.14567810127490843,0.0232290461519004,0.0222254993026449,0.0486526414585807,0.0380661544729848,0.0041528607789635,0.0033886173507499,133.0,-192.0,155.0,-160.0,0.0,60.0,0,5,0,3,0,2,0.0,0,0
201,-347.3015198078641,0.06007890213629691,-1.0,0.03613798663424034,0.0154613702995864,1.4,-507.1284224721612,-1.0,-0.06007890213629691,-0.08772699549686713,-0.11248927061767044,-143.1446893594239,5130.483650666585,0.038471904104092104,1,-0.7554208565146923,0.025359372216793855,0.21455462015883844,0.10386736864887812,0.48410688416769276,0.056156965637869025,0.09101081578905064,0.1793105367556788,2024-02-24,brandon moreno,brandon royval,0.7400985618816003,0.7400985618816003,0.2599014381183997,1,0.0,1,-250.0,205.0,0.14142711675302996,3.05,1.4,0.14567810127490843,0.0169990228350114,0.0251555439097192,0.0369237305897426,0.0634346923493256,-0.0028029152223297,-0.0043094603110983,-350.0,210.0,-270.0,280.0,70.0,50.0,10,6,7,3,3,3,70.0,7,3
202,152.07357721331067,0.05208758909140321,0.5050505050505052,0.004464232178755911,0.0154613702995864,1.5050505050505052,-507.1284224721612,-1.0,0.026306863177476377,-0.08772699549686713,-0.11248927061767044,-143.1446893594239,5130.483650666585,0.038471904104092104,1,-0.7554208565146923,0.010902262802721776,0.21455462015883844,0.10386736864887812,0.48410688416769276,0.006196450979180551,0.04380408281340406,0.1793105367556788,2024-02-24,daniel zellhuber,francisco prado,0.6673956978905827,0.6673956978905827,0.3326043021094172,1,1.0,1,-198.0,164.0,0.060801015935704625,2.64,1.5050505050505052,0.14567810127490843,0.0185656693505812,0.0246517396386398,0.0331787845086485,0.0570989932691293,-0.0014199998838179,-0.0021836037197856,-350.0,220.0,-270.0,275.0,100.0,0.0,1,0,1,0,0,0,100.0,1,0
203,-275.8858475720953,0.04772486698659683,-1.0,0.08363107837318373,0.0154613702995864,1.617283950617284,-507.1284224721612,-1.0,-0.04772486698659683,-0.08772699549686713,-0.11248927061767044,-143.1446893594239,5130.483650666585,0.038471904104092104,1,-0.7554208565146923,0.03575803410290474,0.21455462015883844,0.10386736864887812,0.48410688416769276,0.10478051472759699,0.15916771912429792,0.1793105367556788,2024-02-24,yair rodriguez,brian ortega,0.6700314301391441,0.6700314301391441,0.3299685698608559,1,0.0,1,-162.0,123.0,0.19941959212150023,2.23,1.617283950617284,0.14567810127490843,0.0304822956516311,0.0362688083089343,0.0410247737237094,0.0498843171853813,-0.0046898329323351,-0.0054727686936811,-175.0,120.0,-140.0,146.0,90.0,70.0,10,10,9,7,1,3,90.0,9,1
204,155.89067258885407,0.051776973788679514,0.5208333333333337,0.022505945944112205,0.0154613702995864,1.5208333333333337,-507.1284224721612,-1.0,0.0269671738482706,-0.08772699549686713,-0.11248927061767044,-143.1446893594239,5130.483650666585,0.038471904104092104,1,-0.7554208565146923,0.016428515785656374,0.21455462015883844,0.10386736864887812,0.48410688416769276,0.030784458412681105,0.06698202496007681,0.1793105367556788,2024-02-24,manuel torres,chris duncan,0.6723326767851695,0.6723326767851695,0.3276673232148305,1,1.0,1,-192.0,160.0,0.09162047073698296,2.6,1.5208333333333337,0.14567810127490843,0.0182505690586025,0.0238990621321243,0.0442451393201778,0.057204136042141,1.0114131754335177e-13,-1.0119682869458304e-13,-200.0,130.0,-160.0,160.0,0.0,0.0,0,0,0,0,0,0,0.0,0,0
205,117.41260541183348,0.0700727439872028,0.28985507246376807,0.019872404826811435,0.0154613702995864,1.289855072463768,-507.1284224721612,-1.0,0.020310940286145735,-0.08772699549686713,-0.11248927061767044,-143.1446893594239,5130.483650666585,0.038471904104092104,1,-0.7554208565146923,0.023045043928551705,0.21455462015883844,0.10386736864887812,0.48410688416769276,0.0360519689428315,0.07084238391372587,0.1793105367556788,2024-02-24,yazmin jauregui,sam hughes,0.7906875947533707,0.7906875947533707,0.2093124052466293,1,1.0,1,-345.0,275.0,0.12852029972980306,3.75,1.289855072463768,0.14567810127490843,0.0154613702995864,0.0264861952434845,0.0275976286659479,0.0718175760124145,-0.0043578393639791,-0.0084626734565336,-800.0,375.0,-500.0,550.0,100.0,50.0,1,4,1,2,0,2,100.0,1,0
206,-184.75644535007817,0.03601150650310979,-1.0,0.11138253577211588,0.01588375534405,2.05,-514.4559751820402,-1.0,-0.03601150650310979,-0.10027436207017223,-0.08789650219523228,63.504407718621394,4679.532083203167,0.038471904104092104,1,-0.2774193548387096,0.07821669660192916,0.07059240271761592,0.015463590945520168,0.2190546057396247,0.1086567318298286,0.14712084656533816,0.5449864662913884,2024-03-02,eryk anders,jamie pickett,0.5421378223278615,0.4578621776721386,0.5421378223278615,0,1.0,0,-125.0,105.0,0.14352043846921692,2.05,1.8,0.09857244393274942,0.0209693281226405,0.0223911054816955,0.02241127508864,0.0482957956184307,0.0049094193249951,0.009350830229372,-560.0,350.0,-450.0,410.0,45.45454545454545,50.0,11,4,5,2,6,2,50.0,2,2
207,0.0,0.0,0.0,-0.07902219806459598,0.01588375534405,1.5405405405405406,-514.4559751820402,-1.0,0.0,-0.10027436207017223,-0.08789650219523228,63.504407718621394,4679.532083203167,0.038471904104092104,1,-0.2774193548387096,0.0,0.07059240271761592,0.015463590945520168,0.2190546057396247,0.0,0.0,0.5449864662913884,2024-03-02,jairzinho rozenstruik,shamil gaziev,0.597827695993157,0.402172304006843,0.597827695993157,0,1.0,0,154.0,-185.0,0.0,1.5405405405405406,2.54,0.09857244393274942,0.0240948213032229,0.0187287731158957,0.0537315304607222,0.040354491044654,-1.1257661469699089e-13,1.1246559239452837e-13,140.0,-210.0,170.0,-170.0,81.81818181818183,0.0,11,0,9,0,2,0,0.0,0,0
208,131.87981193278478,0.06426285556706245,0.3999999999999999,0.10171760329336987,0.01588375534405,1.4,-514.4559751820402,-1.0,0.025705142226824972,-0.10027436207017223,-0.08789650219523228,63.504407718621394,4679.532083203167,0.038471904104092104,1,-0.2774193548387096,0.1614083773702397,0.07059240271761592,0.015463590945520168,0.2190546057396247,0.15884302045870796,0.1896567638995562,0.5449864662913884,2024-03-02,vitor petrino,tyson pedro,0.7869411452095499,0.7869411452095499,0.21305885479045,1,1.0,1,-250.0,205.0,0.2961695149397331,3.05,1.4,0.09857244393274942,0.0169990228350114,0.0251555439097192,0.0273349729556402,0.055998360377693,0.0042292757286304,0.0074666307041181,-500.0,300.0,-375.0,350.0,0.0,33.33333333333333,0,6,0,2,0,4,0.0,0,0
209,0.0,0.0,0.0,-0.1702424357217307,0.01588375534405,1.4444444444444444,-514.4559751820402,-1.0,0.0,-0.10027436207017223,-0.08789650219523228,63.504407718621394,4679.532083203167,0.038471904104092104,1,-0.2774193548387096,0.0,0.07059240271761592,0.015463590945520168,0.2190546057396247,0.0,0.0,0.5449864662913884,2024-03-02,christian leroy duncan,claudio ribeiro,0.5744475445003403,0.4255524554996597,0.5744475445003403,0,1.0,0,185.0,-225.0,0.0,1.4444444444444444,2.85,0.09857244393274942,0.0252599077377893,0.017924977552359,0.0253343334093399,0.0492577411827345,0.0075563999500413,0.0131475337973707,-450.0,290.0,-360.0,320.0,0.0,0.0,0,0,0,0,0,0,0.0,0,0
210,0.0,0.0,0.0,-0.04478973781628448,0.01588375534405,1.359712230215827,-514.4559751820402,-1.0,0.0,-0.10027436207017223,-0.08789650219523228,63.504407718621394,4679.532083203167,0.038471904104092104,1,-0.2774193548387096,0.0,0.07059240271761592,0.015463590945520168,0.2190546057396247,0.0,0.0,0.5449864662913884,2024-03-02,matt schnell,steve erceg,0.7025091346218861,0.2974908653781139,0.7025091346218861,0,0.0,0,225.0,-278.0,0.0,1.359712230215827,3.25,0.09857244393274942,0.0262452639219628,0.0168967792200803,0.0372347811432948,0.0183207744122606,0.0188716541308099,0.0098364798404817,350.0,-500.0,375.0,-450.0,60.0,0.0,10,0,6,0,4,0,0.0,0,0
211,116.38104113591478,0.07032109486879676,0.3225806451612905,0.06609079833781933,0.01588375534405,1.3225806451612905,-514.4559751820402,-1.0,0.02268422415122477,-0.10027436207017223,-0.08789650219523228,63.504407718621394,4679.532083203167,0.038471904104092104,1,-0.2774193548387096,0.13815206892231785,0.07059240271761592,0.015463590945520168,0.2190546057396247,0.11422998356308829,0.14666705081032141,0.5449864662913884,2024-03-02,alex perez,muhammad mokaev,0.8060686524017657,0.1939313475982343,0.8060686524017657,0,0.0,0,250.0,-310.0,0.2534963296656471,1.3225806451612905,3.5,0.09857244393274942,0.0259280913458452,0.01588375534405,0.0485511303510214,0.0258078440079528,0.0100318132131314,0.0058412026598846,275.0,-420.0,320.0,-350.0,100.0,100.0,8,1,8,1,0,0,100.0,1,0
212,162.842892834117,0.056374330104110144,0.617283950617284,0.2832662753086635,0.0350135352882691,1.617283950617284,-404.67513829248287,-1.0,0.034798969200067996,-0.08647769287554076,0.018355780815438566,490.5716035305729,4765.428548441257,0.038471904104092104,1,1.7245931537598207,0.05830185119153794,0.31977151469075904,0.2409115094353558,0.7533863973729297,0.36678415257947916,0.37425080752936807,0.12031060409272874,2024-03-09,pedro munhoz,kyler phillips,0.793469987022914,0.2065300129770859,0.793469987022914,0,0.0,0,136.0,-162.0,0.4845944514300843,1.617283950617284,2.3600000000000003,0.2345594595235576,0.0230152132689483,0.0190342109773964,0.0438579498434967,0.0306544323611931,0.0095031228422864,0.0068992828438807,170.0,-238.0,195.0,-210.0,33.33333333333333,33.33333333333333,15,3,5,1,10,2,33.33333333333333,1,2
213,140.00115198056122,0.0592371792719422,0.5050505050505052,0.17579614851880893,0.0350135352882691,1.5050505050505052,-404.67513829248287,-1.0,0.029917767309061725,-0.08647769287554076,0.018355780815438566,490.5716035305729,4765.428548441257,0.038471904104092104,1,1.7245931537598207,0.045989164128917494,0.31977151469075904,0.2409115094353558,0.7533863973729297,0.24695888863708476,0.27210486248127325,0.12031060409272874,2024-03-09,katlyn cerminara,maycee barber,0.7812336825728998,0.2187663174271001,0.7812336825728998,0,0.0,0,164.0,-198.0,0.38225362157995313,1.5050505050505052,2.64,0.2345594595235576,0.0246517396386398,0.0185656693505812,0.0297283559070404,0.0230494218707374,0.0240948213032229,0.0187287731158957,150.0,-188.0,154.0,-185.0,0.0,75.0,0,8,0,6,0,2,75.0,6,2
214,-223.28126494423023,0.04771444259260061,-1.0,0.040073496463210845,0.0350135352882691,1.617283950617284,-404.67513829248287,-1.0,-0.04771444259260061,-0.08647769287554076,0.018355780815438566,490.5716035305729,4765.428548441257,0.038471904104092104,1,1.7245931537598207,0.013154297497416353,0.31977151469075904,0.2409115094353558,0.7533863973729297,0.05049990545634973,0.08676217367476688,0.12031060409272874,2024-03-09,joanne wood,maryna moroz,0.6430988794925196,0.3569011205074804,0.6430988794925196,0,1.0,0,136.0,-162.0,0.10933614369750608,1.617283950617284,2.3600000000000003,0.2345594595235576,0.0230152132689483,0.0190342109773964,0.0424756094014026,0.0289529620271689,0.0142900036616875,0.0102276383807385,180.0,-250.0,195.0,-218.0,60.0,33.33333333333333,10,3,6,1,4,2,33.33333333333333,1,2
215,138.27164200328403,0.04786804664708929,0.617283950617284,0.04819997219478239,0.0350135352882691,1.617283950617284,-404.67513829248287,-1.0,0.029548176942647712,-0.08647769287554076,0.018355780815438566,490.5716035305729,4765.428548441257,0.038471904104092104,1,1.7245931537598207,0.014662938095944395,0.31977151469075904,0.2409115094353558,0.7533863973729297,0.060744563124724996,0.09670667875937305,0.12031060409272874,2024-03-09,michel pereira,michal oleksiejczuk,0.6481236469295982,0.6481236469295982,0.3518763530704017,1,1.0,1,-162.0,136.0,0.12187569172741428,2.3600000000000003,1.617283950617284,0.2345594595235576,0.0190342109773964,0.0230152132689483,0.0320795539605048,0.037850515969565,0.0117202576845929,0.013811657209024,-160.0,120.0,-150.0,135.0,60.0,50.0,5,4,3,2,2,2,60.0,3,2
216,-211.55538266100862,0.04520866165665815,-1.0,0.2231724698481291,0.0350135352882691,1.7692307692307692,-404.67513829248287,-1.0,-0.04520866165665815,-0.08647769287554076,0.018355780815438566,490.5716035305729,4765.428548441257,0.038471904104092104,1,1.7245931537598207,0.03862761576139122,0.31977151469075904,0.2409115094353558,0.7533863973729297,0.2551452489359694,0.2808323468849246,0.12031060409272874,2024-03-09,ion cutelaba,philipe lins,0.6913583525228556,0.6913583525228556,0.3086416474771444,1,0.0,1,-130.0,110.0,0.32106576184771873,2.1,1.7692307692307692,0.2345594595235576,0.0198146558599141,0.0215932116349099,0.0348337488150867,0.0402991080659835,0.0043327197703345,0.0049179740317005,-155.0,114.0,-135.0,130.0,62.5,66.66666666666666,8,3,5,2,3,1,62.5,5,3
217,-140.86965190121336,0.030103362771430615,-1.0,0.41301131185300943,0.0350135352882691,2.45,-404.67513829248287,-1.0,-0.030103362771430615,-0.08647769287554076,0.018355780815438566,490.5716035305729,4765.428548441257,0.038471904104092104,1,1.7245931537598207,0.03772333986522018,0.31977151469075904,0.2409115094353558,0.7533863973729297,0.3490145027223223,0.3710433922162988,0.12031060409272874,2024-03-09,dustin poirier,benoit st denis,0.576739310960412,0.4232606890395879,0.576739310960412,0,1.0,0,-175.0,145.0,0.3135495840096117,2.45,1.5714285714285714,0.2345594595235576,0.0197703920738484,0.0247565095959103,0.040577421308325,0.0290887615654049,0.0047131027594283,0.0035260686153362,165.0,-225.0,188.0,-195.0,81.81818181818183,100.0,22,1,18,1,4,0,100.0,1,0
218,0.0,0.0,0.0,-0.0981116164517018,0.0350135352882691,1.6134969325153374,-404.67513829248287,-1.0,0.0,-0.08647769287554076,0.018355780815438566,490.5716035305729,4765.428548441257,0.038471904104092104,1,1.7245931537598207,0.0,0.31977151469075904,0.2409115094353558,0.7533863973729297,0.0,0.0,0.12031060409272874,2024-03-09,petr yan,song yadong,0.5589650437960936,0.5589650437960936,0.4410349562039064,1,1.0,1,-163.0,120.0,0.0,2.2,1.6134969325153374,0.2345594595235576,0.0339796305551364,0.0403376871081888,0.0410247737237094,0.0498843171853813,0.0072661328558238,0.0087402697052005,-175.0,120.0,-155.0,145.0,80.0,60.0,10,5,8,3,2,2,80.0,8,2
219,172.42944080553832,0.0350929349629515,1.0499999999999998,0.12868745060425457,0.0350135352882691,2.05,-404.67513829248287,-1.0,0.036847581711099066,-0.08647769287554076,0.018355780815438566,490.5716035305729,4765.428548441257,0.038471904104092104,1,1.7245931537598207,0.021569723518275002,0.31977151469075904,0.2409115094353558,0.7533863973729297,0.12533464948846718,0.18407962347666273,0.12031060409272874,2024-03-09,gilbert burns,jack della maddalena,0.5505792441971974,0.4494207558028026,0.5505792441971974,0,0.0,0,-138.0,105.0,0.17928364403897643,2.05,1.7246376811594204,0.2345594595235576,0.0322362225882545,0.0354005882336351,0.0427251140553781,0.0353350088477939,0.0114882637946394,0.0095780139561303,123.0,-170.0,142.0,-155.0,56.25,100.0,16,3,9,3,7,0,100.0,3,0
220,142.07237359756473,0.060113552962462936,0.5050505050505052,0.1887979549681308,0.0350135352882691,1.5050505050505052,-404.67513829248287,-1.0,0.030360380284072203,-0.08647769287554076,0.018355780815438566,490.5716035305729,4765.428548441257,0.038471904104092104,1,1.7245931537598207,0.048924016647266325,0.31977151469075904,0.2409115094353558,0.7533863973729297,0.26588666046893783,0.2887479664188774,0.12031060409272874,2024-03-09,sean omalley,marlon vera,0.7898724667237915,0.7898724667237915,0.2101275332762084,1,1.0,1,-198.0,164.0,0.40664758535796564,2.64,1.5050505050505052,0.2345594595235576,0.0185656693505812,0.0246517396386398,0.0277407664845437,0.0437178295642163,0.0051427618442088,0.0076504151280726,-290.0,205.0,-250.0,235.0,71.42857142857143,72.22222222222221,7,18,5,13,2,5,71.42857142857143,5,2
221,147.65698979756883,0.06058328383492428,0.5208333333333337,0.21609880203894222,0.0350135352882691,1.5208333333333337,-404.67513829248287,-1.0,0.03155379366402308,-0.08647769287554076,0.018355780815438566,490.5716035305729,4765.428548441257,0.038471904104092104,1,1.7245931537598207,0.05347957332039345,0.31977151469075904,0.2409115094353558,0.7533863973729297,0.3014217519247405,0.31868512726380716,0.12031060409272874,2024-03-09,mateusz gamrot,rafael dos anjos,0.7996266095598522,0.7996266095598522,0.2003733904401478,1,1.0,1,-192.0,160.0,0.4445125491945362,2.6,1.5208333333333337,0.2345594595235576,0.0182505690586025,0.0238990621321243,0.0183207744122606,0.0372347811432948,0.0098364798404817,0.0188716541308099,-500.0,350.0,-450.0,375.0,75.0,65.38461538461539,4,26,3,17,1,9,75.0,3,1
222,163.00341201839097,0.03831659876076663,0.9090909090909087,0.13569204599987306,0.0350135352882691,1.9090909090909087,-404.67513829248287,-1.0,0.03483327160069692,-0.08647769287554076,0.018355780815438566,490.5716035305729,4765.428548441257,0.038471904104092104,1,1.7245931537598207,0.02496809562517692,0.31977151469075904,0.2409115094353558,0.7533863973729297,0.14148604040272988,0.1990317262475972,0.12031060409272874,2024-03-09,curtis blaydes,jailton almeida,0.5948863098094574,0.5948863098094574,0.4051136901905425,1,1.0,1,-110.0,-120.0,0.20753029887484312,1.8333333333333333,1.9090909090909087,0.2345594595235576,0.0350135352882691,0.0342505339758,0.0419785626092642,0.0376630501333938,0.0031447684605442,0.0028612375454619,105.0,-145.0,122.0,-125.0,78.57142857142857,100.0,14,3,11,3,3,0,78.57142857142857,11,3
223,0.0,0.0,0.0,-0.13584071626495398,0.0263895562040242,1.4,868.2811159771287,2.0151679306608883,0.0,0.18220420412370641,0.20328876014999891,100.47694521890344,5734.186609637289,0.0384719041040921,1,1.1763546720680824,0.0,0.09786365444515474,0.030756073228769828,0.31427472643591403,0.0,0.0,0.3931173868604378,2024-03-16,natan levy,mike davis,0.6172566312393186,0.3827433687606813,0.6172566312393186,0,0.0,0,205.0,-250.0,0.0,1.4,3.05,0.056909595994570294,0.0251555439097192,0.0169990228350114,0.0339755937071284,0.0167490439740309,0.0217756895668307,0.0111190472752744,360.0,-500.0,380.0,-470.0,100.0,100.0,1,2,1,2,0,0,100.0,2,0
224,165.02555441771895,0.039824201674884534,0.869565217391304,0.08574041474779803,0.0263895562040242,1.869565217391304,868.2811159771287,2.0151679306608883,0.034629740586856105,0.18220420412370641,0.20328876014999891,100.47694521890344,5734.186609637289,0.0384719041040921,1,1.1763546720680824,0.05565222881334185,0.09786365444515474,0.030756073228769828,0.31427472643591403,0.09153390180756456,0.13260622576228515,0.3931173868604378,2024-03-16,jaqueline amorim,cory mckenna,0.5807448730046363,0.5807448730046363,0.4192551269953637,1,1.0,1,-115.0,-105.0,0.14156643962710094,1.9523809523809523,1.869565217391304,0.056909595994570294,0.0232792664320201,0.0237995764494319,0.0413357875817744,0.033624340009932,0.0061736612443514,0.005164207236374,128.0,-175.0,145.0,-152.0,0.0,66.66666666666666,0,3,0,2,0,1,0.0,0,0
225,162.14180331231262,0.040829520786418654,0.8333333333333333,0.0821703482063128,0.0263895562040242,1.8333333333333333,868.2811159771287,2.0151679306608883,0.034024600655348874,0.18220420412370641,0.20328876014999891,100.47694521890344,5734.186609637289,0.0384719041040921,1,1.1763546720680824,0.055281946055953005,0.09786365444515474,0.030756073228769828,0.31427472643591403,0.08955700187377358,0.12902582710525895,0.3931173868604378,2024-03-16,jafel filho,ode osbourne,0.5902747353852615,0.5902747353852615,0.4097252646147384,1,1.0,1,-120.0,100.0,0.1406245256600133,2.0,1.8333333333333333,0.056909595994570294,0.0222254993026449,0.0232290461519004,0.0416666264013282,0.0537973865586347,-0.002609289886697,-0.0032182159408086,-198.0,132.0,-160.0,164.0,0.0,50.0,0,4,0,2,0,2,0.0,0,0
226,164.50446982124836,0.04487651185905911,0.7692307692307692,0.20770102126841827,0.0263895562040242,1.7692307692307692,868.2811159771287,2.0151679306608883,0.03452039373773777,0.18220420412370641,0.20328876014999891,100.47694521890344,5734.186609637289,0.0384719041040921,1,1.1763546720680824,0.11865444179446592,0.09786365444515474,0.030756073228769828,0.31427472643591403,0.23709026098027738,0.26441535124063736,0.3931173868604378,2024-03-16,gerald meerschaert,bryan barberena,0.6826136207169321,0.6826136207169321,0.3173863792830679,1,1.0,1,-130.0,110.0,0.3018295444576455,2.1,1.7692307692307692,0.056909595994570294,0.0198146558599141,0.0215932116349099,0.0297615367408775,0.0460636193697379,0.0036195154374515,0.0052931405340279,-280.0,195.0,-240.0,230.0,52.94117647058824,66.66666666666666,17,15,9,10,8,5,52.94117647058824,9,8
227,0.0,0.0,0.0,-0.06677372029793743,0.0263895562040242,1.704225352112676,868.2811159771287,2.0151679306608883,0.0,0.18220420412370641,0.20328876014999891,100.47694521890344,5734.186609637289,0.0384719041040921,1,1.1763546720680824,0.0,0.09786365444515474,0.030756073228769828,0.31427472643591403,0.0,0.0,0.3931173868604378,2024-03-16,josiane nunes,chelsea chandler,0.5475955856103012,0.4524044143896988,0.5475955856103012,0,0.0,0,120.0,-142.0,0.0,1.704225352112676,2.2,0.056909595994570294,0.0219819935623222,0.0193403204872646,0.0421183708324365,0.0514162533881081,0.0039141757289713,0.0045892256315728,-177.0,120.0,-145.0,140.0,100.0,0.0,1,0,1,0,0,0,0.0,0,0
228,-200.59006911189155,0.0420927660698015,-1.0,0.07486486635989203,0.0263895562040242,1.7692307692307692,868.2811159771287,2.0151679306608883,-0.0420927660698015,0.18220420412370641,0.20328876014999891,100.47694521890344,5734.186609637289,0.0384719041040921,1,1.1763546720680824,0.060502694077079866,0.09786365444515474,0.030756073228769828,0.31427472643591403,0.08457083735756761,0.13624164670323693,0.3931173868604378,2024-03-16,tai tuivasa,marcin tybura,0.6075323157686346,0.6075323157686346,0.3924676842313653,1,0.0,1,-130.0,102.0,0.15390490499612314,2.02,1.7692307692307692,0.056909595994570294,0.0290750434156238,0.0311918528392191,0.031914850088227,0.0327704645970875,0.0161018996630522,0.0166083807107795,-120.0,-108.0,-114.0,100.0,80.0,69.23076923076923,10,13,8,9,2,4,80.0,8,2
229,0.0,0.029272634906377524,0.0,-0.032756314216051796,0.0263895562040242,1.7246376811594204,868.2811159771287,2.0151679306608883,0.0,0.18220420412370641,0.20328876014999891,100.47694521890344,5734.186609637289,0.0384719041040921,1,1.1763546720680824,0.011507581740914768,0.09786365444515474,0.030756073228769828,0.31427472643591403,-0.038108272654771756,0.025161560997832403,0.3931173868604378,2024-03-16,pannie kianzad,macy chiasson,0.5608387757906926,0.4391612242093073,0.5608387757906926,0,0.0,0,105.0,-138.0,0.029272634906377524,1.7246376811594204,2.05,0.056909595994570294,0.0354005882336351,0.0322362225882545,0.0473066042538332,0.0308543152863964,0.0115139753511245,0.0080363667798626,190.0,-275.0,210.0,-230.0,50.0,57.14285714285714,4,7,2,4,2,3,57.14285714285714,4,3
230,152.82888914853527,0.04553987545609199,0.704225352112676,0.11076402442846134,0.0263895562040242,1.704225352112676,868.2811159771287,2.0151679306608883,0.0320703348282338,0.18220420412370641,0.20328876014999891,100.47694521890344,5734.186609637289,0.0384719041040921,1,1.1763546720680824,0.07664354216396191,0.09786365444515474,0.030756073228769828,0.31427472643591403,0.13118820870169928,0.16461038864920335,0.3931173868604378,2024-03-16,christian rodriguez,isaac dulgarian,0.6517706259043038,0.6517706259043038,0.3482293740956962,1,1.0,1,-142.0,120.0,0.19496350129934967,2.2,1.704225352112676,0.056909595994570294,0.0193403204872646,0.0219819935623222,0.0475033563155244,0.035036326224158,0.0056345391289803,0.0042860957916545,150.0,-215.0,180.0,-188.0,0.0,0.0,0,0,0,0,0,0,0.0,0,0
231,-343.4337023690201,0.07206774771208252,-1.0,0.04336360088550811,0.0263895562040242,1.2857142857142856,868.2811159771287,2.0151679306608883,-0.07206774771208252,0.18220420412370641,0.20328876014999891,100.47694521890344,5734.186609637289,0.0384719041040921,1,1.1763546720680824,0.0950596950703124,0.09786365444515474,0.030756073228769828,0.31427472643591403,0.07802178520275893,0.13439515732117738,0.3931173868604378,2024-03-16,ovince st preux,kennedy nzechukwu,0.8115050229109508,0.1884949770890492,0.8115050229109508,0,1.0,0,240.0,-350.0,0.24180994849780055,1.2857142857142856,3.4,0.056909595994570294,0.0455058686325771,0.0263895562040242,0.0411312783846528,0.0170976822833321,0.0160433703410334,0.0073159177568531,455.0,-720.0,520.0,-625.0,62.5,100.0,24,5,15,5,9,0,100.0,5,0
232,207.12138997715394,0.037926470532107084,0.9523809523809523,0.10539878088497745,0.0197703920738484,1.9523809523809523,-524.7006000246001,-1.0,0.03612044812581627,-0.09150392823678782,-0.07682710524548393,84.15964186875146,5293.64565148144,0.0384719041040921,1,0.693121693121693,0.06952395630847899,0.08413310824288485,0.020405688983923406,0.24254053380524093,0.10772598871260297,0.14875543051275733,0.4572742515708217,2024-03-23,miles johns,cody gibson,0.5661798633801104,0.5661798633801104,0.4338201366198896,1,1.0,1,-105.0,-115.0,0.1520399542936243,1.869565217391304,1.9523809523809523,0.02772968679715363,0.0237995764494319,0.0232792664320201,0.0356521067558167,0.0405383694346594,0.0097248284201562,0.0109908024649661,-150.0,110.0,-136.0,125.0,50.0,0.0,4,3,2,0,2,3,50.0,2,2
233,0.0,0.0,0.0,-0.18197552213289508,0.0197703920738484,1.5494505494505495,-524.7006000246001,-1.0,0.0,-0.09150392823678782,-0.07682710524548393,84.15964186875146,5293.64565148144,0.0384719041040921,1,0.693121693121693,0.0,0.08413310824288485,0.020405688983923406,0.24254053380524093,0.0,0.0,0.4572742515708217,2024-03-23,amanda ribas,rose namajunas,0.5279448757865712,0.4720551242134287,0.5279448757865712,0,0.0,0,148.0,-182.0,0.0,1.5494505494505495,2.48,0.02772968679715363,0.0272257571530432,0.0213901202205553,0.0365518362890227,0.0261262263890399,0.0163683147761138,0.0119282330450517,170.0,-225.0,185.0,-210.0,66.66666666666666,44.44444444444444,6,9,4,4,2,5,44.44444444444444,4,5
234,0.0,0.05192000322178747,0.0,-0.01227447093358569,0.0197703920738484,1.3448275862068966,-524.7006000246001,-1.0,0.0,-0.09150392823678782,-0.07682710524548393,84.15964186875146,5293.64565148144,0.0384719041040921,1,0.693121693121693,0.023741680614797516,0.08413310824288485,0.020405688983923406,0.24254053380524093,-0.02030746088237217,0.03138209026273215,0.4572742515708217,2024-03-23,karl williams,justin tafa,0.7344625728955388,0.7344625728955388,0.2655374271044611,1,1.0,1,-290.0,215.0,0.05192000322178747,3.15,1.3448275862068966,0.02772968679715363,0.0236688803786396,0.0373811806714214,0.0344432164628334,0.0462019448274892,0.0028338314345205,0.0036596750589859,-210.0,148.0,-180.0,175.0,100.0,60.0,1,5,1,3,0,2,100.0,1,0
235,184.261392440186,0.04338067396972729,0.7407407407407407,0.04780939827625602,0.0197703920738484,1.7407407407407407,-524.7006000246001,-1.0,0.032133832570168365,-0.09150392823678782,-0.07682710524548393,84.15964186875146,5293.64565148144,0.0384719041040921,1,0.693121693121693,0.048530267253937824,0.08413310824288485,0.020405688983923406,0.24254053380524093,0.055174189539144054,0.09196302548197517,0.4572742515708217,2024-03-23,edmen shahbazyan,aj dobson,0.6019330585842322,0.6019330585842322,0.3980669414157678,1,1.0,1,-135.0,114.0,0.10612945532626727,2.14,1.7407407407407407,0.02772968679715363,0.0197976060171143,0.0219601987154369,0.0253063910146558,0.0335171383971089,0.0140896311984247,0.0184412731607164,-200.0,155.0,-190.0,165.0,75.0,100.0,8,1,6,1,2,0,75.0,6,2
236,0.0,0.01152636106069119,0.0,-0.02808864168734493,0.0197703920738484,1.8,-524.7006000246001,-1.0,0.0,-0.09150392823678782,-0.07682710524548393,84.15964186875146,5293.64565148144,0.0384719041040921,1,0.693121693121693,0.005270708127362626,0.08413310824288485,0.020405688983923406,0.24254053380524093,-0.03127249326967655,0.010352862593999,0.4572742515708217,2024-03-23,payton talbott,cameron saaiman,0.5399507546181417,0.5399507546181417,0.4600492453818583,1,1.0,1,-125.0,105.0,0.01152636106069119,2.05,1.8,0.02772968679715363,0.0209693281226405,0.0223911054816955,0.0318698323703832,0.0392764126889053,0.0065726319279209,0.0078898459766267,-175.0,130.0,-154.0,145.0,0.0,0.0,0,0,0,0,0,0,0.0,0,0
237,0.0,0.006348271763193436,0.0,-0.02650598487421768,0.0197703920738484,1.5882352941176472,-524.7006000246001,-1.0,0.0,-0.09150392823678782,-0.07682710524548393,84.15964186875146,5293.64565148144,0.0384719041040921,1,0.693121693121693,0.002902901219282459,0.08413310824288485,0.020405688983923406,0.24254053380524093,-0.03421837906086642,0.004917450795472246,0.4572742515708217,2024-03-23,mohammed usman,mick parkin,0.6129406761903073,0.3870593238096927,0.6129406761903073,0,0.0,0,142.0,-170.0,0.006348271763193436,1.5882352941176472,2.42,0.02772968679715363,0.0236909605473527,0.0191618095781445,0.0314071494114639,0.0277193049085817,0.0143513715720592,0.0128436556229679,114.0,-145.0,120.0,-134.0,0.0,0.0,0,0,0,0,0,0,0.0,0,0
238,0.0,0.02648145458982102,0.0,-0.020014923767008697,0.0197703920738484,1.9523809523809523,-524.7006000246001,-1.0,0.0,-0.09150392823678782,-0.07682710524548393,84.15964186875146,5293.64565148144,0.0384719041040921,1,0.693121693121693,0.012109287328067108,0.08413310824288485,0.020405688983923406,0.24254053380524093,-0.02048574908076857,0.02587282958338789,0.4572742515708217,2024-03-23,kurt holobaugh,trey ogden,0.5019435756315321,0.4980564243684678,0.5019435756315321,0,0.0,0,-115.0,-105.0,0.02648145458982102,1.9523809523809523,1.869565217391304,0.02772968679715363,0.0232792664320201,0.0237995764494319,0.0477321304259877,0.0424639480053847,-5.0071058410594566e-14,5.018208071305708e-14,104.0,-150.0,125.0,-125.0,100.0,100.0,2,1,2,1,0,0,100.0,1,0
239,-307.2231405485885,0.053577457704680746,-1.0,0.16503129614968426,0.0197703920738484,1.5714285714285714,-524.7006000246001,-1.0,-0.053577457704680746,-0.09150392823678782,-0.07682710524548393,84.15964186875146,5293.64565148144,0.0384719041040921,1,0.693121693121693,0.14883252252385107,0.08413310824288485,0.020405688983923406,0.24254053380524093,0.21737414552797282,0.24710385327206974,0.4572742515708217,2024-03-23,ricardo ramos,julian erosa,0.7413835520952536,0.7413835520952536,0.2586164479047463,1,0.0,1,-175.0,145.0,0.32547759252261377,2.45,1.5714285714285714,0.02772968679715363,0.0197703920738484,0.0247565095959103,0.0289737196445595,0.036815754039651,0.013195956174744,0.0164336734548856,-185.0,140.0,-170.0,150.0,71.42857142857143,50.0,7,8,5,4,2,4,71.42857142857143,5,2
240,0.0,0.035572223648954134,0.0,-0.008597860015888248,0.0176336326648498,1.5405405405405406,-530.0773652459399,-1.0,0.0,-0.10013465202333602,-0.12110074190074688,-110.98705050812501,4652.581235727375,0.038471904104092104,1,-0.4791666666666663,0.01385942251385664,0.09874373738325852,0.0262081908537308,0.2654162334569915,-0.011554479386418778,0.02646982085121633,0.3896136111880125,2024-03-30,nate landwehr,jamall emmers,0.6435417399896866,0.3564582600103134,0.6435417399896866,0,1.0,0,154.0,-185.0,0.035572223648954134,1.5405405405405406,2.54,0.003977429702812112,0.0240948213032229,0.0187287731158957,0.2000767443343574,0.0862118258525178,-0.0933335152570593,-0.0734986595195047,140.0,-667.0,375.0,-165.0,40.0,0.0,5,1,2,0,3,1,0.0,0,1
241,0.0,0.0,0.0,-0.07970891367551688,0.0176336326648498,1.1785714285714286,-530.0773652459399,-1.0,0.0,-0.10013465202333602,-0.12110074190074688,-110.98705050812501,4652.581235727375,0.038471904104092104,1,-0.4791666666666663,0.0,0.09874373738325852,0.0262081908537308,0.2654162334569915,0.0,0.0,0.3896136111880125,2024-03-30,julio arce,herbert burns,0.7808530429419857,0.7808530429419857,0.2191469570580143,1,1.0,1,-560.0,410.0,0.0,5.1,1.1785714285714286,0.003977429702812112,0.0142495272616202,0.0303137525957772,0.0411894626643953,0.0987027111260836,-0.0062476934958605,-0.010498717987393,-667.0,270.0,-340.0,375.0,85.71428571428571,33.33333333333333,7,3,6,1,1,2,85.71428571428571,6,1
242,0.0,0.0,0.0,-0.14073770373429145,0.0176336326648498,1.4878048780487805,-530.0773652459399,-1.0,0.0,-0.10013465202333602,-0.12110074190074688,-110.98705050812501,4652.581235727375,0.038471904104092104,1,-0.4791666666666663,0.0,0.09874373738325852,0.0262081908537308,0.2654162334569915,0.0,0.0,0.3896136111880125,2024-03-30,chidi njokuani,rhys mckee,0.5775369532277713,0.5775369532277713,0.4224630467722287,1,1.0,1,-205.0,170.0,0.0,2.7,1.4878048780487805,0.003977429702812112,0.018086396502818,0.0244151214085358,0.1041634055743911,0.2927323815652983,-0.1255456184613709,-0.1449857825048127,-1000.0,105.0,-125.0,475.0,50.0,100.0,2,1,1,1,1,0,50.0,1,1
243,-254.51113089778772,0.04807861116026196,-1.0,0.21973591840350182,0.0176336326648498,1.704225352112676,-530.0773652459399,-1.0,-0.04807861116026196,-0.10013465202333602,-0.12110074190074688,-110.98705050812501,4652.581235727375,0.038471904104092104,1,-0.4791666666666663,0.13355370768748642,0.09874373738325852,0.0262081908537308,0.2654162334569915,0.2625608073056692,0.2868751849656396,0.3896136111880125,2024-03-30,erin blanchfield,manon fiorot,0.7157128116251953,0.7157128116251953,0.2842871883748047,1,0.0,1,-142.0,120.0,0.34278501533930894,2.2,1.704225352112676,0.003977429702812112,0.0193403204872646,0.0219819935623222,0.493501315860143,0.1444142277157778,-0.2553621545640944,-0.2624949882930483,-218.0,-2000.0,700.0,180.0,100.0,100.0,4,1,4,1,0,0,100.0,4,0
244,143.5240803896627,0.05205604086307407,0.5208333333333337,0.032803636326013075,0.0176336326648498,1.5208333333333337,-530.0773652459399,-1.0,0.0271125212828511,-0.10013465202333602,-0.12110074190074688,-110.98705050812501,4652.581235727375,0.038471904104092104,1,-0.4791666666666663,0.043010103804024945,0.09874373738325852,0.0262081908537308,0.2654162334569915,0.04487137540977389,0.08070286947042046,0.3896136111880125,2024-03-30,andre petroski,jacob malkoun,0.6791037608718988,0.3208962391281011,0.6791037608718988,0,0.0,0,160.0,-192.0,0.11039168696616691,1.5208333333333337,2.6,0.003977429702812112,0.0238990621321243,0.0182505690586025,0.0352098778312131,0.0239034226613976,0.0118345224887278,0.0083420222779808,190.0,-250.0,205.0,-225.0,50.0,33.33333333333333,2,3,1,1,1,2,33.33333333333333,1,2
245,0.0,0.0,0.0,-0.12057256681678358,0.0176336326648498,1.3355704697986577,-530.0773652459399,-1.0,0.0,-0.10013465202333602,-0.12110074190074688,-110.98705050812501,4652.581235727375,0.038471904104092104,1,-0.4791666666666663,0.0,0.09874373738325852,0.0262081908537308,0.2654162334569915,0.0,0.0,0.3896136111880125,2024-03-30,nursulton ruziboev,sedriques dumas,0.6584657665542676,0.6584657665542676,0.3415342334457324,1,1.0,1,-298.0,240.0,0.0,3.4,1.3355704697986577,0.003977429702812112,0.0164642876034875,0.0263970780483009,0.0691640474971022,0.16409421965947,-0.042433629601146,-0.0595400546093802,-667.0,175.0,-220.0,375.0,0.0,0.0,0,0,0,0,0,0,0.0,0,0
246,0.0,0.0,0.0,-0.047757347598308575,0.0176336326648498,1.5555555555555556,-530.0773652459399,-1.0,0.0,-0.10013465202333602,-0.12110074190074688,-110.98705050812501,4652.581235727375,0.038471904104092104,1,-0.4791666666666663,0.0,0.09874373738325852,0.0262081908537308,0.2654162334569915,0.0,0.0,0.3896136111880125,2024-03-30,bill algeo,kyle nelson,0.6121559908296588,0.6121559908296588,0.3878440091703412,1,0.0,1,-180.0,150.0,0.0,2.5,1.5555555555555556,0.003977429702812112,0.0188793207747618,0.023977822082381,0.0590187011026709,0.095042923547189,-0.0102627977494976,-0.0145819227473967,-320.0,155.0,-222.0,250.0,60.0,100.0,5,4,3,4,2,0,60.0,3,2
247,0.0,0.0,0.0,-0.18139623230830376,0.0176336326648498,1.617283950617284,-530.0773652459399,-1.0,0.0,-0.10013465202333602,-0.12110074190074688,-110.98705050812501,4652.581235727375,0.038471904104092104,1,-0.4791666666666663,0.0,0.09874373738325852,0.0262081908537308,0.2654162334569915,0.0,0.0,0.3896136111880125,2024-03-30,vicente luque,joaquin buckley,0.5061595815498274,0.5061595815498274,0.4938404184501725,1,0.0,1,-162.0,136.0,0.0,2.3600000000000003,1.617283950617284,0.003977429702812112,0.0190342109773964,0.0230152132689483,0.0495402552875916,0.0546231008223718,-0.0019197331954108,-0.0021021458264682,-148.0,-103.0,-122.0,124.0,71.42857142857143,62.5,14,8,10,5,4,3,71.42857142857143,10,4
248,0.0,0.0,0.0,-0.13584251615738235,0.0176336326648498,1.4081632653061225,-530.0773652459399,-1.0,0.0,-0.10013465202333602,-0.12110074190074688,-110.98705050812501,4652.581235727375,0.038471904104092104,1,-0.4791666666666663,0.0,0.09874373738325852,0.0262081908537308,0.2654162334569915,0.0,0.0,0.3896136111880125,2024-03-30,chris weidman,bruno silva,0.6136770537433082,0.3863229462566918,0.6136770537433082,0,1.0,0,200.0,-245.0,0.0,1.4081632653061225,3.0,0.003977429702812112,0.0258446282047153,0.0176336326648498,0.0669456582371837,0.050376632998151,0.0037745585963693,0.0029594481376373,130.0,-215.0,170.0,-175.0,71.42857142857143,42.857142857142854,14,7,10,3,4,4,42.857142857142854,3,4
249,121.08243900541349,0.07234890985894304,0.3597122302158271,0.1321632674908959,0.0318698323703832,1.359712230215827,650.7510892390159,1.136690647482014,0.026024787719044245,0.13986882899364975,0.11992397320443311,-92.7950617941978,5210.537263172193,0.0384719041040921,1,-0.7052228347192377,0.13590734106104957,0.11475598057463529,0.03116374244914038,0.2715653013733086,0.21880250365896506,0.2448685687165628,0.33524966552022656,2024-04-06,brendan allen,chris curtis,0.8326491755620876,0.8326491755620876,0.1673508244379123,1,1.0,1,-278.0,225.0,0.40539142925065763,3.25,1.359712230215827,0.08743741530167011,0.0168967792200803,0.0262452639219628,0.0316294610237879,0.0462926168982899,0.0093673137934979,0.0128796272521081,-250.0,175.0,-210.0,190.0,50.0,40.0,8,5,4,2,4,3,50.0,4,4
250,0.0,0.03955430989743179,0.0,-0.023813632242538685,0.0318698323703832,1.5319148936170213,650.7510892390159,1.136690647482014,0.0,0.13986882899364975,0.11992397320443311,-92.7950617941978,5210.537263172193,0.0384719041040921,1,-0.7052228347192377,0.013260569162997395,0.11475598057463529,0.03116374244914038,0.2715653013733086,-0.03202236026875714,0.02941481457329839,0.33524966552022656,2024-04-06,alexander hernandez,damon jackson,0.6372327678416762,0.6372327678416762,0.3627672321583238,1,0.0,1,-188.0,140.0,0.03955430989743179,2.4,1.5319148936170213,0.08743741530167011,0.0304849567433922,0.0389594877010522,0.0269168059929674,0.0352453561691946,0.0088508769065202,0.0113647565166603,-196.0,150.0,-180.0,165.0,66.66666666666666,33.33333333333333,6,6,4,2,2,4,66.66666666666666,4,2
251,-175.82360678910797,0.037790550638632764,-1.0,0.04491115551521291,0.0318698323703832,1.9090909090909087,650.7510892390159,1.136690647482014,-0.037790550638632764,0.13986882899364975,0.11992397320443311,-92.7950617941978,5210.537263172193,0.0384719041040921,1,-0.7052228347192377,0.038389737535790086,0.11475598057463529,0.03116374244914038,0.2715653013733086,0.046826220200276464,0.10982770683332867,0.33524966552022656,2024-04-06,morgan charriere,chepe mariscal,0.547334414793683,0.547334414793683,0.4526655852063169,1,0.0,1,-110.0,-120.0,0.11451088989520238,1.8333333333333333,1.9090909090909087,0.08743741530167011,0.0350135352882691,0.0342505339758,0.0398651767730872,0.0447138948240805,0.0027409814361623,0.0030556719626088,-148.0,105.0,-129.0,126.0,0.0,0.0,0,0,0,0,0,0,0.0,0,0
252,0.0,0.0,0.0,-0.13691687728643587,0.0318698323703832,1.5208333333333337,650.7510892390159,1.136690647482014,0.0,0.13986882899364975,0.11992397320443311,-92.7950617941978,5210.537263172193,0.0384719041040921,1,-0.7052228347192377,0.0,0.11475598057463529,0.03116374244914038,0.2715653013733086,0.0,0.0,0.33524966552022656,2024-04-06,trevor peek,charlie campbell,0.5675067108253571,0.4324932891746429,0.5675067108253571,0,0.0,0,160.0,-192.0,0.0,1.5208333333333337,2.6,0.08743741530167011,0.0238990621321243,0.0182505690586025,0.044482386329139,0.0363256944789416,0.0044366554026268,0.0037266099034956,125.0,-175.0,145.0,-150.0,0.0,0.0,0,0,0,0,0,0,0.0,0,0
253,104.56203214130956,0.06180345357121892,0.36363636363636376,0.02544893900642825,0.0318698323703832,1.3636363636363638,650.7510892390159,1.136690647482014,0.022473983116806887,0.13986882899364975,0.11992397320443311,-92.7950617941978,5210.537263172193,0.0384719041040921,1,-0.7052228347192377,0.05141922382078618,0.11475598057463529,0.03116374244914038,0.2715653013733086,0.040939841429528695,0.09534121629720137,0.33524966552022656,2024-04-06,ignacio bahamondes,christos giagos,0.751995888604714,0.751995888604714,0.248004111395286,1,1.0,1,-275.0,200.0,0.1533759138610801,3.0,1.3636363636363638,0.08743741530167011,0.0262663073127574,0.040400359353909,0.0279281031220234,0.0487982395889739,0.0050443462470817,0.0081135484897602,-360.0,240.0,-300.0,280.0,100.0,66.66666666666666,2,9,2,6,0,3,100.0,2,0
254,-277.40851528557556,0.05962464731520288,-1.0,0.02726893180342682,0.0318698323703832,1.4,650.7510892390159,1.136690647482014,-0.05962464731520288,0.13986882899364975,0.11992397320443311,-92.7950617941978,5210.537263172193,0.0384719041040921,1,-0.7052228347192377,0.04039744912365834,0.11475598057463529,0.03116374244914038,0.2715653013733086,0.04236677131165972,0.07755831169820736,0.33524966552022656,2024-04-06,melissa mullins,nora cornolle,0.7337635227167335,0.7337635227167335,0.2662364772832665,1,0.0,1,-250.0,205.0,0.12049959561024842,3.05,1.4,0.08743741530167011,0.0169990228350114,0.0251555439097192,0.0234985988994331,0.0431680677672335,0.0079721434521814,0.0137080733499867,-400.0,275.0,-350.0,310.0,0.0,0.0,0,0,0,0,0,0,0.0,0,0
255,134.79258913376268,0.050700249825343796,0.5714285714285714,0.11371048808267675,0.0318698323703832,1.5714285714285714,650.7510892390159,1.136690647482014,0.028971571328767882,0.13986882899364975,0.11992397320443311,-92.7950617941978,5210.537263172193,0.0384719041040921,1,-0.7052228347192377,0.08835114517175713,0.11475598057463529,0.03116374244914038,0.2715653013733086,0.14782494184598452,0.20272001825688868,0.33524966552022656,2024-04-06,norma dumont,germaine de randamie,0.7087248560526125,0.7087248560526125,0.2912751439473875,1,1.0,1,-175.0,130.0,0.2635383544220916,2.3,1.5714285714285714,0.08743741530167011,0.0318698323703832,0.0392764126889053,0.0447238463906429,0.0457154300951451,1.1102230246251564e-14,-1.1046719095020308e-14,-125.0,-115.0,-105.0,105.0,20.0,83.33333333333334,5,6,1,5,4,1,20.0,1,4
256,0.0,0.0,0.0,-0.11383374561429699,0.0232290461519004,1.5882352941176472,-421.8874938617874,-1.0,0.0,-0.08096813678767184,-0.04367602487012634,194.31193876875864,4982.961708079164,0.038471904104092104,1,1.2590219069092308,0.0,0.09193439737574974,0.029348282124556865,0.31923070104659534,0.0,0.0,0.4184712708438348,2024-04-13,jiri prochazka,aleksandar rakic,0.5579565305391463,0.4420434694608537,0.5579565305391463,0,1.0,0,142.0,-170.0,0.0,1.5882352941176472,2.42,0.13258359743235548,0.0236909605473527,0.0191618095781445,0.0559391115498085,0.0547328252090848,-0.0071040221477605,-0.0069015800931359,-120.0,-130.0,110.0,-104.0,50.0,57.14285714285714,2,7,1,4,1,3,57.14285714285714,4,3
257,169.17571846913484,0.04610455853067231,0.704225352112676,0.1404062123521888,0.0232290461519004,1.704225352112676,-421.8874938617874,-1.0,0.03246799896526219,-0.08096813678767184,-0.04367602487012634,194.31193876875864,4982.961708079164,0.038471904104092104,1,1.2590219069092308,0.09841332800410954,0.09193439737574974,0.029348282124556865,0.31923070104659534,0.16655345578521083,0.19825353787728617,0.4184712708438348,2024-04-13,calvin kattar,aljamain sterling,0.6691639758430199,0.33083602415698,0.6691639758430199,0,0.0,0,120.0,-142.0,0.23517343927974318,1.704225352112676,2.2,0.13258359743235548,0.0219819935623222,0.0193403204872646,0.0472150026586399,0.0361183306746932,0.003894829625118,0.0030932905705493,140.0,-200.0,165.0,-170.0,77.77777777777779,76.47058823529412,9,17,7,13,2,4,76.47058823529412,13,4
258,145.73020376614804,0.04894463732047033,0.5714285714285714,0.006197739860297591,0.0232290461519004,1.5714285714285714,-421.8874938617874,-1.0,0.027968364183125906,-0.08096813678767184,-0.04367602487012634,194.31193876875864,4982.961708079164,0.038471904104092104,1,1.2590219069092308,0.025883212674640353,0.09193439737574974,0.029348282124556865,0.31923070104659534,0.008102753540293097,0.04731003258435619,0.4184712708438348,2024-04-13,jessica andrade,marina rodriguez,0.6403076526383712,0.6403076526383712,0.3596923473616288,1,1.0,1,-175.0,145.0,0.06185182706198117,2.45,1.5714285714285714,0.13258359743235548,0.0197703920738484,0.0247565095959103,0.0352142395505403,0.0419727244288765,0.0032766908230941,0.003785456069561,-165.0,120.0,-140.0,136.0,70.58823529411765,42.857142857142854,17,7,12,3,5,4,70.58823529411765,12,5
259,0.0,0.014985774201635684,0.0,-0.03205888097604076,0.0232290461519004,1.5555555555555556,-421.8874938617874,-1.0,0.0,-0.08096813678767184,-0.04367602487012634,194.31193876875864,4982.961708079164,0.038471904104092104,1,1.2590219069092308,0.006271115974737239,0.09193439737574974,0.029348282124556865,0.31923070104659534,-0.042365191361393086,0.011340138826845201,0.4184712708438348,2024-04-13,sodiq yusuff,diego lopes,0.6222478622296881,0.3777521377703118,0.6222478622296881,0,0.0,0,140.0,-180.0,0.014985774201635684,1.5555555555555556,2.4,0.13258359743235548,0.0331674969321992,0.0263563125916101,0.047551772529451,0.0402060159742787,-0.0047378872667526,-0.0041273609601977,115.0,-165.0,140.0,-135.0,100.0,0.0,5,0,5,0,0,0,0.0,0,0
260,-227.7988978451715,0.043718888540581466,-1.0,0.1450318561983256,0.0232290461519004,1.7692307692307692,-421.8874938617874,-1.0,-0.043718888540581466,-0.08096813678767184,-0.04367602487012634,194.31193876875864,4982.961708079164,0.038471904104092104,1,1.2590219069092308,0.09370018740754517,0.09193439737574974,0.029348282124556865,0.31923070104659534,0.16478980342957203,0.19706426655355871,0.4184712708438348,2024-04-13,jalin turner,renato moicano,0.6471919187207927,0.6471919187207927,0.3528080812792072,1,0.0,1,-130.0,110.0,0.22391068141571951,2.1,1.7692307692307692,0.13258359743235548,0.0198146558599141,0.0215932116349099,0.0359115607413974,0.0558982747281054,1.5698553568199713e-13,-1.571520691356909e-13,-286.0,185.0,-225.0,225.0,66.66666666666666,50.0,6,12,4,6,2,6,66.66666666666666,4,2
261,-352.154775444853,0.06758511793665975,-1.0,0.0873206299307841,0.0232290461519004,1.359712230215827,-421.8874938617874,-1.0,-0.06758511793665975,-0.08096813678767184,-0.04367602487012634,194.31193876875864,4982.961708079164,0.038471904104092104,1,1.2590219069092308,0.1206088850295408,0.09193439737574974,0.029348282124556865,0.31923070104659534,0.14335484570424564,0.17555699448697545,0.4184712708438348,2024-04-13,justin gaethje,max holloway,0.799669669631635,0.799669669631635,0.200330330368365,1,0.0,1,-278.0,225.0,0.28821305889490717,3.25,1.359712230215827,0.13258359743235548,0.0168967792200803,0.0262452639219628,0.0464033330574505,0.0590580605395361,-0.0069767724048511,-0.0084078429797641,-195.0,125.0,-150.0,160.0,40.0,86.95652173913044,10,23,4,20,6,3,40.0,4,6
262,106.688280524858,0.06654532809054202,0.3076923076923077,0.0024336449039036867,0.0232290461519004,1.3076923076923077,-421.8874938617874,-1.0,0.020475485566320624,-0.08096813678767184,-0.04367602487012634,194.31193876875864,4982.961708079164,0.038471904104092104,1,1.2590219069092308,0.02962856643379286,0.09193439737574974,0.029348282124556865,0.31923070104659534,0.004288373465567098,0.04017996932681752,0.4184712708438348,2024-04-13,zhang weili,yan xiaonan,0.7665669049265146,0.7665669049265146,0.2334330950734854,1,1.0,1,-325.0,260.0,0.07080191281482177,3.6,1.3076923076923077,0.13258359743235548,0.0159258302766661,0.0265578298540526,0.0240411371388507,0.0532535488514874,0.0029240086974625,0.0055750564053761,-590.0,350.0,-455.0,430.0,100.0,40.0,3,5,3,2,0,3,100.0,3,0
263,0.0,0.0,0.0,-0.09108007709683091,0.0232290461519004,1.6134969325153374,-421.8874938617874,-1.0,0.0,-0.08096813678767184,-0.04367602487012634,194.31193876875864,4982.961708079164,0.038471904104092104,1,1.2590219069092308,0.0,0.09193439737574974,0.029348282124556865,0.31923070104659534,0.0,0.0,0.4184712708438348,2024-04-13,alex pereira,jamahal hill,0.5633229940426485,0.5633229940426485,0.4366770059573515,1,1.0,1,-163.0,130.0,0.0,2.3,1.6134969325153374,0.13258359743235548,0.0247612869285928,0.0297931848849301,0.0391052434963937,0.0449283699489844,0.0045666922716053,0.005095143477187,-155.0,110.0,-130.0,125.0,33.33333333333333,66.66666666666666,3,6,1,4,2,2,33.33333333333333,1,2
264,158.5828132820264,0.04504383172082169,0.6756756756756757,0.009636462616223473,0.0232290461519004,1.6756756756756757,-421.8874938617874,-1.0,0.030435021432987628,-0.08096813678767184,-0.04367602487012634,194.31193876875864,4982.961708079164,0.038471904104092104,1,1.2590219069092308,0.025483209759196507,0.09193439737574974,0.029348282124556865,0.31923070104659534,0.011624931580132744,0.05047957811318779,0.4184712708438348,2024-04-13,deiveson figueiredo,cody garbrandt,0.602524985754843,0.602524985754843,0.3974750142451569,1,1.0,1,-148.0,124.0,0.060895959973095354,2.24,1.6756756756756757,0.13258359743235548,0.0200233728765578,0.0231793921004005,0.0277023560103685,0.0496785963705838,0.0074856184034898,0.0126293241252458,-380.0,250.0,-335.0,300.0,36.36363636363637,63.63636363636363,11,11,4,7,7,4,36.36363636363637,4,7
265,194.08859601661584,0.03724924824709037,1.0,0.16742156966351596,0.0232290461519004,2.0,-421.8874938617874,-1.0,0.03724924824709037,-0.08096813678767184,-0.04367602487012634,194.31193876875864,4982.961708079164,0.038471904104092104,1,1.2590219069092308,0.08552898067238521,0.09193439737574974,0.029348282124556865,0.31923070104659534,0.16742694991279045,0.20437778687693803,0.4184712708438348,2024-04-13,charles oliveira,arman tsarukyan,0.583710784831758,0.4162892151682421,0.583710784831758,0,0.0,0,-120.0,100.0,0.2043843547489379,2.0,1.8333333333333333,0.13258359743235548,0.0222254993026449,0.0232290461519004,0.0460939263559275,0.0335629363891705,0.0033443979650807,0.0025001373943581,155.0,-220.0,190.0,-195.0,80.0,85.71428571428571,25,7,20,6,5,1,85.71428571428571,6,1
266,0.0,0.0,0.0,-0.07477957384912032,0.0190342109773964,1.3076923076923077,637.6642152612601,1.020408163265306,0.0,0.1279689174065653,0.08864831302077614,-195.93306599291702,5424.692857347507,0.038471904104092104,1,-1.1570541259982254,0.0,0.09231934655699847,0.022786327151042087,0.2468207152763336,0.0,0.0,0.4167263476062337,2024-04-27,marnic mann,ketlen souza,0.7075215023506727,0.2924784976493272,0.7075215023506727,0,0.0,0,260.0,-325.0,0.0,1.3076923076923077,3.6,0.03331133207609227,0.0265578298540526,0.0159258302766661,0.0555138125575491,0.0302004731567365,0.0071018464476548,0.0042424530418517,250.0,-400.0,310.0,-330.0,0.0,0.0,0,0,0,0,0,0,0.0,0,0
267,133.57835703667078,0.06567720041059648,0.40816326530612246,0.13058117084499543,0.0190342109773964,1.4081632653061225,637.6642152612601,1.020408163265306,0.026807020575753664,0.1279689174065653,0.08864831302077614,-195.93306599291702,5424.692857347507,0.038471904104092104,1,-1.1570541259982254,0.1495732404240969,0.09231934655699847,0.022786327151042087,0.2468207152763336,0.20266258466949935,0.23126500696669483,0.4167263476062337,2024-04-27,gabriel benitez,maheshate,0.8028764836435475,0.1971235163564525,0.8028764836435475,0,0.0,0,200.0,-245.0,0.35892436675357325,1.4081632653061225,3.0,0.03331133207609227,0.0258446282047153,0.0176336326648498,0.0537938673115818,0.0358698935850557,0.0087372325093323,0.0061511049596503,175.0,-265.0,210.0,-225.0,58.333333333333336,0.0,12,1,7,0,5,1,0.0,0,1
268,0.0,0.0,0.0,-0.0902814243959063,0.0190342109773964,1.5405405405405406,637.6642152612601,1.020408163265306,0.0,0.1279689174065653,0.08864831302077614,-195.93306599291702,5424.692857347507,0.038471904104092104,1,-1.1570541259982254,0.0,0.09231934655699847,0.022786327151042087,0.2468207152763336,0.0,0.0,0.4167263476062337,2024-04-27,dontale mayes,caio machado,0.590519075392131,0.590519075392131,0.409480924607869,1,1.0,1,-185.0,154.0,0.0,2.54,1.5405405405405406,0.03331133207609227,0.0187287731158957,0.0240948213032229,0.0542757467822744,0.0497561098628226,-0.0075990390485324,-0.0070667895707844,-105.0,-145.0,122.0,-115.0,100.0,0.0,4,0,4,0,0,0,100.0,4,0
269,129.41041574617026,0.05973233864783755,0.4347826086956521,0.08213293657341147,0.0190342109773964,1.434782608695652,637.6642152612601,1.020408163265306,0.025970582020798928,0.1279689174065653,0.08864831302077614,-195.93306599291702,5424.692857347507,0.038471904104092104,1,-1.1570541259982254,0.09691805422943205,0.09231934655699847,0.022786327151042087,0.2468207152763336,0.12288464316467879,0.15544382160590478,0.4167263476062337,2024-04-27,tim means,uros medic,0.7542138648844989,0.245786135115501,0.7542138648844989,0,0.0,0,190.0,-230.0,0.2325700181573599,1.434782608695652,2.9,0.03331133207609227,0.0245558468550464,0.017241436321547,0.0563284552995652,0.0336940503268413,0.0093577700395637,0.0060862454044519,210.0,-330.0,250.0,-270.0,66.66666666666666,50.0,21,2,14,1,7,1,50.0,1,1
270,0.0,0.0,0.0,-0.18823397758966626,0.0190342109773964,1.1666666666666667,637.6642152612601,1.020408163265306,0.0,0.1279689174065653,0.08864831302077614,-195.93306599291702,5424.692857347507,0.038471904104092104,1,-1.1570541259982254,0.0,0.09231934655699847,0.022786327151042087,0.2468207152763336,0.0,0.0,0.4167263476062337,2024-04-27,rani yahya,victor henry,0.695799447780286,0.304200552219714,0.695799447780286,0,0.0,0,440.0,-600.0,0.0,1.1666666666666667,5.4,0.03331133207609227,0.0290584343395886,0.0132696079884536,0.0581363757924156,0.0283615145029429,0.0074666307041181,0.0042292757286304,295.0,-500.0,350.0,-375.0,75.0,0.0,12,2,9,0,3,2,0.0,0,2
271,0.0,0.0,0.0,-0.0564134074087872,0.0190342109773964,1.5714285714285714,637.6642152612601,1.020408163265306,0.0,0.1279689174065653,0.08864831302077614,-195.93306599291702,5424.692857347507,0.038471904104092104,1,-1.1570541259982254,0.0,0.09231934655699847,0.022786327151042087,0.2468207152763336,0.0,0.0,0.4167263476062337,2024-04-27,matheus nicolau,alex perez,0.6004641952853172,0.6004641952853172,0.3995358047146827,1,0.0,1,-175.0,145.0,0.0,2.45,1.5714285714285714,0.03331133207609227,0.0197703920738484,0.0247565095959103,0.0314687124102657,0.0403703680495044,0.0092525797802403,0.0117264411987806,-190.0,140.0,-175.0,160.0,57.14285714285714,100.0,7,8,4,8,3,0,57.14285714285714,4,3
272,-244.64667365948722,0.04909663930646455,-1.0,0.053321145351132915,0.0190342109773964,1.5882352941176472,637.6642152612601,1.020408163265306,-0.04909663930646455,0.1279689174065653,0.08864831302077614,-195.93306599291702,5424.692857347507,0.038471904104092104,1,-1.1570541259982254,0.05785543636643091,0.09231934655699847,0.022786327151042087,0.2468207152763336,0.06870801544960964,0.10774206097479429,0.4167263476062337,2024-04-27,jonathan pearce,david onama,0.663202202628491,0.663202202628491,0.3367977973715089,1,0.0,1,-170.0,140.0,0.1388331616149664,2.4,1.5882352941176472,0.03331133207609227,0.0207243424765777,0.0255719538197184,0.0410247737237094,0.0498843171853813,0.0037266099034956,0.0044366554026268,-175.0,120.0,-150.0,145.0,33.33333333333333,50.0,3,2,1,1,2,1,33.33333333333333,1,2
273,-214.2751651162708,0.0430015676758772,-1.0,0.042486490115779096,0.0190342109773964,1.7407407407407407,637.6642152612601,1.020408163265306,-0.0430015676758772,0.1279689174065653,0.08864831302077614,-195.93306599291702,5424.692857347507,0.038471904104092104,1,-1.1570541259982254,0.04496162574859281,0.09231934655699847,0.022786327151042087,0.2468207152763336,0.048952360755593956,0.09364147817613773,0.4167263476062337,2024-04-27,austin hubbard,michal figlak,0.5988752177260859,0.4011247822739141,0.5988752177260859,0,1.0,0,110.0,-135.0,0.10789244790223156,1.7407407407407407,2.1,0.03331133207609227,0.0265532308486119,0.0241053304482471,0.0503055588786056,0.0396494636101499,0.004020814170152,0.0032360798791947,130.0,-190.0,160.0,-165.0,100.0,0.0,3,0,3,0,0,0,0.0,0,0
274,0.0,0.005450281327490007,0.0,-0.027251572780891353,0.0190342109773964,1.617283950617284,637.6642152612601,1.020408163265306,0.0,0.1279689174065653,0.08864831302077614,-195.93306599291702,5424.692857347507,0.038471904104092104,1,-1.1570541259982254,0.002271275831031366,0.09231934655699847,0.022786327151042087,0.2468207152763336,-0.034380474812716506,0.004320147964259349,0.4167263476062337,2024-04-27,ryan spann,bogdan guskov,0.6014704015629603,0.6014704015629603,0.3985295984370397,1,0.0,1,-162.0,136.0,0.005450281327490007,2.3600000000000003,1.617283950617284,0.03331133207609227,0.0190342109773964,0.0230152132689483,0.0278740388872247,0.0363687167169306,0.0077428117520073,0.0099034485982031,-195.0,148.0,-178.0,165.0,75.0,0.0,8,0,6,0,2,0,75.0,6,2
275,0.0,0.0,0.0,-0.06822750953131063,0.0179466280570474,1.7692307692307692,-567.0904324674984,-1.0,0.0,-0.10453871719196037,-0.14759830400548546,-233.5850330276645,4624.017391852344,0.038471904104092104,1,-0.7189189189189189,0.0,0.24724019670964914,0.12364643275142573,0.5001065134106494,0.0,0.0,0.15560537734595098,2024-05-04,alessandro costa,kevin borjas,0.5266540163518679,0.5266540163518679,0.4733459836481321,1,1.0,1,-130.0,110.0,0.0,2.1,1.7692307692307692,0.07994992844408738,0.0198146558599141,0.0215932116349099,0.0346130033343434,0.0382541153783375,0.0048194573325072,0.0052815527685029,-141.0,105.0,-125.0,120.0,0.0,0.0,0,0,0,0,0,0,0.0,0,0
276,95.86291430028336,0.0883579188916118,0.19999999999999996,0.035263162673768195,0.0179466280570474,1.2,-567.0904324674984,-1.0,0.01767158377832236,-0.10453871719196037,-0.14759830400548546,-233.5850330276645,4624.017391852344,0.038471904104092104,1,-0.7189189189189189,0.03723356701114012,0.24724019670964914,0.12364643275142573,0.5001065134106494,0.07656273244258631,0.11020819232860081,0.15560537734595098,2024-05-04,ismael bonfim,vinc pichel,0.8627193022281402,0.8627193022281402,0.1372806977718598,1,1.0,1,-500.0,380.0,0.23928200712730047,4.8,1.2,0.07994992844408738,0.0137953429848293,0.0278713236818374,0.0177969857358167,0.0393458714070402,0.0111750940163172,0.0234209463360391,-600.0,400.0,-549.0,430.0,0.0,20.0,0,5,0,1,0,4,0.0,0,0
277,0.0,0.0,0.0,-0.04981782964179765,0.0179466280570474,1.704225352112676,-567.0904324674984,-1.0,0.0,-0.10453871719196037,-0.14759830400548546,-233.5850330276645,4624.017391852344,0.038471904104092104,1,-0.7189189189189189,0.0,0.24724019670964914,0.12364643275142573,0.5001065134106494,0.0,0.0,0.15560537734595098,2024-05-04,joaquim silva,drakkar klose,0.5575449098796064,0.4424550901203937,0.5575449098796064,0,0.0,0,120.0,-142.0,0.0,1.704225352112676,2.2,0.07994992844408738,0.0219819935623222,0.0193403204872646,0.0528372761484838,0.037833208222788,0.0100702480417933,0.0074736116073294,154.0,-230.0,185.0,-200.0,80.0,25.0,5,4,4,1,1,3,25.0,1,3
278,0.0,0.0,0.0,-0.05067225032197065,0.0179466280570474,1.5882352941176472,-567.0904324674984,-1.0,0.0,-0.10453871719196037,-0.14759830400548546,-233.5850330276645,4624.017391852344,0.038471904104092104,1,-0.7189189189189189,0.0,0.24724019670964914,0.12364643275142573,0.5001065134106494,0.0,0.0,0.15560537734595098,2024-05-04,elves brener,myktybek orolbai,0.5977248794269073,0.4022751205730926,0.5977248794269073,0,0.0,0,142.0,-170.0,0.0,1.5882352941176472,2.42,0.07994992844408738,0.0236909605473527,0.0191618095781445,0.0384617633833727,0.0248568245253791,0.0106261171426896,0.0072111180858498,205.0,-278.0,225.0,-245.0,0.0,0.0,0,0,0,0,0,0,0.0,0,0
279,148.572846452454,0.050668263285128565,0.5405405405405406,0.01832601761895064,0.0179466280570474,1.5405405405405406,-567.0904324674984,-1.0,0.027388250424393825,-0.10453871719196037,-0.14759830400548546,-233.5850330276645,4624.017391852344,0.038471904104092104,1,-0.7189189189189189,0.012893065302991736,0.24724019670964914,0.12364643275142573,0.5001065134106494,0.024617270116993842,0.06168219074425695,0.15560537734595098,2024-05-04,paul craig,caio borralho,0.66101864301581,0.33898135698419,0.66101864301581,0,0.0,0,154.0,-185.0,0.08285745340488536,1.5405405405405406,2.54,0.07994992844408738,0.0240948213032229,0.0187287731158957,0.0493917099965039,0.021356589323224,0.0066491425724469,0.0033294746763058,390.0,-650.0,475.0,-510.0,66.66666666666666,100.0,9,2,6,2,3,0,100.0,2,0
280,0.0,0.0,0.0,-0.0494733525430468,0.0179466280570474,1.4,-567.0904324674984,-1.0,0.0,-0.10453871719196037,-0.14759830400548546,-233.5850330276645,4624.017391852344,0.038471904104092104,1,-0.7189189189189189,0.0,0.24724019670964914,0.12364643275142573,0.5001065134106494,0.0,0.0,0.15560537734595098,2024-05-04,alexandre pantoja,steve erceg,0.6789476053263952,0.6789476053263952,0.3210523946736048,1,1.0,1,-250.0,205.0,0.0,3.05,1.4,0.07994992844408738,0.0169990228350114,0.0251555439097192,0.0287452808578468,0.0379213858088197,0.0088508769065202,0.0113647565166603,-200.0,150.0,-180.0,165.0,55.55555555555556,0.0,9,0,5,0,4,0,55.55555555555556,5,4
281,-439.1871225321812,0.08096073530454755,-1.0,0.12609459325841849,0.0179466280570474,1.3076923076923077,-567.0904324674984,-1.0,-0.08096073530454755,-0.10453871719196037,-0.14759830400548546,-233.5850330276645,4624.017391852344,0.038471904104092104,1,-0.7189189189189189,0.06959016040827647,0.24724019670964914,0.12364643275142573,0.5001065134106494,0.22594902643529763,0.24957968209155998,0.15560537734595098,2024-05-04,anthony smith,vitor petrino,0.8611311595505553,0.1388688404494446,0.8611311595505553,0,1.0,0,260.0,-325.0,0.44722207930873464,1.3076923076923077,3.6,0.07994992844408738,0.0265578298540526,0.0159258302766661,0.0614630875901021,0.0285931975881342,-0.0026143101763705,-0.0014673224766905,310.0,-550.0,400.0,-390.0,58.82352941176471,0.0,17,0,10,0,7,0,0.0,0,0
282,-224.18692079884445,0.041327117810032905,-1.0,0.21521212681001256,0.0179466280570474,1.8547008547008548,-567.0904324674984,-1.0,-0.041327117810032905,-0.10453871719196037,-0.14759830400548546,-233.5850330276645,4624.017391852344,0.038471904104092104,1,-0.7189189189189189,0.04578919832229854,0.24724019670964914,0.12364643275142573,0.5001065134106494,0.23258642050541306,0.2722831857695572,0.15560537734595098,2024-05-04,jose aldo,jonathan martinez,0.6552065384183017,0.3447934615816984,0.6552065384183017,0,1.0,0,-107.0,-117.0,0.29426488405022994,1.8547008547008548,1.9345794392523368,0.07994992844408738,0.0283489021487466,0.0277298173240821,0.0536841397518541,0.0437184576507431,-8.8484775062625e-14,8.8484775062625e-14,120.0,-180.0,150.0,-150.0,83.33333333333334,62.5,18,8,15,5,3,3,62.5,5,3
283,185.3532495506238,0.06321159938192747,0.5405405405405406,0.2741778176514702,0.0179466280570474,1.5405405405405406,-567.0904324674984,-1.0,0.03416843209833917,-0.10453871719196037,-0.14759830400548546,-233.5850330276645,4624.017391852344,0.038471904104092104,1,-0.7189189189189189,0.08281299345572939,0.24724019670964914,0.12364643275142573,0.5001065134106494,0.3810755250701992,0.3829086179749034,0.15560537734595098,2024-05-04,karolina kowalkiewicz,iasmin lucindo,0.8270978816334105,0.1729021183665895,0.8270978816334105,0,0.0,0,154.0,-185.0,0.5321987894519525,1.5405405405405406,2.54,0.07994992844408738,0.0240948213032229,0.0187287731158957,0.0500730218781067,0.0261689850082681,0.0116029923129925,0.0067120260020258,280.0,-435.0,320.0,-355.0,80.0,0.0,10,0,8,0,2,0,0.0,0,0
284,0.0,0.022748475130176735,0.0,-0.020862759713108303,0.0179466280570474,1.8333333333333333,-567.0904324674984,-1.0,0.0,-0.10453871719196037,-0.14759830400548546,-233.5850330276645,4624.017391852344,0.038471904104092104,1,-0.7189189189189189,0.0035397850566761323,0.24724019670964914,0.12364643275142573,0.5001065134106494,-0.022765851817724517,0.02084683561504153,0.15560537734595098,2024-05-04,jack shore,joanderson brito,0.5340748583383046,0.5340748583383046,0.4659251416616954,1,0.0,1,-120.0,100.0,0.022748475130176735,2.0,1.8333333333333333,0.07994992844408738,0.0222254993026449,0.0232290461519004,0.042226716265892,0.0303091129239294,0.0100702480417933,0.0074736116073294,163.0,-225.0,185.0,-200.0,80.0,0.0,5,1,4,0,1,1,80.0,4,1
285,0.0,0.0,0.0,-0.04626860421156295,0.0179466280570474,1.238095238095238,-567.0904324674984,-1.0,0.0,-0.10453871719196037,-0.14759830400548546,-233.5850330276645,4624.017391852344,0.038471904104092104,1,-0.7189189189189189,0.0,0.24724019670964914,0.12364643275142573,0.5001065134106494,0.0,0.0,0.15560537734595098,2024-05-04,michel pereira,ihor potieria,0.7703215119829685,0.7703215119829685,0.2296784880170315,1,1.0,1,-420.0,310.0,0.0,4.1,1.238095238095238,0.07994992844408738,0.0179466280570474,0.0336481186596504,0.0266677709145538,0.062221117974335,0.0010086190232103,0.0019642535148795,-650.0,350.0,-485.0,475.0,60.0,100.0,5,2,3,2,2,0,60.0,3,2
286,0.0,0.014538765733058704,0.0,-0.02226625568441387,0.0176336326648498,1.6451612903225803,-272.7561023752674,-1.0,0.0,-0.058986824499378344,0.07734014834061581,630.3782933907152,4981.639582867792,0.038471904104092104,1,3.1879325479325473,0.0030544886051481895,0.18311870606796996,0.09841100268637017,0.5374164376731779,-0.027491112868976052,0.011775582774366513,0.21009270396336305,2024-05-11,charles johnson,jake hadley,0.5943087465447682,0.4056912534552318,0.5943087465447682,0,1.0,0,130.0,-155.0,0.014538765733058704,1.6451612903225803,2.3,0.18910021320772824,0.023106086729758,0.0195196592207963,0.0527247549940719,0.0523803501110331,-0.0036493979808703,-0.003595228920844,-122.0,-125.0,105.0,-102.0,50.0,100.0,4,2,2,2,2,0,100.0,2,0
287,149.30776216954163,0.05037180642851757,0.641025641025641,0.20753772061311915,0.0176336326648498,1.641025641025641,-272.7561023752674,-1.0,0.03228961950545998,-0.058986824499378344,0.07734014834061581,630.3782933907152,4981.639582867792,0.038471904104092104,1,3.1879325479325473,0.07737070945094113,0.18311870606796996,0.09841100268637017,0.5374164376731779,0.25826661181728056,0.2959336740566863,0.21009270396336305,2024-05-11,tabatha ricci,tecia pennington,0.7358432984986195,0.7358432984986195,0.2641567015013805,1,1.0,1,-156.0,122.0,0.3682693781904649,2.22,1.641025641025641,0.18910021320772824,0.0275226920411544,0.0323027584092962,0.0320795539605048,0.037850515969565,0.0084369228080692,0.0096790192209161,-160.0,120.0,-140.0,130.0,100.0,0.0,2,0,2,0,0,0,100.0,2,0
288,0.0,0.0,0.0,-0.16178778903894447,0.0176336326648498,1.289855072463768,-272.7561023752674,-1.0,0.0,-0.058986824499378344,0.07734014834061581,630.3782933907152,4981.639582867792,0.038471904104092104,1,3.1879325479325473,0.0,0.18311870606796996,0.09841100268637017,0.5374164376731779,0.0,0.0,0.21009270396336305,2024-05-11,waldo cortes acosta,robelis despaigne,0.6498499163630655,0.3501500836369344,0.6498499163630655,0,1.0,0,275.0,-345.0,0.0,1.289855072463768,3.75,0.18910021320772824,0.0264861952434845,0.0154613702995864,0.0495815640458714,0.0320881274241828,-1.5998313784848508e-13,1.6009416015094757e-13,190.0,-280.0,230.0,-230.0,100.0,0.0,1,0,1,0,0,0,0.0,0,0
289,0.0,0.0,0.0,-0.10296806884760418,0.0176336326648498,1.5050505050505052,-272.7561023752674,-1.0,0.0,-0.058986824499378344,0.07734014834061581,630.3782933907152,4981.639582867792,0.038471904104092104,1,3.1879325479325473,0.0,0.18311870606796996,0.09841100268637017,0.5374164376731779,0.0,0.0,0.21009270396336305,2024-05-11,terrance mckinney,esteban ribovics,0.5960145045911891,0.4039854954088108,0.5960145045911891,0,0.0,0,164.0,-198.0,0.0,1.5050505050505052,2.64,0.18910021320772824,0.0246517396386398,0.0185656693505812,0.0459821881506205,0.0381928960244635,0.0045892256315728,0.0039141757289713,120.0,-170.0,140.0,-145.0,66.66666666666666,0.0,3,0,2,0,1,0,0.0,0,0
290,209.8071146243492,0.027666670908134985,1.6400000000000001,0.44711108200656546,0.0176336326648498,2.64,-272.7561023752674,-1.0,0.045373340289341375,-0.058986824499378344,0.07734014834061581,630.3782933907152,4981.639582867792,0.038471904104092104,1,3.1879325479325473,0.06311005728373972,0.18311870606796996,0.09841100268637017,0.5374164376731779,0.3561325786782656,0.37713021938348756,0.21009270396336305,2024-05-11,chase hooper,viacheslav borshchev,0.548148137123699,0.548148137123699,0.4518518628763009,1,1.0,1,164.0,-198.0,0.300391475254396,1.5050505050505052,2.64,0.18910021320772824,0.0246517396386398,0.0185656693505812,0.0454887562750946,0.0435381588387769,0.0056843893101607,0.0053898078105479,-110.0,-130.0,110.0,-115.0,50.0,100.0,6,2,3,2,3,0,50.0,3,3
291,0.0,0.0,0.0,-0.035278190935883524,0.0176336326648498,1.4444444444444444,-272.7561023752674,-1.0,0.0,-0.058986824499378344,0.07734014834061581,630.3782933907152,4981.639582867792,0.038471904104092104,1,3.1879325479325473,0.0,0.18311870606796996,0.09841100268637017,0.5374164376731779,0.0,0.0,0.21009270396336305,2024-05-11,alonzo menifield,carlos ulberg,0.6678843293520806,0.3321156706479193,0.6678843293520806,0,0.0,0,185.0,-225.0,0.0,1.4444444444444444,2.85,0.18910021320772824,0.0252599077377893,0.017924977552359,0.0352656719318592,0.0227647086791665,0.0131363950923042,0.0088416268857176,210.0,-278.0,225.0,-250.0,33.33333333333333,66.66666666666666,6,3,2,2,4,1,66.66666666666666,2,1
292,133.0174153487356,0.051779940977213716,0.5555555555555556,0.0880267971199985,0.0176336326648498,1.5555555555555556,-272.7561023752674,-1.0,0.028766633876229842,-0.058986824499378344,0.07734014834061581,630.3782933907152,4981.639582867792,0.038471904104092104,1,3.1879325479325473,0.04216578724742602,0.18311870606796996,0.09841100268637017,0.5374164376731779,0.11686004722648224,0.15118130339657512,0.21009270396336305,2024-05-11,alex caceres,sean woodson,0.6994457981485704,0.3005542018514295,0.6994457981485704,0,0.0,0,150.0,-180.0,0.20070086419935404,1.5555555555555556,2.5,0.18910021320772824,0.023977822082381,0.0188793207747618,0.068789348443151,0.0435907337861773,-0.0086522931456048,-0.0062360443233779,175.0,-298.0,225.0,-210.0,72.22222222222221,66.66666666666666,18,3,13,2,5,1,66.66666666666666,2,1
293,141.65028310838082,0.045337722857573974,0.6756756756756757,0.03343921074381179,0.0176336326648498,1.6756756756756757,-272.7561023752674,-1.0,0.03063359652538782,-0.058986824499378344,0.07734014834061581,630.3782933907152,4981.639582867792,0.038471904104092104,1,3.1879325479325473,0.01984481745995896,0.18311870606796996,0.09841100268637017,0.5374164376731779,0.04032966240772632,0.07831907861668551,0.21009270396336305,2024-05-11,jj aldrich,veronica hardy,0.6167298515729199,0.38327014842708,0.6167298515729199,0,0.0,0,124.0,-148.0,0.09445743276939114,1.6756756756756757,2.24,0.18910021320772824,0.0231793921004005,0.0200233728765578,0.0369492043071655,0.0355145638087763,0.0138119762853189,0.0131634086759039,-107.0,-125.0,105.0,-117.0,62.5,0.0,8,0,5,0,3,0,0.0,0,0
294,141.42065306110376,0.04526422562753136,0.6756756756756757,0.027835064162318457,0.0176336326648498,1.6756756756756757,-272.7561023752674,-1.0,0.030583936234818483,-0.058986824499378344,0.07734014834061581,630.3782933907152,4981.639582867792,0.038471904104092104,1,3.1879325479325473,0.01818471701253654,0.18311870606796996,0.09841100268637017,0.5374164376731779,0.033571632137966725,0.0717654392684404,0.21009270396336305,2024-05-11,joaquin buckley,nursulton ruziboev,0.6133854415162223,0.6133854415162223,0.3866145584837777,1,1.0,1,-148.0,124.0,0.086555680751806,2.24,1.6756756756756757,0.18910021320772824,0.0200233728765578,0.0231793921004005,0.0414015851909125,0.0453752743132196,0.0038771838960715,0.0042396992208115,-142.0,100.0,-124.0,120.0,62.5,0.0,8,0,5,0,3,0,62.5,5,3
295,-144.8249349213959,0.03132015359124335,-1.0,0.33734915451578873,0.0176336326648498,2.3600000000000003,-272.7561023752674,-1.0,-0.03132015359124335,-0.058986824499378344,0.07734014834061581,630.3782933907152,4981.639582867792,0.038471904104092104,1,3.1879325479325473,0.05818075781706571,0.18311870606796996,0.09841100268637017,0.5374164376731779,0.29279791025915375,0.3190656536579897,0.21009270396336305,2024-05-11,derrick lewis,rodrigo nascimento,0.5666733705575375,0.4333266294424625,0.5666733705575375,0,1.0,0,-162.0,136.0,0.2769289781105942,2.3600000000000003,1.617283950617284,0.18910021320772824,0.0190342109773964,0.0230152132689483,0.0276369667218073,0.034258584535446,0.0119288327341947,0.0145550432589505,-175.0,135.0,-162.0,145.0,65.21739130434783,33.33333333333333,23,3,15,1,8,2,33.33333333333333,1,2
296,0.0,0.0,0.0,-0.04371675776032413,0.0176336326648498,1.4081632653061225,-272.7561023752674,-1.0,0.0,-0.058986824499378344,0.07734014834061581,630.3782933907152,4981.639582867792,0.038471904104092104,1,3.1879325479325473,0.0,0.18311870606796996,0.09841100268637017,0.5374164376731779,0.0,0.0,0.21009270396336305,2024-05-11,diego ferreira,mateusz rebecki,0.6790996937644075,0.3209003062355925,0.6790996937644075,0,1.0,0,200.0,-245.0,0.0,1.4081632653061225,3.0,0.18910021320772824,0.0258446282047153,0.0176336326648498,0.0437938372896047,0.0218876077021852,0.0125213029448839,0.0068501994227442,320.0,-480.0,360.0,-405.0,50.0,0.0,8,0,4,0,4,0,0.0,0,0
297,0.0,0.008567386975451447,0.0,-0.015876586837175938,0.0169990228350114,1.2352941176470589,-428.48810716509405,-1.0,0.0,-0.08601347007091695,-0.09950107707319407,-67.19039692070854,4485.961078781989,0.0384719041040921,1,-0.3052341073467839,0.0013322133307137561,0.24741059299085746,0.14651437481909138,0.5921911954049013,-0.03182869310079285,0.004273529637321387,0.15549820902581057,2024-05-18,victor martinez,tom nolan,0.7966713344651433,0.2033286655348566,0.7966713344651433,0,0.0,0,330.0,-425.0,0.008567386975451447,1.2352941176470589,4.3,0.05986114886022692,0.0274724253232388,0.0146095237354543,0.0548316593126138,0.0245334200524655,0.010766245452921,0.0054992067266496,350.0,-600.0,430.0,-480.0,0.0,0.0,0,0,0,0,0,0,0.0,0,0
298,-202.6689741211595,0.04068318688051065,-1.0,0.06292246706955029,0.0169990228350114,1.8333333333333333,-428.48810716509405,-1.0,-0.04068318688051065,-0.08601347007091695,-0.09950107707319407,-67.19039692070854,4485.961078781989,0.0384719041040921,1,-0.3052341073467839,0.018442677870801196,0.24741059299085746,0.14651437481909138,0.5921911954049013,0.06856860760382613,0.10883761115509621,0.15549820902581057,2024-05-18,piera rodriguez,ariane carnelossi,0.5797758911288456,0.5797758911288456,0.4202241088711543,1,0.0,1,-120.0,100.0,0.11860379605876982,2.0,1.8333333333333333,0.05986114886022692,0.0222254993026449,0.0232290461519004,0.0289529620271689,0.0424756094014026,0.0055815253719485,0.0078219182820364,-250.0,180.0,-218.0,205.0,100.0,0.0,2,0,2,0,0,0,100.0,2,0
299,145.97842540169896,0.05421108502548009,0.5405405405405406,0.13043312836376209,0.0169990228350114,1.5405405405405406,-428.48810716509405,-1.0,0.029303289202962213,-0.08601347007091695,-0.09950107707319407,-67.19039692070854,4485.961078781989,0.0384719041040921,1,-0.3052341073467839,0.04350004444697946,0.24741059299085746,0.14651437481909138,0.5921911954049013,0.17603945717566197,0.2072727451703464,0.15549820902581057,2024-05-18,abus magomedov,warlley alves,0.7337899254291087,0.7337899254291087,0.2662100745708913,1,1.0,1,-185.0,154.0,0.2797462730889656,2.54,1.5405405405405406,0.05986114886022692,0.0187287731158957,0.0240948213032229,0.0403338993103272,0.070143648800863,-0.0042821249365645,-0.0065325830663193,-360.0,205.0,-265.0,280.0,0.0,54.54545454545454,0,11,0,6,0,5,0.0,0,0
300,0.0,0.0,0.0,-0.1283239201648211,0.0169990228350114,1.2531645569620251,-428.48810716509405,-1.0,0.0,-0.08601347007091695,-0.09950107707319407,-67.19039692070854,4485.961078781989,0.0384719041040921,1,-0.3052341073467839,0.0,0.24741059299085746,0.14651437481909138,0.5921911954049013,0.0,0.0,0.15549820902581057,2024-05-18,tamires vidal,melissa gatto,0.6955799020906984,0.3044200979093016,0.6955799020906984,0,0.0,0,310.0,-395.0,0.0,1.2531645569620251,4.1,0.05986114886022692,0.0270306968275025,0.0148515401766855,0.0431680677672335,0.0234985988994331,0.0137080733499867,0.0079721434521814,275.0,-400.0,310.0,-350.0,0.0,100.0,0,1,0,1,0,0,100.0,1,0
301,-317.62706288968707,0.06375954293884062,-1.0,0.002577992692080311,0.0169990228350114,1.3355704697986577,-428.48810716509405,-1.0,-0.06375954293884062,-0.08601347007091695,-0.09950107707319407,-67.19039692070854,4485.961078781989,0.0384719041040921,1,-0.3052341073467839,0.010683970122537268,0.24741059299085746,0.14651437481909138,0.5921911954049013,0.0043567025521023045,0.04065659891196338,0.15549820902581057,2024-05-18,vanessa demopoulos,emily ducote,0.7506739744277385,0.2493260255722615,0.7506739744277385,0,1.0,0,240.0,-298.0,0.0687079947059961,1.3355704697986577,3.4,0.05986114886022692,0.0263970780483009,0.0164642876034875,0.0418374743547801,0.0222650897477839,0.0176285719475658,0.0099403503581985,290.0,-420.0,320.0,-375.0,25.0,50.0,4,2,1,1,3,1,50.0,1,1
302,-176.12895928360695,0.03535562064532464,-1.0,0.45839037609517197,0.0169990228350114,2.2,-428.48810716509405,-1.0,-0.03535562064532464,-0.08601347007091695,-0.09950107707319407,-67.19039692070854,4485.961078781989,0.0384719041040921,1,-0.3052341073467839,0.06312186512558608,0.24741059299085746,0.14651437481909138,0.5921911954049013,0.4289755358881194,0.433767887306081,0.15549820902581057,2024-05-18,luana pinheiro,angela hill,0.6629047164068963,0.6629047164068963,0.3370952835931037,1,0.0,1,120.0,-142.0,0.4059330684323748,1.704225352112676,2.2,0.05986114886022692,0.0219819935623222,0.0193403204872646,0.0423096855199633,0.0370553938451158,0.0071877762703446,0.0064601083075458,110.0,-152.0,123.0,-130.0,100.0,71.42857142857143,1,14,1,10,0,4,100.0,1,0
303,117.09820760886983,0.058764893395529254,0.3999999999999999,0.009107418331786854,0.0169990228350114,1.4,-428.48810716509405,-1.0,0.023505957358211697,-0.08601347007091695,-0.09950107707319407,-67.19039692070854,4485.961078781989,0.0384719041040921,1,-0.3052341073467839,0.012073733848820416,0.24741059299085746,0.14651437481909138,0.5921911954049013,0.01414858433369542,0.04998025925032486,0.15549820902581057,2024-05-18,themba gorimbo,ramiz brahimaj,0.7207910130941335,0.7207910130941335,0.2792089869058665,1,1.0,1,-250.0,205.0,0.07764548495099607,3.05,1.4,0.05986114886022692,0.0169990228350114,0.0251555439097192,0.0412226385794758,0.0456636010648967,-0.0028647477095564,-0.0031412582964496,-145.0,102.0,-122.0,125.0,100.0,0.0,1,1,1,0,0,1,100.0,1,0
304,188.44025658748112,0.036025671478301165,1.0499999999999998,0.11597263348637743,0.0169990228350114,2.05,-428.48810716509405,-1.0,0.03782695505221621,-0.08601347007091695,-0.09950107707319407,-67.19039692070854,4485.961078781989,0.0384719041040921,1,-0.3052341073467839,0.022968463068187908,0.24741059299085746,0.14651437481909138,0.5921911954049013,0.11314172378483246,0.15140467036947614,0.15549820902581057,2024-05-18,khaos williams,carlston harris,0.5443768943835988,0.5443768943835988,0.4556231056164012,1,1.0,1,105.0,-125.0,0.14770885923435592,1.8,2.05,0.05986114886022692,0.0223911054816955,0.0209693281226405,0.0373951990502948,0.0409876392335334,0.0070500280313161,0.0076158005880007,-140.0,102.0,-122.0,115.0,80.0,100.0,5,2,4,2,1,0,80.0,4,1
305,177.71770977569514,0.05065784942559231,0.704225352112676,0.2930109634317023,0.0169990228350114,1.704225352112676,-428.48810716509405,-1.0,0.035674541849008666,-0.08601347007091695,-0.09950107707319407,-67.19039692070854,4485.961078781989,0.0384719041040921,1,-0.3052341073467839,0.0687587237113648,0.24741059299085746,0.14651437481909138,0.5921911954049013,0.35424562628894785,0.36574785596757325,0.15549820902581057,2024-05-18,edson barboza,lerone murphy,0.7587089124268667,0.2412910875731333,0.7587089124268667,0,0.0,0,120.0,-142.0,0.44218338038833477,1.704225352112676,2.2,0.05986114886022692,0.0219819935623222,0.0193403204872646,0.0392764126889053,0.0318698323703832,0.0087402697052005,0.0072661328558238,130.0,-175.0,145.0,-155.0,62.5,50.0,24,2,15,1,9,1,50.0,1,1
306,0.0,0.0,0.0,-0.17930460226260408,0.0169990228350114,1.4,-428.48810716509405,-1.0,0.0,-0.08601347007091695,-0.09950107707319407,-67.19039692070854,4485.961078781989,0.0384719041040921,1,-0.3052341073467839,0.0,0.24741059299085746,0.14651437481909138,0.5921911954049013,0.0,0.0,0.15549820902581057,2024-05-18,adrian yanez,vinicius salvador,0.5862109983838543,0.5862109983838543,0.4137890016161457,1,1.0,1,-250.0,205.0,0.0,3.05,1.4,0.05986114886022692,0.0169990228350114,0.0251555439097192,0.0285931975881342,0.0614630875901021,0.0029652804861365,0.0053680528471968,-550.0,310.0,-400.0,380.0,80.0,0.0,5,0,4,0,1,0,80.0,4,1
307,108.27576492100448,0.06034145360351806,0.3999999999999999,0.041049208303163276,0.0222663835266408,1.4,689.3993563034522,1.0168711656441718,0.02413658144140722,0.15367929952941886,0.27887450840114036,561.6208342485241,5736.981269333965,0.0384719041040921,1,2.014374125497793,0.029872825478650715,0.1970622086847353,0.06450523033135896,0.32733435173537473,0.06379826881557811,0.09845365817200032,0.1952272044491308,2024-06-01,grant dawson,joe solecki,0.7436065773594024,0.7436065773594024,0.2563934226405976,1,1.0,1,-250.0,205.0,0.15301569042563687,3.05,1.4,0.33321721702887047,0.0169990228350114,0.0251555439097192,0.0245334200524655,0.0548316593126138,0.0073418189481296,0.0146707596682225,-600.0,350.0,-500.0,430.0,100.0,75.0,3,4,3,3,0,1,100.0,3,0
308,102.97146222650944,0.057385396583995704,0.3999999999999999,0.004199983155662723,0.0222663835266408,1.4,689.3993563034522,1.0168711656441718,0.022954158633598277,0.15367929952941886,0.27887450840114036,561.6208342485241,5736.981269333965,0.0384719041040921,1,2.014374125497793,0.021303745820852996,0.1970622086847353,0.06450523033135896,0.32733435173537473,0.006430413684606837,0.07127287405175643,0.1952272044491308,2024-06-01,ailin perez,joselyne edwards,0.7172857022540449,0.7172857022540449,0.2827142977459551,1,1.0,1,-250.0,175.0,0.10912283398702247,2.75,1.4,0.33321721702887047,0.0316294610237879,0.0462926168982899,0.0296533748621354,0.0422095328216678,0.0124207845874261,0.0168532200964144,-235.0,170.0,-205.0,180.0,0.0,60.0,0,5,0,3,0,2,0.0,0,0
309,0.0,0.016371689288796013,0.0,-0.029277954109531823,0.0222663835266408,1.3636363636363638,689.3993563034522,1.0168711656441718,0.0,0.15367929952941886,0.27887450840114036,561.6208342485241,5736.981269333965,0.0384719041040921,1,2.014374125497793,0.0031961991319614243,0.1970622086847353,0.06450523033135896,0.32733435173537473,-0.04715827331404389,0.010164273074649182,0.1952272044491308,2024-06-01,mickey gall,bassil hafez,0.71186283365301,0.2881371663469901,0.71186283365301,0,0.0,0,200.0,-275.0,0.016371689288796013,1.3636363636363638,3.0,0.33321721702887047,0.040400359353909,0.0262663073127574,0.0560544392342521,0.0287940456142326,-1.968980534172715e-13,1.9706458687096529e-13,275.0,-450.0,350.0,-350.0,75.0,0.0,8,0,6,0,2,0,0.0,0,0
310,0.0,0.0,0.0,-0.13585814885023106,0.0222663835266408,1.617283950617284,689.3993563034522,1.0168711656441718,0.0,0.15367929952941886,0.27887450840114036,561.6208342485241,5736.981269333965,0.0384719041040921,1,2.014374125497793,0.0,0.1970622086847353,0.06450523033135896,0.32733435173537473,0.0,0.0,0.1952272044491308,2024-06-01,phil rowe,jake matthews,0.5343167171231396,0.4656832828768604,0.5343167171231396,0,0.0,0,136.0,-162.0,0.0,1.617283950617284,2.3600000000000003,0.33321721702887047,0.0230152132689483,0.0190342109773964,0.0392764126889053,0.0318698323703832,0.0144598553006033,0.0118160728579176,130.0,-175.0,146.0,-163.0,100.0,60.0,1,15,1,9,0,6,60.0,9,6
311,0.0,0.0,0.0,-0.09859509371525826,0.0222663835266408,1.6134969325153374,689.3993563034522,1.0168711656441718,0.0,0.15367929952941886,0.27887450840114036,561.6208342485241,5736.981269333965,0.0384719041040921,1,2.014374125497793,0.0,0.1970622086847353,0.06450523033135896,0.32733435173537473,0.0,0.0,0.1952272044491308,2024-06-01,cesar almeida,roman kopylov,0.558665398191684,0.4413346018083159,0.558665398191684,0,0.0,0,120.0,-163.0,0.0,1.6134969325153374,2.2,0.33321721702887047,0.0403376871081888,0.0339796305551364,0.0385298875248208,0.0401722473447147,0.0070614140965243,0.0072188600847398,-127.0,-108.0,-108.0,102.0,0.0,0.0,0,2,0,0,0,2,0.0,0,2
312,101.30527739276103,0.0643607992799976,0.3508771929824559,0.0345352973169164,0.0222663835266408,1.350877192982456,689.3993563034522,1.0168711656441718,0.022582736589472827,0.15367929952941886,0.27887450840114036,561.6208342485241,5736.981269333965,0.0384719041040921,1,2.014374125497793,0.02993088319538158,0.1970622086847353,0.06450523033135896,0.32733435173537473,0.057137022964961905,0.09266693259162798,0.1952272044491308,2024-06-01,jailton almeida,alexandr romanov,0.7658248304813539,0.7658248304813539,0.2341751695186461,1,1.0,1,-285.0,230.0,0.1533130758074267,3.3,1.350877192982456,0.33321721702887047,0.01683796867866,0.0264520746113833,0.035662171366254,0.0698719341678512,-0.0003968652221283,-0.0006649595236973,-455.0,250.0,-333.0,335.0,100.0,50.0,3,2,3,1,0,1,100.0,3,0
313,134.30884426142904,0.04880189825578482,0.6134969325153374,0.12982192888482108,0.0222663835266408,1.6134969325153374,689.3993563034522,1.0168711656441718,0.029939814880849583,0.15367929952941886,0.27887450840114036,561.6208342485241,5736.981269333965,0.0384719041040921,1,2.014374125497793,0.053938450113761936,0.1970622086847353,0.06450523033135896,0.32733435173537473,0.1631211083964217,0.21988521140830783,0.1952272044491308,2024-06-01,randy brown,elizeu zaleski dos santos,0.700231841856372,0.700231841856372,0.299768158143628,1,1.0,1,-163.0,120.0,0.27628552212259105,2.2,1.6134969325153374,0.33321721702887047,0.0339796305551364,0.0403376871081888,0.0278740388872247,0.0363687167169306,0.0066135317527271,0.0084261182336002,-195.0,148.0,-176.0,165.0,61.53846153846154,40.0,13,10,8,4,5,6,61.53846153846154,8,5
314,0.0,0.0,0.0,-0.16338443978233974,0.0222663835266408,1.359712230215827,689.3993563034522,1.0168711656441718,0.0,0.15367929952941886,0.27887450840114036,561.6208342485241,5736.981269333965,0.0384719041040921,1,2.014374125497793,0.0,0.1970622086847353,0.06450523033135896,0.32733435173537473,0.0,0.0,0.1952272044491308,2024-06-01,niko price,alex morono,0.6152886924352106,0.3847113075647895,0.6152886924352106,0,1.0,0,225.0,-278.0,0.0,1.359712230215827,3.25,0.33321721702887047,0.0262452639219628,0.0168967792200803,0.0446806160174017,0.0279000291438885,0.0166799230378363,0.0107710573543203,210.0,-300.0,240.0,-275.0,75.0,84.61538461538461,12,13,9,11,3,2,84.61538461538461,11,2
315,0.0,0.0237508603996463,0.0,-0.015751225021800985,0.0222663835266408,1.5,689.3993563034522,1.0168711656441718,0.0,0.15367929952941886,0.27887450840114036,561.6208342485241,5736.981269333965,0.0384719041040921,1,2.014374125497793,0.004636814079084513,0.1970622086847353,0.06450523033135896,0.32733435173537473,-0.021973987098882396,0.01702490972315343,0.1952272044491308,2024-06-01,kevin holland,michal oleksiejczuk,0.656165849985466,0.656165849985466,0.343834150014534,1,1.0,1,-200.0,165.0,0.0237508603996463,2.65,1.5,0.33321721702887047,0.0188658503251424,0.0251593069075619,0.0336940503268413,0.0563284552995652,0.0043574687348652,0.0067536423762459,-330.0,210.0,-275.0,260.0,91.66666666666666,50.0,12,4,11,2,1,2,91.66666666666666,11,1
316,0.0,0.013866672243815182,0.0,-0.02095684850013818,0.0222663835266408,1.5405405405405406,689.3993563034522,1.0168711656441718,0.0,0.15367929952941886,0.27887450840114036,561.6208342485241,5736.981269333965,0.0384719041040921,1,2.014374125497793,0.002707151657172394,0.1970622086847353,0.06450523033135896,0.32733435173537473,-0.028174023539535357,0.010314527813427763,0.1952272044491308,2024-06-01,sean strickland,paulo costa,0.6355192386928927,0.6355192386928927,0.3644807613071072,1,1.0,1,-185.0,154.0,0.013866672243815182,2.54,1.5405405405405406,0.33321721702887047,0.0187287731158957,0.0240948213032229,0.046834147228101,0.0674515670576132,-0.0024120525335487,-0.0032376649805757,-250.0,150.0,-195.0,200.0,62.5,85.71428571428571,16,7,10,6,6,1,62.5,10,6
317,114.75948544682016,0.10232766930557428,0.25,0.14173277971110404,0.0222663835266408,1.25,689.3993563034522,1.0168711656441718,0.02558191732639357,0.15367929952941886,0.27887450840114036,561.6208342485241,5736.981269333965,0.0384719041040921,1,2.014374125497793,0.11915017862054102,0.1970622086847353,0.06450523033135896,0.32733435173537473,0.2836002324381921,0.30501281367619754,0.1952272044491308,2024-06-01,islam makhachev,dustin poirier,0.9133862237688832,0.9133862237688832,0.0866137762311166,1,1.0,1,-400.0,280.0,0.6103154473616779,3.8,1.25,0.33321721702887047,0.0222663835266408,0.0408915112102011,0.0273349729556402,0.055998360377693,0.0078796078673061,0.0143426143549159,-500.0,300.0,-400.0,350.0,88.88888888888889,81.81818181818183,9,22,8,18,1,4,88.88888888888889,8,1
318,0.0,0.010209287883856171,0.0,-0.03757307407347216,0.0356521067558167,1.5,1102.4104370644225,2.3,0.0,0.19215862581897653,0.24175992835285784,284.5617435714445,7123.953449969833,0.038471904104092104,1,1.0333333333333332,0.002946492139041923,0.1333011343334168,0.04433328597057877,0.3325799603452062,-0.05210215481138453,0.007362350583890109,0.28860897768405347,2024-06-08,cody stamann,taylor lapilus,0.6416179506176852,0.3583820493823147,0.6416179506176852,0,0.0,0,150.0,-200.0,0.010209287883856171,1.5,2.5,0.103961100865516,0.0379213858088197,0.0287452808578468,0.0405006081947943,0.0256697805562395,0.0171023084231671,0.0111348839931298,210.0,-290.0,235.0,-270.0,80.0,66.66666666666666,10,3,8,2,2,1,66.66666666666666,2,1
319,0.0,0.0,0.0,-0.1939640956430786,0.0356521067558167,1.1821493624772312,1102.4104370644225,2.3,0.0,0.19215862581897653,0.24175992835285784,284.5617435714445,7123.953449969833,0.038471904104092104,1,1.0333333333333332,0.0,0.1333011343334168,0.04433328597057877,0.3325799603452062,0.0,0.0,0.28860897768405347,2024-06-08,brad katona,jesse butler,0.681839308924422,0.681839308924422,0.318160691075578,1,1.0,1,-549.0,350.0,0.0,4.5,1.1821493624772312,0.103961100865516,0.0217506013680772,0.0463884159234824,0.018528771915647,0.0456423510790053,0.0081903246984511,0.0182983268369292,-750.0,450.0,-649.0,525.0,50.0,0.0,2,0,1,0,1,0,50.0,1,1
320,0.0,0.0,0.0,-0.08885374867467594,0.0356521067558167,1.6134969325153374,1102.4104370644225,2.3,0.0,0.19215862581897653,0.24175992835285784,284.5617435714445,7123.953449969833,0.038471904104092104,1,1.0333333333333332,0.0,0.1333011343334168,0.04433328597057877,0.3325799603452062,0.0,0.0,0.28860897768405347,2024-06-08,john castaneda,daniel marcos,0.5647028097567598,0.4352971902432402,0.5647028097567598,0,0.0,0,120.0,-163.0,0.0,1.6134969325153374,2.2,0.103961100865516,0.0403376871081888,0.0339796305551364,0.0481663232662122,0.0436704114276651,0.0107683918506759,0.009903442774647,100.0,-145.0,115.0,-125.0,33.33333333333333,0.0,3,0,1,0,2,0,0.0,0,0
321,0.0,0.0,0.0,-0.13424627698457348,0.0356521067558167,1.6134969325153374,1102.4104370644225,2.3,0.0,0.19215862581897653,0.24175992835285784,284.5617435714445,7123.953449969833,0.038471904104092104,1,1.0333333333333332,0.0,0.1333011343334168,0.04433328597057877,0.3325799603452062,0.0,0.0,0.28860897768405347,2024-06-08,eduarda moura,denise gomes,0.5365697979145039,0.5365697979145039,0.4634302020854961,1,0.0,1,-163.0,120.0,0.0,2.2,1.6134969325153374,0.103961100865516,0.0339796305551364,0.0403376871081888,0.027676643367209,0.0380860847098888,0.0101556457621264,0.0136538780473972,-218.0,163.0,-200.0,180.0,0.0,0.0,0,0,0,0,0,0,0.0,0,0
322,0.0,0.0,0.0,-0.058243012930947524,0.0356521067558167,1.5319148936170213,1102.4104370644225,2.3,0.0,0.19215862581897653,0.24175992835285784,284.5617435714445,7123.953449969833,0.038471904104092104,1,1.0333333333333332,0.0,0.1333011343334168,0.04433328597057877,0.3325799603452062,0.0,0.0,0.28860897768405347,2024-06-08,charles radtke,carlos prates,0.6147580332256315,0.3852419667743684,0.6147580332256315,0,0.0,0,140.0,-188.0,0.0,1.5319148936170213,2.4,0.103961100865516,0.0389594877010522,0.0304849567433922,0.0462926168982899,0.0316294610237879,0.0030677496110842,0.0022204576866419,175.0,-250.0,205.0,-210.0,0.0,0.0,0,0,0,0,0,0,0.0,0,0
323,0.0,0.029274981106355888,0.0,-0.03827354524776794,0.0356521067558167,1.9090909090909087,1102.4104370644225,2.3,0.0,0.19215862581897653,0.24175992835285784,284.5617435714445,7123.953449969833,0.038471904104092104,1,1.0333333333333332,0.008449022368825353,0.1333011343334168,0.04433328597057877,0.3325799603452062,-0.040033419881363434,0.027988048918180596,0.28860897768405347,2024-06-08,thiago moises,ludovit klein,0.5037614762987883,0.5037614762987883,0.4962385237012117,1,0.0,1,-110.0,-120.0,0.029274981106355888,1.8333333333333333,1.9090909090909087,0.103961100865516,0.0350135352882691,0.0342505339758,0.0361628444859429,0.0340050418679098,0.0089986517895125,0.0084762280706884,-102.0,-130.0,110.0,-118.0,71.42857142857143,0.0,7,2,5,0,2,2,71.42857142857143,5,2
324,149.16504259138088,0.06500153808620428,0.3999999999999999,0.12628578810165614,0.0356521067558167,1.4,1102.4104370644225,2.3,0.026000615234481703,0.19215862581897653,0.24175992835285784,284.5617435714445,7123.953449969833,0.038471904104092104,1,1.0333333333333332,0.11080183483125763,0.1333011343334168,0.04433328597057877,0.3325799603452062,0.1949029980799027,0.24875571943798053,0.28860897768405347,2024-06-08,raul rosas jr,ricky turcios,0.8044898486440402,0.8044898486440402,0.1955101513559598,1,1.0,1,-250.0,175.0,0.3839167988480068,2.75,1.4,0.103961100865516,0.0316294610237879,0.0462926168982899,0.0360130542945663,0.0592250409435287,1.6997514507011152e-13,-1.7008616737257398e-13,-320.0,200.0,-250.0,250.0,0.0,100.0,0,1,0,1,0,0,0.0,0,0
325,0.0,0.0,0.0,-0.06375886913578915,0.0356521067558167,1.4444444444444444,1102.4104370644225,2.3,0.0,0.19215862581897653,0.24175992835285784,284.5617435714445,7123.953449969833,0.038471904104092104,1,1.0333333333333332,0.0,0.1333011343334168,0.04433328597057877,0.3325799603452062,0.0,0.0,0.28860897768405347,2024-06-08,brunno ferreira,dustin stoltzfus,0.648166936752146,0.648166936752146,0.351833063247854,1,1.0,1,-225.0,163.0,0.0,2.63,1.4444444444444444,0.103961100865516,0.0303091129239294,0.042226716265892,0.0279000291438885,0.0446806160174017,0.0094013167680324,0.0144460600205209,-300.0,210.0,-270.0,240.0,0.0,100.0,0,3,0,3,0,0,0.0,0,0
326,193.70490474370564,0.040517107304314515,0.8333333333333333,0.14170283640599823,0.0356521067558167,1.8333333333333333,1102.4104370644225,2.3,0.03376425608692876,0.19215862581897653,0.24175992835285784,284.5617435714445,7123.953449969833,0.038471904104092104,1,1.0333333333333332,0.0658604185072029,0.1333011343334168,0.04433328597057877,0.3325799603452062,0.15403188549542357,0.20993389399647525,0.28860897768405347,2024-06-08,julian marquez,zachary reese,0.6227470016759991,0.3772529983240009,0.6227470016759991,0,0.0,0,-110.0,-120.0,0.22819947957163597,1.8333333333333333,1.9090909090909087,0.103961100865516,0.0350135352882691,0.0342505339758,0.0423808635674742,0.0491942280076172,0.0024958579378502,0.0028679897288758,-160.0,110.0,-138.0,135.0,40.0,0.0,5,0,2,0,3,0,0.0,0,0
327,0.0,0.0,0.0,-0.17285004832956385,0.0356521067558167,1.4444444444444444,1102.4104370644225,2.3,0.0,0.19215862581897653,0.24175992835285784,284.5617435714445,7123.953449969833,0.038471904104092104,1,1.0333333333333332,0.0,0.1333011343334168,0.04433328597057877,0.3325799603452062,0.0,0.0,0.28860897768405347,2024-06-08,dominick reyes,dustin jacoby,0.5726422742333789,0.4273577257666211,0.5726422742333789,0,1.0,0,175.0,-225.0,0.0,1.4444444444444444,2.75,0.103961100865516,0.0326609013348426,0.0232831546092132,0.0462926168982899,0.0316294610237879,0.0150309735209291,0.0106100521200964,175.0,-250.0,200.0,-225.0,66.66666666666666,71.42857142857143,9,7,6,5,3,2,71.42857142857143,5,2
328,197.49039999018964,0.04303012131263182,0.8,0.20180971662595037,0.0356521067558167,1.8,1102.4104370644225,2.3,0.03442409705010546,0.19215862581897653,0.24175992835285784,284.5617435714445,7123.953449969833,0.038471904104092104,1,1.0333333333333332,0.08516991159734984,0.1333011343334168,0.04433328597057877,0.3325799603452062,0.2251045125912078,0.26456612191586304,0.28860897768405347,2024-06-08,jared cannonier,nassourdine imavov,0.6676720647921947,0.3323279352078053,0.6676720647921947,0,0.0,0,100.0,-125.0,0.29510485876356624,1.8,2.0,0.103961100865516,0.0285427352714054,0.02701282028415,0.0336835053940868,0.0315338859102609,0.0111697656584019,0.0104752559866196,100.0,-130.0,110.0,-120.0,50.0,40.0,12,5,6,2,6,3,40.0,2,3
329,0.0,0.0,0.0,-0.10528967297151576,0.0356521067558167,1.7246376811594204,1102.4104370644225,2.3,0.0,0.19215862581897653,0.24175992835285784,284.5617435714445,7123.953449969833,0.038471904104092104,1,1.0333333333333332,0.0,0.1333011343334168,0.04433328597057877,0.3325799603452062,0.0,0.0,0.28860897768405347,2024-06-08,andrea lee,montana de la rosa,0.5187816181929866,0.5187816181929866,0.4812183818070134,1,0.0,1,-138.0,105.0,0.0,2.05,1.7246376811594204,0.103961100865516,0.0322362225882545,0.0354005882336351,0.0410247737237094,0.0498843171853813,0.0037266099034956,0.0044366554026268,-175.0,120.0,-150.0,145.0,44.44444444444444,71.42857142857143,9,7,4,5,5,2,44.44444444444444,4,5
330,-255.7986037538317,0.04458766583763461,-1.0,0.041516852766285084,0.0356521067558167,1.6666666666666663,1102.4104370644225,2.3,-0.04458766583763461,0.19215862581897653,0.24175992835285784,284.5617435714445,7123.953449969833,0.038471904104092104,1,1.0333333333333332,0.04012100405840122,0.1333011343334168,0.04433328597057877,0.3325799603452062,0.050023032744309366,0.11537623487340568,0.28860897768405347,2024-06-08,miguel baeza,punahele soriano,0.6249101116597712,0.6249101116597712,0.3750898883402288,1,0.0,1,-150.0,110.0,0.1390150936410667,2.1,1.6666666666666663,0.103961100865516,0.0356521067558167,0.0405383694346594,0.0321793128548906,0.0447437640681861,0.009120070280944,0.0120505399307619,-225.0,160.0,-192.0,175.0,40.0,33.33333333333333,5,3,2,1,3,2,40.0,2,3
331,-281.70501771802356,0.0395433546409847,-1.0,0.03648458562419388,0.0158578460562508,1.869565217391304,1909.115107294013,3.963636363636363,-0.0395433546409847,0.2679853427877322,0.36754052572023227,709.226488914362,9742.295046178207,0.038471904104092104,1,2.6378667437490964,0.03202831670239387,0.105250355169418,0.04006014396143587,0.38061766059556174,0.0389502528315955,0.08207542490727592,0.36552754660224335,2024-06-15,josh quinlan,adam fugitt,0.5543987318454991,0.5543987318454991,0.4456012681545008,1,0.0,1,-115.0,-105.0,0.08762216965619331,1.9523809523809523,1.869565217391304,0.13144604943127114,0.0232792664320201,0.0237995764494319,0.0356521067558167,0.0405383694346594,0.0113706227318075,0.0129057544857461,-150.0,110.0,-138.0,125.0,0.0,0.0,0,0,0,0,0,0,0.0,0,0
332,0.0,0.0,0.0,-0.03746376037590976,0.0158578460562508,1.2857142857142856,1909.115107294013,3.963636363636363,0.0,0.2679853427877322,0.36754052572023227,709.226488914362,9742.295046178207,0.038471904104092104,1,2.6378667437490964,0.0,0.105250355169418,0.04006014396143587,0.38061766059556174,0.0,0.0,0.36552754660224335,2024-06-15,jeka saragih,westin wilson,0.7486392974854036,0.7486392974854036,0.2513607025145964,1,0.0,1,-350.0,240.0,0.0,3.4,1.2857142857142856,0.13144604943127114,0.0263895562040242,0.0455058686325771,0.0255271203822416,0.0460650903852267,0.0125560338283826,0.0216320003596517,-385.0,260.0,-350.0,290.0,0.0,0.0,0,0,0,0,0,0,0.0,0,0
333,0.0,0.0,0.0,-0.11012820883546875,0.0158578460562508,1.25,1909.115107294013,3.963636363636363,0.0,0.2679853427877322,0.36754052572023227,709.226488914362,9742.295046178207,0.038471904104092104,1,2.6378667437490964,0.0,0.105250355169418,0.04006014396143587,0.38061766059556174,0.0,0.0,0.36552754660224335,2024-06-15,jimmy flick,nate maness,0.711897432931625,0.288102567068375,0.711897432931625,0,0.0,0,275.0,-400.0,0.0,1.25,3.75,0.13144604943127114,0.0431680677672335,0.0234985988994331,0.0571330034972966,0.0222320758677827,0.0162687076515015,0.0075408161580222,425.0,-800.0,500.0,-600.0,100.0,75.0,1,4,1,3,0,1,75.0,3,1
334,206.47927953141445,0.05362003974559018,0.5405405405405406,0.11551057833118139,0.0158578460562508,1.5405405405405406,1909.115107294013,3.963636363636363,0.028983805267886582,0.2679853427877322,0.36754052572023227,709.226488914362,9742.295046178207,0.038471904104092104,1,2.6378667437490964,0.09267528780267334,0.105250355169418,0.04006014396143587,0.38061766059556174,0.1556927713477398,0.18810361457315908,0.36552754660224335,2024-06-15,melquizael costa,shayilan nuerdanbieke,0.7241033578641002,0.7241033578641002,0.2758966421358998,1,1.0,1,-185.0,154.0,0.2535384505603895,2.54,1.5405405405405406,0.13144604943127114,0.0187287731158957,0.0240948213032229,0.034794895473237,0.0495752532432117,0.0048908886268876,0.0066033642466755,-238.0,163.0,-200.0,190.0,0.0,50.0,0,4,0,2,0,2,0.0,0,0
335,319.7323829754923,0.028050820483748237,1.6,0.34139804200426793,0.0158578460562508,2.6,1909.115107294013,3.963636363636363,0.04488131277399718,0.2679853427877322,0.36754052572023227,709.226488914362,9742.295046178207,0.038471904104092104,1,2.6378667437490964,0.08874318380393409,0.105250355169418,0.04006014396143587,0.38061766059556174,0.2735553894832133,0.30299163920836725,0.36552754660224335,2024-06-15,brady hiestand,garrett armfield,0.5159223238477953,0.5159223238477953,0.4840776761522046,1,1.0,1,160.0,-192.0,0.2427811108323989,1.5208333333333337,2.6,0.13144604943127114,0.0238990621321243,0.0182505690586025,0.0631104324313512,0.0407856714647526,-0.0027399946247238,-0.0019220100372807,175.0,-285.0,230.0,-225.0,100.0,0.0,2,0,2,0,0,0,100.0,2,0
336,256.2043107621346,0.03956016049480805,0.9090909090909087,0.1796062545138004,0.0158578460562508,1.9090909090909087,1909.115107294013,3.963636363636363,0.03596378226800731,0.2679853427877322,0.36754052572023227,709.226488914362,9742.295046178207,0.038471904104092104,1,2.6378667437490964,0.08618334690823294,0.105250355169418,0.04006014396143587,0.38061766059556174,0.1881912054418794,0.22502220521035873,0.36552754660224335,2024-06-15,douglas silva de andrade,miles johns,0.6178889904596099,0.3821110095403902,0.6178889904596099,0,0.0,0,-110.0,-110.0,0.23577798091921975,1.9090909090909087,1.9090909090909087,0.13144604943127114,0.0238095238095238,0.0238095238095238,0.04304922676037,0.0345905247924249,0.0084564946909956,0.0069281206936196,130.0,-180.0,150.0,-160.0,63.63636363636363,50.0,11,4,7,2,4,2,50.0,2,2
337,208.5155333633442,0.04975838334810934,0.5882352941176472,0.07597251955969608,0.0158578460562508,1.5882352941176472,1909.115107294013,3.963636363636363,0.029269637263593738,0.2679853427877322,0.36754052572023227,709.226488914362,9742.295046178207,0.038471904104092104,1,2.6378667437490964,0.06286775771491446,0.105250355169418,0.04006014396143587,0.38061766059556174,0.09804473751925886,0.1332723638086115,0.36552754660224335,2024-06-15,alex perez,tatsuro taira,0.6774641789820308,0.3225358210179691,0.6774641789820308,0,0.0,0,142.0,-170.0,0.17199184657709357,1.5882352941176472,2.42,0.13144604943127114,0.0236909605473527,0.0191618095781445,0.0537938673115818,0.0358698935850557,0.0087372325093323,0.0061511049596503,175.0,-265.0,210.0,-225.0,100.0,100.0,8,1,8,1,0,0,100.0,1,0
338,0.0,0.0,0.0,-0.09687107609563766,0.0158578460562508,1.2816901408450705,1909.115107294013,3.963636363636363,0.0,0.2679853427877322,0.36754052572023227,709.226488914362,9742.295046178207,0.038471904104092104,1,2.6378667437490964,0.0,0.105250355169418,0.04006014396143587,0.38061766059556174,0.0,0.0,0.36552754660224335,2024-06-15,asu almabayev,jose johnson,0.7046390505187882,0.7046390505187882,0.2953609494812118,1,1.0,1,-355.0,280.0,0.0,3.8,1.2816901408450705,0.13144604943127114,0.0158578460562508,0.0275198289003715,0.0273349729556402,0.055998360377693,0.003833783251115,0.0069119721754914,-500.0,300.0,-395.0,370.0,0.0,0.0,0,0,0,0,0,0,0.0,0,0
339,-455.76906558552014,0.046782515149170444,-1.0,0.15496136203141708,0.0232792664320201,1.6666666666666663,-853.07274054449,-1.0,-0.046782515149170444,-0.08756383752503377,-0.14636123089718298,-572.8215541776806,8316.400751456036,0.038471904104092104,1,-1.271719186278421,0.1046362441748414,0.10855763089884056,0.03565849607956484,0.32847526041530156,0.18729518912747975,0.24428433643441308,0.3543915226000294,2024-06-22,johnny walker,volkan oezdemir,0.6929768172188504,0.6929768172188504,0.3070231827811496,1,0.0,1,-150.0,110.0,0.2952560586302036,2.1,1.6666666666666663,0.012808878700040445,0.0356521067558167,0.0405383694346594,0.0436704114276651,0.0481663232662122,0.0028612375454619,0.0031447684605442,-145.0,100.0,-125.0,122.0,70.0,70.0,10,10,7,7,3,3,70.0,7,3
340,-368.63581253433534,0.0378387033842654,-1.0,0.08722034027583359,0.0232792664320201,1.9523809523809523,-853.07274054449,-1.0,-0.0378387033842654,-0.08756383752503377,-0.14636123089718298,-572.8215541776806,8316.400751456036,0.038471904104092104,1,-1.271719186278421,0.04743194778063611,0.10855763089884056,0.03565849607956484,0.32847526041530156,0.08912893569410134,0.13097448237251563,0.3543915226000294,2024-06-22,robert whittaker,ikram aliskerov,0.556868954775427,0.443131045224573,0.556868954775427,0,1.0,0,-115.0,-105.0,0.13384052596023407,1.9523809523809523,1.869565217391304,0.012808878700040445,0.0232792664320201,0.0237995764494319,0.0626565199086732,0.0678599120162093,-0.010505156280396,-0.0111398653646256,-150.0,-113.0,-110.0,120.0,60.0,0.0,15,0,9,0,6,0,0.0,0,0
341,-578.1272254703453,0.05934199515925542,-1.0,0.09034847823747333,0.0232792664320201,1.4444444444444444,-853.07274054449,-1.0,-0.05934199515925542,-0.08756383752503377,-0.14636123089718298,-572.8215541776806,8316.400751456036,0.038471904104092104,1,-1.271719186278421,0.08758526576129656,0.10855763089884056,0.03565849607956484,0.32847526041530156,0.13374777902621943,0.16694829594959848,0.3543915226000294,2024-06-22,sergei pavlovich,alexander volkov,0.7548566387797893,0.7548566387797893,0.2451433612202107,1,0.0,1,-225.0,185.0,0.24714266616401648,2.85,1.4444444444444444,0.012808878700040445,0.017924977552359,0.0252599077377893,0.0316294610237879,0.0462926168982899,0.0106100521200964,0.0150309735209291,-250.0,175.0,-225.0,200.0,83.33333333333334,69.23076923076923,6,13,5,9,1,4,83.33333333333334,5,1
342,251.738838057551,0.05633073771264458,0.45871559633027514,0.04952947643853667,0.0232792664320201,1.4587155963302751,-853.07274054449,-1.0,0.02583978794158008,-0.08756383752503377,-0.14636123089718298,-572.8215541776806,8316.400751456036,0.038471904104092104,1,-1.271719186278421,0.05525866171701711,0.10855763089884056,0.03565849607956484,0.32847526041530156,0.0720488889395122,0.10718980661261436,0.3543915226000294,2024-06-22,kelvin gastelum,daniel rodriguez,0.7194887605773617,0.7194887605773617,0.2805112394226383,1,1.0,1,-218.0,180.0,0.1559254615110608,2.8,1.4587155963302751,0.012808878700040445,0.0178645296442542,0.0248129186935715,0.0303226816346757,0.0417927029807088,0.0110663576997609,0.0147321680987648,-220.0,160.0,-196.0,175.0,70.58823529411765,50.0,17,6,12,3,5,3,70.58823529411765,12,5
343,232.4902548689085,0.05966003230422381,0.3999999999999999,0.050310689945044784,0.0232792664320201,1.4,-853.07274054449,-1.0,0.023864012921689513,-0.08756383752503377,-0.14636123089718298,-572.8215541776806,8316.400751456036,0.038471904104092104,1,-1.271719186278421,0.07545351137143341,0.10855763089884056,0.03565849607956484,0.32847526041530156,0.07705214638595789,0.1390182005824789,0.3543915226000294,2024-06-22,rinat fakhretdinov,nicolas dalby,0.7502219213893178,0.7502219213893178,0.2497780786106822,1,1.0,1,-250.0,175.0,0.21291003469231168,2.75,1.4,0.012808878700040445,0.0316294610237879,0.0462926168982899,0.0267982878510849,0.0489592879064907,0.0079721434521814,0.0137080733499867,-395.0,260.0,-350.0,310.0,100.0,42.857142857142854,1,7,1,3,0,4,100.0,1,0
344,345.4814564860606,0.040781322375863335,0.869565217391304,0.18497583674338103,0.0232792664320201,1.869565217391304,-853.07274054449,-1.0,0.03546201945727245,-0.08756383752503377,-0.14636123089718298,-572.8215541776806,8316.400751456036,0.038471904104092104,1,-1.271719186278421,0.08868564044197784,0.10855763089884056,0.03565849607956484,0.32847526041530156,0.1981545587526933,0.2336043439688037,0.3543915226000294,2024-06-22,kyung ho kang,muin gafurov,0.6338242847697155,0.3661757152302844,0.6338242847697155,0,0.0,0,-105.0,-115.0,0.2502476351333876,1.869565217391304,1.9523809523809523,0.012808878700040445,0.0237995764494319,0.0232792664320201,0.0537976062394936,0.0420019516087009,0.0084564946909956,0.0069281206936196,130.0,-195.0,150.0,-160.0,60.0,0.0,5,0,3,0,2,0,0.0,0,0
345,0.0,0.0,0.0,-0.09534744636475717,0.0316294610237879,1.5050505050505052,1650.8260966076011,2.157554379776602,0.0,0.1985024707134964,0.32949015884935406,1089.3461080445354,11056.572956108172,0.038471904104092104,1,2.522485947870118,0.0,0.2001962206090294,0.10326483358551171,0.5158180972216325,0.0,0.0,0.19217098098582644,2024-06-29,charles jourdain,jean silva,0.6010778712073089,0.6010778712073089,0.398922128792691,1,0.0,1,-198.0,164.0,0.0,2.64,1.5050505050505052,0.2801375809349284,0.0185656693505812,0.0246517396386398,0.0356521067558167,0.0405383694346594,0.0093759838689014,0.0103868619809008,-150.0,110.0,-130.0,120.0,50.0,0.0,8,0,4,0,4,0,50.0,4,4
346,0.0,0.0,0.0,-0.06702664139423092,0.0316294610237879,1.7407407407407407,1650.8260966076011,2.157554379776602,0.0,0.1985024707134964,0.32949015884935406,1089.3461080445354,11056.572956108172,0.038471904104092104,1,2.522485947870118,0.0,0.2001962206090294,0.10326483358551171,0.5158180972216325,0.0,0.0,0.19217098098582644,2024-06-29,alex pereira,jiri prochazka,0.5359634187735269,0.5359634187735269,0.464036581226473,1,1.0,1,-135.0,114.0,0.0,2.14,1.7407407407407407,0.2801375809349284,0.0197976060171143,0.0219601987154369,0.0348337488150867,0.0402991080659835,0.0123272894741075,0.0142920539154221,-155.0,114.0,-145.0,130.0,33.33333333333333,50.0,3,2,1,1,2,1,33.33333333333333,1,2
347,-417.2719616600701,0.0501745856327347,-1.0,0.06241815665537054,0.0316294610237879,1.5714285714285714,1650.8260966076011,2.157554379776602,-0.0501745856327347,0.1985024707134964,0.32949015884935406,1089.3461080445354,11056.572956108172,0.038471904104092104,1,2.522485947870118,0.0298180739170959,0.2001962206090294,0.10326483358551171,0.5158180972216325,0.08161989442712864,0.1186606409992566,0.19217098098582644,2024-06-29,ricky simon,vinicius oliveira,0.6760842815079631,0.6760842815079631,0.3239157184920369,1,0.0,1,-175.0,145.0,0.15516429048824562,2.45,1.5714285714285714,0.2801375809349284,0.0197703920738484,0.0247565095959103,0.0371730307149528,0.0561930626511406,0.0019838881455293,0.0028238041621629,-270.0,175.0,-225.0,220.0,37.5,0.0,8,0,3,0,5,0,37.5,3,5
348,217.7521541841729,0.07279002139549566,0.3597122302158271,0.13565900319658664,0.0316294610237879,1.359712230215827,1650.8260966076011,2.157554379776602,0.026183460933631515,0.1985024707134964,0.32949015884935406,1089.3461080445354,11056.572956108172,0.038471904104092104,1,2.522485947870118,0.07965989535306466,0.2001962206090294,0.10326483358551171,0.5158180972216325,0.224792032437463,0.25016101599932455,0.19217098098582644,2024-06-29,andrei arlovski,martin buday,0.8352201134620401,0.1647798865379599,0.8352201134620401,0,0.0,0,225.0,-278.0,0.41452614200340665,1.359712230215827,3.25,0.2801375809349284,0.0262452639219628,0.0168967792200803,0.0393551302004455,0.0253558275217287,0.0131363950923042,0.0088416268857176,205.0,-280.0,225.0,-250.0,47.82608695652174,100.0,23,1,11,1,12,0,100.0,1,0
349,198.40987338055555,0.06632429875404625,0.3597122302158271,0.0727769379663818,0.0316294610237879,1.359712230215827,1650.8260966076011,2.157554379776602,0.023857661422318776,0.1985024707134964,0.32949015884935406,1089.3461080445354,11056.572956108172,0.038471904104092104,1,2.522485947870118,0.04808289233461251,0.2001962206090294,0.10326483358551171,0.5158180972216325,0.11927823663037165,0.15266354602252075,0.19217098098582644,2024-06-29,michelle waterson gomez,gillian robertson,0.7889735152239529,0.2110264847760471,0.7889735152239529,0,0.0,0,225.0,-278.0,0.2502089133746935,1.359712230215827,3.25,0.2801375809349284,0.0262452639219628,0.0168967792200803,0.0379213858088197,0.0287452808578468,0.0170556976162982,0.0130805707275174,150.0,-200.0,165.0,-188.0,0.0,75.0,0,8,0,6,0,2,75.0,6,2
350,0.0,0.0,0.0,-0.1207492309405831,0.0316294610237879,1.3355704697986577,1650.8260966076011,2.157554379776602,0.0,0.1985024707134964,0.32949015884935406,1089.3461080445354,11056.572956108172,0.038471904104092104,1,2.522485947870118,0.0,0.2001962206090294,0.10326483358551171,0.5158180972216325,0.0,0.0,0.19217098098582644,2024-06-29,payton talbott,yanis ghemmouri,0.658333490401272,0.658333490401272,0.341666509598728,1,1.0,1,-298.0,240.0,0.0,3.4,1.3355704697986577,0.2801375809349284,0.0164642876034875,0.0263970780483009,0.013954759939476,0.0560732512650057,0.0059966140007255,0.0182458102416986,-2000.0,750.0,-1400.0,1000.0,0.0,0.0,0,0,0,0,0,0,0.0,0,0
351,310.3429092864651,0.03918282253217977,0.9523809523809523,0.25275536321838543,0.0316294610237879,1.9523809523809523,1650.8260966076011,2.157554379776602,0.037316973840171214,0.1985024707134964,0.32949015884935406,1089.3461080445354,11056.572956108172,0.038471904104092104,1,2.522485947870118,0.05756801999778846,0.2001962206090294,0.10326483358551171,0.5158180972216325,0.26011677526722987,0.2910888053738975,0.19217098098582644,2024-06-29,ian machado garry,michael page,0.6416551860386852,0.6416551860386852,0.3583448139613148,1,1.0,1,-105.0,-115.0,0.29956666559366935,1.869565217391304,1.9523809523809523,0.2801375809349284,0.0237995764494319,0.0232792664320201,0.0364408339561979,0.0493246550350975,0.0068736474747453,0.0088867938176105,-215.0,148.0,-182.0,170.0,100.0,0.0,1,0,1,0,0,0,100.0,1,0
352,0.0,0.0,0.0,-0.08890253834194711,0.0316294610237879,1.4201680672268908,1650.8260966076011,2.157554379776602,0.0,0.1985024707134964,0.32949015884935406,1089.3461080445354,11056.572956108172,0.038471904104092104,1,2.522485947870118,0.0,0.2001962206090294,0.10326483358551171,0.5158180972216325,0.0,0.0,0.19217098098582644,2024-06-29,mayra bueno silva,macy chiasson,0.6415419996290431,0.6415419996290431,0.3584580003709569,1,0.0,1,-238.0,195.0,0.0,2.95,1.4201680672268908,0.2801375809349284,0.0176285795524632,0.0254964831293137,0.047778051138082,0.0469480113299158,0.0085196281071092,0.0083885844532772,-117.0,-125.0,100.0,-107.0,40.0,57.14285714285714,5,7,2,4,3,3,40.0,2,3
353,268.5449734703958,0.05005106431484047,0.6451612903225803,0.18645833134248563,0.0316294610237879,1.6451612903225803,1650.8260966076011,2.157554379776602,0.03229100923538093,0.1985024707134964,0.32949015884935406,1089.3461080445354,11056.572956108172,0.038471904104092104,1,2.522485947870118,0.0620178060282283,0.2001962206090294,0.10326483358551171,0.5158180972216325,0.23184069475993815,0.25954980980366926,0.19217098098582644,2024-06-29,cub swanson,andre fili,0.7211805543454326,0.2788194456545674,0.7211805543454326,0,0.0,0,130.0,-155.0,0.32272201406310363,1.6451612903225803,2.3,0.2801375809349284,0.023106086729758,0.0195196592207963,0.0462926168982899,0.0316294610237879,0.0150309735209291,0.0106100521200964,175.0,-250.0,200.0,-225.0,65.0,50.0,20,16,13,8,7,8,50.0,8,8
354,271.1590119073798,0.05282063868952522,0.617283950617284,0.21520154517559675,0.0316294610237879,1.617283950617284,1650.8260966076011,2.157554379776602,0.03260533252439828,0.1985024707134964,0.32949015884935406,1089.3461080445354,11056.572956108172,0.038471904104092104,1,2.522485947870118,0.07294181198696346,0.2001962206090294,0.10326483358551171,0.5158180972216325,0.27475751172093027,0.29729290942817,0.19217098098582644,2024-06-29,joe pyfer,marc andre barriault,0.7513841615207888,0.7513841615207888,0.2486158384792112,1,1.0,1,-162.0,136.0,0.37956725626718474,2.3600000000000003,1.617283950617284,0.2801375809349284,0.0190342109773964,0.0230152132689483,0.0232991311295601,0.0401929323625033,0.0063886951127187,0.0102779715539479,-350.0,250.0,-300.0,275.0,100.0,50.0,1,6,1,3,0,3,100.0,1,0
355,240.40914747563633,0.04914332088157575,0.5882352941176472,0.049935998090938294,0.0316294610237879,1.5882352941176472,1650.8260966076011,2.157554379776602,0.028907835812691622,0.1985024707134964,0.32949015884935406,1089.3461080445354,11056.572956108172,0.038471904104092104,1,2.522485947870118,0.024964373713065605,0.2001962206090294,0.10326483358551171,0.5158180972216325,0.0644039284563215,0.10072429678132361,0.19217098098582644,2024-06-29,anthony smith,roman dolidze,0.661070813612813,0.3389291863871871,0.661070813612813,0,0.0,0,142.0,-170.0,0.12990709411483334,1.5882352941176472,2.42,0.2801375809349284,0.0236909605473527,0.0191618095781445,0.0425964476448598,0.0369448028175892,0.0077928439724531,0.0068216974963082,112.0,-155.0,130.0,-138.0,58.82352941176471,50.0,17,6,10,3,7,3,50.0,3,3
356,0.0,0.04859839283747154,0.0,-0.02268989093741447,0.0316294610237879,1.4,1650.8260966076011,2.157554379776602,0.0,0.1985024707134964,0.32949015884935406,1089.3461080445354,11056.572956108172,0.038471904104092104,1,2.522485947870118,0.009339200825911467,0.2001962206090294,0.10326483358551171,0.5158180972216325,-0.03477396797893247,0.031710279191719246,0.19217098098582644,2024-06-29,dan ige,diego lopes,0.6980786493304183,0.3019213506695817,0.6980786493304183,0,0.0,0,175.0,-250.0,0.04859839283747154,1.4,2.75,0.2801375809349284,0.0462926168982899,0.0316294610237879,0.0525855440880185,0.0318998629780337,0.0115765029078631,0.0074711161397558,210.0,-320.0,250.0,-275.0,72.72727272727273,0.0,11,0,8,0,3,0,0.0,0,0
357,-566.8063717339332,0.051264200397719326,-1.0,0.12827995263854186,0.0146095237354543,1.5882352941176472,-723.4478829053568,-1.0,-0.051264200397719326,-0.06543147553742591,-0.13549837911361154,-774.6998311986929,9558.425242004123,0.0384719041040921,1,-1.111764705882353,0.12333476885746499,0.08002277531122702,0.024893623586708043,0.3110817325429042,0.16603179054096678,0.19820882701358988,0.4807619325181612,2024-07-13,julian erosa,christian rodriguez,0.7103984886983411,0.2896015113016589,0.7103984886983411,0,1.0,0,142.0,-170.0,0.2565402135968948,1.5882352941176472,2.42,-0.05946462122482099,0.0236909605473527,0.0191618095781445,0.0608497914257953,0.0396286774737261,-0.0027399946247238,-0.0019220100372807,175.0,-280.0,230.0,-225.0,50.0,0.0,8,0,4,0,4,0,0.0,0,0
358,0.0,0.0,0.0,-0.07154573001953263,0.0146095237354543,1.5,-723.4478829053568,-1.0,0.0,-0.06543147553742591,-0.13549837911361154,-774.6998311986929,9558.425242004123,0.0384719041040921,1,-1.111764705882353,0.0,0.08002277531122702,0.024893623586708043,0.3110817325429042,0.0,0.0,0.4807619325181612,2024-07-13,rose namajunas,tracy cortez,0.6189695133203116,0.6189695133203116,0.3810304866796884,1,1.0,1,-200.0,163.0,0.0,2.63,1.5,-0.05946462122482099,0.0201101736544746,0.0267846298943212,0.0320812817657297,0.0512520515676035,0.0088416268857176,0.0131363950923042,-300.0,200.0,-250.0,225.0,44.44444444444444,100.0,9,2,4,2,5,0,44.44444444444444,4,5
359,0.0,0.0,0.0,-0.10056154631264158,0.0146095237354543,1.6756756756756757,-723.4478829053568,-1.0,0.0,-0.06543147553742591,-0.13549837911361154,-774.6998311986929,9558.425242004123,0.0384719041040921,1,-1.111764705882353,0.0,0.08002277531122702,0.024893623586708043,0.3110817325429042,0.0,0.0,0.4807619325181612,2024-07-13,santiago ponzinibbio,muslim salikhov,0.5367616578456816,0.5367616578456816,0.4632383421543183,1,0.0,1,-148.0,124.0,0.0,2.24,1.6756756756756757,-0.05946462122482099,0.0200233728765578,0.0231793921004005,0.0314687124102657,0.0403703680495044,0.0092525797802403,0.0117264411987806,-190.0,140.0,-175.0,160.0,66.66666666666666,80.0,12,5,8,4,4,1,66.66666666666666,8,4
360,458.72061266002237,0.03191422976533983,1.2999999999999998,0.20707506734944692,0.0146095237354543,2.3,-723.4478829053568,-1.0,0.04148849869494177,-0.06543147553742591,-0.13549837911361154,-774.6998311986929,9558.425242004123,0.0384719041040921,1,-1.111764705882353,0.09245388627852545,0.08002277531122702,0.024893623586708043,0.3110817325429042,0.18259515768629192,0.21808894633721004,0.4807619325181612,2024-07-13,drew dober,jean silva,0.5248152466736726,0.4751847533263273,0.5248152466736726,0,0.0,0,-155.0,130.0,0.19230700274929302,2.3,1.6451612903225803,-0.05946462122482099,0.0195196592207963,0.023106086729758,0.0392859653867084,0.038094986994244,0.0097005466611789,0.0095302225695902,-110.0,-124.0,100.0,-108.0,46.15384615384615,0.0,13,0,6,0,7,0,0.0,0,0
361,0.0,0.09670011949263314,0.0,-0.001062522713121683,0.0146095237354543,1.2325581395348837,-723.4478829053568,-1.0,0.0,-0.06543147553742591,-0.13549837911361154,-774.6998311986929,9558.425242004123,0.0384719041040921,1,-1.111764705882353,0.04648973632201542,0.08002277531122702,0.024893623586708043,0.3110817325429042,-0.0021151274813612842,0.048576775739482485,0.4807619325181612,2024-07-13,gabriel bonfim,ange loosa,0.8104587079874673,0.8104587079874673,0.1895412920125326,1,1.0,1,-430.0,300.0,0.09670011949263314,4.0,1.2325581395348837,-0.05946462122482099,0.0211528338556065,0.0401679208613745,0.032549170769477,0.0634104251901188,0.0058412026598846,0.0100318132131314,-450.0,260.0,-350.0,320.0,0.0,0.0,0,1,0,0,0,1,0.0,0,0
362,-614.7189293017111,0.05559760078841712,-1.0,0.0646163106572949,0.0146095237354543,1.4761904761904765,-723.4478829053568,-1.0,-0.05559760078841712,-0.06543147553742591,-0.13549837911361154,-774.6998311986929,9558.425242004123,0.0384719041040921,1,-1.111764705882353,0.0897584293121527,0.08002277531122702,0.024893623586708043,0.3110817325429042,0.09218957545647223,0.13085957781846083,0.4807619325181612,2024-07-13,joshua van,charles johnson,0.7211916943162319,0.7211916943162319,0.2788083056837681,1,0.0,1,-210.0,170.0,0.1867003671484784,2.7,1.4761904761904765,-0.05946462122482099,0.0202306563835465,0.0275590688255333,0.0320812817657297,0.0512520515676035,0.0017214526135309,0.0025411219815246,-300.0,200.0,-245.0,240.0,0.0,50.0,0,4,0,2,0,2,0.0,0,0
363,0.0,0.04074714775878949,0.0,-0.013285953433896103,0.0146095237354543,1.6666666666666663,-723.4478829053568,-1.0,0.0,-0.06543147553742591,-0.13549837911361154,-774.6998311986929,9558.425242004123,0.0384719041040921,1,-1.111764705882353,0.019589677501118695,0.08002277531122702,0.024893623586708043,0.3110817325429042,-0.016103824033764813,0.03361715245722285,0.4807619325181612,2024-07-13,montel jackson,damon blackshear,0.5920284279396625,0.5920284279396625,0.4079715720603375,1,1.0,1,-150.0,120.0,0.04074714775878949,2.2,1.6666666666666663,-0.05946462122482099,0.0253013906679012,0.0292440638775533,0.0399483203920599,0.0403899459927181,0.0109873407442177,0.0110117027756292,-120.0,-115.0,-105.0,-104.0,85.71428571428571,100.0,7,1,6,1,1,0,85.71428571428571,6,1
364,318.690730343807,0.04900019596806171,0.5882352941176472,0.0432906230359415,0.0146095237354543,1.5882352941176472,-723.4478829053568,-1.0,0.02882364468709513,-0.06543147553742591,-0.13549837911361154,-774.6998311986929,9558.425242004123,0.0384719041040921,1,-1.111764705882353,0.05729032436075626,0.08002277531122702,0.024893623586708043,0.3110817325429042,0.05582889829444628,0.09240298209799448,0.4807619325181612,2024-07-13,luana santos,mariya agapova,0.6568866885781853,0.6568866885781853,0.3431133114218146,1,1.0,1,-170.0,142.0,0.11916568364861557,2.42,1.5882352941176472,-0.05946462122482099,0.0191618095781445,0.0236909605473527,0.0221920743449993,0.0426227404698154,0.0082785373332109,0.014912557286455,-440.0,300.0,-390.0,340.0,0.0,0.0,0,1,0,0,0,1,0.0,0,0
365,-370.58587316687795,0.033517245772086084,-1.0,0.17924014701272006,0.0146095237354543,2.2,-723.4478829053568,-1.0,-0.033517245772086084,-0.06543147553742591,-0.13549837911361154,-774.6998311986929,9558.425242004123,0.0384719041040921,1,-1.111764705882353,0.08765231038765502,0.08002277531122702,0.024893623586708043,0.3110817325429042,0.1641747837437984,0.1990499781600155,0.4807619325181612,2024-07-13,josh fremd,andre petroski,0.5360182486421454,0.5360182486421454,0.4639817513578546,1,0.0,1,120.0,-142.0,0.18231957328348553,1.704225352112676,2.2,-0.05946462122482099,0.0219819935623222,0.0193403204872646,0.0372029765125536,0.0365534557344445,0.0120365301632248,0.0117729936462989,-112.0,-120.0,100.0,-110.0,0.0,50.0,1,2,0,1,1,1,0.0,0,1
366,0.0,0.0,0.0,-0.05456394039121315,0.0146095237354543,1.2352941176470589,-723.4478829053568,-1.0,0.0,-0.06543147553742591,-0.13549837911361154,-774.6998311986929,9558.425242004123,0.0384719041040921,1,-1.111764705882353,0.0,0.08002277531122702,0.024893623586708043,0.3110817325429042,0.0,0.0,0.4807619325181612,2024-07-13,evan elder,darrius flowers,0.7653530006356846,0.7653530006356846,0.2346469993643154,1,1.0,1,-425.0,330.0,0.0,4.3,1.2352941176470589,-0.05946462122482099,0.0146095237354543,0.0274724253232388,0.0282557770293627,0.0647600707049687,-0.0011259653141498,-0.0021207879326033,-625.0,333.0,-450.0,460.0,0.0,0.0,0,0,0,0,0,0,0.0,0,0
367,0.0,0.08740010938854169,0.0,-0.00545101598315495,0.0356521067558167,1.4,-956.4180586456387,-1.0,0.0,-0.10006021226621067,-0.12897371326829243,-276.3675378130097,8325.639645545474,0.0384719041040921,1,0.06273291925465818,0.022836739680072462,0.14723855831387514,0.05298569940512144,0.3598629327256072,-0.008348022254151299,0.057069732051746536,0.2612896006634335,2024-07-20,brian kelleher,cody gibson,0.7103921314406036,0.2896078685593963,0.7103921314406036,0,0.0,0,175.0,-250.0,0.08740010938854169,1.4,2.75,0.017006272357718705,0.0462926168982899,0.0316294610237879,0.0392828753414365,0.0284452615406929,0.0136538780473972,0.0101556457621264,163.0,-220.0,180.0,-200.0,58.333333333333336,0.0,12,3,7,0,5,3,0.0,0,3
368,353.99169401146384,0.0336677457606017,1.1,0.06297378709668577,0.0356521067558167,2.1,-956.4180586456387,-1.0,0.037034520336661866,-0.10006021226621067,-0.12897371326829243,-276.3675378130097,8325.639645545474,0.0384719041040921,1,0.06273291925465818,0.032653051596941506,0.14723855831387514,0.05298569940512144,0.3598629327256072,0.06001072310188769,0.13113922148966722,0.2612896006634335,2024-07-20,mohammed usman,thomas petersen,0.5061779938555646,0.4938220061444353,0.5061779938555646,0,0.0,0,-150.0,110.0,0.12496881435018084,2.1,1.6666666666666663,0.017006272357718705,0.0356521067558167,0.0405383694346594,0.0575050111410532,0.0607120431225127,-0.0069015800931359,-0.0071040221477605,-140.0,-115.0,-104.0,110.0,0.0,0.0,0,0,0,0,0,0,0.0,0,0
369,-593.8553213515211,0.062128991577173956,-1.0,0.08971679499835156,0.0356521067558167,1.4,-956.4180586456387,-1.0,-0.062128991577173956,-0.10006021226621067,-0.12897371326829243,-276.3675378130097,8325.639645545474,0.0384719041040921,1,0.06273291925465818,0.07880660017490168,0.14723855831387514,0.05298569940512144,0.3598629327256072,0.13777180251470075,0.19640560474193042,0.2612896006634335,2024-07-20,jeongyeong lee,hyder amil,0.7783691392845369,0.7783691392845369,0.2216308607154631,1,0.0,1,-250.0,175.0,0.30160634014827203,2.75,1.4,0.017006272357718705,0.0316294610237879,0.0462926168982899,0.0387831778135211,0.0535245144941712,0.0026047361397324,0.0034448706358273,-225.0,150.0,-190.0,185.0,0.0,0.0,0,0,0,0,0,0,0.0,0,0
370,287.99463445488936,0.05272736852941942,0.5714285714285714,0.16826493765641343,0.0356521067558167,1.5714285714285714,-956.4180586456387,-1.0,0.030129924873953953,-0.10006021226621067,-0.12897371326829243,-276.3675378130097,8325.639645545474,0.0384719041040921,1,0.06273291925465818,0.09179512830058234,0.14723855831387514,0.05298569940512144,0.3598629327256072,0.2198189513263189,0.2689217974029878,0.2612896006634335,2024-07-20,miranda maverick,dione barbosa,0.7434413239631722,0.7434413239631722,0.2565586760368278,1,1.0,1,-175.0,130.0,0.3513156592053712,2.3,1.5714285714285714,0.017006272357718705,0.0318698323703832,0.0392764126889053,0.0268500650832099,0.0401997433459088,0.0059277888164889,0.0085022256135255,-260.0,190.0,-230.0,215.0,100.0,0.0,5,0,5,0,0,0,100.0,5,0
371,298.15631247408373,0.04304639109443568,0.7246376811594204,0.05566114823283441,0.0356521067558167,1.7246376811594204,-956.4180586456387,-1.0,0.031193037024953397,-0.10006021226621067,-0.12897371326829243,-276.3675378130097,8325.639645545474,0.0384719041040921,1,0.06273291925465818,0.037258442776238375,0.14723855831387514,0.05298569940512144,0.3598629327256072,0.0645922360608004,0.12287807985569227,0.2612896006634335,2024-07-20,steve garcia,seungwoo choi,0.6121060439333241,0.6121060439333241,0.3878939560666758,1,1.0,1,-138.0,105.0,0.14259443422790824,2.05,1.7246376811594204,0.017006272357718705,0.0322362225882545,0.0354005882336351,0.0396494636101499,0.0503055588786056,0.0053420528861958,0.006586672976773,-190.0,130.0,-163.0,155.0,33.33333333333333,66.66666666666666,3,6,1,4,2,2,33.33333333333333,1,2
372,0.0,0.0,0.0,-0.1335852513407213,0.0356521067558167,1.7246376811594204,-956.4180586456387,-1.0,0.0,-0.10006021226621067,-0.12897371326829243,-276.3675378130097,8325.639645545474,0.0384719041040921,1,0.06273291925465818,0.0,0.14723855831387514,0.05298569940512144,0.3598629327256072,0.0,0.0,0.2612896006634335,2024-07-20,luana carolina,lucie pudilova,0.5023749382982372,0.4976250617017627,0.5023749382982372,0,1.0,0,105.0,-138.0,0.0,1.7246376811594204,2.05,0.017006272357718705,0.0354005882336351,0.0322362225882545,0.0472907115587453,0.0527092884412548,5.018208071305708e-14,-5.0071058410594566e-14,-150.0,100.0,-125.0,125.0,0.0,50.0,3,6,0,3,3,3,50.0,3,3
373,-452.4274483495822,0.047332843736791246,-1.0,0.17549066915361317,0.0356521067558167,1.6666666666666663,-956.4180586456387,-1.0,-0.047332843736791246,-0.10006021226621067,-0.12897371326829243,-276.3675378130097,8325.639645545474,0.0384719041040921,1,0.06273291925465818,0.08453501379637149,0.14723855831387514,0.05298569940512144,0.3598629327256072,0.21245206773510372,0.2672437581138476,0.2612896006634335,2024-07-20,cody durden,bruno silva,0.705294401492168,0.705294401492168,0.2947055985078319,1,0.0,1,-150.0,110.0,0.3235299590252765,2.1,1.6666666666666663,0.017006272357718705,0.0356521067558167,0.0405383694346594,0.0491942280076172,0.0423808635674742,0.0109137713479807,0.0096231764881719,110.0,-160.0,126.0,-137.0,0.0,42.857142857142854,2,7,0,3,2,4,0.0,0,2
374,-453.8402276524581,0.04748064834551147,-1.0,0.07716274039418314,0.0356521067558167,1.6134969325153374,-956.4180586456387,-1.0,-0.04748064834551147,-0.10006021226621067,-0.12897371326829243,-276.3675378130097,8325.639645545474,0.0384719041040921,1,0.06273291925465818,0.051602735463539606,0.14723855831387514,0.05298569940512144,0.3598629327256072,0.09674514121686642,0.15751759749005595,0.2612896006634335,2024-07-20,kurt holobaugh,kaynan kruschewsky,0.6675951584952542,0.3324048415047458,0.6675951584952542,0,1.0,0,120.0,-163.0,0.19749249619011422,1.6134969325153374,2.2,0.017006272357718705,0.0403376871081888,0.0339796305551364,0.0491942280076172,0.0423808635674742,0.0129057544857461,0.0113706227318075,110.0,-160.0,125.0,-138.0,100.0,0.0,2,0,2,0,0,0,0.0,0,0
375,283.6128186001148,0.04450725063273858,0.6666666666666663,0.03543246635482439,0.0356521067558167,1.6666666666666663,-956.4180586456387,-1.0,0.029671500421825703,-0.10006021226621067,-0.12897371326829243,-276.3675378130097,8325.639645545474,0.0384719041040921,1,0.06273291925465818,0.03413367110375506,0.14723855831387514,0.05298569940512144,0.3598629327256072,0.04269554209818619,0.1084125914380829,0.2612896006634335,2024-07-20,amanda lemos,virna jandiroba,0.6212594798128948,0.3787405201871052,0.6212594798128948,0,0.0,0,110.0,-150.0,0.13063539848921335,1.6666666666666663,2.1,0.017006272357718705,0.0405383694346594,0.0356521067558167,0.0403365658031246,0.0390285135619546,0.0097005466611789,0.0095302225695902,-110.0,-125.0,100.0,-108.0,42.857142857142854,75.0,7,4,3,3,4,1,75.0,3,1
376,0.0,0.0,0.0,-0.126573735283048,0.0164642876034875,1.5376344086021505,-641.1023499333561,-1.0,0.0,-0.07700337478290567,-0.06912032638533745,65.6314202665477,7750.168715878666,0.038471904104092104,1,0.30806624568092467,0.0,0.20779216934080955,0.10529709568408169,0.5067423667509773,0.0,0.0,0.18514607276173412,2024-07-27,jake hadley,caolan loughran,0.5680324658648709,0.4319675341351291,0.5680324658648709,0,1.0,0,150.0,-186.0,0.0,1.5376344086021505,2.5,0.12371771808596102,0.0283132845779334,0.0220363657717169,0.0462926168982899,0.0316294610237879,0.0118345224887278,0.0083420222779808,175.0,-250.0,205.0,-225.0,100.0,0.0,2,0,2,0,0,0,0.0,0,0
377,356.02315764113,0.03563521571098499,1.2000000000000002,0.48132851920449937,0.0164642876034875,2.2,-641.1023499333561,-1.0,0.042762258853182,-0.07700337478290567,-0.06912032638533745,65.6314202665477,7750.168715878666,0.038471904104092104,1,0.30806624568092467,0.0785589014731147,0.20779216934080955,0.10529709568408169,0.5067423667509773,0.4518495218519453,0.45198983225260553,0.18514607276173412,2024-07-27,muhammad mokaev,manel kape,0.6733311450929542,0.6733311450929542,0.3266688549070458,1,1.0,1,120.0,-142.0,0.4243076847447515,1.704225352112676,2.2,0.12371771808596102,0.0219819935623222,0.0193403204872646,0.0303226816346757,0.0417927029807088,0.0101556457621264,0.0136538780473972,-220.0,160.0,-200.0,180.0,100.0,100.0,1,1,1,1,0,0,100.0,1,0
378,0.0,0.0,0.0,-0.15469848332163905,0.0164642876034875,1.4,-641.1023499333561,-1.0,0.0,-0.07700337478290567,-0.06912032638533745,65.6314202665477,7750.168715878666,0.038471904104092104,1,0.30806624568092467,0.0,0.20779216934080955,0.10529709568408169,0.5067423667509773,0.0,0.0,0.18514607276173412,2024-07-27,molly mccann,bruna brasil,0.6037867976274007,0.6037867976274007,0.3962132023725992,1,0.0,1,-250.0,175.0,0.0,2.75,1.4,0.12371771808596102,0.0316294610237879,0.0462926168982899,0.0270265375564874,0.0481614323683246,0.0123704967454446,0.0209023405201332,-375.0,250.0,-335.0,280.0,42.857142857142854,0.0,7,0,3,0,4,0,42.857142857142854,3,4
379,198.3311374449259,0.06550975675068534,0.36363636363636376,0.0780269107214493,0.0164642876034875,1.3636363636363638,-641.1023499333561,-1.0,0.023821729727521945,-0.07700337478290567,-0.06912032638533745,65.6314202665477,7750.168715878666,0.038471904104092104,1,0.30806624568092467,0.05276672191407359,0.20779216934080955,0.10529709568408169,0.5067423667509773,0.12589649183087329,0.17663485024345024,0.18514607276173412,2024-07-27,sam patterson,kiefer crosbie,0.7905530678623961,0.7905530678623961,0.2094469321376039,1,1.0,1,-275.0,200.0,0.28500049245969955,3.0,1.3636363636363638,0.12371771808596102,0.0262663073127574,0.040400359353909,0.0225655293610897,0.0460619216193023,0.0083601951560139,0.0160071900361134,-500.0,325.0,-450.0,385.0,0.0,0.0,0,0,0,0,0,0,0.0,0,0
380,0.0,0.0,0.0,-0.06853855914288987,0.0164642876034875,1.8333333333333333,-641.1023499333561,-1.0,0.0,-0.07700337478290567,-0.06912032638533745,65.6314202665477,7750.168715878666,0.038471904104092104,1,0.30806624568092467,0.0,0.20779216934080955,0.10529709568408169,0.5067423667509773,0.0,0.0,0.18514607276173412,2024-07-27,oban elliott,preston parsons,0.508069876831151,0.491930123168849,0.508069876831151,0,1.0,0,-110.0,-120.0,0.0,1.8333333333333333,1.9090909090909087,0.12371771808596102,0.0350135352882691,0.0342505339758,0.0495190070936725,0.0394271344840477,0.0076332407565121,0.0062663731431017,128.0,-186.0,150.0,-159.0,0.0,100.0,0,1,0,1,0,0,100.0,1,0
381,223.94134521655747,0.058637192258650814,0.45871559633027514,0.09836737161840065,0.0164642876034875,1.4587155963302751,-641.1023499333561,-1.0,0.02689779461406,-0.07700337478290567,-0.06912032638533745,65.6314202665477,7750.168715878666,0.038471904104092104,1,0.30806624568092467,0.04752124206341904,0.20779216934080955,0.10529709568408169,0.5067423667509773,0.14351065809746752,0.1759301164046323,0.18514607276173412,2024-07-27,arnold allen,giga chikadze,0.7529688270843125,0.7529688270843125,0.2470311729156875,1,1.0,1,-218.0,180.0,0.2566689174367446,2.8,1.4587155963302751,0.12371771808596102,0.0178645296442542,0.0248129186935715,0.0298859964891874,0.0470370804338894,0.0051427618442088,0.0076504151280726,-290.0,200.0,-250.0,235.0,100.0,66.66666666666666,9,3,9,2,0,1,100.0,9,0
382,-344.41638523241454,0.041368159071920686,-1.0,0.12142269088697277,0.0164642876034875,1.8,-641.1023499333561,-1.0,-0.041368159071920686,-0.07700337478290567,-0.06912032638533745,65.6314202665477,7750.168715878666,0.038471904104092104,1,0.30806624568092467,0.03899550946972276,0.20779216934080955,0.10529709568408169,0.5067423667509773,0.13454031564288163,0.19008485034670297,0.18514607276173412,2024-07-27,christian leroy duncan,gregory rodrigues,0.6230126060483182,0.6230126060483182,0.3769873939516818,1,0.0,1,-125.0,-105.0,0.21062023562285534,1.9523809523809523,1.8,0.12371771808596102,0.0331297358984499,0.0346209416083251,0.0382576321409336,0.0415743006321754,0.0104752559866196,0.0111697656584019,-138.0,100.0,-120.0,110.0,0.0,0.0,0,3,0,0,0,3,0.0,0,0
383,164.96185333695118,0.06934800342796986,0.2857142857142856,0.016568130405009013,0.0164642876034875,1.2857142857142856,-641.1023499333561,-1.0,0.01981371526513424,-0.07700337478290567,-0.06912032638533745,65.6314202665477,7750.168715878666,0.038471904104092104,1,0.30806624568092467,0.02924951888827861,0.20779216934080955,0.10529709568408169,0.5067423667509773,0.029771696876098375,0.08791725871205819,0.18514607276173412,2024-07-27,nathaniel wood,daniel pineda,0.7906641014261182,0.7906641014261182,0.2093358985738818,1,1.0,1,-350.0,240.0,0.1579807686545965,3.4,1.2857142857142856,0.12371771808596102,0.0263895562040242,0.0455058686325771,0.0244045177844269,0.0498926709705931,0.0029652804861365,0.0053680528471968,-500.0,315.0,-400.0,380.0,50.0,25.0,6,8,3,2,3,6,50.0,3,3
384,0.0,0.07012228618372353,0.0,-0.005033250978790371,0.0164642876034875,1.5,-641.1023499333561,-1.0,0.0,-0.07700337478290567,-0.06912032638533745,65.6314202665477,7750.168715878666,0.038471904104092104,1,0.30806624568092467,0.01298286589999082,0.20779216934080955,0.10529709568408169,0.5067423667509773,-0.006969281811196791,0.050642673826478,0.18514607276173412,2024-07-27,mick parkin,lukasz brzeski,0.6633111660141398,0.6633111660141398,0.3366888339858602,1,1.0,1,-200.0,150.0,0.07012228618372353,2.5,1.5,0.12371771808596102,0.0287452808578468,0.0379213858088197,0.0230725937328416,0.0514615677578416,0.003465229786032,0.0066425869255583,-600.0,360.0,-460.0,430.0,0.0,0.0,0,0,0,0,0,0,0.0,0,0
385,0.0,0.0,0.0,-0.1505917237520028,0.0164642876034875,1.5050505050505052,-641.1023499333561,-1.0,0.0,-0.07700337478290567,-0.06912032638533745,65.6314202665477,7750.168715878666,0.038471904104092104,1,0.30806624568092467,0.0,0.20779216934080955,0.10529709568408169,0.5067423667509773,0.0,0.0,0.18514607276173412,2024-07-27,tom aspinall,curtis blaydes,0.5643719419365887,0.5643719419365887,0.4356280580634113,1,1.0,1,-198.0,164.0,0.0,2.64,1.5050505050505052,0.12371771808596102,0.0185656693505812,0.0246517396386398,0.0211528338556065,0.0401679208613745,0.013467421863802,0.024627816231436,-430.0,300.0,-400.0,320.0,66.66666666666666,78.57142857142857,3,14,2,11,1,3,66.66666666666666,2,1
386,-533.2096881406023,0.06404429099040929,-1.0,0.007088360473258337,0.0164642876034875,1.3355704697986577,-641.1023499333561,-1.0,-0.06404429099040929,-0.07700337478290567,-0.06912032638533745,65.6314202665477,7750.168715878666,0.038471904104092104,1,0.30806624568092467,0.015056504855883323,0.20779216934080955,0.10529709568408169,0.5067423667509773,0.011978710204878888,0.048122191931841286,0.18514607276173412,2024-07-27,leon edwards,belal muhammad,0.7540510839724397,0.7540510839724397,0.2459489160275603,1,0.0,1,-298.0,240.0,0.08132230206826829,3.4,1.3355704697986577,0.12371771808596102,0.0164642876034875,0.0263970780483009,0.0298434802109398,0.0466596320747645,0.0088416268857176,0.0131363950923042,-286.0,198.0,-250.0,225.0,71.42857142857143,66.66666666666666,14,15,10,10,4,5,71.42857142857143,10,4
387,0.0,0.0,0.0,-0.10941645671087666,0.0247466920312049,1.2857142857142856,-680.9355760768048,-1.0,0.0,-0.0878607422676739,-0.06319676869702771,191.14995637648036,7260.3830961783415,0.0384719041040921,1,0.42267877050485736,0.0,0.06912780800774172,0.016294561027858392,0.235716443171951,0.0,0.0,0.556532967164004,2024-08-03,mohammad yahya,kaue fernandes,0.6926760892248738,0.3073239107751262,0.6926760892248738,0,0.0,0,260.0,-350.0,0.0,1.2857142857142856,3.6,0.13000177976805824,0.0351697471818625,0.0203858083736931,0.0555138125575491,0.0302004731567365,0.0159520015964056,0.0093288972799989,250.0,-400.0,300.0,-345.0,0.0,0.0,0,0,0,0,0,0,0.0,0,0
388,0.0,0.0,0.0,-0.0561448918211046,0.0247466920312049,1.3636363636363638,-680.9355760768048,-1.0,0.0,-0.0878607422676739,-0.06319676869702771,191.14995637648036,7260.3830961783415,0.0384719041040921,1,0.42267877050485736,0.0,0.06912780800774172,0.016294561027858392,0.235716443171951,0.0,0.0,0.556532967164004,2024-08-03,shamil gaziev,dontale mayes,0.6921604126645232,0.6921604126645232,0.3078395873354768,1,1.0,1,-275.0,220.0,0.0,3.2,1.3636363636363638,0.13000177976805824,0.0180098262235651,0.0278235071097681,0.0537337628339733,0.204330753295059,-0.0615341415116038,-0.0874854663315334,-1450.0,210.0,-275.0,750.0,0.0,100.0,0,4,0,4,0,0,0.0,0,0
389,204.41632847253905,0.05275145250805384,0.5,0.02003381251959946,0.0247466920312049,1.5,-680.9355760768048,-1.0,0.02637572625402692,-0.0878607422676739,-0.06319676869702771,191.14995637648036,7260.3830961783415,0.0384719041040921,1,0.42267877050485736,0.05091565580403461,0.06912780800774172,0.016294561027858392,0.235716443171951,0.02793104406849387,0.06562009904516568,0.556532967164004,2024-08-03,azamat murzakanov,alonzo menifield,0.680022541679733,0.680022541679733,0.319977458320267,1,1.0,1,-200.0,165.0,0.0914872232340377,2.65,1.5,0.13000177976805824,0.0188658503251424,0.0251593069075619,0.0502019244081837,0.0835493817569155,-0.0090510283739019,-0.01292699360412,-335.0,175.0,-225.0,250.0,0.0,33.33333333333333,2,6,0,2,2,4,0.0,0,2
390,265.67244387997727,0.03942150444235015,0.869565217391304,0.005717819893602372,0.0247466920312049,1.869565217391304,-680.9355760768048,-1.0,0.03427956908030446,-0.0878607422676739,-0.06319676869702771,191.14995637648036,7260.3830961783415,0.0384719041040921,1,0.42267877050485736,0.030012071993276417,0.06912780800774172,0.016294561027858392,0.235716443171951,0.006107632661757917,0.05048503322401172,0.556532967164004,2024-08-03,marlon vera,deiveson figueiredo,0.5379420897105316,0.4620579102894683,0.5379420897105316,0,0.0,0,-105.0,-115.0,0.05392685386853677,1.869565217391304,1.9523809523809523,0.13000177976805824,0.0237995764494319,0.0232792664320201,0.0336603803563935,0.0293025826065694,0.0109908024649661,0.0097248284201562,116.0,-150.0,125.0,-136.0,72.22222222222221,36.36363636363637,18,11,13,4,5,7,36.36363636363637,4,7
391,-423.0127819853957,0.05458110623046444,-1.0,0.11397392888093921,0.0247466920312049,1.526315789473684,-680.9355760768048,-1.0,-0.05458110623046444,-0.0878607422676739,-0.06319676869702771,191.14995637648036,7260.3830961783415,0.0384719041040921,1,0.42267877050485736,0.14130704573115685,0.06912780800774172,0.016294561027858392,0.235716443171951,0.15578828969916003,0.18575633386904292,0.556532967164004,2024-08-03,viktoriia dudakova,sam hughes,0.729844987887512,0.729844987887512,0.270155012112488,1,0.0,1,-190.0,160.0,0.25390597515046265,2.6,1.526315789473684,0.13000177976805824,0.0172648620833434,0.0225229363251446,0.0477530530216476,0.065883310614716,-0.0028453830411125,-0.0036481234523939,-230.0,140.0,-175.0,180.0,0.0,50.0,0,4,0,2,0,2,0.0,0,0
392,0.0,0.035594706005657624,0.0,-0.008307904103151742,0.0247466920312049,1.6756756756756757,-680.9355760768048,-1.0,0.0,-0.0878607422676739,-0.06319676869702771,191.14995637648036,7260.3830961783415,0.0384719041040921,1,0.42267877050485736,0.019809627348659032,0.06912780800774172,0.016294561027858392,0.235716443171951,-0.01002618811669432,0.029494499867052396,0.556532967164004,2024-08-03,mackenzie dern,loopy godinez,0.5918162507771514,0.4081837492228485,0.5918162507771514,0,1.0,0,124.0,-148.0,0.035594706005657624,1.6756756756756757,2.24,0.13000177976805824,0.0231793921004005,0.0200233728765578,0.0436704114276651,0.0481663232662122,0.0028612375454619,0.0031447684605442,-145.0,100.0,-125.0,122.0,66.66666666666666,100.0,9,1,6,1,3,0,100.0,1,0
393,146.78185764650274,0.08617327916013877,0.2197802197802201,0.048440909744358274,0.0247466920312049,1.21978021978022,-680.9355760768048,-1.0,0.018939182232997558,-0.0878607422676739,-0.06319676869702771,191.14995637648036,7260.3830961783415,0.0384719041040921,1,0.42267877050485736,0.1545835742326466,0.06912780800774172,0.016294561027858392,0.235716443171951,0.10066845364240094,0.13365688719862204,0.556532967164004,2024-08-03,tony ferguson,michael chiesa,0.8595326377183475,0.1404673622816525,0.8595326377183475,0,0.0,0,350.0,-455.0,0.27776175600230446,1.21978021978022,4.5,0.13000177976805824,0.0277332659130896,0.0143087761289523,0.0581989253131667,0.0260122855074861,0.0071159069716245,0.0037773392157393,340.0,-599.0,410.0,-440.0,84.21052631578947,53.333333333333336,19,15,16,8,3,7,53.333333333333336,8,7
394,0.0,0.0036740235890336923,0.0,-0.021568756337242034,0.0247466920312049,1.359712230215827,-680.9355760768048,-1.0,0.0,-0.0878607422676739,-0.06319676869702771,191.14995637648036,7260.3830961783415,0.0384719041040921,1,0.42267877050485736,0.002044715249435464,0.06912780800774172,0.016294561027858392,0.235716443171951,-0.035271614849267434,0.0022466824926444507,0.556532967164004,2024-08-03,cory sandhagen,umar nurmagomedov,0.7195869993075311,0.2804130006924689,0.7195869993075311,0,0.0,0,225.0,-278.0,0.0036740235890336923,1.359712230215827,3.25,0.13000177976805824,0.0262452639219628,0.0168967792200803,0.0417702567695023,0.0228762078769623,0.0183459837094261,0.010791545428103,275.0,-395.0,290.0,-340.0,77.77777777777779,100.0,9,3,7,3,2,0,100.0,3,0
395,255.21490245426602,0.03951628592518939,0.8333333333333333,0.01750952317875548,0.0247466920312049,1.8333333333333333,-680.9355760768048,-1.0,0.032930238270991154,-0.0878607422676739,-0.06319676869702771,191.14995637648036,7260.3830961783415,0.0384719041040921,1,0.42267877050485736,0.04987111781385909,0.06912780800774172,0.016294561027858392,0.235716443171951,0.019030802930250352,0.08244710572315768,0.556532967164004,2024-08-03,joel alvarez,elves brener,0.5550051944611394,0.5550051944611394,0.4449948055388606,1,1.0,1,-120.0,-110.0,0.0896103568994191,1.9090909090909087,1.8333333333333333,0.13000177976805824,0.0342505339758,0.0350135352882691,0.0329579201220419,0.0395327235274406,0.0156975365234555,0.0185115494097682,-166.0,123.0,-152.0,132.0,50.0,0.0,4,0,2,0,2,0,50.0,2,2
396,-257.92279409140906,0.033279636037209466,-1.0,0.1629728389649494,0.0247466920312049,2.2,-680.9355760768048,-1.0,-0.033279636037209466,-0.0878607422676739,-0.06319676869702771,191.14995637648036,7260.3830961783415,0.0384719041040921,1,0.42267877050485736,0.09645631908498173,0.06912780800774172,0.016294561027858392,0.235716443171951,0.14918834206443912,0.1893303040365269,0.556532967164004,2024-08-03,jai herbert,rolando bedoya,0.5286240177113406,0.4713759822886593,0.5286240177113406,0,1.0,0,-145.0,120.0,0.17331645163179907,2.2,1.6896551724137931,0.13000177976805824,0.021635497208127,0.0247466920312049,0.0461226903215928,0.0485022841317077,0.0057123740755625,0.0059020277827417,-133.0,-110.0,-110.0,105.0,75.0,0.0,4,0,3,0,1,0,0.0,0,0
397,0.0,0.0,0.0,-0.12016718687033018,0.0237995764494319,1.4081632653061225,1008.4548075616435,1.2828207051762934,0.0,0.13889829148168026,0.19281201126760086,391.4342597857937,8660.272163525779,0.021440294574555846,1,1.0327581895473865,0.0,0.021440294574555846,0.0018105081895653545,0.08444418444296774,0.0,0.0,1.0,2024-08-10,damon jackson,chepe mariscal,0.6248088093239684,0.3751911906760315,0.6248088093239684,0,0.0,0,190.0,-245.0,0.0,1.4081632653061225,2.9,0.10827568569887713,0.0326337911497175,0.0223387225934109,0.0379213858088197,0.0287452808578468,0.0154220321682451,0.0120504953042823,150.0,-200.0,160.0,-180.0,33.33333333333333,0.0,6,0,2,0,4,0,0.0,0,0
398,217.259642788448,0.04638218698120095,0.6451612903225803,0.027072633769457788,0.0237995764494319,1.6451612903225803,1008.4548075616435,1.2828207051762934,0.029923991600774795,0.13889829148168026,0.19281201126760086,391.4342597857937,8660.272163525779,0.021440294574555846,1,1.0327581895473865,0.08738796590386343,0.021440294574555846,0.0018105081895653545,0.08444418444296774,0.03339218105393024,0.0708495917937263,1.0,2024-08-10,karol rosa,pannie kianzad,0.6242990518990823,0.6242990518990823,0.3757009481009177,1,1.0,1,-155.0,130.0,0.08738796590386343,2.3,1.6451612903225803,0.10827568569887713,0.0195196592207963,0.023106086729758,0.033043503103694,0.051020824381686,0.0036195154374515,0.0052931405340279,-280.0,188.0,-240.0,230.0,66.66666666666666,50.0,6,4,4,2,2,2,66.66666666666666,4,2
399,0.0,0.0,0.0,-0.06807579085294235,0.0237995764494319,1.4081632653061225,1008.4548075616435,1.2828207051762934,0.0,0.13889829148168026,0.19281201126760086,391.4342597857937,8660.272163525779,0.021440294574555846,1,1.0327581895473865,0.0,0.021440294574555846,0.0018105081895653545,0.08444418444296774,0.0,0.0,1.0,2024-08-10,jhonata diniz,karl williams,0.6618012499739975,0.3381987500260025,0.6618012499739975,0,1.0,0,200.0,-245.0,0.0,1.4081632653061225,3.0,0.10827568569887713,0.0258446282047153,0.0176336326648498,0.0668979879403213,0.0516617310292335,-0.0024221271243294,-0.0019651206089258,124.0,-205.0,163.0,-160.0,0.0,100.0,0,1,0,1,0,0,100.0,1,0
400,174.1746169973457,0.061893498717676174,0.3875968992248062,0.050033768979275584,0.0237995764494319,1.3875968992248062,1008.4548075616435,1.2828207051762934,0.023989728185145803,0.13889829148168026,0.19281201126760086,391.4342597857937,8660.272163525779,0.021440294574555846,1,1.0327581895473865,0.17986219989187768,0.021440294574555846,0.0018105081895653545,0.08444418444296774,0.07894740001333492,0.11398961531316358,1.0,2024-08-10,youssef zalal,jarno errens,0.7567282469180254,0.7567282469180254,0.2432717530819745,1,1.0,1,-258.0,210.0,0.17986219989187768,3.1,1.3875968992248062,0.10827568569887713,0.0172934134973199,0.0259576227254229,0.0240411371388507,0.0532535488514874,0.0073418189481296,0.0146707596682225,-590.0,350.0,-500.0,430.0,100.0,0.0,3,0,3,0,0,0,100.0,3,0
401,0.0,0.03201678966813013,0.0,-0.014485972080754916,0.0237995764494319,1.9523809523809523,1008.4548075616435,1.2828207051762934,0.0,0.13889829148168026,0.19281201126760086,391.4342597857937,8660.272163525779,0.021440294574555846,1,1.0327581895473865,0.03201678966813013,0.021440294574555846,0.0018105081895653545,0.08444418444296774,-0.014823815718949723,0.03128710785678842,1.0,2024-08-10,yana santos,chelsea chandler,0.5047754777147353,0.5047754777147353,0.4952245222852647,1,1.0,1,-105.0,-115.0,0.03201678966813013,1.869565217391304,1.9523809523809523,0.10827568569887713,0.0237995764494319,0.0232792664320201,0.0301197302765585,0.0353206659031373,0.0105778254586148,0.0122933919938833,-157.0,120.0,-145.0,132.0,100.0,0.0,1,0,1,0,0,0,100.0,1,0
402,0.0,0.0,0.0,-0.052858538659624144,0.0236112560580139,1.1869158878504673,-909.1624382321348,-1.0,0.0,-0.10498081596802793,-0.07816720388600645,232.2131783175091,7983.3229036111525,0.038471904104092104,1,1.6869237079573416,0.0,0.24295649934342567,0.13161015730573533,0.541702558529627,0.0,0.0,0.15834893986396723,2024-08-17,jack jenkins,herbert burns,0.7979853256962222,0.7979853256962222,0.2020146743037778,1,1.0,1,-535.0,400.0,0.0,5.0,1.1869158878504673,0.05646061227605411,0.0137943173646942,0.0287253676746758,0.0280950765476558,0.0849484017132136,-0.0037289297398875,-0.0074971323336321,-1050.0,400.0,-549.0,600.0,0.0,33.33333333333333,0,3,0,1,0,2,0.0,0,0
403,0.0,0.012544083282362775,0.0,-0.021418098374701766,0.0236112560580139,1.6024096385542168,-909.1624382321348,-1.0,0.0,-0.10498081596802793,-0.07816720388600645,232.2131783175091,7983.3229036111525,0.038471904104092104,1,1.6869237079573416,0.0019863422893274594,0.24295649934342567,0.13161015730573533,0.541702558529627,-0.027343300049659867,0.00982582238698872,0.15834893986396723,2024-08-17,josh culibao,ricardo ramos,0.6106939686834568,0.6106939686834568,0.3893060313165432,1,0.0,1,-166.0,140.0,0.012544083282362775,2.4,1.6024096385542168,0.05646061227605411,0.018311706040946,0.0224151110016604,0.0459416887491485,0.0495867665354043,0.0020042009922551,0.0021659407925654,-140.0,-105.0,-120.0,118.0,0.0,71.42857142857143,0,7,0,5,0,2,0.0,0,0
404,0.0,0.0,0.0,-0.027113888442889172,0.0236112560580139,1.0909090909090908,-909.1624382321348,-1.0,0.0,-0.10498081596802793,-0.07816720388600645,232.2131783175091,7983.3229036111525,0.038471904104092104,1,1.6869237079573416,0.0,0.24295649934342567,0.13161015730573533,0.541702558529627,0.0,0.0,0.15834893986396723,2024-08-17,tom nolan,alex reyes,0.8918122689273517,0.8918122689273517,0.1081877310726483,1,1.0,1,-1100.0,700.0,0.0,8.0,1.0909090909090908,0.05646061227605411,0.010809779385279,0.0308568872813876,0.0145173846298943,0.051659085958341,0.007267945429165,0.0203176377119734,-1600.0,700.0,-1115.0,810.0,0.0,0.0,0,0,0,0,0,0,0.0,0,0
405,0.0,0.0,0.0,-0.04779583023931516,0.0236112560580139,1.6024096385542168,-909.1624382321348,-1.0,0.0,-0.10498081596802793,-0.07816720388600645,232.2131783175091,7983.3229036111525,0.038471904104092104,1,1.6869237079573416,0.0,0.24295649934342567,0.13161015730573533,0.541702558529627,0.0,0.0,0.15834893986396723,2024-08-17,casey oneill,luana santos,0.59423267736945,0.4057673226305501,0.59423267736945,0,1.0,0,140.0,-166.0,0.0,1.6024096385542168,2.4,0.05646061227605411,0.0224151110016604,0.018311706040946,0.0551905946218716,0.0479988988115243,0.0061374951931404,0.0055084675397788,105.0,-160.0,124.0,-130.0,75.0,0.0,4,0,3,0,1,0,0.0,0,0
406,380.58554626130143,0.030518153846266036,1.44,0.5760962783914012,0.0236112560580139,2.44,-909.1624382321348,-1.0,0.043946141538623085,-0.10498081596802793,-0.07816720388600645,232.2131783175091,7983.3229036111525,0.038471904104092104,1,1.6869237079573416,0.06849131797311503,0.24295649934342567,0.13161015730573533,0.541702558529627,0.4958822080101148,0.5025009725081039,0.15834893986396723,2024-08-17,dricus du plessis,israel adesanya,0.645941097701394,0.645941097701394,0.354058902298606,1,1.0,1,144.0,-186.0,0.4325341112605733,1.5376344086021505,2.44,0.05646061227605411,0.0337659075685295,0.0264198083548913,0.0465338790464816,0.0464319786252584,-0.0024698783521157,-0.0024806166973891,-120.0,-121.0,100.0,102.0,75.0,69.23076923076923,4,13,3,9,1,4,75.0,3,1
407,0.0,0.0,0.0,-0.1627825942796829,0.0236112560580139,1.5882352941176472,-909.1624382321348,-1.0,0.0,-0.10498081596802793,-0.07816720388600645,232.2131783175091,7983.3229036111525,0.038471904104092104,1,1.6869237079573416,0.0,0.24295649934342567,0.13161015730573533,0.541702558529627,0.0,0.0,0.15834893986396723,2024-08-17,tai tuivasa,jairzinho rozenstruik,0.5271368850831626,0.4728631149168374,0.5271368850831626,0,0.0,0,132.0,-170.0,0.0,1.5882352941176472,2.3200000000000003,0.05646061227605411,0.0333769876637669,0.0272871247244832,0.0513452487166904,0.0345133371418953,0.0183309337818654,0.0129598093732845,175.0,-260.0,195.0,-225.0,80.0,81.81818181818183,10,11,8,9,2,2,81.81818181818183,9,2
408,-644.8669199951199,0.07446266212176189,-1.0,0.1270281076308521,0.0236112560580139,1.3389830508474576,-909.1624382321348,-1.0,-0.07446266212176189,-0.10498081596802793,-0.07816720388600645,232.2131783175091,7983.3229036111525,0.038471904104092104,1,1.6869237079573416,0.06754724259012083,0.24295649934342567,0.13161015730573533,0.541702558529627,0.21477697235740928,0.25229263764241894,0.15834893986396723,2024-08-17,mateusz gamrot,dan hooker,0.8417045360787376,0.8417045360787376,0.1582954639212623,1,0.0,1,-295.0,220.0,0.4265721175534779,3.2,1.3389830508474576,0.05646061227605411,0.0228866584861963,0.0364487845517783,0.0253343334093399,0.0492577411827345,0.0075571298180011,0.0135300304444168,-450.0,290.0,-385.0,340.0,75.0,72.72727272727273,4,11,3,8,1,3,75.0,3,1
409,0.0,0.0,0.0,-0.05045894855501143,0.0236112560580139,1.4878048780487805,-909.1624382321348,-1.0,0.0,-0.10498081596802793,-0.07816720388600645,232.2131783175091,7983.3229036111525,0.038471904104092104,1,1.6869237079573416,0.0,0.24295649934342567,0.13161015730573533,0.541702558529627,0.0,0.0,0.15834893986396723,2024-08-17,kai kara france,steve erceg,0.6382161165449923,0.3617838834550076,0.6382161165449923,0,1.0,0,172.0,-205.0,0.0,1.4878048780487805,2.72,0.05646061227605411,0.022861479381002,0.0169167269835109,0.0546959456716461,0.0342871051758115,0.0050262223086338,0.003377139035904,195.0,-300.0,240.0,-250.0,75.0,0.0,8,0,6,0,2,0,0.0,0,0
410,297.44992823198675,0.03949846044186238,0.869565217391304,0.02683125259253588,0.0236112560580139,1.869565217391304,-909.1624382321348,-1.0,0.03434648734074988,-0.10498081596802793,-0.07816720388600645,232.2131783175091,7983.3229036111525,0.038471904104092104,1,1.6869237079573416,0.01220078253377063,0.24295649934342567,0.13161015730573533,0.541702558529627,0.028648244504699077,0.07216314618071454,0.15834893986396723,2024-08-17,junior tafa,valter walker,0.5492353211541472,0.4507646788458527,0.5492353211541472,0,0.0,0,-105.0,-115.0,0.07704997926889787,1.869565217391304,1.9523809523809523,0.05646061227605411,0.0237995764494319,0.0232792664320201,0.0674835314406031,0.0635237101657169,-0.0092564643899055,-0.0088907091878096,-117.0,-145.0,114.0,-106.0,0.0,0.0,0,0,0,0,0,0,0.0,0,0
411,199.04462381934084,0.06090666010968759,0.37735849056603765,0.026773811759353672,0.0236112560580139,1.3773584905660377,-909.1624382321348,-1.0,0.022983645324410405,-0.10498081596802793,-0.07816720388600645,232.2131783175091,7983.3229036111525,0.038471904104092104,1,1.6869237079573416,0.022907447214707072,0.24295649934342567,0.13161015730573533,0.541702558529627,0.042459981495857724,0.09122039309906083,0.15834893986396723,2024-08-17,li jingliang,carlos prates,0.7454659181266541,0.2545340818733458,0.7454659181266541,0,0.0,0,200.0,-265.0,0.14466435477487988,1.3773584905660377,3.0,0.05646061227605411,0.0357494745355933,0.0236112560580139,0.0558182489476436,0.0296518365224418,0.0100318132131314,0.0058412026598846,260.0,-420.0,320.0,-350.0,66.66666666666666,0.0,9,0,6,0,3,0,0.0,0,0
412,267.8463707645251,0.04965509143469382,0.6756756756756757,0.2246093038678973,0.0246517396386398,1.6756756756756757,-458.15043706220155,-1.0,0.033550737455874204,-0.05738843869824721,-0.02270206044212883,276.91255797538975,7802.085024524341,0.038471904104092104,1,0.8153308480894692,0.07028607754801693,0.199241852921997,0.11676791586263066,0.5860611821771462,0.2741184465013087,0.29826045614222774,0.19309147922426628,2024-08-24,angela hill,tabatha ricci,0.7308152297276161,0.2691847702723838,0.7308152297276161,0,0.0,0,124.0,-148.0,0.3640040349288696,1.6756756756756757,2.24,0.052484835720557725,0.0231793921004005,0.0200233728765578,0.0624136696846838,0.0496660314361131,-0.0084078429797641,-0.0069767724048511,120.0,-192.0,160.0,-150.0,71.42857142857143,100.0,14,2,10,2,4,0,100.0,2,0
413,0.0,0.05117963506112724,0.0,-0.010452923557950633,0.0246517396386398,1.6849315068493151,-458.15043706220155,-1.0,0.0,-0.05738843869824721,-0.02270206044212883,276.91255797538975,7802.085024524341,0.038471904104092104,1,0.8153308480894692,0.009882351440111181,0.199241852921997,0.11676791586263066,0.5860611821771462,-0.012491586663931754,0.04282697045704105,0.19309147922426628,2024-08-24,dennis buzukja,francis marshall,0.587292167319265,0.412707832680735,0.587292167319265,0,0.0,0,114.0,-146.0,0.05117963506112724,1.6849315068493151,2.14,0.052484835720557725,0.0323203113680271,0.0284653432174907,0.0599464743542338,0.0442201923124329,-0.0036481234523939,-0.0028453830411125,140.0,-220.0,180.0,-175.0,0.0,0.0,0,1,0,0,0,1,0.0,0,1
414,268.05715125678233,0.04868685308300867,0.6896551724137931,0.21658095984640213,0.0246517396386398,1.6896551724137931,-458.15043706220155,-1.0,0.03357714005724736,-0.05738843869824721,-0.02270206044212883,276.91255797538975,7802.085024524341,0.038471904104092104,1,0.8153308480894692,0.06673581196607568,0.199241852921997,0.11676791586263066,0.5860611821771462,0.26137333387609263,0.28638801277647563,0.19309147922426628,2024-08-24,jared cannonier,caio borralho,0.720017302766238,0.279982697233762,0.720017302766238,0,0.0,0,122.0,-145.0,0.34561759138302167,1.6896551724137931,2.22,0.052484835720557725,0.0225925289248723,0.0196946562194557,0.0634346923493256,0.0369237305897426,0.0045494022130446,0.0029581052944629,210.0,-350.0,260.0,-270.0,50.0,100.0,12,2,6,2,6,0,100.0,2,0
415,345.1036827026421,0.02981246564475905,1.4500000000000002,0.3105109404773577,0.0246517396386398,2.45,-458.15043706220155,-1.0,0.043228075184900634,-0.05738843869824721,-0.02270206044212883,276.91255797538975,7802.085024524341,0.038471904104092104,1,0.8153308480894692,0.04744217211143022,0.199241852921997,0.11676791586263066,0.5860611821771462,0.2607095134831422,0.2926317756702959,0.19309147922426628,2024-08-24,jacqueline cavalcanti,josiane nunes,0.5349024246846358,0.5349024246846358,0.4650975753153642,1,1.0,1,145.0,-175.0,0.24569790599785327,1.5714285714285714,2.45,0.052484835720557725,0.0247565095959103,0.0197703920738484,0.0320812817657297,0.0512520515676035,0.0111348839931298,0.0171023084231671,-300.0,200.0,-270.0,235.0,0.0,100.0,0,1,0,1,0,0,0.0,0,0
416,-383.94674948128386,0.04809360138841566,-1.0,0.17358131712716307,0.0246517396386398,1.6756756756756757,-458.15043706220155,-1.0,-0.04809360138841566,-0.05738843869824721,-0.02270206044212883,276.91255797538975,7802.085024524341,0.038471904104092104,1,0.8153308480894692,0.056393416068263195,0.199241852921997,0.11676791586263066,0.5860611821771462,0.21059427224912694,0.2407252896181635,0.19309147922426628,2024-08-24,edmen shahbazyan,gerald meerschaert,0.7003630440920167,0.7003630440920167,0.2996369559079833,1,0.0,1,-148.0,124.0,0.2920554355625657,2.24,1.6756756756756757,0.052484835720557725,0.0200233728765578,0.0231793921004005,0.0248211057667622,0.0428117444747838,0.0097218056138841,0.0159810056310957,-350.0,245.0,-315.0,275.0,75.0,52.94117647058824,8,17,6,9,2,8,75.0,6,2
417,0.0,0.011337131903939203,0.0,-0.020563311432402254,0.0246517396386398,1.4587155963302751,-458.15043706220155,-1.0,0.0,-0.05738843869824721,-0.02270206044212883,276.91255797538975,7802.085024524341,0.038471904104092104,1,0.8153308480894692,0.0021891035694922433,0.199241852921997,0.11676791586263066,0.5860611821771462,-0.029920314489277802,0.007791661888262207,0.19309147922426628,2024-08-24,neil magny,michael morales,0.6714377298985419,0.3285622701014581,0.6714377298985419,0,0.0,0,180.0,-218.0,0.011337131903939203,1.4587155963302751,2.8,0.052484835720557725,0.0248129186935715,0.0178645296442542,0.0397504191246762,0.0142680261981168,0.0269612026888202,0.0106327822735858,590.0,-1000.0,600.0,-850.0,75.0,0.0,24,0,18,0,6,0,0.0,0,0
418,-220.14789726727597,0.027575973053488155,-1.0,0.38914316803583926,0.0246517396386398,2.64,-458.15043706220155,-1.0,-0.027575973053488155,-0.05738843869824721,-0.02270206044212883,276.91255797538975,7802.085024524341,0.038471904104092104,1,0.8153308480894692,0.05143847054921936,0.199241852921997,0.11676791586263066,0.5860611821771462,0.30883192824645345,0.33566971091642,0.19309147922426628,2024-08-24,viacheslav borshchev,james llontop,0.5261905939529694,0.4738094060470306,0.5261905939529694,0,1.0,0,-198.0,164.0,0.2663943057242629,2.64,1.5050505050505052,0.052484835720557725,0.0185656693505812,0.0246517396386398,0.0339551827402024,0.0503515719576135,0.0061511049596503,0.0087372325093323,-258.0,175.0,-225.0,210.0,100.0,0.0,2,0,2,0,0,0,0.0,0,0
419,-321.4752433093781,0.04120376057155017,-1.0,0.12212272164210014,0.0238095238095238,1.8333333333333333,-691.0633780215885,-1.0,-0.04120376057155017,-0.0885741921357387,-0.051620770406607785,288.31373827778464,7399.335384780537,0.038471904104092104,1,0.45143325143325064,0.06767274753430831,0.10592984391394172,0.02912046566058193,0.2749033188818784,0.1332186667418987,0.17081257971836245,0.3631828640788614,2024-09-07,felipe dos santos,andre lima,0.6120669390775092,0.6120669390775092,0.3879330609224908,1,0.0,1,-120.0,100.0,0.18633243533101793,2.0,1.8333333333333333,0.15031453198714936,0.0222254993026449,0.0232290461519004,0.0438312885628124,0.0344784041085822,0.0117021336127724,0.0095099875993489,135.0,-188.0,150.0,-164.0,0.0,0.0,0,0,0,0,0,0,0.0,0,0
420,155.42731755075843,0.0996062700305129,0.19999999999999996,0.0765696419582382,0.0238095238095238,1.2,-691.0633780215885,-1.0,0.019921254006102576,-0.0885741921357387,-0.051620770406607785,288.31373827778464,7399.335384780537,0.038471904104092104,1,0.45143325143325064,0.15617811815635982,0.10592984391394172,0.02912046566058193,0.2749033188818784,0.16813675284324775,0.19583431665221251,0.3631828640788614,2024-09-07,jaqueline amorim,vanessa demopoulos,0.8971413682985319,0.8971413682985319,0.1028586317014681,1,1.0,1,-500.0,380.0,0.4300261207325226,4.8,1.2,0.15031453198714936,0.0137953429848293,0.0278713236818374,0.0289551118662008,0.0467119530481759,0.0041963581206815,0.006329105404539,-305.0,210.0,-258.0,245.0,0.0,25.0,0,4,0,1,0,3,0.0,0,0
421,0.0,0.0,0.0,-0.26737678454390645,0.0238095238095238,1.4,-691.0633780215885,-1.0,0.0,-0.0885741921357387,-0.051620770406607785,288.31373827778464,7399.335384780537,0.038471904104092104,1,0.45143325143325064,0.0,0.10592984391394172,0.02912046566058193,0.2749033188818784,0.0,0.0,0.3631828640788614,2024-09-07,andre petroski,dylan budka,0.5233022967543526,0.5233022967543526,0.4766977032456474,1,1.0,1,-250.0,205.0,0.0,3.05,1.4,0.15031453198714936,0.0169990228350114,0.0251555439097192,0.0289517490752811,0.0488555011457621,0.0132320044983534,0.021225999808897,-335.0,225.0,-298.0,250.0,50.0,0.0,2,0,1,0,1,0,50.0,1,1
422,0.0,0.0,0.0,-0.0910131243723778,0.0238095238095238,1.1111111111111112,-691.0633780215885,-1.0,0.0,-0.0885741921357387,-0.051620770406607785,288.31373827778464,7399.335384780537,0.038471904104092104,1,0.45143325143325064,0.0,0.10592984391394172,0.02912046566058193,0.2749033188818784,0.0,0.0,0.3631828640788614,2024-09-07,isaac dulgarian,brendon marotte,0.81808818806486,0.81808818806486,0.18191181193514,1,1.0,1,-900.0,600.0,0.0,7.0,1.1111111111111112,0.15031453198714936,0.0118464798437456,0.031010663013397,0.0094907990557043,0.0483536411695978,0.0056253287556775,0.0203486972183483,-3335.0,1050.0,-2100.0,1300.0,0.0,0.0,0,0,0,0,0,0,0.0,0,0
423,274.60867238441887,0.03871651471028115,0.9090909090909087,0.06700796060109204,0.0238095238095238,1.9090909090909087,-691.0633780215885,-1.0,0.03519683155480103,-0.0885741921357387,-0.051620770406607785,288.31373827778464,7399.335384780537,0.038471904104092104,1,0.45143325143325064,0.04278942910080959,0.10592984391394172,0.02912046566058193,0.2749033188818784,0.0700119250754035,0.11276271501075784,0.3631828640788614,2024-09-07,gilbert burns,sean brady,0.5589089317434293,0.4410910682565707,0.5589089317434293,0,0.0,0,-110.0,-110.0,0.11781786348685852,1.9090909090909087,1.9090909090909087,0.15031453198714936,0.0238095238095238,0.0238095238095238,0.0443857673709329,0.0330335874677767,0.0079219800842499,0.0060640339017639,150.0,-210.0,175.0,-186.0,56.25,60.0,16,5,9,3,7,2,60.0,3,2
424,0.0,0.0,0.0,-0.02404016451638738,0.0238095238095238,1.3278688524590163,-691.0633780215885,-1.0,0.0,-0.0885741921357387,-0.051620770406607785,288.31373827778464,7399.335384780537,0.038471904104092104,1,0.45143325143325064,0.0,0.10592984391394172,0.02912046566058193,0.2749033188818784,0.0,0.0,0.3631828640788614,2024-09-07,matt schnell,cody durden,0.7349820983271651,0.2650179016728349,0.7349820983271651,0,0.0,0,240.0,-305.0,0.0,1.3278688524590163,3.4,0.15031453198714936,0.0291858792151209,0.0180181875967891,0.0444361792747264,0.0270999653035868,0.0166799230378363,0.0107710573543203,220.0,-315.0,240.0,-275.0,60.0,0.0,10,2,6,0,4,2,0.0,0,2
425,230.8329223944748,0.04437908360436276,0.6666666666666663,0.026048942827265997,0.0238095238095238,1.6666666666666663,-691.0633780215885,-1.0,0.02958605573624182,-0.0885741921357387,-0.051620770406607785,288.31373827778464,7399.335384780537,0.038471904104092104,1,0.45143325143325064,0.04275097434522849,0.10592984391394172,0.02912046566058193,0.2749033188818784,0.03139395412755065,0.09767080142422943,0.3631828640788614,2024-09-07,steve garcia,kyle nelson,0.6156293656963597,0.6156293656963597,0.3843706343036402,1,1.0,1,-150.0,110.0,0.11771198086026866,2.1,1.6666666666666663,0.15031453198714936,0.0356521067558167,0.0405383694346594,0.0303091129239294,0.042226716265892,0.0059124538038086,0.0079764350850802,-225.0,163.0,-200.0,188.0,33.33333333333333,100.0,3,4,1,4,2,0,33.33333333333333,1,2
426,249.72171264338542,0.04737043156418853,0.6756756756756757,0.1456284050329063,0.0238095238095238,1.6756756756756757,-691.0633780215885,-1.0,0.03200704835418143,-0.0885741921357387,-0.051620770406607785,288.31373827778464,7399.335384780537,0.038471904104092104,1,0.45143325143325064,0.09175535471004634,0.10592984391394172,0.02912046566058193,0.2749033188818784,0.17627623958550132,0.20871726968639406,0.3631828640788614,2024-09-07,jessica andrade,natalia silva,0.6836814675196377,0.3163185324803624,0.6836814675196377,0,0.0,0,124.0,-148.0,0.25264230167567214,1.6756756756756757,2.24,0.15031453198714936,0.0231793921004005,0.0200233728765578,0.0446806160174017,0.0279000291438885,0.0166799230378363,0.0107710573543203,210.0,-300.0,240.0,-275.0,70.58823529411765,100.0,17,1,12,1,5,0,100.0,1,0
427,-300.80164338587485,0.038554007350645784,-1.0,0.02483650556970557,0.0238095238095238,1.9090909090909087,-691.0633780215885,-1.0,-0.038554007350645784,-0.0885741921357387,-0.051620770406607785,288.31373827778464,7399.335384780537,0.038471904104092104,1,0.45143325143325064,0.026744148336296222,0.10592984391394172,0.02912046566058193,0.2749033188818784,0.025959531423519096,0.07045260662363002,0.3631828640788614,2024-09-07,trevor peek,yanal ashmouz,0.536819121965084,0.536819121965084,0.463180878034916,1,0.0,1,-110.0,-110.0,0.07363824393016793,1.9090909090909087,1.9090909090909087,0.15031453198714936,0.0238095238095238,0.0238095238095238,0.0555555555555555,0.0555555555555555,-0.006129654151011,-0.0060654678002084,-125.0,-125.0,105.0,100.0,0.0,0.0,0,0,0,0,0,0,0.0,0,0
428,-373.4614046341529,0.05047229044412746,-1.0,0.10675436205873873,0.0342505339758,1.5714285714285714,1291.8638209813641,1.7592592592592595,-0.05047229044412747,0.1745918726212301,0.2673266961503147,686.1760611401342,9377.375266902036,0.0384719041040921,1,1.8383276573460623,0.0672379879242179,0.14438613268473763,0.05387191949606994,0.3731100660040359,0.1387260933734355,0.19418871357459816,0.26645151711414167,2024-09-14,daniel zellhuber,esteban ribovics,0.7042982304010156,0.7042982304010156,0.2957017695989844,1,0.0,1,-175.0,130.0,0.2523460502400318,2.3,1.5714285714285714,0.2341499890181583,0.0318698323703832,0.0392764126889053,0.0263550910265553,0.0356796484275389,0.0081200172756494,0.0106887601538178,-210.0,160.0,-190.0,175.0,100.0,0.0,1,0,1,0,0,0,100.0,1,0
429,0.0,0.0,0.0,-0.0400311382438385,0.0342505339758,1.25,1291.8638209813641,1.7592592592592595,0.0,0.1745918726212301,0.2673266961503147,686.1760611401342,9377.375266902036,0.0384719041040921,1,1.8383276573460623,0.0,0.14438613268473763,0.05387191949606994,0.3731100660040359,0.0,0.0,0.26645151711414167,2024-09-14,yazmin jauregui,ketlen souza,0.7679750894049292,0.7679750894049292,0.2320249105950708,1,0.0,1,-400.0,275.0,0.0,3.75,1.25,0.2341499890181583,0.0234985988994331,0.0431680677672335,0.0202357153423898,0.0430723840747737,0.011067822828091,0.0222655105052422,-549.0,360.0,-500.0,400.0,100.0,0.0,1,0,1,0,0,0,100.0,1,0
430,210.72808544011735,0.04642130156363753,0.6134969325153374,0.022143099082140072,0.0342505339758,1.6134969325153374,1291.8638209813641,1.7592592592592595,0.028479326112661064,0.1745918726212301,0.2673266961503147,686.1760611401342,9377.375266902036,0.0384719041040921,1,1.8383276573460623,0.030686572640865804,0.14438613268473763,0.05387191949606994,0.3731100660040359,0.027763326498637036,0.09185379214580128,0.26645151711414167,2024-09-14,ronaldo rodriguez,ode osbourne,0.6334955328912123,0.6334955328912123,0.3665044671087877,1,1.0,1,-163.0,120.0,0.11516756584170765,2.2,1.6134969325153374,0.2341499890181583,0.0339796305551364,0.0403376871081888,0.0405360611177055,0.0564336358519914,-0.0010320760563085,-0.0013625599590171,-230.0,150.0,-188.0,190.0,0.0,50.0,0,4,0,2,0,2,0.0,0,0
431,0.0,0.0,0.0,-0.10691677464158816,0.0342505339758,1.5714285714285714,1291.8638209813641,1.7592592592592595,0.0,0.1745918726212301,0.2673266961503147,686.1760611401342,9377.375266902036,0.0384719041040921,1,1.8383276573460623,0.0,0.14438613268473763,0.05387191949606994,0.3731100660040359,0.0,0.0,0.26645151711414167,2024-09-14,manuel torres,ignacio bahamondes,0.5683256888644439,0.4316743111355561,0.5683256888644439,0,0.0,0,130.0,-175.0,0.0,1.5714285714285714,2.3,0.2341499890181583,0.0392764126889053,0.0318698323703832,0.0365052006871935,0.0407684272105676,0.0093759838689014,0.0103868619809008,-145.0,106.0,-130.0,120.0,0.0,100.0,0,2,0,2,0,0,100.0,2,0
432,0.0,0.0,0.0,-0.18242758578675286,0.0342505339758,1.434782608695652,1291.8638209813641,1.7592592592592595,0.0,0.1745918726212301,0.2673266961503147,686.1760611401342,9377.375266902036,0.0384719041040921,1,1.8383276573460623,0.0,0.14438613268473763,0.05387191949606994,0.3731100660040359,0.0,0.0,0.26645151711414167,2024-09-14,edgar chairez,joshua van,0.5698231977849905,0.4301768022150095,0.5698231977849905,0,0.0,0,180.0,-230.0,0.0,1.434782608695652,2.8,0.2341499890181583,0.0317371253854357,0.0223754287271183,0.0446806160174017,0.0279000291438885,0.0166799230378363,0.0107710573543203,210.0,-300.0,240.0,-275.0,0.0,0.0,0,0,0,0,0,0,0.0,0,0
433,228.37748103943522,0.04629689069963862,0.6666666666666663,0.09683615285864688,0.0342505339758,1.6666666666666663,1291.8638209813641,1.7592592592592595,0.030864593799759064,0.1745918726212301,0.2673266961503147,686.1760611401342,9377.375266902036,0.0384719041040921,1,1.8383276573460623,0.052252069521970534,0.14438613268473763,0.05387191949606994,0.3731100660040359,0.11734874310163995,0.1618245409189978,0.26645151711414167,2024-09-14,brian ortega,diego lopes,0.6581016917151883,0.3418983082848116,0.6581016917151883,0,0.0,0,120.0,-150.0,0.19610347911656648,1.6666666666666663,2.2,0.2341499890181583,0.0292440638775533,0.0253013906679012,0.0535245144941712,0.0387831778135211,0.0056345391289803,0.0042860957916545,150.0,-225.0,180.0,-188.0,70.0,0.0,10,0,7,0,3,0,0.0,0,0
434,218.60573677226583,0.05849705903308289,0.5050505050505052,0.16373829470502693,0.0342505339758,1.5050505050505052,1291.8638209813641,1.7592592592592595,0.029543969208627733,0.1745918726212301,0.2673266961503147,686.1760611401342,9377.375266902036,0.0384719041040921,1,1.8383276573460623,0.09582414558562924,0.14438613268473763,0.05387191949606994,0.3731100660040359,0.2295476899367339,0.25652759798737906,0.26645151711414167,2024-09-14,sean omalley,merab dvalishvili,0.7732220884281722,0.2267779115718278,0.7732220884281722,0,0.0,0,164.0,-198.0,0.35963069988669044,1.5050505050505052,2.64,0.2341499890181583,0.0246517396386398,0.0185656693505812,0.0502289057254486,0.0507811952846522,-0.0060654678002084,-0.006129654151011,-125.0,-120.0,100.0,105.0,71.42857142857143,87.5,7,8,5,7,2,1,87.5,7,1
435,0.0,0.0,0.0,-0.0597884810767324,0.0342505339758,1.8547008547008548,1291.8638209813641,1.7592592592592595,0.0,0.1745918726212301,0.2673266961503147,686.1760611401342,9377.375266902036,0.0384719041040921,1,1.8383276573460623,0.0,0.14438613268473763,0.05387191949606994,0.3731100660040359,0.0,0.0,0.26645151711414167,2024-09-14,alexa grasso,valentina shevchenko,0.5069343212627756,0.5069343212627756,0.4930656787372244,1,0.0,1,-117.0,-107.0,0.0,1.9345794392523368,1.8547008547008548,0.2341499890181583,0.0277298173240821,0.0283489021487466,0.0322362225882545,0.0354005882336351,0.0152771619636649,0.0164688697823669,-138.0,105.0,-125.0,110.0,50.0,75.0,10,12,5,9,5,3,50.0,5,5
436,150.69013404764,0.09266239118273145,0.2197802197802201,0.07616841071023828,0.0342505339758,1.21978021978022,1291.8638209813641,1.7592592592592595,0.02036536069950145,0.1745918726212301,0.2673266961503147,686.1760611401342,9377.375266902036,0.0384719041040921,1,1.8383276573460623,0.10515246391725237,0.14438613268473763,0.05387191949606994,0.3731100660040359,0.15939902283829332,0.18857776981611052,0.26645151711414167,2024-09-14,raul rosas jr,aoriqileng,0.8822641925642492,0.8822641925642492,0.1177358074357508,1,1.0,1,-455.0,350.0,0.3946401396251292,4.5,1.21978021978022,0.2341499890181583,0.0143087761289523,0.0277332659130896,0.013749275630595,0.0381987763174568,0.0108947816893208,0.0297750747700092,-1000.0,600.0,-1000.0,660.0,0.0,0.0,0,0,0,0,0,0,0.0,0,0
437,251.2360284748287,0.04074463698319526,0.8333333333333333,0.16084024301260347,0.0342505339758,1.8333333333333333,1291.8638209813641,1.7592592592592595,0.033953864152662716,0.1745918726212301,0.2673266961503147,686.1760611401342,9377.375266902036,0.0384719041040921,1,1.8383276573460623,0.06649435888783455,0.14438613268473763,0.05387191949606994,0.3731100660040359,0.1749618842802191,0.2294129233611484,0.26645151711414167,2024-09-14,irene aldana,norma dumont,0.6331855870977837,0.3668144129022163,0.6331855870977837,0,0.0,0,-110.0,-120.0,0.24955518965707335,1.8333333333333333,1.9090909090909087,0.2341499890181583,0.0350135352882691,0.0342505339758,0.0526742444901628,0.050095727408673,-0.0056777667067514,-0.0053964304139573,-112.0,-135.0,115.0,-110.0,28.57142857142857,20.0,7,5,2,1,5,4,20.0,1,4
438,0.0,0.0,0.0,-0.07135989820438476,0.0304849567433922,1.1540832049306626,1625.8188000554032,1.5625,0.0,0.17337674496122818,0.2769272943008927,971.032360251889,11974.226427209327,0.0384719041040921,1,2.121769966080789,0.0,0.13372463513772168,0.04401640540797366,0.32915704247494565,0.0,0.0,0.2876949640914725,2024-09-28,ludovit klein,roosevelt roberts,0.8046561095665611,0.8046561095665611,0.1953438904334389,1,1.0,1,-649.0,400.0,0.0,5.0,1.1540832049306626,0.22978642167508612,0.0201152566224162,0.0463733949129643,0.0151287132617989,0.0443950962620107,0.0082053587534497,0.021556546008455,-1100.0,600.0,-950.0,700.0,0.0,60.0,2,5,0,3,2,2,0.0,0,2
439,187.23766319856162,0.06888600697415025,0.28985507246376807,0.00916590365811168,0.0304849567433922,1.289855072463768,1625.8188000554032,1.5625,0.019966958543231952,0.17337674496122818,0.2769272943008927,971.032360251889,11974.226427209327,0.0384719041040921,1,2.121769966080789,0.029918058532167804,0.13372463513772168,0.04401640540797366,0.32915704247494565,0.016559142700347054,0.05756235942610531,0.2876949640914725,2024-09-28,taylor lapilus,vince morales,0.7823870489034799,0.7823870489034799,0.2176129510965201,1,1.0,1,-345.0,265.0,0.10399229137238346,3.65,1.289855072463768,0.22978642167508612,0.0181504065839109,0.0311030950322194,0.0247646694026397,0.0455056008676303,0.0074856184034898,0.0126293241252458,-400.0,270.0,-335.0,300.0,66.66666666666666,66.66666666666666,3,6,2,4,1,2,66.66666666666666,2,1
440,360.3707500649085,0.03659981907394016,1.0499999999999998,0.33318613908134975,0.0304849567433922,2.05,1625.8188000554032,1.5625,0.03842981002763716,0.17337674496122818,0.2769272943008927,971.032360251889,11974.226427209327,0.0384719041040921,1,2.121769966080789,0.10398836543896962,0.13372463513772168,0.04401640540797366,0.32915704247494565,0.32785683101549373,0.36732896995645153,0.2876949640914725,2024-09-28,fares ziam,matt frevola,0.6503347019909024,0.6503347019909024,0.3496652980090976,1,1.0,1,105.0,-138.0,0.3614535477440841,1.7246376811594204,2.05,0.22978642167508612,0.0354005882336351,0.0322362225882545,0.0332717934076118,0.0356937238337675,0.0138550876683796,0.0146912452257791,-132.0,100.0,-120.0,107.0,100.0,20.0,3,5,3,1,0,4,100.0,3,0
441,0.0,0.0,0.0,-0.127811372505628,0.0304849567433922,1.3636363636363638,1625.8188000554032,1.5625,0.0,0.17337674496122818,0.2769272943008927,971.032360251889,11974.226427209327,0.0384719041040921,1,2.121769966080789,0.0,0.13372463513772168,0.04401640540797366,0.32915704247494565,0.0,0.0,0.2876949640914725,2024-09-28,william gomis,joanderson brito,0.6396049934958727,0.3603950065041273,0.6396049934958727,0,1.0,0,200.0,-275.0,0.0,1.3636363636363638,3.0,0.22978642167508612,0.040400359353909,0.0262663073127574,0.0455058686325771,0.0263895562040242,0.0171315547320204,0.0106462230457573,240.0,-350.0,260.0,-300.0,0.0,0.0,1,1,0,0,1,1,0.0,0,1
442,0.0,0.041249264574234,0.0,-0.023411746707753145,0.0304849567433922,1.7246376811594204,1625.8188000554032,1.5625,0.0,0.17337674496122818,0.2769272943008927,971.032360251889,11974.226427209327,0.0384719041040921,1,2.121769966080789,0.0118672056904839,0.13372463513772168,0.04401640540797366,0.32915704247494565,-0.027224133385723347,0.03547284023371318,0.2876949640914725,2024-09-28,daniel barez,victor altamirano,0.5662570544299582,0.5662570544299582,0.4337429455700418,1,1.0,1,-138.0,105.0,0.041249264574234,2.05,1.7246376811594204,0.22978642167508612,0.0322362225882545,0.0354005882336351,0.0356937238337675,0.0332717934076118,0.0158831719407466,0.0150082667176822,100.0,-132.0,106.0,-120.0,0.0,0.0,0,0,0,0,0,0,0.0,0,0
443,0.0,0.0,0.0,-0.04045926470630484,0.0304849567433922,1.4,1625.8188000554032,1.5625,0.0,0.17337674496122818,0.2769272943008927,971.032360251889,11974.226427209327,0.0384719041040921,1,2.121769966080789,0.0,0.13372463513772168,0.04401640540797366,0.32915704247494565,0.0,0.0,0.2876949640914725,2024-09-28,renato moicano,benoit st denis,0.6853862394954966,0.3146137605045034,0.6853862394954966,0,1.0,0,200.0,-250.0,0.0,1.4,3.0,0.22978642167508612,0.0284008065139526,0.019218241105095,0.0446806160174017,0.0279000291438885,0.0115281282070229,0.0076497255409967,210.0,-300.0,235.0,-258.0,50.0,100.0,12,1,6,1,6,0,100.0,1,0
444,0.0,0.03112124536782989,0.0,-0.019243540775142703,0.0304849567433922,1.1821493624772312,1625.8188000554032,1.5625,0.0,0.17337674496122818,0.2769272943008927,971.032360251889,11974.226427209327,0.0384719041040921,1,2.121769966080789,0.008953425568579724,0.13372463513772168,0.04401640540797366,0.32915704247494565,-0.04274345605423601,0.01401110273930936,0.2876949640914725,2024-09-28,morgan charriere,gabriel miranda,0.8296383607310427,0.8296383607310427,0.1703616392689573,1,1.0,1,-549.0,350.0,0.03112124536782989,4.5,1.1821493624772312,0.22978642167508612,0.0217506013680772,0.0463884159234824,0.0221465445651335,0.0520649582177977,0.0041842441589012,0.0084384767387144,-670.0,390.0,-520.0,475.0,0.0,0.0,0,0,0,0,0,0,0.0,0,0
445,0.0,0.0,0.0,-0.1001412244628268,0.0304849567433922,1.6666666666666663,1625.8188000554032,1.5625,0.0,0.17337674496122818,0.2769272943008927,971.032360251889,11974.226427209327,0.0384719041040921,1,2.121769966080789,0.0,0.13372463513772168,0.04401640540797366,0.32915704247494565,0.0,0.0,0.2876949640914725,2024-09-28,kevin jousset,bryan battle,0.539915265322304,0.460084734677696,0.539915265322304,0,0.0,0,110.0,-150.0,0.0,1.6666666666666663,2.1,0.22978642167508612,0.0405383694346594,0.0356521067558167,0.0438354898569455,0.0338481259622635,0.0023501995862997,0.0018739626215289,140.0,-195.0,165.0,-168.0,0.0,100.0,0,3,0,3,0,0,100.0,3,0
446,174.32844846960057,0.07436129770124587,0.25,0.014911209738804665,0.0304849567433922,1.25,1625.8188000554032,1.5625,0.01859032442531147,0.17337674496122818,0.2769272943008927,971.032360251889,11974.226427209327,0.0384719041040921,1,2.121769966080789,0.04560356340959074,0.13372463513772168,0.04401640540797366,0.32915704247494565,0.02860581174651243,0.08262759688677594,0.2876949640914725,2024-09-28,oumar sy,da woon jung,0.8119289677910437,0.8119289677910437,0.1880710322089562,1,1.0,1,-400.0,275.0,0.15851359634884366,3.75,1.25,0.22978642167508612,0.0234985988994331,0.0431680677672335,0.0190436891848228,0.0430252763324186,0.0084638178279577,0.0176331574215598,-625.0,400.0,-549.0,455.0,0.0,0.0,0,0,0,0,0,0,0.0,0,0
447,249.0954985188185,0.04993929792574985,0.5319148936170213,0.007936242872868204,0.0304849567433922,1.5319148936170213,1625.8188000554032,1.5625,0.02656345634348396,0.17337674496122818,0.2769272943008927,971.032360251889,11974.226427209327,0.0384719041040921,1,2.121769966080789,0.02716602303901396,0.13372463513772168,0.04401640540797366,0.32915704247494565,0.010659635808882142,0.07030179076352275,0.2876949640914725,2024-09-28,nassourdine imavov,brendan allen,0.6579583807642334,0.6579583807642334,0.3420416192357666,1,1.0,1,-188.0,140.0,0.09442648092504162,2.4,1.5319148936170213,0.22978642167508612,0.0304849567433922,0.0389594877010522,0.0290887615654049,0.040577421308325,0.0074736116073294,0.0100702480417933,-225.0,165.0,-200.0,185.0,40.0,50.0,5,8,2,4,3,4,40.0,2,3
448,390.03492504084284,0.04885930553574933,0.6666666666666663,0.22425010307791304,0.0137943173646942,1.6666666666666663,2280.803874993584,2.055555555555555,0.0325728703571662,0.19047609370496432,0.2673519388330629,920.5287763469295,15175.55907854984,0.0384719041040921,1,1.374458874458874,0.054047548489929584,0.27809485391215216,0.16693411618108436,0.600277616909148,0.2729521620434941,0.3209751299554427,0.1383409421745181,2024-10-05,stephen thompson,joaquin buckley,0.734550061846748,0.265449938153252,0.734550061846748,0,0.0,0,110.0,-150.0,0.3906836807699937,1.6666666666666663,2.1,0.17866621019901188,0.0405383694346594,0.0356521067558167,0.0355103612200028,0.0250956993860578,0.0231335246396969,0.0163963898902175,175.0,-230.0,188.0,-225.0,37.5,62.5,16,8,6,5,10,3,62.5,5,3
449,437.10656329093996,0.04380474005044956,0.8333333333333333,0.323018273480862,0.0137943173646942,1.8333333333333333,2280.803874993584,2.055555555555555,0.0365039500420413,0.19047609370496432,0.2673519388330629,920.5287763469295,15175.55907854984,0.0384719041040921,1,1.374458874458874,0.05956020392596018,0.27809485391215216,0.16693411618108436,0.600277616909148,0.35680719409931644,0.38976149839365937,0.1383409421745181,2024-10-05,marina rodriguez,iasmin lucindo,0.7216463309895611,0.2783536690104388,0.7216463309895611,0,0.0,0,-110.0,-120.0,0.4305320101899014,1.8333333333333333,1.9090909090909087,0.17866621019901188,0.0350135352882691,0.0342505339758,0.0345679350283574,0.0264490141241851,0.0196241763171906,0.0153898292850502,150.0,-195.0,155.0,-180.0,42.857142857142854,0.0,7,0,3,0,4,0,0.0,0,0
450,-566.594188928317,0.04731781149894002,-1.0,0.17482970715046958,0.0137943173646942,1.6666666666666663,2280.803874993584,2.055555555555555,-0.047317811498940016,0.19047609370496432,0.2673519388330629,920.5287763469295,15175.55907854984,0.0384719041040921,1,1.374458874458874,0.044631506612635534,0.27809485391215216,0.16693411618108436,0.600277616909148,0.21163964769989546,0.2665072441845928,0.1383409421745181,2024-10-05,carla esparza,tecia pennington,0.7048978242902819,0.7048978242902819,0.2951021757097181,1,0.0,1,-150.0,110.0,0.3226196519345124,2.1,1.6666666666666663,0.17866621019901188,0.0356521067558167,0.0405383694346594,0.0487259744496954,0.0378228895964638,0.0081859111833285,0.0066124609957317,135.0,-195.0,155.0,-165.0,45.45454545454545,0.0,11,0,5,0,6,0,45.45454545454545,5,6
451,284.79741714916594,0.07848786577616787,0.303030303030303,0.10645280608229679,0.0137943173646942,1.303030303030303,2280.803874993584,2.055555555555555,0.023784201750353895,0.19047609370496432,0.2673519388330629,920.5287763469295,15175.55907854984,0.0384719041040921,1,1.374458874458874,0.0546708265419053,0.27809485391215216,0.16693411618108436,0.600277616909148,0.19082651185951427,0.22045670534184775,0.1383409421745181,2024-10-05,ryan spann,ovince st preux,0.8491382000166464,0.8491382000166464,0.1508617999833535,1,1.0,1,-330.0,260.0,0.3951890574298508,3.6,1.303030303030303,0.17866621019901188,0.0168781542964829,0.028341483946411,0.0279273931712014,0.039412674168866,0.0097499130769943,0.0132584274464453,-230.0,170.0,-205.0,185.0,75.0,62.5,8,24,6,15,2,9,75.0,6,2
452,0.0,0.0,0.0,-0.11176762721354846,0.0137943173646942,1.3003003003003002,2280.803874993584,2.055555555555555,0.0,0.19047609370496432,0.2673519388330629,920.5287763469295,15175.55907854984,0.0384719041040921,1,1.374458874458874,0.0,0.27809485391215216,0.16693411618108436,0.600277616909148,0.0,0.0,0.1383409421745181,2024-10-05,cesar almeida,ihor potieria,0.6830978756071325,0.6830978756071325,0.3169021243928674,1,1.0,1,-333.0,250.0,0.0,3.5,1.3003003003003002,0.17866621019901188,0.0203904788832838,0.0343769246139117,0.0273349729556402,0.055998360377693,0.0029652804861365,0.0053680528471968,-500.0,300.0,-400.0,380.0,0.0,100.0,0,2,0,2,0,0,0.0,0,0
453,0.0,0.0,0.0,-0.07290833596090995,0.0137943173646942,1.6134969325153374,2280.803874993584,2.055555555555555,0.0,0.19047609370496432,0.2673519388330629,920.5287763469295,15175.55907854984,0.0384719041040921,1,1.374458874458874,0.0,0.27809485391215216,0.16693411618108436,0.600277616909148,0.0,0.0,0.1383409421745181,2024-10-05,roman dolidze,kevin holland,0.5745853279025539,0.4254146720974461,0.5745853279025539,0,1.0,0,120.0,-163.0,0.0,1.6134969325153374,2.2,0.17866621019901188,0.0403376871081888,0.0339796305551364,0.0470514301288811,0.0400101526151578,0.0106131954393935,0.009231653920159,114.0,-163.0,130.0,-141.0,50.0,91.66666666666666,6,12,3,11,3,1,91.66666666666666,11,1
454,0.0,0.0,0.0,-0.15749918972478727,0.0137943173646942,1.1540832049306626,2280.803874993584,2.055555555555555,0.0,0.19047609370496432,0.2673519388330629,920.5287763469295,15175.55907854984,0.0384719041040921,1,1.374458874458874,0.0,0.27809485391215216,0.16693411618108436,0.600277616909148,0.0,0.0,0.1383409421745181,2024-10-05,ketlen vieira,kayla harrison,0.7300173910128345,0.2699826089871655,0.7300173910128345,0,0.0,0,400.0,-649.0,0.0,1.1540832049306626,5.0,0.17866621019901188,0.0463733949129643,0.0201152566224162,0.0452522488615325,0.0153003672466389,0.0248869924637374,0.0092039166271715,600.0,-1115.0,700.0,-1000.0,37.5,0.0,8,0,3,0,5,0,0.0,0,0
455,375.1840597942977,0.054832110335585126,0.5714285714285714,0.2126695474807288,0.0137943173646942,1.5714285714285714,2280.803874993584,2.055555555555555,0.03133263447747721,0.19047609370496432,0.2673519388330629,920.5287763469295,15175.55907854984,0.0384719041040921,1,1.374458874458874,0.05848529637321626,0.27809485391215216,0.16693411618108436,0.600277616909148,0.2796792468200505,0.3214704302581603,0.1383409421745181,2024-10-05,jose aldo,mario bautista,0.771698802942282,0.2283011970577179,0.771698802942282,0,0.0,0,130.0,-175.0,0.4227620215238714,1.5714285714285714,2.3,0.17866621019901188,0.0392764126889053,0.0318698323703832,0.0415743006321754,0.0382576321409336,0.0111697656584019,0.0104752559866196,100.0,-138.0,110.0,-120.0,83.33333333333334,50.0,18,6,15,3,3,3,50.0,3,3
456,0.0,0.0,0.0,-0.07924507799262553,0.0137943173646942,1.5714285714285714,2280.803874993584,2.055555555555555,0.0,0.19047609370496432,0.2673519388330629,920.5287763469295,15175.55907854984,0.0384719041040921,1,1.374458874458874,0.0,0.27809485391215216,0.16693411618108436,0.600277616909148,0.0,0.0,0.1383409421745181,2024-10-05,raquel pennington,julianna pena,0.5859349503683292,0.5859349503683292,0.4140650496316708,1,0.0,1,-175.0,130.0,0.0,2.3,1.5714285714285714,0.17866621019901188,0.0318698323703832,0.0392764126889053,0.0354157473745215,0.0434257650953095,0.0061659960735584,0.0072748641414951,-175.0,126.0,-148.0,140.0,57.14285714285714,87.5,14,8,8,7,6,1,57.14285714285714,8,6
457,0.0,0.0,0.0,-0.1850578200998732,0.0137943173646942,1.4651162790697674,2280.803874993584,2.055555555555555,0.0,0.19047609370496432,0.2673519388330629,920.5287763469295,15175.55907854984,0.0384719041040921,1,1.374458874458874,0.0,0.27809485391215216,0.16693411618108436,0.600277616909148,0.0,0.0,0.1383409421745181,2024-10-05,austin hubbard,alexander hernandez,0.5562303767572294,0.4437696232427705,0.5562303767572294,0,0.0,0,170.0,-215.0,0.0,1.4651162790697674,2.7,0.17866621019901188,0.030627829052614,0.0222822238574388,0.0281350736591113,0.028384730524244,0.0192307692307691,0.0192307692307691,-114.0,-110.0,-108.0,-108.0,100.0,66.66666666666666,3,6,3,4,0,2,66.66666666666666,4,2
458,0.0,0.0,0.0,-0.04581656367555309,0.0137943173646942,1.1869158878504673,2280.803874993584,2.055555555555555,0.0,0.19047609370496432,0.2673519388330629,920.5287763469295,15175.55907854984,0.0384719041040921,1,1.374458874458874,0.0,0.27809485391215216,0.16693411618108436,0.600277616909148,0.0,0.0,0.1383409421745181,2024-10-05,alex pereira,khalil rountree jr,0.8039183282418568,0.8039183282418568,0.1960816717581431,1,1.0,1,-535.0,400.0,0.0,5.0,1.1869158878504673,0.17866621019901188,0.0137943173646942,0.0287253676746758,0.0216778006593748,0.0442136722088421,0.0093751228896418,0.0175399909819938,-500.0,330.0,-425.0,360.0,33.33333333333333,50.0,3,2,1,1,2,1,33.33333333333333,1,2
459,374.80910732485233,0.06792007067471009,0.36363636363636376,0.1048066190992778,0.0304849567433922,1.3636363636363638,-1487.7902584426586,-1.0,0.024698207518076404,-0.09803857971503678,-0.09179411935379578,94.76317712567544,13782.531997232858,0.0384719041040921,1,0.11074061074061081,0.11802541470436333,0.11475238458426018,0.03543489108798048,0.30879437683459565,0.16971375018159304,0.21740286043047097,0.3352601712240935,2024-10-12,themba gorimbo,niko price,0.8101915206728036,0.8101915206728036,0.1898084793271963,1,1.0,1,-275.0,200.0,0.3520412647688865,3.0,1.3636363636363638,0.11169393363602831,0.0262663073127574,0.040400359353909,0.0347210131005414,0.0637864495860257,0.0067924760058721,0.0107698703235974,-400.0,235.0,-290.0,265.0,100.0,75.0,1,12,1,9,0,3,100.0,1,0
460,-770.7323488378412,0.05078774000011942,-1.0,0.1163694905627356,0.0304849567433922,1.5714285714285714,-1487.7902584426586,-1.0,-0.05078774000011942,-0.09803857971503678,-0.09179411935379578,94.76317712567544,13782.531997232858,0.0384719041040921,1,0.11074061074061081,0.08978825600169617,0.11475238458426018,0.03543489108798048,0.30879437683459565,0.15130680465343493,0.20597677162651756,0.3352601712240935,2024-10-12,jonathan pearce,pat sabatini,0.7104169485399227,0.7104169485399227,0.2895830514600773,1,0.0,1,-175.0,130.0,0.2678166501969606,2.3,1.5714285714285714,0.11169393363602831,0.0318698323703832,0.0392764126889053,0.0320588510464232,0.0408869939582454,0.016106388422954,0.0202572479406822,-188.0,138.0,-175.0,150.0,33.33333333333333,50.0,3,4,1,2,2,2,33.33333333333333,1,2
461,484.49858757082256,0.04725083971491735,0.6756756756756757,0.14008888747295561,0.0304849567433922,1.6756756756756757,-1487.7902584426586,-1.0,0.031926243050619835,-0.09803857971503678,-0.09179411935379578,94.76317712567544,13782.531997232858,0.0384719041040921,1,0.11074061074061081,0.08208230944478036,0.11475238458426018,0.03543489108798048,0.30879437683459565,0.16950610079439996,0.202341962185093,0.3352601712240935,2024-10-12,julia polastri,cory mckenna,0.6803756263951509,0.6803756263951509,0.3196243736048491,1,1.0,1,-148.0,124.0,0.2448316754867824,2.24,1.6756756756756757,0.11169393363602831,0.0200233728765578,0.0231793921004005,0.0413302908951865,0.0425271514528219,0.0168595314338778,0.0169343445930078,-125.0,-112.0,-108.0,-106.0,0.0,66.66666666666666,0,3,0,2,0,1,0.0,0,0
462,0.0,0.01089741133961586,0.0,-0.03044614035939433,0.0304849567433922,1.2857142857142856,-1487.7902584426586,-1.0,0.0,-0.09803857971503678,-0.09179411935379578,94.76317712567544,13782.531997232858,0.0384719041040921,1,0.11074061074061081,0.003653467991618992,0.11475238458426018,0.03543489108798048,0.30879437683459565,-0.05477618963258156,0.006057086435283015,0.3352601712240935,2024-10-12,grant dawson,rafa garcia,0.7540974463871378,0.7540974463871378,0.2459025536128621,1,1.0,1,-350.0,240.0,0.01089741133961586,3.4,1.2857142857142856,0.11169393363602831,0.0263895562040242,0.0455058686325771,0.0287822221795802,0.0529079186654902,0.0052198123039929,0.008797569249133,-400.0,255.0,-335.0,310.0,100.0,50.0,3,4,3,2,0,2,100.0,3,0
463,424.8366671335133,0.04899089144824396,0.5714285714285714,0.0521662646439614,0.0304849567433922,1.5714285714285714,-1487.7902584426586,-1.0,0.027994795113282258,-0.09803857971503678,-0.09179411935379578,94.76317712567544,13782.531997232858,0.0384719041040921,1,0.11074061074061081,0.0551551951697901,0.11475238458426018,0.03543489108798048,0.30879437683459565,0.06767811919079368,0.1268077867277386,0.3352601712240935,2024-10-12,brad tavares,junyong park,0.6695603502279754,0.3304396497720246,0.6695603502279754,0,0.0,0,130.0,-175.0,0.16451460657676348,1.5714285714285714,2.3,0.11169393363602831,0.0392764126889053,0.0318698323703832,0.0506686087569083,0.0354418810663973,0.0150309735209291,0.0106100521200964,163.0,-240.0,200.0,-225.0,55.00000000000001,57.14285714285714,20,7,11,4,9,3,57.14285714285714,4,3
464,-811.8007873465478,0.05349396243951248,-1.0,0.08327692371536832,0.0304849567433922,1.5128205128205128,-1487.7902584426586,-1.0,-0.05349396243951248,-0.09803857971503678,-0.09179411935379578,94.76317712567544,13782.531997232858,0.0384719041040921,1,0.11074061074061081,0.07476771699579607,0.11475238458426018,0.03543489108798048,0.30879437683459565,0.11421484934716543,0.16260513633665835,0.3352601712240935,2024-10-12,brandon royval,tatsuro taira,0.7160644072016842,0.2839355927983157,0.7160644072016842,0,1.0,0,150.0,-195.0,0.2230140154221304,1.5128205128205128,2.5,0.11169393363602831,0.0345679350283574,0.0264490141241851,0.0423944108580914,0.0251661696113856,0.0179688001034806,0.0113352292005486,235.0,-333.0,250.0,-290.0,50.0,100.0,6,1,3,1,3,0,100.0,1,0
465,393.1519512808763,0.05181383423778881,0.5,0.013817433559973391,0.0304849567433922,1.5,-1487.7902584426586,-1.0,0.025906917118894406,-0.09803857971503678,-0.09179411935379578,94.76317712567544,13782.531997232858,0.0384719041040921,1,0.11074061074061081,0.035145510885370185,0.11475238458426018,0.03543489108798048,0.30879437683459565,0.019123519135695672,0.07574386609737052,0.3352601712240935,2024-10-12,daniel rodriguez,alex morono,0.6758782890399823,0.6758782890399823,0.3241217109600177,1,1.0,1,-200.0,150.0,0.10483055818127092,2.5,1.5,0.11169393363602831,0.0287452808578468,0.0379213858088197,0.0344163075551738,0.0502397771009109,0.0086648508293025,0.0121684825040307,-250.0,170.0,-220.0,200.0,50.0,84.61538461538461,6,13,3,11,3,2,50.0,3,3
466,0.0,0.0,0.0,-0.08774744788520467,0.0304849567433922,1.5319148936170213,-1487.7902584426586,-1.0,0.0,-0.09803857971503678,-0.09179411935379578,94.76317712567544,13782.531997232858,0.0384719041040921,1,0.11074061074061081,0.0,0.11475238458426018,0.03543489108798048,0.30879437683459565,0.0,0.0,0.3352601712240935,2024-10-12,chidi njokuani,jared gooden,0.5954981937416025,0.5954981937416025,0.4045018062583975,1,1.0,1,-188.0,140.0,0.0,2.4,1.5319148936170213,0.11169393363602831,0.0304849567433922,0.0389594877010522,0.0429775317630093,0.0521017009309022,0.0123272894741075,0.0142920539154221,-175.0,118.0,-145.0,130.0,50.0,75.0,2,4,1,3,1,1,50.0,1,1
467,559.6710122613175,0.03274779921598864,1.2400000000000002,0.14251509539803764,0.0185656693505812,2.24,3016.624428528581,2.68516129032258,0.040607271027825916,0.21887302196245464,0.34134251768155865,1687.9397434335233,18487.096169194963,0.038471904104092104,1,3.0217179155375273,0.0687254775952229,0.08424971473273558,0.02498153401336216,0.2965177281918496,0.1283770957175628,0.16707668337921705,0.4566413574946347,2024-10-19,darren elkins,daniel pineda,0.5100513818741239,0.5100513818741239,0.4899486181258761,1,1.0,1,124.0,-148.0,0.15050208761704287,1.6756756756756757,2.24,0.23044757618510375,0.0231793921004005,0.0200233728765578,0.0381928960244635,0.0459821881506205,0.003800039300007,0.0044967879932361,-170.0,120.0,-148.0,143.0,66.66666666666666,25.0,24,8,16,2,8,6,66.66666666666666,16,8
468,433.6096467919611,0.04876425845864009,0.6451612903225803,0.14357231414044697,0.0185656693505812,1.6451612903225803,3016.624428528581,2.68516129032258,0.03146081190880004,0.21887302196245464,0.34134251768155865,1687.9397434335233,18487.096169194963,0.038471904104092104,1,3.0217179155375273,0.11845300691993338,0.08424971473273558,0.02498153401336216,0.2965177281918496,0.17778638144453096,0.2094802372483665,0.4566413574946347,2024-10-19,melissa martinez,alice ardelean,0.6951125831049777,0.6951125831049777,0.3048874168950223,1,1.0,1,-155.0,130.0,0.2594005229176491,2.3,1.6451612903225803,0.23044757618510375,0.0195196592207963,0.023106086729758,0.0320795539605048,0.037850515969565,0.0057014828312239,0.0066072915665253,-160.0,120.0,-142.0,135.0,0.0,0.0,0,0,0,0,0,0,0.0,0,0
469,412.8986945384284,0.046435080046471636,0.6451612903225803,0.030617118241008878,0.0185656693505812,1.6451612903225803,3016.624428528581,2.68516129032258,0.029958116159013944,0.21887302196245464,0.34134251768155865,1687.9397434335233,18487.096169194963,0.038471904104092104,1,3.0217179155375273,0.04229477138446528,0.08424971473273558,0.02498153401336216,0.2965177281918496,0.037763497439797476,0.07509370657854551,0.4566413574946347,2024-10-19,jessica penne,elise reed,0.6264535424602212,0.3735464575397788,0.6264535424602212,0,0.0,0,130.0,-155.0,0.09262142092541896,1.6451612903225803,2.3,0.23044757618510375,0.023106086729758,0.0195196592207963,0.0451039386561572,0.0320938951956691,0.0066033642466755,0.0048908886268876,163.0,-230.0,190.0,-200.0,40.0,0.0,5,3,2,0,3,3,0.0,0,3
470,348.38901338169336,0.05687454817925981,0.4444444444444444,0.0396006684831986,0.0185656693505812,1.4444444444444444,3016.624428528581,2.68516129032258,0.025277576968559912,0.21887302196245464,0.34134251768155865,1687.9397434335233,18487.096169194963,0.038471904104092104,1,3.0217179155375273,0.06358537092353977,0.08424971473273558,0.02498153401336216,0.2965177281918496,0.05846580359457901,0.09431538902184007,0.4566413574946347,2024-10-19,brad katona,jean matsumoto,0.7197235397191375,0.2802764602808624,0.7197235397191375,0,0.0,0,185.0,-225.0,0.13924575573356138,1.4444444444444444,2.85,0.23044757618510375,0.0252599077377893,0.017924977552359,0.039412674168866,0.0279273931712014,0.0132584274464453,0.0097499130769943,170.0,-230.0,185.0,-205.0,50.0,0.0,2,0,1,0,1,0,0.0,0,0
471,0.0,0.0,0.0,-0.055280050493734634,0.0185656693505812,1.4878048780487805,3016.624428528581,2.68516129032258,0.0,0.21887302196245464,0.34134251768155865,1687.9397434335233,18487.096169194963,0.038471904104092104,1,3.0217179155375273,0.0,0.08424971473273558,0.02498153401336216,0.2965177281918496,0.0,0.0,0.4566413574946347,2024-10-19,joselyne edwards,tamires vidal,0.6349757037665062,0.6349757037665062,0.3650242962334937,1,1.0,1,-205.0,170.0,0.0,2.7,1.4878048780487805,0.23044757618510375,0.018086396502818,0.0244151214085358,0.0236112560580139,0.0357494745355933,0.0148558191630255,0.0220105402839789,-265.0,200.0,-250.0,210.0,60.0,0.0,5,0,3,0,2,0,60.0,3,2
472,-822.3254524058659,0.05966432383911502,-1.0,0.09606392620618248,0.0185656693505812,1.4444444444444444,3016.624428528581,2.68516129032258,-0.05966432383911502,0.21887302196245464,0.34134251768155865,1687.9397434335233,18487.096169194963,0.038471904104092104,1,3.0217179155375273,0.11840459450337786,0.08424971473273558,0.02498153401336216,0.2965177281918496,0.14228166725036134,0.1750671651704371,0.4566413574946347,2024-10-19,rob font,kyler phillips,0.758813487373511,0.241186512626489,0.758813487373511,0,1.0,0,185.0,-225.0,0.25929450445094443,1.4444444444444444,2.85,0.23044757618510375,0.0252599077377893,0.017924977552359,0.053946641168098,0.0232463412880422,0.0197895780960465,0.0091959291503302,375.0,-650.0,475.0,-590.0,25.0,33.33333333333333,12,3,3,1,9,2,33.33333333333333,1,2
473,408.8611286880745,0.050430785788074035,0.5882352941176472,0.10090775196879587,0.0185656693505812,1.5882352941176472,3016.624428528581,2.68516129032258,0.02966516811063179,0.21887302196245464,0.34134251768155865,1687.9397434335233,18487.096169194963,0.038471904104092104,1,3.0217179155375273,0.09694336386988757,0.08424971473273558,0.02498153401336216,0.2965177281918496,0.13036711823738234,0.16432336067127526,0.4566413574946347,2024-10-19,anthony hernandez,michel pereira,0.693164140128501,0.693164140128501,0.306835859871499,1,1.0,1,-170.0,142.0,0.21229650420138874,2.42,1.5882352941176472,0.23044757618510375,0.0191618095781445,0.0236909605473527,0.0436438662746148,0.0508672206028841,0.007181325799075,0.0083842224541245,-162.0,110.0,-145.0,136.0,75.0,60.0,4,5,3,3,1,2,75.0,3,1
474,0.0,0.0,0.0,-0.13377156823768654,0.0185656693505812,1.263157894736842,3016.624428528581,2.68516129032258,0.0,0.21887302196245464,0.34134251768155865,1687.9397434335233,18487.096169194963,0.038471904104092104,1,3.0217179155375273,0.0,0.08424971473273558,0.02498153401336216,0.2965177281918496,0.0,0.0,0.4566413574946347,2024-10-19,austen lane,robelis despaigne,0.6857641751451649,0.3142358248548351,0.6857641751451649,0,1.0,0,300.0,-380.0,0.0,1.263157894736842,4.0,0.23044757618510375,0.0267259939983634,0.0149406726683033,0.0609516538381139,0.0316409387544786,0.0031886539522886,0.0018618510982165,260.0,-440.0,340.0,-350.0,0.0,0.0,0,0,0,0,0,0,0.0,0,0
475,346.8357001779144,0.054859428335784555,0.45871559633027514,0.010025521062758391,0.0185656693505812,1.4587155963302751,3016.624428528581,2.68516129032258,0.02516487538338741,0.21887302196245464,0.34134251768155865,1687.9397434335233,18487.096169194963,0.038471904104092104,1,3.0217179155375273,0.0339906382952831,0.08424971473273558,0.02498153401336216,0.2965177281918496,0.014577535242006359,0.05119256982239064,0.4566413574946347,2024-10-19,matheus nicolau,asu almabayev,0.6924074326782432,0.3075925673217568,0.6924074326782432,0,0.0,0,180.0,-218.0,0.07443618002927488,1.4587155963302751,2.8,0.23044757618510375,0.0248129186935715,0.0178645296442542,0.0462926168982899,0.0316294610237879,0.0060607300877454,0.0043478049109536,175.0,-250.0,205.0,-215.0,57.14285714285714,0.0,7,0,4,0,3,0,0.0,0,0
476,0.0,0.0,0.0,-0.096058386865704,0.0185656693505812,1.5050505050505052,3016.624428528581,2.68516129032258,0.0,0.21887302196245464,0.34134251768155865,1687.9397434335233,18487.096169194963,0.038471904104092104,1,3.0217179155375273,0.0,0.08424971473273558,0.02498153401336216,0.2965177281918496,0.0,0.0,0.4566413574946347,2024-10-19,charles johnson,sumudaerji,0.6006055013442637,0.6006055013442637,0.3993944986557363,1,1.0,1,-198.0,164.0,0.0,2.64,1.5050505050505052,0.23044757618510375,0.0185656693505812,0.0246517396386398,0.0289551118662008,0.0467119530481759,0.0074711161397558,0.0115765029078631,-305.0,210.0,-275.0,250.0,50.0,0.0,4,1,2,0,2,1,50.0,2,2
477,-767.3015711464124,0.041504710319242376,-1.0,0.14800713213433558,0.0232290461519004,1.8333333333333333,4769.3455948712335,2.431489361702128,-0.041504710319242376,0.25798240844435,0.47267141405248736,3968.976293146473,27225.41805721267,0.0384719041040921,1,4.220918224888656,0.02214003253665659,0.3752408339474314,0.27535430589817217,0.7338068807744611,0.16161684447612593,0.19776101675769853,0.10252589969854331,2024-10-26,mateusz rebecki,myktybek orolbai,0.6261857084369103,0.3738142915630896,0.6261857084369103,0,1.0,0,100.0,-120.0,0.2159457522611836,1.8333333333333333,2.0,0.3901600885172921,0.0232290461519004,0.0222254993026449,0.0549582859365597,0.0326169740524933,0.0047789276446945,0.0031575802918132,215.0,-335.0,250.0,-260.0,0.0,0.0,0,0,0,0,0,0,0.0,0,0
478,780.2477539302226,0.03403628422021389,1.2400000000000002,0.42709467373700727,0.0232290461519004,2.24,4769.3455948712335,2.431489361702128,0.04220499243306523,0.25798240844435,0.47267141405248736,3968.976293146473,27225.41805721267,0.0384719041040921,1,4.220918224888656,0.03801437316981391,0.3752408339474314,0.27535430589817217,0.7338068807744611,0.3913466839743709,0.4046473884001848,0.10252589969854331,2024-10-26,ismail naurdiev,bruno silva,0.6370958364897353,0.6370958364897353,0.3629041635102646,1,1.0,1,124.0,-148.0,0.37077824512233,1.6756756756756757,2.24,0.3901600885172921,0.0231793921004005,0.0200233728765578,0.0409948617227687,0.0508237806277884,8.58202398035246e-14,-8.576472865229334e-14,-182.0,124.0,-148.0,148.0,0.0,42.857142857142854,2,7,0,3,2,4,0.0,0,2
479,454.68510437343684,0.0683733442283055,0.3597122302158271,0.0956464414132649,0.0232290461519004,1.359712230215827,4769.3455948712335,2.431489361702128,0.024594728139678224,0.25798240844435,0.47267141405248736,3968.976293146473,27225.41805721267,0.0384719041040921,1,4.220918224888656,0.03177987630141871,0.3752408339474314,0.27535430589817217,0.7338068807744611,0.15720678122436585,0.1885889116294798,0.10252589969854331,2024-10-26,farid basharat,victor hugo,0.8057928854838299,0.8057928854838299,0.1942071145161701,1,1.0,1,-278.0,225.0,0.3099692506465294,3.25,1.359712230215827,0.3901600885172921,0.0168967792200803,0.0262452639219628,0.0241479924861317,0.0663281979900586,2.0095036745715333e-13,-2.00756078427844e-13,-900.0,425.0,-575.0,575.0,0.0,0.0,0,0,0,0,0,0,0.0,0,0
480,0.0,0.0,0.0,-0.022592702984358212,0.0232290461519004,1.1329787234042552,4769.3455948712335,2.431489361702128,0.0,0.25798240844435,0.47267141405248736,3968.976293146473,27225.41805721267,0.0384719041040921,1,4.220918224888656,0.0,0.3752408339474314,0.27535430589817217,0.7338068807744611,0.0,0.0,0.10252589969854331,2024-10-26,kennedy nzechukwu,chris barnett,0.862688130699252,0.862688130699252,0.137311869300748,1,1.0,1,-752.0,475.0,0.0,5.75,1.1329787234042552,0.3901600885172921,0.016385327243285,0.0401568242161964,0.0157872313305,0.0397683242250553,0.0093319616366217,0.0218148057064646,-800.0,500.0,-715.0,550.0,100.0,0.0,5,2,5,0,0,2,100.0,5,0
481,552.7679404708634,0.05083034621555647,0.5882352941176472,0.11445688018062306,0.0232290461519004,1.5882352941176472,4769.3455948712335,2.431489361702128,0.02990020365620969,0.25798240844435,0.47267141405248736,3968.976293146473,27225.41805721267,0.0384719041040921,1,4.220918224888656,0.02401125410665509,0.3752408339474314,0.27535430589817217,0.7338068807744611,0.14799244124733493,0.1811271795254838,0.10252589969854331,2024-10-26,geoff neal,rafael dos anjos,0.7016950727063181,0.7016950727063181,0.2983049272936818,1,1.0,1,-170.0,142.0,0.23419696074119156,2.42,1.5882352941176472,0.3901600885172921,0.0191618095781445,0.0236909605473527,0.0320812817657297,0.0512520515676035,0.0072111180858498,0.0106261171426896,-300.0,200.0,-245.0,225.0,85.71428571428571,65.38461538461539,7,26,6,17,1,9,85.71428571428571,6,1
482,572.084288093085,0.05260660088839655,0.5882352941176472,0.1658974113538919,0.0232290461519004,1.5882352941176472,4769.3455948712335,2.431489361702128,0.030945059346115626,0.25798240844435,0.47267141405248736,3968.976293146473,27225.41805721267,0.0384719041040921,1,4.220918224888656,0.032535988360724626,0.3752408339474314,0.27535430589817217,0.7338068807744611,0.2155083033101725,0.24429018400822936,0.10252589969854331,2024-10-26,lerone murphy,dan ige,0.7340835552968948,0.7340835552968948,0.2659164447031051,1,1.0,1,-170.0,142.0,0.31734409018979715,2.42,1.5882352941176472,0.3901600885172921,0.0191618095781445,0.0236909605473527,0.0369237305897426,0.0634346923493256,1.7985612998927538e-13,-1.799671522917379e-13,-350.0,210.0,-275.0,275.0,50.0,72.72727272727273,2,11,1,8,1,3,50.0,1,1
483,439.40208634026266,0.05942010609979383,0.3999999999999999,0.023048705846418938,0.0232290461519004,1.4,4769.3455948712335,2.431489361702128,0.02376804243991753,0.25798240844435,0.47267141405248736,3968.976293146473,27225.41805721267,0.0384719041040921,1,4.220918224888656,0.011333367065612002,0.3752408339474314,0.27535430589817217,0.7338068807744611,0.03580794789461643,0.07115287917859665,0.10252589969854331,2024-10-26,shara magomedov,armen petrosyan,0.730749075604585,0.730749075604585,0.269250924395415,1,1.0,1,-250.0,205.0,0.1105415031610108,3.05,1.4,0.3901600885172921,0.0169990228350114,0.0251555439097192,0.0398410606730592,0.052458154094815,0.0019080041588147,0.0023802830992543,-205.0,138.0,-166.0,163.0,0.0,100.0,0,2,0,2,0,0,0.0,0,0
484,542.6489736646791,0.057238058858012815,0.5128205128205128,0.15943881979380686,0.0232290461519004,1.5128205128205128,4769.3455948712335,2.431489361702128,0.029352850696416823,0.25798240844435,0.47267141405248736,3968.976293146473,27225.41805721267,0.0384719041040921,1,4.220918224888656,0.036364445899969275,0.3752408339474314,0.27535430589817217,0.7338068807744611,0.22086587237414068,0.2560406030046883,0.10252589969854331,2024-10-26,robert whittaker,khamzat chimaev,0.7664087113891266,0.2335912886108734,0.7664087113891266,0,0.0,0,155.0,-195.0,0.35468546003391904,1.5128205128205128,2.55,0.3901600885172921,0.0301763491444724,0.022997462753168,0.0462926168982899,0.0316294610237879,0.0118345224887278,0.0083420222779808,175.0,-250.0,205.0,-225.0,60.0,100.0,15,4,9,4,6,0,100.0,4,0
485,708.6486121500909,0.07206428628105012,0.5319148936170213,0.34223765314644183,0.0232290461519004,1.5319148936170213,4769.3455948712335,2.431489361702128,0.038332067170771346,0.25798240844435,0.47267141405248736,3968.976293146473,27225.41805721267,0.0384719041040921,1,4.220918224888656,0.0685073342477728,0.3752408339474314,0.27535430589817217,0.7338068807744611,0.4933440588716848,0.46353375577672135,0.10252589969854331,2024-10-26,ilia topuria,max holloway,0.876182912470594,0.876182912470594,0.123817087529406,1,1.0,1,-188.0,146.0,0.6681953969602293,2.46,1.5319148936170213,0.3901600885172921,0.0259404355440567,0.0333414072743715,0.0289551118662008,0.0467119530481759,0.0062897968176127,0.0095926729064294,-305.0,210.0,-265.0,245.0,100.0,86.95652173913044,3,23,3,20,0,3,100.0,3,0
486,685.7931052702445,0.0370957720452053,1.0,0.13967398119828545,0.0232290461519004,2.0,4769.3455948712335,2.431489361702128,0.0370957720452053,0.25798240844435,0.47267141405248736,3968.976293146473,27225.41805721267,0.0384719041040921,1,4.220918224888656,0.01823614193335191,0.3752408339474314,0.27535430589817217,0.7338068807744611,0.13955637213722177,0.1780185321458911,0.10252589969854331,2024-10-26,abus magomedov,brunno ferreira,0.5698369905991427,0.5698369905991427,0.4301630094008573,1,1.0,1,100.0,-120.0,0.17786863599316466,1.8333333333333333,2.0,0.3901600885172921,0.0232290461519004,0.0222254993026449,0.0277713639757349,0.0334666366862975,0.010464777488587,0.0125011017765047,-165.0,128.0,-154.0,140.0,0.0,0.0,0,0,0,0,0,0,0.0,0,0
487,0.0,0.015176723213023671,0.0,-0.024021136678456345,0.0173530992925162,1.3636363636363638,5701.439004486595,2.6666666666666665,0.0,0.20941603146388219,0.37450029288248216,4494.488031787569,37421.34509348683,0.038471904104092104,1,3.8752913752913747,0.0055709931723183954,0.104806705376523,0.034458006637489526,0.32877673726788303,-0.03886255330512789,0.009380807786065848,0.3670748352014309,2024-11-02,mike malott,trevin giles,0.7157178331024653,0.7157178331024653,0.2842821668975347,1,1.0,1,-275.0,210.0,0.015176723213023671,3.1,1.3636363636363638,0.21678978620914227,0.0219964606154342,0.0339175178791893,0.0274047537839571,0.0503730239938207,0.0070835082018325,0.0120998296989622,-400.0,260.0,-345.0,310.0,100.0,55.55555555555556,1,9,1,5,0,4,100.0,1,0
488,1016.7237505839086,0.037344651547584,1.0,0.18131863355219102,0.0173530992925162,2.0,5701.439004486595,2.6666666666666665,0.037344651547584,0.20941603146388219,0.37450029288248216,4494.488031787569,37421.34509348683,0.038471904104092104,1,3.8752913752913747,0.07989914237486379,0.104806705376523,0.034458006637489526,0.32877673726788303,0.18142526855153374,0.21753651567586077,0.3670748352014309,2024-11-02,charles jourdain,victor henry,0.5906593167760955,0.5906593167760955,0.4093406832239045,1,1.0,1,100.0,-120.0,0.21766445071348853,1.8333333333333333,2.0,0.21678978620914227,0.0232290461519004,0.0222254993026449,0.0539136387157048,0.065133980331914,-0.0093106569391772,-0.0108574102877134,-180.0,110.0,-138.0,150.0,50.0,0.0,8,2,4,0,4,2,50.0,4,4
489,0.0,0.0,0.0,-0.02789323940586802,0.0173530992925162,1.4,5701.439004486595,2.6666666666666665,0.0,0.20941603146388219,0.37450029288248216,4494.488031787569,37421.34509348683,0.038471904104092104,1,3.8752913752913747,0.0,0.104806705376523,0.034458006637489526,0.32877673726788303,0.0,0.0,0.3670748352014309,2024-11-02,jack shore,youssef zalal,0.6943619718529515,0.3056380281470485,0.6943619718529515,0,0.0,0,200.0,-250.0,0.0,1.4,3.0,0.21678978620914227,0.0284008065139526,0.019218241105095,0.0396451033729031,0.0235256614688303,0.022024663419782,0.0136896222945035,240.0,-333.0,250.0,-300.0,80.0,100.0,5,3,4,3,1,0,100.0,3,0
490,883.2252660570936,0.042173561612951535,0.7692307692307692,0.0029088583223099707,0.0173530992925162,1.7692307692307692,5701.439004486595,2.6666666666666665,0.032441201240731944,0.20941603146388219,0.37450029288248216,4494.488031787569,37421.34509348683,0.038471904104092104,1,3.8752913752913747,0.01732738751766737,0.104806705376523,0.034458006637489526,0.32877673726788303,0.0032980628296638563,0.04163342310174712,0.3670748352014309,2024-11-02,chad anheliger,cody gibson,0.5668615286169578,0.4331384713830422,0.5668615286169578,0,0.0,0,110.0,-130.0,0.04720396457621246,1.7692307692307692,2.1,0.21678978620914227,0.0215932116349099,0.0198146558599141,0.0846856908214269,0.0466274404917043,-0.0249974687145423,-0.0168143779753531,200.0,-395.0,310.0,-250.0,100.0,0.0,1,3,1,0,0,3,0.0,0,3
491,838.6427328287729,0.05082605182625961,0.606060606060606,0.14125283116625248,0.0173530992925162,1.606060606060606,5701.439004486595,2.6666666666666665,0.030803667773490667,0.20941603146388219,0.37450029288248216,4494.488031787569,37421.34509348683,0.038471904104092104,1,3.8752913752913747,0.09816175593277925,0.104806705376523,0.034458006637489526,0.32877673726788303,0.18053427109500622,0.2092306048050851,0.3670748352014309,2024-11-02,serhiy sidey,garrett armfield,0.7105913854431384,0.7105913854431384,0.2894086145568616,1,1.0,1,-165.0,140.0,0.26741619560739804,2.4,1.606060606060606,0.21678978620914227,0.0176933967696582,0.0216147793309708,0.0361546531011737,0.0401275912027509,0.0088643203638199,0.0096541981546985,-143.0,105.0,-125.0,116.0,0.0,0.0,0,0,0,0,0,0,0.0,0,0
492,0.0,0.0,0.0,-0.13709170387528008,0.0173530992925162,1.7246376811594204,5701.439004486595,2.6666666666666665,0.0,0.20941603146388219,0.37450029288248216,4494.488031787569,37421.34509348683,0.038471904104092104,1,3.8752913752913747,0.0,0.104806705376523,0.034458006637489526,0.32877673726788303,0.0,0.0,0.3670748352014309,2024-11-02,alexandr romanov,rodrigo nascimento,0.5003417851479468,0.4996582148520532,0.5003417851479468,0,1.0,0,105.0,-138.0,0.0,1.7246376811594204,2.05,0.21678978620914227,0.0354005882336351,0.0322362225882545,0.0389967843209849,0.0440950031186286,0.006323860750538,0.0070861009352857,-150.0,107.0,-132.0,125.0,50.0,33.33333333333333,2,3,1,1,1,2,33.33333333333333,1,2
493,0.0,0.0,0.0,-0.038873242580071576,0.0173530992925162,1.606060606060606,5701.439004486595,2.6666666666666665,0.0,0.20941603146388219,0.37450029288248216,4494.488031787569,37421.34509348683,0.038471904104092104,1,3.8752913752913747,0.0,0.104806705376523,0.034458006637489526,0.32877673726788303,0.0,0.0,0.3670748352014309,2024-11-02,caio machado,brendson ribeiro,0.598437414997314,0.598437414997314,0.401562585002686,1,0.0,1,-165.0,140.0,0.0,2.4,1.606060606060606,0.21678978620914227,0.0176933967696582,0.0216147793309708,0.0553744896402191,0.0713021124462188,-0.0133895480633008,-0.0162400815663286,-205.0,120.0,-150.0,170.0,0.0,0.0,0,0,0,0,0,0,0.0,0,0
494,934.4298967488039,0.041186360251371824,0.8333333333333333,0.19311231192303768,0.0173530992925162,1.8333333333333333,5701.439004486595,2.6666666666666665,0.03432196687614319,0.20941603146388219,0.37450029288248216,4494.488031787569,37421.34509348683,0.038471904104092104,1,3.8752913752913747,0.10482484865315436,0.104806705376523,0.034458006637489526,0.32877673726788303,0.21042412110118092,0.2620740817956647,0.3670748352014309,2024-11-02,erin blanchfield,rose namajunas,0.6507885337762024,0.6507885337762024,0.3492114662237976,1,1.0,1,-120.0,-110.0,0.28556806024480574,1.9090909090909087,1.8333333333333333,0.21678978620914227,0.0342505339758,0.0350135352882691,0.0448808699216718,0.0525217274809254,7.127631818093505e-14,-7.144285163462882e-14,-164.0,110.0,-138.0,138.0,100.0,44.44444444444444,4,9,4,4,0,5,100.0,4,0
495,821.46638556899,0.045259160970975286,0.6666666666666663,0.005396303897667043,0.0173530992925162,1.6666666666666663,5701.439004486595,2.6666666666666665,0.030172773980650176,0.20941603146388219,0.37450029288248216,4494.488031787569,37421.34509348683,0.038471904104092104,1,3.8752913752913747,0.020752940569796166,0.104806705376523,0.034458006637489526,0.32877673726788303,0.00655086758921813,0.046571755419906,0.3670748352014309,2024-11-02,brandon moreno,amir albazi,0.6032377823386004,0.6032377823386004,0.3967622176613996,1,1.0,1,-150.0,125.0,0.056535993698418656,2.25,1.6666666666666663,0.21678978620914227,0.0205377364810389,0.0239067079634055,0.0263563125916101,0.0331674969321992,0.0101395688732146,0.0125019405607477,-180.0,140.0,-165.0,150.0,70.0,100.0,10,2,7,2,3,0,70.0,7,3
496,0.0,0.0,0.0,-0.11617752175314294,0.0173530992925162,1.606060606060606,5701.439004486595,2.6666666666666665,0.0,0.20941603146388219,0.37450029288248216,4494.488031787569,37421.34509348683,0.038471904104092104,1,3.8752913752913747,0.0,0.104806705376523,0.034458006637489526,0.32877673726788303,0.0,0.0,0.3670748352014309,2024-11-02,ariane da silva,jasmine jasudavicius,0.5503045619272884,0.4496954380727115,0.5503045619272884,0,0.0,0,140.0,-165.0,0.0,1.606060606060606,2.4,0.21678978620914227,0.0216147793309708,0.0176933967696582,0.0513452487166904,0.0345133371418953,0.0087372325093323,0.0061511049596503,175.0,-260.0,210.0,-225.0,0.0,0.0,0,0,0,0,0,0,0.0,0,0
497,0.0,0.0,0.0,-0.15375166734481582,0.0173530992925162,1.4761904761904765,5701.439004486595,2.6666666666666665,0.0,0.20941603146388219,0.37450029288248216,4494.488031787569,37421.34509348683,0.038471904104092104,1,3.8752913752913747,0.0,0.104806705376523,0.034458006637489526,0.32877673726788303,0.0,0.0,0.3670748352014309,2024-11-02,marc andre barriault,dustin stoltzfus,0.5732649995406085,0.5732649995406085,0.4267350004593915,1,0.0,1,-210.0,175.0,0.0,2.75,1.4761904761904765,0.21678978620914227,0.0173530992925162,0.0237026191825569,0.0418982321541995,0.0653278750719078,-0.0037852880483632,-0.0053995569573773,-290.0,175.0,-225.0,235.0,50.0,100.0,6,3,3,3,3,0,50.0,3,3
498,0.0,0.0,0.0,-0.14162336261231484,0.0159406079313374,1.1666666666666667,4309.859629953033,0.7763975155279499,0.0,0.11517115750879735,0.16203933436220336,1753.8702199338784,43485.074943373744,0.0384719041040921,1,0.67287784679089,0.0,0.08715637529333857,0.016781915262657054,0.19254948598051333,0.0,0.0,0.441412392089607,2024-11-09,neil magny,carlos prates,0.7357514034751587,0.2642485965248413,0.7357514034751587,0,0.0,0,430.0,-600.0,0.0,1.1666666666666667,5.3,0.14834045087133108,0.03148105510695,0.0143410473189259,0.0416586460225981,0.0163123684701554,0.0242809145068091,0.010030288100842,500.0,-820.0,570.0,-770.0,75.0,0.0,24,0,18,0,6,0,0.0,0,0
499,0.0,0.012360446608494507,0.0,-0.01721377455803963,0.0159406079313374,1.4166666666666667,4309.859629953033,0.7763975155279499,0.0,0.11517115750879735,0.16203933436220336,1753.8702199338784,43485.074943373744,0.0384719041040921,1,0.67287784679089,0.00545605430475143,0.08715637529333857,0.016781915262657054,0.19254948598051333,-0.02626526874274722,0.008100809606757341,0.441412392089607,2024-11-09,luana pinheiro,gillian robertson,0.6937314532531484,0.3062685467468515,0.6937314532531484,0,0.0,0,200.0,-240.0,0.012360446608494507,1.4166666666666667,3.0,0.14834045087133108,0.0232317930546551,0.0159838932198544,0.0656539004854084,0.0304999456684377,-2.0172752357439094e-13,2.0183854587685346e-13,300.0,-550.0,400.0,-400.0,100.0,75.0,1,8,1,6,0,2,75.0,6,2
500,0.0,0.0,0.0,-0.09456552899797632,0.0159406079313374,1.5555555555555556,4309.859629953033,0.7763975155279499,0.0,0.11517115750879735,0.16203933436220336,1753.8702199338784,43485.074943373744,0.0384719041040921,1,0.67287784679089,0.0,0.08715637529333857,0.016781915262657054,0.19254948598051333,0.0,0.0,0.441412392089607,2024-11-09,matthew semelsberger,charles radtke,0.5820650170727295,0.4179349829272705,0.5820650170727295,0,0.0,0,155.0,-180.0,0.0,1.5555555555555556,2.55,0.14834045087133108,0.0196241763171906,0.0153898292850502,0.0375340314077538,0.0294822856085632,0.0150684210627405,0.0122175357648121,140.0,-186.0,148.0,-166.0,80.0,0.0,5,0,4,0,1,0,0.0,0,0
501,955.3451159698859,0.05871765863149521,0.4347826086956521,0.06304473136877353,0.0159406079313374,1.434782608695652,4309.859629953033,0.7763975155279499,0.025529416796302263,0.11517115750879735,0.16203933436220336,1753.8702199338784,43485.074943373744,0.0384719041040921,1,0.67287784679089,0.08432327563506135,0.08715637529333857,0.016781915262657054,0.19254948598051333,0.09420756659601877,0.127839763974781,0.441412392089607,2024-11-09,cody stamann,damon blackshear,0.740909964287327,0.259090035712673,0.740909964287327,0,0.0,0,190.0,-230.0,0.19103060345878028,1.434782608695652,2.9,0.14834045087133108,0.0245558468550464,0.017241436321547,0.0458364775506229,0.0288678179463681,0.0131363950923042,0.0088416268857176,205.0,-295.0,225.0,-250.0,80.0,100.0,10,1,8,1,2,0,100.0,1,0
502,798.5251039639925,0.08962279223983585,0.23809523809523792,0.08604612029579611,0.0159406079313374,1.238095238095238,4309.859629953033,0.7763975155279499,0.021338760057103758,0.11517115750879735,0.16203933436220336,1753.8702199338784,43485.074943373744,0.0384719041040921,1,0.67287784679089,0.18110116021206313,0.08715637529333857,0.016781915262657054,0.19254948598051333,0.17311757977180411,0.2039232916685319,0.441412392089607,2024-11-09,karolina kowalkiewicz,denise gomes,0.8771910971619893,0.1228089028380107,0.8771910971619893,0,0.0,0,320.0,-420.0,0.410276565537153,1.238095238095238,4.2,0.14834045087133108,0.0298469378562083,0.0159406079313374,0.0529538435701206,0.0220461564298792,0.0084720287660942,0.0041114329699099,400.0,-700.0,500.0,-549.0,80.0,0.0,10,0,8,0,2,0,0.0,0,0
503,0.0,0.0,0.0,-0.16802371233460678,0.0222924134408813,1.1428571428571428,-4825.003735219382,-1.0,0.0,-0.11095769620961907,-0.1931206676360136,-3572.862970047042,35087.20823810732,0.0384719041040921,1,-2.1593790251508374,0.0,0.12552404293752795,0.03806431261648857,0.30324320126808535,0.0,0.0,0.3064903201312531,2024-11-16,mauricio ruffy,james llontop,0.7279792517072191,0.7279792517072191,0.2720207482927809,1,1.0,1,-700.0,500.0,0.0,6.0,1.1428571428571428,-0.0047341890496001016,0.0124693401840167,0.0291973264826498,0.013749275630595,0.0381987763174568,0.0095375835676442,0.02478584877559,-1000.0,600.0,-910.0,650.0,0.0,0.0,0,0,0,0,0,0,0.0,0,0
504,-1875.8188253068038,0.04313707238056953,-1.0,0.022721607910328456,0.0222924134408813,1.7407407407407407,-4825.003735219382,-1.0,-0.04313707238056953,-0.11095769620961907,-0.1931206676360136,-3572.862970047042,35087.20823810732,0.0384719041040921,1,-2.1593790251508374,0.02260874882606574,0.12552404293752795,0.03806431261648857,0.30324320126808535,0.026224670906209252,0.0639129377971105,0.3064903201312531,2024-11-16,veronica hardy,eduarda moura,0.5875209236931674,0.5875209236931674,0.4124790763068325,1,0.0,1,-135.0,114.0,0.0737665999251906,2.14,1.7407407407407407,-0.0047341890496001016,0.0197976060171143,0.0219601987154369,0.0434863681280953,0.0398469652052378,0.0064085691553548,0.0058784557463489,100.0,-140.0,118.0,-124.0,0.0,0.0,0,0,0,0,0,0,0.0,0,0
505,0.0,0.0,0.0,-0.06137407601660699,0.0222924134408813,1.704225352112676,-4825.003735219382,-1.0,0.0,-0.11095769620961907,-0.1931206676360136,-3572.862970047042,35087.20823810732,0.0384719041040921,1,-2.1593790251508374,0.0,0.12552404293752795,0.03806431261648857,0.30324320126808535,0.0,0.0,0.3064903201312531,2024-11-16,bassil hafez,oban elliott,0.5507639719241397,0.4492360280758603,0.5507639719241397,0,0.0,0,120.0,-142.0,0.0,1.704225352112676,2.2,-0.0047341890496001016,0.0219819935623222,0.0193403204872646,0.0395272783320708,0.0242625903358466,0.0200164041721571,0.0125333245801031,225.0,-310.0,250.0,-295.0,0.0,0.0,0,0,0,0,0,0,0.0,0,0
506,0.0,0.0,0.0,-0.0597729098783486,0.0222924134408813,1.704225352112676,-4825.003735219382,-1.0,0.0,-0.11095769620961907,-0.1931206676360136,-3572.862970047042,35087.20823810732,0.0384719041040921,1,-2.1593790251508374,0.0,0.12552404293752795,0.03806431261648857,0.30324320126808535,0.0,0.0,0.3064903201312531,2024-11-16,mickey gall,ramiz brahimaj,0.5517034991622913,0.4482965008377087,0.5517034991622913,0,0.0,0,120.0,-142.0,0.0,1.704225352112676,2.2,-0.0047341890496001016,0.0219819935623222,0.0193403204872646,0.0361183306746932,0.0472150026586399,0.0063172493997234,0.0079277648452907,-200.0,140.0,-170.0,160.0,75.0,0.0,8,1,6,0,2,1,0.0,0,1
507,0.0,0.0,0.0,-0.10347964984650954,0.0222924134408813,1.7692307692307692,-4825.003735219382,-1.0,0.0,-0.11095769620961907,-0.1931206676360136,-3572.862970047042,35087.20823810732,0.0384719041040921,1,-2.1593790251508374,0.0,0.12552404293752795,0.03806431261648857,0.30324320126808535,0.0,0.0,0.3064903201312531,2024-11-16,marcin tybura,jhonata diniz,0.5067288935650164,0.5067288935650164,0.4932711064349836,1,1.0,1,-130.0,110.0,0.0,2.1,1.7692307692307692,-0.0047341890496001016,0.0198146558599141,0.0215932116349099,0.0434647008446087,0.0432742482796613,0.0120365301632248,0.0117729936462989,-118.0,-120.0,100.0,-110.0,69.23076923076923,0.0,13,0,9,0,4,0,69.23076923076923,9,4
508,1165.1093315257115,0.05305076464568531,0.5050505050505052,0.038476174013163056,0.0222924134408813,1.5050505050505052,-4825.003735219382,-1.0,0.026793315477618852,-0.11095769620961907,-0.1931206676360136,-3572.862970047042,35087.20823810732,0.0384719041040921,1,-2.1593790251508374,0.03819303211953775,0.12552404293752795,0.03806431261648857,0.30324320126808535,0.05340332709129624,0.08978234420861668,0.3064903201312531,2024-11-16,charles oliveira,michael chandler,0.6899942364248532,0.6899942364248532,0.3100057635751467,1,1.0,1,-198.0,164.0,0.12461415454550655,2.64,1.5050505050505052,-0.0047341890496001016,0.0185656693505812,0.0246517396386398,0.0262663073127574,0.040400359353909,0.0094934904644795,0.0138491799370142,-275.0,200.0,-240.0,215.0,80.0,66.66666666666666,25,3,20,2,5,1,80.0,20,5
509,-2510.0049193015475,0.05772106688490419,-1.0,0.04213967525928314,0.0222924134408813,1.434782608695652,-4825.003735219382,-1.0,-0.0577210668849042,-0.11095769620961907,-0.1931206676360136,-3572.862970047042,35087.20823810732,0.0384719041040921,1,-2.1593790251508374,0.044605801234350706,0.12552404293752795,0.03806431261648857,0.30324320126808535,0.06291638601430924,0.0974769648854153,0.3064903201312531,2024-11-16,viviane araujo,karine silva,0.726339773665561,0.273660226334439,0.726339773665561,0,1.0,0,190.0,-230.0,0.14553738994186985,1.434782608695652,2.9,-0.0047341890496001016,0.0245558468550464,0.017241436321547,0.0634346923493256,0.0369237305897426,0.004440781532958,0.0028651545401012,210.0,-350.0,265.0,-275.0,57.14285714285714,0.0,7,0,4,0,3,0,0.0,0,0
510,1123.8329593605479,0.0770154408899037,0.3355704697986577,0.13609638802388696,0.0222924134408813,1.3355704697986577,-4825.003735219382,-1.0,0.025844107681175735,-0.11095769620961907,-0.1931206676360136,-3572.862970047042,35087.20823810732,0.0384719041040921,1,-2.1593790251508374,0.13550662830888685,0.12552404293752795,0.03806431261648857,0.30324320126808535,0.23382751938059032,0.2573325676393201,0.3064903201312531,2024-11-16,jon jones,stipe miocic,0.850645034249041,0.850645034249041,0.1493549657509589,1,1.0,1,-298.0,240.0,0.44212368028737986,3.4,1.3355704697986577,-0.0047341890496001016,0.0164642876034875,0.0263970780483009,0.0209632697544978,0.0491666003753723,0.0079485465369132,0.0165396771038527,-670.0,400.0,-549.0,460.0,100.0,75.0,16,16,16,12,0,4,100.0,16,0
511,0.0,0.0,0.0,-0.08295680869718836,0.0222924134408813,1.6756756756756757,-4825.003735219382,-1.0,0.0,-0.11095769620961907,-0.1931206676360136,-3572.862970047042,35087.20823810732,0.0384719041040921,1,-2.1593790251508374,0.0,0.12552404293752795,0.03806431261648857,0.30324320126808535,0.0,0.0,0.3064903201312531,2024-11-16,jonathan martinez,marcus mcghee,0.5472677109387747,0.4527322890612253,0.5472677109387747,0,0.0,0,124.0,-148.0,0.0,1.6756756756756757,2.24,-0.0047341890496001016,0.0231793921004005,0.0200233728765578,0.0524337629194944,0.0494348326199872,-2.159383782895929e-14,2.164934898019056e-14,-110.0,-137.0,110.0,-110.0,62.5,0.0,8,0,5,0,3,0,0.0,0,0
512,-1475.9815163249496,0.033942255319715384,-1.0,0.21459022169324615,0.0222924134408813,2.18,-4825.003735219382,-1.0,-0.033942255319715384,-0.11095769620961907,-0.1931206676360136,-3572.862970047042,35087.20823810732,0.0384719041040921,1,-2.1593790251508374,0.0656557414094933,0.12552404293752795,0.03806431261648857,0.30324320126808535,0.19840701162422766,0.23169083764828574,0.3064903201312531,2024-11-16,jim miller,damon jackson,0.5571514778409385,0.4428485221590614,0.5571514778409385,0,1.0,0,-140.0,118.0,0.2142179935124102,2.18,1.7142857142857144,-0.0047341890496001016,0.0197565162227272,0.0222924134408813,0.0543229674285924,0.0373212374231595,0.0030677496110842,0.0022204576866419,165.0,-250.0,205.0,-210.0,77.77777777777779,33.33333333333333,27,6,21,2,6,4,33.33333333333333,2,4
513,0.0,0.0,0.0,-0.048119712440745754,0.0350135352882691,1.3773584905660377,5683.343232853679,1.6433566433566429,0.0,0.16197764137533022,0.22012536060043952,2040.2411330224068,42810.792603983406,0.038471904104092104,1,1.2937062937062933,0.0,0.0562589237489216,0.010008134317077878,0.17789416594144708,0.0,0.0,0.6838364750059683,2024-11-23,volkan oezdemir,carlos ulberg,0.6910911676800066,0.3089088323199934,0.6910911676800066,0,0.0,0,205.0,-265.0,0.0,1.3773584905660377,3.05,0.09856511794328607,0.0324758675621523,0.0214203821571381,0.043567383603786,0.0269793536096178,0.0121654747939023,0.0079795695251951,215.0,-305.0,240.0,-265.0,70.0,66.66666666666666,10,3,7,2,3,1,66.66666666666666,2,1
514,809.4063813100254,0.05997788644582072,0.3846153846153846,0.021337765320960822,0.0350135352882691,1.3846153846153846,5683.343232853679,1.6433566433566429,0.0230684178637772,0.16197764137533022,0.22012536060043952,2040.2411330224068,42810.792603983406,0.038471904104092104,1,1.2937062937062933,0.08934860372845808,0.0562589237489216,0.010008134317077878,0.17789416594144708,0.033522298981613796,0.08316692560173129,0.6838364750059683,2024-11-23,petr yan,deiveson figueiredo,0.7376328305095828,0.7376328305095828,0.2623671694904171,1,1.0,1,-260.0,196.0,0.13065785022315207,2.96,1.3846153846153846,0.09856511794328607,0.0240218871271901,0.0360381729328698,0.0345444993467652,0.0581510883432608,0.0060862454044519,0.0093577700395637,-335.0,210.0,-270.0,250.0,80.0,36.36363636363637,10,11,8,4,2,7,80.0,8,2
515,0.0,0.0,0.0,-0.10450824067116657,0.0350135352882691,1.1821493624772312,5683.343232853679,1.6433566433566429,0.0,0.16197764137533022,0.22012536060043952,2040.2411330224068,42810.792603983406,0.038471904104092104,1,1.2937062937062933,0.0,0.0562589237489216,0.010008134317077878,0.17789416594144708,0.0,0.0,0.6838364750059683,2024-11-23,wang cong,gabriella fernandes,0.7575115190624493,0.7575115190624493,0.2424884809375507,1,0.0,1,-549.0,350.0,0.0,4.5,1.1821493624772312,0.09856511794328607,0.0217506013680772,0.0463884159234824,0.013749275630595,0.0381987763174568,0.0108731605849623,0.0290238793120777,-1000.0,600.0,-950.0,640.0,0.0,0.0,0,0,0,0,0,0,0.0,0,0
516,1230.8347517123814,0.03858723149746534,0.9090909090909087,0.1674000732099047,0.0350135352882691,1.9090909090909087,5683.343232853679,1.6433566433566429,0.03507930136133211,0.16197764137533022,0.22012536060043952,2040.2411330224068,42810.792603983406,0.038471904104092104,1,1.2937062937062933,0.16413456595465545,0.0562589237489216,0.010008134317077878,0.17789416594144708,0.17470924170451985,0.22997866788266783,0.6838364750059683,2024-11-23,xiao long,quang le,0.6114952764432835,0.6114952764432835,0.3885047235567165,1,1.0,1,-110.0,-120.0,0.24002019774277605,1.8333333333333333,1.9090909090909087,0.09856511794328607,0.0350135352882691,0.0342505339758,0.0253013906679012,0.0292440638775533,0.0189368345931199,0.02167755028356,-150.0,120.0,-144.0,122.0,0.0,0.0,0,0,0,0,0,0,0.0,0,0
517,0.0,0.0,0.0,-0.11405233902677542,0.0236688803786396,1.5319148936170213,-2995.8190605220784,-1.0,0.0,-0.06997812650269239,-0.02296237909999628,2012.7814111780945,41827.75495463942,0.038471904104092104,1,0.7579427818558255,0.0,0.17014640742645362,0.0746298259206587,0.43862122656288055,0.0,0.0,0.22611058726421668,2024-12-07,cody durden,joshua van,0.5783269453575216,0.4216730546424784,0.5783269453575216,0,0.0,0,140.0,-188.0,0.0,1.5319148936170213,2.4,0.3035537751259344,0.0389594877010522,0.0304849567433922,0.0403703680495044,0.0314687124102657,0.0117264411987806,0.0092525797802403,140.0,-190.0,160.0,-175.0,0.0,0.0,2,0,0,0,2,0,0.0,0,0
518,1691.8606856912893,0.03293290824546789,1.2000000000000002,0.35164377675144853,0.0236688803786396,2.2,-2995.8190605220784,-1.0,0.03951948989456147,-0.06997812650269239,-0.02296237909999628,2012.7814111780945,41827.75495463942,0.038471904104092104,1,0.7579427818558255,0.07726606434523257,0.17014640742645362,0.0746298259206587,0.43862122656288055,0.3240841258652454,0.37077724242694554,0.22611058726421668,2024-12-07,michael chiesa,max griffin,0.614383534887022,0.614383534887022,0.385616465112978,1,1.0,1,120.0,-163.0,0.34171802957172004,1.6134969325153374,2.2,0.3035537751259344,0.0403376871081888,0.0339796305551364,0.037565991906196,0.0422999890818046,0.0072647813393789,0.0081293073305718,-148.0,107.0,-132.0,124.0,53.333333333333336,72.72727272727273,15,11,8,8,7,3,53.333333333333336,8,7
519,-1585.9351557793373,0.03704521825722449,-1.0,0.1308580835473101,0.0236688803786396,2.0,-2995.8190605220784,-1.0,-0.03704521825722449,-0.06997812650269239,-0.02296237909999628,2012.7814111780945,41827.75495463942,0.038471904104092104,1,0.7579427818558255,0.03831311062335429,0.17014640742645362,0.0746298259206587,0.43862122656288055,0.13072002601241225,0.1696230803242686,0.22611058726421668,2024-12-07,chris weidman,eryk anders,0.565429041773655,0.565429041773655,0.4345709582263449,1,0.0,1,100.0,-120.0,0.16944412504923675,1.8333333333333333,2.0,0.3035537751259344,0.0232290461519004,0.0222254993026449,0.0291846444104065,0.0295086003293498,0.0166951174351361,0.0169183279430149,-115.0,-110.0,-110.0,-104.0,71.42857142857143,45.45454545454545,14,11,10,5,4,6,71.42857142857143,10,4
520,0.0,0.0,0.0,-0.08010054248555604,0.0236688803786396,1.2,-2995.8190605220784,-1.0,0.0,-0.06997812650269239,-0.02296237909999628,2012.7814111780945,41827.75495463942,0.038471904104092104,1,0.7579427818558255,0.0,0.17014640742645362,0.0746298259206587,0.43862122656288055,0.0,0.0,0.22611058726421668,2024-12-07,kennedy nzechukwu,lukasz brzeski,0.7665828812620367,0.7665828812620367,0.2334171187379633,1,1.0,1,-500.0,380.0,0.0,4.8,1.2,0.3035537751259344,0.0137953429848293,0.0278713236818374,0.0201574573220818,0.0465092093445847,0.00694303865279,0.0144123529077756,-650.0,400.0,-549.0,470.0,100.0,0.0,5,0,5,0,0,0,100.0,5,0
521,604.5281653481645,0.09884650341753795,0.1428571428571428,0.009206160103983424,0.0236688803786396,1.1428571428571428,-2995.8190605220784,-1.0,0.01412092905964827,-0.06997812650269239,-0.02296237909999628,2012.7814111780945,41827.75495463942,0.038471904104092104,1,0.7579427818558255,0.03375922812830976,0.17014640742645362,0.0746298259206587,0.43862122656288055,0.023397911309964065,0.05874528882330242,0.22611058726421668,2024-12-07,clay guida,chase hooper,0.8830553900909855,0.1169446099090145,0.8830553900909855,0,0.0,0,500.0,-700.0,0.14930405752677622,1.1428571428571428,6.0,0.3035537751259344,0.0291973264826498,0.0124693401840167,0.0567447622579458,0.0171468633578176,0.0146453515639771,0.0055566686380429,600.0,-1350.0,800.0,-1000.0,68.42105263157895,50.0,19,6,13,3,6,3,50.0,3,3
522,0.0,0.0,0.0,-0.05650682415190439,0.0236688803786396,1.4,-2995.8190605220784,-1.0,0.0,-0.06997812650269239,-0.02296237909999628,2012.7814111780945,41827.75495463942,0.038471904104092104,1,0.7579427818558255,0.0,0.17014640742645362,0.0746298259206587,0.43862122656288055,0.0,0.0,0.22611058726421668,2024-12-07,randy brown,bryan battle,0.6739236970343541,0.3260763029656459,0.6739236970343541,0,0.0,0,175.0,-250.0,0.0,1.4,2.75,0.3035537751259344,0.0462926168982899,0.0316294610237879,0.0379213858088197,0.0287452808578468,0.0170556976162982,0.0130805707275174,150.0,-200.0,165.0,-188.0,61.53846153846154,100.0,13,3,8,3,5,0,100.0,3,0
523,1020.7472377291589,0.06556886086463157,0.36363636363636376,0.07879918564253402,0.0236688803786396,1.3636363636363638,-2995.8190605220784,-1.0,0.023843222132593305,-0.06997812650269239,-0.02296237909999628,2012.7814111780945,41827.75495463942,0.038471904104092104,1,0.7579427818558255,0.06487877420350385,0.17014640742645362,0.0746298259206587,0.43862122656288055,0.12715290875611734,0.1778185922057939,0.22611058726421668,2024-12-07,dominick reyes,anthony smith,0.7911194028045249,0.7911194028045249,0.2088805971954751,1,1.0,1,-275.0,200.0,0.2869338184845416,3.0,1.3636363636363638,0.3035537751259344,0.0262663073127574,0.040400359353909,0.0231736516692425,0.0450081665125755,0.0096600984648791,0.0176126288078482,-450.0,300.0,-400.0,340.0,66.66666666666666,58.82352941176471,9,17,6,10,3,7,66.66666666666666,6,3
524,-2642.077846500355,0.06171522846915285,-1.0,0.08363206942807039,0.0236688803786396,1.4,-2995.8190605220784,-1.0,-0.06171522846915285,-0.06997812650269239,-0.02296237909999628,2012.7814111780945,41827.75495463942,0.038471904104092104,1,0.7579427818558255,0.065099652617589,0.17014640742645362,0.0746298259206587,0.43862122656288055,0.1283533206349766,0.18759597135882014,0.22611058726421668,2024-12-07,vicente luque,themba gorimbo,0.774022906734336,0.2259770932656639,0.774022906734336,0,1.0,0,175.0,-250.0,0.2879106785986903,1.4,2.75,0.3035537751259344,0.0462926168982899,0.0316294610237879,0.044482386329139,0.0363256944789416,0.0044366554026268,0.0037266099034956,125.0,-175.0,145.0,-150.0,71.42857142857143,100.0,14,1,10,1,4,0,100.0,1,0
525,1157.5287789609768,0.062187967792087254,0.4347826086956521,0.1275822199677138,0.0236688803786396,1.434782608695652,-2995.8190605220784,-1.0,0.027038246866124886,-0.06997812650269239,-0.02296237909999628,2012.7814111780945,41827.75495463942,0.038471904104092104,1,0.7579427818558255,0.07733510847008919,0.17014640742645362,0.0746298259206587,0.43862122656288055,0.1909057253472877,0.22857409161782644,0.22611058726421668,2024-12-07,movsar evloev,aljamain sterling,0.7858906381593157,0.7858906381593157,0.2141093618406843,1,1.0,1,-230.0,180.0,0.3420233851311036,2.8,1.434782608695652,0.3035537751259344,0.0223754287271183,0.0317371253854357,0.0316294610237879,0.0462926168982899,0.0106100521200964,0.0150309735209291,-250.0,175.0,-225.0,200.0,100.0,76.47058823529412,5,17,5,13,0,4,100.0,5,0
526,0.0,0.0022191686832142275,0.0,-0.05334290828076527,0.0236688803786396,1.6134969325153374,-2995.8190605220784,-1.0,0.0,-0.06997812650269239,-0.02296237909999628,2012.7814111780945,41827.75495463942,0.038471904104092104,1,0.7579427818558255,0.0005017775341999274,0.17014640742645362,0.0746298259206587,0.43862122656288055,-0.06710931704330166,0.0017639415321699904,0.22611058726421668,2024-12-07,nate landwehr,dooho choi,0.5867114294685751,0.5867114294685751,0.4132885705314248,1,0.0,1,-163.0,120.0,0.0022191686832142275,2.2,1.6134969325153374,0.3035537751259344,0.0339796305551364,0.0403376871081888,0.0303908195281207,0.0337117445744432,0.0148368617152148,0.0165283072646333,-140.0,108.0,-134.0,118.0,40.0,0.0,5,1,2,0,3,1,40.0,2,3
527,720.664479253571,0.0841685513650728,0.19999999999999996,0.013946286318406553,0.0236688803786396,1.2,-2995.8190605220784,-1.0,0.016833710273014557,-0.06997812650269239,-0.02296237909999628,2012.7814111780945,41827.75495463942,0.038471904104092104,1,0.7579427818558255,0.031846641515211986,0.17014640742645362,0.0746298259206587,0.43862122656288055,0.030219223645021377,0.06500069729286059,0.22611058726421668,2024-12-07,bryce mitchell,kron gracie,0.8449552385986722,0.8449552385986722,0.1550447614013278,1,1.0,1,-500.0,380.0,0.14084542391638777,4.8,1.2,0.3035537751259344,0.0137953429848293,0.0278713236818374,0.019638207040137,0.0561193687174385,0.0064969485463198,0.0157252736759022,-1000.0,500.0,-800.0,650.0,80.0,50.0,5,2,4,1,1,1,80.0,4,1
528,1045.4650664746264,0.058609430167514305,0.41666666666666674,0.04028687508699741,0.0236688803786396,1.4166666666666667,-2995.8190605220784,-1.0,0.024420595903130962,-0.06997812650269239,-0.02296237909999628,2012.7814111780945,41827.75495463942,0.038471904104092104,1,0.7579427818558255,0.035894239123381196,0.17014640742645362,0.0746298259206587,0.43862122656288055,0.06111678739837322,0.10464221362257858,0.22611058726421668,2024-12-07,ciryl gane,alexander volkov,0.7343201471202334,0.7343201471202334,0.2656798528797666,1,1.0,1,-240.0,188.0,0.15874638847157455,2.88,1.4166666666666667,0.3035537751259344,0.0216965726234765,0.031408002539922,0.0255271203822416,0.0460650903852267,0.0067057716349189,0.0111646676800476,-385.0,260.0,-325.0,295.0,100.0,69.23076923076923,8,13,8,9,0,4,100.0,8,0
529,0.0,0.0459698286908643,0.0,-0.014515652661454825,0.0236688803786396,1.3448275862068966,-2995.8190605220784,-1.0,0.0,-0.06997812650269239,-0.02296237909999628,2012.7814111780945,41827.75495463942,0.038471904104092104,1,0.7579427818558255,0.010394264961726764,0.17014640742645362,0.0746298259206587,0.43862122656288055,-0.024017317619724154,0.02778337184645313,0.22611058726421668,2024-12-07,shavkat rakhmonov,ian machado garry,0.7327960531491746,0.7327960531491746,0.2672039468508254,1,1.0,1,-290.0,215.0,0.0459698286908643,3.15,1.3448275862068966,0.3035537751259344,0.0236688803786396,0.0373811806714214,0.0353346933991691,0.0715029134384376,-0.0034969080241817,-0.0059593567512318,-485.0,260.0,-350.0,370.0,100.0,100.0,4,1,4,1,0,0,100.0,4,0
530,-1177.6489353195236,0.028154724933160725,-1.0,0.29838847933561596,0.0262663073127574,2.5,-4198.797482227204,-1.0,-0.028154724933160725,-0.1003830467779262,-0.285984034381625,-7763.272628826584,29865.684843585634,0.038471904104092104,1,-4.35064935064935,0.051602260411671506,0.1838113801399835,0.07799588206571292,0.4243256429842066,0.24632273411348726,0.29865857955343156,0.20930099145544426,2024-12-14,michael johnson,ottman azaitar,0.5193553917342464,0.4806446082657535,0.5193553917342464,0,1.0,0,-200.0,150.0,0.24654570459909422,2.5,1.5,-0.09069145534739272,0.0287452808578468,0.0379213858088197,0.0384251901257095,0.0585445068439872,0.0019838881455293,0.0028238041621629,-275.0,175.0,-225.0,220.0,54.166666666666664,50.0,24,2,13,1,11,1,50.0,1,1
531,896.4463417128692,0.07501148936627386,0.2857142857142856,0.06752676053277606,0.0262663073127574,1.2857142857142856,-4198.797482227204,-1.0,0.021431854104649664,-0.1003830467779262,-0.285984034381625,-7763.272628826584,29865.684843585634,0.038471904104092104,1,-4.35064935064935,0.06643296939334087,0.1838113801399835,0.07799588206571292,0.4243256429842066,0.12183464121105794,0.1759209275865814,0.20930099145544426,2024-12-14,miranda maverick,jamey lyn horth,0.8302985915254926,0.8302985915254926,0.1697014084745074,1,1.0,1,-350.0,240.0,0.31740398806224973,3.4,1.2857142857142856,-0.09069145534739272,0.0263895562040242,0.0455058686325771,0.0233197907598717,0.067589300149219,-5.625455961966175e-05,-0.0001217605716665,-1000.0,450.0,-649.0,650.0,100.0,0.0,5,0,5,0,0,0,100.0,5,0
532,0.0,0.0,0.0,-0.09845586229275233,0.0262663073127574,1.4,-4198.797482227204,-1.0,0.0,-0.1003830467779262,-0.285984034381625,-7763.272628826584,29865.684843585634,0.038471904104092104,1,-4.35064935064935,0.0,0.1838113801399835,0.07799588206571292,0.4243256429842066,0.0,0.0,0.20930099145544426,2024-12-14,miles johns,felipe lima,0.6439600983623198,0.3560399016376802,0.6439600983623198,0,0.0,0,200.0,-250.0,0.0,1.4,3.0,-0.09069145534739272,0.0284008065139526,0.019218241105095,0.0371082554027841,0.0240939303895655,0.0179963086130015,0.0119182213015283,205.0,-275.0,225.0,-260.0,50.0,0.0,4,0,2,0,2,0,0.0,0,0
533,0.0,0.0,0.0,-0.056295302528740376,0.0262663073127574,1.5405405405405406,-4198.797482227204,-1.0,0.0,-0.1003830467779262,-0.285984034381625,-7763.272628826584,29865.684843585634,0.038471904104092104,1,-4.35064935064935,0.0,0.1838113801399835,0.07799588206571292,0.4243256429842066,0.0,0.0,0.20930099145544426,2024-12-14,sean woodson,fernando padilla,0.6125802422181861,0.6125802422181861,0.3874197577818139,1,1.0,1,-185.0,155.0,0.0,2.55,1.5405405405405406,-0.09069145534739272,0.0180457488714349,0.0232339208912069,0.0310991248045032,0.0374054700158809,0.0111557920389869,0.0133540118825816,-166.0,125.0,-155.0,140.0,66.66666666666666,0.0,3,0,2,0,1,0,66.66666666666666,2,1
534,-1890.2444603265235,0.045191152677843224,-1.0,0.05656298262879722,0.0262663073127574,1.6896551724137931,-4198.797482227204,-1.0,-0.045191152677843224,-0.1003830467779262,-0.285984034381625,-7763.272628826584,29865.684843585634,0.038471904104092104,1,-4.35064935064935,0.026010227147200075,0.1838113801399835,0.07799588206571292,0.4243256429842066,0.06756584917122527,0.10403462885658232,0.20930099145544426,2024-12-14,davey grant,ramon taveras,0.6253127856374514,0.3746872143625486,0.6253127856374514,0,1.0,0,122.0,-145.0,0.12427187738734195,1.6896551724137931,2.22,-0.09069145534739272,0.0225925289248723,0.0196946562194557,0.0350135352882691,0.0342505339758,0.0097005466611789,0.0095302225695902,-110.0,-120.0,100.0,-108.0,66.66666666666666,0.0,9,0,6,0,3,0,0.0,0,0
535,0.0,0.0,0.0,-0.08073170757595399,0.0262663073127574,1.6666666666666663,-4198.797482227204,-1.0,0.0,-0.1003830467779262,-0.285984034381625,-7763.272628826584,29865.684843585634,0.038471904104092104,1,-4.35064935064935,0.0,0.1838113801399835,0.07799588206571292,0.4243256429842066,0.0,0.0,0.20930099145544426,2024-12-14,adrian yanez,daniel marcos,0.5515609754544277,0.4484390245455723,0.5515609754544277,0,0.0,0,110.0,-150.0,0.0,1.6666666666666663,2.1,-0.09069145534739272,0.0405383694346594,0.0356521067558167,0.0608497914257953,0.0396286774737261,-0.0027399946247238,-0.0019220100372807,175.0,-280.0,230.0,-225.0,80.0,0.0,5,0,4,0,1,0,0.0,0,0
536,-3021.14854690768,0.07222832184476548,-1.0,0.1809028232010927,0.0262663073127574,1.4,-4198.797482227204,-1.0,-0.07222832184476548,-0.1003830467779262,-0.285984034381625,-7763.272628826584,29865.684843585634,0.038471904104092104,1,-4.35064935064935,0.10109569566191591,0.1838113801399835,0.07799588206571292,0.4243256429842066,0.28754243125241136,0.30388186532760564,0.20930099145544426,2024-12-14,vitor petrino,dustin jacoby,0.8435020165722091,0.8435020165722091,0.1564979834277908,1,0.0,1,-250.0,205.0,0.48301584698148475,3.05,1.4,-0.09069145534739272,0.0169990228350114,0.0251555439097192,0.0263895562040242,0.0455058686325771,0.0061997638895923,0.0100445506003362,-350.0,240.0,-305.0,280.0,0.0,71.42857142857143,0,7,0,5,0,2,0.0,0,0
537,-1903.8566403775874,0.04551658683193124,-1.0,0.09743808759979444,0.0262663073127574,1.6666666666666663,-4198.797482227204,-1.0,-0.04551658683193124,-0.1003830467779262,-0.285984034381625,-7763.272628826584,29865.684843585634,0.038471904104092104,1,-4.35064935064935,0.045215790283333536,0.1838113801399835,0.07799588206571292,0.4243256429842066,0.1174473459627079,0.1792273917427006,0.20930099145544426,2024-12-14,cub swanson,billy quarantillo,0.6584628525598768,0.3415371474401232,0.6584628525598768,0,1.0,0,110.0,-150.0,0.2160323750447165,1.6666666666666663,2.1,-0.09069145534739272,0.0405383694346594,0.0356521067558167,0.0637748728977669,0.0484270906365948,-0.0092139988360202,-0.0073777744097455,130.0,-210.0,175.0,-163.0,65.0,57.14285714285714,20,7,13,4,7,3,57.14285714285714,4,3
538,-1654.669989776162,0.03955913941760889,-1.0,0.039889538640974165,0.0262663073127574,1.869565217391304,-4198.797482227204,-1.0,-0.03955913941760889,-0.1003830467779262,-0.285984034381625,-7763.272628826584,29865.684843585634,0.038471904104092104,1,-4.35064935064935,0.019119901929041182,0.1838113801399835,0.07799588206571292,0.4243256429842066,0.042583793082361994,0.08557148035135531,0.20930099145544426,2024-12-14,colby covington,joaquin buckley,0.5562199857847072,0.5562199857847072,0.4437800142152928,1,0.0,1,-115.0,-105.0,0.09135122483694208,1.9523809523809523,1.869565217391304,-0.09069145534739272,0.0232792664320201,0.0237995764494319,0.0365518362890227,0.0261262263890399,0.0168532200964144,0.0124207845874261,170.0,-225.0,180.0,-205.0,90.9090909090909,62.5,11,8,10,5,1,3,90.9090909090909,10,1
539,987.8496021680244,0.06494698099164296,0.36363636363636376,0.07111453455853306,0.0262663073127574,1.3636363636363638,-4198.797482227204,-1.0,0.023617083996961084,-0.1003830467779262,-0.285984034381625,-7763.272628826584,29865.684843585634,0.038471904104092104,1,-4.35064935064935,0.05602902433777065,0.1838113801399835,0.07799588206571292,0.4243256429842066,0.11466594968233841,0.16602201248920578,0.20930099145544426,2024-12-14,joel alvarez,drakkar klose,0.7854839920095908,0.7854839920095908,0.2145160079904091,1,1.0,1,-275.0,200.0,0.2676959337275669,3.0,1.3636363636363638,-0.09069145534739272,0.0262663073127574,0.040400359353909,0.0260593898783069,0.0583561945372773,0.0035396458966782,0.006756364399332,-600.0,340.0,-455.0,425.0,50.0,25.0,4,4,2,1,2,3,50.0,2,2
540,604.5197397448046,0.07590480633260613,0.2666666666666666,0.045281049885330854,0.0316294610237879,1.2666666666666666,-3011.2619448523265,-1.0,0.020241281688694965,-0.10082681715229666,-0.08504317601730566,471.38925182189587,27325.812150555204,0.0384719041040921,1,-0.04753416518122422,0.11495517034254628,0.0797475025538345,0.018944066679012654,0.23755059496972003,0.08511627349745611,0.12676688112707754,0.48242142853465764,2025-01-11,fatima kline,viktoriia dudakova,0.8252218814884191,0.8252218814884191,0.1747781185115808,1,1.0,1,-375.0,280.0,0.23828786107557365,3.8,1.2666666666666666,0.2167897389828127,0.0189279748542016,0.0337036040931668,0.019638207040137,0.0561193687174385,0.0060508280351412,0.0142331476240879,-1000.0,500.0,-750.0,625.0,0.0,0.0,0,0,0,0,0,0,0.0,0,0
541,-1698.0200379002297,0.056855218515604204,-1.0,0.08819923920971379,0.0316294610237879,1.4761904761904765,-3011.2619448523265,-1.0,-0.056855218515604204,-0.10082681715229666,-0.08504317601730566,471.38925182189587,27325.812150555204,0.0384719041040921,1,-0.04753416518122422,0.10941885348375222,0.0797475025538345,0.018944066679012654,0.23755059496972003,0.12631451512891143,0.1583715434042367,0.48242142853465764,2025-01-11,jose johnson,felipe bunes,0.7371672265614189,0.7371672265614189,0.2628327734385811,1,0.0,1,-210.0,175.0,0.22681176044793264,2.75,1.4761904761904765,0.2167897389828127,0.0173530992925162,0.0237026191825569,0.0399498994374801,0.0493358148482338,0.003800039300007,0.0044967879932361,-180.0,124.0,-148.0,143.0,0.0,0.0,0,0,0,0,0,0,0.0,0,0
542,871.054076985684,0.04812343110675596,0.606060606060606,0.031717523061909336,0.0316294610237879,1.606060606060606,-3011.2619448523265,-1.0,0.029165715822276332,-0.10082681715229666,-0.08504317601730566,471.38925182189587,27325.812150555204,0.0384719041040921,1,-0.04753416518122422,0.045722712759981035,0.0797475025538345,0.018944066679012654,0.23755059496972003,0.040353010207791154,0.07449527473751266,0.48242142853465764,2025-01-11,thiago moises,trey ogden,0.642390155868736,0.642390155868736,0.3576098441312639,1,1.0,1,-165.0,140.0,0.09477753278676398,2.4,1.606060606060606,0.2167897389828127,0.0176933967696582,0.0216147793309708,0.0391145562608968,0.0476995305531898,0.0039141757289713,0.0045892256315728,-175.0,122.0,-145.0,140.0,71.42857142857143,100.0,7,1,5,1,2,0,71.42857142857143,5,2
543,0.0,0.0,0.0,-0.09450166673906768,0.0316294610237879,1.606060606060606,-3011.2619448523265,-1.0,0.0,-0.10082681715229666,-0.08504317601730566,471.38925182189587,27325.812150555204,0.0384719041040921,1,-0.04753416518122422,0.0,0.0797475025538345,0.018944066679012654,0.23755059496972003,0.0,0.0,0.48242142853465764,2025-01-11,punahele soriano,uros medic,0.5638008490115239,0.436199150988476,0.5638008490115239,0,1.0,0,135.0,-165.0,0.0,1.606060606060606,2.35,0.2167897389828127,0.0264262245034301,0.0217471998241491,0.0410199568833899,0.0284987596941501,0.0163382855845826,0.0115398765217674,175.0,-240.0,198.0,-225.0,33.33333333333333,50.0,3,2,1,1,2,1,50.0,1,1
544,736.2261434719646,0.05546528838991935,0.4444444444444444,0.00264072578377883,0.0316294610237879,1.4444444444444444,-3011.2619448523265,-1.0,0.0246512392844086,-0.10082681715229666,-0.08504317601730566,471.38925182189587,27325.812150555204,0.0384719041040921,1,-0.04753416518122422,0.02926550291799337,0.0797475025538345,0.018944066679012654,0.23755059496972003,0.003898230665785893,0.04109463937476671,0.48242142853465764,2025-01-11,chris curtis,roman kopylov,0.6941358870810777,0.3058641129189223,0.6941358870810777,0,0.0,0,185.0,-225.0,0.06066377069295318,1.4444444444444444,2.85,0.2167897389828127,0.0252599077377893,0.017924977552359,0.0485994850569588,0.0320074376552271,0.0109104014608949,0.0074719514802815,185.0,-270.0,220.0,-240.0,40.0,0.0,5,2,2,0,3,2,0.0,0,2
545,-1313.2419069520963,0.04397159863669245,-1.0,0.12127774340478853,0.0316294610237879,1.7246376811594204,-3011.2619448523265,-1.0,-0.04397159863669245,-0.10082681715229666,-0.08504317601730566,471.38925182189587,27325.812150555204,0.0384719041040921,1,-0.04753416518122422,0.10936160918095987,0.0797475025538345,0.018944066679012654,0.23755059496972003,0.14088493127017904,0.19514384807251334,0.48242142853465764,2025-01-11,santiago ponzinibbio,carlston harris,0.650152641133869,0.349847358866131,0.650152641133869,0,1.0,0,105.0,-138.0,0.22669310008293553,1.7246376811594204,2.05,0.2167897389828127,0.0354005882336351,0.0322362225882545,0.029248781260161,0.0349675263021539,0.0145464880906527,0.0172846394013895,-163.0,125.0,-154.0,135.0,66.66666666666666,100.0,12,2,8,2,4,0,100.0,2,0
546,0.0,0.029628623587350404,0.0,-0.00961797922493246,0.0316294610237879,1.606060606060606,-3011.2619448523265,-1.0,0.0,-0.10082681715229666,-0.08504317601730566,471.38925182189587,27325.812150555204,0.0384719041040921,1,-0.04753416518122422,0.014293482916525234,0.0797475025538345,0.018944066679012654,0.23755059496972003,-0.012242794494221972,0.02327634317973494,0.48242142853465764,2025-01-11,mackenzie dern,amanda ribas,0.6166529563316459,0.3833470436683541,0.6166529563316459,0,1.0,0,140.0,-165.0,0.029628623587350404,1.606060606060606,2.4,0.2167897389828127,0.0216147793309708,0.0176933967696582,0.034385576481825,0.0259818775864164,0.0149498953839405,0.0115314021996411,154.0,-200.0,165.0,-185.0,66.66666666666666,66.66666666666666,9,6,6,4,3,2,66.66666666666666,4,2
547,541.7204580431215,0.07708887168471351,0.23529411764705888,0.011693252135316273,0.0316294610237879,1.2352941176470589,-3011.2619448523265,-1.0,0.018138558043462007,-0.10082681715229666,-0.08504317601730566,471.38925182189587,27325.812150555204,0.0384719041040921,1,-0.04753416518122422,0.056632575322938944,0.0797475025538345,0.018944066679012654,0.23755059496972003,0.023436529640660703,0.058570877569575505,0.48242142853465764,2025-01-11,nurullo aliev,joe solecki,0.8189897755381131,0.8189897755381131,0.1810102244618868,1,1.0,1,-425.0,330.0,0.1173923295550094,4.3,1.2352941176470589,0.2167897389828127,0.0146095237354543,0.0274724253232388,0.0217521192131283,0.0708404733794641,-0.0013322115613033,-0.0029719491273624,-1250.0,500.0,-720.0,750.0,0.0,75.0,0,4,0,3,0,1,0.0,0,0
548,729.1307784286471,0.06103415862111441,0.3999999999999999,0.07343841105555904,0.0316294610237879,1.4,-3011.2619448523265,-1.0,0.02441366344844576,-0.10082681715229666,-0.08504317601730566,471.38925182189587,27325.812150555204,0.0384719041040921,1,-0.04753416518122422,0.1278255281619617,0.0797475025538345,0.018944066679012654,0.23755059496972003,0.11261526201876748,0.17278937175778186,0.48242142853465764,2025-01-11,cesar almeida,abdul razak alhassan,0.7667417221825422,0.7667417221825422,0.2332582778174577,1,1.0,1,-250.0,175.0,0.2649665222173658,2.75,1.4,0.2167897389828127,0.0316294610237879,0.0462926168982899,0.0219964606154342,0.0339175178791893,0.0138401786029276,0.0208820436192945,-275.0,210.0,-260.0,220.0,0.0,57.14285714285714,0,7,0,4,0,3,0.0,0,0
549,0.0,0.0,0.0,-0.08982941495826854,0.0164642876034875,1.289855072463768,6569.906243621597,2.2320805369127514,0.0,0.24042858113141607,0.2628891883877031,613.7543346726961,34509.4727288495,0.038471904104092104,1,1.3822453873734273,0.0,0.15823202478554896,0.06452241726646614,0.40777091334016,0.0,0.0,0.24313601596284237,2025-01-18,rinya nakamura,muin gafurov,0.7056378693020166,0.7056378693020166,0.2943621306979834,1,0.0,1,-345.0,275.0,0.0,3.75,1.289855072463768,0.23086036505391844,0.0154613702995864,0.0264861952434845,0.0199005970902305,0.0508064736168402,0.006315456104737,0.0140193492767972,-800.0,450.0,-649.0,550.0,0.0,0.0,0,0,0,0,0,0,0.0,0,0
550,666.6698207605037,0.056113266800672364,0.4347826086956521,0.0024636580910685213,0.0164642876034875,1.434782608695652,6569.906243621597,2.2320805369127514,0.02439707252203146,0.24042858113141607,0.2628891883877031,613.7543346726961,34509.4727288495,0.038471904104092104,1,1.3822453873734273,0.014392471191559921,0.15823202478554896,0.06452241726646614,0.40777091334016,0.003677451401150219,0.039656973450317164,0.24313601596284237,2025-01-18,tagir ulanbekov,clayton carpenter,0.698686792002866,0.698686792002866,0.301313207997134,1,1.0,1,-230.0,190.0,0.059195142828035285,2.9,1.434782608695652,0.23086036505391844,0.017241436321547,0.0245558468550464,0.0302004731567365,0.0555138125575491,0.0048326244501729,0.0081229323571273,-400.0,250.0,-333.0,310.0,100.0,0.0,1,0,1,0,0,0,100.0,1,0
551,593.4626592613096,0.06471971317283502,0.3355704697986577,0.017255662132389715,0.0164642876034875,1.3355704697986577,6569.906243621597,2.2320805369127514,0.02171802455464262,0.24042858113141607,0.2628891883877031,613.7543346726961,34509.4727288495,0.038471904104092104,1,1.3822453873734273,0.026686015695705903,0.15823202478554896,0.06452241726646614,0.40777091334016,0.029161961968405134,0.06494553974841963,0.24313601596284237,2025-01-18,ricky turcios,benardo sopaj,0.7616637872247541,0.2383362127752458,0.7616637872247541,0,0.0,0,240.0,-298.0,0.10975755932343743,1.3355704697986577,3.4,0.23086036505391844,0.0263970780483009,0.0164642876034875,0.0455058686325771,0.0263895562040242,0.0151370549415202,0.0094761658742321,240.0,-350.0,260.0,-295.0,100.0,0.0,1,0,1,0,0,0,0.0,0,0
552,-2593.726904942486,0.09491856603024282,-1.0,0.023221687488453685,0.0164642876034875,1.1666666666666667,6569.906243621597,2.2320805369127514,-0.09491856603024282,0.24042858113141607,0.2628891883877031,613.7543346726961,34509.4727288495,0.038471904104092104,1,1.3822453873734273,0.051661695670230816,0.15823202478554896,0.06452241726646614,0.40777091334016,0.0549045280503021,0.08986797877178519,0.24313601596284237,2025-01-18,payton talbott,raoni barcelos,0.8770471607043888,0.8770471607043888,0.1229528392956111,1,0.0,1,-600.0,440.0,0.21248063749685728,5.4,1.1666666666666667,0.23086036505391844,0.0132696079884536,0.0290584343395886,0.0125016251704618,0.038424300755464,0.0102805641242914,0.0304434177761611,-1250.0,700.0,-1200.0,750.0,0.0,60.0,0,5,0,3,0,2,0.0,0,0
553,0.0,0.0,0.0,-0.16076449256848324,0.0164642876034875,1.5882352941176472,6569.906243621597,2.2320805369127514,0.0,0.24042858113141607,0.2628891883877031,613.7543346726961,34509.4727288495,0.038471904104092104,1,1.3822453873734273,0.0,0.15823202478554896,0.06452241726646614,0.40777091334016,0.0,0.0,0.24313601596284237,2025-01-18,karol rosa,ailin perez,0.5284075417161401,0.5284075417161401,0.4715924582838598,1,0.0,1,-170.0,142.0,0.0,2.42,1.5882352941176472,0.23086036505391844,0.0191618095781445,0.0236909605473527,0.0262663073127574,0.040400359353909,0.0072111180858498,0.0106261171426896,-275.0,200.0,-245.0,225.0,66.66666666666666,0.0,6,0,4,0,2,0,66.66666666666666,4,2
554,857.2798132087911,0.045490165939221346,0.6896551724137931,0.06257082310093293,0.0164642876034875,1.6896551724137931,6569.906243621597,2.2320805369127514,0.031372528233945755,0.24042858113141607,0.2628891883877031,613.7543346726961,34509.4727288495,0.038471904104092104,1,1.3822453873734273,0.03082883935226319,0.15823202478554896,0.06452241726646614,0.40777091334016,0.0748449212604329,0.1060028180066262,0.24313601596284237,2025-01-18,jiri prochazka,jamahal hill,0.6288684463250419,0.6288684463250419,0.3711315536749581,1,1.0,1,-145.0,125.0,0.12679667892960234,2.25,1.6896551724137931,0.23086036505391844,0.0168598017385772,0.0194213773997447,0.0690095433076899,0.062643117756736,-0.0263194153515246,-0.0243391459453344,-110.0,-155.0,135.0,-110.0,50.0,66.66666666666666,2,6,1,4,1,2,50.0,1,1
555,-1244.3405962123663,0.04553718620901388,-1.0,0.04797921381816145,0.0164642876034875,1.6756756756756757,6569.906243621597,2.2320805369127514,-0.045537186209013876,0.24042858113141607,0.2628891883877031,613.7543346726961,34509.4727288495,0.038471904104092104,1,1.3822453873734273,0.027950573938515008,0.15823202478554896,0.06452241726646614,0.40777091334016,0.05786675357521773,0.09531591978360097,0.24313601596284237,2025-01-18,kevin holland,reinier de ridder,0.625406950181806,0.625406950181806,0.3745930498181939,1,0.0,1,-148.0,124.0,0.11495859150207757,2.24,1.6756756756756757,0.23086036505391844,0.0200233728765578,0.0231793921004005,0.0632519095856794,0.056786349620442,-0.010346788412234,-0.0094160574375683,-105.0,-155.0,130.0,-120.0,91.66666666666666,0.0,12,0,11,0,1,0,91.66666666666666,11,1
556,0.0,0.0,0.0,-0.04479737616665208,0.0164642876034875,1.434782608695652,6569.906243621597,2.2320805369127514,0.0,0.24042858113141607,0.2628891883877031,613.7543346726961,34509.4727288495,0.038471904104092104,1,1.3822453873734273,0.0,0.15823202478554896,0.06452241726646614,0.40777091334016,0.0,0.0,0.24313601596284237,2025-01-18,jailton almeida,serghei spivac,0.665747283277788,0.665747283277788,0.334252716722212,1,1.0,1,-230.0,190.0,0.0,2.9,1.434782608695652,0.23086036505391844,0.017241436321547,0.0245558468550464,0.0267777008844969,0.0574713833645872,0.0045472864299478,0.0085368257195849,-550.0,320.0,-435.0,400.0,100.0,100.0,3,3,3,3,0,0,100.0,3,0
557,1183.2899632238568,0.030495078660847236,1.42,0.3753299338094539,0.0164642876034875,2.42,6569.906243621597,2.2320805369127514,0.043303011698403074,0.24042858113141607,0.2628891883877031,613.7543346726961,34509.4727288495,0.038471904104092104,1,1.3822453873734273,0.0712065536078932,0.15823202478554896,0.06452241726646614,0.40777091334016,0.319646818258422,0.3438852012257788,0.24313601596284237,2025-01-18,merab dvalishvili,umar nurmagomedov,0.5683181544667165,0.5683181544667165,0.4316818455332835,1,1.0,1,142.0,-170.0,0.29286715637709326,1.5882352941176472,2.42,0.23086036505391844,0.0236909605473527,0.0191618095781445,0.0504218093515865,0.0316552425747116,0.0050262223086338,0.003377139035904,200.0,-298.0,240.0,-250.0,87.5,100.0,8,3,7,3,1,0,87.5,7,1
558,443.0332088051997,0.09727795968827913,0.16666666666666674,0.03144099299395367,0.0164642876034875,1.1666666666666667,6569.906243621597,2.2320805369127514,0.016212993281379862,0.24042858113141607,0.2628891883877031,613.7543346726961,34509.4727288495,0.038471904104092104,1,1.3822453873734273,0.06263305168393761,0.15823202478554896,0.06452241726646614,0.40777091334016,0.07443534571628113,0.10881062889380534,0.24313601596284237,2025-01-18,islam makhachev,renato moicano,0.8840922797091031,0.8840922797091031,0.1159077202908969,1,1.0,1,-600.0,440.0,0.25760499297442463,5.4,1.1666666666666667,0.23086036505391844,0.0132696079884536,0.0290584343395886,0.0191899753141833,0.0604316721953952,0.0031312700783584,0.0075639170874167,-1205.0,540.0,-835.0,750.0,88.88888888888889,50.0,9,12,8,6,1,6,88.88888888888889,8,1
559,708.0863705678875,0.07721993303132006,0.3355704697986577,0.13746594141706342,0.0164642876034875,1.3355704697986577,6569.906243621597,2.2320805369127514,0.025912729205140955,0.24042858113141607,0.2628891883877031,613.7543346726961,34509.4727288495,0.038471904104092104,1,1.3822453873734273,0.10842746898857282,0.15823202478554896,0.06452241726646614,0.40777091334016,0.23628383362237945,0.25944847735109466,0.24313601596284237,2025-01-18,grant dawson,diego ferreira,0.8516704787494596,0.8516704787494596,0.1483295212505404,1,1.0,1,-298.0,240.0,0.44595395938849064,3.4,1.3355704697986577,0.23086036505391844,0.0164642876034875,0.0263970780483009,0.0321099796736034,0.0504628147635978,0.0034952866482546,0.0051571035745445,-290.0,195.0,-245.0,235.0,100.0,50.0,3,8,3,4,0,4,100.0,3,0
560,0.0,0.0,0.0,-0.2923651585131633,0.0232290461519004,1.3636363636363638,8615.24586508445,3.0150000000000015,0.0,0.24964872493928916,0.4146098368422457,5692.720992535769,48817.439586469714,0.038471904104092104,1,4.430613553113554,0.0,0.13708435546583866,0.05673257143399729,0.41385153864720187,0.0,0.0,0.2806440164040402,2025-02-01,fares ziam,mike davis,0.5189322170903469,0.4810677829096531,0.5189322170903469,0,1.0,0,200.0,-275.0,0.0,1.3636363636363638,3.0,0.23750397614169447,0.040400359353909,0.0262663073127574,0.0491942280076172,0.0423808635674742,0.0028679897288758,0.0024958579378502,110.0,-160.0,135.0,-138.0,100.0,100.0,3,2,3,2,0,0,100.0,2,0
561,1266.0139732939977,0.03493903262698528,1.0499999999999998,0.06415345535011541,0.0232290461519004,2.05,8615.24586508445,3.0150000000000015,0.03668598425833454,0.24964872493928916,0.4146098368422457,5692.720992535769,48817.439586469714,0.038471904104092104,1,4.430613553113554,0.03418131328138201,0.13708435546583866,0.05673257143399729,0.41385153864720187,0.06249941058888991,0.1250193074363523,0.2806440164040402,2025-02-01,hamdy abdelwahab,jamal pogues,0.5190992465122515,0.5190992465122515,0.4809007534877485,1,1.0,1,105.0,-138.0,0.12179598097032485,1.7246376811594204,2.05,0.23750397614169447,0.0354005882336351,0.0322362225882545,0.0533667010142747,0.0588284209369449,-0.0057650986321442,-0.0063024798071157,-150.0,-105.0,-120.0,126.0,0.0,0.0,0,0,0,0,0,0,0.0,0,0
562,628.1371803962155,0.08281854067313821,0.2197802197802201,0.030512802736976707,0.0232290461519004,1.21978021978022,8615.24586508445,3.0150000000000015,0.018201877071019418,0.24964872493928916,0.4146098368422457,5692.720992535769,48817.439586469714,0.038471904104092104,1,4.430613553113554,0.05674349231178521,0.13708435546583866,0.05673257143399729,0.41385153864720187,0.06325873698618087,0.09752632488176369,0.2806440164040402,2025-02-01,terrance mckinney,damir hadzovic,0.8448348202618455,0.8448348202618455,0.1551651797381544,1,1.0,1,-455.0,350.0,0.20219028019500765,4.5,1.21978021978022,0.23750397614169447,0.0143087761289523,0.0277332659130896,0.0201574573220818,0.0465092093445847,0.0080204202305079,0.0167048544947668,-650.0,400.0,-550.0,460.0,66.66666666666666,57.14285714285714,3,7,2,4,1,3,66.66666666666666,2,1
563,0.0,0.0,0.0,-0.0945694208190464,0.0232290461519004,1.2666666666666666,8615.24586508445,3.0150000000000015,0.0,0.24964872493928916,0.4146098368422457,5692.720992535769,48817.439586469714,0.038471904104092104,1,4.430613553113554,0.0,0.13708435546583866,0.05673257143399729,0.41385153864720187,0.0,0.0,0.2806440164040402,2025-02-01,shamil gaziev,thomas petersen,0.7148136151428581,0.7148136151428581,0.2851863848571419,1,1.0,1,-375.0,295.0,0.0,3.95,1.2666666666666666,0.23750397614169447,0.015345730437938,0.0272925107346134,0.0270265375564874,0.0481614323683246,0.010449007760749,0.017414769329034,-375.0,250.0,-325.0,280.0,0.0,0.0,0,0,0,0,0,0,0.0,0,0
564,0.0,0.0,0.0,-0.0821912797628001,0.0232290461519004,1.8333333333333333,8615.24586508445,3.0150000000000015,0.0,0.24964872493928916,0.4146098368422457,5692.720992535769,48817.439586469714,0.038471904104092104,1,4.430613553113554,0.0,0.13708435546583866,0.05673257143399729,0.41385153864720187,0.0,0.0,0.2806440164040402,2025-02-01,shara magomedov,michael page,0.5006229383112,0.4993770616888001,0.5006229383112,0,0.0,0,100.0,-120.0,0.0,1.8333333333333333,2.0,0.23750397614169447,0.0232290461519004,0.0222254993026449,0.0369513471323268,0.0505486528676731,0.0042860957916545,0.0056345391289803,-220.0,150.0,-188.0,180.0,0.0,0.0,0,0,0,0,0,0,0.0,0,0
565,1517.2281039993184,0.02680826493854417,1.6400000000000001,0.43010252351581657,0.0232290461519004,2.64,8615.24586508445,3.0150000000000015,0.043965554499212446,0.24964872493928916,0.4146098368422457,5692.720992535769,48817.439586469714,0.038471904104092104,1,4.430613553113554,0.08477738701139902,0.13708435546583866,0.05673257143399729,0.41385153864720187,0.3421806100217703,0.3797002071697248,0.2806440164040402,2025-02-01,israel adesanya,nassourdine imavov,0.5417055013317487,0.4582944986682513,0.5417055013317487,0,0.0,0,-215.0,164.0,0.3020815768590837,2.64,1.4651162790697674,0.23750397614169447,0.0258805609682243,0.035447000359337,0.0345905247924249,0.04304922676037,0.0035517953286672,0.0042913419262347,-180.0,130.0,-155.0,150.0,69.23076923076923,40.0,13,5,9,2,4,3,40.0,2,3
566,0.0,0.0,0.0,-0.04149087375521254,0.0232290461519004,1.5050505050505052,8615.24586508445,3.0150000000000015,0.0,0.24964872493928916,0.4146098368422457,5692.720992535769,48817.439586469714,0.038471904104092104,1,4.430613553113554,0.0,0.13708435546583866,0.05673257143399729,0.41385153864720187,0.0,0.0,0.2806440164040402,2025-02-01,muhammad naimov,kaan ofli,0.6368617684445231,0.6368617684445231,0.3631382315554768,1,1.0,1,-198.0,164.0,0.0,2.64,1.5050505050505052,0.23750397614169447,0.0185656693505812,0.0246517396386398,0.0258078440079528,0.0485511303510214,0.0058412026598846,0.0100318132131314,-420.0,275.0,-350.0,320.0,0.0,0.0,0,0,0,0,0,0,0.0,0,0
567,0.0,0.0,0.0,-0.02494712966988305,0.0232290461519004,1.359712230215827,8615.24586508445,3.0150000000000015,0.0,0.24964872493928916,0.4146098368422457,5692.720992535769,48817.439586469714,0.038471904104092104,1,4.430613553113554,0.0,0.13708435546583866,0.05673257143399729,0.41385153864720187,0.0,0.0,0.2806440164040402,2025-02-01,said nurmagomedov,vinicius oliveira,0.7171023755337899,0.7171023755337899,0.2828976244662101,1,0.0,1,-278.0,225.0,0.0,3.25,1.359712230215827,0.23750397614169447,0.0168967792200803,0.0262452639219628,0.0548402011941338,0.0765740666406596,-0.0227476540877556,-0.0285343971942956,-240.0,135.0,-160.0,200.0,50.0,0.0,6,0,3,0,3,0,50.0,3,3
568,1006.4178267264365,0.05599396555541571,0.5208333333333337,0.13922426373397756,0.0232290461519004,1.5208333333333337,8615.24586508445,3.0150000000000015,0.029163523726779036,0.24964872493928916,0.4146098368422457,5692.720992535769,48817.439586469714,0.038471904104092104,1,4.430613553113554,0.08542278062996693,0.13708435546583866,0.05673257143399729,0.41385153864720187,0.19161922722961552,0.2211534723222535,0.2806440164040402,2025-02-01,sergei pavlovich,jairzinho rozenstruik,0.74907896793467,0.74907896793467,0.25092103206533,1,1.0,1,-192.0,160.0,0.30438126465160287,2.6,1.5208333333333337,0.23750397614169447,0.0182505690586025,0.0238990621321243,0.0360130542945663,0.0592250409435287,-0.0031876352856864,-0.0047488726508215,-320.0,200.0,-250.0,260.0,83.33333333333334,81.81818181818183,6,11,5,9,1,2,83.33333333333334,5,1
569,1274.923908119801,0.0369441723476111,1.0,0.10863840443047112,0.0232290461519004,2.0,8615.24586508445,3.0150000000000015,0.0369441723476111,0.24964872493928916,0.4146098368422457,5692.720992535769,48817.439586469714,0.038471904104092104,1,4.430613553113554,0.04159450253557382,0.13708435546583866,0.05673257143399729,0.41385153864720187,0.10848028158692047,0.14842693593597986,0.2806440164040402,2025-02-01,jasmine jasudavicius,mayra bueno silva,0.5543192022152356,0.5543192022152356,0.4456807977847644,1,1.0,1,100.0,-120.0,0.14821090101451034,1.8333333333333333,2.0,0.23750397614169447,0.0232290461519004,0.0222254993026449,0.0262663073127574,0.040400359353909,0.0111716325197332,0.016433612476816,-275.0,200.0,-245.0,215.0,0.0,40.0,0,5,0,2,0,3,0.0,0,0
570,1334.0107375017155,0.05082732713497124,0.5376344086021505,0.029557163653700758,0.0296509827604756,1.5376344086021505,11657.861388637893,2.856923076923077,0.027326519965038296,0.23880526073040909,0.3445002726811107,5159.759860494572,65635.06083560218,0.038471904104092104,1,2.48686517783292,0.017892013275871033,0.23868472209328737,0.1271472037999178,0.5326993813631008,0.039716211386658096,0.0826104702164389,0.16118293524063837,2025-02-08,jack jenkins,gabriel santos,0.669572141397162,0.3304278586028379,0.669572141397162,0,0.0,0,150.0,-186.0,0.11100438920012914,1.5376344086021505,2.5,0.13441559825762386,0.0283132845779334,0.0220363657717169,0.0516926587965664,0.0358107593057031,0.0066033642466755,0.0048908886268876,165.0,-245.0,190.0,-200.0,0.0,0.0,0,0,0,0,0,0,0.0,0,0
571,1852.6554687169419,0.04933589573181042,0.7692307692307692,0.3561112288388386,0.0296509827604756,1.7692307692307692,11657.861388637893,2.856923076923077,0.037950689024469554,0.23880526073040909,0.3445002726811107,5159.759860494572,65635.06083560218,0.038471904104092104,1,2.48686517783292,0.07839186516930916,0.23868472209328737,0.1271472037999178,0.5326993813631008,0.41603265831793107,0.41630361447345526,0.16118293524063837,2025-02-08,dricus du plessis,sean strickland,0.7664976510828219,0.7664976510828219,0.2335023489171781,1,1.0,1,-130.0,110.0,0.486353378862805,2.1,1.7692307692307692,0.13441559825762386,0.0198146558599141,0.0215932116349099,0.0261262263890399,0.0365518362890227,0.0119282330450517,0.0163683147761138,-225.0,170.0,-210.0,185.0,75.0,62.5,4,16,3,10,1,6,75.0,3,1
572,0.0,0.0,0.0,-0.13451950507271077,0.0296509827604756,1.4444444444444444,11657.861388637893,2.856923076923077,0.0,0.23880526073040909,0.3445002726811107,5159.759860494572,65635.06083560218,0.038471904104092104,1,2.48686517783292,0.0,0.23868472209328737,0.1271472037999178,0.5326993813631008,0.0,0.0,0.16118293524063837,2025-02-08,zhang weili,tatiana suarez,0.599178804180431,0.599178804180431,0.400821195819569,1,1.0,1,-225.0,172.0,0.0,2.72,1.4444444444444444,0.13441559825762386,0.0249751139777943,0.0349796371534273,0.0886381648929234,0.0823020060472476,-0.0394743339185829,-0.0379381793369844,-125.0,-160.0,130.0,105.0,100.0,80.0,3,5,3,4,0,1,100.0,3,0
573,0.0,0.0,0.0,-0.14086588050727245,0.0296509827604756,1.4444444444444444,11657.861388637893,2.856923076923077,0.0,0.23880526073040909,0.3445002726811107,5159.759860494572,65635.06083560218,0.038471904104092104,1,2.48686517783292,0.0,0.23868472209328737,0.1271472037999178,0.5326993813631008,0.0,0.0,0.16118293524063837,2025-02-08,jake matthews,francisco prado,0.5947851596488114,0.5947851596488114,0.4052148403511886,1,1.0,1,-225.0,172.0,0.0,2.72,1.4444444444444444,0.13441559825762386,0.0249751139777943,0.0349796371534273,0.0316294610237879,0.0462926168982899,0.0083420222779808,0.0118345224887278,-250.0,175.0,-225.0,205.0,60.0,0.0,15,0,9,0,6,0,60.0,9,6
574,1973.0936542759148,0.034252375390842194,1.1800000000000002,0.3620439262531978,0.0296509827604756,2.18,11657.861388637893,2.856923076923077,0.040417802961193794,0.23880526073040909,0.3445002726811107,5159.759860494572,65635.06083560218,0.038471904104092104,1,2.48686517783292,0.05525620003584309,0.23868472209328737,0.1271472037999178,0.5326993813631008,0.3375178985611616,0.36772775686970327,0.16118293524063837,2025-02-08,tom nolan,viacheslav borshchev,0.624790791859265,0.624790791859265,0.375209208140735,1,1.0,1,118.0,-148.0,0.3428166880901396,1.6756756756756757,2.18,0.13441559825762386,0.0296509827604756,0.0258388071181867,0.0600069249753648,0.0545561818207518,-0.0107326831945299,-0.0099391514307929,-106.0,-150.0,125.0,-115.0,0.0,100.0,0,2,0,2,0,0,0.0,0,0
575,1838.4794202734379,0.05041913444372336,0.5555555555555556,0.038495365155088945,0.0215932116349099,1.5555555555555556,-4581.389176098269,-1.0,0.02801063024651298,-0.06980094354712935,-0.10420957575828446,-2258.412668449027,58795.258991054885,0.0384719041040921,1,-1.5192258721670484,0.02022762603829542,0.22066532645015358,0.1215618283260303,0.5508877642065351,0.051032274152195155,0.08751829589940693,0.1743450351851385,2025-02-15,dontale mayes,valter walker,0.6676041633139858,0.3323958366860142,0.6676041633139858,0,0.0,0,150.0,-180.0,0.11602065993342185,1.5555555555555556,2.5,0.05513641067203024,0.023977822082381,0.0188793207747618,0.0606298738329164,0.0342964764125827,0.0039518831764959,0.0024583732337605,225.0,-370.0,290.0,-300.0,100.0,0.0,4,0,4,0,0,0,0.0,0,0
576,0.0,0.0,0.0,-0.03269598730043216,0.0215932116349099,1.3225806451612905,-4581.389176098269,-1.0,0.0,-0.06980094354712935,-0.10420957575828446,-2258.412668449027,58795.258991054885,0.0384719041040921,1,-1.5192258721670484,0.0,0.22066532645015358,0.1215618283260303,0.5508877642065351,0.0,0.0,0.1743450351851385,2025-02-15,rafael estevam,jesus aguilar,0.7313762047240634,0.7313762047240634,0.2686237952759366,1,1.0,1,-310.0,250.0,0.0,3.5,1.3225806451612905,0.05513641067203024,0.01588375534405,0.0259280913458452,0.0266677709145538,0.062221117974335,0.0039890844425638,0.007915677462198,-650.0,350.0,-500.0,460.0,0.0,0.0,0,0,0,0,0,0,0.0,0,0
577,1804.5057638890053,0.054436171262938524,0.5050505050505052,0.07890573733978601,0.0215932116349099,1.5050505050505052,-4581.389176098269,-1.0,0.0274930157893629,-0.06980094354712935,-0.10420957575828446,-2258.412668449027,58795.258991054885,0.0384719041040921,1,-1.5192258721670484,0.034950604352768144,0.22066532645015358,0.1215618283260303,0.5508877642065351,0.10966090604891128,0.144245362003211,0.1743450351851385,2025-02-15,gabriel bonfim,khaos williams,0.7168568321922067,0.7168568321922067,0.2831431678077932,1,1.0,1,-198.0,164.0,0.20046802202112493,2.64,1.5050505050505052,0.05513641067203024,0.0185656693505812,0.0246517396386398,0.0316294610237879,0.0462926168982899,0.0063868308469887,0.0089820216120277,-250.0,175.0,-220.0,205.0,0.0,80.0,0,5,0,4,0,1,0.0,0,0
578,0.0,0.0388502755632171,0.0,-0.0079154728535194,0.0215932116349099,1.263157894736842,-4581.389176098269,-1.0,0.0,-0.06980094354712935,-0.10420957575828446,-2258.412668449027,58795.258991054885,0.0384719041040921,1,-1.5192258721670484,0.0067733526600214115,0.22066532645015358,0.1215618283260303,0.5508877642065351,-0.015042093469020228,0.020443849933903076,0.1743450351851385,2025-02-15,julia avila,jacqueline cavalcanti,0.7854002506576305,0.2145997493423695,0.7854002506576305,0,0.0,0,300.0,-380.0,0.0388502755632171,1.263157894736842,4.0,0.05513641067203024,0.0267259939983634,0.0149406726683033,0.0555307550210646,0.0210242689023801,0.0100709354653388,0.0045658642181898,450.0,-850.0,575.0,-649.0,66.66666666666666,0.0,3,0,2,0,1,0,0.0,0,0
579,0.0,0.0,0.0,-0.18466699537573172,0.0215932116349099,1.3225806451612905,-4581.389176098269,-1.0,0.0,-0.06980094354712935,-0.10420957575828446,-2258.412668449027,58795.258991054885,0.0384719041040921,1,-1.5192258721670484,0.0,0.22066532645015358,0.1215618283260303,0.5508877642065351,0.0,0.0,0.1743450351851385,2025-02-15,edmen shahbazyan,dylan budka,0.6164712961793247,0.6164712961793247,0.3835287038206753,1,1.0,1,-310.0,250.0,0.0,3.5,1.3225806451612905,0.05513641067203024,0.01588375534405,0.0259280913458452,0.0313537611495187,0.0776419015553762,-0.0071841083272498,-0.0133437509102869,-720.0,333.0,-450.0,520.0,75.0,0.0,8,0,6,0,2,0,75.0,6,2
580,-3231.671830378785,0.04923697470888671,-1.0,0.07943704915131228,0.0215932116349099,1.6024096385542168,-4581.389176098269,-1.0,-0.04923697470888671,-0.06980094354712935,-0.10420957575828446,-2258.412668449027,58795.258991054885,0.0384719041040921,1,-1.5192258721670484,0.030020041556092593,0.22066532645015358,0.1215618283260303,0.5508877642065351,0.10140940738425848,0.13487969115330325,0.1743450351851385,2025-02-15,ismael bonfim,nazim sadykhov,0.6736336472147287,0.6736336472147287,0.3263663527852712,1,0.0,1,-166.0,140.0,0.17218753332559228,2.4,1.6024096385542168,0.05513641067203024,0.018311706040946,0.0224151110016604,0.0300964866612525,0.043684804511343,0.0106100521200964,0.0150309735209291,-245.0,175.0,-225.0,200.0,0.0,0.0,0,0,0,0,0,0,0.0,0,0
581,0.0,0.0,0.0,-0.029725403714657983,0.0215932116349099,1.6024096385542168,-4581.389176098269,-1.0,0.0,-0.06980094354712935,-0.10420957575828446,-2258.412668449027,58795.258991054885,0.0384719041040921,1,-1.5192258721670484,0.0,0.22066532645015358,0.1215618283260303,0.5508877642065351,0.0,0.0,0.1743450351851385,2025-02-15,rodolfo vieira,andre petroski,0.6055097104637849,0.6055097104637849,0.3944902895362151,1,0.0,1,-166.0,140.0,0.0,2.4,1.6024096385542168,0.05513641067203024,0.018311706040946,0.0224151110016604,0.026805501978502,0.0426105862207629,0.0111348839931298,0.0171023084231671,-295.0,210.0,-270.0,235.0,75.0,50.0,4,2,3,1,1,1,75.0,3,1
582,1911.663153865583,0.06931902322138442,0.4201680672268908,0.18227397780016497,0.0215932116349099,1.4201680672268908,-4581.389176098269,-1.0,0.029125640008985054,-0.06980094354712935,-0.10420957575828446,-2258.412668449027,58795.258991054885,0.0384719041040921,1,-1.5192258721670484,0.08118394623076644,0.22066532645015358,0.1215618283260303,0.5508877642065351,0.28220440712032846,0.3007609535187979,0.1743450351851385,2025-02-15,calvin kattar,youssef zalal,0.8324887772675718,0.1675112227324282,0.8324887772675718,0,0.0,0,195.0,-238.0,0.4656510358586151,1.4201680672268908,2.95,0.05513641067203024,0.0254964831293137,0.0176285795524632,0.0406441165125948,0.0199619440934658,0.0180678596791669,0.0095129125824563,340.0,-500.0,370.0,-440.0,77.77777777777779,100.0,9,3,7,3,2,0,100.0,3,0
583,-2234.988427736942,0.03405174611378779,-1.0,0.42795040780215976,0.0215932116349099,2.24,-4581.389176098269,-1.0,-0.03405174611378779,-0.06980094354712935,-0.10420957575828446,-2258.412668449027,58795.258991054885,0.0384719041040921,1,-1.5192258721670484,0.06475882762511324,0.22066532645015358,0.1215618283260303,0.5508877642065351,0.39216750592534705,0.4053323173693626,0.1743450351851385,2025-02-15,angela hill,ketlen souza,0.6374778606259641,0.3625221393740359,0.6374778606259641,0,1.0,0,-148.0,124.0,0.37144061806145084,2.24,1.6756756756756757,0.05513641067203024,0.0200233728765578,0.0231793921004005,0.0365534557344445,0.0372029765125536,0.0117729936462989,0.0120365301632248,-120.0,-112.0,-110.0,100.0,71.42857142857143,0.0,14,0,10,0,4,0,0.0,0,0
584,-2346.400748361326,0.03574919743334155,-1.0,0.2518833259058395,0.0215932116349099,2.1,-4581.389176098269,-1.0,-0.03574919743334155,-0.06980094354712935,-0.10420957575828446,-2258.412668449027,58795.258991054885,0.0384719041040921,1,-1.5192258721670484,0.0452443403908264,0.22066532645015358,0.1215618283260303,0.5508877642065351,0.24152931990546367,0.2706351720097863,0.1743450351851385,2025-02-15,jared cannonier,gregory rodrigues,0.5961349170980188,0.4038650829019811,0.5961349170980188,0,1.0,0,-130.0,110.0,0.259510345922848,2.1,1.7692307692307692,0.05513641067203024,0.0198146558599141,0.0215932116349099,0.0503515719576135,0.0339551827402024,0.0087372325093323,0.0061511049596503,175.0,-258.0,210.0,-225.0,50.0,0.0,12,3,6,0,6,3,0.0,0,3
585,0.0,0.0037027578561567597,0.0,-0.0351615925895678,0.0178645296442542,1.4651162790697674,14120.359423905908,3.3909090909090898,0.0,0.24016153115430922,0.29375474905902776,3151.027126871966,76066.64554183275,0.0384719041040921,1,1.7141414141414137,0.002181485701150223,0.06530051748110306,0.015952826438589914,0.2442986220316923,-0.05055967213576342,0.002575073328134026,0.5891515961604019,2025-02-22,henry cejudo,song yadong,0.6585405002960093,0.3414594997039907,0.6585405002960093,0,0.0,0,165.0,-215.0,0.0037027578561567597,1.4651162790697674,2.65,0.07406722890803139,0.034629950066182,0.0252682230395382,0.040400359353909,0.0262663073127574,0.0189616252113446,0.012784406534687,200.0,-275.0,215.0,-250.0,75.0,60.0,12,5,9,3,3,2,60.0,3,2
586,1589.9541716321844,0.05354359031415573,0.5050505050505052,0.0540448023500017,0.0178645296442542,1.5050505050505052,14120.359423905908,3.3909090909090898,0.02704221733038169,0.24016153115430922,0.29375474905902776,3151.027126871966,76066.64554183275,0.0384719041040921,1,1.7141414141414137,0.09062564600663323,0.06530051748110306,0.015952826438589914,0.2442986220316923,0.07503576779731774,0.11079232056943687,0.5891515961604019,2025-02-22,brendan allen,anthony hernandez,0.7003384928365782,0.2996615071634217,0.7003384928365782,0,0.0,0,164.0,-198.0,0.1538239845181707,1.5050505050505052,2.64,0.07406722890803139,0.0246517396386398,0.0185656693505812,0.0434596724355623,0.0248633089308972,0.0246822708864464,0.0146411171667336,250.0,-360.0,270.0,-333.0,50.0,75.0,8,4,4,3,4,1,75.0,3,1
587,-2957.4884167845394,0.05030147783232815,-1.0,0.10110262155233196,0.0178645296442542,1.5714285714285714,14120.359423905908,3.3909090909090898,-0.05030147783232815,0.24016153115430922,0.29375474905902776,3151.027126871966,76066.64554183275,0.0384719041040921,1,1.7141414141414137,0.1433125886991388,0.06530051748110306,0.015952826438589914,0.2442986220316923,0.13134323761407685,0.18724575538969798,0.5891515961604019,2025-02-22,rob font,jean matsumoto,0.7007016682605749,0.299298331739425,0.7007016682605749,0,1.0,0,130.0,-175.0,0.24325248311831887,1.5714285714285714,2.3,0.07406722890803139,0.0392764126889053,0.0318698323703832,0.0605287612420775,0.0463849949945583,-0.0054676326143178,-0.004390133897441,130.0,-205.0,170.0,-163.0,25.0,0.0,12,0,3,0,9,0,0.0,0,0
588,0.0,0.06344328687566121,0.0,-0.0009794979204166832,0.0178645296442542,1.263157894736842,14120.359423905908,3.3909090909090898,0.0,0.24016153115430922,0.29375474905902776,3151.027126871966,76066.64554183275,0.0384719041040921,1,1.7141414141414137,0.03737771372845808,0.06530051748110306,0.015952826438589914,0.2442986220316923,-0.0018611692186659662,0.033388993830260776,0.5891515961604019,2025-02-22,jean silva,melsik baghdasaryan,0.7908912308130035,0.7908912308130035,0.2091087691869965,1,1.0,1,-380.0,300.0,0.06344328687566121,4.0,1.263157894736842,0.07406722890803139,0.0149406726683033,0.0267259939983634,0.02241127508864,0.0482957956184307,0.0083252332680924,0.0162361702406793,-560.0,350.0,-470.0,400.0,0.0,0.0,0,0,0,0,0,0,0.0,0,0
589,2081.1023496070393,0.0389353261445115,0.9090909090909087,0.10493325012444354,0.0178645296442542,1.9090909090909087,14120.359423905908,3.3909090909090898,0.03539575104046499,0.24016153115430922,0.29375474905902776,3151.027126871966,76066.64554183275,0.0384719041040921,1,1.7141414141414137,0.09282031503737746,0.06530051748110306,0.015952826438589914,0.2442986220316923,0.10967262018824148,0.15074082392865223,0.5891515961604019,2025-02-22,andre fili,melquizael costa,0.5787745595889944,0.4212254404110056,0.5787745595889944,0,0.0,0,-110.0,-110.0,0.15754911917798875,1.9090909090909087,1.9090909090909087,0.07406722890803139,0.0238095238095238,0.0238095238095238,0.0332391315109068,0.0297282041837015,0.0103868619809008,0.0093759838689014,110.0,-142.0,120.0,-130.0,50.0,0.0,16,0,8,0,8,0,0.0,0,0
590,2437.4590224172816,0.03188979028169231,1.2999999999999998,0.1894757059164287,0.0178645296442542,2.3,14120.359423905908,3.3909090909090898,0.0414567273662,0.24016153115430922,0.29375474905902776,3151.027126871966,76066.64554183275,0.0384719041040921,1,1.7141414141414137,0.10563531061620209,0.06530051748110306,0.015952826438589914,0.2442986220316923,0.1669923144552089,0.20344129182191326,0.5891515961604019,2025-02-22,ion cutelaba,ibo aslan,0.5171633503984473,0.5171633503984473,0.4828366496015527,1,1.0,1,130.0,-155.0,0.17930072888649512,1.6451612903225803,2.3,0.07406722890803139,0.023106086729758,0.0195196592207963,0.0553560221736402,0.0401774765856648,-0.0021116063501587,-0.0016211297453994,148.0,-225.0,185.0,-182.0,62.5,0.0,8,0,5,0,3,0,62.5,5,3
591,0.0,0.0,0.0,-0.11667842190943423,0.0178645296442542,1.4587155963302751,14120.359423905908,3.3909090909090898,0.0,0.24016153115430922,0.29375474905902776,3151.027126871966,76066.64554183275,0.0384719041040921,1,1.7141414141414137,0.0,0.06530051748110306,0.015952826438589914,0.2442986220316923,0.0,0.0,0.5891515961604019,2025-02-22,ricky simon,javid basharat,0.6055474969300105,0.3944525030699894,0.6055474969300105,0,1.0,0,180.0,-218.0,0.0,1.4587155963302751,2.8,0.07406722890803139,0.0248129186935715,0.0178645296442542,0.044044767293463,0.0292048521890331,0.0138491799370142,0.0094934904644795,188.0,-265.0,215.0,-240.0,37.5,0.0,8,1,3,0,5,1,0.0,0,1
592,0.0,0.0,0.0,-0.20580803755864763,0.0195518024772611,1.526315789473684,-6593.72119507461,-1.0,0.0,-0.08668347536698462,-0.07178238482804479,1133.475972212294,70606.40031897044,0.0384719041040921,1,0.6863157894736842,0.0,0.08692252054194186,0.025394448495121683,0.29215039251960434,0.0,0.0,0.44259995987493983,2025-03-01,andrea lee,jj aldrich,0.5203326650477826,0.4796673349522174,0.5203326650477826,0,0.0,0,150.0,-190.0,0.0,1.526315789473684,2.5,0.034552372852866206,0.0311288403543048,0.0240435734387988,0.0346383144891551,0.0274184230994973,0.0182089277723384,0.014646508308904,140.0,-182.0,148.0,-170.0,44.44444444444444,62.5,9,8,4,5,5,3,62.5,5,3
593,2122.212423665542,0.0530088263553968,0.5263157894736841,0.08721870150408584,0.0195518024772611,1.526315789473684,-6593.72119507461,-1.0,0.027899382292314097,-0.08668347536698462,-0.07178238482804479,1133.475972212294,70606.40031897044,0.0384719041040921,1,0.6863157894736842,0.09741423344732394,0.08692252054194186,0.025394448495121683,0.29215039251960434,0.11838909986939172,0.1621470102425776,0.44259995987493983,2025-03-01,danny silva,lucas almeida,0.7123157009854356,0.7123157009854356,0.2876842990145644,1,1.0,1,-190.0,150.0,0.22009544120801347,2.5,1.526315789473684,0.034552372852866206,0.0240435734387988,0.0311288403543048,0.0240939303895655,0.0371082554027841,0.012784406534687,0.0189616252113446,-275.0,205.0,-250.0,215.0,0.0,0.0,0,0,0,0,0,0,0.0,0,0
594,0.0,0.0,0.0,-0.16867696726254133,0.0195518024772611,1.238095238095238,-6593.72119507461,-1.0,0.0,-0.08668347536698462,-0.07178238482804479,1133.475972212294,70606.40031897044,0.0384719041040921,1,0.6863157894736842,0.0,0.08692252054194186,0.025394448495121683,0.29215039251960434,0.0,0.0,0.44259995987493983,2025-03-01,ricardo ramos,chepe mariscal,0.6714532187494859,0.3285467812505141,0.6714532187494859,0,0.0,0,310.0,-420.0,0.0,1.238095238095238,4.1,0.034552372852866206,0.0336481186596504,0.0179466280570474,0.0367642267496208,0.0220593026621438,0.021225999808897,0.0132320044983534,240.0,-325.0,250.0,-298.0,71.42857142857143,0.0,7,0,5,0,2,0,0.0,0,0
595,-3998.8208508054613,0.05256996443475761,-1.0,0.08911769897302435,0.0195518024772611,1.5376344086021505,-6593.72119507461,-1.0,-0.05256996443475761,-0.08668347536698462,-0.07178238482804479,1133.475972212294,70606.40031897044,0.0384719041040921,1,0.6863157894736842,0.09525590520354842,0.08692252054194186,0.025394448495121683,0.29215039251960434,0.11992915313443256,0.15992624329304492,0.44259995987493983,2025-03-01,hyder amil,william gomis,0.7083073147167221,0.2916926852832778,0.7083073147167221,0,1.0,0,150.0,-186.0,0.21521896484234598,1.5376344086021505,2.5,0.034552372852866206,0.0283132845779334,0.0220363657717169,0.0355103612200028,0.0250956993860578,0.0163683147761138,0.0119282330450517,175.0,-230.0,185.0,-210.0,0.0,0.0,0,1,0,0,0,1,0.0,0,1
596,3010.0843993522135,0.03411351093222702,1.1600000000000001,0.25570069020534014,0.0195518024772611,2.16,-6593.72119507461,-1.0,0.03957167268138335,-0.08668347536698462,-0.07178238482804479,1133.475972212294,70606.40031897044,0.0384719041040921,1,0.6863157894736842,0.11426147543997876,0.08692252054194186,0.025394448495121683,0.29215039251960434,0.23869421100412916,0.2765530621176704,0.44259995987493983,2025-03-01,cody brundage,julian marquez,0.5813429121321019,0.5813429121321019,0.4186570878678981,1,1.0,1,116.0,-143.0,0.2581597058261466,1.6993006993006992,2.16,0.034552372852866206,0.0273123130264201,0.0241280161916868,0.0331297358984499,0.0346209416083251,0.0121359726176876,0.01270594246813,-125.0,-105.0,-116.0,105.0,100.0,40.0,2,5,2,2,0,3,100.0,2,0
597,0.0,0.0,0.0,-0.11073513610872687,0.0195518024772611,1.289855072463768,-6593.72119507461,-1.0,0.0,-0.08668347536698462,-0.07178238482804479,1133.475972212294,70606.40031897044,0.0384719041040921,1,0.6863157894736842,0.0,0.08692252054194186,0.025394448495121683,0.29215039251960434,0.0,0.0,0.44259995987493983,2025-03-01,danny barlow,sam patterson,0.6894300630168297,0.6894300630168297,0.3105699369831702,1,0.0,1,-345.0,260.0,0.0,3.6,1.289855072463768,0.034552372852866206,0.0195518024772611,0.0335068741769209,0.0388539630756615,0.0559063490759549,1.4011014570769478e-13,-1.4011014570769478e-13,-245.0,160.0,-200.0,200.0,0.0,0.0,0,0,0,0,0,0,0.0,0,0
598,0.0,0.0,0.0,-0.06845548885595554,0.0242769274131875,1.5882352941176472,-5305.8676362114975,-1.0,0.0,-0.07514711998121683,-0.08930620441157479,-999.7219834399555,64300.81069931899,0.038471904104092104,1,-0.6166666666666667,0.0,0.1988148562361034,0.09262705897395936,0.4658960639438318,0.0,0.0,0.1935061837552252,2025-03-08,alex pereira,magomed ankalaev,0.586528025535139,0.586528025535139,0.4134719744648609,1,0.0,1,-170.0,142.0,0.0,2.42,1.5882352941176472,0.14139316582007883,0.0191618095781445,0.0236909605473527,0.0443557580239308,0.0476712967003978,0.0053898078105479,0.0056843893101607,-138.0,-105.0,-115.0,110.0,33.33333333333333,87.5,3,8,1,7,2,1,33.33333333333333,1,2
599,-3131.263309131549,0.04434815108808549,-1.0,0.09969991238494236,0.0242769274131875,1.7194244604316546,-5305.8676362114975,-1.0,-0.04434815108808549,-0.07514711998121683,-0.08930620441157479,-999.7219834399555,64300.81069931899,0.038471904104092104,1,-0.6166666666666667,0.03628428745919296,0.1988148562361034,0.09262705897395936,0.4658960639438318,0.11651053491168102,0.16045502827881603,0.1935061837552252,2025-03-08,justin gaethje,rafael fiziev,0.63957442603141,0.36042557396859,0.63957442603141,0,1.0,0,112.0,-139.0,0.18750970514250134,1.7194244604316546,2.12,0.14139316582007883,0.0280921080037501,0.0251959633627927,0.0318399293099752,0.0265284250359655,0.0163137821969503,0.0137142439607969,128.0,-163.0,136.0,-154.0,40.0,33.33333333333333,10,6,4,2,6,4,33.33333333333333,2,4
600,-2761.784106326407,0.03911520901575227,-1.0,0.43349996358250076,0.0242769274131875,2.05,-5305.8676362114975,-1.0,-0.03911520901575227,-0.07514711998121683,-0.08930620441157479,-999.7219834399555,64300.81069931899,0.038471904104092104,1,-0.6166666666666667,0.0846491921822627,0.1988148562361034,0.09262705897395936,0.4658960639438318,0.4338107605182597,0.4371361418568701,0.1935061837552252,2025-03-08,amanda lemos,iasmin lucindo,0.6992682749182931,0.3007317250817068,0.6992682749182931,0,1.0,0,-125.0,105.0,0.4374495457434029,2.05,1.8,0.14139316582007883,0.0209693281226405,0.0223911054816955,0.0332391315109068,0.0297282041837015,0.0103868619809008,0.0093759838689014,110.0,-142.0,120.0,-130.0,42.857142857142854,0.0,7,0,3,0,4,0,0.0,0,0
601,0.0,0.021658458610889008,0.0,-0.021815521441728436,0.0242769274131875,1.8333333333333333,-5305.8676362114975,-1.0,0.0,-0.07514711998121683,-0.08930620441157479,-999.7219834399555,64300.81069931899,0.038471904104092104,1,-0.6166666666666667,0.004191045671813627,0.1988148562361034,0.09262705897395936,0.4658960639438318,-0.023806334068770578,0.01984726278543052,0.1935061837552252,2025-03-08,jalin turner,ignacio bahamondes,0.5335551701226936,0.5335551701226936,0.4664448298773064,1,0.0,1,-120.0,100.0,0.021658458610889008,2.0,1.8333333333333333,0.14139316582007883,0.0222254993026449,0.0232290461519004,0.0440950031186286,0.0389967843209849,0.0070861009352857,0.006323860750538,107.0,-150.0,125.0,-132.0,66.66666666666666,100.0,6,2,4,2,2,0,66.66666666666666,4,2
602,0.0,0.0,0.0,-0.07046549510613026,0.0242769274131875,1.2702702702702702,-5305.8676362114975,-1.0,0.0,-0.07514711998121683,-0.08930620441157479,-999.7219834399555,64300.81069931899,0.038471904104092104,1,-0.6166666666666667,0.0,0.1988148562361034,0.09262705897395936,0.4658960639438318,0.0,0.0,0.1935061837552252,2025-03-08,mairon santos,francis marshall,0.7317612059802805,0.7317612059802805,0.2682387940197195,1,1.0,1,-370.0,290.0,0.0,3.9,1.2702702702702702,0.14139316582007883,0.015767051259426,0.027877247704022,0.0332802337799202,0.0509302925358691,0.0061511049596503,0.0087372325093323,-275.0,185.0,-225.0,210.0,0.0,0.0,0,1,0,0,0,1,0.0,0,0
603,2671.2877063793453,0.036031910965464556,1.0499999999999998,0.11628477998381359,0.0242769274131875,2.05,-5305.8676362114975,-1.0,0.03783350651373778,-0.07514711998121683,-0.08930620441157479,-999.7219834399555,64300.81069931899,0.038471904104092104,1,-0.6166666666666667,0.02863769416438863,0.1988148562361034,0.09262705897395936,0.4658960639438318,0.11344677539424064,0.15169592627390246,0.1935061837552252,2025-03-08,brunno ferreira,armen petrosyan,0.544529160967714,0.544529160967714,0.455470839032286,1,1.0,1,105.0,-125.0,0.14799368996193815,1.8,2.05,0.14139316582007883,0.0223911054816955,0.0209693281226405,0.0361007496976405,0.0326694768395762,0.0125604538807027,0.0113725337539204,106.0,-140.0,118.0,-130.0,0.0,100.0,0,2,0,2,0,0,0.0,0,0
604,1171.6894467403702,0.0995679803627288,0.16666666666666674,0.039117382171502624,0.0242769274131875,1.1666666666666667,-5305.8676362114975,-1.0,0.016594663393788144,-0.07514711998121683,-0.08930620441157479,-999.7219834399555,64300.81069931899,0.038471904104092104,1,-0.6166666666666667,0.05892679748189753,0.1988148562361034,0.09262705897395936,0.4658960639438318,0.09250557419872618,0.12877153443056508,0.1935061837552252,2025-03-08,alex morono,carlos leal,0.8906720418612879,0.109327958138712,0.8906720418612879,0,0.0,0,430.0,-600.0,0.3045215214229884,1.1666666666666667,5.3,0.14139316582007883,0.03148105510695,0.0143410473189259,0.0397683242250553,0.0157872313305,0.0201342704065016,0.0087118834396522,500.0,-800.0,550.0,-700.0,84.61538461538461,0.0,13,0,11,0,2,0,0.0,0,0
605,1050.348278898284,0.08925663459572324,0.16666666666666674,0.00023578849313055095,0.0242769274131875,1.1666666666666667,-5305.8676362114975,-1.0,0.014876105765953879,-0.07514711998121683,-0.08930620441157479,-999.7219834399555,64300.81069931899,0.038471904104092104,1,-0.6166666666666667,0.017902176800763087,0.1988148562361034,0.09262705897395936,0.4658960639438318,0.000555041458725488,0.03930141409695731,0.1935061837552252,2025-03-08,king green,mauricio ruffy,0.8573449615655404,0.1426550384344595,0.8573449615655404,0,0.0,0,430.0,-600.0,0.09251475303449924,1.1666666666666667,5.3,0.14139316582007883,0.03148105510695,0.0143410473189259,0.0358095419078984,0.0167569392300113,0.0241707558183639,0.0118948179521278,390.0,-560.0,400.0,-510.0,0.0,0.0,0,0,0,0,0,0,0.0,0,0
606,0.0,0.0,0.0,-0.07746730959059744,0.0242769274131875,1.606060606060606,-5305.8676362114975,-1.0,0.0,-0.07514711998121683,-0.08930620441157479,-999.7219834399555,64300.81069931899,0.038471904104092104,1,-0.6166666666666667,0.0,0.1988148562361034,0.09262705897395936,0.4658960639438318,0.0,0.0,0.1935061837552252,2025-03-08,joshua van,rei tsuruya,0.5744071468586847,0.5744071468586847,0.4255928531413153,1,1.0,1,-165.0,132.0,0.0,2.3200000000000003,1.606060606060606,0.14139316582007883,0.0242769274131875,0.0293990647793954,0.0294527858551745,0.03446766869028,0.0128179920981376,0.0149906842088701,-156.0,120.0,-148.0,132.0,0.0,0.0,0,0,0,0,0,0,0.0,0,0
607,-3835.5699682059426,0.059650413836019725,-1.0,0.09590626522704548,0.0197703920738484,1.4444444444444444,-6640.452127213217,-1.0,-0.059650413836019725,-0.1032716703723231,-0.1740506310203565,-4551.144550123743,53109.21402198203,0.038471904104092104,1,-1.3520225294418837,0.1570934467849024,0.06341866817349817,0.013909140996086814,0.21932250229592903,0.14204605284992894,0.17484342827812988,0.606633743850348,2025-03-15,josiane nunes,priscila cachoeira,0.7587043374648776,0.7587043374648776,0.2412956625351223,1,0.0,1,-225.0,185.0,0.25895929525419903,2.85,1.4444444444444444,0.07694975602686499,0.017924977552359,0.0252599077377893,0.0318698323703832,0.0392764126889053,0.006509668171641,0.0078375341239113,-175.0,130.0,-155.0,146.0,100.0,60.0,1,5,1,3,0,2,100.0,1,0
608,-4079.9462744479365,0.06345093055710334,-1.0,0.0593619303070656,0.0197703920738484,1.3773584905660377,-6640.452127213217,-1.0,-0.06345093055710334,-0.1032716703723231,-0.1740506310203565,-4551.144550123743,53109.21402198203,0.038471904104092104,1,-1.3520225294418837,0.12572654216253748,0.06341866817349817,0.013909140996086814,0.21932250229592903,0.09493003914092467,0.1295999285159021,0.606633743850348,2025-03-15,stephanie luciano,sam hughes,0.7691257850174587,0.7691257850174587,0.2308742149825413,1,0.0,1,-265.0,215.0,0.20725280028859272,3.15,1.3773584905660377,0.07694975602686499,0.0172604852694011,0.0262272294511902,0.0460260643152898,0.062948294659069,-0.0060881745917034,-0.0076339523379706,-225.0,140.0,-165.0,175.0,0.0,50.0,0,4,0,2,0,2,0.0,0,0
609,1627.58547380758,0.05315530951823777,0.4761904761904765,0.005618295023222586,0.0197703920738484,1.4761904761904765,-6640.452127213217,-1.0,0.025312052151541812,-0.1032716703723231,-0.1740506310203565,-4551.144550123743,53109.21402198203,0.038471904104092104,1,-1.3520225294418837,0.050416572153248754,0.06341866817349817,0.013909140996086814,0.21932250229592903,0.007978975225464435,0.05851998073208016,0.606633743850348,2025-03-15,waldo cortes acosta,ryan spann,0.6812252966286345,0.6812252966286345,0.3187747033713655,1,1.0,1,-210.0,162.0,0.08310874999015246,2.62,1.4761904761904765,0.07694975602686499,0.0250883977791257,0.034010346372561,0.0338035762665641,0.0479170979289979,0.0024015108457864,0.0032482066683378,-235.0,163.0,-200.0,195.0,100.0,75.0,1,8,1,6,0,2,100.0,1,0
610,1381.997243586716,0.06662733188781073,0.3225806451612905,0.02442226130481473,0.0197703920738484,1.3225806451612905,-6640.452127213217,-1.0,0.021492687705745406,-0.1032716703723231,-0.1740506310203565,-4551.144550123743,53109.21402198203,0.038471904104092104,1,-1.3520225294418837,0.08021013390062595,0.06341866817349817,0.013909140996086814,0.21932250229592903,0.042092691947092926,0.07671527564067475,0.606633743850348,2025-03-15,daniel barez,andre lima,0.7745631731816891,0.2254368268183109,0.7745631731816891,0,0.0,0,250.0,-310.0,0.13222168188588795,1.3225806451612905,3.5,0.07694975602686499,0.0259280913458452,0.01588375534405,0.0489255335114361,0.0232911899754952,0.0146199500714314,0.0076435007634478,333.0,-530.0,390.0,-450.0,0.0,0.0,0,0,0,0,0,0,0.0,0,0
611,-2804.882159007274,0.04362125653630337,-1.0,0.0678307371456841,0.0197703920738484,1.7246376811594204,-6640.452127213217,-1.0,-0.04362125653630337,-0.1032716703723231,-0.1740506310203565,-4551.144550123743,53109.21402198203,0.038471904104092104,1,-1.3520225294418837,0.08948513417382688,0.06341866817349817,0.013909140996086814,0.21932250229592903,0.07890179837799523,0.12681305473436663,0.606633743850348,2025-03-15,marvin vettori,roman dolidze,0.619162360193716,0.619162360193716,0.380837639806284,1,0.0,1,-138.0,110.0,0.14751097359975116,2.1,1.7246376811594204,0.07694975602686499,0.0265680525498327,0.0294543564137525,0.0320566948578776,0.0381656187104434,0.0123272894741075,0.0142920539154221,-163.0,122.0,-145.0,130.0,100.0,50.0,12,6,12,3,0,3,100.0,12,0
612,0.0,0.0,0.0,-0.24273110154967645,0.0197703920738484,1.4444444444444444,-6640.452127213217,-1.0,0.0,-0.1032716703723231,-0.1740506310203565,-4551.144550123743,53109.21402198203,0.038471904104092104,1,-1.3520225294418837,0.0,0.06341866817349817,0.013909140996086814,0.21932250229592903,0.0,0.0,0.606633743850348,2025-03-15,chidi njokuani,elizeu zaleski dos santos,0.5242630835425317,0.4757369164574683,0.5242630835425317,0,1.0,0,175.0,-225.0,0.0,1.4444444444444444,2.75,0.07694975602686499,0.0326609013348426,0.0232831546092132,0.0356796484275389,0.0263550910265553,0.0147321680987648,0.0110663576997609,160.0,-210.0,175.0,-196.0,50.0,40.0,2,10,1,4,1,6,40.0,4,6
613,0.0,0.0,0.0,-0.12371584572022704,0.0197703920738484,1.1428571428571428,-6640.452127213217,-1.0,0.0,-0.1032716703723231,-0.1740506310203565,-4551.144550123743,53109.21402198203,0.038471904104092104,1,-1.3520225294418837,0.0,0.06341866817349817,0.013909140996086814,0.21932250229592903,0.0,0.0,0.606633743850348,2025-03-15,suyoung you,aj cunningham,0.7667486349948014,0.7667486349948014,0.2332513650051986,1,1.0,1,-700.0,500.0,0.0,6.0,1.1428571428571428,0.07694975602686499,0.0124693401840167,0.0291973264826498,0.0230234205593512,0.0513063673364004,0.0079771687963349,0.0156874694727661,-599.0,360.0,-480.0,410.0,0.0,0.0,0,0,0,0,0,0,0.0,0,0
614,1317.1808986152398,0.07374481259946364,0.2777777777777777,0.03935362711793344,0.0197703920738484,1.2777777777777777,-6640.452127213217,-1.0,0.02048467016651767,-0.1032716703723231,-0.1740506310203565,-4551.144550123743,53109.21402198203,0.038471904104092104,1,-1.3520225294418837,0.12043314612925943,0.06341866817349817,0.013909140996086814,0.21932250229592903,0.0729283264909279,0.10712923066933833,0.606633743850348,2025-03-15,damon blackshear,cody gibson,0.8134071864401219,0.8134071864401219,0.1865928135598781,1,1.0,1,-360.0,285.0,0.1985269486739422,3.85,1.2777777777777777,0.07694975602686499,0.0154210319511368,0.0269279234412967,0.0237998545504096,0.0476887913705324,0.0071910542461325,0.0130109659558875,-480.0,310.0,-395.0,350.0,100.0,0.0,1,3,1,0,0,3,100.0,1,0
615,1842.4902355278746,0.05014490295077928,0.5714285714285714,0.06119605730740074,0.0197703920738484,1.5714285714285714,-6640.452127213217,-1.0,0.02865423025758816,-0.1032716703723231,-0.1740506310203565,-4551.144550123743,53109.21402198203,0.038471904104092104,1,-1.3520225294418837,0.09289740280225951,0.06341866817349817,0.013909140996086814,0.21932250229592903,0.08001945940841584,0.11711292761652534,0.606633743850348,2025-03-15,alexander hernandez,kurt holobaugh,0.6753065819228914,0.6753065819228914,0.3246934180771086,1,1.0,1,-175.0,145.0,0.15313589747354478,2.45,1.5714285714285714,0.07694975602686499,0.0197703920738484,0.0247565095959103,0.0360703011526564,0.0499381785566106,0.0055380849517432,0.0072210857021642,-225.0,154.0,-185.0,175.0,66.66666666666666,100.0,6,2,4,2,2,0,66.66666666666666,4,2
616,-2564.7463432895092,0.04829192806784816,-1.0,0.0029872854951611405,0.0262663073127574,1.5882352941176472,-4374.561759153731,-1.0,-0.04829192806784816,-0.08236916775577002,-0.172620628495818,-4793.184144239717,43941.46811858858,0.038471904104092104,1,-1.8814525624341574,0.02129595822036592,0.09420403865109904,0.024994930818472233,0.2653275929182324,0.0038549380101881863,0.04040939589702275,0.4083891163793886,2025-03-22,nathan fletcher,caolan loughran,0.6315105130895459,0.6315105130895459,0.3684894869104541,1,0.0,1,-170.0,143.0,0.052146243291611695,2.43,1.5882352941176472,-0.04510674465259048,0.0183915924350601,0.0227606709394255,0.0436438662746148,0.0508672206028841,0.0016558696470265,0.0019048766854045,-162.0,110.0,-138.0,136.0,0.0,0.0,0,0,0,0,0,0,0.0,0,0
617,1604.203603711518,0.04923537134191971,0.6134969325153374,0.14425729275805288,0.0262663073127574,1.6134969325153374,-4374.561759153731,-1.0,0.030205749289521296,-0.08236916775577002,-0.172620628495818,-4793.184144239717,43941.46811858858,0.038471904104092104,1,-1.8814525624341574,0.12165295333568192,0.09420403865109904,0.024994930818472233,0.2653275929182324,0.18144279745746564,0.23683535870031514,0.4083891163793886,2025-03-22,shauna bannon,puja tomar,0.7091784742188693,0.7091784742188693,0.2908215257811307,1,1.0,1,-163.0,120.0,0.2978849054896649,2.2,1.6134969325153374,-0.04510674465259048,0.0339796305551364,0.0403376871081888,0.0434748123750833,0.0587264454865519,-0.0028453830411125,-0.0036481234523939,-218.0,140.0,-175.0,180.0,0.0,0.0,0,0,0,0,0,0,0.0,0,0
618,-1759.7098851039573,0.03313379641385032,-1.0,0.17063286685137125,0.0262663073127574,2.22,-4374.561759153731,-1.0,-0.03313379641385032,-0.08236916775577002,-0.172620628495818,-4793.184144239717,43941.46811858858,0.038471904104092104,1,-1.8814525624341574,0.07098936870394268,0.09420403865109904,0.024994930818472233,0.2653275929182324,0.15500396637869734,0.19135465458556655,0.4083891163793886,2025-03-22,marcin tybura,mick parkin,0.5273121021853023,0.4726878978146976,0.5273121021853023,0,1.0,0,-145.0,122.0,0.1738277683139685,2.22,1.6896551724137931,-0.04510674465259048,0.0196946562194557,0.0225925289248723,0.0536841397518541,0.0437184576507431,-8.8484775062625e-14,8.8484775062625e-14,120.0,-180.0,150.0,-150.0,69.23076923076923,0.0,13,0,9,0,4,0,0.0,0,0
619,0.0,0.0,0.0,-0.10445992851404756,0.0262663073127574,1.2777777777777777,-4374.561759153731,-1.0,0.0,-0.08236916775577002,-0.172620628495818,-4793.184144239717,43941.46811858858,0.038471904104092104,1,-1.8814525624341574,0.0,0.09420403865109904,0.024994930818472233,0.2653275929182324,0.0,0.0,0.4083891163793886,2025-03-22,loneer kavanagh,felipe dos santos,0.7008574472498759,0.7008574472498759,0.2991425527501241,1,1.0,1,-360.0,280.0,0.0,3.8,1.2777777777777777,-0.04510674465259048,0.0166620402445679,0.029104550144448,0.0310041577081886,0.0491646186631192,0.0072111180858498,0.0106261171426896,-295.0,200.0,-245.0,225.0,0.0,0.0,0,0,0,0,0,0,0.0,0,0
620,0.0,0.027691267685529413,0.0,-0.03067776941194611,0.0262663073127574,1.5319148936170213,-4374.561759153731,-1.0,0.0,-0.08236916775577002,-0.172620628495818,-4793.184144239717,43941.46811858858,0.038471904104092104,1,-1.8814525624341574,0.011308812341518473,0.09420403865109904,0.024994930818472233,0.2653275929182324,-0.04126699767966311,0.020585610113327758,0.4083891163793886,2025-03-22,nathaniel wood,morgan charriere,0.6327520116338685,0.3672479883661315,0.6327520116338685,0,1.0,0,140.0,-188.0,0.027691267685529413,1.5319148936170213,2.4,-0.04510674465259048,0.0389594877010522,0.0304849567433922,0.0350135352882691,0.0342505339758,0.0145073443220182,0.0142526745370105,-110.0,-120.0,-102.0,-110.0,50.0,0.0,6,0,3,0,3,0,0.0,0,0
621,0.0,0.018710606988626956,0.0,-0.04232130138181628,0.0262663073127574,1.6134969325153374,-4374.561759153731,-1.0,0.0,-0.08236916775577002,-0.172620628495818,-4793.184144239717,43941.46811858858,0.038471904104092104,1,-1.8814525624341574,0.007641208255007375,0.09420403865109904,0.024994930818472233,0.2653275929182324,-0.053204814964500295,0.014883187507197384,0.4083891163793886,2025-03-22,gunnar nelson,kevin holland,0.5935423113108895,0.5935423113108895,0.4064576886891105,1,0.0,1,-163.0,120.0,0.018710606988626956,2.2,1.6134969325153374,-0.04510674465259048,0.0339796305551364,0.0403376871081888,0.0295973674672263,0.032761821461,0.0118836358359611,0.0129282076840124,-139.0,108.0,-126.0,114.0,57.14285714285714,91.66666666666666,14,12,8,11,6,1,57.14285714285714,8,6
622,1415.2572635838171,0.05276314917287452,0.5050505050505052,0.029145702917323324,0.0262663073127574,1.5050505050505052,-4374.561759153731,-1.0,0.026648055137815423,-0.08236916775577002,-0.172620628495818,-4793.184144239717,43941.46811858858,0.038471904104092104,1,-1.8814525624341574,0.04374188153921663,0.09420403865109904,0.024994930818472233,0.2653275929182324,0.04044955111458485,0.07717633095856818,0.4083891163793886,2025-03-22,jan blachowicz,carlos ulberg,0.6837947958980872,0.3162052041019128,0.6837947958980872,0,0.0,0,164.0,-198.0,0.10710834296225699,1.5050505050505052,2.64,-0.04510674465259048,0.0246517396386398,0.0185656693505812,0.0895515693665253,0.050799307826457,-0.032068469936923,-0.0224592807933594,185.0,-375.0,295.0,-225.0,31.25,66.66666666666666,16,3,5,2,11,1,66.66666666666666,2,1
623,0.0,0.0,0.0,-0.051458635690196985,0.0262663073127574,1.7575757575757576,-4374.561759153731,-1.0,0.0,-0.08236916775577002,-0.172620628495818,-4793.184144239717,43941.46811858858,0.038471904104092104,1,-1.8814525624341574,0.0,0.09420403865109904,0.024994930818472233,0.2653275929182324,0.0,0.0,0.4083891163793886,2025-03-22,leon edwards,sean brady,0.5396873279693707,0.4603126720306293,0.5396873279693707,0,0.0,0,107.0,-132.0,0.0,1.7575757575757576,2.0700000000000003,-0.04510674465259048,0.0271301064603605,0.0249271982206321,0.0354005882336351,0.0322362225882545,0.0141625145840943,0.0130911541790084,105.0,-138.0,112.0,-125.0,71.42857142857143,60.0,14,5,10,3,4,2,60.0,3,2
624,0.0,0.0,0.0,-0.09959771511575383,0.0262663073127574,1.7246376811594204,-4374.561759153731,-1.0,0.0,-0.08236916775577002,-0.172620628495818,-4793.184144239717,43941.46811858858,0.038471904104092104,1,-1.8814525624341574,0.0,0.09420403865109904,0.024994930818472233,0.2653275929182324,0.0,0.0,0.4083891163793886,2025-03-22,jai herbert,chris padilla,0.5220819971177562,0.5220819971177562,0.4779180028822438,1,0.0,1,-138.0,105.0,0.0,2.05,1.7246376811594204,-0.04510674465259048,0.0322362225882545,0.0354005882336351,0.0477974581862765,0.0504801507296302,-0.0043410113797444,-0.0045597451845634,-135.0,-110.0,-110.0,114.0,75.0,0.0,4,0,3,0,1,0,75.0,3,1
625,-3488.188783141586,0.06567954068568622,-1.0,0.08004482852770722,0.0262663073127574,1.3636363636363638,-4374.561759153731,-1.0,-0.06567954068568622,-0.08236916775577002,-0.172620628495818,-4793.184144239717,43941.46811858858,0.038471904104092104,1,-1.8814525624341574,0.11845415424201597,0.09420403865109904,0.024994930818472233,0.2653275929182324,0.1291802146436096,0.1797270365499098,0.4083891163793886,2025-03-22,jordan vucenic,chris duncan,0.7920328742536519,0.7920328742536519,0.2079671257463481,1,0.0,1,-275.0,200.0,0.2900521818313431,3.0,1.3636363636363638,-0.04510674465259048,0.0262663073127574,0.040400359353909,0.0331676104446071,0.0609500366142162,1.8740564655672642e-13,-1.872946242542639e-13,-400.0,240.0,-300.0,300.0,0.0,0.0,0,0,0,0,0,0,0.0,0,0
626,896.3468555331042,0.08159462065437201,0.25,0.06496347375731243,0.0304849567433922,1.25,8046.760385629059,1.4823914823914817,0.020398655163593002,0.18312452292018513,0.3163795360037803,5855.420909054901,57843.649413272535,0.0384719041040921,1,2.318106805721484,0.05468802021879178,0.23754584867323206,0.11316318718669048,0.4763846129862606,0.12528463367093345,0.17509244101922652,0.16195569957955372,2025-03-29,rafa garcia,vinc pichel,0.8519707790058499,0.8519707790058499,0.14802922099415,1,1.0,1,-400.0,275.0,0.3376727114931121,3.75,1.25,0.3237688492946886,0.0234985988994331,0.0431680677672335,0.0316384133613824,0.056342733535711,0.0023871417868579,0.0038638349282537,-375.0,235.0,-305.0,295.0,50.0,20.0,4,5,2,1,2,4,50.0,2,2
627,0.0,0.047044824508022456,0.0,-0.020842348665930377,0.0304849567433922,1.5714285714285714,8046.760385629059,1.4823914823914817,0.0,0.18312452292018513,0.3163795360037803,5855.420909054901,57843.649413272535,0.0384719041040921,1,2.318106805721484,0.007619177464794111,0.23754584867323206,0.11316318718669048,0.4763846129862606,-0.02708057114364334,0.03620767930346515,0.16195569957955372,2025-03-29,christian rodriguez,melquizael costa,0.6231003235762261,0.6231003235762261,0.3768996764237738,1,0.0,1,-175.0,130.0,0.047044824508022456,2.3,1.5714285714285714,0.3237688492946886,0.0318698323703832,0.0392764126889053,0.0387831778135211,0.0535245144941712,0.007787088324373,0.0103727179710265,-225.0,150.0,-195.0,180.0,0.0,0.0,0,0,0,0,0,0,0.0,0,0
628,0.0,0.0,0.0,-0.08571725507550576,0.0304849567433922,1.6666666666666663,8046.760385629059,1.4823914823914817,0.0,0.18312452292018513,0.3163795360037803,5855.420909054901,57843.649413272535,0.0384719041040921,1,2.318106805721484,0.0,0.23754584867323206,0.11316318718669048,0.4763846129862606,0.0,0.0,0.16195569957955372,2025-03-29,ronaldo rodriguez,kevin borjas,0.5485696469546967,0.5485696469546967,0.4514303530453033,1,0.0,1,-150.0,110.0,0.0,2.1,1.6666666666666663,0.3237688492946886,0.0356521067558167,0.0405383694346594,0.0398410606730592,0.052458154094815,0.0029594481376373,0.0037745585963693,-205.0,138.0,-175.0,170.0,0.0,0.0,0,0,0,0,0,0,0.0,0,0
629,1111.9182147972335,0.055163876220889196,0.45871559633027514,0.0189245021163002,0.0304849567433922,1.4587155963302751,8046.760385629059,1.4823914823914817,0.025304530376554675,0.18312452292018513,0.3163795360037803,5855.420909054901,57843.649413272535,0.0384719041040921,1,2.318106805721484,0.015028373987402043,0.23754584867323206,0.11316318718669048,0.4763846129862606,0.027515983264149935,0.0638197624883315,0.16195569957955372,2025-03-29,jamall emmers,gabriel miranda,0.6985079920168348,0.6985079920168348,0.3014920079831652,1,1.0,1,-218.0,180.0,0.09279311581140129,2.8,1.4587155963302751,0.3237688492946886,0.0178645296442542,0.0248129186935715,0.0183207744122606,0.0372347811432948,0.0120569579898318,0.0238625822400532,-500.0,350.0,-480.0,380.0,0.0,0.0,1,0,0,0,1,0,0.0,0,1
630,0.0,0.023792175951496686,0.0,-0.021814244064961685,0.0304849567433922,1.5319148936170213,8046.760385629059,1.4823914823914817,0.0,0.18312452292018513,0.3163795360037803,5855.420909054901,57843.649413272535,0.0384719041040921,1,2.318106805721484,0.00385327850074448,0.23754584867323206,0.11316318718669048,0.4763846129862606,-0.029471830593872626,0.01761031882255613,0.16195569957955372,2025-03-29,brandon moreno,steve erceg,0.63853792401315,0.63853792401315,0.36146207598685,1,1.0,1,-188.0,150.0,0.023792175951496686,2.5,1.5319148936170213,0.3237688492946886,0.0230494218707374,0.0297283559070404,0.031600329657312,0.0486769919993199,0.0059277888164889,0.0085022256135255,-278.0,190.0,-230.0,215.0,70.0,0.0,10,0,7,0,3,0,70.0,7,3
631,1644.6091425005764,0.041169995774113496,0.9090909090909087,0.34228998602067195,0.0304849567433922,1.9090909090909087,8046.760385629059,1.4823914823914817,0.03742726888555771,0.18312452292018513,0.3163795360037803,5855.420909054901,57843.649413272535,0.0384719041040921,1,2.318106805721484,0.06789549422994291,0.23754584867323206,0.11316318718669048,0.4763846129862606,0.36255224675892894,0.39579318360900795,0.16195569957955372,2025-03-29,manuel torres,drew dober,0.7031042783917807,0.7031042783917807,0.2968957216082193,1,1.0,1,-110.0,-120.0,0.4192226294363428,1.8333333333333333,1.9090909090909087,0.3237688492946886,0.0350135352882691,0.0342505339758,0.0352269955557409,0.0373795583101833,0.0124289360305124,0.0133110897095132,-130.0,-103.0,-122.0,110.0,0.0,46.15384615384615,0,13,0,6,0,7,0.0,0,0
632,1086.8345076791325,0.08236317686983466,0.3003003003003002,0.13141928748108866,0.0304849567433922,1.3003003003003002,8046.760385629059,1.4823914823914817,0.02473368674769809,0.18312452292018513,0.3163795360037803,5855.420909054901,57843.649413272535,0.0384719041040921,1,2.318106805721484,0.08091418817835028,0.23754584867323206,0.11316318718669048,0.4763846129862606,0.2347073962325835,0.2797439980510199,0.16195569957955372,2025-03-29,raul rosas jr,vince morales,0.8701215305570498,0.8701215305570498,0.1298784694429502,1,1.0,1,-333.0,225.0,0.49960691959843434,3.25,1.3003003003003002,0.3237688492946886,0.0286060063614704,0.0481394191137471,0.0245334200524655,0.0548316593126138,0.0043244115333445,0.0084469805483925,-600.0,350.0,-480.0,440.0,0.0,66.66666666666666,0,6,0,4,0,2,0.0,0,0
633,1115.7121885448544,0.06347717977547923,0.3999999999999999,0.10801176328884543,0.0304849567433922,1.4,8046.760385629059,1.4823914823914817,0.02539087191019169,0.18312452292018513,0.3163795360037803,5855.420909054901,57843.649413272535,0.0384719041040921,1,2.318106805721484,0.055516007083790814,0.23754584867323206,0.11316318718669048,0.4763846129862606,0.16622534202886327,0.22273876475010562,0.16195569957955372,2025-03-29,edgar chairez,cj vergara,0.7914369737777468,0.7914369737777468,0.2085630262222532,1,1.0,1,-250.0,175.0,0.34278513956540924,2.75,1.4,0.3237688492946886,0.0316294610237879,0.0462926168982899,0.0227647086791665,0.0352656719318592,0.0147674711771943,0.0226545662448432,-278.0,210.0,-270.0,225.0,0.0,100.0,0,1,0,1,0,0,0.0,0,0
634,0.0,0.0,0.0,-0.08314158611824618,0.0304849567433922,1.5319148936170213,8046.760385629059,1.4823914823914817,0.0,0.18312452292018513,0.3163795360037803,5855.420909054901,57843.649413272535,0.0384719041040921,1,2.318106805721484,0.0,0.23754584867323206,0.11316318718669048,0.4763846129862606,0.0,0.0,0.16195569957955372,2025-03-29,loopy godinez,julia polastri,0.5985047979505893,0.5985047979505893,0.4014952020494107,1,1.0,1,-188.0,140.0,0.0,2.4,1.5319148936170213,0.3237688492946886,0.0304849567433922,0.0389594877010522,0.0358017288678883,0.054674461608302,0.0061511049596503,0.0087372325093323,-275.0,180.0,-225.0,210.0,100.0,0.0,1,0,1,0,0,0,100.0,1,0
635,-1958.7568523125474,0.03386295422541407,-1.0,0.1628042113874819,0.0164642876034875,2.1,-6234.466206877719,-1.0,-0.03386295422541407,-0.107781342811458,-0.11683946865229357,-523.9550554785974,51085.22815091622,0.0384719041040921,1,-0.6644295302013423,0.08319315409528397,0.09674473841235831,0.02375351623687239,0.24552773232614458,0.1550710341963153,0.21963735991962,0.39766404597748795,2025-04-05,victor henry,pedro falcao,0.5537162911368961,0.4462837088631038,0.5537162911368961,0,1.0,0,-150.0,110.0,0.20920461614976776,2.1,1.6666666666666663,0.04005543436062987,0.0356521067558167,0.0405383694346594,0.0296963421125906,0.0413992289829804,0.0120133819417151,0.0160525118959904,-225.0,164.0,-198.0,175.0,0.0,0.0,2,0,0,0,2,0,0.0,0,0
636,0.0,0.0,0.0,-0.14089816397926208,0.0164642876034875,1.6666666666666663,-6234.466206877719,-1.0,0.0,-0.107781342811458,-0.11683946865229357,-523.9550554785974,51085.22815091622,0.0384719041040921,1,-0.6644295302013423,0.0,0.09674473841235831,0.02375351623687239,0.24552773232614458,0.0,0.0,0.39766404597748795,2025-04-05,vanessa demopoulos,talita alencar,0.5154611016124429,0.5154611016124429,0.4845388983875571,1,0.0,1,-150.0,110.0,0.0,2.1,1.6666666666666663,0.04005543436062987,0.0356521067558167,0.0405383694346594,0.0316973620927953,0.03148824562989,0.0109873407442177,0.0110117027756292,-112.0,-115.0,-105.0,-104.0,25.0,0.0,4,0,1,0,3,0,25.0,1,3
637,0.0,0.0,0.0,-0.13532580046385256,0.0164642876034875,1.4761904761904765,-6234.466206877719,-1.0,0.0,-0.107781342811458,-0.11683946865229357,-523.9550554785974,51085.22815091622,0.0384719041040921,1,-0.6644295302013423,0.0,0.09674473841235831,0.02375351623687239,0.24552773232614458,0.0,0.0,0.39766404597748795,2025-04-05,brad tavares,gerald meerschaert,0.5857470383954546,0.5857470383954546,0.4142529616045454,1,1.0,1,-210.0,162.0,0.0,2.62,1.4761904761904765,0.04005543436062987,0.0250883977791257,0.034010346372561,0.0279262694204129,0.0347917138139991,0.0134558796003779,0.0163873648315009,-177.0,136.0,-162.0,143.0,55.00000000000001,52.94117647058824,20,17,11,9,9,8,55.00000000000001,11,9
638,0.0,0.0,0.0,-0.1504272042731656,0.0164642876034875,1.2222222222222223,-6234.466206877719,-1.0,0.0,-0.107781342811458,-0.11683946865229357,-523.9550554785974,51085.22815091622,0.0384719041040921,1,-0.6644295302013423,0.0,0.09674473841235831,0.02375351623687239,0.24552773232614458,0.0,0.0,0.39766404597748795,2025-04-05,diana belbita,dione barbosa,0.6951050146855917,0.3048949853144083,0.6951050146855917,0,0.0,0,300.0,-450.0,0.0,1.2222222222222223,4.0,0.04005543436062987,0.0450081665125755,0.0231736516692425,0.0522561121800998,0.0165269566029687,0.0194505298689539,0.0072874380454844,600.0,-1250.0,750.0,-1000.0,0.0,0.0,2,0,0,0,2,0,0.0,0,0
639,0.0,0.0,0.0,-0.0325588123165072,0.0164642876034875,1.3773584905660377,-6234.466206877719,-1.0,0.0,-0.107781342811458,-0.11683946865229357,-523.9550554785974,51085.22815091622,0.0384719041040921,1,-0.6644295302013423,0.0,0.09674473841235831,0.02375351623687239,0.24552773232614458,0.0,0.0,0.39766404597748795,2025-04-05,pat sabatini,joanderson brito,0.7023888074962346,0.2976111925037654,0.7023888074962346,0,1.0,0,200.0,-265.0,0.0,1.3773584905660377,3.0,0.04005543436062987,0.0357494745355933,0.0236112560580139,0.0532071204242985,0.0372906171322624,0.002714334669385,0.0020421341281796,160.0,-240.0,188.0,-192.0,50.0,0.0,4,1,2,0,2,1,0.0,0,1
640,1434.80179683395,0.07391838858604394,0.3355704697986577,0.1143561815629558,0.0164642876034875,1.3355704697986577,-6234.466206877719,-1.0,0.0248048283845785,-0.107781342811458,-0.11683946865229357,-523.9550554785974,51085.22815091622,0.0384719041040921,1,-0.6644295302013423,0.15163807520764078,0.09674473841235831,0.02375351623687239,0.24552773232614458,0.19531150781457865,0.22326659495166756,0.39766404597748795,2025-04-05,josh emmett,lerone murphy,0.8343671912205046,0.1656328087794953,0.8343671912205046,0,0.0,0,240.0,-298.0,0.381322065048408,1.3355704697986577,3.4,0.04005543436062987,0.0263970780483009,0.0164642876034875,0.0619138065905053,0.0357662910895922,-0.0008477377585157,-0.0005446320549068,215.0,-355.0,280.0,-278.0,50.0,50.0,10,2,5,1,5,1,50.0,1,1
641,1352.7824163244445,0.04978407721262849,0.5319148936170213,0.0008325906945369499,0.0304849567433922,1.5319148936170213,-4596.642128929436,-1.0,0.026480892134376856,-0.08997986884486478,-0.09318794826397776,-163.8854690516455,46324.70055293514,0.0384719041040921,1,-0.10586288416075629,0.021977014489050935,0.14380695057810544,0.04624218441787165,0.3215573672341816,0.0011185147747325257,0.061149754479500495,0.26752464988260055,2025-04-12,yan xiaonan,virna jandiroba,0.6533212744811561,0.3466787255188439,0.6533212744811561,0,0.0,0,140.0,-188.0,0.08214949350908501,1.5319148936170213,2.4,0.08880300544384293,0.0389594877010522,0.0304849567433922,0.0391936977254916,0.0353880398274212,0.0052815527685029,0.0048194573325072,105.0,-142.0,120.0,-125.0,40.0,75.0,5,4,2,3,3,1,75.0,3,1
642,0.0,0.0,0.0,-0.1709498840138859,0.0304849567433922,1.25,-4596.642128929436,-1.0,0.0,-0.08997986884486478,-0.09318794826397776,-163.8854690516455,46324.70055293514,0.0384719041040921,1,-0.10586288416075629,0.0,0.14380695057810544,0.04624218441787165,0.3215573672341816,0.0,0.0,0.26752464988260055,2025-04-12,bryce mitchell,jean silva,0.6632400927888913,0.3367599072111087,0.6632400927888913,0,0.0,0,285.0,-400.0,0.0,1.25,3.85,0.08880300544384293,0.0386737104929581,0.0210665492473015,0.0325117397689544,0.0242347923874137,0.0143236140780609,0.0108576913208109,160.0,-205.0,172.0,-192.0,80.0,0.0,5,0,4,0,1,0,0.0,0,0
643,-1804.313458905677,0.035319671149855014,-1.0,0.17390195751776238,0.0304849567433922,2.1,-4596.642128929436,-1.0,-0.035319671149855014,-0.08997986884486478,-0.09318794826397776,-163.8854690516455,46324.70055293514,0.0384719041040921,1,-0.10586288416075629,0.05121088106984349,0.14380695057810544,0.04624218441787165,0.3215573672341816,0.16613378978731713,0.20037564897167648,0.26752464988260055,2025-04-12,alexander volkanovski,diego lopes,0.5590009321513154,0.4409990678486846,0.5590009321513154,0,1.0,0,-130.0,110.0,0.1914249064238255,2.1,1.7692307692307692,0.08880300544384293,0.0198146558599141,0.0215932116349099,0.0333527731951945,0.0395132920372828,0.0108860271118729,0.012842786447449,-162.0,120.0,-150.0,136.0,80.0,0.0,5,0,4,0,1,0,0.0,0,0
644,2006.71774150796,0.034457685408016456,1.1400000000000001,0.13761220739650348,0.0304849567433922,2.14,-4596.642128929436,-1.0,0.039281761365138765,-0.08997986884486478,-0.09318794826397776,-163.8854690516455,46324.70055293514,0.0384719041040921,1,-0.10586288416075629,0.04160669509612545,0.14380695057810544,0.04624218441787165,0.3215573672341816,0.1290846334608271,0.16579897117342998,0.26752464988260055,2025-04-12,michael chandler,paddy pimblett,0.5315944894376184,0.4684055105623815,0.5315944894376184,0,0.0,0,-135.0,114.0,0.15552471562670567,2.14,1.7407407407407407,0.08880300544384293,0.0197976060171143,0.0219601987154369,0.044391576818822,0.0370195493684234,0.0071772430987384,0.0060458973971294,120.0,-168.0,142.0,-150.0,66.66666666666666,100.0,3,2,2,2,1,0,100.0,2,0
645,0.0,0.0,0.0,-0.14205623772817183,0.0304849567433922,1.3636363636363638,-4596.642128929436,-1.0,0.0,-0.08997986884486478,-0.09318794826397776,-163.8854690516455,46324.70055293514,0.0384719041040921,1,-0.10586288416075629,0.0,0.14380695057810544,0.04624218441787165,0.3215573672341816,0.0,0.0,0.26752464988260055,2025-04-12,darren elkins,julian erosa,0.6291587589993406,0.3708412410006594,0.6291587589993406,0,0.0,0,200.0,-275.0,0.0,1.3636363636363638,3.0,0.08880300544384293,0.040400359353909,0.0262663073127574,0.0426105862207629,0.026805501978502,0.0220870652884608,0.0142765710751753,210.0,-295.0,230.0,-275.0,66.66666666666666,50.0,24,8,16,4,8,4,50.0,4,4
646,1073.2565020453858,0.09454111166806277,0.22222222222222232,0.0889230126004138,0.0304849567433922,1.2222222222222223,-4596.642128929436,-1.0,0.02100913592623618,-0.08997986884486478,-0.09318794826397776,-163.8854690516455,46324.70055293514,0.0384719041040921,1,-0.10586288416075629,0.12519196454706746,0.14380695057810544,0.04624218441787165,0.3215573672341816,0.1828753927920145,0.22754722623169876,0.26752464988260055,2025-04-12,jim miller,chase hooper,0.8909370103094294,0.1090629896905705,0.8909370103094294,0,0.0,0,300.0,-450.0,0.4679642216222176,1.2222222222222223,4.0,0.08880300544384293,0.0450081665125755,0.0231736516692425,0.0443733716688528,0.0170301371030769,0.0234894225954378,0.0097161968170781,500.0,-850.0,575.0,-770.0,77.77777777777779,50.0,27,6,21,3,6,3,50.0,3,3
647,0.0,0.0,0.0,-0.16305760865898666,0.0304849567433922,1.6134969325153374,-4596.642128929436,-1.0,0.0,-0.08997986884486478,-0.09318794826397776,-163.8854690516455,46324.70055293514,0.0384719041040921,1,-0.10586288416075629,0.0,0.14380695057810544,0.04624218441787165,0.3215573672341816,0.0,0.0,0.26752464988260055,2025-04-12,dan ige,sean woodson,0.5187133452037459,0.5187133452037459,0.4812866547962541,1,1.0,1,-163.0,120.0,0.0,2.2,1.6134969325153374,0.08880300544384293,0.0339796305551364,0.0403376871081888,0.0411928522373992,0.0309382953035842,0.013117781846808,0.0100303663013401,150.0,-205.0,170.0,-188.0,72.72727272727273,66.66666666666666,11,3,8,2,3,1,72.72727272727273,8,3
648,-2792.3286700237586,0.054660197695009766,-1.0,0.14906104604155496,0.0304849567433922,1.5319148936170213,-4596.642128929436,-1.0,-0.054660197695009766,-0.08997986884486478,-0.09318794826397776,-163.8854690516455,46324.70055293514,0.0384719041040921,1,-0.10586288416075629,0.09051092440886815,0.14380695057810544,0.04624218441787165,0.3215573672341816,0.20135850795223958,0.250455963080987,0.26752464988260055,2025-04-12,nikita krylov,dominick reyes,0.750081516166015,0.750081516166015,0.2499184838339849,1,0.0,1,-188.0,140.0,0.33832741935588967,2.4,1.5319148936170213,0.08880300544384293,0.0304849567433922,0.0389594877010522,0.0440096630322472,0.0551966861741018,-0.0014723824177861,-0.0017534240338267,-188.0,124.0,-148.0,150.0,64.70588235294117,66.66666666666666,17,9,11,6,6,3,64.70588235294117,11,6
649,0.0,0.006981524105448677,0.0,-0.031349660111905486,0.0287452808578468,1.5319148936170213,7087.840099326345,1.5869565217391308,0.0,0.15300347362692793,0.2753075940848103,5665.701756601511,59078.24240886299,0.038471904104092104,1,2.263929900779509,0.005148370198871277,0.05217039869124307,0.006559830074719553,0.12573854598164372,-0.04237197901987288,0.005165404421309648,0.7374278339672667,2025-04-26,chelsea chandler,joselyne edwards,0.6323134163158395,0.3676865836841604,0.6323134163158395,0,0.0,0,150.0,-188.0,0.006981524105448677,1.5319148936170213,2.5,0.3070685946425631,0.0297283559070404,0.0230494218707374,0.0446806160174017,0.0279000291438885,0.0166799230378363,0.0107710573543203,210.0,-300.0,240.0,-275.0,0.0,60.0,0,5,0,3,0,2,60.0,3,2
650,914.59176913636,0.06910074223403569,0.2857142857142856,0.01386290191308076,0.0287452808578468,1.2857142857142856,7087.840099326345,1.5869565217391308,0.019743069209724472,0.15300347362692793,0.2753075940848103,5665.701756601511,59078.24240886299,0.038471904104092104,1,2.263929900779509,0.11025837110889293,0.05217039869124307,0.006559830074719553,0.12573854598164372,0.02490957752246823,0.08321082635206857,0.7374278339672667,2025-04-26,jaqueline amorim,polyana viana,0.7885600348212851,0.7885600348212851,0.2114399651787148,1,1.0,1,-350.0,240.0,0.14951750670396735,3.4,1.2857142857142856,0.3070685946425631,0.0263895562040242,0.0455058686325771,0.0182475675347912,0.0494091981417761,0.0086289068865667,0.0211050524248573,-910.0,500.0,-800.0,610.0,0.0,66.66666666666666,0,6,0,4,0,2,0.0,0,0
651,0.0,0.022397258842678847,0.0,-0.02407534383198856,0.0287452808578468,1.9090909090909087,7087.840099326345,1.5869565217391308,0.0,0.15300347362692793,0.2753075940848103,5665.701756601511,59078.24240886299,0.038471904104092104,1,2.263929900779509,0.016516362075160874,0.05217039869124307,0.006559830074719553,0.12573854598164372,-0.02519858552313993,0.02139888792711681,0.7374278339672667,2025-04-26,chris gutierrez,john castaneda,0.5111986294213394,0.5111986294213394,0.4888013705786606,1,1.0,1,-110.0,-110.0,0.022397258842678847,1.9090909090909087,1.9090909090909087,0.3070685946425631,0.0238095238095238,0.0238095238095238,0.0287788618675385,0.0336097299328179,0.010017946999888,0.0115415211998963,-155.0,120.0,-142.0,130.0,57.14285714285714,33.33333333333333,7,3,4,1,3,2,57.14285714285714,4,3
652,0.0,0.0,0.0,-0.2604150875027205,0.0287452808578468,1.3636363636363638,7087.840099326345,1.5869565217391308,0.0,0.15300347362692793,0.2753075940848103,5665.701756601511,59078.24240886299,0.038471904104092104,1,2.263929900779509,0.0,0.05217039869124307,0.006559830074719553,0.12573854598164372,0.0,0.0,0.7374278339672667,2025-04-26,damon blackshear,alatengheili,0.5423622691646716,0.4576377308353284,0.5423622691646716,0,1.0,0,200.0,-275.0,0.0,1.3636363636363638,3.0,0.3070685946425631,0.040400359353909,0.0262663073127574,0.0245334200524655,0.0548316593126138,0.0061859464257068,0.0123325720928117,-600.0,350.0,-500.0,440.0,100.0,100.0,1,2,1,2,0,0,100.0,2,0
653,1280.6731246944516,0.04837976158430428,0.5714285714285714,0.02441485591350162,0.0287452808578468,1.5714285714285714,7087.840099326345,1.5869565217391308,0.02764557804817387,0.15300347362692793,0.2753075940848103,5665.701756601511,59078.24240886299,0.038471904104092104,1,2.263929900779509,0.08839031188264927,0.05217039869124307,0.006559830074719553,0.12573854598164372,0.03167805102344146,0.09238061561887725,0.7374278339672667,2025-04-26,giga chikadze,david onama,0.6519003628540465,0.3480996371459535,0.6519003628540465,0,0.0,0,130.0,-175.0,0.11986299921325289,1.5714285714285714,2.3,0.3070685946425631,0.0392764126889053,0.0318698323703832,0.0392828753414365,0.0284452615406929,0.012351434216744,0.0092209531274553,163.0,-220.0,180.0,-198.0,66.66666666666666,50.0,3,2,2,1,1,1,50.0,1,1
654,1455.0652462054625,0.043345990708974186,0.7246376811594204,0.04427760673563641,0.0287452808578468,1.7246376811594204,7087.840099326345,1.5869565217391308,0.031410138194908836,0.15300347362692793,0.2753075940848103,5665.701756601511,59078.24240886299,0.038471904104092104,1,2.263929900779509,0.0862353077573167,0.05217039869124307,0.006559830074719553,0.12573854598164372,0.05150268368126611,0.10053559920136067,0.7374278339672667,2025-04-26,ian machado garry,carlos prates,0.6055055030652009,0.6055055030652009,0.3944944969347991,1,1.0,1,-138.0,110.0,0.1169406737651627,2.1,1.7246376811594204,0.3070685946425631,0.0265680525498327,0.0294543564137525,0.033624340009932,0.0413357875817744,0.0099707853216415,0.0120920938840948,-175.0,128.0,-159.0,145.0,100.0,0.0,1,0,1,0,0,0,100.0,1,0
655,0.0,0.0,0.0,-0.11003849873411181,0.0287452808578468,1.5714285714285714,7087.840099326345,1.5869565217391308,0.0,0.15300347362692793,0.2753075940848103,5665.701756601511,59078.24240886299,0.038471904104092104,1,2.263929900779509,0.0,0.05217039869124307,0.006559830074719553,0.12573854598164372,0.0,0.0,0.7374278339672667,2025-04-26,michel pereira,abus magomedov,0.5663391371692016,0.5663391371692016,0.4336608628307984,1,0.0,1,-175.0,130.0,0.0,2.3,1.5714285714285714,0.3070685946425631,0.0318698323703832,0.0392764126889053,0.0412941575850406,0.0465107204637399,0.0048194573325072,0.0052815527685029,-150.0,105.0,-125.0,120.0,60.0,0.0,5,0,3,0,2,0,60.0,3,2
656,0.0,0.0,0.0,-0.1183189483043573,0.0287452808578468,1.1540832049306626,7087.840099326345,1.5869565217391308,0.0,0.15300347362692793,0.2753075940848103,5665.701756601511,59078.24240886299,0.038471904104092104,1,2.263929900779509,0.0,0.05217039869124307,0.006559830074719553,0.12573854598164372,0.0,0.0,0.7374278339672667,2025-04-26,ikram aliskerov,andre muniz,0.7639666255680535,0.7639666255680535,0.2360333744319465,1,1.0,1,-649.0,400.0,0.0,5.0,1.1540832049306626,0.3070685946425631,0.0201152566224162,0.0463733949129643,0.0258075013481793,0.0517787055483724,0.0061735975652481,0.0112177067825779,-480.0,300.0,-400.0,360.0,0.0,75.0,0,4,0,3,0,1,0.0,0,0
657,786.2115366592532,0.09317494305930966,0.18214936247723124,0.03780181989259876,0.0287452808578468,1.1821493624772312,7087.840099326345,1.5869565217391308,0.016971756477105575,0.15300347362692793,0.2753075940848103,5665.701756601511,59078.24240886299,0.038471904104092104,1,2.263929900779509,0.22532852379444723,0.05217039869124307,0.006559830074719553,0.12573854598164372,0.08423626321798343,0.13712298577750234,0.7374278339672667,2025-04-26,anthony smith,zhang mingyang,0.877893989400673,0.122106010599327,0.877893989400673,0,0.0,0,350.0,-549.0,0.30556010149794427,1.1821493624772312,4.5,0.3070685946425631,0.0463884159234824,0.0217506013680772,0.064614263825235,0.0329833337723625,0.0031886539522886,0.0018618510982165,260.0,-455.0,340.0,-350.0,58.82352941176471,0.0,17,0,10,0,7,0,0.0,0,0
658,0.0,0.0,0.0,-0.055506613237140734,0.0287452808578468,1.3636363636363638,7087.840099326345,1.5869565217391308,0.0,0.15300347362692793,0.2753075940848103,5665.701756601511,59078.24240886299,0.038471904104092104,1,2.263929900779509,0.0,0.05217039869124307,0.006559830074719553,0.12573854598164372,0.0,0.0,0.7374278339672667,2025-04-26,matt schnell,jimmy flick,0.6926284836260967,0.6926284836260967,0.3073715163739032,1,1.0,1,-275.0,200.0,0.0,3.0,1.3636363636363638,0.3070685946425631,0.0262663073127574,0.040400359353909,0.0318698323703832,0.0392764126889053,0.0127638795893915,0.0152473248924012,-175.0,130.0,-155.0,138.0,60.0,100.0,10,1,6,1,4,0,60.0,6,4
659,1229.160079905983,0.05306715705593928,0.5,0.054750498710782414,0.0287452808578468,1.5,7087.840099326345,1.5869565217391308,0.026533578527969635,0.15300347362692793,0.2753075940848103,5665.701756601511,59078.24240886299,0.038471904104092104,1,2.263929900779509,0.13288255486323247,0.05217039869124307,0.006559830074719553,0.12573854598164372,0.0757822436923319,0.1301874329728798,0.7374278339672667,2025-04-26,randy brown,nicolas dalby,0.7031669991405216,0.7031669991405216,0.2968330008594784,1,1.0,1,-200.0,150.0,0.18019736812528686,2.5,1.5,0.3070685946425631,0.0287452808578468,0.0379213858088197,0.0251661696113856,0.0423944108580914,0.010183118578769,0.0163383777919736,-333.0,235.0,-298.0,260.0,61.53846153846154,42.857142857142854,13,7,8,3,5,4,61.53846153846154,8,5
660,1408.4243972571576,0.06555995802400724,0.36363636363636376,0.07869186868099742,0.018086396502818,1.3636363636363638,10534.625274649004,1.3429752066115697,0.02383998473600264,0.17831649766663651,0.30539452215706653,7507.5463356850505,77120.41401919705,0.038471904104092104,1,2.23780487804878,0.08976519326331445,0.12286003206169092,0.03466177930407241,0.28212412712596324,0.12697829287404416,0.17765412156834387,0.3131360415466476,2025-05-03,marina rodriguez,gillian robertson,0.791040703699398,0.2089592963006019,0.791040703699398,0,0.0,0,200.0,-275.0,0.2866651593982745,1.3636363636363638,3.0,0.33392331787197127,0.040400359353909,0.0262663073127574,0.0414870536027404,0.027225726974447,0.0160048334946276,0.0107808807910866,195.0,-270.0,220.0,-250.0,42.857142857142854,75.0,7,8,3,6,4,2,75.0,6,2
661,1272.7083705954335,0.09478814200098479,0.2272727272727273,0.09228991417109494,0.018086396502818,1.2272727272727273,10534.625274649004,1.3429752066115697,0.021542759545678362,0.17831649766663651,0.30539452215706653,7507.5463356850505,77120.41401919705,0.038471904104092104,1,2.23780487804878,0.14063130862913545,0.12286003206169092,0.03466177930407241,0.28212412712596324,0.19105149203845684,0.2169465605364845,0.3131360415466476,2025-05-03,jeremy stephens,mason jones,0.8900140041394107,0.1099859958605893,0.8900140041394107,0,0.0,0,340.0,-440.0,0.4491061071556202,1.2272727272727273,4.4,0.33392331787197127,0.0276226725358547,0.0144648695516874,0.0498139219159136,0.0211538200195702,0.0103822398599826,0.0050260806330836,400.0,-675.0,490.0,-549.0,70.0,0.0,20,1,14,0,6,1,0.0,0,1
662,0.0,0.0,0.0,-0.10780216640956161,0.018086396502818,1.3225806451612905,10534.625274649004,1.3429752066115697,0.0,0.17831649766663651,0.30539452215706653,7507.5463356850505,77120.41401919705,0.038471904104092104,1,2.23780487804878,0.0,0.12286003206169092,0.03466177930407241,0.28212412712596324,0.0,0.0,0.3131360415466476,2025-05-03,juliana miller,ivana petrovic,0.6745886058854533,0.3254113941145466,0.6745886058854533,0,1.0,0,250.0,-310.0,0.0,1.3225806451612905,3.5,0.33392331787197127,0.0259280913458452,0.01588375534405,0.0513452487166904,0.0345133371418953,0.0087372325093323,0.0061511049596503,175.0,-260.0,210.0,-225.0,0.0,0.0,0,0,0,0,0,0,0.0,0,0
663,0.0,0.0778892075310167,0.0,-0.009032633742249302,0.018086396502818,1.2857142857142856,10534.625274649004,1.3429752066115697,0.0,0.17831649766663651,0.30539452215706653,7507.5463356850505,77120.41401919705,0.038471904104092104,1,2.23780487804878,0.024389918125467903,0.12286003206169092,0.03466177930407241,0.28212412712596324,-0.01623391969436713,0.04333794285959397,0.3131360415466476,2025-05-03,thomas petersen,dontale mayes,0.7707523959782506,0.7707523959782506,0.2292476040217493,1,1.0,1,-350.0,240.0,0.0778892075310167,3.4,1.2857142857142856,0.33392331787197127,0.0263895562040242,0.0455058686325771,0.035365498219968,0.0599424196685949,0.0028651545401012,0.004440781532958,-340.0,210.0,-275.0,265.0,0.0,100.0,0,4,0,4,0,0,0.0,0,0
664,0.0,0.0,0.0,-0.07194898028798474,0.018086396502818,1.4587155963302751,10534.625274649004,1.3429752066115697,0.0,0.17831649766663651,0.30539452215706653,7507.5463356850505,77120.41401919705,0.038471904104092104,1,2.23780487804878,0.0,0.12286003206169092,0.03466177930407241,0.28212412712596324,0.0,0.0,0.3131360415466476,2025-05-03,gaston bolanos,quang le,0.6362110764063501,0.6362110764063501,0.3637889235936499,1,0.0,1,-218.0,180.0,0.0,2.8,1.4587155963302751,0.33392331787197127,0.0178645296442542,0.0248129186935715,0.0297794791233773,0.0324934840317861,0.0118836358359611,0.0129282076840124,-135.0,105.0,-126.0,114.0,0.0,0.0,0,0,0,0,0,0,0.0,0,0
665,0.0,0.0,0.0,-0.07906057723934584,0.018086396502818,1.4166666666666667,10534.625274649004,1.3429752066115697,0.0,0.17831649766663651,0.30539452215706653,7507.5463356850505,77120.41401919705,0.038471904104092104,1,2.23780487804878,0.0,0.12286003206169092,0.03466177930407241,0.28212412712596324,0.0,0.0,0.3131360415466476,2025-05-03,ryan loder,azamat bekoev,0.6500748866545794,0.3499251133454206,0.6500748866545794,0,0.0,0,188.0,-240.0,0.0,1.4166666666666667,2.88,0.33392331787197127,0.031408002539922,0.0216965726234765,0.0479064388849135,0.0260661638548124,0.0109232239303671,0.0065186365347491,265.0,-400.0,300.0,-330.0,0.0,0.0,0,0,0,0,0,0,0.0,0,0
666,0.0,0.0,0.0,-0.07672845924549515,0.018086396502818,1.7246376811594204,10534.625274649004,1.3429752066115697,0.0,0.17831649766663651,0.30539452215706653,7507.5463356850505,77120.41401919705,0.038471904104092104,1,2.23780487804878,0.0,0.12286003206169092,0.03466177930407241,0.28212412712596324,0.0,0.0,0.3131360415466476,2025-05-03,cameron smotherman,serhiy sidey,0.535342321950091,0.535342321950091,0.464657678049909,1,0.0,1,-138.0,105.0,0.0,2.05,1.7246376811594204,0.33392331787197127,0.0322362225882545,0.0354005882336351,0.0341708802857051,0.0304969621599151,0.0182148717700892,0.0161625155484744,110.0,-143.0,120.0,-138.0,0.0,0.0,0,0,0,0,0,0,0.0,0,0
667,0.0,0.01500203394088581,0.0,-0.04673727330417887,0.018086396502818,1.8,10534.625274649004,1.3429752066115697,0.0,0.17831649766663651,0.30539452215706653,7507.5463356850505,77120.41401919705,0.038471904104092104,1,2.23780487804878,0.004697677523397436,0.12286003206169092,0.03466177930407241,0.28212412712596324,-0.05194027389340416,0.013499238795943018,0.3131360415466476,2025-05-03,santiago ponzinibbio,daniel rodriguez,0.5295904037199006,0.4704095962800993,0.5295904037199006,0,0.0,0,-105.0,-125.0,0.01500203394088581,1.8,1.9523809523809523,0.33392331787197127,0.0346209416083251,0.0331297358984499,0.0391052434963937,0.0449283699489844,0.0068216974963082,0.0077928439724531,-155.0,110.0,-138.0,130.0,66.66666666666666,50.0,12,6,8,3,4,3,50.0,3,3
668,0.0,0.02680491726507689,0.0,-0.013112165251112196,0.018086396502818,1.4878048780487805,10534.625274649004,1.3429752066115697,0.0,0.17831649766663651,0.30539452215706653,7507.5463356850505,77120.41401919705,0.038471904104092104,1,2.23780487804878,0.008393585686371568,0.12286003206169092,0.03466177930407241,0.28212412712596324,-0.018518579615002185,0.018979344638146378,0.3131360415466476,2025-05-03,reinier de ridder,bo nickal,0.6633180528640066,0.3366819471359933,0.6633180528640066,0,1.0,0,170.0,-205.0,0.02680491726507689,1.4878048780487805,2.7,0.33392331787197127,0.0244151214085358,0.018086396502818,0.0661786373319945,0.0343504631971059,-0.0023002877252181,-0.0013738672191445,250.0,-440.0,340.0,-333.0,0.0,0.0,0,0,0,0,0,0,0.0,0,0
669,1178.7967083105266,0.07981257804877973,0.25,0.051006266471602446,0.018086396502818,1.25,10534.625274649004,1.3429752066115697,0.019953144512194935,0.17831649766663651,0.30539452215706653,7507.5463356850505,77120.41401919705,0.038471904104092104,1,2.23780487804878,0.0840977857628839,0.12286003206169092,0.03466177930407241,0.28212412712596324,0.09912393544564607,0.13819632790926115,0.3131360415466476,2025-05-03,cory sandhagen,deiveson figueiredo,0.840805013177282,0.840805013177282,0.159194986822718,1,1.0,1,-400.0,300.0,0.2685662926168016,4.0,1.25,0.33392331787197127,0.0176478677640649,0.032352132235935,0.0198242189441048,0.0411076806974722,0.0092856808663582,0.0183005260301934,-520.0,350.0,-480.0,400.0,77.77777777777779,36.36363636363637,9,11,7,4,2,7,77.77777777777779,7,2
670,2040.2974727652877,0.03798906549232617,0.9090909090909087,0.08670361227991519,0.018086396502818,1.9090909090909087,10534.625274649004,1.3429752066115697,0.034535514083932864,0.17831649766663651,0.30539452215706653,7507.5463356850505,77120.41401919705,0.038471904104092104,1,2.23780487804878,0.04926690994738574,0.12286003206169092,0.03466177930407241,0.28212412712596324,0.09036094332369488,0.15096584498821217,0.3131360415466476,2025-05-03,yana santos,miesha tate,0.5692257016704318,0.5692257016704318,0.4307742983295681,1,1.0,1,-110.0,-120.0,0.1573338849914742,1.8333333333333333,1.9090909090909087,0.33392331787197127,0.0350135352882691,0.0342505339758,0.037850515969565,0.0320795539605048,0.013811657209024,0.0117202576845929,120.0,-160.0,135.0,-150.0,100.0,50.0,1,10,1,5,0,5,100.0,1,0
671,1607.3193867566445,0.055773574305873395,0.4878048780487805,0.08339645984475214,0.018086396502818,1.4878048780487805,10534.625274649004,1.3429752066115697,0.02720662161262117,0.17831649766663651,0.30539452215706653,7507.5463356850505,77120.41401919705,0.038471904104092104,1,2.23780487804878,0.06710645205176054,0.12286003206169092,0.03466177930407241,0.28212412712596324,0.11793937552845923,0.15153746305686736,0.3131360415466476,2025-05-03,montel jackson,daniel marcos,0.7281845057972924,0.7281845057972924,0.2718154942027075,1,1.0,1,-205.0,170.0,0.21430446562556982,2.7,1.4878048780487805,0.33392331787197127,0.018086396502818,0.0244151214085358,0.0318135991253311,0.0487419564302244,0.0061511049596503,0.0087372325093323,-275.0,188.0,-225.0,210.0,85.71428571428571,0.0,7,0,6,0,1,0,85.71428571428571,6,1
672,2269.2735084773603,0.04413760359051924,0.6666666666666663,0.0059358169326728105,0.0262663073127574,1.6666666666666663,13726.61984984701,1.96361105587592,0.029425069060346146,0.17798944707986314,0.34671652150385224,13012.301835825914,103859.33570486997,0.038471904104092104,1,3.5344317717745386,0.05742091420038331,0.06030737712727923,0.011397614826701409,0.1889920498887996,0.007157755352018152,0.0746449634514275,0.6379303152729859,2025-05-10,marc andre barriault,bruno silva,0.6035614901596038,0.6035614901596038,0.3964385098403962,1,1.0,1,-150.0,110.0,0.09001126428019258,2.1,1.6666666666666663,0.2993849483489956,0.0356521067558167,0.0405383694346594,0.0318698323703832,0.0392764126889053,0.0119288327341947,0.0145550432589505,-175.0,130.0,-162.0,145.0,50.0,42.857142857142854,6,7,3,3,3,4,50.0,3,3
673,2155.449272044901,0.05254438377931577,0.5319148936170213,0.09810268014687562,0.0262663073127574,1.5319148936170213,13726.61984984701,1.96361105587592,0.027949140308146686,0.17798944707986314,0.34671652150385224,13012.301835825914,103859.33570486997,0.038471904104092104,1,3.5344317717745386,0.15964710250050052,0.06030737712727923,0.011397614826701409,0.1889920498887996,0.1319422113394393,0.18607366582904805,0.6379303152729859,2025-05-10,brad katona,bekzat almakhan,0.7168170273180994,0.2831829726819005,0.7168170273180994,0,0.0,0,140.0,-188.0,0.2502579022791598,1.5319148936170213,2.4,0.2993849483489956,0.0389594877010522,0.0304849567433922,0.0403376871081888,0.0339796305551364,0.0115415211998963,0.010017946999888,120.0,-163.0,130.0,-142.0,50.0,0.0,2,0,1,0,1,0,0.0,0,0
674,0.0,0.02502183812127393,0.0,-0.02247705164213898,0.0262663073127574,1.6993006993006992,13726.61984984701,1.96361105587592,0.0,0.17798944707986314,0.34671652150385224,13012.301835825914,103859.33570486997,0.038471904104092104,1,3.5344317717745386,0.015962189081413895,0.06030737712727923,0.011397614826701409,0.1889920498887996,-0.02665454484298043,0.02110023453584616,0.6379303152729859,2025-05-10,daniel santos,jeongyeong lee,0.5752501301035973,0.5752501301035973,0.4247498698964027,1,1.0,1,-143.0,116.0,0.02502183812127393,2.16,1.6993006993006992,0.2993849483489956,0.0241280161916868,0.0273123130264201,0.0419785626092642,0.0376630501333938,0.0103868619809008,0.0093759838689014,105.0,-145.0,120.0,-130.0,0.0,0.0,2,0,0,0,2,0,0.0,0,2
675,2008.6064757223135,0.0520901372552882,0.5,0.023623787926096262,0.0262663073127574,1.5,13726.61984984701,1.96361105587592,0.0260450686276441,0.17798944707986314,0.34671652150385224,13012.301835825914,103859.33570486997,0.038471904104092104,1,3.5344317717745386,0.07839284606766125,0.06030737712727923,0.011397614826701409,0.1889920498887996,0.032691801257365004,0.0888001861540344,0.6379303152729859,2025-05-10,mike malott,charles radtke,0.6824158586173975,0.6824158586173975,0.3175841413826025,1,1.0,1,-200.0,150.0,0.12288622156812698,2.5,1.5,0.2993849483489956,0.0287452808578468,0.0379213858088197,0.0321793128548906,0.0447437640681861,0.0101556457621264,0.0136538780473972,-225.0,160.0,-200.0,180.0,100.0,0.0,1,0,1,0,0,0,100.0,1,0
676,0.0,0.0,0.0,-0.21555195204974043,0.0262663073127574,1.5319148936170213,13726.61984984701,1.96361105587592,0.0,0.17798944707986314,0.34671652150385224,13012.301835825914,103859.33570486997,0.038471904104092104,1,3.5344317717745386,0.0,0.06030737712727923,0.011397614826701409,0.1889920498887996,0.0,0.0,0.6379303152729859,2025-05-10,jose aldo,aiemann zahabi,0.5120702535230861,0.5120702535230861,0.4879297464769139,1,0.0,1,-188.0,140.0,0.0,2.4,1.5319148936170213,0.2993849483489956,0.0304849567433922,0.0389594877010522,0.0276690712633215,0.0356666078359044,0.0120504953042823,0.0154220321682451,-190.0,145.0,-180.0,160.0,83.33333333333334,0.0,18,0,15,0,3,0,83.33333333333334,15,3
677,0.0,0.054091619675423655,0.0,-0.020249353276401427,0.0262663073127574,1.4,13726.61984984701,1.96361105587592,0.0,0.17798944707986314,0.34671652150385224,13012.301835825914,103859.33570486997,0.038471904104092104,1,3.5344317717745386,0.03450668399316946,0.06030737712727923,0.011397614826701409,0.1889920498887996,-0.031029869269777383,0.03529890205393888,0.6379303152729859,2025-05-10,navajo stirling,ivan erslan,0.6998218905168562,0.6998218905168562,0.3001781094831438,1,1.0,1,-250.0,175.0,0.054091619675423655,2.75,1.4,0.2993849483489956,0.0316294610237879,0.0462926168982899,0.0328963273661757,0.0574046759783059,0.0037347281819457,0.0060055315583139,-360.0,225.0,-300.0,285.0,0.0,0.0,0,0,0,0,0,0,0.0,0,0
678,0.0,0.0,0.0,-0.07673422718092235,0.0262663073127574,1.0829875518672198,13726.61984984701,1.96361105587592,0.0,0.17798944707986314,0.34671652150385224,13012.301835825914,103859.33570486997,0.038471904104092104,1,3.5344317717745386,0.0,0.06030737712727923,0.011397614826701409,0.1889920498887996,0.0,0.0,0.6379303152729859,2025-05-10,benoit st denis,kyle prepolec,0.852517437737156,0.852517437737156,0.1474825622628439,1,1.0,1,-1205.0,650.0,0.0,7.5,1.0829875518672198,0.2993849483489956,0.0139988626122002,0.0427061182307116,0.0182642150323125,0.0719613488774618,0.002544258574178,0.006546650516731,-1800.0,600.0,-1000.0,900.0,100.0,100.0,1,1,1,1,0,0,100.0,1,0
679,0.0,0.0,0.0,-0.04198118476499296,0.0262663073127574,1.434782608695652,13726.61984984701,1.96361105587592,0.0,0.17798944707986314,0.34671652150385224,13012.301835825914,103859.33570486997,0.038471904104092104,1,3.5344317717745386,0.0,0.06030737712727923,0.011397614826701409,0.1889920498887996,0.0,0.0,0.6379303152729859,2025-05-10,belal muhammad,jack della maddalena,0.667710083345611,0.667710083345611,0.332289916654389,1,0.0,1,-230.0,176.0,0.0,2.76,1.434782608695652,0.2993849483489956,0.0245429674409793,0.0347455701084278,0.0309382953035842,0.0411928522373992,0.0100303663013401,0.013117781846808,-205.0,150.0,-188.0,170.0,66.66666666666666,100.0,15,3,10,3,5,0,66.66666666666666,10,5
680,2746.0315144319898,0.03809955843482413,0.9345794392523368,0.12391816690795521,0.0262663073127574,1.9345794392523368,13726.61984984701,1.96361105587592,0.03560706395777957,0.17798944707986314,0.34671652150385224,13012.301835825914,103859.33570486997,0.038471904104092104,1,3.5344317717745386,0.11525640541298773,0.06030737712727923,0.011397614826701409,0.1889920498887996,0.1277139938789395,0.175302586490384,0.6379303152729859,2025-05-10,valentina shevchenko,manon fiorot,0.5809625307205372,0.5809625307205372,0.4190374692794628,1,1.0,1,-107.0,-117.0,0.18067240677168117,1.8547008547008548,1.9345794392523368,0.2993849483489956,0.0283489021487466,0.0277298173240821,0.0355941556155383,0.0319519346578248,0.0093793761870276,0.0084848556510033,108.0,-142.0,120.0,-129.0,75.0,100.0,12,1,9,1,3,0,75.0,9,3
681,2093.8408173230955,0.050499520389653454,0.5376344086021505,0.01595961306124033,0.0262663073127574,1.5376344086021505,13726.61984984701,1.96361105587592,0.027150279779383578,0.17798944707986314,0.34671652150385224,13012.301835825914,103859.33570486997,0.038471904104092104,1,3.5344317717745386,0.05563544077145662,0.06030737712727923,0.011397614826701409,0.1889920498887996,0.02144663774888766,0.0648995123690881,0.6379303152729859,2025-05-10,alexa grasso,natalia silva,0.6607289791237437,0.3392710208762562,0.6607289791237437,0,0.0,0,150.0,-186.0,0.08721241088479838,1.5376344086021505,2.5,0.2993849483489956,0.0283132845779334,0.0220363657717169,0.038783145402318,0.0263797618658524,0.0146209632380343,0.010217586190679,185.0,-250.0,205.0,-230.0,50.0,100.0,10,1,5,1,5,0,100.0,1,0
682,1739.1002478262533,0.06201374489939478,0.36363636363636376,0.028840358355259887,0.0262663073127574,1.3636363636363638,13726.61984984701,1.96361105587592,0.02255045269068902,0.17798944707986314,0.34671652150385224,13012.301835825914,103859.33570486997,0.038471904104092104,1,3.5344317717745386,0.10325926036760935,0.06030737712727923,0.011397614826701409,0.1889920498887996,0.04639819004884636,0.10061329731415022,0.6379303152729859,2025-05-10,jessica andrade,jasmine jasudavicius,0.7544829294605239,0.2455170705394761,0.7544829294605239,0,0.0,0,200.0,-275.0,0.16186605009266913,1.3636363636363638,3.0,0.2993849483489956,0.040400359353909,0.0262663073127574,0.0488555011457621,0.0289517490752811,0.0115765029078631,0.0074711161397558,225.0,-335.0,250.0,-275.0,70.58823529411765,0.0,17,0,12,0,5,0,0.0,0,0
683,-4259.166687687616,0.041008992198742746,-1.0,0.052169151261290625,0.018086396502818,1.819672131147541,20644.478418066887,2.398589065255732,-0.041008992198742746,0.1987734494733425,0.2735608991211088,7767.374839478418,132271.18896241527,0.0384719041040921,1,1.4134847107053572,0.040000140587383465,0.10262366164731768,0.03156340249110362,0.3075645712153227,0.05731071122194869,0.09712774720574752,0.374883369844148,2025-05-17,jared gordon,thiago moises,0.5782190831255741,0.4217809168744258,0.5782190831255741,0,1.0,0,102.0,-122.0,0.1067002268039068,1.819672131147541,2.02,0.17954224163550825,0.0228889497481168,0.0217101047519275,0.0352269955557409,0.0373795583101833,0.0104752559866196,0.0111697656584019,-130.0,-103.0,-120.0,110.0,70.0,71.42857142857143,10,7,7,5,3,2,71.42857142857143,5,2
684,0.0,0.0,0.0,-0.03629664389760359,0.018086396502818,1.21978021978022,20644.478418066887,2.398589065255732,0.0,0.1987734494733425,0.2735608991211088,7767.374839478418,132271.18896241527,0.0384719041040921,1,1.4134847107053572,0.0,0.10262366164731768,0.03156340249110362,0.3075645712153227,0.0,0.0,0.374883369844148,2025-05-17,elise reed,denise gomes,0.7900631117596221,0.2099368882403779,0.7900631117596221,0,0.0,0,350.0,-455.0,0.0,1.21978021978022,4.5,0.17954224163550825,0.0277332659130896,0.0143087761289523,0.0463733949129643,0.0201152566224162,0.0163801797418052,0.0079576871157466,400.0,-649.0,450.0,-535.0,0.0,0.0,3,0,0,0,3,0,0.0,0,0
685,1992.3386639604819,0.08248710813416422,0.2325581395348837,0.04777761530077643,0.018086396502818,1.2325581395348837,20644.478418066887,2.398589065255732,0.019183048403294004,0.1987734494733425,0.2735608991211088,7767.374839478418,132271.18896241527,0.0384719041040921,1,1.4134847107053572,0.10704482788123874,0.10262366164731768,0.03156340249110362,0.3075645712153227,0.09541361955219269,0.14298273859105168,0.374883369844148,2025-05-17,gilbert burns,michael morales,0.8500837256213847,0.1499162743786153,0.8500837256213847,0,0.0,0,300.0,-430.0,0.28554168173888583,1.2325581395348837,4.0,0.17954224163550825,0.0401679208613745,0.0211528338556065,0.0449676886197574,0.0209084642129172,0.0146676997367495,0.0074976881575387,360.0,-560.0,410.0,-475.0,56.25,0.0,16,0,9,0,7,0,0.0,0,0
686,0.0,0.0,0.0,-0.11529418827559626,0.018086396502818,1.359712230215827,20644.478418066887,2.398589065255732,0.0,0.1987734494733425,0.2735608991211088,7767.374839478418,132271.18896241527,0.0384719041040921,1,1.4134847107053572,0.0,0.10262366164731768,0.03156340249110362,0.3075645712153227,0.0,0.0,0.374883369844148,2025-05-17,dustin stoltzfus,nursulton ruziboev,0.6506566551835563,0.3493433448164437,0.6506566551835563,0,0.0,0,225.0,-278.0,0.0,1.359712230215827,3.25,0.17954224163550825,0.0262452639219628,0.0168967792200803,0.0370881563047484,0.0245097107541832,0.0138491799370142,0.0094934904644795,198.0,-265.0,215.0,-240.0,100.0,0.0,3,0,3,0,0,0,0.0,0,0
687,3356.9350642889876,0.04363461701380432,0.7407407407407407,0.06994598053302403,0.018086396502818,1.7407407407407407,20644.478418066887,2.398589065255732,0.03232193852874394,0.1987734494733425,0.2735608991211088,7767.374839478418,132271.18896241527,0.0384719041040921,1,1.4134847107053572,0.05049127862072527,0.10262366164731768,0.03156340249110362,0.3075645712153227,0.08073541735708566,0.11668602931394939,0.374883369844148,2025-05-17,sodiq yusuff,mairon santos,0.6146498186040776,0.3853501813959224,0.6146498186040776,0,0.0,0,114.0,-135.0,0.13468529863492276,1.7407407407407407,2.14,0.17954224163550825,0.0219601987154369,0.0197976060171143,0.033917245551122,0.0283324936729433,0.0169922552640634,0.0145645469799758,126.0,-163.0,130.0,-148.0,100.0,0.0,5,0,5,0,0,0,0.0,0,0
688,3881.0129446844135,0.03923637258280244,0.9523809523809523,0.255702343876945,0.018086396502818,1.9523809523809523,20644.478418066887,2.398589065255732,0.037367973888383275,0.1987734494733425,0.2735608991211088,7767.374839478418,132271.18896241527,0.0384719041040921,1,1.4134847107053572,0.11340861063593223,0.10262366164731768,0.03156340249110362,0.3075645712153227,0.26321295639047726,0.293884919136111,0.374883369844148,2025-05-17,luana santos,tainara lisboa,0.643164615156484,0.643164615156484,0.3568353848435159,1,1.0,1,-105.0,-115.0,0.30251704865724005,1.869565217391304,1.9523809523809523,0.17954224163550825,0.0237995764494319,0.0232792664320201,0.0304849567433922,0.0389594877010522,0.0144215909832456,0.0182683660934193,-188.0,140.0,-177.0,154.0,0.0,0.0,0,0,0,0,0,0,0.0,0,0
689,0.0,0.0,0.0,-0.14520089959394725,0.018086396502818,1.2531645569620251,20644.478418066887,2.398589065255732,0.0,0.1987734494733425,0.2735608991211088,7767.374839478418,132271.18896241527,0.0384719041040921,1,1.4134847107053572,0.0,0.10262366164731768,0.03156340249110362,0.3075645712153227,0.0,0.0,0.374883369844148,2025-05-17,tecia pennington,luana pinheiro,0.6821124134553351,0.6821124134553351,0.3178875865446648,1,1.0,1,-395.0,310.0,0.0,4.1,1.2531645569620251,0.17954224163550825,0.0148515401766855,0.0270306968275025,0.0272073367218593,0.0459379088371792,0.0057068304929865,0.0089130525479491,-335.0,230.0,-280.0,260.0,0.0,100.0,0,1,0,1,0,0,0.0,0,0
690,2796.254854232151,0.05519313610348002,0.4878048780487805,0.06909916550006467,0.018086396502818,1.4878048780487805,20644.478418066887,2.398589065255732,0.02692348102608781,0.1987734494733425,0.2735608991211088,7767.374839478418,132271.18896241527,0.0384719041040921,1,1.4134847107053572,0.06992598213614865,0.10262366164731768,0.03156340249110362,0.3075645712153227,0.09764477229337892,0.1319976517880552,0.374883369844148,2025-05-17,julian erosa,melquizael costa,0.7185748489426664,0.2814251510573335,0.7185748489426664,0,0.0,0,170.0,-205.0,0.18652729825070474,1.4878048780487805,2.7,0.17954224163550825,0.0244151214085358,0.018086396502818,0.0330243423820023,0.0272264311076575,0.0175441148904891,0.0145071671607929,130.0,-167.0,140.0,-160.0,50.0,0.0,8,0,4,0,4,0,0.0,0,0
691,-8592.935575603333,0.06496452963800761,-1.0,0.01162369992788767,0.0242769274131875,1.3278688524590163,-10999.689113045131,-1.0,-0.06496452963800761,-0.08316012881815618,-0.23171448336272563,-19649.46110115438,101622.03874821577,0.0384719041040921,1,-2.7182637182637186,0.09860203688205914,0.039427745855794075,0.005938674553689518,0.15062171130477664,0.01982066998722719,0.05926116880029438,0.9757571291242989,2025-05-31,rayanne dos santos,alice ardelean,0.7618400703160636,0.7618400703160636,0.2381599296839364,1,0.0,1,-305.0,240.0,0.10105182318324472,3.4,1.3278688524590163,-0.11483805783072948,0.0180181875967891,0.0291858792151209,0.0232831546092132,0.0326609013348426,0.01458799501071,0.0199742169708566,-225.0,175.0,-210.0,180.0,0.0,0.0,0,0,0,0,0,0,0.0,0,0
692,0.0,0.0,0.0,-0.09175279032845302,0.0242769274131875,1.806451612903225,-10999.689113045131,-1.0,0.0,-0.08316012881815618,-0.23171448336272563,-19649.46110115438,101622.03874821577,0.0384719041040921,1,-2.7182637182637186,0.0,0.039427745855794075,0.005938674553689518,0.15062171130477664,0.0,0.0,0.9757571291242989,2025-05-31,ketlen vieira,macy chiasson,0.5027797053538923,0.5027797053538923,0.4972202946461077,1,1.0,1,-124.0,100.0,0.0,2.0,1.806451612903225,-0.11483805783072948,0.0260772521476094,0.027494176423819,0.0391632570108818,0.0337961593137875,0.0096790192209161,0.0084369228080692,115.0,-155.0,130.0,-140.0,37.5,57.14285714285714,8,7,3,4,5,3,37.5,3,5
693,-4991.676663025324,0.037738200602730684,-1.0,0.030216165001417217,0.0242769274131875,1.9090909090909087,-10999.689113045131,-1.0,-0.037738200602730684,-0.08316012881815618,-0.23171448336272563,-19649.46110115438,101622.03874821577,0.0384719041040921,1,-2.7182637182637186,0.09704250388835742,0.039427745855794075,0.005938674553689518,0.15062171130477664,0.031515353996656656,0.09535367029497174,0.9757571291242989,2025-05-31,jafel filho,allan nascimento,0.5396370388102663,0.5396370388102663,0.4603629611897337,1,0.0,1,-110.0,-120.0,0.09945354329662853,1.8333333333333333,1.9090909090909087,-0.11483805783072948,0.0350135352882691,0.0342505339758,0.0366998845897121,0.0349666030002738,0.018294548065504,0.0173560758204138,-105.0,-127.0,104.0,-120.0,0.0,100.0,0,1,0,1,0,0,0.0,0,0
694,-4550.986034408199,0.03440648012698636,-1.0,0.07339742208183753,0.0242769274131875,2.12,-10999.689113045131,-1.0,-0.03440648012698636,-0.08316012881815618,-0.23171448336272563,-19649.46110115438,101622.03874821577,0.0384719041040921,1,-2.7182637182637186,0.10699274105585056,0.039427745855794075,0.005938674553689518,0.15062171130477664,0.06939306518372493,0.11597845423446207,0.9757571291242989,2025-05-31,dustin jacoby,bruno lopes,0.5063195387178479,0.4936804612821522,0.5063195387178479,0,1.0,0,-137.0,112.0,0.10965099599310339,2.12,1.72992700729927,-0.11483805783072948,0.0235793575275391,0.0261778274099657,0.0323449725536807,0.0424849594191082,0.009938216573356,0.0128103449146674,-200.0,145.0,-182.0,165.0,71.42857142857143,0.0,7,0,5,0,2,0,0.0,0,0
695,-9420.702039377464,0.0712226306671693,-1.0,0.03770731508430414,0.0242769274131875,1.2941176470588236,-10999.689113045131,-1.0,-0.0712226306671693,-0.08316012881815618,-0.23171448336272563,-19649.46110115438,101622.03874821577,0.0384719041040921,1,-2.7182637182637186,0.18076238991474414,0.039427745855794075,0.005938674553689518,0.15062171130477664,0.06794466451816658,0.10281029207489183,0.9757571291242989,2025-05-31,billy ray goff,ramiz brahimaj,0.801864743474235,0.801864743474235,0.198135256525765,1,0.0,1,-340.0,270.0,0.18525346576455023,3.7,1.2941176470588236,-0.11483805783072948,0.0159136481215457,0.0270838948759972,0.0221920743449993,0.0426227404698154,0.0096600984648791,0.0176126288078482,-440.0,300.0,-400.0,340.0,0.0,0.0,0,1,0,0,0,1,0.0,0,0
696,3998.534315116346,0.04474013451299465,0.6756756756756757,0.020615150130345872,0.0242769274131875,1.6756756756756757,-10999.689113045131,-1.0,0.030229820616888278,-0.08316012881815618,-0.23171448336272563,-19649.46110115438,101622.03874821577,0.0384719041040921,1,-2.7182637182637186,0.08673924294746825,0.039427745855794075,0.005938674553689518,0.15062171130477664,0.024801616935142923,0.07388910409252264,0.9757571291242989,2025-05-31,mateusz gamrot,ludovit klein,0.6090767831423032,0.6090767831423032,0.3909232168576968,1,1.0,1,-148.0,118.0,0.08889429588417466,2.18,1.6756756756756757,-0.11483805783072948,0.0258388071181867,0.0296509827604756,0.0260063028537178,0.0314178152758967,0.010464777488587,0.0125011017765047,-165.0,130.0,-154.0,140.0,75.0,0.0,4,2,3,0,1,2,75.0,3,1
697,3908.3048961435957,0.048753648691169826,0.606060606060606,0.08546716354446976,0.0242769274131875,1.606060606060606,-10999.689113045131,-1.0,0.029547665873436255,-0.08316012881815618,-0.23171448336272563,-19649.46110115438,101622.03874821577,0.0384719041040921,1,-2.7182637182637186,0.18826450847528517,0.039427745855794075,0.005938674553689518,0.15062171130477664,0.10842186951258248,0.15209296317734355,0.9757571291242989,2025-05-31,kurt holobaugh,jordan leavitt,0.6758569131503303,0.3241430868496698,0.6758569131503303,0,0.0,0,132.0,-165.0,0.19294197588312234,1.606060606060606,2.3200000000000003,-0.11483805783072948,0.0293990647793954,0.0242769274131875,0.0401997433459088,0.0268500650832099,0.0115139753511245,0.0080363667798626,190.0,-260.0,210.0,-230.0,100.0,66.66666666666666,2,3,2,2,0,1,66.66666666666666,2,1
698,0.0,0.0,0.0,-0.1675722821216436,0.0146095237354543,1.1694915254237288,-13611.834966236245,-1.0,0.0,-0.1339456985306274,-0.08626152009592394,4845.763428568269,92855.9672105478,0.0384719041040921,1,0.384437596302003,0.0,0.2213104154908287,0.08775578758719774,0.3965280503973136,0.0,0.0,0.1738368436874875,2025-06-07,julianna pena,kayla harrison,0.7117860196351163,0.2882139803648836,0.7117860196351163,0,0.0,0,440.0,-590.0,0.0,1.1694915254237288,5.4,0.2362058843201182,0.027560503448079,0.0126971455052221,0.0620954276839387,0.0256705297628697,0.0102348505570248,0.0049166645944902,370.0,-700.0,500.0,-560.0,87.5,0.0,8,0,7,0,1,0,0.0,0,0
699,2990.156021944136,0.08680164631011276,0.3389830508474576,0.19206177454729967,0.0146095237354543,1.3389830508474576,-13611.834966236245,-1.0,0.02942428688478399,-0.1339456985306274,-0.08626152009592394,4845.763428568269,92855.9672105478,0.0384719041040921,1,0.384437596302003,0.10426971237615798,0.2213104154908287,0.08775578758719774,0.3965280503973136,0.3348011043800869,0.3440886939683928,0.1738368436874875,2025-06-07,merab dvalishvili,sean omalley,0.8902739835226668,0.8902739835226668,0.1097260164773331,1,1.0,1,-295.0,225.0,0.5998136537937104,3.25,1.3389830508474576,0.2362058843201182,0.0210227498202285,0.0335050009100539,0.0384251901257095,0.0585445068439872,0.0019838881455293,0.0028238041621629,-275.0,175.0,-225.0,220.0,87.5,71.42857142857143,8,7,7,5,1,2,87.5,7,1
700,2643.241014069436,0.05202101919286371,0.5,0.02129089007735102,0.0146095237354543,1.5,-13611.834966236245,-1.0,0.026010509596431856,-0.1339456985306274,-0.08626152009592394,4845.763428568269,92855.9672105478,0.0384719041040921,1,0.384437596302003,0.020615457591003944,0.2213104154908287,0.08775578758719774,0.3965280503973136,0.02946401719134387,0.08569451191681363,0.1738368436874875,2025-06-07,vicente luque,kevin holland,0.6808605933849007,0.3191394066150993,0.6808605933849007,0,0.0,0,150.0,-200.0,0.11859084158284111,1.5,2.5,0.2362058843201182,0.0379213858088197,0.0287452808578468,0.0535245144941712,0.0387831778135211,0.0036596750589859,0.0028338314345205,150.0,-225.0,175.0,-180.0,71.42857142857143,91.66666666666666,14,12,10,11,4,1,91.66666666666666,11,1
701,1930.8917381928266,0.07315276571513285,0.2597402597402598,0.01170283827416116,0.0146095237354543,1.2597402597402598,-13611.834966236245,-1.0,0.01900071836756698,-0.1339456985306274,-0.08626152009592394,4845.763428568269,92855.9672105478,0.0384719041040921,1,0.384437596302003,0.020320835502589663,0.2213104154908287,0.08775578758719774,0.3965280503973136,0.022306806195247806,0.06132725717356786,0.1738368436874875,2025-06-07,kelvin gastelum,joe pyfer,0.803104314918664,0.196895685081336,0.803104314918664,0,0.0,0,295.0,-385.0,0.11689602199129392,1.2597402597402598,3.95,0.2362058843201182,0.0302058907296384,0.0167730992220773,0.0526454284599316,0.0269146511001477,0.0062684585779847,0.0036129643469164,285.0,-455.0,340.0,-360.0,70.58823529411765,100.0,17,1,12,1,5,0,100.0,1,0
702,2072.3493558629175,0.07137450532252348,0.2857142857142856,0.03695836254691867,0.0146095237354543,1.2857142857142856,-13611.834966236245,-1.0,0.020392715806435275,-0.1339456985306274,-0.08626152009592394,4845.763428568269,92855.9672105478,0.0384719041040921,1,0.384437596302003,0.03855201721805065,0.2213104154908287,0.08775578758719774,0.3965280503973136,0.06646634547644069,0.12331508314101658,0.1738368436874875,2025-06-07,bruno silva,joshua van,0.8065231708698257,0.1934768291301742,0.8065231708698257,0,0.0,0,240.0,-350.0,0.22177126781798306,1.2857142857142856,3.4,0.2362058843201182,0.0455058686325771,0.0263895562040242,0.0456423510790053,0.018528771915647,0.0182983268369292,0.0081903246984511,450.0,-750.0,525.0,-649.0,42.857142857142854,0.0,7,0,3,0,4,0,0.0,0,0
703,-4790.874701501047,0.04714405222051465,-1.0,0.18587454699645373,0.0146095237354543,1.704225352112676,-13611.834966236245,-1.0,-0.04714405222051465,-0.1339456985306274,-0.08626152009592394,4845.763428568269,92855.9672105478,0.0384719041040921,1,0.384437596302003,0.0516037644540016,0.2213104154908287,0.08775578758719774,0.3965280503973136,0.22127771215472472,0.2493571392185954,0.1738368436874875,2025-06-07,serghei spivac,waldo cortes acosta,0.6958437424524646,0.6958437424524646,0.3041562575475354,1,0.0,1,-142.0,120.0,0.2968517108304812,2.2,1.704225352112676,0.2362058843201182,0.0193403204872646,0.0219819935623222,0.0345905247924249,0.04304922676037,0.0088741300258541,0.0108977330920164,-180.0,130.0,-163.0,150.0,100.0,100.0,3,1,3,1,0,0,100.0,3,0
704,0.0,0.0,0.0,-0.10511187978369077,0.0146095237354543,1.2777777777777777,-13611.834966236245,-1.0,0.0,-0.1339456985306274,-0.08626152009592394,4845.763428568269,92855.9672105478,0.0384719041040921,1,0.384437596302003,0.0,0.2213104154908287,0.08775578758719774,0.3965280503973136,0.0,0.0,0.1738368436874875,2025-06-07,ariane da silva,wang cong,0.7003472245171116,0.2996527754828884,0.7003472245171116,0,0.0,0,280.0,-360.0,0.0,1.2777777777777777,3.8,0.2362058843201182,0.029104550144448,0.0166620402445679,0.062221117974335,0.0266677709145538,0.007915677462198,0.0039890844425638,350.0,-650.0,460.0,-500.0,0.0,0.0,0,0,0,0,0,0,0.0,0,0
705,0.0,0.0,0.0,-0.24287368016518324,0.0146095237354543,1.2352941176470589,-13611.834966236245,-1.0,0.0,-0.1339456985306274,-0.08626152009592394,4845.763428568269,92855.9672105478,0.0384719041040921,1,0.384437596302003,0.0,0.2213104154908287,0.08775578758719774,0.3965280503973136,0.0,0.0,0.1738368436874875,2025-06-07,azamat murzakanov,brendson ribeiro,0.6129117827234231,0.6129117827234231,0.3870882172765769,1,1.0,1,-425.0,330.0,0.0,4.3,1.2352941176470589,0.2362058843201182,0.0146095237354543,0.0274724253232388,0.0199005970902305,0.0508064736168402,0.0047226571488422,0.0102346078084227,-800.0,450.0,-620.0,550.0,0.0,0.0,2,0,0,0,2,0,0.0,0,2
706,3069.9115242378366,0.04132625528089265,0.8,0.1172809795239046,0.010205843867648,1.8,15156.897261185304,1.454545454545455,0.03306100422471412,0.16323019097757657,0.19171057856140153,2644.5739356273416,110657.43840736045,0.0384719041040921,1,0.9168009205983889,0.060622286565703044,0.13060549930123475,0.03781704741601007,0.2895517234598754,0.12993759404097419,0.18575600359418698,0.29456572893120425,2025-06-14,cody durden,jose ochoa,0.6207116552910581,0.3792883447089419,0.6207116552910581,0,0.0,0,-105.0,-125.0,0.2058022390644818,1.8,1.9523809523809523,0.16939869479628278,0.0346209416083251,0.0331297358984499,0.0451039386561572,0.0320938951956691,0.0136538780473972,0.0101556457621264,163.0,-230.0,180.0,-200.0,0.0,0.0,2,0,0,0,2,0,0.0,0,0
707,-7169.789114409974,0.07721409113269713,-1.0,0.037185753152935624,0.010205843867648,1.25,15156.897261185304,1.454545454545455,-0.07721409113269713,0.16323019097757657,0.19171057856140153,2644.5739356273416,110657.43840736045,0.0384719041040921,1,0.9168009205983889,0.0701785191387772,0.13060549930123475,0.03781704741601007,0.2895517234598754,0.07143112918671696,0.12402551771124155,0.29456572893120425,2025-06-14,alonzo menifield,oumar sy,0.8297486025223485,0.1702513974776515,0.8297486025223485,0,1.0,0,275.0,-400.0,0.2382440054836365,1.25,3.75,0.16939869479628278,0.0431680677672335,0.0234985988994331,0.0508064736168402,0.0199005970902305,0.0140193492767972,0.006315456104737,450.0,-800.0,550.0,-649.0,33.33333333333333,0.0,6,0,2,0,4,0,0.0,0,0
708,1937.3429833097243,0.08241263339297968,0.2531645569620251,0.06871964085907492,0.010205843867648,1.2531645569620251,15156.897261185304,1.454545454545455,0.020863957821007497,0.16323019097757657,0.19171057856140153,2644.5739356273416,110657.43840736045,0.0384719041040921,1,0.9168009205983889,0.09465420248197315,0.13060549930123475,0.03781704741601007,0.2895517234598754,0.13379702820963585,0.16504109512117138,0.29456572893120425,2025-06-14,jamey lyn horth,vanessa demopoulos,0.852816683109767,0.852816683109767,0.147183316890233,1,1.0,1,-395.0,310.0,0.32133474191113254,4.1,1.2531645569620251,0.16939869479628278,0.0148515401766855,0.0270306968275025,0.0187807734661513,0.0447420262599213,0.01138081024879,0.0251688973535489,-699.0,430.0,-620.0,470.0,0.0,25.0,0,4,0,1,0,3,0.0,0,0
709,0.0,0.0,0.0,-0.11377398409086026,0.010205843867648,1.6756756756756757,15156.897261185304,1.454545454545455,0.0,0.16323019097757657,0.19171057856140153,2644.5739356273416,110657.43840736045,0.0384719041040921,1,0.9168009205983889,0.0,0.13060549930123475,0.03781704741601007,0.2895517234598754,0.0,0.0,0.29456572893120425,2025-06-14,phil rowe,ange loosa,0.528876815945777,0.471123184054223,0.528876815945777,0,1.0,0,124.0,-148.0,0.0,1.6756756756756757,2.24,0.16939869479628278,0.0231793921004005,0.0200233728765578,0.0487942920054106,0.0389250062402033,0.0074365977835063,0.0060360527359392,128.0,-185.0,154.0,-163.0,100.0,0.0,1,1,1,0,0,1,0.0,0,1
710,0.0,0.0,0.0,-0.08525982123112408,0.010205843867648,1.2,15156.897261185304,1.454545454545455,0.0,0.16323019097757657,0.19171057856140153,2644.5739356273416,110657.43840736045,0.0384719041040921,1,0.9168009205983889,0.0,0.13060549930123475,0.03781704741601007,0.2895517234598754,0.0,0.0,0.29456572893120425,2025-06-14,ricky simon,cameron smotherman,0.7622834823073966,0.7622834823073966,0.2377165176926033,1,1.0,1,-500.0,350.0,0.0,4.5,1.2,0.16939869479628278,0.0183207744122606,0.0372347811432948,0.0253574811559106,0.051878291201813,0.0047614445397781,0.0085482271549867,-500.0,310.0,-390.0,360.0,37.5,0.0,8,0,3,0,5,0,37.5,3,5
711,0.0,0.054914461810555995,0.0,-0.007377955324169905,0.010205843867648,1.4444444444444444,15156.897261185304,1.454545454545455,0.0,0.16323019097757657,0.19171057856140153,2644.5739356273416,110657.43840736045,0.0384719041040921,1,0.9168009205983889,0.016175918472091204,0.13060549930123475,0.03781704741601007,0.2895517234598754,-0.010842999047569177,0.037365718110982035,0.29456572893120425,2025-06-14,kamaru usman,joaquin buckley,0.687199877083267,0.312800122916733,0.687199877083267,0,1.0,0,175.0,-225.0,0.054914461810555995,1.4444444444444444,2.75,0.16939869479628278,0.0326609013348426,0.0232831546092132,0.0470848745538345,0.0331955415474772,0.0087722830975124,0.0065344400862858,164.0,-235.0,185.0,-198.0,87.5,62.5,16,8,14,5,2,3,62.5,5,3
712,2393.809986097309,0.0708945010161912,0.36363636363636376,0.13223014155069668,0.010205843867648,1.3636363636363638,15156.897261185304,1.454545454545455,0.025779818551342263,0.16323019097757657,0.19171057856140153,2644.5739356273416,110657.43840736045,0.0384719041040921,1,0.9168009205983889,0.1239219676227774,0.13060549930123475,0.03781704741601007,0.2895517234598754,0.2153174174411699,0.2583553048781476,0.29456572893120425,2025-06-14,michael chiesa,court mcgee,0.8303021038038442,0.8303021038038442,0.1696978961961558,1,1.0,1,-275.0,200.0,0.4206937720569637,3.0,1.3636363636363638,0.16939869479628278,0.0262663073127574,0.040400359353909,0.0232991311295601,0.0401929323625033,0.0131127952225691,0.0218633574006421,-350.0,250.0,-325.0,270.0,53.333333333333336,33.33333333333333,15,3,8,1,7,2,53.333333333333336,8,7
713,2413.298556392446,0.05197939623891639,0.5,0.01967541943386425,0.010205843867648,1.5,15156.897261185304,1.454545454545455,0.025989698119458195,0.16323019097757657,0.19171057856140153,2644.5739356273416,110657.43840736045,0.0384719041040921,1,0.9168009205983889,0.03405663016528002,0.13060549930123475,0.03781704741601007,0.2895517234598754,0.02722886129229543,0.08354375187918373,0.29456572893120425,2025-06-14,edmen shahbazyan,andre petroski,0.6797836129559095,0.6797836129559095,0.3202163870440905,1,1.0,1,-200.0,150.0,0.11561640347249608,2.5,1.5,0.16939869479628278,0.0287452808578468,0.0379213858088197,0.0381749230308436,0.0466192066063353,0.0109410459718248,0.0131770361582841,-175.0,123.0,-157.0,142.0,75.0,50.0,8,2,6,1,2,1,75.0,6,2
714,0.0,0.0,0.0,-0.24431800825104866,0.010205843867648,1.5,15156.897261185304,1.454545454545455,0.0,0.16323019097757657,0.19171057856140153,2644.5739356273416,110657.43840736045,0.0384719041040921,1,0.9168009205983889,0.0,0.13060549930123475,0.03781704741601007,0.2895517234598754,0.0,0.0,0.29456572893120425,2025-06-14,rose namajunas,miranda maverick,0.5037879944993009,0.5037879944993009,0.4962120055006991,1,1.0,1,-200.0,150.0,0.0,2.5,1.5,0.16939869479628278,0.0287452808578468,0.0379213858088197,0.0262794313579834,0.0392185459103655,0.0132522178647124,0.0194733548328098,-258.0,190.0,-245.0,210.0,44.44444444444444,100.0,9,5,4,5,5,0,44.44444444444444,4,5
715,0.0,0.0,0.0,-0.10523018953177288,0.010205843867648,1.5714285714285714,15156.897261185304,1.454545454545455,0.0,0.16323019097757657,0.19171057856140153,2644.5739356273416,110657.43840736045,0.0384719041040921,1,0.9168009205983889,0.0,0.13060549930123475,0.03781704741601007,0.2895517234598754,0.0,0.0,0.29456572893120425,2025-06-14,cody garbrandt,raoni barcelos,0.5693989702979627,0.4306010297020372,0.5693989702979627,0,0.0,0,130.0,-175.0,0.0,1.5714285714285714,2.3,0.16939869479628278,0.0392764126889053,0.0318698323703832,0.0417593540829637,0.027023714700105,0.0131363950923042,0.0088416268857176,200.0,-278.0,225.0,-250.0,63.63636363636363,60.0,11,5,7,3,4,2,60.0,3,2
716,0.0,0.0,0.0,-0.09294633623182717,0.010205843867648,1.074074074074074,15156.897261185304,1.454545454545455,0.0,0.16323019097757657,0.19171057856140153,2644.5739356273416,110657.43840736045,0.0384719041040921,1,0.9168009205983889,0.0,0.13060549930123475,0.03781704741601007,0.2895517234598754,0.0,0.0,0.29456572893120425,2025-06-14,malcolm wellmaker,kris moutinho,0.8444982386807127,0.8444982386807127,0.1555017613192872,1,1.0,1,-1350.0,800.0,0.0,9.0,1.074074074074074,0.16939869479628278,0.010205843867648,0.0319397500020839,0.0117480058120583,0.0458961044636308,0.0077629731397265,0.0260032606265073,-2000.0,850.0,-1650.0,1000.0,0.0,100.0,0,1,0,1,0,0,0.0,0,0
717,-4966.356139670873,0.04488045459165927,-1.0,0.06069392148298536,0.0215932116349099,1.6666666666666663,-7878.66557740794,-1.0,-0.04488045459165927,-0.07119869835052937,-0.15206441552614797,-8948.393117628044,93830.37971232446,0.0384719041040921,1,-2.5454545454545454,0.07401710347143332,0.08598387571323123,0.02429366605663167,0.28253746246162004,0.07312173143992072,0.13731062794899287,0.4474316118571058,2025-06-21,hamdy abdelwahab,mohammed usman,0.6364163528897914,0.6364163528897914,0.3635836471102086,1,0.0,1,-150.0,110.0,0.16542662947800799,2.1,1.6666666666666663,-0.05036997786682612,0.0356521067558167,0.0405383694346594,0.03633966705048,0.0451139670347328,0.0088741300258541,0.0108977330920164,-180.0,128.0,-163.0,150.0,0.0,0.0,0,0,0,0,0,0,0.0,0,0
718,2812.150328541355,0.055908855399452895,0.4545454545454546,0.033639579859984614,0.0215932116349099,1.4545454545454546,-7878.66557740794,-1.0,0.02541311609066041,-0.07119869835052937,-0.15206441552614797,-8948.393117628044,93830.37971232446,0.0384719041040921,1,-2.5454545454545454,0.05644568766040198,0.08598387571323123,0.02429366605663167,0.28253746246162004,0.0490971147695122,0.08643680302711934,0.4474316118571058,2025-06-21,muhammad naimov,bogdan grad,0.7106272111537394,0.7106272111537394,0.2893727888462606,1,1.0,1,-220.0,180.0,0.1261548942108024,2.8,1.4545454545454546,-0.05036997786682612,0.0186488351072455,0.0259940220356115,0.0248568245253791,0.0384617633833727,0.0148558191630255,0.0220105402839789,-278.0,205.0,-250.0,210.0,0.0,0.0,0,0,0,0,0,0,0.0,0,0
719,0.0,0.0,0.0,-0.22593209239794343,0.0215932116349099,1.5319148936170213,-7878.66557740794,-1.0,0.0,-0.07119869835052937,-0.15206441552614797,-8948.393117628044,93830.37971232446,0.0384719041040921,1,-2.5454545454545454,0.0,0.08598387571323123,0.02429366605663167,0.28253746246162004,0.0,0.0,0.4474316118571058,2025-06-21,irina alekseeva,klaudia sygula,0.5052943285735647,0.5052943285735647,0.4947056714264353,1,0.0,1,-188.0,140.0,0.0,2.4,1.5319148936170213,-0.05036997786682612,0.0304849567433922,0.0389594877010522,0.027023714700105,0.0417593540829637,0.0072111180858498,0.0106261171426896,-278.0,200.0,-245.0,225.0,0.0,0.0,0,0,0,0,0,0,0.0,0,0
720,-2912.309437737067,0.026318243758870107,-1.0,0.3326435961129439,0.0215932116349099,2.63,-7878.66557740794,-1.0,-0.026318243758870104,-0.07119869835052937,-0.15206441552614797,-8948.393117628044,93830.37971232446,0.0384719041040921,1,-2.5454545454545454,0.11402580584123095,0.08598387571323123,0.02429366605663167,0.28253746246162004,0.26428838301831176,0.32075806052467304,0.4474316118571058,2025-06-21,ismail naurdiev,junyong park,0.5067085916779255,0.5067085916779255,0.4932914083220745,1,0.0,1,163.0,-225.0,0.25484521616154127,1.4444444444444444,2.63,-0.05036997786682612,0.042226716265892,0.0303091129239294,0.0422999956327704,0.0330404853872238,0.0117264411987806,0.0092525797802403,138.0,-190.0,160.0,-175.0,0.0,57.14285714285714,2,7,0,4,2,3,0.0,0,2
721,0.0,0.0,0.0,-0.052526900022203116,0.0215932116349099,1.3571428571428572,-7878.66557740794,-1.0,0.0,-0.07119869835052937,-0.15206441552614797,-8948.393117628044,93830.37971232446,0.0384719041040921,1,-2.5454545454545454,0.0,0.08598387571323123,0.02429366605663167,0.28253746246162004,0.0,0.0,0.4474316118571058,2025-06-21,tagir ulanbekov,azat maksum,0.6981380736678503,0.6981380736678503,0.3018619263321497,1,1.0,1,-280.0,230.0,0.0,3.3,1.3571428571428572,-0.05036997786682612,0.0155809523110568,0.0242914559824041,0.0285931975881342,0.0614630875901021,-0.0007234568631249,-0.0012967451570771,-550.0,310.0,-395.0,400.0,100.0,0.0,1,0,1,0,0,0,100.0,1,0
722,0.0,0.0,0.0,-0.2692843680042828,0.0215932116349099,1.4,-7878.66557740794,-1.0,0.0,-0.07119869835052937,-0.15206441552614797,-8948.393117628044,93830.37971232446,0.0384719041040921,1,-2.5454545454545454,0.0,0.08598387571323123,0.02429366605663167,0.28253746246162004,0.0,0.0,0.4474316118571058,2025-06-21,daria zhelezniakova,melissa mullins,0.521939737139798,0.4780602628602019,0.521939737139798,0,1.0,0,175.0,-250.0,0.0,1.4,2.75,-0.05036997786682612,0.0462926168982899,0.0316294610237879,0.0486769919993199,0.031600329657312,0.0131363950923042,0.0088416268857176,190.0,-278.0,225.0,-250.0,0.0,0.0,0,0,0,0,0,0,0.0,0,0
723,-3881.87786876146,0.035080134915749635,-1.0,0.059211247784371035,0.0215932116349099,2.1,-7878.66557740794,-1.0,-0.035080134915749635,-0.07119869835052937,-0.15206441552614797,-8948.393117628044,93830.37971232446,0.0384719041040921,1,-2.5454545454545454,0.04084539868093276,0.08598387571323123,0.02429366605663167,0.28253746246162004,0.0564788938339299,0.09570497318213733,0.4474316118571058,2025-06-21,rafael fiziev,ignacio bahamondes,0.5043863084687481,0.4956136915312518,0.5043863084687481,0,1.0,0,-130.0,110.0,0.09128858488876143,2.1,1.7692307692307692,-0.05036997786682612,0.0198146558599141,0.0215932116349099,0.0465107204637399,0.0412941575850406,0.001040291565848,0.0009438354182791,105.0,-150.0,124.0,-125.0,33.33333333333333,100.0,6,2,2,2,4,0,100.0,2,0
724,0.0,0.0,0.0,-0.1090826056552815,0.0286193340955273,1.5050505050505052,14337.28570024773,1.3533641499743196,0.0,0.15280003922188704,0.2618581353797711,10232.962573197452,118400.62798576965,0.038471904104092104,1,2.049479965541763,0.0,0.08342445689417899,0.01945401806053411,0.23319322396321804,0.0,0.0,0.46115858030568146,2025-06-28,jack hermansson,gregory rodrigues,0.5919518257726653,0.4080481742273348,0.5919518257726653,0,0.0,0,164.0,-198.0,0.0,1.5050505050505052,2.64,0.22380072630531964,0.0246517396386398,0.0185656693505812,0.0504484899489768,0.0356594319798406,-0.0019896580609198,-0.00149304451628,160.0,-235.0,195.0,-192.0,71.42857142857143,0.0,14,3,10,0,4,3,0.0,0,3
725,0.0,0.0,0.0,-0.07974491712536692,0.0286193340955273,1.05998800239952,14337.28570024773,1.3533641499743196,0.0,0.15280003922188704,0.2618581353797711,10232.962573197452,118400.62798576965,0.038471904104092104,1,2.049479965541763,0.0,0.08342445689417899,0.01945401806053411,0.23319322396321804,0.0,0.0,0.46115858030568146,2025-06-28,niko price,jacobe smith,0.8681749989541672,0.1318250010458327,0.8681749989541672,0,0.0,0,950.0,-1667.0,0.0,1.05998800239952,10.5,0.22380072630531964,0.0298842127241991,0.0087607868715643,0.0517511611515738,0.0100288881029875,0.02647661171449,0.0069682043390215,1000.0,-3333.0,1200.0,-2200.0,75.0,0.0,12,0,9,0,3,0,0.0,0,0
726,2529.3874131219745,0.055261890794831514,0.4878048780487805,0.08293730851975539,0.0286193340955273,1.4878048780487805,14337.28570024773,1.3533641499743196,0.026957019899917806,0.15280003922188704,0.2618581353797711,10232.962573197452,118400.62798576965,0.038471904104092104,1,2.049479965541763,0.10475112086882873,0.08342445689417899,0.01945401806053411,0.23319322396321804,0.11669097500320119,0.16144368213113042,0.46115858030568146,2025-06-28,terrance mckinney,viacheslav borshchev,0.7278758958903274,0.7278758958903274,0.2721241041096726,1,1.0,1,-205.0,160.0,0.22714772172165568,2.6,1.4878048780487805,0.22380072630531964,0.0242347923874137,0.0325117397689544,0.0345905247924249,0.04304922676037,0.0088741300258541,0.0108977330920164,-180.0,130.0,-163.0,150.0,66.66666666666666,100.0,3,2,2,2,1,0,66.66666666666666,2,1
727,3048.5060911798605,0.04288619584291064,0.7575757575757576,0.09900962766122023,0.0286193340955273,1.7575757575757576,14337.28570024773,1.3533641499743196,0.03248954230523533,0.15280003922188704,0.2618581353797711,10232.962573197452,118400.62798576965,0.038471904104092104,1,2.049479965541763,0.08409859655200275,0.08342445689417899,0.01945401806053411,0.23319322396321804,0.11278084979902224,0.16009601408532487,0.46115858030568146,2025-06-28,hyder amil,jose delgado,0.6252985812555218,0.3747014187444782,0.6252985812555218,0,0.0,0,105.0,-132.0,0.1823637250688419,1.7575757575757576,2.05,0.22380072630531964,0.0295309116986126,0.0272394835915472,0.0415743006321754,0.0382576321409336,0.0096541981546985,0.0088643203638199,100.0,-138.0,116.0,-125.0,0.0,0.0,0,0,0,0,0,0,0.0,0,0
728,0.0,0.04569246181553351,0.0,-0.002835467500533484,0.0286193340955273,1.5405405405405406,14337.28570024773,1.3533641499743196,0.0,0.15280003922188704,0.2618581353797711,10232.962573197452,118400.62798576965,0.038471904104092104,1,2.049479965541763,0.021071470821522994,0.08342445689417899,0.01945401806053411,0.23319322396321804,-0.003809999646265859,0.034005118773250374,0.46115858030568146,2025-06-28,viviane araujo,tracy cortez,0.6472822403943905,0.3527177596056095,0.6472822403943905,0,0.0,0,154.0,-185.0,0.04569246181553351,1.5405405405405406,2.54,0.22380072630531964,0.0240948213032229,0.0187287731158957,0.0447437640681861,0.0321793128548906,0.0163683147761138,0.0119282330450517,160.0,-225.0,185.0,-210.0,57.14285714285714,100.0,7,2,4,2,3,0,100.0,2,0
729,0.0,0.0,0.0,-0.04040213984799801,0.0286193340955273,1.8,14337.28570024773,1.3533641499743196,0.0,0.15280003922188704,0.2618581353797711,10232.962573197452,118400.62798576965,0.038471904104092104,1,2.049479965541763,0.0,0.08342445689417899,0.01945401806053411,0.23319322396321804,0.0,0.0,0.46115858030568146,2025-06-28,brandon royval,joshua van,0.5331099223066678,0.4668900776933323,0.5331099223066678,0,0.0,0,105.0,-125.0,0.0,1.8,2.05,0.22380072630531964,0.0223911054816955,0.0209693281226405,0.1511321360020587,0.1187091338392111,-0.0806500382022228,-0.0744022266061394,-125.0,-250.0,180.0,105.0,50.0,0.0,6,0,3,0,3,0,0.0,0,0
730,2428.0235767217478,0.055634973512380316,0.4651162790697674,0.0586954428621852,0.0286193340955273,1.4651162790697674,14337.28570024773,1.3533641499743196,0.0258767318662234,0.15280003922188704,0.2618581353797711,10232.962573197452,118400.62798576965,0.038471904104092104,1,2.049479965541763,0.08857076271359805,0.08342445689417899,0.01945401806053411,0.23319322396321804,0.0842586937977848,0.13379187881675136,0.46115858030568146,2025-06-28,alexandre pantoja,kai kara france,0.7226016514773645,0.7226016514773645,0.2773983485226354,1,1.0,1,-215.0,164.0,0.1920614003427811,2.64,1.4651162790697674,0.22380072630531964,0.0258805609682243,0.035447000359337,0.0285181268606408,0.0437982573201501,0.0072111180858498,0.0106261171426896,-275.0,195.0,-245.0,225.0,55.55555555555556,75.0,9,8,5,6,4,2,55.55555555555556,5,4
731,2227.04549217387,0.07001766615519715,0.3389830508474576,0.09050538943904923,0.0286193340955273,1.3389830508474576,14337.28570024773,1.3533641499743196,0.023734802086507505,0.15280003922188704,0.2618581353797711,10232.962573197452,118400.62798576965,0.038471904104092104,1,2.049479965541763,0.1511505803928623,0.08342445689417899,0.01945401806053411,0.23319322396321804,0.15185027427196457,0.19535223594335357,0.46115858030568146,2025-06-28,ilia topuria,charles oliveira,0.8144280756570115,0.8144280756570115,0.1855719243429885,1,1.0,1,-295.0,220.0,0.3277626977962143,3.2,1.3389830508474576,0.22380072630531964,0.0228866584861963,0.0364487845517783,0.021698457612498,0.0409899088733367,0.011520645283363,0.0210374942515207,-425.0,295.0,-400.0,330.0,100.0,80.0,3,25,3,20,0,5,100.0,3,0
732,0.0,0.0,0.0,-0.08772498069890283,0.0286193340955273,1.617283950617284,14337.28570024773,1.3533641499743196,0.0,0.15280003922188704,0.2618581353797711,10232.962573197452,118400.62798576965,0.038471904104092104,1,2.049479965541763,0.0,0.08342445689417899,0.01945401806053411,0.23319322396321804,0.0,0.0,0.46115858030568146,2025-06-28,payton talbott,felipe lima,0.56407844704877,0.43592155295123,0.56407844704877,0,1.0,0,125.0,-162.0,0.0,1.617283950617284,2.25,0.22380072630531964,0.03414572103594,0.0286193340955273,0.044482386329139,0.0363256944789416,0.0035363819198038,0.0029676831208466,125.0,-175.0,146.0,-150.0,0.0,0.0,0,0,0,0,0,0,0.0,0,0
733,0.0,0.0,0.0,-0.14743977451545537,0.0234985988994331,1.3636363636363638,-13942.276550538272,-1.0,0.0,-0.1177550895440687,-0.07784893724386502,4724.913492839883,109183.26492807126,0.0384719041040921,1,0.9371635610766038,0.0,0.2216730015784701,0.09673589442903134,0.4363900598638656,0.0,0.0,0.17355250224494936,2025-07-12,max griffin,chris curtis,0.6252108320219993,0.3747891679780006,0.6252108320219993,0,0.0,0,200.0,-275.0,0.0,1.3636363636363638,3.0,0.2662208682203914,0.040400359353909,0.0262663073127574,0.0452247318867654,0.0268586889264477,0.0239948278272387,0.0148058776401334,230.0,-333.0,250.0,-305.0,72.72727272727273,40.0,11,5,8,2,3,3,40.0,2,3
734,2561.377890325894,0.07571600563823105,0.2857142857142856,0.07275013723148635,0.0234985988994331,1.2857142857142856,-13942.276550538272,-1.0,0.021633144468066006,-0.1177550895440687,-0.07784893724386502,4724.913492839883,109183.26492807126,0.0384719041040921,1,0.9371635610766038,0.05792232054767556,0.2216730015784701,0.09673589442903134,0.4363900598638656,0.13136890090407363,0.18482313118289423,0.17355250224494936,2025-07-12,lauren murphy,eduarda moura,0.8343612178467117,0.1656387821532883,0.8343612178467117,0,0.0,0,240.0,-350.0,0.33374523443012577,1.2857142857142856,3.4,0.2662208682203914,0.0455058686325771,0.0263895562040242,0.0437100839038092,0.018727478533753,0.0244802089248735,0.011234076789412,420.0,-670.0,460.0,-600.0,62.5,0.0,8,0,5,0,3,0,0.0,0,0
735,2953.393282334512,0.05737135575147282,0.4347826086956521,0.034278050137476423,0.0234985988994331,1.434782608695652,-13942.276550538272,-1.0,0.024944067718031655,-0.1177550895440687,-0.07784893724386502,4724.913492839883,109183.26492807126,0.0384719041040921,1,0.9371635610766038,0.02228918478306163,0.2216730015784701,0.09673589442903134,0.4363900598638656,0.051169282254630244,0.08603399491815888,0.17355250224494936,2025-07-12,nate landwehr,morgan charriere,0.720860459186726,0.279139540813274,0.720860459186726,0,0.0,0,190.0,-230.0,0.12842906034050153,1.434782608695652,2.9,0.2662208682203914,0.0245558468550464,0.017241436321547,0.0473066042538332,0.0308543152863964,0.016879670166691,0.0115833279357756,190.0,-275.0,210.0,-240.0,40.0,0.0,5,0,2,0,3,0,0.0,0,0
736,0.0,0.0,0.0,-0.03532271087930741,0.0234985988994331,1.125,-13942.276550538272,-1.0,0.0,-0.1177550895440687,-0.07784893724386502,4724.913492839883,109183.26492807126,0.0384719041040921,1,0.9371635610766038,0.0,0.2216730015784701,0.09673589442903134,0.4363900598638656,0.0,0.0,0.17355250224494936,2025-07-12,fatima kline,melissa martinez,0.8574909236628379,0.8574909236628379,0.1425090763371621,1,1.0,1,-800.0,450.0,0.0,5.5,1.125,0.2662208682203914,0.0199005970902305,0.0508064736168402,0.016175158964133,0.0500536314025883,0.0089897184225991,0.025324007067597,-1205.0,600.0,-1100.0,750.0,0.0,0.0,0,0,0,0,0,0,0.0,0,0
737,0.0,0.0,0.0,-0.16131777548395126,0.0234985988994331,1.1111111111111112,-13942.276550538272,-1.0,0.0,-0.1177550895440687,-0.07784893724386502,4724.913492839883,109183.26492807126,0.0384719041040921,1,0.9371635610766038,0.0,0.2216730015784701,0.09673589442903134,0.4363900598638656,0.0,0.0,0.17355250224494936,2025-07-12,mitch ramirez,mike davis,0.7548140020644438,0.2451859979355562,0.7548140020644438,0,0.0,0,600.0,-900.0,0.0,1.1111111111111112,7.0,0.2662208682203914,0.031010663013397,0.0118464798437456,0.0520598246415479,0.0183214070300062,0.024029602697809,0.0093037306355241,520.0,-1000.0,650.0,-900.0,0.0,100.0,0,2,0,2,0,0,100.0,2,0
738,0.0,0.0,0.0,-0.1496795753991379,0.0234985988994331,1.4545454545454546,-13942.276550538272,-1.0,0.0,-0.1177550895440687,-0.07784893724386502,4724.913492839883,109183.26492807126,0.0384719041040921,1,0.9371635610766038,0.0,0.2216730015784701,0.09673589442903134,0.4363900598638656,0.0,0.0,0.17355250224494936,2025-07-12,kennedy nzechukwu,valter walker,0.5845952919130927,0.5845952919130927,0.4154047080869073,1,0.0,1,-220.0,180.0,0.0,2.8,1.4545454545454546,0.2662208682203914,0.0186488351072455,0.0259940220356115,0.0300964866612525,0.043684804511343,0.0106100521200964,0.0150309735209291,-245.0,175.0,-225.0,200.0,100.0,0.0,5,0,5,0,0,0,100.0,5,0
739,2672.928936295577,0.0903011743017725,0.25,0.10227410198711961,0.0234985988994331,1.25,-13942.276550538272,-1.0,0.022575293575443123,-0.1177550895440687,-0.07784893724386502,4724.913492839883,109183.26492807126,0.0384719041040921,1,0.9371635610766038,0.07837910930338195,0.2216730015784701,0.09673589442903134,0.4363900598638656,0.20215781970855337,0.22847809765192484,0.17355250224494936,2025-07-12,stephen thompson,gabriel bonfim,0.8818192815896957,0.1181807184103043,0.8818192815896957,0,0.0,0,310.0,-400.0,0.45161612935294276,1.25,4.1,0.2662208682203914,0.0283951552837894,0.0155072837406008,0.0471061398406671,0.0242402353031762,0.0199931618252625,0.0109537203918276,295.0,-450.0,333.0,-400.0,37.5,0.0,16,0,6,0,10,0,0.0,0,0
740,3719.8995817307373,0.04712685622973842,0.6666666666666663,0.1683859295323341,0.0234985988994331,1.6666666666666663,-13942.276550538272,-1.0,0.031417904153158926,-0.1177550895440687,-0.07784893724386502,4724.913492839883,109183.26492807126,0.0384719041040921,1,0.9371635610766038,0.054451227522650636,0.2216730015784701,0.09673589442903134,0.4363900598638656,0.2037282877617011,0.25931716118393483,0.17355250224494936,2025-07-12,calvin kattar,steve garcia,0.7010315577194006,0.2989684422805993,0.7010315577194006,0,0.0,0,110.0,-150.0,0.31374498678099727,1.6666666666666663,2.1,0.2662208682203914,0.0405383694346594,0.0356521067558167,0.0382112465106747,0.0334868666968724,0.0153265296136339,0.0136870100382037,112.0,-150.0,120.0,-135.0,77.77777777777779,33.33333333333333,9,3,7,1,2,2,33.33333333333333,1,2
741,-5469.634227508423,0.0461959900091561,-1.0,0.007400198531866187,0.0234985988994331,1.6134969325153374,-13942.276550538272,-1.0,-0.0461959900091561,-0.1177550895440687,-0.07784893724386502,4724.913492839883,109183.26492807126,0.0384719041040921,1,0.9371635610766038,0.016159129972407416,0.2216730015784701,0.09673589442903134,0.4363900598638656,0.009281895844384045,0.07423244665497357,0.17355250224494936,2025-07-12,junior tafa,tuco tokkos,0.6243582979494076,0.6243582979494076,0.3756417020505924,1,0.0,1,-163.0,120.0,0.09310802070488541,2.2,1.6134969325153374,0.2662208682203914,0.0339796305551364,0.0403376871081888,0.0345905247924249,0.04304922676037,0.0088741300258541,0.0108977330920164,-180.0,130.0,-163.0,150.0,0.0,0.0,0,0,0,0,0,0,0.0,0,0
742,-8362.427177942162,0.07062823331433028,-1.0,0.17924495036966054,0.0234985988994331,1.4,-13942.276550538272,-1.0,-0.07062823331433027,-0.1177550895440687,-0.07784893724386502,4724.913492839883,109183.26492807126,0.0384719041040921,1,0.9371635610766038,0.08731750664168574,0.2216730015784701,0.09673589442903134,0.4363900598638656,0.28031293345288205,0.3217171699628577,0.17355250224494936,2025-07-12,derrick lewis,tallison teixeira,0.8423178216926147,0.1576821783073853,0.8423178216926147,0,1.0,0,175.0,-250.0,0.5031186846182554,1.4,2.75,0.2662208682203914,0.0462926168982899,0.0316294610237879,0.0501960845108052,0.0327875984728777,0.0194733548328098,0.0132522178647124,186.0,-275.0,210.0,-245.0,65.21739130434783,0.0,23,0,15,0,8,0,0.0,0,0
743,4355.502942013669,0.035034426004155746,1.0499999999999998,0.10888765147991841,0.0234985988994331,2.05,-13942.276550538272,-1.0,0.036786147304363526,-0.1177550895440687,-0.07784893724386502,4724.913492839883,109183.26492807126,0.0384719041040921,1,0.9371635610766038,0.028054023285305252,0.2216730015784701,0.09673589442903134,0.4363900598638656,0.10604156812543652,0.1659842051321658,0.17355250224494936,2025-07-12,jake matthews,chidi njokuani,0.5409208055999603,0.5409208055999603,0.4590791944000397,1,1.0,1,105.0,-138.0,0.16164574363618353,1.7246376811594204,2.05,0.2662208682203914,0.0354005882336351,0.0322362225882545,0.0349203653219798,0.0338599534583387,0.0226154983832237,0.0220721441156362,-108.0,-122.0,-104.0,-115.0,60.0,50.0,15,2,9,1,6,1,60.0,9,6
744,2293.8722655900774,0.07749527361850728,0.25,0.03911783890946463,0.0234985988994331,1.25,-13942.276550538272,-1.0,0.01937381840462682,-0.1177550895440687,-0.07784893724386502,4724.913492839883,109183.26492807126,0.0384719041040921,1,0.9371635610766038,0.04254809535807383,0.2216730015784701,0.09673589442903134,0.4363900598638656,0.07515639464726784,0.12760219934758626,0.17355250224494936,2025-07-12,vitor petrino,austen lane,0.8312942711275717,0.8312942711275717,0.1687057288724283,1,1.0,1,-400.0,275.0,0.24515979203815855,3.75,1.25,0.2662208682203914,0.0234985988994331,0.0431680677672335,0.018727478533753,0.0437100839038092,0.013773168478388,0.0312869116284208,-670.0,420.0,-649.0,460.0,0.0,0.0,0,0,0,0,0,0,0.0,0,0
745,-3835.0227703272435,0.03512463904476308,-1.0,0.10452373222039613,0.0262663073127574,2.1,-3835.0227703272435,-1.0,-0.03512463904476308,-0.03512463904476308,-0.07024927808952616,-3835.0227703272435,101513.21938741677,0.017949127900453395,1,-1.0,0.13085086087071357,0.017949127900453395,0.0017896498859569924,0.09970678775495193,0.09970678775495191,0.13717240972673406,1.0,2025-07-19,max holloway,dustin poirier,0.5259636820097124,0.4740363179902876,0.5259636820097124,0,1.0,0,-130.0,110.0,0.13085086087071357,2.1,1.7692307692307692,-0.03512463904476308,0.0198146558599141,0.0215932116349099,0.0361951414397327,0.0371639319193405,0.0142526745370105,0.0145073443220182,-122.0,-110.0,-110.0,-102.0,86.95652173913044,81.81818181818183,23,22,20,18,3,4,81.81818181818183,18,4
746,0.0,0.0,0.0,-0.09424303631293351,0.0262663073127574,1.3636363636363638,-3835.0227703272435,-1.0,0.0,-0.03512463904476308,-0.07024927808952616,-3835.0227703272435,101513.21938741677,0.017949127900453395,1,-1.0,0.0,0.017949127900453395,0.0017896498859569924,0.09970678775495193,0.0,0.0,1.0,2025-07-19,marvin vettori,brendan allen,0.6642217733705154,0.3357782266294846,0.6642217733705154,0,0.0,0,200.0,-275.0,0.0,1.3636363636363638,3.0,-0.03512463904476308,0.040400359353909,0.0262663073127574,0.040400359353909,0.0262663073127574,0.0357494745355933,0.0236112560580139,200.0,-275.0,200.0,-265.0,100.0,50.0,12,8,12,4,0,4,50.0,4,4
747,0.0,0.0,0.0,-0.15047325127837569,0.0210665492473015,1.238095238095238,-12248.266190602808,-1.0,0.0,-0.12065685892453393,-0.3860570181861149,-26941.624592576216,62323.328604237744,0.038471904104092104,1,-4.300699300699301,0.0,0.05188513824982827,0.008538125362912562,0.16455820782053754,0.0,0.0,0.7414821546557108,2025-07-26,mohammad yahya,steven nguyen,0.686156220121312,0.3138437798786879,0.686156220121312,0,0.0,0,295.0,-420.0,0.0,1.238095238095238,3.95,-0.25183728627765084,0.0397123677409444,0.0211444969133886,0.0555138125575491,0.0302004731567365,0.0074169490611285,0.0044878128436333,250.0,-400.0,300.0,-320.0,0.0,0.0,0,0,0,0,0,0,0.0,0,0
748,-5148.220660748457,0.05071478071344285,-1.0,0.029655251724075626,0.0210665492473015,1.5376344086021505,-12248.266190602808,-1.0,-0.05071478071344285,-0.12065685892453393,-0.3860570181861149,-26941.624592576216,62323.328604237744,0.038471904104092104,1,-4.300699300699301,0.08496837047210389,0.05188513824982827,0.008538125362912562,0.16455820782053754,0.03980911318655739,0.08536418491508345,0.7414821546557108,2025-07-26,amanda ribas,tabatha ricci,0.6696359329394338,0.6696359329394338,0.3303640670605662,1,0.0,1,-186.0,148.0,0.11459260339388327,2.48,1.5376344086021505,-0.25183728627765084,0.0234706207943237,0.0301048360069394,0.0338481259622635,0.0438354898569455,0.012604303483754,0.0159161956249804,-195.0,140.0,-175.0,155.0,66.66666666666666,100.0,6,2,4,2,2,0,66.66666666666666,4,2
749,3201.8858156775937,0.04510443806283736,0.6993006993006992,0.1145131286597329,0.0210665492473015,1.6993006993006992,-12248.266190602808,-1.0,0.031541565078907235,-0.12065685892453393,-0.3860570181861149,-26941.624592576216,62323.328604237744,0.038471904104092104,1,-4.300699300699301,0.1613512140467963,0.05188513824982827,0.008538125362912562,0.16455820782053754,0.13551657699329858,0.18387995605493263,0.7414821546557108,2025-07-26,bryce mitchell,said nurmagomedov,0.6558657506104602,0.6558657506104602,0.3441342493895398,1,1.0,1,-143.0,112.0,0.21760633487088551,2.12,1.6993006993006992,-0.25183728627765084,0.0283253158583008,0.0318501636043904,0.0391052434963937,0.0449283699489844,0.0068216974963082,0.0077928439724531,-155.0,110.0,-138.0,130.0,80.0,50.0,5,6,4,3,1,3,80.0,4,1
750,-7669.569474183848,0.07555242086169657,-1.0,0.04342661595628952,0.0210665492473015,1.2666666666666666,-12248.266190602808,-1.0,-0.07555242086169657,-0.12065685892453393,-0.3860570181861149,-26941.624592576216,62323.328604237744,0.038471904104092104,1,-4.300699300699301,0.1750609050800702,0.05188513824982827,0.008538125362912562,0.16455820782053754,0.08144977054209299,0.1258793782276109,0.7414821546557108,2025-07-26,davey grant,damon blackshear,0.8237578547023339,0.176242145297666,0.8237578547023339,0,1.0,0,275.0,-375.0,0.23609591138623623,1.2666666666666666,3.75,-0.25183728627765084,0.0359542671329921,0.0201860837442008,0.0526416870213007,0.0289909660399236,0.0036166730177031,0.0021905279114489,250.0,-390.0,310.0,-320.0,66.66666666666666,100.0,9,1,6,1,3,0,100.0,1,0
751,0.0,0.0,0.0,-0.09580127869327035,0.0210665492473015,1.359712230215827,-12248.266190602808,-1.0,0.0,-0.12065685892453393,-0.3860570181861149,-26941.624592576216,62323.328604237744,0.038471904104092104,1,-4.300699300699301,0.0,0.05188513824982827,0.008538125362912562,0.16455820782053754,0.0,0.0,0.7414821546557108,2025-07-26,ibo aslan,billy elekana,0.6649927103790235,0.6649927103790235,0.3350072896209765,1,0.0,1,-278.0,210.0,0.0,3.1,1.359712230215827,-0.25183728627765084,0.0227647086791665,0.0352656719318592,0.0279000291438885,0.0446806160174017,0.0132899980866393,0.0206672000496631,-300.0,210.0,-278.0,235.0,0.0,0.0,0,0,0,0,0,0,0.0,0,0
752,0.0,0.0,0.0,-0.20881658877220594,0.0210665492473015,1.510204081632653,-12248.266190602808,-1.0,0.0,-0.12065685892453393,-0.3860570181861149,-26941.624592576216,62323.328604237744,0.038471904104092104,1,-4.300699300699301,0.0,0.05188513824982827,0.008538125362912562,0.16455820782053754,0.0,0.0,0.7414821546557108,2025-07-26,robert whittaker,reinier de ridder,0.5238917182454312,0.5238917182454312,0.4761082817545687,1,0.0,1,-196.0,152.0,0.0,2.52,1.510204081632653,-0.25183728627765084,0.0255185535659392,0.0334690054216196,0.0333527731951945,0.0395132920372828,0.0108860271118729,0.012842786447449,-162.0,120.0,-150.0,136.0,60.0,0.0,15,0,9,0,6,0,60.0,9,6
753,-8305.396859067063,0.08181591431328963,-1.0,0.0025585026457877746,0.0210665492473015,1.2,-12248.266190602808,-1.0,-0.08181591431328963,-0.12065685892453393,-0.3860570181861149,-26941.624592576216,62323.328604237744,0.038471904104092104,1,-4.300699300699301,0.08198086624938104,0.05188513824982827,0.008538125362912562,0.16455820782053754,0.005487422755215367,0.05155006892070351,0.7414821546557108,2025-07-26,muslim salikhov,carlos leal,0.8354654188714898,0.1645345811285102,0.8354654188714898,0,1.0,0,350.0,-500.0,0.1105635054527332,1.2,4.5,-0.25183728627765084,0.0372347811432948,0.0183207744122606,0.0465639027982264,0.0218121655778418,0.0203095132306039,0.0101989613456673,350.0,-550.0,400.0,-490.0,80.0,0.0,5,0,4,0,1,0,0.0,0,0
754,-3674.373217909453,0.036196007180961456,-1.0,0.029354942163521525,0.0210665492473015,2.0,-12248.266190602808,-1.0,-0.036196007180961456,-0.12065685892453393,-0.3860570181861149,-26941.624592576216,62323.328604237744,0.038471904104092104,1,-4.300699300699301,0.06329712862747139,0.05188513824982827,0.008538125362912562,0.16455820782053754,0.029296122119986105,0.0855370755305194,0.7414821546557108,2025-07-26,asu almabayev,jose ochoa,0.5146774710817608,0.4853225289182392,0.5146774710817608,0,1.0,0,-127.0,100.0,0.085365680387631,2.0,1.7874015748031495,-0.25183728627765084,0.0288521678768416,0.0306191977619249,0.0342505339758,0.0350135352882691,0.0156607617640093,0.0157651294179794,-120.0,-110.0,-108.0,-105.0,0.0,0.0,0,0,0,0,0,0,0.0,0,0
755,-5345.950196344992,0.05266260127109768,-1.0,0.00838783391996445,0.0210665492473015,1.4878048780487805,-12248.266190602808,-1.0,-0.05266260127109768,-0.12065685892453393,-0.3860570181861149,-26941.624592576216,62323.328604237744,0.038471904104092104,1,-4.300699300699301,0.06290743780958036,0.05188513824982827,0.008538125362912562,0.16455820782053754,0.011785162722952365,0.06038311774396363,0.7414821546557108,2025-07-26,nikita krylov,bogdan guskov,0.6777688719789925,0.6777688719789925,0.3222311280210075,1,0.0,1,-205.0,160.0,0.08484012381766612,2.6,1.4878048780487805,-0.25183728627765084,0.0242347923874137,0.0325117397689544,0.0242347923874137,0.0325117397689544,0.0147140031176822,0.0192462894633001,-205.0,160.0,-190.0,164.0,64.70588235294117,0.0,17,0,11,0,6,0,64.70588235294117,11,6
756,0.0,0.0,0.0,-0.06970886985608529,0.0210665492473015,1.25,-12248.266190602808,-1.0,0.0,-0.12065685892453393,-0.3860570181861149,-26941.624592576216,62323.328604237744,0.038471904104092104,1,-4.300699300699301,0.0,0.05188513824982827,0.008538125362912562,0.16455820782053754,0.0,0.0,0.7414821546557108,2025-07-26,petr yan,marcus mcghee,0.7442329041151318,0.7442329041151318,0.2557670958848682,1,1.0,1,-400.0,285.0,0.0,3.85,1.25,-0.25183728627765084,0.0210665492473015,0.0386737104929581,0.0222663835266408,0.0408915112102011,0.0102074894135011,0.0175702883642767,-400.0,280.0,-350.0,300.0,80.0,0.0,10,0,8,0,2,0,80.0,8,2
757,0.0,0.0,0.0,-0.09385593035280115,0.0258005171254122,1.4651162790697674,14862.922132142932,2.3566666666666665,0.0,0.23848087810785368,0.34446001261941384,6604.972425356675,83791.22316173735,0.038471904104092104,1,2.6166666666666663,0.0,0.11821707233572162,0.04091187625268791,0.34607417900270215,0.0,0.0,0.325434417753442,2025-08-02,rodolfo vieira,tresean gore,0.6184792856322151,0.6184792856322151,0.3815207143677849,1,1.0,1,-215.0,165.0,0.0,2.65,1.4651162790697674,0.23498858258336483,0.0252682230395382,0.034629950066182,0.0371730307149528,0.0561930626511406,0.0019838881455293,0.0028238041621629,-270.0,175.0,-225.0,220.0,75.0,50.0,4,2,3,1,1,1,75.0,3,1
758,0.0,0.0,0.0,-0.11432990166369167,0.0258005171254122,1.238095238095238,14862.922132142932,2.3566666666666665,0.0,0.23848087810785368,0.34446001261941384,6604.972425356675,83791.22316173735,0.038471904104092104,1,2.6166666666666663,0.0,0.11821707233572162,0.04091187625268791,0.34607417900270215,0.0,0.0,0.325434417753442,2025-08-02,rinya nakamura,nathan fletcher,0.7153489255793261,0.7153489255793261,0.2846510744206739,1,1.0,1,-420.0,295.0,0.0,3.95,1.238095238095238,0.23498858258336483,0.0211444969133886,0.0397123677409444,0.0258078440079528,0.0485511303510214,0.0079721434521814,0.0137080733499867,-420.0,275.0,-350.0,310.0,0.0,0.0,0,0,0,0,0,0,0.0,0,0
759,1614.479602257045,0.05180980022775185,0.5,0.005609918712159101,0.0258005171254122,1.5,14862.922132142932,2.3566666666666665,0.025904900113875924,0.23848087810785368,0.34446001261941384,6604.972425356675,83791.22316173735,0.038471904104092104,1,2.6166666666666663,0.026919273097868707,0.11821707233572162,0.04091187625268791,0.34607417900270215,0.00778125791546896,0.05963573888032801,0.325434417753442,2025-08-02,piera rodriguez,ketlen souza,0.6704066124747727,0.6704066124747727,0.3295933875252272,1,1.0,1,-200.0,154.0,0.08271796598435843,2.54,1.5,0.23498858258336483,0.0259818775864164,0.034385576481825,0.0285181268606408,0.0437982573201501,0.0148558191630255,0.0220105402839789,-275.0,195.0,-250.0,210.0,100.0,0.0,2,0,2,0,0,0,100.0,2,0
760,0.0,0.019412162212232076,0.0,-0.03922659048139221,0.0258005171254122,1.8849557522123888,14862.922132142932,2.3566666666666665,0.0,0.23848087810785368,0.34446001261941384,6604.972425356675,83791.22316173735,0.038471904104092104,1,2.6166666666666663,0.006317385706873115,0.11821707233572162,0.04091187625268791,0.34607417900270215,-0.04157741189365282,0.018314582432530636,0.325434417753442,2025-08-02,nick klein,andrey pulyaev,0.509706081106116,0.509706081106116,0.4902939188938839,1,0.0,1,-113.0,-113.0,0.019412162212232076,1.8849557522123888,1.8849557522123888,0.23498858258336483,0.0305164319248826,0.0305164319248826,0.0386616051459952,0.0358064799603876,0.0164688697823669,0.0152771619636649,100.0,-135.0,110.0,-125.0,0.0,0.0,0,0,0,0,0,0,0.0,0,0
761,0.0,0.0,0.0,-0.09241436895816826,0.0258005171254122,1.2298850574712643,14862.922132142932,2.3566666666666665,0.0,0.23848087810785368,0.34446001261941384,6604.972425356675,83791.22316173735,0.038471904104092104,1,2.6166666666666663,0.0,0.11821707233572162,0.04091187625268791,0.34607417900270215,0.0,0.0,0.325434417753442,2025-08-02,danny silva,kevin vallejos,0.7379434570153212,0.2620565429846788,0.7379434570153212,0,0.0,0,320.0,-435.0,0.0,1.2298850574712643,4.2,0.23498858258336483,0.0335608122449174,0.0176185379998535,0.0461758524205337,0.0236439673992862,0.0106970771965188,0.0060493342867347,300.0,-455.0,340.0,-375.0,0.0,0.0,0,0,0,0,0,0,0.0,0,0
762,1021.9110474485828,0.08198463322922526,0.19999999999999996,0.00450579708012519,0.0258005171254122,1.2,14862.922132142932,2.3566666666666665,0.01639692664584505,0.23848087810785368,0.34446001261941384,6604.972425356675,83791.22316173735,0.038471904104092104,1,2.6166666666666663,0.041356225230342165,0.11821707233572162,0.04091187625268791,0.34607417900270215,0.009630187220825344,0.059458549322313106,0.325434417753442,2025-08-02,rafael estevam,felipe bunes,0.8370881642334377,0.8370881642334377,0.1629118357665623,1,1.0,1,-500.0,340.0,0.1270800596809486,4.4,1.2,0.23498858258336483,0.0199619440934658,0.0406441165125948,0.0219458148326149,0.0598723669855667,0.006315456104737,0.0140193492767972,-900.0,450.0,-649.0,550.0,0.0,0.0,0,0,0,0,0,0,0.0,0,0
763,0.0,0.06611788603255075,0.0,-0.0014200260310858748,0.0258005171254122,1.4878048780487805,14862.922132142932,2.3566666666666665,0.0,0.23848087810785368,0.34446001261941384,6604.972425356675,83791.22316173735,0.038471904104092104,1,2.6166666666666663,0.02151703574409159,0.11821707233572162,0.04091187625268791,0.34607417900270215,-0.001995589026787284,0.047048324091931965,0.325434417753442,2025-08-02,karol rosa,nora cornolle,0.6711767038151718,0.6711767038151718,0.3288232961848282,1,1.0,1,-205.0,160.0,0.06611788603255075,2.6,1.4878048780487805,0.23498858258336483,0.0242347923874137,0.0325117397689544,0.030779782581692,0.0361687727389563,0.0142727727856458,0.0167617099729749,-158.0,120.0,-150.0,132.0,66.66666666666666,0.0,6,0,4,0,2,0,66.66666666666666,4,2
764,0.0,0.0,0.0,-0.1758746841107325,0.0258005171254122,1.3389830508474576,14862.922132142932,2.3566666666666665,0.0,0.23848087810785368,0.34446001261941384,6604.972425356675,83791.22316173735,0.038471904104092104,1,2.6166666666666663,0.0,0.11821707233572162,0.04091187625268791,0.34607417900270215,0.0,0.0,0.325434417753442,2025-08-02,elves brener,esteban ribovics,0.6154859954109719,0.384514004589028,0.6154859954109719,0,0.0,0,215.0,-295.0,0.0,1.3389830508474576,3.15,0.23498858258336483,0.0394827004794245,0.0248130600188676,0.0495815640458714,0.0320881274241828,0.0103527252811037,0.0069632920349136,190.0,-280.0,230.0,-250.0,0.0,0.0,0,0,0,0,0,0,0.0,0,0
765,1240.9765723216608,0.07466966624580765,0.2666666666666666,0.03836895376622371,0.0258005171254122,1.2666666666666666,14862.922132142932,2.3566666666666665,0.019911910998882034,0.23848087810785368,0.34446001261941384,6604.972425356675,83791.22316173735,0.038471904104092104,1,2.6166666666666663,0.0740573847117661,0.11821707233572162,0.04091187625268791,0.34607417900270215,0.07163011576096966,0.12189592673765295,0.325434417753442,2025-08-02,tatsuro taira,hyunsung park,0.8197649634996503,0.8197649634996503,0.1802350365003496,1,1.0,1,-375.0,265.0,0.22756469713008043,3.65,1.2666666666666666,0.23498858258336483,0.0228071890758546,0.0406390978743977,0.0248633089308972,0.0434596724355623,0.0107595431885676,0.0178118853828609,-360.0,250.0,-320.0,275.0,100.0,0.0,1,0,1,0,0,0,100.0,1,0
766,2727.605203329386,0.026524482880580073,1.65,0.4275799541916201,0.0258005171254122,2.65,14862.922132142932,2.3566666666666665,0.04376539675295712,0.23848087810785368,0.34446001261941384,6604.972425356675,83791.22316173735,0.038471904104092104,1,2.6166666666666663,0.09807652875308273,0.11821707233572162,0.04091187625268791,0.34607417900270215,0.33911212147923236,0.37999302696886195,0.325434417753442,2025-08-02,neil magny,elizeu zaleski dos santos,0.5387094166760831,0.5387094166760831,0.4612905833239169,1,1.0,1,165.0,-220.0,0.30137110091222186,1.4545454545454546,2.65,0.23498858258336483,0.0376383386030122,0.0272201519630255,0.0554899659112729,0.0459899495221307,0.002770830802842,0.0023732021189688,115.0,-175.0,140.0,-143.0,75.0,40.0,24,10,18,4,6,6,75.0,18,6
767,0.0,0.0,0.0,-0.12199331932153151,0.0258005171254122,1.4166666666666667,14862.922132142932,2.3566666666666665,0.0,0.23848087810785368,0.34446001261941384,6604.972425356675,83791.22316173735,0.038471904104092104,1,2.6166666666666663,0.0,0.11821707233572162,0.04091187625268791,0.34607417900270215,0.0,0.0,0.325434417753442,2025-08-02,mateusz rebecki,chris duncan,0.6197694216553895,0.6197694216553895,0.3802305783446105,1,0.0,1,-240.0,180.0,0.0,2.8,1.4166666666666667,0.23498858258336483,0.0258005171254122,0.0372246929586213,0.0358698935850557,0.0537938673115818,0.0083420222779808,0.0118345224887278,-265.0,175.0,-225.0,205.0,0.0,0.0,0,0,0,0,0,0,0.0,0,0
768,0.0,0.0,0.0,-0.04656342084527623,0.0253013906679012,1.25,-10106.426258832385,-1.0,0.0,-0.12061437794414978,-0.13102997653549664,-872.7357459306211,72812.06115697435,0.038471904104092104,1,-0.41113418637368526,0.0,0.1395024323876753,0.03940925039427118,0.28249866127605167,0.0,0.0,0.2757794501903682,2025-08-09,gabriella fernandes,julija stoliarenko,0.762749263323779,0.762749263323779,0.2372507366762209,1,1.0,1,-400.0,275.0,0.0,3.75,1.25,0.10641031905516693,0.0234985988994331,0.0431680677672335,0.0196470059537602,0.0382680519612975,0.013801037942408,0.0266030024616323,-455.0,320.0,-450.0,350.0,0.0,66.66666666666666,0,3,0,2,0,1,0.0,0,0
769,0.0,0.0,0.0,-0.03547054051089152,0.0253013906679012,1.2,-10106.426258832385,-1.0,0.0,-0.12061437794414978,-0.13102997653549664,-872.7357459306211,72812.06115697435,0.038471904104092104,1,-0.41113418637368526,0.0,0.1395024323876753,0.03940925039427118,0.28249866127605167,0.0,0.0,0.2757794501903682,2025-08-09,elijah smith,toshiomi kazama,0.8037745495742571,0.8037745495742571,0.1962254504257429,1,1.0,1,-500.0,350.0,0.0,4.5,1.2,0.10641031905516693,0.0183207744122606,0.0372347811432948,0.0210242689023801,0.0555307550210646,0.0045658642181898,0.0100709354653388,-850.0,450.0,-649.0,575.0,0.0,0.0,0,0,0,0,0,0,0.0,0,0
770,2432.299124649872,0.06676460583343408,0.4347826086956521,0.18095983984849595,0.0253013906679012,1.434782608695652,-10106.426258832385,-1.0,0.02902808949279742,-0.12061437794414978,-0.13102997653549664,-872.7357459306211,72812.06115697435,0.038471904104092104,1,-0.41113418637368526,0.12585199258977192,0.1395024323876753,0.03940925039427118,0.28249866127605167,0.273785380526123,0.30162695074614165,0.2757794501903682,2025-08-09,joselyne edwards,priscila cachoeira,0.8230932217125881,0.8230932217125881,0.1769067782874118,1,1.0,1,-230.0,180.0,0.456350146839793,2.8,1.434782608695652,0.10641031905516693,0.0223754287271183,0.0317371253854357,0.0231736516692425,0.0450081665125755,0.0096600984648791,0.0176126288078482,-450.0,300.0,-400.0,340.0,60.0,60.0,5,5,3,3,2,2,60.0,3,2
771,0.0,0.036110703706399135,0.0,-0.013968897285665471,0.0253013906679012,1.2,-10106.426258832385,-1.0,0.0,-0.12061437794414978,-0.13102997653549664,-872.7357459306211,72812.06115697435,0.038471904104092104,1,-0.41113418637368526,0.009958590014138045,0.1395024323876753,0.03940925039427118,0.28249866127605167,-0.029967650568373874,0.01683237429096733,0.2757794501903682,2025-08-09,eryk anders,christian leroy duncan,0.8216925855952788,0.1783074144047212,0.8216925855952788,0,0.0,0,350.0,-500.0,0.036110703706399135,1.2,4.5,0.10641031905516693,0.0372347811432948,0.0183207744122606,0.0383636065488307,0.0180795043099804,0.0203095132306039,0.0101989613456673,375.0,-549.0,400.0,-490.0,45.45454545454545,0.0,11,0,5,0,6,0,0.0,0,0
772,0.0,0.0,0.0,-0.1507311520179807,0.0253013906679012,1.3333333333333333,-10106.426258832385,-1.0,0.0,-0.12061437794414978,-0.13102997653549664,-872.7357459306211,72812.06115697435,0.038471904104092104,1,-0.41113418637368526,0.0,0.1395024323876753,0.03940925039427118,0.28249866127605167,0.0,0.0,0.2757794501903682,2025-08-09,uros medic,gilbert urbina,0.6369516359865145,0.6369516359865145,0.3630483640134855,1,1.0,1,-300.0,240.0,0.0,3.4,1.3333333333333333,0.10641031905516693,0.016916169849521,0.0272014772093025,0.0279281031220234,0.0487982395889739,0.0077693340819139,0.0125009361883561,-360.0,240.0,-300.0,270.0,50.0,0.0,2,1,1,0,1,1,50.0,1,1
773,0.0,0.0,0.0,-0.0347884659858414,0.0253013906679012,1.3278688524590163,-10106.426258832385,-1.0,0.0,-0.12061437794414978,-0.13102997653549664,-872.7357459306211,72812.06115697435,0.038471904104092104,1,-0.41113418637368526,0.0,0.1395024323876753,0.03940925039427118,0.28249866127605167,0.0,0.0,0.2757794501903682,2025-08-09,miles johns,jean matsumoto,0.7268876984551071,0.2731123015448928,0.7268876984551071,0,0.0,0,240.0,-305.0,0.0,1.3278688524590163,3.4,0.10641031905516693,0.0291858792151209,0.0180181875967891,0.0585445068439872,0.0384251901257095,0.0028238041621629,0.0019838881455293,175.0,-275.0,220.0,-225.0,50.0,0.0,4,0,2,0,2,0,0.0,0,0
774,0.0,0.0,0.0,-0.021154185134807352,0.0253013906679012,1.2597402597402598,-10106.426258832385,-1.0,0.0,-0.12061437794414978,-0.13102997653549664,-872.7357459306211,72812.06115697435,0.038471904104092104,1,-0.41113418637368526,0.0,0.1395024323876753,0.03940925039427118,0.28249866127605167,0.0,0.0,0.2757794501903682,2025-08-09,steve erceg,ode osbourne,0.7770219355115446,0.7770219355115446,0.2229780644884553,1,1.0,1,-385.0,295.0,0.0,3.95,1.2597402597402598,0.10641031905516693,0.0167730992220773,0.0302058907296384,0.0203288459001433,0.0451473445760469,0.0061859464257068,0.0123325720928117,-600.0,380.0,-500.0,440.0,0.0,50.0,0,4,0,2,0,2,0.0,0,0
775,-4512.138272137679,0.0538497721107157,-1.0,0.05767537393240829,0.0253013906679012,1.5,-10106.426258832385,-1.0,-0.053849772110715705,-0.12061437794414978,-0.13102997653549664,-872.7357459306211,72812.06115697435,0.038471904104092104,1,-0.41113418637368526,0.04569262392086677,0.1395024323876753,0.03940925039427118,0.28249866127605167,0.08037495837519854,0.1188923345304365,0.2757794501903682,2025-08-09,andre fili,christian rodriguez,0.7051169159549389,0.2948830840450611,0.7051169159549389,0,1.0,0,163.0,-200.0,0.16568538333558047,1.5,2.63,0.10641031905516693,0.0267846298943212,0.0201101736544746,0.044044767293463,0.0292048521890331,0.0220105402839789,0.0148558191630255,188.0,-265.0,210.0,-250.0,50.0,0.0,16,0,8,0,8,0,0.0,0,0
776,1207.1034015571865,0.09349548533244854,0.15408320493066263,0.005879077473126548,0.0253013906679012,1.1540832049306626,-10106.426258832385,-1.0,0.014406084026571432,-0.12061437794414978,-0.13102997653549664,-872.7357459306211,72812.06115697435,0.038471904104092104,1,-0.41113418637368526,0.04525412361260741,0.1395024323876753,0.03940925039427118,0.28249866127605167,0.014120856541832207,0.06831945602094798,0.2757794501903682,2025-08-09,julius walker,rafael cerqueira,0.8715828054473419,0.8715828054473419,0.1284171945526581,1,1.0,1,-649.0,400.0,0.1640953435122482,5.0,1.1540832049306626,0.10641031905516693,0.0201152566224162,0.0463733949129643,0.018528771915647,0.0456423510790053,0.0078046091079427,0.0174142011575963,-750.0,450.0,-649.0,530.0,0.0,0.0,0,0,0,0,0,0,0.0,0,0
777,0.0,0.0,0.0,-0.04947822288846704,0.0253013906679012,1.6666666666666663,-10106.426258832385,-1.0,0.0,-0.12061437794414978,-0.13102997653549664,-872.7357459306211,72812.06115697435,0.038471904104092104,1,-0.41113418637368526,0.0,0.1395024323876753,0.03940925039427118,0.28249866127605167,0.0,0.0,0.2757794501903682,2025-08-09,cody brundage,eric mcconico,0.5703130662669199,0.5703130662669199,0.4296869337330801,1,0.0,1,-150.0,120.0,0.0,2.2,1.6666666666666663,0.10641031905516693,0.0253013906679012,0.0292440638775533,0.03087828030891,0.0434499072268247,0.0114635944419424,0.0159036743046366,-230.0,165.0,-215.0,190.0,100.0,0.0,2,0,2,0,0,0,100.0,2,0
778,2062.682221508655,0.04617603138318877,0.6134969325153374,0.0064165170865902454,0.016293441381017,1.6134969325153374,-7894.074945568117,-1.0,0.028328853609318264,-0.108417133372305,-0.06604966719839934,3084.862538120461,68002.84874952669,0.0384719041040921,1,1.5771332961517013,0.021228493560399422,0.16607006847928005,0.06211965159825052,0.3740568795273362,0.008048327267391188,0.07305679015239548,0.2316606746560841,2025-08-16,karine silva,dione barbosa,0.6237486398673544,0.6237486398673544,0.3762513601326456,1,1.0,1,-163.0,120.0,0.09163615530307229,2.2,1.6134969325153374,0.12441282668591372,0.0339796305551364,0.0403376871081888,0.03087828030891,0.0434499072268247,0.0101556457621264,0.0136538780473972,-230.0,165.0,-200.0,180.0,0.0,0.0,0,0,0,0,0,0,0.0,0,0
779,2744.4603993839237,0.0342658065133066,1.1,0.2467124719589524,0.016293441381017,2.1,-7894.074945568117,-1.0,0.03769238716463727,-0.108417133372305,-0.06604966719839934,3084.862538120461,68002.84874952669,0.0384719041040921,1,1.5771332961517013,0.06486625684601,0.16607006847928005,0.06211965159825052,0.3740568795273362,0.23559194871461447,0.29322242483380756,0.2316606746560841,2025-08-16,edson barboza,drakkar klose,0.5936726056947392,0.4063273943052607,0.5936726056947392,0,0.0,0,-150.0,110.0,0.28000547327382314,2.1,1.6666666666666663,0.12441282668591372,0.0356521067558167,0.0405383694346594,0.0361951414397327,0.0371639319193405,0.0154784823892178,0.0157202039818824,-122.0,-110.0,-110.0,-103.0,62.5,25.0,24,4,15,1,9,3,25.0,1,3
780,-5399.110946128187,0.0741513268589984,-1.0,0.14992227795157026,0.016293441381017,1.359712230215827,-7894.074945568117,-1.0,-0.0741513268589984,-0.108417133372305,-0.06604966719839934,3084.862538120461,68002.84874952669,0.0384719041040921,1,1.5771332961517013,0.1072574214668449,0.16607006847928005,0.06211965159825052,0.3740568795273362,0.24769470298470703,0.2802363633271472,0.2316606746560841,2025-08-16,chase hooper,alexander hernandez,0.8457100351072396,0.8457100351072396,0.1542899648927603,1,0.0,1,-278.0,210.0,0.46299365063179493,3.1,1.359712230215827,0.12441282668591372,0.0227647086791665,0.0352656719318592,0.0302004731567365,0.0555138125575491,0.0048326244501729,0.0081229323571273,-400.0,250.0,-333.0,310.0,50.0,66.66666666666666,6,6,3,4,3,2,50.0,3,3
781,0.0,0.026119160437105913,0.0,-0.031027821631277097,0.016293441381017,1.4444444444444444,-7894.074945568117,-1.0,0.0,-0.108417133372305,-0.06604966719839934,3084.862538120461,68002.84874952669,0.0384719041040921,1,1.5771332961517013,0.006050782328310456,0.16607006847928005,0.06211965159825052,0.3740568795273362,-0.04537517647841037,0.0178604407541386,0.2316606746560841,2025-08-16,gerald meerschaert,michal oleksiejczuk,0.6708268927168082,0.3291731072831918,0.6708268927168082,0,0.0,0,163.0,-225.0,0.026119160437105913,1.4444444444444444,2.63,0.12441282668591372,0.042226716265892,0.0303091129239294,0.040577421308325,0.0290887615654049,0.0199742169708566,0.01458799501071,165.0,-225.0,180.0,-210.0,52.94117647058824,50.0,17,4,9,2,8,2,50.0,2,2
782,1662.7567257117496,0.06279977414523888,0.36363636363636376,0.04120683429466049,0.016293441381017,1.3636363636363638,-7894.074945568117,-1.0,0.022836281507359602,-0.108417133372305,-0.06604966719839934,3084.862538120461,68002.84874952669,0.0384719041040921,1,1.5771332961517013,0.04466985235339551,0.16607006847928005,0.06211965159825052,0.3740568795273362,0.06631641991643025,0.11981477557478541,0.2316606746560841,2025-08-16,jessica andrade,loopy godinez,0.763551678482751,0.236448321517249,0.763551678482751,0,0.0,0,200.0,-275.0,0.19282449392721024,1.3636363636363638,3.0,0.12441282668591372,0.040400359353909,0.0262663073127574,0.0395673085007323,0.0353612136327586,0.0141495107588835,0.0125721261322447,107.0,-145.0,122.0,-136.0,70.58823529411765,100.0,17,1,12,1,5,0,100.0,1,0
783,0.0,0.0,0.0,-0.06608592954926346,0.016293441381017,1.3003003003003002,-7894.074945568117,-1.0,0.0,-0.108417133372305,-0.06604966719839934,3084.862538120461,68002.84874952669,0.0384719041040921,1,1.5771332961517013,0.0,0.16607006847928005,0.06211965159825052,0.3740568795273362,0.0,0.0,0.2316606746560841,2025-08-16,tim elliott,kai asakura,0.7182295276214672,0.2817704723785328,0.7182295276214672,0,1.0,0,225.0,-333.0,0.0,1.3003003003003002,3.25,0.12441282668591372,0.0481394191137471,0.0286060063614704,0.0376784900464091,0.0222915249460947,0.0147846812209487,0.0091879215187772,245.0,-335.0,265.0,-300.0,66.66666666666666,0.0,12,0,8,0,4,0,0.0,0,0
784,0.0,0.0,0.0,-0.08653729943782879,0.016293441381017,1.4444444444444444,-7894.074945568117,-1.0,0.0,-0.108417133372305,-0.06604966719839934,3084.862538120461,68002.84874952669,0.0384719041040921,1,1.5771332961517013,0.0,0.16607006847928005,0.06211965159825052,0.3740568795273362,0.0,0.0,0.2316606746560841,2025-08-16,dricus du plessis,khamzat chimaev,0.6323972542353493,0.3676027457646507,0.6323972542353493,0,0.0,0,185.0,-225.0,0.0,1.4444444444444444,2.85,0.12441282668591372,0.0252599077377893,0.017924977552359,0.0799904167733019,0.0533429165600314,-0.0253278176654002,-0.0193150394774569,150.0,-275.0,220.0,-180.0,75.0,100.0,4,4,3,4,1,0,100.0,4,0
785,2014.0741376443195,0.05532254150317788,0.5,0.11168853743676788,0.016293441381017,1.5,-7894.074945568117,-1.0,0.02766127075158894,-0.108417133372305,-0.06604966719839934,3084.862538120461,68002.84874952669,0.0384719041040921,1,1.5771332961517013,0.06603090648168539,0.16607006847928005,0.06211965159825052,0.3740568795273362,0.15504939052467634,0.20532105306413495,0.2316606746560841,2025-08-16,jared cannonier,michael page,0.7411256916245119,0.2588743083754881,0.7411256916245119,0,0.0,0,150.0,-200.0,0.2850328679207756,1.5,2.5,0.12441282668591372,0.0379213858088197,0.0287452808578468,0.042226716265892,0.0303091129239294,0.0079764350850802,0.0059124538038086,163.0,-225.0,188.0,-200.0,50.0,0.0,12,0,6,0,6,0,0.0,0,0
786,0.0,0.0,0.0,-0.028776032344939417,0.016293441381017,1.3448275862068966,-7894.074945568117,-1.0,0.0,-0.108417133372305,-0.06604966719839934,3084.862538120461,68002.84874952669,0.0384719041040921,1,1.5771332961517013,0.0,0.16607006847928005,0.06211965159825052,0.3740568795273362,0.0,0.0,0.2316606746560841,2025-08-16,geoff neal,carlos prates,0.7221921810768399,0.2778078189231601,0.7221921810768399,0,0.0,0,235.0,-290.0,0.0,1.3448275862068966,3.35,0.12441282668591372,0.0258037648952937,0.016293441381017,0.0443857673709329,0.0330335874677767,0.0149498953839405,0.0115314021996411,150.0,-210.0,165.0,-185.0,85.71428571428571,0.0,7,0,6,0,1,0,0.0,0,0
787,0.0,0.0,0.0,-0.13733336590283715,0.0294867742267166,1.3389830508474576,10170.968146267202,1.479245283018868,0.0,0.1495667951166236,0.1476050511278185,-133.40417975600712,78040.41271603788,0.011503821117581515,1,0.1773584905660377,0.0,0.011503821117581515,0.00032119889951394296,0.027921061726442216,0.0,0.0,1.0,2025-08-23,michel pereira,kyle daukaus,0.644270017870033,0.644270017870033,0.355729982129967,1,0.0,1,-295.0,220.0,0.0,3.2,1.3389830508474576,0.04381766029439061,0.0228866584861963,0.0364487845517783,0.027023714700105,0.0417593540829637,0.0111716325197332,0.016433612476816,-278.0,200.0,-245.0,215.0,60.0,25.0,5,4,3,1,2,3,60.0,3,2
788,0.0,0.0,0.0,-0.1985810654815156,0.0294867742267166,1.5882352941176472,10170.968146267202,1.479245283018868,0.0,0.1495667951166236,0.1476050511278185,-133.40417975600712,78040.41271603788,0.011503821117581515,1,0.1773584905660377,0.0,0.011503821117581515,0.00032119889951394296,0.027921061726442216,0.0,0.0,1.0,2025-08-23,xiao long,suyoung you,0.5045971069190457,0.4954028930809543,0.5045971069190457,0,0.0,0,132.0,-170.0,0.0,1.5882352941176472,2.3200000000000003,0.04381766029439061,0.0333769876637669,0.0272871247244832,0.0256281517431981,0.0228214606599026,0.0184741115379448,0.0165126712330085,115.0,-140.0,118.0,-136.0,0.0,0.0,0,0,0,0,0,0,0.0,0,0
789,0.0,0.0,0.0,-0.08897348642385247,0.0294867742267166,1.2564102564102564,10170.968146267202,1.479245283018868,0.0,0.1495667951166236,0.1476050511278185,-133.40417975600712,78040.41271603788,0.011503821117581515,1,0.1773584905660377,0.0,0.011503821117581515,0.00032119889951394296,0.027921061726442216,0.0,0.0,1.0,2025-08-23,johnny walker,zhang mingyang,0.7251027352953011,0.2748972647046989,0.7251027352953011,0,1.0,0,280.0,-390.0,0.0,1.2564102564102564,3.8,0.04381766029439061,0.0380841981132931,0.0209920639704876,0.0455056008676303,0.0247646694026397,0.0137080733499867,0.0079721434521814,270.0,-400.0,310.0,-350.0,70.0,0.0,10,0,7,0,3,0,0.0,0,0
790,1551.7620515915787,0.06047054663642022,0.37735849056603765,0.018921455279947985,0.0294867742267166,1.3773584905660377,10170.968146267202,1.479245283018868,0.022819074202422723,0.1495667951166236,0.1476050511278185,-133.40417975600712,78040.41271603788,0.011503821117581515,1,0.1773584905660377,0.12550664252484278,0.011503821117581515,0.00032119889951394296,0.027921061726442216,0.030004945593084063,0.07914589668236555,1.0,2025-08-23,sergei pavlovich,waldo cortes acosta,0.7397648921895513,0.7397648921895513,0.2602351078104487,1,1.0,1,-265.0,200.0,0.12550664252484278,3.0,1.3773584905660377,0.04381766029439061,0.0236112560580139,0.0357494745355933,0.027023714700105,0.0417593540829637,0.0107808807910866,0.0160048334946276,-278.0,200.0,-250.0,220.0,83.33333333333334,100.0,6,1,5,1,1,0,83.33333333333334,5,1
791,-3896.0563120975376,0.05729254558802075,-1.0,0.0018548885397736137,0.0294867742267166,1.4081632653061225,10170.968146267202,1.479245283018868,-0.05729254558802075,0.1495667951166236,0.1476050511278185,-133.40417975600712,78040.41271603788,0.011503821117581515,1,0.1773584905660377,0.08160315282223177,0.011503821117581515,0.00032119889951394296,0.027921061726442216,0.002833798389918088,0.05341408673174092,1.0,2025-08-23,charles johnson,loneer kavanagh,0.7114621672238972,0.2885378327761028,0.7114621672238972,0,1.0,0,186.0,-245.0,0.08160315282223177,1.4081632653061225,2.8600000000000003,0.04381766029439061,0.0354748016149017,0.0243204755716798,0.040400359353909,0.0262663073127574,0.0189616252113446,0.012784406534687,200.0,-275.0,215.0,-250.0,50.0,0.0,4,0,2,0,2,0,0.0,0,0
792,2210.8900807499517,0.04063965924599114,0.8,0.002540413052062096,0.0294867742267166,1.8,10170.968146267202,1.479245283018868,0.032511727396792915,0.1495667951166236,0.1476050511278185,-133.40417975600712,78040.41271603788,0.011503821117581515,1,0.1773584905660377,0.06519535661277967,0.011503821117581515,0.00032119889951394296,0.027921061726442216,0.002819373734422705,0.05874465412328932,1.0,2025-08-23,maheshate,gauge young,0.5569668961400345,0.4430331038599655,0.5569668961400345,0,0.0,0,-102.0,-125.0,0.06519535661277967,1.8,1.9803921568627447,0.04381766029439061,0.0310192763783439,0.0294867742267166,0.0392125885477683,0.033402621682121,0.0129057544857461,0.0113706227318075,118.0,-159.0,125.0,-138.0,0.0,0.0,1,0,0,0,1,0,0.0,0,0
793,2110.3778237697525,0.05678844172752191,0.4761904761904765,0.09180092063750783,0.0234985988994331,1.4761904761904765,11546.336711418548,1.4603174603174605,0.027042115108343784,0.14795330149561972,0.20468035396115208,4427.002586574479,94013.7520140309,0.0384719041040921,1,1.1428571428571428,0.2150889048140477,0.04300258860770565,0.0059547253842241795,0.13847364954111507,0.13118076870639075,0.16824640421975792,0.8946415866973716,2025-09-06,sam patterson,trey waters,0.7396070752705697,0.7396070752705697,0.2603929247294303,1,1.0,1,-210.0,170.0,0.24041907732912637,2.7,1.4761904761904765,0.1013158477633048,0.0202306563835465,0.0275590688255333,0.0259768566564504,0.0338870889217809,0.0149724626013379,0.0194847044894169,-194.0,150.0,-188.0,162.0,0.0,0.0,0,0,0,0,0,0,0.0,0,0
794,0.0,0.0,0.0,-0.16876520642969525,0.0234985988994331,1.4,11546.336711418548,1.4603174603174605,0.0,0.14795330149561972,0.20468035396115208,4427.002586574479,94013.7520140309,0.0384719041040921,1,1.1428571428571428,0.0,0.04300258860770565,0.0059547253842241795,0.13847364954111507,0.0,0.0,0.8946415866973716,2025-09-06,shauna bannon,sam hughes,0.5937391382645034,0.4062608617354966,0.5937391382645034,0,0.0,0,175.0,-250.0,0.0,1.4,2.75,0.1013158477633048,0.0462926168982899,0.0316294610237879,0.0491646186631192,0.0310041577081886,0.0103527252811037,0.0069632920349136,200.0,-295.0,230.0,-250.0,0.0,50.0,0,4,0,2,0,2,50.0,2,2
795,0.0,0.0,0.0,-0.3059330119396962,0.0234985988994331,1.3225806451612905,11546.336711418548,1.4603174603174605,0.0,0.14795330149561972,0.20468035396115208,4427.002586574479,94013.7520140309,0.0384719041040921,1,1.1428571428571428,0.0,0.04300258860770565,0.0059547253842241795,0.13847364954111507,0.0,0.0,0.8946415866973716,2025-09-06,brad tavares,robert bryczek,0.5247823568260833,0.5247823568260833,0.4752176431739167,1,0.0,1,-310.0,230.0,0.0,3.3,1.3225806451612905,0.1013158477633048,0.0224810447667491,0.0366468192391635,0.03087828030891,0.0434499072268247,0.007787088324373,0.0103727179710265,-230.0,165.0,-195.0,180.0,55.00000000000001,0.0,20,0,11,0,9,0,55.00000000000001,11,9
796,0.0,0.0,0.0,-0.0508635642445161,0.0234985988994331,1.7407407407407407,11546.336711418548,1.4603174603174605,0.0,0.14795330149561972,0.20468035396115208,4427.002586574479,94013.7520140309,0.0384719041040921,1,1.1428571428571428,0.0,0.04300258860770565,0.0059547253842241795,0.13847364954111507,0.0,0.0,0.8946415866973716,2025-09-06,andreas gustafsson,rinat fakhretdinov,0.5452485907531504,0.4547514092468497,0.5452485907531504,0,0.0,0,110.0,-135.0,0.0,1.7407407407407407,2.1,0.1013158477633048,0.0265532308486119,0.0241053304482471,0.0334110966260284,0.0366169145784532,0.0167443216164536,0.0182725688836698,-138.0,104.0,-129.0,112.0,0.0,100.0,0,1,0,1,0,0,100.0,1,0
797,0.0,0.0,0.0,-0.1259999248714606,0.0234985988994331,1.4444444444444444,11546.336711418548,1.4603174603174605,0.0,0.14795330149561972,0.20468035396115208,4427.002586574479,94013.7520140309,0.0384719041040921,1,1.1428571428571428,0.0,0.04300258860770565,0.0059547253842241795,0.13847364954111507,0.0,0.0,0.8946415866973716,2025-09-06,benoit st denis,mauricio ruffy,0.6050769750889888,0.3949230249110111,0.6050769750889888,0,1.0,0,175.0,-225.0,0.0,1.4444444444444444,2.75,0.1013158477633048,0.0326609013348426,0.0232831546092132,0.0537976062394936,0.0420019516087009,0.0024264795177794,0.0019607682154757,130.0,-195.0,160.0,-163.0,100.0,0.0,1,0,1,0,0,0,0.0,0,0
798,2316.6247628047267,0.044527406035782875,0.6666666666666663,0.03687272031424521,0.0234985988994331,1.6666666666666663,11546.336711418548,1.4603174603174605,0.02968493735718857,0.14795330149561972,0.20468035396115208,4427.002586574479,94013.7520140309,0.0384719041040921,1,1.1428571428571428,0.11864645656533085,0.04300258860770565,0.0059547253842241795,0.13847364954111507,0.04443006904564537,0.11006110816593614,0.8946415866973716,2025-09-06,nassourdine imavov,caio borralho,0.6221236321885473,0.6221236321885473,0.3778763678114527,1,1.0,1,-150.0,110.0,0.1326189820923953,2.1,1.6666666666666663,0.1013158477633048,0.0356521067558167,0.0405383694346594,0.0444336839153992,0.040628556748501,0.0107683918506759,0.009903442774647,100.0,-141.0,115.0,-125.0,40.0,100.0,5,2,2,2,3,0,40.0,2,3
799,0.0,0.0,0.0,-0.039368835734050145,0.0234985988994331,1.25,11546.336711418548,1.4603174603174605,0.0,0.14795330149561972,0.20468035396115208,4427.002586574479,94013.7520140309,0.0384719041040921,1,1.1428571428571428,0.0,0.04300258860770565,0.0059547253842241795,0.13847364954111507,0.0,0.0,0.8946415866973716,2025-09-06,oumar sy,brendson ribeiro,0.7685049314127599,0.7685049314127599,0.2314950685872401,1,1.0,1,-400.0,275.0,0.0,3.75,1.25,0.1013158477633048,0.0234985988994331,0.0431680677672335,0.0201574573220818,0.0465092093445847,0.0072379008629356,0.0151599911001737,-650.0,400.0,-560.0,475.0,0.0,0.0,0,0,0,0,0,0,0.0,0,0
800,0.0,0.0,0.0,-0.17566409831308977,0.0350135352882691,1.4444444444444444,-6568.856594101074,-1.0,0.0,-0.06987123110585691,-0.012878574800448732,5358.093456517539,92802.98887644737,0.038471904104092104,1,1.5303030303030298,0.0,0.23103343371566584,0.126092755103746,0.5457770898169184,0.0,0.0,0.16652093805366583,2025-09-13,kelvin gastelum,dustin stoltzfus,0.5706940857832455,0.5706940857832455,0.4293059142167544,1,1.0,1,-225.0,175.0,0.0,2.75,1.4444444444444444,0.10180492011580869,0.0232831546092132,0.0326609013348426,0.0284987596941501,0.0410199568833899,0.0115070841666315,0.0161289702551372,-240.0,175.0,-220.0,194.0,70.58823529411765,100.0,17,3,12,3,5,0,70.58823529411765,12,5
801,3991.427924472041,0.028303858665814113,1.5,0.3879373194383974,0.0350135352882691,2.5,-6568.856594101074,-1.0,0.04245578799872116,-0.06987123110585691,-0.012878574800448732,5358.093456517539,92802.98887644737,0.038471904104092104,1,1.5303030303030298,0.050405237993351636,0.23103343371566584,0.126092755103746,0.5457770898169184,0.3215442991114006,0.36519730793739524,0.16652093805366583,2025-09-13,rafa garcia,jared gordon,0.5551749277753589,0.5551749277753589,0.444825072224641,1,1.0,1,150.0,-200.0,0.3026960968542418,1.5,2.5,0.10180492011580869,0.0379213858088197,0.0287452808578468,0.0375277844284696,0.02916726310949,0.0146837005057448,0.0117713259492816,143.0,-190.0,152.0,-170.0,50.0,70.0,4,10,2,7,2,3,50.0,2,2
802,0.0,0.0,0.0,-0.0891479230614669,0.0350135352882691,1.4444444444444444,-6568.856594101074,-1.0,0.0,-0.06987123110585691,-0.012878574800448732,5358.093456517539,92802.98887644737,0.038471904104092104,1,1.5303030303030298,0.0,0.23103343371566584,0.126092755103746,0.5457770898169184,0.0,0.0,0.16652093805366583,2025-09-13,jesus aguilar,luis gurule,0.6305898994189845,0.3694101005810155,0.6305898994189845,0,1.0,0,163.0,-225.0,0.0,1.4444444444444444,2.63,0.10180492011580869,0.042226716265892,0.0303091129239294,0.0379213858088197,0.0287452808578468,0.0165606854183398,0.0127902584813331,150.0,-200.0,163.0,-185.0,0.0,0.0,0,0,0,0,0,0,0.0,0,0
803,2949.642221592094,0.04706187379616359,0.6666666666666663,0.1329531080614233,0.0350135352882691,1.6666666666666663,-6568.856594101074,-1.0,0.03137458253077571,-0.06987123110585691,-0.012878574800448732,5358.093456517539,92802.98887644737,0.038471904104092104,1,1.5303030303030298,0.041139994965751006,0.23103343371566584,0.126092755103746,0.5457770898169184,0.16138591989157886,0.20352990871495655,0.16652093805366583,2025-09-13,alexander hernandez,diego ferreira,0.6797718648368541,0.6797718648368541,0.3202281351631458,1,1.0,1,-150.0,120.0,0.247055988553779,2.2,1.6666666666666663,0.10180492011580869,0.0253013906679012,0.0292440638775533,0.0434647008446087,0.0432742482796613,0.0061313183241084,0.0060638036271111,-118.0,-120.0,100.0,-105.0,66.66666666666666,50.0,6,8,4,4,2,4,66.66666666666666,4,2
804,0.0,0.0,0.0,-0.08877278428955682,0.0350135352882691,1.5,-6568.856594101074,-1.0,0.0,-0.06987123110585691,-0.012878574800448732,5358.093456517539,92802.98887644737,0.038471904104092104,1,1.5303030303030298,0.0,0.23103343371566584,0.126092755103746,0.5457770898169184,0.0,0.0,0.16652093805366583,2025-09-13,diego lopes,jean silva,0.6074848104736288,0.3925151895263712,0.6074848104736288,0,1.0,0,150.0,-200.0,0.0,1.5,2.5,0.10180492011580869,0.0379213858088197,0.0287452808578468,0.0455189865069233,0.031085568358501,0.0062340144725243,0.0045186736995186,176.0,-250.0,200.0,-210.0,0.0,0.0,0,0,0,0,0,0,0.0,0,0
805,0.0,0.0,0.0,-0.17796767452035422,0.0350135352882691,1.4444444444444444,-6568.856594101074,-1.0,0.0,-0.06987123110585691,-0.012878574800448732,5358.093456517539,92802.98887644737,0.038471904104092104,1,1.5303030303030298,0.0,0.23103343371566584,0.126092755103746,0.5457770898169184,0.0,0.0,0.16652093805366583,2025-09-13,rob font,david martinez,0.5690993022551394,0.5690993022551394,0.4309006977448606,1,0.0,1,-225.0,175.0,0.0,2.75,1.4444444444444444,0.10180492011580869,0.0232831546092132,0.0326609013348426,0.0419094711100993,0.0447537359475032,0.0050930545995517,0.0054777699247609,-135.0,-105.0,-120.0,115.0,25.0,0.0,12,0,3,0,9,0,25.0,3,9
806,0.0,0.0,0.0,-0.14283284061854856,0.0350135352882691,1.3636363636363638,-6568.856594101074,-1.0,0.0,-0.06987123110585691,-0.012878574800448732,5358.093456517539,92802.98887644737,0.038471904104092104,1,1.5303030303030298,0.0,0.23103343371566584,0.126092755103746,0.5457770898169184,0.0,0.0,0.16652093805366583,2025-09-13,jose daniel medina,dusko todorovic,0.6285892502130643,0.3714107497869357,0.6285892502130643,0,0.0,0,200.0,-275.0,0.0,1.3636363636363638,3.0,0.10180492011580869,0.040400359353909,0.0262663073127574,0.0560544392342521,0.0287940456142326,0.0228112741965859,0.012482843450473,275.0,-450.0,325.0,-400.0,0.0,0.0,0,1,0,0,0,1,0.0,0,1
807,2324.9279549064518,0.06800656009387378,0.36363636363636376,0.10570201891006309,0.0350135352882691,1.3636363636363638,-6568.856594101074,-1.0,0.02472965821595411,-0.06987123110585691,-0.012878574800448732,5358.093456517539,92802.98887644737,0.038471904104092104,1,1.5303030303030298,0.05899550814102432,0.23103343371566584,0.126092755103746,0.5457770898169184,0.1711892335327429,0.21875446813354077,0.16652093805366583,2025-09-13,tatiana suarez,amanda lemos,0.8108481472007129,0.8108481472007129,0.1891518527992871,1,1.0,1,-275.0,200.0,0.3542828237132044,3.0,1.3636363636363638,0.10180492011580869,0.0262663073127574,0.040400359353909,0.0218876077021852,0.0437938372896047,0.010446821991816,0.0194677079227138,-480.0,320.0,-420.0,350.0,80.0,42.857142857142854,5,7,4,3,1,4,80.0,4,1
808,-3907.9046444530463,0.0415673724400428,-1.0,0.3605839906641002,0.0350135352882691,1.9090909090909087,-6568.856594101074,-1.0,-0.0415673724400428,-0.06987123110585691,-0.012878574800448732,5358.093456517539,92802.98887644737,0.038471904104092104,1,1.5303030303030298,0.07293079829782052,0.23103343371566584,0.126092755103746,0.5457770898169184,0.38294580564260255,0.4123929596198302,0.16652093805366583,2025-09-13,claudio puelles,joaquim silva,0.7126868522526241,0.7126868522526241,0.2873131477473759,1,0.0,1,-110.0,-120.0,0.43796773637148634,1.8333333333333333,1.9090909090909087,0.10180492011580869,0.0350135352882691,0.0342505339758,0.0459416887491485,0.0495867665354043,0.0020042009922551,0.0021659407925654,-140.0,-105.0,-120.0,118.0,50.0,80.0,6,5,3,4,3,1,50.0,3,3
809,0.0,0.0205051303666726,0.0,-0.015326862854297685,0.015057561985822,1.4761904761904765,14533.660546055058,1.5535714285714284,0.0,0.15660767742517806,0.2022471358557278,4235.47815305739,111572.12757555982,0.038471904104092104,1,0.6219604863221884,0.01216533920732749,0.0648458210382969,0.014719303597649693,0.2269892394292719,-0.02191117492346534,0.014343334943801415,0.5932827048541989,2025-09-27,navajo stirling,rodolfo bellato,0.6670366412922498,0.6670366412922498,0.3329633587077502,1,1.0,1,-210.0,175.0,0.0205051303666726,2.75,1.4761904761904765,0.11981328347186726,0.0173530992925162,0.0237026191825569,0.0318998629780337,0.0525855440880185,0.0060862454044519,0.0093577700395637,-320.0,210.0,-270.0,250.0,0.0,0.0,0,0,0,0,0,0,0.0,0,0
810,-3669.3598414954854,0.03953924206450573,-1.0,0.035726012110287975,0.015057561985822,1.869565217391304,14533.660546055058,1.5535714285714284,-0.03953924206450573,0.15660767742517806,0.2022471358557278,4235.47815305739,111572.12757555982,0.038471904104092104,1,0.6219604863221884,0.051491831175633086,0.0648458210382969,0.014719303597649693,0.2269892394292719,0.038140744829797124,0.08129653203338667,0.5932827048541989,2025-09-27,jamie mullarkey,rolando bedoya,0.553992983221782,0.4460070167782179,0.553992983221782,0,1.0,0,-105.0,-115.0,0.08679139094116585,1.869565217391304,1.9523809523809523,0.11981328347186726,0.0237995764494319,0.0232792664320201,0.0358064799603876,0.0386616051459952,0.0050930545995517,0.0054777699247609,-135.0,100.0,-120.0,115.0,80.0,0.0,5,0,4,0,1,0,0.0,0,0
811,0.0,0.0,0.0,-0.12092909155566539,0.015057561985822,1.7142857142857144,14533.660546055058,1.5535714285714284,0.0,0.15660767742517806,0.2022471358557278,4235.47815305739,111572.12757555982,0.038471904104092104,1,0.6219604863221884,0.0,0.0648458210382969,0.014719303597649693,0.2269892394292719,0.0,0.0,0.5932827048541989,2025-09-27,colby thicknesse,josias musasa,0.5127913632591952,0.4872086367408049,0.5127913632591952,0,1.0,0,120.0,-140.0,0.0,1.7142857142857144,2.2,0.11981328347186726,0.0201102033293715,0.0177685845494162,0.0531061579115492,0.0415403963623343,-0.0087492050040015,-0.0071004823248937,130.0,-194.0,169.0,-158.0,0.0,0.0,0,0,0,0,0,0,0.0,0,0
812,2312.081175775411,0.05854758374545376,0.42553191489361697,0.04436967259717711,0.015057561985822,1.425531914893617,14533.660546055058,1.5535714285714284,0.02491386542359734,0.15660767742517806,0.2022471358557278,4235.47815305739,111572.12757555982,0.038471904104092104,1,0.6219604863221884,0.08984885456144709,0.0648458210382969,0.014719303597649693,0.2269892394292719,0.06697848215148128,0.10032329309565001,0.5932827048541989,2025-09-27,jimmy crute,ivan erslan,0.7326175315233929,0.7326175315233929,0.267382468476607,1,1.0,1,-235.0,195.0,0.1514435762686319,2.95,1.425531914893617,0.11981328347186726,0.0165952941823782,0.0238802939785123,0.0288236400728919,0.0415575915986622,0.0078978110149948,0.0112072669136124,-241.0,175.0,-225.0,206.0,25.0,0.0,4,0,1,0,3,0,25.0,1,3
813,2710.593211131051,0.051114066226839054,0.5714285714285714,0.09637914066647274,0.015057561985822,1.5714285714285714,14533.660546055058,1.5535714285714284,0.02920803784390803,0.15660767742517806,0.2022471358557278,4235.47815305739,111572.12757555982,0.038471904104092104,1,0.6219604863221884,0.1254979284157311,0.0648458210382969,0.014719303597649693,0.2269892394292719,0.12619466317142047,0.161553707766712,0.5932827048541989,2025-09-27,carlos ulberg,dominick reyes,0.6976958167877554,0.6976958167877554,0.3023041832122446,1,1.0,1,-175.0,145.0,0.2115314122405989,2.45,1.5714285714285714,0.11981328347186726,0.0197703920738484,0.0247565095959103,0.0258820327636691,0.0391284153440624,0.010217586190679,0.0146209632380343,-265.0,195.0,-230.0,205.0,66.66666666666666,66.66666666666666,3,9,2,6,1,3,66.66666666666666,2,1
814,0.0,0.0,0.0,-0.07485924786186221,0.015057561985822,1.3333333333333333,14533.660546055058,1.5535714285714284,0.0,0.15660767742517806,0.2022471358557278,4235.47815305739,111572.12757555982,0.038471904104092104,1,0.6219604863221884,0.0,0.0648458210382969,0.014719303597649693,0.2269892394292719,0.0,0.0,0.5932827048541989,2025-09-27,jack jenkins,ramon taveras,0.6938555641036034,0.6938555641036034,0.3061444358963966,1,1.0,1,-300.0,240.0,0.0,3.4,1.3333333333333333,0.11981328347186726,0.016916169849521,0.0272014772093025,0.0345444993467652,0.0581510883432608,0.0046492144156145,0.0070924685589452,-335.0,210.0,-265.0,250.0,0.0,0.0,0,0,0,0,0,0,0.0,0,0
815,2882.1636076464138,0.04969087556408017,0.625,0.13819109213255,0.015057561985822,1.625,14533.660546055058,1.5535714285714284,0.0310567972275501,0.15660767742517806,0.2022471358557278,4235.47815305739,111572.12757555982,0.038471904104092104,1,0.6219604863221884,0.15246603409444665,0.0648458210382969,0.014719303597649693,0.2269892394292719,0.1738318189777949,0.20429709442083266,0.5932827048541989,2025-09-27,tom nolan,charlie campbell,0.7004252874661846,0.7004252874661846,0.2995747125338154,1,1.0,1,-160.0,135.0,0.2569871544324146,2.35,1.625,0.11981328347186726,0.0185737585076675,0.0223427717705648,0.0410247737237094,0.0498843171853813,0.0116122408128435,0.0140140004582179,-175.0,120.0,-158.0,142.0,0.0,0.0,0,0,0,0,0,0,0.0,0,0
816,0.0,0.0,0.0,-0.041451955261103623,0.015057561985822,1.2083333333333333,14533.660546055058,1.5535714285714284,0.0,0.15660767742517806,0.2022471358557278,4235.47815305739,111572.12757555982,0.038471904104092104,1,0.6219604863221884,0.0,0.0648458210382969,0.014719303597649693,0.2269892394292719,0.0,0.0,0.5932827048541989,2025-09-27,jake matthews,neil magny,0.7932811404735695,0.7932811404735695,0.2067188595264305,1,0.0,1,-480.0,360.0,0.0,4.6,1.2083333333333333,0.11981328347186726,0.015057561985822,0.0299199492585557,0.0270265375564874,0.0481614323683246,0.0081537862806081,0.0134912353644134,-375.0,250.0,-320.0,285.0,60.0,75.0,15,24,9,18,6,6,60.0,9,6
817,-6007.29149697387,0.0538422241066037,-1.0,0.14495336747954107,0.0316294610237879,1.5555555555555556,-17074.82847041724,-1.0,-0.0538422241066037,-0.1530384769157842,-0.12837901215738437,2751.308947969208,97248.60805311179,0.038471904104092104,1,0.330871124824613,0.04453822886323866,0.2574316608087051,0.12186392336670979,0.4733835884206397,0.19328431627047543,0.22350277173454441,0.14944511480536263,2025-10-04,magomed ankalaev,alex pereira,0.7360414505225621,0.7360414505225621,0.2639585494774379,1,0.0,1,-180.0,150.0,0.2980239864062821,2.5,1.5555555555555556,0.23997648174150019,0.0188793207747618,0.023977822082381,0.0533429165600314,0.0799904167733019,-0.0149723996155494,-0.0195898123660174,-275.0,150.0,-180.0,210.0,87.5,33.33333333333333,8,3,7,1,1,2,87.5,7,1
818,2874.6849281671107,0.09919625280918051,0.2597402597402598,0.1435364367962112,0.0316294610237879,1.2597402597402598,-17074.82847041724,-1.0,0.025765260469917027,-0.1530384769157842,-0.12837901215738437,2751.308947969208,97248.60805311179,0.038471904104092104,1,0.330871124824613,0.08825686557368413,0.2574316608087051,0.12186392336670979,0.4733835884206397,0.28284480921170957,0.2996958467798973,0.14944511480536263,2025-10-04,merab dvalishvili,cory sandhagen,0.9077557281784356,0.9077557281784356,0.0922442718215644,1,1.0,1,-385.0,285.0,0.5905637376546561,3.85,1.2597402597402598,0.23997648174150019,0.0191102367691805,0.0344444559607698,0.0258075013481793,0.0517787055483724,0.0061735975652481,0.0112177067825779,-480.0,300.0,-400.0,360.0,87.5,77.77777777777779,8,9,7,7,1,2,87.5,7,1
819,3072.0057967005246,0.059197692169427905,0.4651162790697674,0.12823880931088444,0.0316294610237879,1.4651162790697674,-17074.82847041724,-1.0,0.027533810311361814,-0.1530384769157842,-0.12837901215738437,2751.308947969208,97248.60805311179,0.038471904104092104,1,0.330871124824613,0.04918427821720808,0.2574316608087051,0.12186392336670979,0.4733835884206397,0.18519595683270595,0.22789382379932138,0.14944511480536263,2025-10-04,jiri prochazka,khalil rountree jr,0.7700677587360005,0.7700677587360005,0.2299322412639994,1,1.0,1,-215.0,165.0,0.32911265303831244,2.65,1.4651162790697674,0.23997648174150019,0.0252682230395382,0.034629950066182,0.0287452808578468,0.0379213858088197,0.0088508769065202,0.0113647565166603,-200.0,150.0,-180.0,165.0,50.0,50.0,2,2,1,1,1,1,50.0,1,1
820,2756.100117595068,0.08645842488797177,0.2857142857142856,0.13223073820317932,0.0316294610237879,1.2857142857142856,-17074.82847041724,-1.0,0.024702407110849065,-0.1530384769157842,-0.12837901215738437,2751.308947969208,97248.60805311179,0.038471904104092104,1,0.330871124824613,0.07768594891668158,0.2574316608087051,0.12186392336670979,0.4733835884206397,0.2430960569031101,0.28275823356007496,0.14944511480536263,2025-10-04,josh emmett,youssef zalal,0.8806239074913618,0.1193760925086382,0.8806239074913618,0,0.0,0,240.0,-350.0,0.5198292966475337,1.2857142857142856,3.4,0.23997648174150019,0.0455058686325771,0.0263895562040242,0.0460619216193023,0.0225655293610897,0.0169013791735856,0.0089486904227555,325.0,-500.0,370.0,-435.0,50.0,100.0,10,3,5,3,5,0,100.0,3,0
821,4088.9678779167175,0.03593004923616236,1.02,0.1053872366736246,0.0316294610237879,2.02,-17074.82847041724,-1.0,0.036648650220885606,-0.1530384769157842,-0.12837901215738437,2751.308947969208,97248.60805311179,0.038471904104092104,1,0.330871124824613,0.023236936169272353,0.2574316608087051,0.12186392336670979,0.4733835884206397,0.1041092292369696,0.15739681064189975,0.14944511480536263,2025-10-04,daniel santos,joosang yoo,0.5472214042938736,0.5472214042938736,0.4527785957061264,1,1.0,1,102.0,-130.0,0.155488094739906,1.7692307692307692,2.02,0.23997648174150019,0.0311918528392191,0.0290750434156238,0.0404361667800966,0.0466492510446207,0.0045666922716053,0.005095143477187,-157.0,110.0,-130.0,125.0,0.0,0.0,2,0,0,0,2,0,0.0,0,2
822,0.0,0.0,0.0,-0.05058356687008006,0.0316294610237879,1.1821493624772312,-17074.82847041724,-1.0,0.0,-0.1530384769157842,-0.12837901215738437,2751.308947969208,97248.60805311179,0.038471904104092104,1,0.330871124824613,0.0,0.2574316608087051,0.12186392336670979,0.4733835884206397,0.0,0.0,0.14944511480536263,2025-10-04,veronica hardy,brogan walker,0.8031273062994239,0.8031273062994239,0.1968726937005761,1,1.0,1,-549.0,350.0,0.0,4.5,1.1821493624772312,0.23997648174150019,0.0217506013680772,0.0463884159234824,0.0223424093307764,0.0619147968776492,0.0013907199692106,0.0030289660489285,-925.0,450.0,-649.0,625.0,0.0,0.0,0,0,0,0,0,0,0.0,0,0
823,0.0,0.0,0.0,-0.03269294311452953,0.0316294610237879,1.4545454545454546,-17074.82847041724,-1.0,0.0,-0.1530384769157842,-0.12837901215738437,2751.308947969208,97248.60805311179,0.038471904104092104,1,0.330871124824613,0.0,0.2574316608087051,0.12186392336670979,0.4733835884206397,0.0,0.0,0.14944511480536263,2025-10-04,punahele soriano,nikolay veretennikov,0.665023601608761,0.665023601608761,0.334976398391239,1,1.0,1,-220.0,185.0,0.0,2.85,1.4545454545454546,0.23997648174150019,0.0160111168297911,0.0223660761526648,0.0307772938688427,0.056917189865245,0.0026684056198946,0.0044799502582534,-405.0,250.0,-333.0,320.0,33.33333333333333,0.0,3,0,1,0,2,0,33.33333333333333,1,2
824,2355.2122417602445,0.07029405045404563,0.3003003003003002,0.04774551121395332,0.0316294610237879,1.3003003003003002,-17074.82847041724,-1.0,0.021109324460674355,-0.1530384769157842,-0.12837901215738437,2751.308947969208,97248.60805311179,0.038471904104092104,1,0.330871124824613,0.037612674471344525,0.2574316608087051,0.12186392336670979,0.4733835884206397,0.08372792561642525,0.14352075436858802,0.14944511480536263,2025-10-04,chris gutierrez,farid basharat,0.8057719520421397,0.1942280479578602,0.8057719520421397,0,0.0,0,225.0,-333.0,0.2516821946326669,1.3003003003003002,3.25,0.23997648174150019,0.0481394191137471,0.0286060063614704,0.0548316593126138,0.0245334200524655,0.0146707596682225,0.0073418189481296,350.0,-600.0,430.0,-500.0,57.14285714285714,0.0,7,0,4,0,3,0,0.0,0,0
825,-6388.370517196587,0.05725776370868432,-1.0,0.06984176785317486,0.0316294610237879,1.4444444444444444,-17074.82847041724,-1.0,-0.05725776370868432,-0.1530384769157842,-0.12837901215738437,2751.308947969208,97248.60805311179,0.038471904104092104,1,0.330871124824613,0.034779492948232314,0.2574316608087051,0.12186392336670979,0.4733835884206397,0.10207161013678524,0.15923985787144793,0.14944511480536263,2025-10-04,macy chiasson,yana santos,0.7406596854368134,0.7406596854368134,0.2593403145631866,1,0.0,1,-225.0,163.0,0.23272418769612602,2.63,1.4444444444444444,0.23997648174150019,0.0303091129239294,0.042226716265892,0.0335629363891705,0.0460939263559275,0.0074736116073294,0.0100702480417933,-220.0,155.0,-200.0,185.0,57.14285714285714,100.0,7,1,4,1,3,0,57.14285714285714,4,3
826,0.0,0.04411180690856542,0.0,-0.024683196921652384,0.0316294610237879,1.4,-17074.82847041724,-1.0,0.0,-0.1530384769157842,-0.12837901215738437,2751.308947969208,97248.60805311179,0.038471904104092104,1,0.330871124824613,0.0065922940477225475,0.2574316608087051,0.12186392336670979,0.4733835884206397,-0.03783280819619405,0.0287797937400682,0.14944511480536263,2025-10-04,edmen shahbazyan,andre muniz,0.6966548593416769,0.6966548593416769,0.3033451406583231,1,1.0,1,-250.0,175.0,0.04411180690856542,2.75,1.4,0.23997648174150019,0.0316294610237879,0.0462926168982899,0.0235256614688303,0.0396451033729031,0.0057068304929865,0.0089130525479491,-333.0,240.0,-280.0,260.0,75.0,75.0,8,4,6,3,2,1,75.0,6,2
827,3181.3836507203696,0.04579949471951335,0.7142857142857144,0.15779203668247566,0.0160173649636899,1.7142857142857144,-10591.919586046983,-1.0,0.0327139247996524,-0.10891589913824025,-0.08619276682824659,2209.7929877535744,88866.48145481838,0.038471904104092104,1,-0.17460317460317487,0.04991489265444549,0.2014470785837507,0.08257045470295976,0.40988658303441955,0.18577327138028002,0.22199811478523482,0.19097772166548244,2025-10-11,lucas almeida,michael aswell jr,0.6753786880647774,0.3246213119352225,0.6753786880647774,0,0.0,0,115.0,-140.0,0.261365002258623,1.7142857142857144,2.15,0.24456689236276036,0.0256281517431981,0.0228214606599026,0.0558536211124209,0.0339199932513573,-0.0049942469423515,-0.0034091144021863,205.0,-320.0,250.0,-240.0,0.0,0.0,0,0,0,0,0,0,0.0,0,0
828,2525.1811003929392,0.051932488309011586,0.5,0.018097913944350563,0.0160173649636899,1.5,-10591.919586046983,-1.0,0.025966244154505796,-0.10891589913824025,-0.08619276682824659,2209.7929877535744,88866.48145481838,0.038471904104092104,1,-0.17460317460317487,0.021525455677453478,0.2014470785837507,0.08257045470295976,0.40988658303441955,0.025046216408309306,0.08144342630199092,0.19097772166548244,2025-10-11,luan lacerda,saimon oliveira,0.678731942629567,0.678731942629567,0.3212680573704329,1,1.0,1,-200.0,150.0,0.11271186759237592,2.5,1.5,0.24456689236276036,0.0287452808578468,0.0379213858088197,0.0261726437626684,0.047523501362048,0.0079721434521814,0.0137080733499867,-390.0,260.0,-350.0,310.0,100.0,0.0,1,0,1,0,0,0,100.0,1,0
829,2511.0206551221454,0.10328253351454718,0.25,0.14100524723914132,0.0160173649636899,1.25,-10591.919586046983,-1.0,0.025820633378636795,-0.10891589913824025,-0.08619276682824659,2209.7929877535744,88866.48145481838,0.038471904104092104,1,-0.17460317460317487,0.11225039165804672,0.2014470785837507,0.08257045470295976,0.40988658303441955,0.28708831386671513,0.2886854641016273,0.19097772166548244,2025-10-11,julia polastri,karolina kowalkiewicz,0.912804197791313,0.912804197791313,0.0871958022086869,1,1.0,1,-400.0,330.0,0.5877669430713237,4.3,1.25,0.24456689236276036,0.011520645283363,0.0210374942515207,0.0245334200524655,0.0548316593126138,0.0073418189481296,0.0146707596682225,-600.0,350.0,-500.0,430.0,0.0,80.0,0,10,0,8,0,2,0.0,0,0
830,0.0,0.0,0.0,-0.15302718657884118,0.0160173649636899,1.5,-10591.919586046983,-1.0,0.0,-0.10891589913824025,-0.08619276682824659,2209.7929877535744,88866.48145481838,0.038471904104092104,1,-0.17460317460317487,0.0,0.2014470785837507,0.08257045470295976,0.40988658303441955,0.0,0.0,0.19097772166548244,2025-10-11,lucas rocha,stewart nicoll,0.5646485422807725,0.4353514577192275,0.5646485422807725,0,1.0,0,170.0,-200.0,0.0,1.5,2.7,0.24456689236276036,0.0211927359067407,0.0158443011302963,0.0559391115498085,0.0547328252090848,-0.0011979506991676,-0.0011700341457293,-120.0,-130.0,106.0,-105.0,0.0,0.0,0,0,0,0,0,0,0.0,0,0
831,2460.1558842461336,0.05691958836604324,0.4444444444444444,0.03572005560402486,0.0160173649636899,1.4444444444444444,-10591.919586046983,-1.0,0.02529759482935255,-0.10891589913824025,-0.08619276682824659,2209.7929877535744,88866.48145481838,0.038471904104092104,1,-0.17460317460317487,0.02371823095184308,0.2014470785837507,0.08257045470295976,0.40988658303441955,0.05285360741622803,0.08393383703885875,0.19097772166548244,2025-10-11,vitor petrino,thomas petersen,0.7170369615720172,0.7170369615720172,0.2829630384279827,1,1.0,1,-225.0,190.0,0.12419370565844352,2.9,1.4444444444444444,0.24456689236276036,0.0153963024902878,0.021738976024301,0.0235256614688303,0.0396451033729031,0.0109828680414668,0.0175427158415782,-333.0,240.0,-295.0,255.0,0.0,0.0,0,0,0,0,0,0,0.0,0,0
832,-6137.982475038466,0.0631164044187269,-1.0,0.14492302653133038,0.0160173649636899,1.4444444444444444,-10591.919586046983,-1.0,-0.0631164044187269,-0.10891589913824025,-0.08619276682824659,2209.7929877535744,88866.48145481838,0.038471904104092104,1,-0.17460317460317487,0.06840661706341634,0.2014470785837507,0.08257045470295976,0.40988658303441955,0.21658218889943234,0.2396790431282994,0.19097772166548244,2025-10-11,deiveson figueiredo,montel jackson,0.7926390183678441,0.2073609816321558,0.7926390183678441,0,1.0,0,190.0,-225.0,0.35819160720347126,1.4444444444444444,2.9,0.24456689236276036,0.021738976024301,0.0153963024902878,0.0401929323625033,0.0232991311295601,0.0213747626241244,0.0127337645076586,250.0,-350.0,275.0,-330.0,36.36363636363637,85.71428571428571,11,7,4,6,7,1,85.71428571428571,6,1
833,-3637.736786823086,0.03740656920082965,-1.0,8.32510448783852e-06,0.0160173649636899,1.6451612903225803,-10591.919586046983,-1.0,-0.03740656920082965,-0.10891589913824025,-0.08619276682824659,2209.7929877535744,88866.48145481838,0.038471904104092104,1,-0.17460317460317487,0.007144257412164095,0.2014470785837507,0.08257045470295976,0.40988658303441955,1.029261002776221e-05,0.030257884504142223,0.19097772166548244,2025-10-11,ricardo ramos,kaan ofli,0.607848197612532,0.607848197612532,0.392151802387468,1,0.0,1,-155.0,135.0,0.03740885245598444,2.35,1.6451612903225803,0.24456689236276036,0.015235001794708,0.0181400503538111,0.0385181509057216,0.0559957002621218,-0.0023186844320541,-0.0031457964422627,-250.0,163.0,-200.0,205.0,71.42857142857143,0.0,7,0,5,0,2,0,71.42857142857143,5,2
834,1891.3378626069098,0.0777939304416148,0.25,0.033434375519080156,0.0160173649636899,1.25,-10591.919586046983,-1.0,0.0194484826104037,-0.10891589913824025,-0.08619276682824659,2209.7929877535744,88866.48145481838,0.038471904104092104,1,-0.17460317460317487,0.03455153641431037,0.2014470785837507,0.08257045470295976,0.40988658303441955,0.06555433136431808,0.0922733907774119,0.19097772166548244,2025-10-11,vicente luque,joel alvarez,0.8267475004152641,0.1732524995847358,0.8267475004152641,0,0.0,0,330.0,-400.0,0.1809191989148924,1.25,4.3,0.24456689236276036,0.0210374942515207,0.011520645283363,0.0465092093445847,0.0201574573220818,0.0093160134839013,0.0045970299943595,400.0,-650.0,475.0,-525.0,71.42857142857143,50.0,14,4,10,2,4,2,50.0,2,2
835,-3571.5507059216916,0.036725982792176405,-1.0,0.09580163905565753,0.0160173649636899,1.9803921568627447,-10591.919586046983,-1.0,-0.036725982792176405,-0.10891589913824025,-0.08619276682824659,2209.7929877535744,88866.48145481838,0.038471904104092104,1,-0.17460317460317487,0.02882237988681365,0.2014470785837507,0.08257045470295976,0.40988658303441955,0.09643136394801478,0.14993456358091822,0.19097772166548244,2025-10-11,charles oliveira,mateusz gamrot,0.5533255801172133,0.4466744198827866,0.5533255801172133,0,1.0,0,-125.0,-102.0,0.15092011589340812,1.9803921568627447,1.8,0.24456689236276036,0.0294867742267166,0.0310192763783439,0.0502289057254486,0.0507811952846522,1.1102230246251564e-14,-1.1046719095020308e-14,-125.0,-120.0,-105.0,105.0,80.0,75.0,25,4,20,3,5,1,75.0,3,1
836,0.0,0.0,0.0,-0.09075175153460341,0.0160173649636899,1.5882352941176472,-10591.919586046983,-1.0,0.0,-0.10891589913824025,-0.08619276682824659,2209.7929877535744,88866.48145481838,0.038471904104092104,1,-0.17460317460317487,0.0,0.2014470785837507,0.08257045470295976,0.40988658303441955,0.0,0.0,0.19097772166548244,2025-10-11,jhonata diniz,mario pinto,0.5724896379226571,0.5724896379226571,0.4275103620773429,1,0.0,1,-170.0,145.0,0.0,2.45,1.5882352941176472,0.24456689236276036,0.0168726862316835,0.0209202087040684,0.0358064799603876,0.0386616051459952,0.0104752559866196,0.0111697656584019,-135.0,100.0,-120.0,110.0,0.0,0.0,0,0,0,0,0,0,0.0,0,0
837,2987.9838024483215,0.04608781342376313,0.6666666666666663,0.042677619532428435,0.0160173649636899,1.6666666666666663,-10591.919586046983,-1.0,0.030725208949175402,-0.10891589913824025,-0.08619276682824659,2209.7929877535744,88866.48145481838,0.038471904104092104,1,-0.17460317460317487,0.01910796342645344,0.2014470785837507,0.08257045470295976,0.40988658303441955,0.051902639837508154,0.08227017736067732,0.19097772166548244,2025-10-11,jafel filho,clayton carpenter,0.6256065717194572,0.6256065717194572,0.3743934282805428,1,1.0,1,-150.0,130.0,0.10005336360606003,2.3,1.6666666666666663,0.24456689236276036,0.0160173649636899,0.0187652437319623,0.048421780262274,0.0506955571739555,-0.0010785554887406,-0.001135989643689,-133.0,-112.0,-112.0,113.0,0.0,0.0,0,0,0,0,0,0,0.0,0,0
838,2767.828749505211,0.0429813762375543,0.7246376811594204,0.05012784008827231,0.0356521067558167,1.7246376811594204,13909.204995447697,1.5869565217391308,0.03114592480982196,0.156518011827884,0.12832856001544812,-2505.0973967113287,100270.58905355475,0.038471904104092104,1,-0.1871270247229324,0.11285598149898415,0.04619198644490583,0.00815535021942469,0.1765533558326562,0.05817279035653746,0.11676337398449763,0.8328696612772513,2025-10-18,marlon vera,aiemann zahabi,0.6088976551772335,0.3911023448227665,0.6088976551772335,0,0.0,0,105.0,-138.0,0.13550257230634782,1.7246376811594204,2.05,0.03176338539743338,0.0354005882336351,0.0322362225882545,0.0337117445744432,0.0303908195281207,0.0178827412183016,0.016199055092845,108.0,-140.0,115.0,-132.0,72.22222222222221,0.0,18,0,13,0,5,0,0.0,0,0
839,-5968.332949487195,0.06716067578889824,-1.0,0.04372594797988205,0.0356521067558167,1.3333333333333333,13909.204995447697,1.5869565217391308,-0.06716067578889824,0.156518011827884,0.12832856001544812,-2505.0973967113287,100270.58905355475,0.038471904104092104,1,-0.1871270247229324,0.1468210328447082,0.04619198644490583,0.00815535021942469,0.1765533558326562,0.07446784640084153,0.10350984825710999,0.8328696612772513,2025-10-18,bruno silva,hyunsung park,0.7827944609849116,0.2172055390150884,0.7827944609849116,0,1.0,0,250.0,-300.0,0.1762833245955317,1.3333333333333333,3.5,0.03176338539743338,0.022024663419782,0.0136896222945035,0.0502397771009109,0.0344163075551738,0.0032482066683378,0.0024015108457864,170.0,-250.0,195.0,-200.0,42.857142857142854,0.0,7,0,3,0,4,0,0.0,0,0
840,0.0,0.0,0.0,-0.0661921941267537,0.0356521067558167,1.3076923076923077,13909.204995447697,1.5869565217391308,0.0,0.156518011827884,0.12832856001544812,-2505.0973967113287,100270.58905355475,0.038471904104092104,1,-0.1871270247229324,0.0,0.04619198644490583,0.00815535021942469,0.1765533558326562,0.0,0.0,0.8328696612772513,2025-10-18,stephanie luciano,ravena oliveira,0.7140883221383648,0.7140883221383648,0.2859116778616352,1,1.0,1,-325.0,275.0,0.0,3.75,1.3076923076923077,0.03176338539743338,0.011763076572451,0.0196094724471568,0.0280783251686388,0.0470558429887851,0.0091879215187772,0.0147846812209487,-330.0,225.0,-300.0,265.0,0.0,0.0,0,0,0,0,0,0,0.0,0,0
841,0.0,0.0,0.0,-0.0930213331086584,0.0356521067558167,1.5,13909.204995447697,1.5869565217391308,0.0,0.156518011827884,0.12832856001544812,-2505.0973967113287,100270.58905355475,0.038471904104092104,1,-0.1871270247229324,0.0,0.04619198644490583,0.00815535021942469,0.1765533558326562,0.0,0.0,0.8328696612772513,2025-10-18,danny barlow,djorden santos,0.6046524445942277,0.6046524445942277,0.3953475554057722,1,0.0,1,-200.0,170.0,0.0,2.7,1.5,0.03176338539743338,0.0158443011302963,0.0211927359067407,0.0262663073127574,0.040400359353909,0.0148558191630255,0.0220105402839789,-275.0,200.0,-250.0,210.0,0.0,0.0,0,0,0,0,0,0,0.0,0,0
842,0.0,0.0,0.0,-0.3318779702439446,0.0356521067558167,1.3333333333333333,13909.204995447697,1.5869565217391308,0.0,0.156518011827884,0.12832856001544812,-2505.0973967113287,100270.58905355475,0.038471904104092104,1,-0.1871270247229324,0.0,0.04619198644490583,0.00815535021942469,0.1765533558326562,0.0,0.0,0.8328696612772513,2025-10-18,kyle prepolec,drew dober,0.5010915223170416,0.4989084776829584,0.5010915223170416,0,0.0,0,250.0,-300.0,0.0,1.3333333333333333,3.5,0.03176338539743338,0.022024663419782,0.0136896222945035,0.0609500366142162,0.0331676104446071,-0.0039284272585102,-0.0024818291517462,240.0,-400.0,300.0,-290.0,100.0,46.15384615384615,1,13,1,6,0,7,46.15384615384615,6,7
843,0.0,0.0,0.0,-0.10090230442410347,0.0356521067558167,1.5882352941176472,13909.204995447697,1.5869565217391308,0.0,0.156518011827884,0.12832856001544812,-2505.0973967113287,100270.58905355475,0.038471904104092104,1,-0.1871270247229324,0.0,0.04619198644490583,0.00815535021942469,0.1765533558326562,0.0,0.0,0.8328696612772513,2025-10-18,cody gibson,aoriqileng,0.5660985490663052,0.4339014509336948,0.5660985490663052,0,0.0,0,145.0,-170.0,0.0,1.5882352941176472,2.45,0.03176338539743338,0.0209202087040684,0.0168726862316835,0.0287452808578468,0.0379213858088197,0.0100303663013401,0.013117781846808,-200.0,150.0,-188.0,170.0,0.0,0.0,3,0,0,0,3,0,0.0,0,0
844,-4353.53268924118,0.048989592228365755,-1.0,0.02335699023377058,0.0356521067558167,1.5714285714285714,13909.204995447697,1.5869565217391308,-0.04898959222836576,0.156518011827884,0.12832856001544812,-2505.0973967113287,100270.58905355475,0.038471904104092104,1,-0.1871270247229324,0.08274527395449544,0.04619198644490583,0.00815535021942469,0.1765533558326562,0.030458995828815012,0.07618464592105562,0.8328696612772513,2025-10-18,reinier de ridder,brendan allen,0.6512271756033086,0.6512271756033086,0.3487728243966914,1,0.0,1,-175.0,140.0,0.09934960750953639,2.4,1.5714285714285714,0.03176338539743338,0.0236091506105913,0.0294211524197116,0.0342356681559874,0.0490051753512268,0.0045186736995186,0.0062340144725243,-240.0,165.0,-210.0,200.0,0.0,50.0,0,8,0,4,0,4,0.0,0,0
845,2472.5504216810887,0.055646412037550656,0.5,0.0952573614781162,0.0356521067558167,1.5,13909.204995447697,1.5869565217391308,0.027823206018775328,0.156518011827884,0.12832856001544812,-2505.0973967113287,100270.58905355475,0.038471904104092104,1,-0.1871270247229324,0.18926627056944922,0.04619198644490583,0.00815535021942469,0.1765533558326562,0.13346096956051823,0.16219611756706812,0.8328696612772513,2025-10-18,charles jourdain,davey grant,0.7301715743187441,0.7301715743187441,0.2698284256812558,1,1.0,1,-200.0,170.0,0.22724596580838236,2.7,1.5,0.03176338539743338,0.0158443011302963,0.0211927359067407,0.0314687124102657,0.0403703680495044,0.0092525797802403,0.0117264411987806,-190.0,140.0,-175.0,160.0,50.0,66.66666666666666,8,9,4,6,4,3,50.0,4,4
846,2576.389070830747,0.049285865139592426,0.5882352941176472,0.048484754313390055,0.0356521067558167,1.5882352941176472,13909.204995447697,1.5869565217391308,0.02899168537623084,0.156518011827884,0.12832856001544812,-2505.0973967113287,100270.58905355475,0.038471904104092104,1,-0.1871270247229324,0.1019466318578221,0.04619198644490583,0.00815535021942469,0.1765533558326562,0.06261769287166061,0.09477722236300411,0.8328696612772513,2025-10-18,kyle nelson,matt frevola,0.660157067530653,0.660157067530653,0.339842932469347,1,1.0,1,-170.0,145.0,0.12240406464257728,2.45,1.5882352941176472,0.03176338539743338,0.0168726862316835,0.0209202087040684,0.0564627941134108,0.0579572685825139,-0.0079137459606215,-0.0081930188806118,-132.0,-120.0,-105.0,112.0,100.0,20.0,4,5,4,1,0,4,100.0,4,0
847,0.0,0.0,0.0,-0.12898250940898143,0.0356521067558167,1.6666666666666663,13909.204995447697,1.5869565217391308,0.0,0.156518011827884,0.12832856001544812,-2505.0973967113287,100270.58905355475,0.038471904104092104,1,-0.1871270247229324,0.0,0.04619198644490583,0.00815535021942469,0.1765533558326562,0.0,0.0,0.8328696612772513,2025-10-18,kevin holland,mike malott,0.5226104943546113,0.4773895056453887,0.5226104943546113,0,0.0,0,110.0,-150.0,0.0,1.6666666666666663,2.1,0.03176338539743338,0.0405383694346594,0.0356521067558167,0.0403899459927181,0.0399483203920599,0.0121951219512195,0.0121951219512195,-115.0,-120.0,-105.0,-105.0,91.66666666666666,100.0,12,1,11,1,1,0,100.0,1,0
848,-3811.400808529818,0.03801115406327313,-1.0,0.12197622888788129,0.0148153165095695,1.9523809523809523,-6714.260060729486,-1.0,-0.03801115406327313,-0.06696141036075279,-0.26650528299963566,-20008.381651528292,73547.94734129697,0.038471904104092104,1,-3.265217391304348,0.05848364060844492,0.11093305392484583,0.04433024937059559,0.39961262943890596,0.12470639644627672,0.1649446218051258,0.34680289366373873,2025-10-25,nathaniel wood,jose delgado,0.5746707513815977,0.4253292486184022,0.5746707513815977,0,1.0,0,-115.0,-105.0,0.1686365416118784,1.9523809523809523,1.869565217391304,-0.1741171581881131,0.0232792664320201,0.0237995764494319,0.0395132920372828,0.0333527731951945,0.012842786447449,0.0108860271118729,120.0,-162.0,136.0,-150.0,50.0,0.0,6,0,3,0,3,0,0.0,0,0
849,0.0,0.0,0.0,-0.019258418336490335,0.0148153165095695,1.2857142857142856,-6714.260060729486,-1.0,0.0,-0.06696141036075279,-0.26650528299963566,-20008.381651528292,73547.94734129697,0.038471904104092104,1,-3.265217391304348,0.0,0.11093305392484583,0.04433024937059559,0.39961262943890596,0.0,0.0,0.34680289366373873,2025-10-25,ikram aliskerov,junyong park,0.7627990079605076,0.7627990079605076,0.2372009920394924,1,1.0,1,-350.0,285.0,0.0,3.85,1.2857142857142856,-0.1741171581881131,0.0137757898776073,0.0237422476404303,0.0477530530216476,0.065883310614716,0.0048908886268876,0.0066033642466755,-230.0,140.0,-200.0,190.0,0.0,57.14285714285714,0,7,0,4,0,3,0.0,0,0
850,-5611.792370822346,0.05596648452743282,-1.0,0.0663921829371924,0.0148153165095695,1.4651162790697674,-6714.260060729486,-1.0,-0.05596648452743282,-0.06696141036075279,-0.26650528299963566,-20008.381651528292,73547.94734129697,0.038471904104092104,1,-3.265217391304348,0.07191375092926558,0.11093305392484583,0.04433024937059559,0.39961262943890596,0.09533600752427353,0.14440732284541113,0.34680289366373873,2025-10-25,virna jandiroba,mackenzie dern,0.7278549820047504,0.7278549820047504,0.2721450179952496,1,0.0,1,-215.0,164.0,0.20736202679725446,2.64,1.4651162790697674,-0.1741171581881131,0.0258805609682243,0.035447000359337,0.0447138948240805,0.0398651767730872,0.0090511155819305,0.0080429015120865,105.0,-148.0,125.0,-134.0,75.0,66.66666666666666,4,9,3,6,1,3,75.0,3,1
851,0.0,0.03219095004167843,0.0,-0.017746544501916706,0.0148153165095695,1.2325581395348837,-6714.260060729486,-1.0,0.0,-0.06696141036075279,-0.26650528299963566,-20008.381651528292,73547.94734129697,0.038471904104092104,1,-3.265217391304348,0.01116391462423893,0.11093305392484583,0.04433024937059559,0.39961262943890596,-0.03534362987463738,0.016163538648970896,0.34680289366373873,2025-10-25,umar nurmagomedov,mario bautista,0.7969226148380676,0.7969226148380676,0.2030773851619324,1,1.0,1,-430.0,300.0,0.03219095004167843,4.0,1.2325581395348837,-0.1741171581881131,0.0211528338556065,0.0401679208613745,0.0198537758182704,0.0474539164894218,0.0049166645944902,0.0102348505570248,-700.0,420.0,-560.0,500.0,100.0,50.0,3,6,3,3,0,3,100.0,3,0
852,-3473.7135052655613,0.03464339382119559,-1.0,0.22431935281859072,0.0148153165095695,2.15,-6714.260060729486,-1.0,-0.03464339382119559,-0.06696141036075279,-0.26650528299963566,-20008.381651528292,73547.94734129697,0.038471904104092104,1,-3.265217391304348,0.07811286047547729,0.11093305392484583,0.04433024937059559,0.39961262943890596,0.21015878334780552,0.24041359745474722,0.34680289366373873,2025-10-25,aleksandar rakic,azamat murzakanov,0.5694508617760887,0.5694508617760887,0.4305491382239113,1,0.0,1,115.0,-135.0,0.22523704935177324,1.7407407407407407,2.15,-0.1741171581881131,0.0208335315063746,0.0187508326697758,0.0408635304988034,0.0424173589494868,0.0057123740755625,0.0059020277827417,-127.0,-110.0,-110.0,105.0,57.14285714285714,0.0,7,2,4,0,3,2,57.14285714285714,4,3
853,4212.7105221031015,0.03231801653955719,1.2999999999999998,0.24927459409074737,0.0148153165095695,2.3,-6714.260060729486,-1.0,0.04201342150142434,-0.06696141036075279,-0.26650528299963566,-20008.381651528292,73547.94734129697,0.038471904104092104,1,-3.265217391304348,0.07550640271758148,0.11093305392484583,0.04433024937059559,0.39961262943890596,0.22020427348929802,0.24646391468199666,0.34680289366373873,2025-10-25,ludovit klein,mateusz rebecki,0.5431628669959772,0.5431628669959772,0.4568371330040228,1,1.0,1,130.0,-150.0,0.21772137458228,1.6666666666666663,2.3,-0.1741171581881131,0.0187652437319623,0.0160173649636899,0.04131702533772,0.0472953426864125,-0.0079938284456921,-0.0089521327668853,-155.0,108.0,-126.0,135.0,0.0,0.0,2,0,0,0,2,0,0.0,0,2
854,-6204.150665713426,0.06187408216381152,-1.0,0.0643649598673901,0.0148153165095695,1.4,-6714.260060729486,-1.0,-0.06187408216381151,-0.06696141036075279,-0.26650528299963566,-20008.381651528292,73547.94734129697,0.038471904104092104,1,-3.265217391304348,0.0701875995843977,0.11093305392484583,0.04433024937059559,0.39961262943890596,0.10037871448298329,0.1297733604053664,0.34680289366373873,2025-10-25,alexander volkov,jailton almeida,0.7602606856195644,0.2397393143804356,0.7602606856195644,0,1.0,0,210.0,-250.0,0.20238469997442363,1.4,3.1,-0.1741171581881131,0.0220105402839789,0.0148558191630255,0.0365900432683323,0.0278394869330098,0.0120147449784062,0.0093151755676396,150.0,-198.0,166.0,-182.0,69.23076923076923,100.0,13,3,9,3,4,0,100.0,3,0
855,-7829.046825080549,0.07807919449739183,-1.0,0.035471591749593245,0.0148153165095695,1.25,-6714.260060729486,-1.0,-0.07807919449739183,-0.06696141036075279,-0.26650528299963566,-20008.381651528292,73547.94734129697,0.038471904104092104,1,-3.265217391304348,0.06541542851243516,0.11093305392484583,0.04433024937059559,0.39961262943890596,0.06956052798322136,0.09618675773968938,0.34680289366373873,2025-10-25,jaqueline amorim,mizuki,0.8283772733996746,0.8283772733996746,0.1716227266003254,1,0.0,1,-400.0,330.0,0.18862422923109226,4.3,1.25,-0.1741171581881131,0.011520645283363,0.0210374942515207,0.0316056977958929,0.0648855302742824,0.007423685477514,0.0139937600053522,-500.0,280.0,-435.0,380.0,0.0,0.0,0,1,0,0,0,1,0.0,0,0
856,2709.012001780304,0.06213913434543458,0.4347826086956521,0.11771002225027088,0.0148153165095695,1.434782608695652,-6714.260060729486,-1.0,0.02701701493279764,-0.06696141036075279,-0.26650528299963566,-20008.381651528292,73547.94734129697,0.038471904104092104,1,-3.265217391304348,0.10567965212415291,0.11093305392484583,0.04433024937059559,0.39961262943890596,0.1771998088684766,0.20242253305440977,0.34680289366373873,2025-10-25,hamdy abdelwahab,chris barnett,0.7790100155077646,0.7790100155077646,0.2209899844922354,1,1.0,1,-230.0,195.0,0.30472540470386117,2.95,1.434782608695652,-0.1741171581881131,0.0148153165095695,0.0211374313075851,0.0195324196052418,0.0390006695084,0.0075956458130015,0.0142514246934533,-480.0,333.0,-430.0,375.0,0.0,0.0,0,2,0,0,0,2,0.0,0,0
857,0.0,0.0,0.0,-0.1899071822523929,0.0356521067558167,1.5714285714285714,23528.317930722766,5.5024999999999995,0.0,0.31990448110727465,0.2685912624856391,-3773.9819010965134,93302.28337092322,0.038471904104092104,1,0.7666666666666655,0.0,0.14689281055882333,0.07441298787870992,0.5065801899740436,0.0,0.0,0.26190460893037376,2025-11-01,charles radtke,daniel frunza,0.5155136112939318,0.5155136112939318,0.4844863887060682,1,1.0,1,-175.0,150.0,0.0,2.5,1.5714285714285714,-0.0129254310016991,0.016106388422954,0.0202572479406822,0.0371812767736244,0.0467241389395716,0.0053420528861958,0.006586672976773,-185.0,130.0,-163.0,155.0,0.0,0.0,0,0,0,0,0,0,0.0,0,0
858,1443.338098339088,0.05887335339114181,0.33333333333333326,0.002447490146481046,0.0356521067558167,1.3333333333333333,23528.317930722766,5.5024999999999995,0.0196244511303806,0.31990448110727465,0.2685912624856391,-3773.9819010965134,93302.28337092322,0.038471904104092104,1,0.7666666666666655,0.015420143767210919,0.14689281055882333,0.07441298787870992,0.5065801899740436,0.004164000457416278,0.034606323654481595,0.26190460893037376,2025-11-01,allan nascimento,cody durden,0.7518356176098608,0.7518356176098608,0.2481643823901391,1,1.0,1,-300.0,250.0,0.05887694695479872,3.5,1.3333333333333333,-0.0129254310016991,0.0136896222945035,0.022024663419782,0.0216282284600793,0.0368133299814789,0.0114222609203347,0.0186479027950011,-340.0,250.0,-310.0,265.0,100.0,0.0,1,2,1,0,0,2,100.0,1,0
859,0.0,0.0,0.0,-0.1061806308202411,0.0356521067558167,1.5882352941176472,23528.317930722766,5.5024999999999995,0.0,0.31990448110727465,0.2685912624856391,-3773.9819010965134,93302.28337092322,0.038471904104092104,1,0.7666666666666655,0.0,0.14689281055882333,0.07441298787870992,0.5065801899740436,0.0,0.0,0.26190460893037376,2025-11-01,waldo cortes acosta,ante delija,0.5627751583724407,0.4372248416275592,0.5627751583724407,0,1.0,0,145.0,-170.0,0.0,1.5882352941176472,2.45,-0.0129254310016991,0.0209202087040684,0.0168726862316835,0.0415743006321754,0.0382576321409336,0.0111697656584019,0.0104752559866196,100.0,-138.0,110.0,-120.0,100.0,0.0,1,0,1,0,0,0,0.0,0,0
860,3322.796142068103,0.02914750885633278,1.5499999999999998,0.4287204719764698,0.0356521067558167,2.55,23528.317930722766,5.5024999999999995,0.04517863872731581,0.31990448110727465,0.2685912624856391,-3773.9819010965134,93302.28337092322,0.038471904104092104,1,0.7666666666666655,0.07836671392593425,0.14689281055882333,0.07441298787870992,0.5065801899740436,0.35087150372062187,0.365607098495991,0.26190460893037376,2025-11-01,timmy cuamba,changho lee,0.5602825380299882,0.5602825380299882,0.4397174619700118,1,1.0,1,155.0,-180.0,0.29921853703142626,1.5555555555555556,2.55,-0.0129254310016991,0.0196241763171906,0.0153898292850502,0.0403899459927181,0.0399483203920599,0.0097005466611789,0.0095302225695902,-115.0,-120.0,100.0,-108.0,0.0,0.0,0,0,0,0,0,0,0.0,0,0
861,-4522.603667721056,0.06149190876441533,-1.0,0.08084771965708903,0.0356521067558167,1.4166666666666667,23528.317930722766,5.5024999999999995,-0.06149190876441533,0.31990448110727465,0.2685912624856391,-3773.9819010965134,93302.28337092322,0.038471904104092104,1,0.7666666666666655,0.06024304898974339,0.14689281055882333,0.07441298787870992,0.5065801899740436,0.12390765937547787,0.15008366437386836,0.26190460893037376,2025-11-01,isaac dulgarian,yadier del valle,0.762951331522651,0.762951331522651,0.2370486684773489,1,0.0,1,-240.0,205.0,0.23001904867492712,3.05,1.4166666666666667,-0.0129254310016991,0.0137453826296485,0.0200058227705441,0.1074235827583591,0.1353533582247985,-0.0531066462373979,-0.0607813638859808,-235.0,-118.0,-118.0,190.0,0.0,0.0,0,0,0,0,0,0,0.0,0,0
862,0.0,0.0,0.0,-0.13840594840220877,0.0356521067558167,1.5,23528.317930722766,5.5024999999999995,0.0,0.31990448110727465,0.2685912624856391,-3773.9819010965134,93302.28337092322,0.038471904104092104,1,0.7666666666666655,0.0,0.14689281055882333,0.07441298787870992,0.5065801899740436,0.0,0.0,0.26190460893037376,2025-11-01,phil rowe,seokhyeon ko,0.5743960343985275,0.4256039656014724,0.5743960343985275,0,0.0,0,170.0,-200.0,0.0,1.5,2.7,-0.0129254310016991,0.0211927359067407,0.0158443011302963,0.039118599946652,0.0300616145120127,0.0113647565166603,0.0088508769065202,145.0,-195.0,165.0,-180.0,100.0,0.0,1,0,1,0,0,0,0.0,0,0
863,0.0,0.0,0.0,-0.10005848486611324,0.0356521067558167,1.5,23528.317930722766,5.5024999999999995,0.0,0.31990448110727465,0.2685912624856391,-3773.9819010965134,93302.28337092322,0.038471904104092104,1,0.7666666666666655,0.0,0.14689281055882333,0.07441298787870992,0.5065801899740436,0.0,0.0,0.26190460893037376,2025-11-01,phil rowe,seokhyeon ko,0.5999610100892578,0.4000389899107422,0.5999610100892578,0,0.0,0,170.0,-200.0,0.0,1.5,2.7,-0.0129254310016991,0.0211927359067407,0.0158443011302963,0.039118599946652,0.0300616145120127,0.0113647565166603,0.0088508769065202,145.0,-195.0,165.0,-180.0,100.0,0.0,1,0,1,0,0,0,0.0,0,0
864,0.0,0.0,0.0,-0.0548798833146823,0.0356521067558167,1.3225806451612905,23528.317930722766,5.5024999999999995,0.0,0.31990448110727465,0.2685912624856391,-3773.9819010965134,93302.28337092322,0.038471904104092104,1,0.7666666666666655,0.0,0.14689281055882333,0.07441298787870992,0.5065801899740436,0.0,0.0,0.26190460893037376,2025-11-01,talita alencar,ariane carnelossi,0.7146030150547523,0.7146030150547523,0.2853969849452477,1,1.0,1,-310.0,230.0,0.0,3.3,1.3225806451612905,-0.0129254310016991,0.0224810447667491,0.0366468192391635,0.0290887615654049,0.040577421308325,0.0059124538038086,0.0079764350850802,-225.0,165.0,-200.0,188.0,0.0,0.0,0,0,0,0,0,0,0.0,0,0
865,0.0,0.0,0.0,-0.06760100810405073,0.0356521067558167,1.6666666666666663,23528.317930722766,5.5024999999999995,0.0,0.31990448110727465,0.2685912624856391,-3773.9819010965134,93302.28337092322,0.038471904104092104,1,0.7666666666666655,0.0,0.14689281055882333,0.07441298787870992,0.5065801899740436,0.0,0.0,0.26190460893037376,2025-11-01,ketlen vieira,norma dumont,0.5594393951375697,0.4405606048624303,0.5594393951375697,0,0.0,0,110.0,-150.0,0.0,1.6666666666666663,2.1,-0.0129254310016991,0.0405383694346594,0.0356521067558167,0.0385096915225427,0.0313094135234744,0.0120126133750463,0.0098760670502194,130.0,-174.0,146.0,-160.0,37.5,20.0,8,5,3,1,5,4,20.0,1,4
866,0.0,0.0,0.0,-0.057646844558592064,0.0356521067558167,1.2,23528.317930722766,5.5024999999999995,0.0,0.31990448110727465,0.2685912624856391,-3773.9819010965134,93302.28337092322,0.038471904104092104,1,0.7666666666666655,0.0,0.14689281055882333,0.07441298787870992,0.5065801899740436,0.0,0.0,0.26190460893037376,2025-11-01,alice ardelean,montserrat conejo ruiz,0.7852942962011733,0.7852942962011733,0.2147057037988267,1,1.0,1,-500.0,385.0,0.0,4.85,1.2,-0.0129254310016991,0.0130934159671677,0.0264254843764749,0.0222663835266408,0.0408915112102011,0.0079721434521814,0.0137080733499867,-400.0,280.0,-350.0,310.0,0.0,100.0,0,1,0,1,0,0,0.0,0,0
867,-3687.7840545368,0.05014122334949407,-1.0,0.014536251955615531,0.0356521067558167,1.5555555555555556,23528.317930722766,5.5024999999999995,-0.05014122334949407,0.31990448110727465,0.2685912624856391,-3773.9819010965134,93302.28337092322,0.038471904104092104,1,0.7666666666666655,0.01738933576330801,0.14689281055882333,0.07441298787870992,0.5065801899740436,0.019313390023193686,0.04997281142099874,0.26190460893037376,2025-11-01,jeremiah wells,themba gorimbo,0.6522018762571814,0.3477981237428186,0.6522018762571814,0,1.0,0,155.0,-180.0,0.06639568442238025,1.5555555555555556,2.55,-0.0129254310016991,0.0196241763171906,0.0153898292850502,0.0541581140915472,0.0460925124748687,0.0028679897288758,0.0024958579378502,110.0,-166.0,135.0,-138.0,100.0,100.0,1,1,1,1,0,0,100.0,1,0
868,2265.5297820816936,0.04620515998023523,0.6666666666666663,0.0504377955042809,0.0356521067558167,1.6666666666666663,23528.317930722766,5.5024999999999995,0.030803439986823465,0.31990448110727465,0.2685912624856391,-3773.9819010965134,93302.28337092322,0.038471904104092104,1,0.7666666666666655,0.02913569815068543,0.14689281055882333,0.07441298787870992,0.5065801899740436,0.061344482690170746,0.09146667167233272,0.26190460893037376,2025-11-01,steve garcia,david onama,0.6302626773025687,0.6302626773025687,0.3697373226974313,1,1.0,1,-150.0,130.0,0.11124545791567583,2.3,1.6666666666666663,-0.0129254310016991,0.0160173649636899,0.0187652437319623,0.0265680525498327,0.0294543564137525,0.0113725337539204,0.0125604538807027,-138.0,110.0,-130.0,118.0,33.33333333333333,50.0,3,2,1,1,2,1,33.33333333333333,1,2
869,2311.3294093555733,0.0471392369109213,0.6666666666666663,0.10328108372140032,0.0356521067558167,1.6666666666666663,23528.317930722766,5.5024999999999995,0.03142615794061418,0.31990448110727465,0.2685912624856391,-3773.9819010965134,93302.28337092322,0.038471904104092104,1,0.7666666666666655,0.04909626023391622,0.14689281055882333,0.07441298787870992,0.5065801899740436,0.12580047110527864,0.15390183214421727,0.26190460893037376,2025-11-01,steve garcia,david onama,0.6619686502328403,0.6619686502328403,0.3380313497671596,1,1.0,1,-150.0,130.0,0.1874585576574113,2.3,1.6666666666666663,-0.0129254310016991,0.0160173649636899,0.0187652437319623,0.0265680525498327,0.0294543564137525,0.0113725337539204,0.0125604538807027,-138.0,110.0,-130.0,118.0,33.33333333333333,50.0,3,2,1,1,2,1,33.33333333333333,1,2
870,0.0,0.0,0.0,-0.17470714609751986,0.0356521067558167,1.5714285714285714,23528.317930722766,5.5024999999999995,0.0,0.31990448110727465,0.2685912624856391,-3773.9819010965134,93302.28337092322,0.038471904104092104,1,0.7666666666666655,0.0,0.14689281055882333,0.07441298787870992,0.5065801899740436,0.0,0.0,0.26190460893037376,2025-11-01,charles radtke,daniel frunza,0.5251863615743055,0.5251863615743055,0.4748136384256944,1,1.0,1,-175.0,150.0,0.0,2.5,1.5714285714285714,-0.0129254310016991,0.016106388422954,0.0202572479406822,0.0371812767736244,0.0467241389395716,0.0053420528861958,0.006586672976773,-185.0,130.0,-163.0,155.0,0.0,0.0,0,0,0,0,0,0,0.0,0,0
871,0.0,0.0,0.0,-0.05420579510231244,0.0356521067558167,1.5882352941176472,23528.317930722766,5.5024999999999995,0.0,0.31990448110727465,0.2685912624856391,-3773.9819010965134,93302.28337092322,0.038471904104092104,1,0.7666666666666655,0.0,0.14689281055882333,0.07441298787870992,0.5065801899740436,0.0,0.0,0.26190460893037376,2025-11-01,waldo cortes acosta,ante delija,0.595500054935581,0.404499945064419,0.595500054935581,0,1.0,0,145.0,-170.0,0.0,1.5882352941176472,2.45,-0.0129254310016991,0.0209202087040684,0.0168726862316835,0.0415743006321754,0.0382576321409336,0.0111697656584019,0.0104752559866196,100.0,-138.0,110.0,-120.0,100.0,0.0,1,0,1,0,0,0,0.0,0,0
872,-3724.843001761429,0.05064509801308813,-1.0,0.03690391897096473,0.0356521067558167,1.5555555555555556,23528.317930722766,5.5024999999999995,-0.05064509801308813,0.31990448110727465,0.2685912624856391,-3773.9819010965134,93302.28337092322,0.038471904104092104,1,0.7666666666666655,0.027498468975331685,0.14689281055882333,0.07441298787870992,0.5065801899740436,0.04903397944955052,0.07902067236293697,0.26190460893037376,2025-11-01,jeremiah wells,themba gorimbo,0.6665810907670487,0.3334189092329512,0.6665810907670487,0,1.0,0,155.0,-180.0,0.10499421559489255,1.5555555555555556,2.55,-0.0129254310016991,0.0196241763171906,0.0153898292850502,0.0541581140915472,0.0460925124748687,0.0028679897288758,0.0024958579378502,110.0,-166.0,135.0,-138.0,100.0,100.0,1,1,1,1,0,0,100.0,1,0
873,0.0,0.03797078770537781,0.0,-0.004902826168330349,0.0356521067558167,1.3333333333333333,23528.317930722766,5.5024999999999995,0.0,0.31990448110727465,0.2685912624856391,-3773.9819010965134,93302.28337092322,0.038471904104092104,1,0.7666666666666655,0.00994472430475522,0.14689281055882333,0.07441298787870992,0.5065801899740436,-0.008342123781436823,0.02231616030540106,0.26190460893037376,2025-11-01,allan nascimento,cody durden,0.7463228803737523,0.7463228803737523,0.2536771196262477,1,1.0,1,-300.0,250.0,0.03797078770537781,3.5,1.3333333333333333,-0.0129254310016991,0.0136896222945035,0.022024663419782,0.0216282284600793,0.0368133299814789,0.0114222609203347,0.0186479027950011,-340.0,250.0,-310.0,265.0,100.0,0.0,1,2,1,0,0,2,100.0,1,0
874,0.0,0.0,0.0,-0.08065337138299819,0.0356521067558167,1.2857142857142856,23528.317930722766,5.5024999999999995,0.0,0.31990448110727465,0.2685912624856391,-3773.9819010965134,93302.28337092322,0.038471904104092104,1,0.7666666666666655,0.0,0.14689281055882333,0.07441298787870992,0.5065801899740436,0.0,0.0,0.26190460893037376,2025-11-01,billy elekana,kevin christian,0.7150473778132237,0.7150473778132237,0.2849526221867763,1,1.0,1,-350.0,285.0,0.0,3.85,1.2857142857142856,-0.0129254310016991,0.0137757898776073,0.0237422476404303,0.0262663073127574,0.040400359353909,0.0088416268857176,0.0131363950923042,-275.0,200.0,-250.0,225.0,0.0,0.0,0,0,0,0,0,0,0.0,0,0
875,0.0,0.0,0.0,-0.040300005361128655,0.0356521067558167,1.3225806451612905,23528.317930722766,5.5024999999999995,0.0,0.31990448110727465,0.2685912624856391,-3773.9819010965134,93302.28337092322,0.038471904104092104,1,0.7666666666666655,0.0,0.14689281055882333,0.07441298787870992,0.5065801899740436,0.0,0.0,0.26190460893037376,2025-11-01,talita alencar,ariane carnelossi,0.7256268252147563,0.7256268252147563,0.2743731747852437,1,1.0,1,-310.0,230.0,0.0,3.3,1.3225806451612905,-0.0129254310016991,0.0224810447667491,0.0366468192391635,0.0290887615654049,0.040577421308325,0.0059124538038086,0.0079764350850802,-225.0,165.0,-200.0,188.0,0.0,0.0,0,0,0,0,0,0,0.0,0,0
876,0.0,0.0,0.0,-0.036564661314488156,0.0356521067558167,1.3846153846153846,23528.317930722766,5.5024999999999995,0.0,0.31990448110727465,0.2685912624856391,-3773.9819010965134,93302.28337092322,0.038471904104092104,1,0.7666666666666655,0.0,0.14689281055882333,0.07441298787870992,0.5065801899740436,0.0,0.0,0.26190460893037376,2025-11-01,donte johnson,sedriques dumas,0.6958144112728697,0.6958144112728697,0.3041855887271303,1,1.0,1,-260.0,220.0,0.0,3.2,1.3846153846153846,-0.0129254310016991,0.0138401786029276,0.0208820436192945,0.0248609848202681,0.0445834596241764,0.0084219802007452,0.0143052925265275,-380.0,260.0,-340.0,300.0,0.0,0.0,0,0,0,0,0,0,0.0,0,0
877,0.0,0.0,0.0,-0.06643342946483499,0.0356521067558167,1.2,23528.317930722766,5.5024999999999995,0.0,0.31990448110727465,0.2685912624856391,-3773.9819010965134,93302.28337092322,0.038471904104092104,1,0.7666666666666655,0.0,0.14689281055882333,0.07441298787870992,0.5065801899740436,0.0,0.0,0.26190460893037376,2025-11-01,alice ardelean,montserrat conejo ruiz,0.7779721421126375,0.7779721421126375,0.2220278578873624,1,1.0,1,-500.0,385.0,0.0,4.85,1.2,-0.0129254310016991,0.0130934159671677,0.0264254843764749,0.0222663835266408,0.0408915112102011,0.0079721434521814,0.0137080733499867,-400.0,280.0,-350.0,310.0,0.0,100.0,0,1,0,1,0,0,0.0,0,0
878,-4486.643658606476,0.06100297589253369,-1.0,0.07270528551517813,0.0356521067558167,1.4166666666666667,23528.317930722766,5.5024999999999995,-0.06100297589253368,0.31990448110727465,0.2685912624856391,-3773.9819010965134,93302.28337092322,0.038471904104092104,1,0.7666666666666655,0.055353461950675094,0.14689281055882333,0.07441298787870992,0.5065801899740436,0.11135576388036891,0.1379923242593344,0.26190460893037376,2025-11-01,isaac dulgarian,yadier del valle,0.7572037309518904,0.7572037309518904,0.2427962690481095,1,0.0,1,-240.0,205.0,0.21134970543947387,3.05,1.4166666666666667,-0.0129254310016991,0.0137453826296485,0.0200058227705441,0.1074235827583591,0.1353533582247985,-0.0531066462373979,-0.0607813638859808,-235.0,-118.0,-118.0,190.0,0.0,0.0,0,0,0,0,0,0,0.0,0,0
879,3304.8990496847887,0.028990515879201005,1.5499999999999998,0.36076308672653035,0.0356521067558167,2.55,23528.317930722766,5.5024999999999995,0.044935299612761555,0.31990448110727465,0.2685912624856391,-3773.9819010965134,93302.28337092322,0.038471904104092104,1,0.7666666666666655,0.06724303323164278,0.14689281055882333,0.07441298787870992,0.5065801899740436,0.29390692674464175,0.31514935822159257,0.26190460893037376,2025-11-01,timmy cuamba,changho lee,0.5336325830300119,0.5336325830300119,0.466367416969988,1,1.0,1,155.0,-180.0,0.25674627684585366,1.5555555555555556,2.55,-0.0129254310016991,0.0196241763171906,0.0153898292850502,0.0403899459927181,0.0399483203920599,0.0097005466611789,0.0095302225695902,-115.0,-120.0,100.0,-108.0,0.0,0.0,0,0,0,0,0,0,0.0,0,0
880,0.0,0.007713334079275177,0.0,-0.0538196275234486,0.0356521067558167,1.6666666666666663,23528.317930722766,5.5024999999999995,0.0,0.31990448110727465,0.2685912624856391,-3773.9819010965134,93302.28337092322,0.038471904104092104,1,0.7666666666666655,0.00202015774558189,0.14689281055882333,0.07441298787870992,0.5065801899740436,-0.0650992811480839,0.006376856392103664,0.26190460893037376,2025-11-01,ketlen vieira,norma dumont,0.567708223485931,0.4322917765140691,0.567708223485931,0,0.0,0,110.0,-150.0,0.007713334079275177,1.6666666666666663,2.1,-0.0129254310016991,0.0405383694346594,0.0356521067558167,0.0385096915225427,0.0313094135234744,0.0120126133750463,0.0098760670502194,130.0,-174.0,146.0,-160.0,37.5,20.0,8,5,3,1,5,4,20.0,1,4
881,2681.990759467024,0.057490356346473745,0.5,0.13445905916590972,0.0158443011302963,1.5,-10002.713300517149,-1.0,0.028745178173236876,-0.10720759384581578,-0.010636055484602891,9010.345037743868,92309.91510814994,0.03847190410409211,1,1.7809523809523808,0.07833859952868119,0.14835654380692465,0.05838377232459535,0.39353688638485423,0.18910096548542174,0.21480043221214615,0.2593205740500434,2025-11-08,tecia pennington,denise gomes,0.7563060394439398,0.2436939605560602,0.7563060394439398,0,0.0,0,170.0,-200.0,0.3020917249456786,1.5,2.7,0.29317793855249497,0.0211927359067407,0.0158443011302963,0.0329244912499728,0.0254737289947435,0.0154220321682451,0.0120504953042823,148.0,-190.0,160.0,-180.0,0.0,0.0,0,0,0,0,0,0,0.0,0,0
882,3052.414759390319,0.04580145853620347,0.7142857142857144,0.13904693099293552,0.0158443011302963,1.7142857142857144,-10002.713300517149,-1.0,0.03271532752585962,-0.10720759384581578,-0.010636055484602891,9010.345037743868,92309.91510814994,0.03847190410409211,1,1.7809523809523808,0.059022455674448505,0.14835654380692465,0.05838377232459535,0.39353688638485423,0.1639147913378135,0.19307389717648807,0.2593205740500434,2025-11-08,christian leroy duncan,marco tulio,0.6644440430792123,0.6644440430792123,0.3355559569207876,1,1.0,1,-140.0,120.0,0.22760421493999322,2.2,1.7142857142857144,0.29317793855249497,0.0177685845494162,0.0201102033293715,0.0362436367656242,0.0293045489542354,0.0133540118825816,0.0111557920389869,133.0,-175.0,140.0,-155.0,0.0,0.0,0,0,0,0,0,0,0.0,0,0
883,2012.1362402181544,0.06469733111093029,0.33333333333333326,0.010302967536062857,0.0158443011302963,1.3333333333333333,-10002.713300517149,-1.0,0.021565777036976756,-0.10720759384581578,-0.010636055484602891,9010.345037743868,92309.91510814994,0.03847190410409211,1,1.7809523809523808,0.02106199423214011,0.14835654380692465,0.05838377232459535,0.39353688638485423,0.017528549546653564,0.04773960991486254,0.2593205740500434,2025-11-08,mayra bueno silva,jacqueline cavalcanti,0.7577272256520472,0.2422727743479528,0.7577272256520472,0,0.0,0,250.0,-300.0,0.08121991210799799,1.3333333333333333,3.5,0.29317793855249497,0.022024663419782,0.0136896222945035,0.0326609013348426,0.0232831546092132,0.0163683147761138,0.0119282330450517,175.0,-225.0,185.0,-210.0,40.0,0.0,5,0,2,0,3,0,0.0,0,0
884,0.0,0.0,0.0,-0.12893848570734556,0.0158443011302963,1.3333333333333333,-10002.713300517149,-1.0,0.0,-0.10720759384581578,-0.010636055484602891,9010.345037743868,92309.91510814994,0.03847190410409211,1,1.7809523809523808,0.0,0.14835654380692465,0.05838377232459535,0.39353688638485423,0.0,0.0,0.2593205740500434,2025-11-08,miles johns,daniel marcos,0.6532961357194909,0.3467038642805092,0.6532961357194909,0,0.0,0,250.0,-300.0,0.0,1.3333333333333333,3.5,0.29317793855249497,0.022024663419782,0.0136896222945035,0.0345679350283574,0.0264490141241851,0.0159161956249804,0.012604303483754,150.0,-195.0,155.0,-175.0,50.0,0.0,4,0,2,0,2,0,0.0,0,0
885,0.0,0.0,0.0,-0.044332275949159006,0.0158443011302963,1.5405405405405406,-10002.713300517149,-1.0,0.0,-0.10720759384581578,-0.010636055484602891,9010.345037743868,92309.91510814994,0.03847190410409211,1,1.7809523809523808,0.0,0.14835654380692465,0.05838377232459535,0.39353688638485423,0.0,0.0,0.2593205740500434,2025-11-08,hyder amil,jamall emmers,0.6203457156119494,0.3796542843880505,0.6203457156119494,0,0.0,0,160.0,-185.0,0.0,1.5405405405405406,2.6,0.29317793855249497,0.0190193645089032,0.0147188271240251,0.0356521067558167,0.0405383694346594,0.0105521820627164,0.0119513341116859,-150.0,110.0,-137.0,125.0,0.0,0.0,0,1,0,0,0,1,0.0,0,1
886,-5729.332637370704,0.061406135309612336,-1.0,0.16358562500413398,0.0158443011302963,1.4761904761904765,-10002.713300517149,-1.0,-0.061406135309612336,-0.10720759384581578,-0.010636055484602891,9010.345037743868,92309.91510814994,0.03847190410409211,1,1.7809523809523808,0.09644981732135577,0.14835654380692465,0.05838377232459535,0.39353688638485423,0.23707023315767753,0.2566448452971179,0.2593205740500434,2025-11-08,ricky simon,raoni barcelos,0.788235423389897,0.788235423389897,0.2117645766101029,1,0.0,1,-210.0,180.0,0.37193276189008817,2.8,1.4761904761904765,0.29317793855249497,0.01458799501071,0.0199742169708566,0.03828526936011,0.0505125448475403,0.0060407793468502,0.0076813475828238,-205.0,140.0,-175.0,165.0,37.5,60.0,8,5,3,3,5,2,37.5,3,5
887,2462.137710694752,0.052777651773140935,0.5,0.01266710868693971,0.0158443011302963,1.5,-10002.713300517149,-1.0,0.026388825886570468,-0.10720759384581578,-0.010636055484602891,9010.345037743868,92309.91510814994,0.03847190410409211,1,1.7809523809523808,0.018038520341391653,0.14835654380692465,0.05838377232459535,0.39353688638485423,0.017701244473881113,0.049778021720736275,0.2593205740500434,2025-11-08,muslim salikhov,uros medic,0.6751114057912931,0.3248885942087068,0.6751114057912931,0,0.0,0,170.0,-200.0,0.06956069878940882,1.5,2.7,0.29317793855249497,0.0211927359067407,0.0158443011302963,0.0415743006321754,0.0382576321409336,0.0054777699247609,0.0050930545995517,100.0,-138.0,115.0,-120.0,80.0,50.0,5,2,4,1,1,1,50.0,1,1
888,2215.0744037174536,0.05935209524592838,0.3999999999999999,0.018128272852762972,0.0158443011302963,1.4,-10002.713300517149,-1.0,0.02374083809837135,-0.10720759384581578,-0.010636055484602891,9010.345037743868,92309.91510814994,0.03847190410409211,1,1.7809523809523808,0.02398874988750826,0.14835654380692465,0.05838377232459535,0.39353688638485423,0.028224753143580392,0.059415111859045834,0.2593205740500434,2025-11-08,matt schnell,joseph morales,0.7272344806091164,0.2727655193908835,0.7272344806091164,0,0.0,0,210.0,-250.0,0.09250615758269508,1.4,3.1,0.29317793855249497,0.0220105402839789,0.0148558191630255,0.0574713833645872,0.0267777008844969,0.0049891829432399,0.0027031247490677,320.0,-550.0,400.0,-420.0,60.0,50.0,10,2,6,1,4,1,50.0,1,1
889,2315.923801626868,0.07446518084943046,0.33333333333333326,0.11365009509349755,0.0158443011302963,1.3333333333333333,-10002.713300517149,-1.0,0.02482172694981015,-0.10720759384581578,-0.010636055484602891,9010.345037743868,92309.91510814994,0.03847190410409211,1,1.7809523809523808,0.09728807836302758,0.14835654380692465,0.05838377232459535,0.39353688638485423,0.19543712713882752,0.21816515370946843,0.2593205740500434,2025-11-08,gabriel bonfim,randy brown,0.8352375713201232,0.8352375713201232,0.1647624286798767,1,1.0,1,-300.0,250.0,0.3751652899867985,3.5,1.3333333333333333,0.29317793855249497,0.0136896222945035,0.022024663419782,0.0301509787925248,0.0372471403297321,0.0145071671607929,0.0175441148904891,-175.0,132.0,-160.0,140.0,0.0,61.53846153846154,0,13,0,8,0,5,0.0,0,0
890,0.0,0.0,0.0,-0.13287803015138455,0.0158443011302963,1.5,-10002.713300517149,-1.0,0.0,-0.10720759384581578,-0.010636055484602891,9010.345037743868,92309.91510814994,0.03847190410409211,1,1.7809523809523808,0.0,0.14835654380692465,0.05838377232459535,0.39353688638485423,0.0,0.0,0.2593205740500434,2025-11-08,chris padilla,ismael bonfim,0.5780813132324103,0.4219186867675897,0.5780813132324103,0,1.0,0,170.0,-200.0,0.0,1.5,2.7,0.29317793855249497,0.0211927359067407,0.0158443011302963,0.0492962782931474,0.0497296957328265,0.0060638036271111,0.0061313183241084,-124.0,-120.0,-105.0,100.0,0.0,0.0,0,0,0,0,0,0,0.0,0,0
891,0.0,0.0,0.0,-0.03475434718431289,0.0124693401840167,1.2597402597402598,18328.125375948734,1.9076923076923076,0.0,0.1985499104237673,0.30859533109599274,10158.28344029378,120796.32392439246,0.038471904104092104,1,2.0719169719169717,0.0,0.16823277441494847,0.07021150255978731,0.4173473498487855,0.0,0.0,0.22868257530604957,2025-11-15,jack della maddalena,islam makhachev,0.7662259305856485,0.2337740694143515,0.7662259305856485,0,0.0,0,275.0,-385.0,0.0,1.2597402597402598,3.75,0.2867307194813353,0.0389083867198217,0.0215727129365356,0.0476992662965955,0.02805830946098,0.0074420389484277,0.0047504590792563,230.0,-340.0,265.0,-282.0,100.0,88.88888888888889,3,9,3,8,0,1,88.88888888888889,8,1
892,2400.8481002767944,0.06762225979090461,0.3846153846153846,0.11743385458624928,0.0124693401840167,1.3846153846153846,18328.125375948734,1.9076923076923076,0.026008561458040234,0.1985499104237673,0.30859533109599274,10158.28344029378,120796.32392439246,0.038471904104092104,1,2.0719169719169717,0.07736265916290326,0.16823277441494847,0.07021150255978731,0.4173473498487855,0.1880805800902036,0.21122614617469326,0.22868257530604957,2025-11-15,kyle daukaus,gerald meerschaert,0.8070355616456245,0.8070355616456245,0.1929644383543755,1,1.0,1,-260.0,220.0,0.3382971311188339,3.2,1.3846153846153846,0.2867307194813353,0.0138401786029276,0.0208820436192945,0.024210421983287,0.0518284816418235,0.0045472864299478,0.0085368257195849,-550.0,335.0,-435.0,400.0,25.0,52.94117647058824,4,17,1,9,3,8,25.0,1,3
893,0.0,0.0,0.0,-0.23032976104253072,0.0124693401840167,1.5128205128205128,18328.125375948734,1.9076923076923076,0.0,0.1985499104237673,0.30859533109599274,10158.28344029378,120796.32392439246,0.038471904104092104,1,2.0719169719169717,0.0,0.16823277441494847,0.07021150255978731,0.4173473498487855,0.0,0.0,0.22868257530604957,2025-11-15,valentina shevchenko,zhang weili,0.5087650732091746,0.4912349267908254,0.5087650732091746,0,1.0,0,148.0,-195.0,0.0,1.5128205128205128,2.48,0.2867307194813353,0.0363687167169306,0.0278740388872247,0.0349391611271552,0.0396448893605096,0.0077130333686294,0.0088001221119031,-149.0,110.0,-138.0,129.0,75.0,100.0,12,3,9,3,3,0,100.0,3,0
894,0.0,0.07505944854122615,0.0,-0.0006924433434380428,0.0124693401840167,1.1666666666666667,18328.125375948734,1.9076923076923076,0.0,0.1985499104237673,0.30859533109599274,10158.28344029378,120796.32392439246,0.038471904104092104,1,2.0719169719169717,0.017164787993459503,0.16823277441494847,0.07021150255978731,0.4173473498487855,-0.0016391345004401782,0.03170845070404228,0.22868257530604957,2025-11-15,baisangur susurkaev,eric mcconico,0.856549334277053,0.856549334277053,0.1434506657229469,1,1.0,1,-600.0,450.0,0.07505944854122615,5.5,1.1666666666666667,0.2867307194813353,0.0122346254697004,0.0267264134913385,0.0224742416107722,0.0816924250558944,0.0039831756827092,0.0103708913029366,-1500.0,500.0,-1000.0,850.0,0.0,0.0,0,0,0,0,0,0,0.0,0,0
895,3701.8080169207433,0.03645632228607019,1.1,0.3351411595413517,0.0124693401840167,2.1,18328.125375948734,1.9076923076923076,0.040101954514677206,0.1985499104237673,0.30859533109599274,10158.28344029378,120796.32392439246,0.038471904104092104,1,2.0719169719169717,0.07596896002281148,0.16823277441494847,0.07021150255978731,0.4173473498487855,0.3234799170708186,0.34417835268341795,0.22868257530604957,2025-11-15,viacheslav borshchev,matheus camilo,0.6357815045435008,0.3642184954564992,0.6357815045435008,0,0.0,0,-130.0,110.0,0.3322026609204527,2.1,1.7692307692307692,0.2867307194813353,0.0198146558599141,0.0215932116349099,0.04304922676037,0.0345905247924249,0.0084564946909956,0.0069281206936196,130.0,-180.0,150.0,-160.0,100.0,0.0,2,0,2,0,0,0,0.0,0,0
896,0.0,0.0,0.0,-0.10323412378723945,0.0124693401840167,1.7751937984496124,18328.125375948734,1.9076923076923076,0.0,0.1985499104237673,0.30859533109599274,10158.28344029378,120796.32392439246,0.038471904104092104,1,2.0719169719169717,0.0,0.16823277441494847,0.07021150255978731,0.4173473498487855,0.0,0.0,0.22868257530604957,2025-11-15,roman kopylov,gregory rodrigues,0.5051650569058782,0.4948349430941218,0.5051650569058782,0,0.0,0,109.0,-129.0,0.0,1.7751937984496124,2.09,0.2867307194813353,0.0217496739232552,0.0200380028908523,0.0443857673709329,0.0330335874677767,0.0079219800842499,0.0060640339017639,150.0,-210.0,175.0,-186.0,0.0,0.0,2,3,0,0,2,3,0.0,0,3
897,0.0,0.0,0.0,-0.11109483285824817,0.0124693401840167,1.5319148936170213,18328.125375948734,1.9076923076923076,0.0,0.1985499104237673,0.30859533109599274,10158.28344029378,120796.32392439246,0.038471904104092104,1,2.0719169719169717,0.0,0.16823277441494847,0.07021150255978731,0.4173473498487855,0.0,0.0,0.22868257530604957,2025-11-15,leon edwards,carlos prates,0.5802575396619769,0.4197424603380231,0.5802575396619769,0,0.0,0,150.0,-188.0,0.0,1.5319148936170213,2.5,0.2867307194813353,0.0297283559070404,0.0230494218707374,0.0392764126889053,0.0318698323703832,0.0078898459766267,0.0065726319279209,130.0,-175.0,145.0,-154.0,71.42857142857143,0.0,14,0,10,0,4,0,0.0,0,0
898,0.0,0.03859719035669872,0.0,-0.007913159962143146,0.0124693401840167,1.9523809523809523,18328.125375948734,1.9076923076923076,0.0,0.1985499104237673,0.30859533109599274,10158.28344029378,120796.32392439246,0.038471904104092104,1,2.0719169719169717,0.008826504890347687,0.16823277441494847,0.07021150255978731,0.4173473498487855,-0.008095946981997096,0.03772575858772532,0.22868257530604957,2025-11-15,sean brady,michael morales,0.5081420400193901,0.4918579599806099,0.5081420400193901,0,0.0,0,-115.0,-105.0,0.03859719035669872,1.9523809523809523,1.869565217391304,0.2867307194813353,0.0232792664320201,0.0237995764494319,0.0370553938451158,0.0423096855199633,0.0061271900784073,0.0069373862560456,-152.0,110.0,-135.0,128.0,60.0,0.0,5,0,3,0,2,0,0.0,0,0
899,2427.113255485273,0.059159461022618993,0.4444444444444444,0.08327564182805014,0.0124693401840167,1.4444444444444444,18328.125375948734,1.9076923076923076,0.026293093787830662,0.1985499104237673,0.30859533109599274,10158.28344029378,120796.32392439246,0.038471904104092104,1,2.0719169719169717,0.0517039518916884,0.16823277441494847,0.07021150255978731,0.4173473498487855,0.12350091718426404,0.15245387591562706,0.22868257530604957,2025-11-15,erin blanchfield,tracy cortez,0.7499600597271117,0.7499600597271117,0.2500399402728883,1,1.0,1,-225.0,190.0,0.22609484707128286,2.9,1.4444444444444444,0.2867307194813353,0.0153963024902878,0.021738976024301,0.0452966619645271,0.0849762908890707,-0.0112284915878614,-0.0173429369835673,-420.0,210.0,-275.0,320.0,100.0,100.0,4,2,4,2,0,0,100.0,4,0
900,1628.5140676109704,0.12349267638174156,0.1428571428571428,0.0634888405021759,0.0124693401840167,1.1428571428571428,18328.125375948734,1.9076923076923076,0.01764181091167736,0.1985499104237673,0.30859533109599274,10158.28344029378,120796.32392439246,0.038471904104092104,1,2.0719169719169717,0.11315587468743318,0.16823277441494847,0.07021150255978731,0.4173473498487855,0.1645225870438147,0.19094834444289344,0.22868257530604957,2025-11-15,angela hill,fatima kline,0.930552735439404,0.069447264560596,0.930552735439404,0,0.0,0,500.0,-700.0,0.494816338918673,1.1428571428571428,6.0,0.2867307194813353,0.0291973264826498,0.0124693401840167,0.0548316593126138,0.0245334200524655,0.0123325720928117,0.0061859464257068,350.0,-600.0,440.0,-500.0,71.42857142857143,0.0,14,0,10,0,4,0,0.0,0,0
901,3796.4634564295407,0.048714382741886796,0.6451612903225803,0.12869602799870256,0.0137757898776073,1.6451612903225803,19062.480021425854,1.1758584807492194,0.03142863402702372,0.15780678916485272,0.22665558687214035,8316.681669654487,148175.4856154728,0.038471904104092104,1,1.3963133640552996,0.04978385961316476,0.17728738442173841,0.06757515254915736,0.3811616532646612,0.15959190008532007,0.1850022508839591,0.21700305540395123,2025-11-22,ismail naurdiev,ryan loder,0.6860701346658782,0.6860701346658782,0.3139298653341218,1,1.0,1,-155.0,135.0,0.22941547767837692,2.35,1.6451612903225803,0.17596973979838448,0.015235001794708,0.0181400503538111,0.0322362225882545,0.0354005882336351,0.0132389352729198,0.0142661425876081,-138.0,105.0,-124.0,111.0,0.0,0.0,2,0,0,0,2,0,0.0,0,2
902,0.0,0.0,0.0,-0.15547355660100826,0.0137757898776073,1.5,19062.480021425854,1.1758584807492194,0.0,0.15780678916485272,0.22665558687214035,8316.681669654487,148175.4856154728,0.038471904104092104,1,1.3963133640552996,0.0,0.17728738442173841,0.06757515254915736,0.3811616532646612,0.0,0.0,0.21700305540395123,2025-11-22,bekzat almakhan,aleksandre topuria,0.5630176289326612,0.4369823710673389,0.5630176289326612,0,0.0,0,170.0,-200.0,0.0,1.5,2.7,0.17596973979838448,0.0211927359067407,0.0158443011302963,0.0613068843560898,0.0512472281980227,-0.0057040826884963,-0.0049796779952642,110.0,-175.0,140.0,-134.0,0.0,0.0,0,0,0,0,0,0,0.0,0,0
903,0.0,0.029105736232703933,0.0,-0.004696918596941657,0.0137757898776073,1.625,19062.480021425854,1.1758584807492194,0.0,0.15780678916485272,0.22665558687214035,8316.681669654487,148175.4856154728,0.038471904104092104,1,1.3963133640552996,0.006316033692278242,0.17728738442173841,0.06757515254915736,0.3811616532646612,-0.005899444605633697,0.023172905744129977,0.21700305540395123,2025-11-22,alex perez,asu almabayev,0.6124942039403436,0.3875057960596564,0.6124942039403436,0,0.0,0,140.0,-160.0,0.029105736232703933,1.625,2.4,0.17596973979838448,0.0175441148904891,0.0145071671607929,0.0447437640681861,0.0321793128548906,0.0066033642466755,0.0048908886268876,160.0,-225.0,190.0,-200.0,100.0,0.0,8,0,8,0,0,0,0.0,0,0
904,3331.2981891675445,0.08549121406114282,0.3225806451612905,0.16425923646511698,0.0137757898776073,1.3225806451612905,19062.480021425854,1.1758584807492194,0.027577810987465437,0.15780678916485272,0.22665558687214035,8316.681669654487,148175.4856154728,0.038471904104092104,1,1.3963133640552996,0.11583597056912379,0.17728738442173841,0.06757515254915736,0.3811616532646612,0.2929524608265943,0.2993024297020822,0.21700305540395123,2025-11-22,arman tsarukyan,dan hooker,0.8802935690346005,0.8802935690346005,0.1197064309653994,1,1.0,1,-310.0,260.0,0.5337987999915259,3.6,1.3225806451612905,0.17596973979838448,0.012867451235917,0.0210078875174705,0.0265606828208413,0.0734393171791585,-0.0037289297398875,-0.0074971323336321,-900.0,400.0,-549.0,600.0,85.71428571428571,72.72727272727273,7,11,6,8,1,3,85.71428571428571,6,1
905,3308.828505897666,0.05752277583160767,0.4761904761904765,0.09755206991151388,0.0137757898776073,1.4761904761904765,19062.480021425854,1.1758584807492194,0.027391798015051292,0.15780678916485272,0.22665558687214035,8316.681669654487,148175.4856154728,0.038471904104092104,1,1.3963133640552996,0.05192059282227585,0.17728738442173841,0.06757515254915736,0.3811616532646612,0.14014820708242498,0.1665416014560794,0.21700305540395123,2025-11-22,jack hermansson,myktybek orolbai,0.743503015101348,0.2564969848986519,0.743503015101348,0,0.0,0,180.0,-210.0,0.23926203585302364,1.4761904761904765,2.8,0.17596973979838448,0.0199742169708566,0.01458799501071,0.0490572451945121,0.0354073098582782,0.0106887601538178,0.0081200172756494,155.0,-225.0,175.0,-190.0,71.42857142857143,0.0,14,0,10,0,4,0,0.0,0,0
906,0.0,0.030275443753904216,0.0,-0.006395257385395481,0.0137757898776073,1.5555555555555556,19062.480021425854,1.1758584807492194,0.0,0.15780678916485272,0.22665558687214035,8316.681669654487,148175.4856154728,0.038471904104092104,1,1.3963133640552996,0.006569863798307686,0.17728738442173841,0.06757515254915736,0.3811616532646612,-0.008499412630172946,0.02278031008589139,0.21700305540395123,2025-11-22,belal muhammad,ian machado garry,0.6387459059665315,0.3612540940334686,0.6387459059665315,0,0.0,0,155.0,-180.0,0.030275443753904216,1.5555555555555556,2.55,0.17596973979838448,0.0196241763171906,0.0153898292850502,0.0563284552995652,0.0336940503268413,0.0067536423762459,0.0043574687348652,210.0,-330.0,260.0,-275.0,66.66666666666666,100.0,15,1,10,1,5,0,100.0,1,0
907,-6446.379784774276,0.053365695042252484,-1.0,0.12587634115064966,0.0137757898776073,1.5555555555555556,19062.480021425854,1.1758584807492194,-0.053365695042252484,0.15780678916485272,0.22665558687214035,8316.681669654487,148175.4856154728,0.038471904104092104,1,1.3963133640552996,0.056101484711978546,0.17728738442173841,0.06757515254915736,0.3811616532646612,0.16796101822293139,0.19375107381399398,0.21700305540395123,2025-11-22,tagir ulanbekov,kyoji horiguchi,0.7237776478825605,0.7237776478825605,0.2762223521174395,1,0.0,1,-180.0,155.0,0.2585285474784934,2.55,1.5555555555555556,0.17596973979838448,0.0153898292850502,0.0196241763171906,0.0338035762665641,0.0479170979289979,0.0024015108457864,0.0032482066683378,-235.0,163.0,-200.0,195.0,100.0,100.0,1,7,1,7,0,0,100.0,1,0
908,4326.471302934012,0.037607062205999665,0.9523809523809523,0.0037990698871412376,0.0137757898776073,1.9523809523809523,19062.480021425854,1.1758584807492194,0.03581624971999968,0.15780678916485272,0.22665558687214035,8316.681669654487,148175.4856154728,0.038471904104092104,1,1.3963133640552996,0.010920232265470927,0.17728738442173841,0.06757515254915736,0.3811616532646612,0.003885485100444466,0.049203733973413176,0.21700305540395123,2025-11-22,waldo cortes acosta,shamil gaziev,0.514140987015365,0.514140987015365,0.4858590129846349,1,1.0,1,-105.0,-115.0,0.05032294243573166,1.869565217391304,1.9523809523809523,0.17596973979838448,0.0237995764494319,0.0232792664320201,0.0381928960244635,0.0459821881506205,8.160139230994899e-14,-8.165690346118026e-14,-170.0,120.0,-145.0,145.0,100.0,0.0,1,0,1,0,0,0,100.0,1,0
909,0.0,0.0,0.0,-0.018085227763673578,0.0137757898776073,1.2857142857142856,19062.480021425854,1.1758584807492194,0.0,0.15780678916485272,0.22665558687214035,8316.681669654487,148175.4856154728,0.038471904104092104,1,1.3963133640552996,0.0,0.17728738442173841,0.06757515254915736,0.3811616532646612,0.0,0.0,0.21700305540395123,2025-11-22,volkan oezdemir,alonzo menifield,0.7637114895171428,0.7637114895171428,0.2362885104828571,1,1.0,1,-350.0,285.0,0.0,3.85,1.2857142857142856,0.17596973979838448,0.0137757898776073,0.0237422476404303,0.031307892089832,0.0449448312217145,0.0071781203693247,0.0097806133785555,-240.0,170.0,-205.0,190.0,70.0,33.33333333333333,10,6,7,2,3,4,70.0,7,3
910,-5706.99891864515,0.03851513558359625,-1.0,0.009690443057744746,0.0129226449462718,1.9090909090909087,-26994.273818135505,-1.0,-0.03851513558359625,-0.182177731397404,-0.3112605946926013,-19126.91595340155,102054.29584393575,0.038471904104092104,1,-1.4092592592592597,0.006665042637007494,0.3334649450945559,0.18904155683699178,0.5669008380577694,0.010131829823053795,0.055254185827666405,0.1153701601023855,2025-12-06,marvin vettori,brunno ferreira,0.5288854701731045,0.5288854701731045,0.4711145298268955,1,0.0,1,-110.0,-110.0,0.057770940346209,1.9090909090909087,1.9090909090909087,-0.03697626086657857,0.0238095238095238,0.0238095238095238,0.0398469652052378,0.0434863681280953,0.0068199684580597,0.0074511834277712,-140.0,100.0,-125.0,118.0,100.0,0.0,12,0,12,0,0,0,100.0,12,0
911,-15905.98042571877,0.10734555962243347,-1.0,0.21045589131865344,0.0129226449462718,1.303030303030303,-26994.273818135505,-1.0,-0.10734555962243347,-0.182177731397404,-0.3112605946926013,-19126.91595340155,102054.29584393575,0.038471904104092104,1,-1.4092592592592597,0.083295249822781,0.3334649450945559,0.18904155683699178,0.5669008380577694,0.4001936916851518,0.37967988452159734,0.1153701601023855,2025-12-06,merab dvalishvili,petr yan,0.928954521244548,0.928954521244548,0.071045478755452,1,0.0,1,-330.0,240.0,0.7219826144720649,3.4,1.303030303030303,-0.03697626086657857,0.0229851554304354,0.0385743520935042,0.1807133427530125,0.2704651084254387,-0.1825727302625205,-0.1901545424647522,-440.0,-175.0,150.0,340.0,87.5,80.0,8,10,7,8,1,2,87.5,7,1
912,0.0,0.022490528305971327,0.0,-0.011101524401997465,0.0129226449462718,1.6666666666666663,-26994.273818135505,-1.0,0.0,-0.182177731397404,-0.3112605946926013,-19126.91595340155,102054.29584393575,0.038471904104092104,1,-1.4092592592592597,0.002594735851447145,0.3334649450945559,0.18904155683699178,0.5669008380577694,-0.013507779203385603,0.018484100535192016,0.1153701601023855,2025-12-06,muhammad naimov,mairon santos,0.5933390853588016,0.4066609146411983,0.5933390853588016,0,0.0,0,130.0,-150.0,0.022490528305971327,1.6666666666666663,2.3,-0.03697626086657857,0.0187652437319623,0.0160173649636899,0.0317507139696708,0.021518051163501,0.0161573048055026,0.0113656309743139,195.0,-250.0,200.0,-227.0,0.0,0.0,0,0,0,0,0,0,0.0,0,0
913,0.0,0.0,0.0,-0.048498945754306175,0.0129226449462718,1.125,-26994.273818135505,-1.0,0.0,-0.182177731397404,-0.3112605946926013,-19126.91595340155,102054.29584393575,0.038471904104092104,1,-1.4092592592592597,0.0,0.3334649450945559,0.18904155683699178,0.5669008380577694,0.0,0.0,0.1153701601023855,2025-12-06,mansur abdul malik,antonio trocoli,0.8457787148850612,0.8457787148850612,0.1542212851149388,1,1.0,1,-800.0,550.0,0.0,6.5,1.125,-0.03697626086657857,0.0122615539457052,0.0304734887893374,0.0182642150323125,0.0719613488774618,0.0047925700458096,0.0137259484727085,-1800.0,600.0,-1250.0,980.0,0.0,0.0,0,0,0,0,0,0,0.0,0,0
914,4435.317356966692,0.07483217177497052,0.3999999999999999,0.19781189349030487,0.0129226449462718,1.4,-26994.273818135505,-1.0,0.029932868709988198,-0.182177731397404,-0.3112605946926013,-19126.91595340155,102054.29584393575,0.038471904104092104,1,-1.4092592592592597,0.05993627952414416,0.3334649450945559,0.18904155683699178,0.5669008380577694,0.3171662471486001,0.3240124682041541,0.1153701601023855,2025-12-06,edson barboza,jalin turner,0.8555799239216464,0.1444200760783536,0.8555799239216464,0,0.0,0,210.0,-250.0,0.5195128399835242,1.4,3.1,-0.03697626086657857,0.0220105402839789,0.0148558191630255,0.0656539004854084,0.0304999456684377,-2.0172752357439094e-13,2.0183854587685346e-13,300.0,-550.0,400.0,-400.0,62.5,66.66666666666666,24,6,15,4,9,2,66.66666666666666,4,2
915,5596.738281349036,0.0359723938982086,1.0499999999999998,0.09561740308434397,0.0129226449462718,2.05,-26994.273818135505,-1.0,0.037771013593119025,-0.182177731397404,-0.3112605946926013,-19126.91595340155,102054.29584393575,0.038471904104092104,1,-1.4092592592592597,0.014898314543529044,0.3334649450945559,0.18904155683699178,0.5669008380577694,0.09326245243318489,0.13239566236048367,0.1153701601023855,2025-12-06,brandon moreno,tatsuro taira,0.53444751369968,0.46555248630032,0.53444751369968,0,0.0,0,-125.0,105.0,0.12913490395009855,2.05,1.8,-0.03697626086657857,0.0209693281226405,0.0223911054816955,0.0403365658031246,0.0390285135619546,0.0059020277827417,0.0057123740755625,-110.0,-125.0,105.0,-110.0,70.0,100.0,10,1,7,1,3,0,100.0,1,0
916,0.0,0.0,0.0,-0.112420686750074,0.0129226449462718,1.6666666666666663,-26994.273818135505,-1.0,0.0,-0.182177731397404,-0.3112605946926013,-19126.91595340155,102054.29584393575,0.038471904104092104,1,-1.4092592592592597,0.0,0.3334649450945559,0.18904155683699178,0.5669008380577694,0.0,0.0,0.1153701601023855,2025-12-06,terrance mckinney,chris duncan,0.5325475879499557,0.4674524120500442,0.5325475879499557,0,0.0,0,130.0,-150.0,0.0,1.6666666666666663,2.3,-0.03697626086657857,0.0187652437319623,0.0160173649636899,0.0476809061646538,0.0458383719321467,-2.159383782895929e-14,2.164934898019056e-14,-112.0,-130.0,110.0,-110.0,66.66666666666666,0.0,3,0,2,0,1,0,0.0,0,0
917,-8380.297781033676,0.05655657375593975,-1.0,0.11561723317140926,0.0129226449462718,1.5,-26994.273818135505,-1.0,-0.05655657375593974,-0.182177731397404,-0.3112605946926013,-19126.91595340155,102054.29584393575,0.038471904104092104,1,-1.4092592592592597,0.030702077207686185,0.3334649450945559,0.18904155683699178,0.5669008380577694,0.16226715059242153,0.18961217774734276,0.1153701601023855,2025-12-06,grant dawson,manuel torres,0.7437448221142728,0.7437448221142728,0.2562551778857271,1,0.0,1,-200.0,170.0,0.2661180081612053,2.7,1.5,-0.03697626086657857,0.0158443011302963,0.0211927359067407,0.0285181268606408,0.0437982573201501,0.0055150819000415,0.0080595787334424,-275.0,195.0,-240.0,225.0,100.0,0.0,3,0,3,0,0,0,100.0,3,0
918,3676.5757363646158,0.06203076914331201,0.3999999999999999,0.06698146265182936,0.0129226449462718,1.4,-26994.273818135505,-1.0,0.024812307657324794,-0.182177731397404,-0.3112605946926013,-19126.91595340155,102054.29584393575,0.038471904104092104,1,-1.4092592592592597,0.024066521385071045,0.3334649450945559,0.18904155683699178,0.5669008380577694,0.10447820914205884,0.13373612424898632,0.1153701601023855,2025-12-06,henry cejudo,payton talbott,0.7621296161798782,0.2378703838201218,0.7621296161798782,0,0.0,0,210.0,-250.0,0.2086026522257849,1.4,3.1,-0.03697626086657857,0.0220105402839789,0.0148558191630255,0.040400359353909,0.0262663073127574,0.0101173782470092,0.0068772550266938,200.0,-275.0,225.0,-244.0,75.0,0.0,12,0,9,0,3,0,0.0,0,0
919,4990.320714245149,0.04546590777987278,0.7407407407407407,0.1780772749240177,0.0129226449462718,1.7407407407407407,-26994.273818135505,-1.0,0.033678450207313165,-0.182177731397404,-0.3112605946926013,-19126.91595340155,102054.29584393575,0.038471904104092104,1,-1.4092592592592597,0.03143408267563165,0.3334649450945559,0.18904155683699178,0.5669008380577694,0.20667822017382986,0.23475836922310078,0.1153701601023855,2025-12-06,maycee barber,karine silva,0.6767677962329464,0.6767677962329464,0.3232322037670536,1,1.0,1,-135.0,115.0,0.2724628504262749,2.15,1.7407407407407407,-0.03697626086657857,0.0187508326697758,0.0208335315063746,0.0290887615654049,0.040577421308325,0.0119282330450517,0.0163683147761138,-225.0,165.0,-210.0,185.0,75.0,0.0,8,0,6,0,2,0,75.0,6,2
920,-7832.590916929442,0.052860234500972984,-1.0,0.0028063988734183254,0.0129226449462718,1.3703703703703702,-26994.273818135505,-1.0,-0.052860234500972984,-0.182177731397404,-0.3112605946926013,-19126.91595340155,102054.29584393575,0.038471904104092104,1,-1.4092592592592597,0.006098865962663874,0.3334649450945559,0.18904155683699178,0.5669008380577694,0.004543488372009568,0.03265243472287952,0.1153701601023855,2025-12-06,alexandre pantoja,joshua van,0.7317776424211432,0.7317776424211432,0.2682223575788568,1,0.0,1,-270.0,230.0,0.0528634610305769,3.3,1.3703703703703702,-0.03697626086657857,0.0129226449462718,0.019837387813761,0.0356594319798406,0.0504484899489768,-0.0051376150035178,-0.0067565271314806,-235.0,160.0,-185.0,195.0,55.55555555555556,0.0,9,0,5,0,4,0,55.55555555555556,5,4
921,3243.741081267785,0.04767669583789308,0.6666666666666663,0.12791744624121387,0.0176478677640649,1.6666666666666663,23120.559164654205,2.833333333333332,0.0317844638919287,0.2265515525187769,0.24874287237790316,2264.719522070677,127439.57453066063,0.0384719041040921,1,1.3666666666666663,0.11474178294919309,0.07476667015853156,0.02168517997793848,0.2900380601671613,0.15601571009945345,0.18282997506547394,0.5145595493622783,2025-12-13,melissa croden,luana santos,0.6767504677447285,0.3232495322552716,0.6767504677447285,0,0.0,0,130.0,-150.0,0.22299028963974885,1.6666666666666663,2.3,0.06609307264936835,0.0187652437319623,0.0160173649636899,0.0434863681280953,0.0398469652052378,0.0074511834277712,0.0068199684580597,100.0,-140.0,118.0,-125.0,0.0,0.0,0,0,0,0,0,0,0.0,0,0
922,0.0,0.0,0.0,-0.09486502506485467,0.0176478677640649,1.3333333333333333,23120.559164654205,2.833333333333332,0.0,0.2265515525187769,0.24874287237790316,2264.719522070677,127439.57453066063,0.0384719041040921,1,1.3666666666666663,0.0,0.07476667015853156,0.02168517997793848,0.2900380601671613,0.0,0.0,0.5145595493622783,2025-12-13,brandon royval,manel kape,0.678851231201359,0.3211487687986409,0.678851231201359,0,0.0,0,250.0,-300.0,0.0,1.3333333333333333,3.5,0.06609307264936835,0.022024663419782,0.0136896222945035,0.0451628768239021,0.029269909473291,0.0112061511002121,0.0077467036735382,195.0,-278.0,215.0,-235.0,50.0,100.0,6,1,3,1,3,0,100.0,1,0
923,2564.578430525045,0.06282387256012402,0.3999999999999999,0.07925502835114195,0.0176478677640649,1.4,23120.559164654205,2.833333333333332,0.025129549024049604,0.2265515525187769,0.24874287237790316,2264.719522070677,127439.57453066063,0.0384719041040921,1,1.3666666666666663,0.12234682381712231,0.07476667015853156,0.02168517997793848,0.2900380601671613,0.12374560841577124,0.15228393392013476,0.5145595493622783,2025-12-13,giga chikadze,kevin vallejos,0.7708964488222443,0.2291035511777557,0.7708964488222443,0,0.0,0,210.0,-250.0,0.23776999954379116,1.4,3.1,0.06609307264936835,0.0220105402839789,0.0148558191630255,0.0686579611549803,0.0352381427411234,-0.0023002877252181,-0.0013738672191445,250.0,-450.0,340.0,-333.0,66.66666666666666,0.0,3,0,2,0,1,0,0.0,0,0
924,4282.961449427986,0.03228267563932234,1.2999999999999998,0.2325183858651032,0.0176478677640649,2.3,23120.559164654205,2.833333333333332,0.041967478331119044,0.2265515525187769,0.24874287237790316,2264.719522070677,127439.57453066063,0.0384719041040921,1,1.3666666666666663,0.10561137226777545,0.07476667015853156,0.02168517997793848,0.2900380601671613,0.2052487694145287,0.23251543123511495,0.5145595493622783,2025-12-13,melquizael costa,morgan charriere,0.535877559071784,0.535877559071784,0.464122440928216,1,1.0,1,130.0,-150.0,0.20524616130176843,1.6666666666666663,2.3,0.06609307264936835,0.0187652437319623,0.0160173649636899,0.0353350088477939,0.0427251140553781,0.0090613040946648,0.0107799657466049,-170.0,123.0,-152.0,140.0,0.0,0.0,0,0,0,0,0,0,0.0,0,0
925,-7826.561439150138,0.07669017138797109,-1.0,0.029360283031976325,0.0176478677640649,1.25,23120.559164654205,2.833333333333332,-0.07669017138797109,0.2265515525187769,0.24874287237790316,2264.719522070677,127439.57453066063,0.0384719041040921,1,1.3666666666666663,0.09725328488719166,0.07476667015853156,0.02168517997793848,0.2900380601671613,0.05693138813464361,0.09747137701212312,0.5145595493622783,2025-12-13,jamey lyn horth,tereza bleda,0.8234882264255811,0.1765117735744189,0.8234882264255811,0,1.0,0,300.0,-400.0,0.1890029735289588,1.25,4.0,0.06609307264936835,0.032352132235935,0.0176478677640649,0.0683806185444465,0.045180851671016,-0.0061934990876361,-0.0045591890844068,163.0,-275.0,210.0,-200.0,0.0,0.0,0,0,0,0,0,0,0.0,0,0
