,fight_payout,choice_fstar,net_odds,choice_ev,choice_juice,choice_decimal_odds,parlay_net,parlay_net_odds,pct_bankroll_gain_per,pct_bankroll_gain_parlay,pct_bankroll_gain_total,event_payout_per_fight,bankroll_postevent,sigma_portfolio_scaled,beta_post,event_net_odds,portfolio_fscaled,portfolio_sigma,mu_portfolio,sharpe_portfolio,choice_bet_sharpe,choice_bet_sigma,k,date,fighter_red,fighter_blue,choice_proba,red_proba,blue_proba,pred_winner,winner,choice_idx,open_red,open_blue,kelly_edge,real_odds_blue,real_odds_red,fstar_net,juice_open_red,juice_open_blue,juice_close1_red,juice_close1_blue,juice_close2_red,juice_close2_blue,close1_red,close1_blue,close2_red,close2_blue
0,80.18986586870695,0.03207594634748278,1.25,0.16276460570764784,0.0228214606599026,2.25,141.61189078941862,2.207446808510638,0.04009493293435347,0.07080594539470932,0.11090087832906279,80.18986586870695,2221.8017566581257,0.021250805836672215,1,1.25,0.13811624308992324,0.021250805836672215,0.003104913342398547,0.14610802838546677,0.14610802838546677,0.15386174255287605,1.0,2023-04-29,cody durden,charles johnson,0.516784269203399,0.516784269203399,0.4832157307966009,1,1.0,1,125.0,-145.0,0.13811624308992324,1.7692307692307692,2.25,0.03207594634748278,0.0194213773997447,0.0168598017385772,0.0449283699489844,0.0391052434963937,0.005095143477187,0.0045666922716053,110.0,-155.0,125.0,-130.0
1,0.0,0.0,0.0,-0.02810399057244961,0.0228214606599026,1.425531914893617,141.61189078941862,2.207446808510638,0.0,0.07080594539470932,0.11090087832906279,80.18986586870695,2221.8017566581257,0.021250805836672215,1,1.25,0.0,0.021250805836672215,0.003104913342398547,0.14610802838546677,0.0,0.0,1.0,2023-04-29,rodolfo vieira,cody brundage,0.6817777976581324,0.6817777976581324,0.3182222023418676,1,1.0,1,-200.0,170.0,0.0,3.05,1.425531914893617,0.03207594634748278,0.0158443011302963,0.0211927359067407,0.0248827236883212,0.0366252128196153,0.0120174704327312,0.0173439193397179,-250.0,188.0,-235.0,205.0
2,0.0,0.0,0.0,-0.04861746367565989,0.0228214606599026,1.7407407407407407,141.61189078941862,2.207446808510638,0.0,0.07080594539470932,0.11090087832906279,80.18986586870695,2221.8017566581257,0.021250805836672215,1,1.25,0.0,0.021250805836672215,0.003104913342398547,0.14610802838546677,0.0,0.0,1.0,2023-04-29,song yadong,ricky simon,0.5465389038458975,0.4534610961541024,0.5465389038458975,0,1.0,0,115.0,-140.0,0.0,1.7407407407407407,2.22,0.03207594634748278,0.0256281517431981,0.0228214606599026,0.0350969798358282,0.0312574307808775,0.0131814660812453,0.011737069475588,110.0,-144.0,122.0,-135.0
3,-83.78094363674296,0.037708559454359344,-1.0,0.05740777707409306,0.0147188271240251,1.9523809523809523,624.5579134549541,4.0525,-0.037708559454359344,0.2811042486501447,0.32918993403303765,106.83686025382144,2953.1965303669012,0.03634360570210023,1,1.5,0.00801609724819338,0.22276730963433722,0.12731326472608542,0.5715078434760673,0.05889818948909936,0.04789114392563228,0.16314604580787312,2023-05-06,marina rodriguez,virna jandiroba,0.541599105330633,0.541599105330633,0.4584008946693669,1,0.0,1,-275.0,235.0,0.049134486885654804,2.1,1.9523809523809523,0.031657078707305,0.0124968059878638,0.0193439900320366,0.0559240901305073,0.0587915635728345,-0.0057168347376098,-0.0058975671206943,-138.0,-115.0,-105.0,110.0
4,0.0,0.0,0.0,-0.007759016141992869,0.0147188271240251,1.5882352941176472,624.5579134549541,4.0525,0.0,0.2811042486501447,0.32918993403303765,106.83686025382144,2953.1965303669012,0.03634360570210023,1,1.5,0.0,0.22276730963433722,0.12731326472608542,0.5715078434760673,0.0,0.0,0.16314604580787312,2023-05-06,kennedy nzechukwu,devin clark,0.6247443231698563,0.6247443231698563,0.3752556768301437,1,1.0,1,115.0,-135.0,0.0,2.63,1.5882352941176472,0.031657078707305,0.0208335315063746,0.0187508326697758,0.0266800730425597,0.0342609700413404,0.0043666852435162,0.0054910812682426,-188.0,145.0,-170.0,163.0
5,0.0,0.0,0.0,-0.015585134453650451,0.0147188271240251,1.4716981132075473,624.5579134549541,4.0525,0.0,0.2811042486501447,0.32918993403303765,106.83686025382144,2953.1965303669012,0.03634360570210023,1,1.5,0.0,0.22276730963433722,0.12731326472608542,0.5715078434760673,0.0,0.0,0.16314604580787312,2023-05-06,drew dober,matt frevola,0.66889728043534,0.66889728043534,0.33110271956466,1,0.0,1,-350.0,285.0,0.0,3.0,1.4716981132075473,0.031657078707305,0.0137757898776073,0.0237422476404303,0.0316294610237879,0.0462926168982899,0.0053764489545775,0.0074440638659352,-250.0,175.0,-212.0,200.0
6,90.33931797776103,0.03011880475669138,1.35,0.21258441873098788,0.0147188271240251,2.35,624.5579134549541,4.0525,0.040660386421533364,0.2811042486501447,0.32918993403303765,106.83686025382144,2953.1965303669012,0.03634360570210023,1,1.5,0.02891778295474646,0.22276730963433722,0.12731326472608542,0.5715078434760673,0.18406369115116053,0.2047159799083521,0.16314604580787312,2023-05-06,belal muhammad,gilbert burns,0.5159933696727608,0.5159933696727608,0.4840066303272392,1,1.0,1,140.0,-180.0,0.17725089695891938,1.6666666666666663,2.35,0.031657078707305,0.0331674969321992,0.0263563125916101,0.03460912100287,0.029205987655288,0.013811657209024,0.0117202576845929,123.0,-160.0,135.0,-150.0
7,100.27848591280338,0.03924683340497296,1.15,0.5557888886263694,0.0147188271240251,2.15,624.5579134549541,4.0525,0.045133858415718896,0.2811042486501447,0.32918993403303765,106.83686025382144,2953.1965303669012,0.03634360570210023,1,1.5,0.07596393172291063,0.22276730963433722,0.12731326472608542,0.5715078434760673,0.5482571672406711,0.47201567892763147,0.16314604580787312,2023-05-06,aljamain sterling,henry cejudo,0.7236227388959858,0.7236227388959858,0.2763772611040141,1,1.0,1,-150.0,130.0,0.4656192023946973,2.0,2.15,0.031657078707305,0.0160173649636899,0.0187652437319623,0.0609381398965298,0.0589844906643987,-0.0176921183454624,-0.0171916025847701,-120.0,-135.0,115.0,100.0
8,0.0,0.0005028828244752864,0.0,-0.007925741727015545,0.0147188271240251,1.6451612903225803,624.5579134549541,4.0525,0.0,0.2811042486501447,0.32918993403303765,106.83686025382144,2953.1965303669012,0.03634360570210023,1,1.5,8.20433443178377e-05,0.22276730963433722,0.12731326472608542,0.5715078434760673,-0.009845630220758248,0.0004048211537885948,0.16314604580787312,2023-05-06,kron gracie,charles jourdain,0.6030255295384809,0.3969744704615191,0.6030255295384809,0,0.0,0,160.0,-185.0,0.0005028828244752864,1.6451612903225803,2.48,0.031657078707305,0.0190193645089032,0.0147188271240251,0.0424005128111958,0.0334810524320714,0.0060516039053085,0.0050173398012063,135.0,-186.0,148.0,-155.0
9,0.0,0.0,0.0,-0.022885767090011805,0.0175441148904891,1.2,-265.05483170268843,-1.0,0.0,-0.08975184312225856,-0.09772541295465237,-23.54751876366356,2664.594179900549,0.03634360570210023,1,0.3520689655172413,0.0,0.1421286668794812,0.05742351017392501,0.40402482788794186,0.0,0.0,0.2557091859091171,2023-05-13,jairzinho rozenstruik,jailton almeida,0.8142618607583235,0.1857381392416764,0.8142618607583235,0,0.0,0,260.0,-310.0,0.0,1.2,5.0,0.04991387768897261,0.0210078875174705,0.012867451235917,0.0430723840747737,0.0202357153423898,0.0222655105052422,0.011067822828091,360.0,-549.0,400.0,-500.0
10,101.72456038015966,0.03995687006523911,0.8620689655172411,0.18344773988200935,0.0175441148904891,1.862068965517241,-265.05483170268843,-1.0,0.034445577642447496,-0.08975184312225856,-0.09772541295465237,-23.54751876366356,2664.594179900549,0.03634360570210023,1,0.3520689655172413,0.05717243084720914,0.1421286668794812,0.05742351017392501,0.40402482788794186,0.1985068003736789,0.20662235375673188,0.2557091859091171,2023-05-13,anthony smith,johnny walker,0.6355552677144125,0.3644447322855875,0.6355552677144125,0,0.0,0,135.0,-155.0,0.22358379752352378,1.862068965517241,2.1,0.04991387768897261,0.0181400503538111,0.015235001794708,0.0420986201386763,0.0400269837260579,0.0067969587404982,0.0064305544870151,-107.0,-130.0,110.0,-116.0
11,0.0,0.0,0.0,-0.057241455676012576,0.0175441148904891,1.2298850574712643,-265.05483170268843,-1.0,0.0,-0.08975184312225856,-0.09772541295465237,-23.54751876366356,2664.594179900549,0.03634360570210023,1,0.3520689655172413,0.0,0.1421286668794812,0.05742351017392501,0.40402482788794186,0.0,0.0,0.2557091859091171,2023-05-13,carlos ulberg,ihor potieria,0.7665419939830552,0.7665419939830552,0.2334580060169447,1,1.0,1,-285.0,245.0,0.0,4.8,1.2298850574712643,0.04991387768897261,0.0117042867869379,0.0184105259365705,0.02270214916483,0.0459015635066791,0.007423685477514,0.0139937600053522,-490.0,320.0,-435.0,380.0
12,0.0,0.0,0.0,-0.019814816114952283,0.0175441148904891,1.5,-265.05483170268843,-1.0,0.0,-0.08975184312225856,-0.09772541295465237,-23.54751876366356,2664.594179900549,0.03634360570210023,1,0.3520689655172413,0.0,0.1421286668794812,0.05742351017392501,0.40402482788794186,0.0,0.0,0.2557091859091171,2023-05-13,tim means,alex morono,0.6534567892566985,0.3465432107433016,0.6534567892566985,0,0.0,0,275.0,-325.0,0.0,1.5,2.88,0.04991387768897261,0.0196094724471568,0.011763076572451,0.039412674168866,0.0279273931712014,0.0079764350850802,0.0059124538038086,170.0,-230.0,188.0,-200.0
13,0.0,0.0,0.0,-0.01567408219801608,0.0175441148904891,1.3636363636363638,-265.05483170268843,-1.0,0.0,-0.08975184312225856,-0.09772541295465237,-23.54751876366356,2664.594179900549,0.03634360570210023,1,0.3520689655172413,0.0,0.1421286668794812,0.05742351017392501,0.40402482788794186,0.0,0.0,0.2557091859091171,2023-05-13,daniel rodriguez,ian machado garry,0.7218390063881215,0.2781609936118784,0.7218390063881215,0,0.0,0,182.0,-212.0,0.0,1.3636363636363638,3.55,0.04991387768897261,0.019742874240218,0.0143542343249754,0.0467119530481759,0.0289551118662008,0.0091313630741278,0.0058921111042758,210.0,-305.0,255.0,-275.0
14,59.15921587333467,0.08012906051462115,0.25,0.07520025379882339,0.0175441148904891,1.25,-265.05483170268843,-1.0,0.02003226512865529,-0.08975184312225856,-0.09772541295465237,-23.54751876366356,2664.594179900549,0.03634360570210023,1,0.3520689655172413,0.08665561390116966,0.1421286668794812,0.05742351017392501,0.40402482788794186,0.14839857523161182,0.17172754001890495,0.2557091859091171,2023-05-13,karl williams,chase sherman,0.8601602030390587,0.8601602030390587,0.1398397969609413,1,1.0,1,-355.0,290.0,0.33888346088579063,4.3,1.25,0.04991387768897261,0.0133970254228662,0.0232330112071705,0.0231736516692425,0.0450081665125755,0.011520645283363,0.0210374942515207,-450.0,300.0,-400.0,330.0
15,-147.0543416617032,0.049794973057019465,-1.0,0.23783344337139672,0.0175441148904891,1.6451612903225803,-265.05483170268843,-1.0,-0.049794973057019465,-0.08975184312225856,-0.09772541295465237,-23.54751876366356,2664.594179900549,0.03634360570210023,1,0.3520689655172413,0.0987307130436234,0.1421286668794812,0.05742351017392501,0.40402482788794186,0.2995079471230191,0.30659884693182665,0.2557091859091171,2023-05-13,cody stamann,douglas silva de andrade,0.752408563617908,0.752408563617908,0.247591436382092,1,0.0,1,-175.0,150.0,0.3861054607506895,2.4,1.6451612903225803,0.04991387768897261,0.016106388422954,0.0202572479406822,0.0318698323703832,0.0392764126889053,0.0111557920389869,0.0133540118825816,-175.0,130.0,-155.0,140.0
16,0.0,0.0,0.0,-0.0725608010529803,0.0175441148904891,1.4444444444444444,-265.05483170268843,-1.0,0.0,-0.08975184312225856,-0.09772541295465237,-23.54751876366356,2664.594179900549,0.03634360570210023,1,0.3520689655172413,0.0,0.1421286668794812,0.05742351017392501,0.40402482788794186,0.0,0.0,0.2557091859091171,2023-05-13,ji yeon kim,mandy bohm,0.642073291578706,0.642073291578706,0.357926708421294,1,0.0,1,-250.0,210.0,0.0,3.25,1.4444444444444444,0.04991387768897261,0.0148558191630255,0.0220105402839789,0.0292048521890331,0.044044767293463,1.5698553568199713e-13,-1.571520691356909e-13,-265.0,188.0,-225.0,225.0
17,117.80293522949327,0.03216933453079606,1.2400000000000002,0.17718046939332588,0.0175441148904891,2.24,-265.05483170268843,-1.0,0.039889974818187124,-0.08975184312225856,-0.09772541295465237,-23.54751876366356,2664.594179900549,0.03634360570210023,1,0.3520689655172413,0.03894096831374286,0.1421286668794812,0.05742351017392501,0.40402482788794186,0.15977821993914731,0.1688724042212541,0.2557091859091171,2023-05-13,bryan battle,gabe green,0.5255269952648776,0.5255269952648776,0.4744730047351224,1,1.0,1,-125.0,105.0,0.1522861534101597,1.7692307692307692,2.24,0.04991387768897261,0.0209693281226405,0.0223911054816955,0.0374537513088538,0.0334794138866062,0.0061374951931404,0.0055084675397788,108.0,-144.0,124.0,-130.0
18,-155.17988858494795,0.05254641436466424,-1.0,0.01677825492426127,0.0175441148904891,1.4651162790697674,-265.05483170268843,-1.0,-0.05254641436466424,-0.08975184312225856,-0.09772541295465237,-23.54751876366356,2664.594179900549,0.03634360570210023,1,0.3520689655172413,0.014271053296805484,0.1421286668794812,0.05742351017392501,0.40402482788794186,0.024465283462917303,0.03827420997739645,0.2557091859091171,2023-05-13,matt brown,court mcgee,0.6939915073292577,0.3060084926707423,0.6939915073292577,0,1.0,0,-160.0,140.0,0.055809701345174316,1.4651162790697674,3.0,0.04991387768897261,0.0145071671607929,0.0175441148904891,0.0422095328216678,0.0296533748621354,0.0092371282497732,0.0066358876232425,170.0,-235.0,200.0,-215.0
19,0.0,0.0,0.0,-0.022818937231857364,0.0304849567433922,1.1111111111111112,536.7052288460993,2.398589065255732,0.0,0.20142100170245467,0.4224429765288209,588.9338677524612,3790.2332764991097,0.03634360570210023,1,5.204648416546812,0.0,0.11254690187776616,0.04765914418276744,0.4234602942205252,0.0,0.0,0.32291964590524175,2023-05-20,natalia silva,victoria leonardo,0.8794629564913283,0.8794629564913283,0.1205370435086716,1,1.0,1,-600.0,425.0,0.0,8.0,1.1111111111111112,0.3015753513332791,0.0148911162128596,0.0327279314061878,0.0161328480572771,0.0498012178767889,0.0070438589398639,0.0179561410601359,-1200.0,600.0,-900.0,700.0
20,0.0,0.010431388521676641,0.0,-0.0008061598937134096,0.0304849567433922,1.5208333333333337,536.7052288460993,2.398589065255732,0.0,0.20142100170245467,0.4224429765288209,588.9338677524612,3790.2332764991097,0.03634360570210023,1,5.204648416546812,0.003368500287719824,0.11254690187776616,0.04765914418276744,0.4234602942205252,-0.0011138204464764246,0.007550020372243289,0.32291964590524175,2023-05-20,edmen shahbazyan,anthony hernandez,0.6570041688370102,0.3429958311629898,0.6570041688370102,0,0.0,0,215.0,-255.0,0.010431388521676641,1.5208333333333337,2.84,0.3015753513332791,0.0214352794901065,0.0143348971251405,0.0417927029807088,0.0303226816346757,0.0055012059829431,0.0041457166487373,160.0,-220.0,184.0,-192.0
21,73.38636956450846,0.03745615875039423,0.7352941176470589,0.015909517003603546,0.0304849567433922,1.7352941176470589,536.7052288460993,2.398589065255732,0.02754129319881929,0.20142100170245467,0.4224429765288209,588.9338677524612,3790.2332764991097,0.03634360570210023,1,5.204648416546812,0.01209606780603638,0.11254690187776616,0.04765914418276744,0.4234602942205252,0.018511257691784258,0.03219369413438844,0.32291964590524175,2023-05-20,emily ducote,loopy godinez,0.5854393826800427,0.4145606173199573,0.5854393826800427,0,0.0,0,170.0,-200.0,0.03745844503243967,1.7352941176470589,2.28,0.3015753513332791,0.0211927359067407,0.0158443011302963,0.042575627637769,0.0364402653316124,0.0079027563129798,0.0069649213557683,115.0,-159.0,128.0,-136.0
22,0.0,0.0,0.0,-0.04420786951280503,0.0304849567433922,1.4761904761904765,536.7052288460993,2.398589065255732,0.0,0.20142100170245467,0.4224429765288209,588.9338677524612,3790.2332764991097,0.03634360570210023,1,5.204648416546812,0.0,0.11254690187776616,0.04765914418276744,0.4234602942205252,0.0,0.0,0.32291964590524175,2023-05-20,andre fialho,joaquin buckley,0.6474720883945513,0.3525279116054486,0.6474720883945513,0,0.0,0,155.0,-180.0,0.0,1.4761904761904765,2.94,0.3015753513332791,0.0196241763171906,0.0153898292850502,0.038295905858473,0.0268329950913234,0.0101696822963359,0.0073857269641423,175.0,-235.0,194.0,-210.0
23,90.02922563610322,0.04561274490709711,0.7407407407407407,0.23249466068026903,0.0304849567433922,1.7407407407407407,536.7052288460993,2.398589065255732,0.033787218449701555,0.20142100170245467,0.4224429765288209,588.9338677524612,3790.2332764991097,0.03634360570210023,1,5.204648416546812,0.10135407622737269,0.11254690187776616,0.04765914418276744,0.4234602942205252,0.27401248245392884,0.2663111735897631,0.32291964590524175,2023-05-20,diego ferreira,michael johnson,0.7080288476248354,0.7080288476248354,0.2919711523751646,1,1.0,1,-225.0,190.0,0.3138677919184708,2.35,1.7407407407407407,0.3015753513332791,0.0153963024902878,0.021738976024301,0.0370842431976682,0.0434166512567147,6.672440377997192e-14,-6.666889262874065e-14,-160.0,115.0,-135.0,135.0
24,83.76992787633759,0.04086960298145791,0.7692307692307692,0.024985795998020865,0.0304849567433922,1.7692307692307692,536.7052288460993,2.398589065255732,0.03143815613958301,0.20142100170245467,0.4224429765288209,588.9338677524612,3790.2332764991097,0.03634360570210023,1,5.204648416546812,0.015732642687326714,0.11254690187776616,0.04765914418276744,0.4234602942205252,0.02842862485372452,0.04281979156059669,0.32291964590524175,2023-05-20,karolina kowalkiewicz,vanessa demopoulos,0.5793397977380118,0.5793397977380118,0.4206602022619882,1,1.0,1,-116.0,-104.0,0.048719992378361936,2.22,1.7692307692307692,0.3015753513332791,0.02310992352528,0.0237310350803844,0.0369129536325693,0.0410558588424407,0.0074217884236674,0.0082460533311308,-144.0,105.0,-130.0,122.0
25,97.3516852155832,0.038362040361499816,0.9523809523809523,0.17292757050307506,0.0304849567433922,1.9523809523809523,536.7052288460993,2.398589065255732,0.036535276534761726,0.20142100170245467,0.4224429765288209,588.9338677524612,3790.2332764991097,0.03634360570210023,1,5.204648416546812,0.055499765033598374,0.11254690187776616,0.04765914418276744,0.4234602942205252,0.17839914980644295,0.1665973682609254,0.32291964590524175,2023-05-20,orion cosce,gilbert urbina,0.6007677800137702,0.3992322199862298,0.6007677800137702,0,0.0,0,-230.0,195.0,0.1718686544388332,1.9523809523809523,2.1,0.3015753513332791,0.0148153165095695,0.0211374313075851,0.0508711253271327,0.0492299869074478,-0.0058975671206943,-0.0057168347376098,-115.0,-130.0,110.0,-105.0
26,76.4059416722015,0.051614124224761214,0.5555555555555556,0.142543711093558,0.0304849567433922,1.5555555555555556,536.7052288460993,2.398589065255732,0.028674513458200677,0.20142100170245467,0.4224429765288209,588.9338677524612,3790.2332764991097,0.03634360570210023,1,5.204648416546812,0.08825974335674161,0.11254690187776616,0.04765914418276744,0.4234602942205252,0.1915279079373728,0.20341556867737573,0.32291964590524175,2023-05-20,ilir latifi,rodrigo nascimento,0.7344923857030016,0.2655076142969984,0.7344923857030016,0,0.0,0,145.0,-170.0,0.27331797391677043,1.5555555555555556,2.66,0.3015753513332791,0.0209202087040684,0.0168726862316835,0.0379213858088197,0.0287452808578468,0.0105701215078058,0.0082268709733971,150.0,-200.0,166.0,-180.0
27,0.0,0.0,0.0,-0.04513813724148885,0.0304849567433922,1.8333333333333333,536.7052288460993,2.398589065255732,0.0,0.20142100170245467,0.4224429765288209,588.9338677524612,3790.2332764991097,0.03634360570210023,1,5.204648416546812,0.0,0.11254690187776616,0.04765914418276744,0.4234602942205252,0.0,0.0,0.32291964590524175,2023-05-20,chase hooper,nick fiore,0.5208337433228243,0.4791662566771758,0.5208337433228243,0,1.0,0,-116.0,-104.0,0.0,1.8333333333333333,2.15,0.3015753513332791,0.02310992352528,0.0237310350803844,0.0415743006321754,0.0382576321409336,0.0054777699247609,0.0050930545995517,100.0,-138.0,115.0,-120.0
28,90.26925753404987,0.040991533510096066,0.8264462809917359,0.1523721212380491,0.0304849567433922,1.826446280991736,536.7052288460993,2.398589065255732,0.03387730042156701,0.20142100170245467,0.4224429765288209,588.9338677524612,3790.2332764991097,0.03634360570210023,1,5.204648416546812,0.06010935167122708,0.11254690187776616,0.04765914418276744,0.4234602942205252,0.168385317780956,0.16844141028089532,0.32291964590524175,2023-05-20,takashi sato,themba gorimbo,0.6309367722615562,0.3690632277384437,0.6309367722615562,0,0.0,0,145.0,-165.0,0.18614337168221007,1.826446280991736,2.2,0.3015753513332791,0.0169758313451285,0.0138289433949562,0.0453752743132196,0.0414015851909125,0.0010709543730063,0.0009858123896429,100.0,-142.0,120.0,-121.0
29,77.72146025367735,0.04666914659797278,0.625,0.10327112874660527,0.0304849567433922,1.625,536.7052288460993,2.398589065255732,0.029168216623732982,0.20142100170245467,0.4224429765288209,588.9338677524612,3790.2332764991097,0.03634360570210023,1,5.204648416546812,0.06060706339588022,0.11254690187776616,0.04765914418276744,0.4234602942205252,0.13022685063907105,0.14883571563469036,0.32291964590524175,2023-05-20,mackenzie dern,angela hill,0.6789360792286802,0.6789360792286802,0.3210639207713198,1,1.0,1,-188.0,140.0,0.18768465828698724,2.45,1.625,0.3015753513332791,0.0304849567433922,0.0389594877010522,0.0276369667218073,0.034258584535446,0.0106300382942201,0.0129178423965176,-175.0,135.0,-160.0,145.0
30,116.34529463953155,0.05218333185810972,0.5882352941176472,0.17912967225950138,0.0209693281226405,1.5882352941176472,-295.2883744632488,-1.0,0.030696077563593962,-0.07790770459806504,-0.04273854583189999,133.29931586199913,3628.24421789786,0.03634360570210024,1,0.39237995076128795,0.07399354308460966,0.1441107523472168,0.08072065879225523,0.560129327461763,0.2372798458904157,0.22149752433701222,0.2521921862883269,2023-06-03,alex caceres,daniel pineda,0.7424149788300564,0.7424149788300564,0.2575850211699436,1,1.0,1,-190.0,165.0,0.29340141014525384,2.8,1.5882352941176472,0.06475711812008328,0.0140896311984247,0.0184412731607164,0.0404994785535749,0.0551637867525474,-0.0058281467255499,-0.0073993665019633,-220.0,145.0,-170.0,180.0
31,0.0,0.0,0.0,-0.08291873292380808,0.0209693281226405,1.8333333333333333,-295.2883744632488,-1.0,0.0,-0.07790770459806504,-0.04273854583189999,133.29931586199913,3628.24421789786,0.03634360570210024,1,0.39237995076128795,0.0,0.1441107523472168,0.08072065879225523,0.560129327461763,0.0,0.0,0.2521921862883269,2023-06-03,philipe lins,maxim grishin,0.5002261456779229,0.4997738543220771,0.5002261456779229,0,1.0,0,-105.0,-115.0,0.0,1.8333333333333333,2.3,0.06475711812008328,0.0237995764494319,0.0232792664320201,0.0527092884412548,0.0472907115587453,-0.010346788412234,-0.0094160574375683,100.0,-150.0,130.0,-120.0
32,-128.40577093503722,0.03387806542969319,-1.0,0.08199318658967203,0.0209693281226405,2.15,-295.2883744632488,-1.0,-0.03387806542969319,-0.07790770459806504,-0.04273854583189999,133.29931586199913,3628.24421789786,0.03634360570210024,1,0.39237995076128795,0.017980905205895875,0.1441107523472168,0.08072065879225523,0.560129327461763,0.07653341725626575,0.07638473649971075,0.2521921862883269,2023-06-03,kai kara france,amir albazi,0.5032526449254289,0.5032526449254289,0.4967473550745711,1,0.0,1,-205.0,175.0,0.07129842312139925,1.869565217391304,2.15,0.06475711812008328,0.0151972403609571,0.02057027081639,0.0447537359475032,0.0419094711100993,-3.1530333899354446e-14,3.164135620181696e-14,-105.0,-135.0,115.0,-115.0
33,-137.81968618120553,0.03636179520551943,-1.0,0.32705731214223877,0.0209693281226405,2.2,-295.2883744632488,-1.0,-0.03636179520551943,-0.07790770459806504,-0.04273854583189999,133.29931586199913,3628.24421789786,0.03634360570210024,1,0.39237995076128795,0.05618695279206767,0.1441107523472168,0.08072065879225523,0.560129327461763,0.30459381985790296,0.23922503608380163,0.2521921862883269,2023-06-03,abubakar nurmagomedov,elizeu zaleski dos santos,0.603207869155563,0.603207869155563,0.396792130844437,1,0.0,1,-110.0,-110.0,0.22279418573194854,2.1,2.2,0.06475711812008328,0.0238095238095238,0.0238095238095238,0.0776525903115431,0.0764961936655668,-0.0349177950081741,-0.034346274255895,-133.0,-140.0,120.0,110.0
34,0.0,0.0,0.0,-0.04199882846407427,0.0209693281226405,1.763358778625954,-295.2883744632488,-1.0,0.0,-0.07790770459806504,-0.04273854583189999,133.29931586199913,3628.24421789786,0.03634360570210024,1,0.39237995076128795,0.0,0.1441107523472168,0.08072065879225523,0.560129327461763,0.0,0.0,0.2521921862883269,2023-06-03,damon blackshear,luan lacerda,0.5432820496589017,0.4567179503410983,0.5432820496589017,0,1.0,0,-230.0,195.0,0.0,1.763358778625954,2.3200000000000003,0.06475711812008328,0.0148153165095695,0.0211374313075851,0.0505224483044395,0.0431830641025305,-0.0009891397567385,-0.0008768103850737,111.0,-163.0,132.0,-131.0
35,136.01247994427737,0.04126773750464058,0.869565217391304,0.2101184684079619,0.0209693281226405,1.869565217391304,-295.2883744632488,-1.0,0.03588498913447005,-0.07790770459806504,-0.04273854583189999,133.29931586199913,3628.24421789786,0.03634360570210024,1,0.39237995076128795,0.05676260222175939,0.1441107523472168,0.08072065879225523,0.560129327461763,0.2281935179743553,0.20724859409003987,0.2521921862883269,2023-06-03,elise reed,jinh yu frey,0.6472726691484448,0.6472726691484448,0.3527273308515551,1,1.0,1,150.0,-175.0,0.22507676806791985,2.25,1.869565217391304,0.06475711812008328,0.0202572479406822,0.016106388422954,0.0533667010142747,0.0588284209369449,-0.0099391514307929,-0.0107326831945299,-150.0,-105.0,-115.0,125.0
36,0.0,0.0,0.0,-0.011135308285002254,0.0209693281226405,1.5,-295.2883744632488,-1.0,0.0,-0.07790770459806504,-0.04273854583189999,133.29931586199913,3628.24421789786,0.03634360570210024,1,0.39237995076128795,0.0,0.1441107523472168,0.08072065879225523,0.560129327461763,0.0,0.0,0.2521921862883269,2023-06-03,daniel santos,johnny munoz,0.6592431278099985,0.6592431278099985,0.3407568721900015,1,1.0,1,155.0,-180.0,0.0,3.0,1.5,0.06475711812008328,0.0196241763171906,0.0153898292850502,0.031307892089832,0.0449448312217145,1.4011014570769478e-13,-1.4011014570769478e-13,-240.0,170.0,-200.0,200.0
37,147.16699839443297,0.04154590939254559,0.9345794392523368,0.3333677955730654,0.0209693281226405,1.9345794392523368,-295.2883744632488,-1.0,0.03882795270331365,-0.07790770459806504,-0.04273854583189999,133.29931586199913,3628.24421789786,0.03634360570210024,1,0.39237995076128795,0.08515091278053838,0.1441107523472168,0.08072065879225523,0.560129327461763,0.35442400320392137,0.31758369534631203,0.2521921862883269,2023-06-03,andrei arlovski,dontale mayes,0.6892287638952559,0.3107712361047441,0.6892287638952559,0,0.0,0,105.0,-125.0,0.33764294617433876,1.9345794392523368,2.2,0.06475711812008328,0.0223911054816955,0.0209693281226405,0.0660496298351206,0.0612409956381492,-0.0146444398019863,-0.0139018930921727,-113.0,-148.0,120.0,-107.0
38,-220.1093323558564,0.06066552280854562,-1.0,0.1154667927920674,0.0124294283888805,1.425531914893617,573.680043647698,1.2995169082125604,-0.060665522808545626,0.15811505764076653,0.18154413695126542,85.006421538988,4286.930683084546,0.03634360570210024,1,0.49275362318840576,0.071833663061058,0.13728559304565083,0.05928292770156322,0.4318219150777911,0.17834765198364386,0.1756769052472971,0.26472993193113203,2023-06-10,miranda maverick,jasmine jasudavicius,0.7824916307645846,0.7824916307645846,0.2175083692354154,1,0.0,1,-225.0,190.0,0.27134696306175576,3.35,1.425531914893617,0.11898827798936087,0.0153963024902878,0.021738976024301,0.0289784500400699,0.0444909377150319,1.6275869541004797e-13,-1.6275869541004797e-13,-275.0,194.0,-235.0,235.0
39,0.0,0.0,0.0,-0.0857846827729224,0.0124294283888805,1.5,573.680043647698,1.2995169082125604,0.0,0.15811505764076653,0.18154413695126542,85.006421538988,4286.930683084546,0.03634360570210024,1,0.49275362318840576,0.0,0.13728559304565083,0.05928292770156322,0.4318219150777911,0.0,0.0,0.26472993193113203,2023-06-10,kyle nelson,blake bilder,0.6094768781513851,0.3905231218486149,0.6094768781513851,0,1.0,0,180.0,-210.0,0.0,1.5,3.3,0.11898827798936087,0.0199742169708566,0.01458799501071,0.0715472172323319,0.045658596176013,-0.0174824335354757,-0.0128205967675545,170.0,-295.0,230.0,-200.0
40,123.14401054609822,0.04683773317003313,0.7246376811594204,0.24564669895249192,0.0124294283888805,1.7246376811594204,573.680043647698,1.2995169082125604,0.033940386355096476,0.15811505764076653,0.18154413695126542,85.006421538988,4286.930683084546,0.03634360570210024,1,0.49275362318840576,0.08906223103442538,0.13728559304565083,0.05928292770156322,0.4318219150777911,0.2936884855841487,0.2813938067412,0.26472993193113203,2023-06-10,marc andre barriault,eryk anders,0.7222657330060667,0.7222657330060667,0.2777342669939333,1,1.0,1,-148.0,128.0,0.3364267515378443,2.4,1.7246376811594204,0.11898827798936087,0.0163467970621246,0.0190238877143326,0.0383851927360835,0.0457985683881992,-0.0016245716330162,-0.0018768289272079,-167.0,118.0,-138.0,140.0
41,91.46585804496564,0.05798161889590401,0.4347826086956521,0.08491587206704299,0.0124294283888805,1.434782608695652,573.680043647698,1.2995169082125604,0.02520939951995826,0.15811505764076653,0.18154413695126542,85.006421538988,4286.930683084546,0.03634360570210024,1,0.49275362318840576,0.051703477974128866,0.13728559304565083,0.05928292770156322,0.4318219150777911,0.1292608933329523,0.12830347856100538,0.26472993193113203,2023-06-10,dan ige,nate landwehr,0.7561534865921815,0.7561534865921815,0.2438465134078185,1,1.0,1,-255.0,215.0,0.19530650575462402,3.3,1.434782608695652,0.11898827798936087,0.0143348971251405,0.0214352794901065,0.0311920197949612,0.0487236735395431,1.6009416015094757e-13,-1.5998313784848508e-13,-286.0,195.0,-230.0,230.0
42,0.0,0.0,0.0,-0.11883081335914447,0.0124294283888805,1.4926108374384237,573.680043647698,1.2995169082125604,0.0,0.15811505764076653,0.18154413695126542,85.006421538988,4286.930683084546,0.03634360570210024,1,0.49275362318840576,0.0,0.13728559304565083,0.05928292770156322,0.4318219150777911,0.0,0.0,0.26472993193113203,2023-06-10,mike malott,adam fugitt,0.5903542735580649,0.5903542735580649,0.4096457264419351,1,1.0,1,-337.0,277.0,0.0,2.84,1.4926108374384237,0.11898827798936087,0.0135158020150294,0.0229032354298108,0.0279273931712014,0.039412674168866,0.0093783814717437,0.0127012912842642,-230.0,170.0,-203.0,184.0
43,90.50588530378053,0.07483444873196936,0.33333333333333326,0.133032446514725,0.0124294283888805,1.3333333333333333,573.680043647698,1.2995169082125604,0.02494481624398978,0.15811505764076653,0.18154413695126542,85.006421538988,4286.930683084546,0.03634360570210024,1,0.49275362318840576,0.1019736377675002,0.13728559304565083,0.05928292770156322,0.4318219150777911,0.23618176110160063,0.2169681998946479,0.26472993193113203,2023-06-10,amanda nunes,irene aldana,0.8497743348860438,0.8497743348860438,0.1502256651139561,1,1.0,1,-650.0,475.0,0.3851987458449846,4.25,1.3333333333333333,0.11898827798936087,0.0124294283888805,0.028150281756047,0.0329130095864901,0.0623250856516051,-0.0056516612503877,-0.0090542211025535,-425.0,250.0,-300.0,325.0
44,-81.00092607667104,0.018894853232940306,-1.0,0.006458110369329528,0.0259818775864164,1.6451612903225803,-414.5484467951468,-1.0,-0.018894853232940306,-0.09670052479058737,-0.11830481822511896,-92.61610841085546,3779.766127878544,0.03634360570210024,1,-1.9808080808080806,0.004823617112442765,0.14237220648354443,0.05894539079940164,0.41402315982378646,0.008027206424565399,0.01520236174438119,0.2552717738928973,2023-06-17,armen petrosyan,christian leroy duncan,0.6117686553225338,0.3882313446774662,0.6117686553225338,0,1.0,0,110.0,-150.0,0.018896006553652808,1.6451612903225803,2.5,0.15135899327655503,0.0405383694346594,0.0356521067558167,0.0555522423714084,0.0440646158661395,0.0042913419262347,0.0035517953286672,125.0,-190.0,150.0,-155.0
45,125.89143102601396,0.05285939815657991,0.5555555555555556,0.17477995607712,0.0259818775864164,1.5555555555555556,-414.5484467951468,-1.0,0.02936633230921106,-0.09670052479058737,-0.11830481822511896,-92.61610841085546,3779.766127878544,0.03634360570210024,1,-1.9808080808080806,0.08512811170036372,0.14237220648354443,0.05894539079940164,0.41402315982378646,0.2354904818519689,0.24750756141077407,0.2552717738928973,2023-06-17,pat sabatini,lucas almeida,0.7552156860495771,0.7552156860495771,0.2447843139504228,1,1.0,1,-188.0,140.0,0.33348031551690616,2.63,1.5555555555555556,0.15135899327655503,0.0304849567433922,0.0389594877010522,0.0287452808578468,0.0379213858088197,0.0101145842337774,0.0129706955054947,-200.0,150.0,-180.0,163.0
46,52.319107719522314,0.12204327895005163,0.10000000000000009,0.023270033071021212,0.0259818775864164,1.1,-414.5484467951468,-1.0,0.012204327895005175,-0.09670052479058737,-0.11830481822511896,-92.61610841085546,3779.766127878544,0.03634360570210024,1,-1.9808080808080806,0.0647343669503274,0.14237220648354443,0.05894539079940164,0.41402315982378646,0.07295733336854354,0.08088354130116757,0.2552717738928973,2023-06-17,arman tsarukyan,joaquim silva,0.9302454846100192,0.9302454846100192,0.0697545153899807,1,1.0,1,-1000.0,500.0,0.2535899914163153,10.0,1.1,0.15135899327655503,0.019638207040137,0.0561193687174385,0.0181280878736953,0.0681359593411158,0.002544258574178,0.006546650516731,-1667.0,600.0,-1000.0,900.0
47,0.0,0.015274556409405806,0.0,-0.00014481032363516944,0.0259818775864164,1.5405405405405406,-414.5484467951468,-1.0,0.0,-0.09670052479058737,-0.11830481822511896,-92.61610841085546,3779.766127878544,0.03634360570210024,1,-1.9808080808080806,0.003899163110056144,0.14237220648354443,0.05894539079940164,0.41402315982378646,-0.00019625099168835177,0.011270839642646207,0.2552717738928973,2023-06-17,manuel torres,nikolas motta,0.6490288073337807,0.6490288073337807,0.3509711926662193,1,1.0,1,-163.0,120.0,0.015274556409405806,2.75,1.5405405405405406,0.15135899327655503,0.0339796305551364,0.0403376871081888,0.0330335874677767,0.0443857673709329,0.0055380849517432,0.0072210857021642,-210.0,150.0,-185.0,175.0
48,0.0,0.0,0.0,-0.12206518836478769,0.0259818775864164,1.526315789473684,-414.5484467951468,-1.0,0.0,-0.09670052479058737,-0.11830481822511896,-92.61610841085546,3779.766127878544,0.03634360570210024,1,-1.9808080808080806,0.0,0.14237220648354443,0.05894539079940164,0.41402315982378646,0.0,0.0,0.2552717738928973,2023-06-17,zac pauga,modestas bukauskas,0.5751986696920357,0.4248013303079643,0.5751986696920357,0,0.0,0,130.0,-175.0,0.0,1.526315789473684,2.75,0.15135899327655503,0.0392764126889053,0.0318698323703832,0.0443857673709329,0.0330335874677767,0.0106887601538178,0.0081200172756494,150.0,-210.0,175.0,-190.0
49,97.08371802994021,0.062277709699340655,0.36363636363636376,0.058398935800603735,0.0259818775864164,1.3636363636363638,-414.5484467951468,-1.0,0.022646439890669338,-0.09670052479058737,-0.11830481822511896,-92.61610841085546,3779.766127878544,0.03634360570210024,1,-1.9808080808080806,0.044440982011894455,0.14237220648354443,0.05894539079940164,0.41402315982378646,0.09654076087000733,0.10531132243673748,0.2552717738928973,2023-06-17,jimmy flick,alessandro costa,0.7761592195871093,0.2238407804128906,0.7761592195871093,0,0.0,0,175.0,-250.0,0.17409281619416436,1.3636363636363638,3.6,0.15135899327655503,0.0462926168982899,0.0316294610237879,0.0500539330205592,0.029887927444557,0.0067536423762459,0.0043574687348652,220.0,-330.0,260.0,-275.0
50,-98.96556816133922,0.02308541366246939,-1.0,0.019466694570394516,0.0259818775864164,1.7246376811594204,-414.5484467951468,-1.0,-0.02308541366246939,-0.09670052479058737,-0.11830481822511896,-92.61610841085546,3779.766127878544,0.03634360570210024,1,-1.9808080808080806,0.005893414202126562,0.14237220648354443,0.05894539079940164,0.41402315982378646,0.02288326911277148,0.01963985675541074,0.2552717738928973,2023-06-17,carlos hernandez,denys bondar,0.5911193439105649,0.4088806560894351,0.5911193439105649,0,1.0,0,-138.0,110.0,0.023086822770304494,1.7246376811594204,2.4,0.15135899327655503,0.0265680525498327,0.0294543564137525,0.0533421634075115,0.0454898222169268,-0.0018768289272079,-0.0016245716330162,110.0,-165.0,140.0,-138.0
51,-187.9438709483217,0.04384112663400746,-1.0,0.2836922978807568,0.0259818775864164,1.806451612903225,-414.5484467951468,-1.0,-0.04384112663400746,-0.09670052479058737,-0.11830481822511896,-92.61610841085546,3779.766127878544,0.03634360570210024,1,-1.9808080808080806,0.09122384730184326,0.14237220648354443,0.05894539079940164,0.41402315982378646,0.3214819917967841,0.31535264843050004,0.2552717738928973,2023-06-17,marvin vettori,jared cannonier,0.7106153791839906,0.7106153791839906,0.2893846208160093,1,0.0,1,-200.0,154.0,0.35735971083163093,2.2,1.806451612903225,0.15135899327655503,0.0259818775864164,0.034385576481825,0.0398469652052378,0.0434863681280953,0.0038771838960715,0.0042396992208115,-140.0,100.0,-124.0,120.0
52,101.79778901035223,0.051171366845447416,0.5263157894736841,0.06432343673419572,0.0342505339758,1.526315789473684,-480.97253137751363,-1.0,0.02693229833970916,-0.12724928344904435,-0.19863382182095218,-269.81686019238344,3028.9767363086467,0.03634360570210023,1,-1.3338992642897576,0.052817187048325935,0.08409604771045875,0.024108479539605945,0.28667791407523724,0.0888009739632114,0.08852671569283375,0.43216782109940105,2023-06-24,brendan allen,bruno silva,0.6973153551017145,0.6973153551017145,0.3026846448982855,1,1.0,1,-200.0,150.0,0.12221452979530766,2.9,1.526315789473684,0.00910182448817811,0.0287452808578468,0.0379213858088197,0.0405360611177055,0.0564336358519914,1.318944953254686e-13,-1.3183898417423734e-13,-230.0,150.0,-190.0,190.0
53,0.0,0.0,0.0,-0.1119858156823405,0.0342505339758,1.4166666666666667,-480.97253137751363,-1.0,0.0,-0.12724928344904435,-0.19863382182095218,-269.81686019238344,3028.9767363086467,0.03634360570210023,1,-1.3338992642897576,0.0,0.08409604771045875,0.024108479539605945,0.28667791407523724,0.0,0.0,0.43216782109940105,2023-06-24,randy brown,wellington turman,0.626833541871289,0.626833541871289,0.3731664581287109,1,1.0,1,-250.0,175.0,0.0,3.2,1.4166666666666667,0.00910182448817811,0.0316294610237879,0.0462926168982899,0.0332802337799202,0.0509302925358691,0.0074719514802815,0.0109104014608949,-275.0,185.0,-240.0,220.0
54,-193.40331527259087,0.05116806403605232,-1.0,0.08290496181031426,0.0342505339758,1.526315789473684,-480.97253137751363,-1.0,-0.05116806403605232,-0.12724928344904435,-0.19863382182095218,-269.81686019238344,3028.9767363086467,0.03634360570210023,1,-1.3338992642897576,0.07645125915914548,0.08409604771045875,0.024108479539605945,0.28667791407523724,0.11386616855599464,0.12880064334720964,0.43216782109940105,2023-06-24,jamall emmers,jack jenkins,0.7094894577377922,0.7094894577377922,0.2905105422622078,1,0.0,1,-188.0,140.0,0.17690178543293547,2.75,1.526315789473684,0.00910182448817811,0.0304849567433922,0.0389594877010522,0.0296199858307136,0.0399562317530939,0.0081200172756494,0.0106887601538178,-210.0,155.0,-190.0,175.0
55,121.01030851123528,0.03969895953275593,0.8064516129032251,0.06485855312699845,0.0342505339758,1.806451612903225,-480.97253137751363,-1.0,0.03201528994577088,-0.12724928344904435,-0.19863382182095218,-269.81686019238344,3028.9767363086467,0.03634360570210023,1,-1.3338992642897576,0.04712388009890455,0.08409604771045875,0.024108479539605945,0.28667791407523724,0.07197650890574629,0.09825736058417184,0.43216782109940105,2023-06-24,tabatha ricci,gillian robertson,0.5894752704810172,0.5894752704810172,0.4105247295189828,1,1.0,1,-138.0,105.0,0.10904069622542718,2.1,1.806451612903225,0.00910182448817811,0.0322362225882545,0.0354005882336351,0.0398469652052378,0.0434863681280953,0.0143385228481075,0.0154233819137972,-140.0,100.0,-124.0,110.0
56,-205.6338154634924,0.054403846298000394,-1.0,0.09091154636787907,0.0342505339758,1.4761904761904765,-480.97253137751363,-1.0,-0.05440384629800039,-0.12724928344904435,-0.19863382182095218,-269.81686019238344,3028.9767363086467,0.03634360570210023,1,-1.3338992642897576,0.0934078367222904,0.08409604771045875,0.024108479539605945,0.28667791407523724,0.13101987214385827,0.14997289030865307,0.43216782109940105,2023-06-24,david onama,gabriel santos,0.7390045959266276,0.2609954040733724,0.7390045959266276,0,1.0,0,185.0,-235.0,0.2161378801519007,1.4761904761904765,2.88,0.00910182448817811,0.0308510964545928,0.0215186338412962,0.038295905858473,0.0268329950913234,0.014261364100963,0.0103802129599688,175.0,-235.0,188.0,-210.0
57,-185.36739894922806,0.049042028707016475,-1.0,0.015645413884396664,0.0342505339758,1.526315789473684,-480.97253137751363,-1.0,-0.049042028707016475,-0.12724928344904435,-0.19863382182095218,-269.81686019238344,3028.9767363086467,0.03634360570210023,1,-1.3338992642897576,0.025860055965602764,0.08409604771045875,0.024108479539605945,0.28667791407523724,0.021401086811770408,0.043744983969319584,0.43216782109940105,2023-06-24,amanda ribas,maycee barber,0.6654228573725358,0.6654228573725358,0.3345771426274642,1,0.0,1,-163.0,120.0,0.059837995109901544,2.7,1.526315789473684,0.00910182448817811,0.0339796305551364,0.0403376871081888,0.0263550910265553,0.0356796484275389,0.0110442112995078,0.014498572863966,-210.0,160.0,-190.0,170.0
58,91.77957197134039,0.07284543715104395,0.33333333333333326,0.12115298671034236,0.0342505339758,1.3333333333333333,-480.97253137751363,-1.0,0.024281812383681312,-0.12724928344904435,-0.19863382182095218,-269.81686019238344,3028.9767363086467,0.03634360570210023,1,-1.3338992642897576,0.1544750344079757,0.08409604771045875,0.024108479539605945,0.28667791407523724,0.2133564712014222,0.2029710878448123,0.43216782109940105,2023-06-24,josh emmett,ilia topuria,0.8408647400327568,0.1591352599672432,0.8408647400327568,0,0.0,0,170.0,-200.0,0.3574422408753232,1.3333333333333333,4.1,0.00910182448817811,0.0211927359067407,0.0158443011302963,0.0555138125575491,0.0302004731567365,-0.0037566355217251,-0.0023409254538845,250.0,-400.0,310.0,-300.0
59,0.0,0.0,0.0,-0.07260959989493715,0.0342505339758,1.7142857142857144,-480.97253137751363,-1.0,0.0,-0.12724928344904435,-0.19863382182095218,-269.81686019238344,3028.9767363086467,0.03634360570210023,1,-1.3338992642897576,0.0,0.08409604771045875,0.024108479539605945,0.28667791407523724,0.0,0.0,0.43216782109940105,2023-06-24,cody brundage,sedriques dumas,0.54097773339462,0.54097773339462,0.45902226660538,1,0.0,1,-120.0,-110.0,0.0,2.5,1.7142857142857144,0.00910182448817811,0.0342505339758,0.0350135352882691,0.0449744276338792,0.0543521716927199,-0.007676698264367,-0.0089899684022995,-175.0,116.0,-140.0,150.0
60,0.0,0.02376318307948111,0.0,-0.007994990833732452,0.0316294610237879,1.3636363636363638,439.9232260084488,1.4526315789473685,0.0,0.1452382320190991,0.20054419746586402,167.5204827173408,3636.4204450344364,0.03634360570210024,1,1.1518796992481204,0.015087952544384074,0.05724035474839422,0.012296024153193447,0.2148139054560697,-0.013066825529655605,0.014539601104306238,0.6349297774594906,2023-07-01,ismael bonfim,benoit st denis,0.7274703400552628,0.7274703400552628,0.2725296599447372,1,0.0,1,-250.0,175.0,0.02376318307948111,3.35,1.3636363636363638,0.09998284088271314,0.0316294610237879,0.0462926168982899,0.0217342242339844,0.0343555193557591,0.0124968059878638,0.0193439900320366,-290.0,220.0,-275.0,235.0
61,0.0,0.0,0.0,-0.003933796329796624,0.0316294610237879,1.862068965517241,439.9232260084488,1.4526315789473685,0.0,0.1452382320190991,0.20054419746586402,167.5204827173408,3636.4204450344364,0.03634360570210024,1,1.1518796992481204,0.0,0.05724035474839422,0.012296024153193447,0.2148139054560697,0.0,0.0,0.6349297774594906,2023-07-01,damir ismagulov,grant dawson,0.534924442711776,0.534924442711776,0.465075557288224,1,0.0,1,-163.0,120.0,0.0,2.2,1.862068965517241,0.09998284088271314,0.0339796305551364,0.0403376871081888,0.0459416887491485,0.0495867665354043,-0.0040575535540482,-0.0043599548634601,-140.0,-105.0,-116.0,120.0
62,68.41321115361019,0.056465612902811546,0.3999999999999999,0.01878856349863678,0.0316294610237879,1.4,439.9232260084488,1.4526315789473685,0.02258624516112461,0.1452382320190991,0.20054419746586402,167.5204827173408,3636.4204450344364,0.03634360570210024,1,1.1518796992481204,0.05182585468335808,0.05724035474839422,0.012296024153193447,0.2148139054560697,0.029376774735713672,0.052204776566333946,0.6349297774594906,2023-07-01,max griffin,michael morales,0.7277061167847406,0.2722938832152594,0.7277061167847406,0,0.0,0,163.0,-225.0,0.0816245457737484,1.4,3.2,0.09998284088271314,0.042226716265892,0.0303091129239294,0.0380985942424859,0.0249644688205773,0.0160048334946276,0.0107808807910866,200.0,-270.0,220.0,-250.0
63,0.0,0.0,0.0,-0.11778201244216768,0.0316294610237879,1.5714285714285714,439.9232260084488,1.4526315789473685,0.0,0.1452382320190991,0.20054419746586402,167.5204827173408,3636.4204450344364,0.03634360570210024,1,1.1518796992481204,0.0,0.05724035474839422,0.012296024153193447,0.2148139054560697,0.0,0.0,0.6349297774594906,2023-07-01,yana santos,karol rosa,0.5614114466277115,0.4385885533722885,0.5614114466277115,0,0.0,0,170.0,-210.0,0.0,1.5714285714285714,2.7,0.09998284088271314,0.0275590688255333,0.0202306563835465,0.0472150026586399,0.0361183306746932,0.0037745585963693,0.0029594481376373,140.0,-200.0,170.0,-175.0
64,99.1072715637306,0.0435172279799016,0.7518796992481205,0.18403731754742636,0.0316294610237879,1.7518796992481205,439.9232260084488,1.4526315789473685,0.03271972028564031,0.1452382320190991,0.20054419746586402,167.5204827173408,3636.4204450344364,0.03634360570210024,1,1.1518796992481204,0.163310320865681,0.05724035474839422,0.012296024153193447,0.2148139054560697,0.21330162236275496,0.2219216498721462,0.6349297774594906,2023-07-01,alexandr romanov,blagoy ivanov,0.6758667949948828,0.6758667949948828,0.3241332050051172,1,1.0,1,-125.0,-105.0,0.25721005166764355,2.25,1.7518796992481205,0.09998284088271314,0.0331297358984499,0.0346209416083251,0.0412941575850406,0.0465107204637399,0.0071880829509737,0.0080718121372474,-150.0,105.0,-133.0,125.0
65,0.0,0.0,0.0,-0.2437604857607231,0.0316294610237879,1.4761904761904765,439.9232260084488,1.4526315789473685,0.0,0.1452382320190991,0.20054419746586402,167.5204827173408,3636.4204450344364,0.03634360570210024,1,1.1518796992481204,0.0,0.05724035474839422,0.012296024153193447,0.2148139054560697,0.0,0.0,0.6349297774594906,2023-07-01,kevin lee,rinat fakhretdinov,0.5122912838395101,0.4877087161604899,0.5122912838395101,0,0.0,0,175.0,-250.0,0.0,1.4761904761904765,2.8,0.09998284088271314,0.0462926168982899,0.0316294610237879,0.0336244588854163,0.0242459114849539,0.0199742169708566,0.01458799501071,170.0,-220.0,180.0,-210.0
66,90.70170624875836,0.058615061956226476,0.42553191489361697,0.0879136208222906,0.0215727129365356,1.425531914893617,-392.8637764915893,-1.0,0.024942579555841053,-0.10803585075758998,-0.27712146687566397,-614.8663914130086,2628.6902771298383,0.03634360570210024,1,-2.9078014184397167,0.0410469821384236,0.1916401573074712,0.09096437739212142,0.47466240202556503,0.1348051316817006,0.14115279473057724,0.18964504210769276,2023-07-08,vitor petrino,marcin prachnio,0.7631632862484725,0.7631632862484725,0.2368367137515274,1,1.0,1,-275.0,200.0,0.2164411032433659,3.25,1.425531914893617,-0.12057770165332517,0.0262663073127574,0.040400359353909,0.0308543152863964,0.0473066042538332,0.0037502421673497,0.0054346028383907,-275.0,190.0,-235.0,225.0
67,107.89573693954088,0.04450629619309018,0.6666666666666663,0.04772505650681741,0.0215727129365356,1.6666666666666663,-392.8637764915893,-1.0,0.029670864128726767,-0.10803585075758998,-0.27712146687566397,-614.8663914130086,2628.6902771298383,0.03634360570210024,1,-2.9078014184397167,0.015201438676610465,0.1916401573074712,0.09096437739212142,0.47466240202556503,0.0583837513172722,0.0655235853845358,0.18964504210769276,2023-07-08,kamuela kirk,esteban ribovics,0.6286350339040906,0.3713649660959094,0.6286350339040906,0,0.0,0,150.0,-200.0,0.08015732184539842,1.6666666666666663,2.45,-0.12057770165332517,0.0379213858088197,0.0287452808578468,0.0482686511092195,0.0390329361923678,0.0044366554026268,0.0037266099034956,125.0,-180.0,145.0,-150.0
68,-168.50949505351312,0.04633938720799304,-1.0,0.23939028301255239,0.0215727129365356,1.7246376811594204,-392.8637764915893,-1.0,-0.04633938720799304,-0.10803585075758998,-0.27712146687566397,-614.8663914130086,2628.6902771298383,0.03634360570210024,1,-2.9078014184397167,0.06340077766075793,0.1916401573074712,0.09096437739212142,0.47466240202556503,0.2852867981470202,0.28052911058788743,0.18964504210769276,2023-07-08,jimmy crute,alonzo menifield,0.7186380632593791,0.7186380632593791,0.2813619367406209,1,0.0,1,-105.0,-125.0,0.33431286658553855,2.35,1.7246376811594204,-0.12057770165332517,0.0346209416083251,0.0331297358984499,0.0370842431976682,0.0434166512567147,0.0024958579378502,0.0028679897288758,-160.0,115.0,-138.0,135.0
69,-239.0513996914699,0.06573810792915782,-1.0,0.07138136341555079,0.0215727129365356,1.3333333333333333,-392.8637764915893,-1.0,-0.06573810792915782,-0.10803585075758998,-0.27712146687566397,-614.8663914130086,2628.6902771298383,0.03634360570210024,1,-2.9078014184397167,0.04919503659428329,0.1916401573074712,0.09096437739212142,0.47466240202556503,0.12160603544725566,0.152268301531383,0.18964504210769276,2023-07-08,jalin turner,dan hooker,0.8035360225616631,0.8035360225616631,0.1964639774383368,1,0.0,1,-200.0,154.0,0.2594058671270043,3.45,1.3333333333333333,-0.12057770165332517,0.0259818775864164,0.034385576481825,0.0234935584807643,0.038572889127852,0.0152788737012967,0.0245761987624712,-315.0,230.0,-300.0,245.0
70,-224.3542814380762,0.061696463549596944,-1.0,0.23357845520813963,0.0215727129365356,1.5,-392.8637764915893,-1.0,-0.061696463549596944,-0.10803585075758998,-0.27712146687566397,-614.8663914130086,2628.6902771298383,0.03634360570210024,1,-2.9078014184397167,0.09080995706319478,0.1916401573074712,0.09096437739212142,0.47466240202556503,0.337797739395042,0.3311067389192149,0.18964504210769276,2023-07-08,robbie lawler,niko price,0.8223856368054264,0.1776143631945735,0.8223856368054264,0,1.0,0,163.0,-225.0,0.47884171425703287,1.5,2.85,-0.12057770165332517,0.042226716265892,0.0303091129239294,0.0422095328216678,0.0296533748621354,0.0100702480417933,0.0074736116073294,170.0,-235.0,185.0,-200.0
71,0.0,0.0,0.0,-0.08552242672619326,0.0215727129365356,1.2666666666666666,-392.8637764915893,-1.0,0.0,-0.10803585075758998,-0.27712146687566397,-614.8663914130086,2628.6902771298383,0.03634360570210024,1,-2.9078014184397167,0.0,0.1916401573074712,0.09096437739212142,0.47466240202556503,0.0,0.0,0.18964504210769276,2023-07-08,yazmin jauregui,denise gomes,0.7219559789003738,0.7219559789003738,0.2780440210996262,1,0.0,1,-450.0,300.0,0.0,4.1,1.2666666666666666,-0.12057770165332517,0.0231736516692425,0.0450081665125755,0.0210665492473015,0.0386737104929581,0.0120245396698326,0.0213515835650839,-400.0,285.0,-375.0,310.0
72,-181.54865841824852,0.04992510111589401,-1.0,0.06344339983647407,0.0215727129365356,1.5319148936170213,-392.8637764915893,-1.0,-0.04992510111589401,-0.10803585075758998,-0.27712146687566397,-614.8663914130086,2628.6902771298383,0.03634360570210024,1,-2.9078014184397167,0.028405877467233245,0.1916401573074712,0.09096437739212142,0.47466240202556503,0.08632383292676626,0.11008355561510198,0.18964504210769276,2023-07-08,brandon moreno,alexandre pantoja,0.6941922193376984,0.6941922193376984,0.3058077806623016,1,0.0,1,-186.0,144.0,0.14978444546471478,2.66,1.5319148936170213,-0.12057770165332517,0.0264198083548913,0.0337659075685295,0.0220167291325312,0.0292653221495199,0.0124604241737866,0.0162572032280511,-200.0,160.0,-188.0,166.0
73,0.0,0.0,0.0,-0.07018645601008766,0.0215727129365356,1.303030303030303,-392.8637764915893,-1.0,0.0,-0.10803585075758998,-0.27712146687566397,-614.8663914130086,2628.6902771298383,0.03634360570210024,1,-2.9078014184397167,0.0,0.1916401573074712,0.09096437739212142,0.47466240202556503,0.0,0.0,0.18964504210769276,2023-07-08,robert whittaker,dricus du plessis,0.7135778360852816,0.7135778360852816,0.2864221639147184,1,0.0,1,-385.0,275.0,0.0,4.0,1.303030303030303,-0.12057770165332517,0.0215727129365356,0.0389083867198217,0.0241734706895759,0.043077991298728,0.0065186365347491,0.0109232239303671,-375.0,260.0,-330.0,300.0
74,90.87478060333527,0.038027400768116976,0.9090909090909087,0.15638534489344802,0.0322362225882545,1.9090909090909087,-179.0072218480197,-1.0,0.034570364334651785,-0.06809749456047387,0.06607211314153247,352.6903432525887,2802.3733985344074,0.03634360570210024,1,2.352343308865048,0.07534644743232205,0.09261196772187039,0.03760399517320341,0.40603818381372325,0.16424871294791715,0.18280831978246304,0.3924288253030787,2023-07-15,ottman azaitar,francisco prado,0.6057256568489491,0.394274343151051,0.6057256568489491,0,0.0,0,110.0,-150.0,0.19200028788438475,1.9090909090909087,2.0,0.2824147306985848,0.0405383694346594,0.0356521067558167,0.0350135352882691,0.0342505339758,0.0120365301632248,0.0117729936462989,-110.0,-120.0,100.0,-110.0
75,82.33763587936805,0.04322530444232917,0.7246376811594204,0.11062951492144318,0.0322362225882545,1.7246376811594204,-179.0072218480197,-1.0,0.0313226843784994,-0.06809749456047387,0.06607211314153247,352.6903432525887,2802.3733985344074,0.03634360570210024,1,2.352343308865048,0.06522399052379177,0.09261196772187039,0.03760399517320341,0.40603818381372325,0.12995760770333192,0.14148674838991954,0.3924288253030787,2023-07-15,norma dumont,chelsea chandler,0.6439784582317611,0.6439784582317611,0.3560215417682388,1,1.0,1,-120.0,-110.0,0.1662059112844687,2.3,1.7246376811594204,0.2824147306985848,0.0342505339758,0.0350135352882691,0.0423808635674742,0.0491942280076172,0.0068216974963082,0.0077928439724531,-160.0,110.0,-138.0,130.0
76,-79.04496318435086,0.03007009379235689,-1.0,0.31210031345417066,0.0322362225882545,2.4,-179.0072218480197,-1.0,-0.03007009379235689,-0.06809749456047387,0.06607211314153247,352.6903432525887,2802.3733985344074,0.03634360570210024,1,2.352343308865048,0.0912398716503749,0.09261196772187039,0.03760399517320341,0.40603818381372325,0.2667685089863345,0.2720090844701395,0.3924288253030787,2023-07-15,tucker lutz,melsik baghdasaryan,0.5467084639392378,0.5467084639392378,0.4532915360607622,1,0.0,1,163.0,-225.0,0.2325004326068784,1.6756756756756757,2.4,0.2824147306985848,0.042226716265892,0.0303091129239294,0.044482386329139,0.0363256944789416,0.0072748641414951,0.0061659960735584,125.0,-175.0,140.0,-148.0
77,0.0,0.006975770177268422,0.0,-0.009379710628048654,0.0322362225882545,1.7142857142857144,-179.0072218480197,-1.0,0.0,-0.06809749456047387,0.06607211314153247,352.6903432525887,2802.3733985344074,0.03634360570210024,1,2.352343308865048,0.002737493296249696,0.09261196772187039,0.03760399517320341,0.40603818381372325,-0.011066969834399778,0.005912251198803248,0.3924288253030787,2023-07-15,albert duraev,junyong park,0.5778618354669716,0.4221381645330285,0.5778618354669716,0,0.0,0,105.0,-138.0,0.006975770177268422,1.7142857142857144,2.3,0.2824147306985848,0.0354005882336351,0.0322362225882545,0.0403376871081888,0.0339796305551364,0.0096790192209161,0.0084369228080692,120.0,-163.0,130.0,-140.0
78,66.43699195978614,0.05307497970734101,0.4761904761904765,0.0466484856864135,0.0322362225882545,1.4761904761904765,-179.0072218480197,-1.0,0.025273799860638598,-0.06809749456047387,0.06607211314153247,352.6903432525887,2802.3733985344074,0.03634360570210024,1,2.352343308865048,0.04333313541299901,0.09261196772187039,0.03760399517320341,0.40603818381372325,0.06740099547024518,0.0764241211035975,0.3924288253030787,2023-07-15,alexander munoz,carl deaton,0.7090199419166026,0.7090199419166026,0.2909800580833974,1,1.0,1,-188.0,140.0,0.11042291651112066,3.0,1.4761904761904765,0.2824147306985848,0.0304849567433922,0.0389594877010522,0.031307892089832,0.0449448312217145,0.0045186736995186,0.0062340144725243,-240.0,170.0,-210.0,200.0
79,57.163706261780675,0.0652382368045985,0.33333333333333326,0.06444909293453932,0.0322362225882545,1.3333333333333333,-179.0072218480197,-1.0,0.021746078934866166,-0.06809749456047387,0.06607211314153247,352.6903432525887,2802.3733985344074,0.03634360570210024,1,2.352343308865048,0.09230914572285356,0.09261196772187039,0.03760399517320341,0.40603818381372325,0.10994238065453016,0.13789086756536567,0.3924288253030787,2023-07-15,evan elder,genaro valdez,0.7983368197009045,0.7983368197009045,0.2016631802990954,1,1.0,1,-275.0,225.0,0.23522519185883406,3.5,1.3333333333333333,0.2824147306985848,0.0161132176026266,0.0249124234230143,0.0235256614688303,0.0396451033729031,0.0136896222945035,0.022024663419782,-333.0,240.0,-300.0,250.0
80,68.97749410626054,0.05772855339939989,0.4545454545454546,0.1032316479245281,0.0322362225882545,1.4545454545454546,-179.0072218480197,-1.0,0.02624025154518177,-0.06809749456047387,0.06607211314153247,352.6903432525887,2802.3733985344074,0.03634360570210024,1,2.352343308865048,0.08526736598575656,0.09261196772187039,0.03760399517320341,0.40603818381372325,0.15451358700077134,0.14516707707213022,0.3924288253030787,2023-07-15,ashlee evans smith,ailin perez,0.7584717579481131,0.2415282420518869,0.7584717579481131,0,0.0,0,200.0,-275.0,0.21728109783959748,1.4545454545454546,3.3,0.2824147306985848,0.040400359353909,0.0262663073127574,0.054674461608302,0.0358017288678883,-0.0055456638784283,-0.0039240330912685,180.0,-275.0,230.0,-220.0
81,65.94469762640894,0.055190349369156136,0.4545454545454546,0.07596779810269122,0.0322362225882545,1.4545454545454546,-179.0072218480197,-1.0,0.025086522440525522,-0.06809749456047387,0.06607211314153247,352.6903432525887,2802.3733985344074,0.03634360570210024,1,2.352343308865048,0.07672417828777016,0.09261196772187039,0.03760399517320341,0.40603818381372325,0.11182961973256421,0.13281405487115208,0.3924288253030787,2023-07-15,austin lingo,melquizael costa,0.7397278611956002,0.2602721388043998,0.7397278611956002,0,0.0,0,105.0,-138.0,0.1955110668247036,1.4545454545454546,2.95,0.2824147306985848,0.0354005882336351,0.0322362225882545,0.0424756094014026,0.0289529620271689,0.01545822897438,0.0110248218730774,180.0,-250.0,195.0,-220.0
82,45.49214774552531,0.07954383383372568,0.20408163265306123,0.014880849503356913,0.0341261814300196,1.2040816326530612,450.64486135816776,1.6718995290423857,0.016233435476270545,0.1608082854318583,0.33347727366896485,483.88297938751793,3736.9012392800933,0.03634360570210024,1,2.912901912901912,0.05357333103834123,0.07662584654260013,0.024005525104747405,0.3132823477702336,0.03237792910081327,0.05191281514755301,0.4742995652504148,2023-07-22,tom aspinall,marcin tybura,0.8428671461977032,0.8428671461977032,0.1571328538022968,1,1.0,1,-333.0,250.0,0.11295251980687827,5.2,1.2040816326530612,0.36008819300947664,0.0203904788832838,0.0343769246139117,0.0240411371388507,0.0532535488514874,0.0076498985822184,0.015166268301745,-590.0,350.0,-490.0,420.0
83,76.37530099967587,0.053417431823201335,0.510204081632653,0.10870593547422042,0.0341261814300196,1.510204081632653,450.64486135816776,1.6718995290423857,0.027253791746531288,0.1608082854318583,0.33347727366896485,483.88297938751793,3736.9012392800933,0.03634360570210024,1,2.912901912901912,0.10543632387345075,0.07662584654260013,0.024005525104747405,0.3132823477702336,0.1524285862663189,0.15853471088407314,0.4742995652504148,2023-07-22,nathaniel wood,andre fili,0.7341431194356325,0.7341431194356325,0.2658568805643675,1,1.0,1,-200.0,150.0,0.2222990101578183,2.88,1.510204081632653,0.36008819300947664,0.0287452808578468,0.0379213858088197,0.0348361964374183,0.0498340352916369,0.0040119013766096,0.0053724830077747,-240.0,164.0,-196.0,188.0
84,0.0,0.0,0.0,-0.058670178527510164,0.0341261814300196,1.4545454545454546,450.64486135816776,1.6718995290423857,0.0,0.1608082854318583,0.33347727366896485,483.88297938751793,3736.9012392800933,0.03634360570210024,1,2.912901912901912,0.0,0.07662584654260013,0.024005525104747405,0.3132823477702336,0.0,0.0,0.4742995652504148,2023-07-22,paul craig,andre muniz,0.6471642522623368,0.3528357477376632,0.6471642522623368,0,1.0,0,140.0,-188.0,0.0,1.4545454545454546,3.0,0.36008819300947664,0.0389594877010522,0.0304849567433922,0.0410199568833899,0.0284987596941501,0.0121684825040307,0.0086648508293025,175.0,-240.0,200.0,-220.0
85,85.57515090767218,0.04275133761025461,0.7142857142857144,0.03372697107763123,0.0341261814300196,1.7142857142857144,450.64486135816776,1.6718995290423857,0.030536669721610437,0.1608082854318583,0.33347727366896485,483.88297938751793,3736.9012392800933,0.03634360570210024,1,2.912901912901912,0.0268155136622946,0.07662584654260013,0.024005525104747405,0.3132823477702336,0.03985417326121518,0.04784504083544454,0.4742995652504148,2023-07-22,lerone murphy,josh culibao,0.6030073997952848,0.6030073997952848,0.3969926002047151,1,1.0,1,-163.0,125.0,0.05653708252533793,2.35,1.7142857142857144,0.36008819300947664,0.029248781260161,0.0349675263021539,0.0333527731951945,0.0395132920372828,0.0041157433800714,0.0047495048468789,-162.0,120.0,-140.0,135.0
86,-50.571501631315996,0.018045954067992514,-1.0,0.00031490065426537095,0.0341261814300196,1.5,450.64486135816776,1.6718995290423857,-0.018045954067992514,0.1608082854318583,0.33347727366896485,483.88297938751793,3736.9012392800933,0.03634360570210024,1,2.912901912901912,0.008559710612252476,0.07662584654260013,0.024005525104747405,0.3132823477702336,0.00044337005945731023,0.012817801938204462,0.4742995652504148,2023-07-22,molly mccann,julija stoliarenko,0.6668766004361769,0.6668766004361769,0.3331233995638231,1,0.0,1,-400.0,300.0,0.018047055572849253,2.88,1.5,0.36008819300947664,0.0176478677640649,0.032352132235935,0.0342356681559874,0.0490051753512268,0.0059124538038086,0.0079764350850802,-240.0,165.0,-200.0,188.0
87,85.4750038339286,0.045751399802019914,0.6666666666666663,0.10494063199711678,0.0341261814300196,1.6666666666666663,450.64486135816776,1.6718995290423857,0.030500933201346593,0.1608082854318583,0.33347727366896485,483.88297938751793,3736.9012392800933,0.03634360570210024,1,2.912901912901912,0.07465994420009295,0.07662584654260013,0.024005525104747405,0.3132823477702336,0.12891935182420355,0.12813285307605587,0.4742995652504148,2023-07-22,jai herbert,fares ziam,0.6629643791982702,0.3370356208017297,0.6629643791982702,0,0.0,0,-125.0,-105.0,0.1574109479958619,1.6666666666666663,2.5,0.36008819300947664,0.0331297358984499,0.0346209416083251,0.0573863382182147,0.0462819233447836,-8.8484775062625e-14,8.8484775062625e-14,120.0,-185.0,150.0,-150.0
88,0.0,0.0,0.0,-0.17905535092416058,0.0341261814300196,1.526315789473684,450.64486135816776,1.6718995290423857,0.0,0.1608082854318583,0.33347727366896485,483.88297938751793,3736.9012392800933,0.03634360570210024,1,2.912901912901912,0.0,0.07662584654260013,0.024005525104747405,0.3132823477702336,0.0,0.0,0.4742995652504148,2023-07-22,marc diakiese,joel alvarez,0.53786028732555,0.46213971267445,0.53786028732555,0,0.0,0,115.0,-150.0,0.0,1.526315789473684,2.85,0.36008819300947664,0.0347853268844263,0.0303309521853412,0.0447437640681861,0.0321793128548906,0.0034448706358273,0.0026047361397324,160.0,-225.0,185.0,-190.0
89,61.88572845744651,0.07177081312286504,0.3076923076923077,0.08674299290604054,0.0341261814300196,1.3076923076923077,450.64486135816776,1.6718995290423857,0.022083327114727706,0.1608082854318583,0.33347727366896485,483.88297938751793,3736.9012392800933,0.03634360570210024,1,2.912901912901912,0.14151878704055987,0.07662584654260013,0.024005525104747405,0.3132823477702336,0.15620069059823466,0.16569630504092667,0.4742995652504148,2023-07-22,makhmud muradov,bryan barberena,0.8310387592810898,0.8310387592810898,0.1689612407189101,1,1.0,1,-275.0,200.0,0.29837427104923137,4.0,1.3076923076923077,0.36008819300947664,0.0262663073127574,0.040400359353909,0.0247646694026397,0.0455056008676303,0.0055198002968848,0.0091860820560564,-400.0,270.0,-325.0,300.0
90,0.0,0.0,0.0,-0.03901744586399014,0.0341261814300196,1.6849315068493151,450.64486135816776,1.6718995290423857,0.0,0.1608082854318583,0.33347727366896485,483.88297938751793,3736.9012392800933,0.03634360570210024,1,2.912901912901912,0.0,0.07662584654260013,0.024005525104747405,0.3132823477702336,0.0,0.0,0.4742995652504148,2023-07-22,ketlen vieira,pannie kianzad,0.5703392394465749,0.5703392394465749,0.429660760553425,1,1.0,1,-200.0,150.0,0.0,2.4,1.6849315068493151,0.36008819300947664,0.0287452808578468,0.0379213858088197,0.0314135708291123,0.0376565100334213,0.0046726319250074,0.0054899697010087,-165.0,124.0,-146.0,140.0
91,92.18849648135028,0.042765552045431296,0.7692307692307692,0.1623007276089089,0.0341261814300196,1.7692307692307692,450.64486135816776,1.6718995290423857,0.03289657849648561,0.1608082854318583,0.33347727366896485,483.88297938751793,3736.9012392800933,0.03634360570210024,1,2.912901912901912,0.10317536729547475,0.07662584654260013,0.024005525104747405,0.3132823477702336,0.1859149076026277,0.18990200441410246,0.4742995652504148,2023-07-22,chris duncan,yanal ashmouz,0.6569525851702529,0.6569525851702529,0.3430474148297471,1,1.0,1,100.0,-133.0,0.2175320722484776,2.26,1.7692307692307692,0.36008819300947664,0.036689269213757,0.0341261814300196,0.0356521067558167,0.0405383694346594,0.0036346128453232,0.0040606545652194,-150.0,110.0,-130.0,126.0
92,87.46265259323515,0.04213377883997129,0.7407407407407407,0.05221659419840935,0.0341261814300196,1.7407407407407407,450.64486135816776,1.6718995290423857,0.03121020654812688,0.1608082854318583,0.33347727366896485,483.88297938751793,3736.9012392800933,0.03634360570210024,1,2.912901912901912,0.03787811157394399,0.07662584654260013,0.024005525104747405,0.3132823477702336,0.06061237492304973,0.06879911207347601,0.4742995652504148,2023-07-22,davey grant,daniel marcos,0.6044648519863203,0.3955351480136797,0.6044648519863203,0,0.0,0,100.0,-133.0,0.07986115600579473,1.7407407407407407,2.3,0.36008819300947664,0.036689269213757,0.0341261814300196,0.0450845579732609,0.0383523317835292,0.0049179740317005,0.0043327197703345,115.0,-162.0,130.0,-135.0
93,0.0,0.0,0.0,-0.07640828832348323,0.0202572479406822,1.7407407407407407,-275.04680950356004,-1.0,0.0,-0.07360291104630512,-0.0963846620275271,-85.13315347469893,3376.721276301834,0.03634360570210023,1,-1.1601731601731597,0.0,0.19203874725501252,0.08720428689669146,0.4540973534934122,0.0,0.0,0.1892514204638023,2023-07-29,michael chiesa,kevin holland,0.5305739620269352,0.4694260379730647,0.5305739620269352,0,0.0,0,144.0,-186.0,0.0,1.7407407407407407,2.3,0.05139441184538206,0.0337659075685295,0.0264198083548913,0.0408791972765204,0.0351320234274882,0.0049179740317005,0.0043327197703345,115.0,-157.0,130.0,-135.0
94,-165.64216824783506,0.04432607597618654,-1.0,0.25220938851255115,0.0202572479406822,1.8,-275.04680950356004,-1.0,-0.04432607597618654,-0.07360291104630512,-0.0963846620275271,-85.13315347469893,3376.721276301834,0.03634360570210023,1,-1.1601731601731597,0.05700607807740947,0.19203874725501252,0.08720428689669146,0.4540973534934122,0.2874881219988869,0.26425508844003837,0.1892514204638023,2023-07-29,dustin poirier,justin gaethje,0.6956718825069729,0.6956718825069729,0.3043281174930271,1,0.0,1,105.0,-125.0,0.30121875935041076,2.35,1.8,0.05139441184538206,0.0223911054816955,0.0209693281226405,0.0510952223494428,0.0593511651332999,-0.0089317263152016,-0.0099808032356257,-165.0,105.0,-125.0,135.0
95,0.0,0.0,0.0,-0.023242167650125795,0.0202572479406822,1.3003003003003002,-275.04680950356004,-1.0,0.0,-0.07360291104630512,-0.0963846620275271,-85.13315347469893,3376.721276301834,0.03634360570210023,1,-1.1601731601731597,0.0,0.19203874725501252,0.08720428689669146,0.4540973534934122,0.0,0.0,0.1892514204638023,2023-07-29,gabriel bonfim,trevin giles,0.7511786562875477,0.7511786562875477,0.2488213437124523,1,1.0,1,-275.0,225.0,0.0,3.95,1.3003003003003002,0.05139441184538206,0.0161132176026266,0.0249124234230143,0.0270265375564874,0.0481614323683246,0.0082799223117107,0.0139377524332245,-375.0,250.0,-333.0,295.0
96,105.05226640004864,0.07730836704043816,0.36363636363636376,0.19087087332964864,0.0202572479406822,1.3636363636363638,-275.04680950356004,-1.0,0.028112133469250247,-0.07360291104630512,-0.0963846620275271,-85.13315347469893,3376.721276301834,0.03634360570210023,1,-1.1601731601731597,0.10178755339120017,0.19203874725501252,0.08720428689669146,0.4540973534934122,0.324705226578725,0.31615926197047317,0.1892514204638023,2023-07-29,miranda maverick,priscila cachoeira,0.8733053071084089,0.8733053071084089,0.126694692891591,1,1.0,1,-375.0,260.0,0.5378430087433286,3.5,1.3636363636363638,0.05139441184538206,0.0241734706895759,0.043077991298728,0.0342079206668142,0.0574258422773859,0.0074711161397558,0.0115765029078631,-333.0,210.0,-275.0,250.0
97,84.86138962881249,0.04768895585124902,0.4761904761904765,0.0163581145777682,0.0202572479406822,1.4761904761904765,-275.04680950356004,-1.0,0.02270902659583288,-0.07360291104630512,-0.0963846620275271,-85.13315347469893,3376.721276301834,0.03634360570210023,1,-1.1601731601731597,0.009025753523561018,0.19203874725501252,0.08720428689669146,0.4540973534934122,0.02361931149175842,0.03303013386729928,0.1892514204638023,2023-07-29,roman kopylov,claudio ribeiro,0.688500658262359,0.688500658262359,0.311499341737641,1,1.0,1,-200.0,170.0,0.04769186673178685,3.0,1.4761904761904765,0.05139441184538206,0.0158443011302963,0.0211927359067407,0.031307892089832,0.0449448312217145,0.0045186736995186,0.0062340144725243,-240.0,170.0,-210.0,200.0
98,-109.404641255725,0.029276835070118575,-1.0,0.2732652862452376,0.0202572479406822,2.5,-275.04680950356004,-1.0,-0.029276835070118575,-0.07360291104630512,-0.0963846620275271,-85.13315347469893,3376.721276301834,0.03634360570210023,1,-1.1601731601731597,0.034477229056883,0.19203874725501252,0.08720428689669146,0.4540973534934122,0.2249465825973824,0.22130859040520537,0.1892514204638023,2023-07-29,cj vergara,vinicius salvador,0.509306114498095,0.490693885501905,0.509306114498095,0,1.0,0,-175.0,150.0,0.18217685749670443,2.5,1.6666666666666663,0.05139441184538206,0.016106388422954,0.0202572479406822,0.0437184576507431,0.0536841397518541,8.8484775062625e-14,-8.8484775062625e-14,-180.0,120.0,-150.0,150.0
99,53.15209083898706,0.055092589146178005,0.2857142857142856,0.006056529756431728,0.0207243424765777,1.2857142857142856,520.7381622351253,1.4330413016270338,0.015740739756050854,0.15421413839801273,0.2625260420925039,365.73910968194355,4263.198548218903,0.03634360570210024,1,1.8245152670997475,0.014250160117956113,0.14051670552308138,0.05262420261993225,0.37450495600530687,0.011188691211784322,0.029823887892191814,0.25864259745351353,2023-08-05,cory sandhagen,rob font,0.7824884120327803,0.7824884120327803,0.2175115879672197,1,1.0,1,-333.0,250.0,0.055095951936213174,4.1,1.2857142857142856,0.21871552737911695,0.0203904788832838,0.0343769246139117,0.0234985988994331,0.0431680677672335,0.0079721434521814,0.0137080733499867,-400.0,275.0,-350.0,310.0
100,0.0,0.0,0.0,-0.04697808357368152,0.0207243424765777,1.2702702702702702,520.7381622351253,1.4330413016270338,0.0,0.15421413839801273,0.2625260420925039,365.73910968194355,4263.198548218903,0.03634360570210024,1,1.8245152670997475,0.0,0.14051670552308138,0.05262420261993225,0.37450495600530687,0.0,0.0,0.25864259745351353,2023-08-05,jessica andrade,tatiana suarez,0.7502512959100806,0.2497487040899194,0.7502512959100806,0,0.0,0,350.0,-450.0,0.0,1.2702702702702702,4.1,0.21871552737911695,0.0266030024616323,0.013801037942408,0.0365125467977574,0.019897709612499,0.0198734891982172,0.0112629923793644,290.0,-400.0,310.0,-370.0
101,0.0,0.004711218172598517,0.0,-0.011978977911260014,0.0207243424765777,1.6289308176100628,520.7381622351253,1.4330413016270338,0.0,0.15421413839801273,0.2625260420925039,365.73910968194355,4263.198548218903,0.03634360570210024,1,1.8245152670997475,0.0012185217053310759,0.14051670552308138,0.05262420261993225,0.37450495600530687,-0.01504029316160533,0.003752292446582918,0.25864259745351353,2023-08-05,dustin jacoby,kennedy nzechukwu,0.6065457239849794,0.3934542760150206,0.6065457239849794,0,1.0,0,100.0,-125.0,0.004711218172598517,1.6289308176100628,2.46,0.21871552737911695,0.0285427352714054,0.02701282028415,0.0405679997629802,0.0330649878154547,0.0111873658082745,0.0092163131319898,128.0,-174.0,146.0,-159.0
102,86.35168839344794,0.03222153043525849,0.7936507936507935,0.0318950786904727,0.0207243424765777,1.7936507936507935,520.7381622351253,1.4330413016270338,0.025572643202586096,0.15421413839801273,0.2625260420925039,365.73910968194355,4263.198548218903,0.03634360570210024,1,1.8245152670997475,0.008334369015217785,0.14051670552308138,0.05262420261993225,0.37450495600530687,0.03584511796056677,0.028672551170091553,0.25864259745351353,2023-08-05,tanner boser,aleksa camur,0.5753043359070777,0.5753043359070777,0.4246956640929222,1,1.0,1,-175.0,150.0,0.0322234972014451,2.3,1.7936507936507935,0.21871552737911695,0.016106388422954,0.0202572479406822,0.046469402178067,0.0540716917090344,-0.0036413649232777,-0.0040539024872645,-163.0,108.0,-126.0,130.0
103,101.58282081062951,0.051141560480585505,0.5882352941176472,0.18996953702864167,0.0207243424765777,1.5882352941176472,520.7381622351253,1.4330413016270338,0.030083270870932658,0.15421413839801273,0.2625260420925039,365.73910968194355,4263.198548218903,0.03634360570210024,1,1.8245152670997475,0.08955268301155163,0.14051670552308138,0.05262420261993225,0.37450495600530687,0.2486071173393515,0.26457509168280036,0.25864259745351353,2023-08-05,diego lopes,gavin tucker,0.7492400788698854,0.7492400788698854,0.2507599211301146,1,1.0,1,-125.0,100.0,0.34624104417930285,2.5,1.5882352941176472,0.21871552737911695,0.02701282028415,0.0285427352714054,0.0289412136475567,0.0370597046260888,0.013195956174744,0.0164336734548856,-188.0,142.0,-170.0,150.0
104,-71.95106486783529,0.021307966805787323,-1.0,0.004563979150331798,0.0207243424765777,1.869565217391304,520.7381622351253,1.4330413016270338,-0.021307966805787323,0.15421413839801273,0.2625260420925039,365.73910968194355,4263.198548218903,0.03634360570210024,1,1.8245152670997475,0.005511484275405998,0.14051670552308138,0.05262420261993225,0.37450495600530687,0.004888604482364285,0.019894236190661874,0.25864259745351353,2023-08-05,jeremiah wells,carlston harris,0.5373249190804101,0.5373249190804101,0.4626750809195898,1,0.0,1,-188.0,150.0,0.02130926742025389,2.08,1.869565217391304,0.21871552737911695,0.0230494218707374,0.0297283559070404,0.0410755807757007,0.0437691138250915,0.0076327370571325,0.0080202146423308,-134.0,-105.0,-115.0,108.0
105,95.17328977291582,0.04509618981743098,0.625,0.020493624547733513,0.0207243424765777,1.625,520.7381622351253,1.4330413016270338,0.028185118635894364,0.15421413839801273,0.2625260420925039,365.73910968194355,4263.198548218903,0.03634360570210024,1,1.8245152670997475,0.015208884062979164,0.14051670552308138,0.05262420261993225,0.37450495600530687,0.025784580811119524,0.04673647960669346,0.25864259745351353,2023-08-05,billy quarantillo,damon jackson,0.6279960766447591,0.6279960766447591,0.3720039233552409,1,1.0,1,-175.0,140.0,0.05880270385744442,2.45,1.625,0.21871552737911695,0.0236091506105913,0.0294211524197116,0.0301509787925248,0.0372471403297321,0.0106300382942201,0.0129178423965176,-175.0,132.0,-160.0,145.0
106,0.0,0.0,0.0,-0.08135134861718551,0.0207243424765777,1.5,520.7381622351253,1.4330413016270338,0.0,0.15421413839801273,0.2625260420925039,365.73910968194355,4263.198548218903,0.03634360570210024,1,1.8245152670997475,0.0,0.14051670552308138,0.05262420261993225,0.37450495600530687,0.0,0.0,0.25864259745351353,2023-08-05,cody durden,jake hadley,0.6124324342552097,0.3875675657447903,0.6124324342552097,0,1.0,0,150.0,-175.0,0.0,1.5,2.8,0.21871552737911695,0.0202572479406822,0.016106388422954,0.040577421308325,0.0290887615654049,0.0136538780473972,0.0101556457621264,165.0,-225.0,180.0,-200.0
107,101.43028473379852,0.05647162430545131,0.5319148936170213,0.20067999134225706,0.0207243424765777,1.5319148936170213,520.7381622351253,1.4330413016270338,0.030038098034814522,0.15421413839801273,0.2625260420925039,365.73910968194355,4263.198548218903,0.03634360570210024,1,1.8245152670997475,0.0995441651581207,0.14051670552308138,0.05262420261993225,0.37450495600530687,0.27912159478459725,0.27671097931405125,0.25864259745351353,2023-08-05,kyler phillips,raoni barcelos,0.78377721657064,0.78377721657064,0.2162227834293599,1,1.0,1,-170.0,140.0,0.38487150275395765,2.8,1.5319148936170213,0.21871552737911695,0.0207243424765777,0.0255719538197184,0.0361955685249408,0.0493390226700277,0.0042860957916545,0.0056345391289803,-218.0,150.0,-188.0,180.0
108,-37.256644854182184,0.008739129654129625,-1.0,0.007945148255260104,0.019218241105095,1.9090909090909087,-535.0823300694576,-1.0,-0.008739129654129625,-0.1255119422699669,-0.10340149639048497,94.26122077387998,3822.3774389233254,0.03634360570210024,1,-0.37335576165363404,0.0026821269035269793,0.11842499643147168,0.04043999050171848,0.34148188068656316,0.008333038528007576,0.008332845053439444,0.3068913387988235,2023-08-12,vicente luque,rafael dos anjos,0.5279712681337078,0.4720287318662922,0.5279712681337078,0,1.0,0,125.0,-150.0,0.008739663080831336,1.9090909090909087,2.1,0.16480035062312665,0.0239067079634055,0.0205377364810389,0.0454887562750946,0.0435381588387769,-2.159383782895929e-14,2.164934898019056e-14,-110.0,-130.0,110.0,-110.0
109,0.0,0.0,0.0,-0.26480898235144684,0.019218241105095,1.2985074626865671,-535.0823300694576,-1.0,0.0,-0.1255119422699669,-0.10340149639048497,94.26122077387998,3822.3774389233254,0.03634360570210024,1,-0.37335576165363404,0.0,0.11842499643147168,0.04043999050171848,0.34148188068656316,0.0,0.0,0.3068913387988235,2023-08-12,jp buys,marcus mcghee,0.5661815883040582,0.4338184116959419,0.5661815883040582,0,0.0,0,300.0,-400.0,0.0,1.2985074626865671,4.5,0.16480035062312665,0.032352132235935,0.0176478677640649,0.0634104251901188,0.032549170769477,-0.0047995891957102,-0.0028632460533317,260.0,-450.0,350.0,-335.0
110,109.67411049200639,0.06174187343228092,0.41666666666666674,0.1332937476627905,0.019218241105095,1.4166666666666667,-535.0823300694576,-1.0,0.025725780596783723,-0.1255119422699669,-0.10340149639048497,94.26122077387998,3822.3774389233254,0.03634360570210024,1,-0.37335576165363404,0.10749473299901458,0.11842499643147168,0.04043999050171848,0.34148188068656316,0.2056926239567329,0.2269831474479381,0.3068913387988235,2023-08-12,jaqueline amorim,montserrat conejo ruiz,0.7999720571737344,0.7999720571737344,0.2000279428262655,1,1.0,1,-333.0,250.0,0.3502696863969843,3.05,1.4166666666666667,0.16480035062312665,0.0203904788832838,0.0343769246139117,0.0263462041498006,0.0398172475322421,0.0137453826296485,0.0200058227705441,-265.0,194.0,-240.0,205.0
111,0.0,0.0,0.0,-0.24275496100664712,0.019218241105095,1.5050505050505052,-535.0823300694576,-1.0,0.0,-0.1255119422699669,-0.10340149639048497,94.26122077387998,3822.3774389233254,0.03634360570210024,1,-0.37335576165363404,0.0,0.11842499643147168,0.04043999050171848,0.34148188068656316,0.0,0.0,0.3068913387988235,2023-08-12,josh parisian,martin buday,0.5031359655056505,0.4968640344943494,0.5031359655056505,0,0.0,0,163.0,-200.0,0.0,1.5050505050505052,2.8,0.16480035062312665,0.0267846298943212,0.0201101736544746,0.0413992289829804,0.0296963421125906,0.012351434216744,0.0092209531274553,164.0,-225.0,180.0,-198.0
112,95.85218730386043,0.06070580640175583,0.37037037037037024,0.0370250375108771,0.019218241105095,1.3703703703703702,-535.0823300694576,-1.0,0.022483632000650303,-0.1255119422699669,-0.10340149639048497,94.26122077387998,3822.3774389233254,0.03634360570210024,1,-0.37335576165363404,0.029220307514125934,0.11842499643147168,0.04043999050171848,0.34148188068656316,0.060993091983611136,0.057798292364768016,0.3068913387988235,2023-08-12,terrance mckinney,mike breeden,0.7567480003457753,0.7567480003457753,0.2432519996542247,1,1.0,1,-360.0,285.0,0.09521385526386823,3.75,1.3703703703703702,0.16480035062312665,0.0154210319511368,0.0269279234412967,0.0370736665269,0.0637774886122173,-0.0014199998838179,-0.0021836037197856,-351.0,210.0,-270.0,275.0
113,0.0,0.0,0.0,-0.08801518483416215,0.019218241105095,1.8,-535.0823300694576,-1.0,0.0,-0.1255119422699669,-0.10340149639048497,94.26122077387998,3822.3774389233254,0.03634360570210024,1,-0.37335576165363404,0.0,0.11842499643147168,0.04043999050171848,0.34148188068656316,0.0,0.0,0.3068913387988235,2023-08-12,aj dobson,tafon nchukwi,0.5066582306476877,0.4933417693523124,0.5066582306476877,0,1.0,0,120.0,-150.0,0.0,1.8,2.24,0.16480035062312665,0.0292440638775533,0.0253013906679012,0.0527092884412548,0.0472907115587453,0.001040291565848,0.0009438354182791,100.0,-150.0,124.0,-125.0
114,85.91942543714656,0.06549967812017285,0.3076923076923077,0.03253195954331656,0.019218241105095,1.3076923076923077,-535.0823300694576,-1.0,0.020153747113899338,-0.1255119422699669,-0.10340149639048497,94.26122077387998,3822.3774389233254,0.03634360570210024,1,-0.37335576165363404,0.04693450699276034,0.11842499643147168,0.04043999050171848,0.34148188068656316,0.05758663490958071,0.08639650034894843,0.3068913387988235,2023-08-12,josh fremd,jamie pickett,0.7895832631801832,0.7895832631801832,0.2104167368198167,1,1.0,1,-275.0,210.0,0.15293526098345617,3.7,1.3076923076923077,0.16480035062312665,0.0219964606154342,0.0339175178791893,0.0248633089308972,0.0434596724355623,0.0131127952225691,0.0218633574006421,-360.0,250.0,-325.0,270.0
115,111.93660728369115,0.04936219116073264,0.5319148936170213,0.03656595636647192,0.019218241105095,1.5319148936170213,-535.0823300694576,-1.0,0.02625648465996417,-0.1255119422699669,-0.10340149639048497,94.26122077387998,3822.3774389233254,0.03634360570210024,1,-0.37335576165363404,0.02912101527765031,0.11842499643147168,0.04043999050171848,0.34148188068656316,0.04980436002529794,0.06966769681954647,0.3068913387988235,2023-08-12,polyana viana,iasmin lucindo,0.6766472215170025,0.3233527784829974,0.6766472215170025,0,0.0,0,163.0,-200.0,0.09489031326732883,1.5319148936170213,2.7,0.16480035062312665,0.0267846298943212,0.0201101736544746,0.0309481873030334,0.0233153785884392,0.013117781846808,0.0100303663013401,158.0,-200.0,170.0,-188.0
116,0.0,0.0,0.0,-0.06062788322806506,0.019218241105095,1.5882352941176472,-535.0823300694576,-1.0,0.0,-0.1255119422699669,-0.10340149639048497,94.26122077387998,3822.3774389233254,0.03634360570210024,1,-0.37335576165363404,0.0,0.11842499643147168,0.04043999050171848,0.34148188068656316,0.0,0.0,0.3068913387988235,2023-08-12,khalil rountree jr,chris daukaus,0.5914565179675145,0.5914565179675145,0.4085434820324854,1,1.0,1,-225.0,175.0,0.0,2.7,1.5882352941176472,0.16480035062312665,0.0232831546092132,0.0326609013348426,0.0361183306746932,0.0472150026586399,1.1246559239452837e-13,-1.1257661469699089e-13,-200.0,140.0,-170.0,170.0
117,-271.8644648886424,0.06377006883768598,-1.0,0.17038607946430667,0.019218241105095,1.4444444444444444,-535.0823300694576,-1.0,-0.06377006883768598,-0.1255119422699669,-0.10340149639048497,94.26122077387998,3822.3774389233254,0.03634360570210024,1,-0.37335576165363404,0.11191719854303361,0.11842499643147168,0.04043999050171848,0.34148188068656316,0.2624462233512214,0.23675871885149966,0.3068913387988235,2023-08-12,cub swanson,hakeem dawodu,0.8102672857829816,0.1897327142170184,0.8102672857829816,0,1.0,0,200.0,-250.0,0.3646802121593881,1.4444444444444444,3.5,0.16480035062312665,0.0284008065139526,0.019218241105095,0.0777983969761724,0.047742728564953,-0.01292699360412,-0.0090510283739019,175.0,-320.0,250.0,-225.0
118,81.63181278334098,0.06620450849553926,0.3225806451612905,0.056308291712433844,0.0154613702995864,1.3225806451612905,-448.5716397621274,-1.0,0.02135629306307719,-0.11735409360528237,-0.04237688451901411,286.59119244478876,3660.396991605987,0.03634360570210024,1,1.726900791508368,0.1019537972887748,0.07230040211059154,0.021534838436852173,0.2978522637247886,0.09819165739633577,0.11630914618784956,0.5026750148153898,2023-08-19,zhang weili,amanda lemos,0.798672123002084,0.798672123002084,0.201327876997916,1,1.0,1,-340.0,270.0,0.2028224882555937,3.75,1.3225806451612905,0.19977092244777037,0.0159136481215457,0.0270838948759972,0.0232991311295601,0.0401929323625033,0.0086484345663169,0.0141157930759595,-350.0,250.0,-310.0,275.0
119,0.0,0.0,0.0,-0.12298964706711679,0.0154613702995864,1.4878048780487805,-448.5716397621274,-1.0,0.0,-0.11735409360528237,-0.04237688451901411,286.59119244478876,3660.396991605987,0.03634360570210024,1,1.726900791508368,0.0,0.07230040211059154,0.021534838436852173,0.2978522637247886,0.0,0.0,0.5026750148153898,2023-08-19,damon blackshear,mario bautista,0.5894659749221018,0.4105340250778982,0.5894659749221018,0,0.0,0,186.0,-245.0,0.0,1.4878048780487805,2.84,0.19977092244777037,0.0354748016149017,0.0243204755716798,0.039412674168866,0.0279273931712014,0.0139678624597258,0.0102759611375957,170.0,-230.0,184.0,-205.0
120,109.74374263078377,0.047660027215526736,0.6024096385542168,0.07581916179446424,0.0154613702995864,1.6024096385542168,-448.5716397621274,-1.0,0.028710859768389597,-0.11735409360528237,-0.04237688451901411,286.59119244478876,3660.396991605987,0.03634360570210024,1,1.726900791508368,0.06548544545598074,0.07230040211059154,0.021534838436852173,0.2978522637247886,0.0977477858176475,0.10104842226964114,0.5026750148153898,2023-08-19,marlon vera,pedro munhoz,0.671375867886771,0.671375867886771,0.328624132113229,1,1.0,1,-185.0,154.0,0.13027392157143644,2.63,1.6024096385542168,0.19977092244777037,0.0187287731158957,0.0240948213032229,0.0361183306746932,0.0472150026586399,0.0019080041588147,0.0023802830992543,-200.0,140.0,-166.0,163.0
121,-230.12157202502507,0.06020378042254377,-1.0,0.11902335623605481,0.0154613702995864,1.434782608695652,-448.5716397621274,-1.0,-0.06020378042254376,-0.11735409360528237,-0.04237688451901411,286.59119244478876,3660.396991605987,0.03634360570210024,1,1.726900791508368,0.1353611648813538,0.07230040211059154,0.021534838436852173,0.2978522637247886,0.18226640004712238,0.17584594592397873,0.5026750148153898,2023-08-19,aljamain sterling,sean omalley,0.7799253694978564,0.7799253694978564,0.2200746305021436,1,0.0,1,-225.0,190.0,0.26928166487659216,3.35,1.434782608695652,0.19977092244777037,0.0153963024902878,0.021738976024301,0.0308543152863964,0.0473066042538332,-0.0018545696131633,-0.0026682707305725,-275.0,190.0,-230.0,235.0
122,0.0,0.0,0.0,-0.07229929287611864,0.0154613702995864,1.4878048780487805,-448.5716397621274,-1.0,0.0,-0.11735409360528237,-0.04237688451901411,286.59119244478876,3660.396991605987,0.03634360570210024,1,1.726900791508368,0.0,0.07230040211059154,0.021534838436852173,0.2978522637247886,0.0,0.0,0.5026750148153898,2023-08-19,chris weidman,brad tavares,0.6235365408537563,0.3764634591462437,0.6235365408537563,0,0.0,0,220.0,-270.0,0.0,1.4878048780487805,3.1,0.19977092244777037,0.0255572795228642,0.0166724502068655,0.0625460872209086,0.0411576164827951,-0.0030577599256514,-0.0022304473720746,170.0,-275.0,210.0,-205.0
123,119.959885736732,0.04079865318106275,0.7692307692307692,0.0733502666425766,0.0154613702995864,1.7692307692307692,-448.5716397621274,-1.0,0.031383579370048265,-0.11735409360528237,-0.04237688451901411,286.59119244478876,3660.396991605987,0.03634360570210024,1,1.726900791508368,0.06256016896206262,0.07230040211059154,0.021534838436852173,0.2978522637247886,0.08330400597581034,0.10958381709395729,0.5026750148153898,2023-08-19,karine silva,maryna moroz,0.6066762376675433,0.6066762376675433,0.3933237623324567,1,1.0,1,-155.0,130.0,0.12445450264727836,2.15,1.7692307692307692,0.19977092244777037,0.0195196592207963,0.023106086729758,0.0299285339492789,0.0329951862634436,0.0144501993328297,0.0158834710412855,-138.0,107.0,-130.0,115.0
124,108.28840432468937,0.04816120079544678,0.5882352941176472,0.08372593613362245,0.0154613702995864,1.5882352941176472,-448.5716397621274,-1.0,0.0283301181149687,-0.11735409360528237,-0.04237688451901411,286.59119244478876,3660.396991605987,0.03634360570210024,1,1.726900791508368,0.07877802168544745,0.07230040211059154,0.021534838436852173,0.2978522637247886,0.10897087326704333,0.12041132955242376,0.5026750148153898,2023-08-19,brad katona,cody gibson,0.6823459597878363,0.6823459597878363,0.3176540402121637,1,1.0,1,-185.0,154.0,0.15671759956953327,2.6,1.5882352941176472,0.19977092244777037,0.0187287731158957,0.0240948213032229,0.0324339806024321,0.0417669326395769,0.0063172493997234,0.0079277648452907,-192.0,140.0,-170.0,160.0
125,0.0,0.0,0.0,-0.035389746685901585,0.0154613702995864,1.3003003003003002,-448.5716397621274,-1.0,0.0,-0.11735409360528237,-0.04237688451901411,286.59119244478876,3660.396991605987,0.03634360570210024,1,1.726900791508368,0.0,0.07230040211059154,0.021534838436852173,0.2978522637247886,0.0,0.0,0.5026750148153898,2023-08-19,gregory rodrigues,denis tiuliulin,0.74183652275657,0.74183652275657,0.25816347724343,1,1.0,1,-355.0,280.0,0.0,4.1,1.3003003003003002,0.19977092244777037,0.0158578460562508,0.0275198289003715,0.0302004731567365,0.0555138125575491,0.0048326244501729,0.0081229323571273,-400.0,250.0,-333.0,310.0
126,0.0,0.014129634322371895,0.0,-0.00226810048124354,0.0154613702995864,1.625,-448.5716397621274,-1.0,0.0,-0.11735409360528237,-0.04237688451901411,286.59119244478876,3660.396991605987,0.03634360570210024,1,1.726900791508368,0.007102614142334332,0.07230040211059154,0.021534838436852173,0.2978522637247886,-0.0028592851748481915,0.01120819661091288,0.5026750148153898,2023-08-19,kurt holobaugh,austin hubbard,0.6139888612423117,0.3860111387576884,0.6139888612423117,0,1.0,0,150.0,-175.0,0.014129634322371895,1.625,2.5,0.19977092244777037,0.0202572479406822,0.016106388422954,0.0438312885628124,0.0344784041085822,0.0084564946909956,0.0069281206936196,135.0,-188.0,150.0,-160.0
127,97.08891899426771,0.05715031318273861,0.4444444444444444,0.09892756612646281,0.0154613702995864,1.4444444444444444,-448.5716397621274,-1.0,0.02540013919232827,-0.11735409360528237,-0.04237688451901411,286.59119244478876,3660.396991605987,0.03634360570210024,1,1.726900791508368,0.12491510553909721,0.07230040211059154,0.021534838436852173,0.2978522637247886,0.1475931017937126,0.16656314956474516,0.5026750148153898,2023-08-19,andre petroski,gerald meerschaert,0.7607960073183204,0.7607960073183204,0.2392039926816795,1,1.0,1,-285.0,230.0,0.24850072483704602,3.0,1.4444444444444444,0.19977092244777037,0.01683796867866,0.0264520746113833,0.0263797618658524,0.038783145402318,0.0106100521200964,0.0150309735209291,-250.0,185.0,-225.0,200.0
128,0.0,0.0,0.0,-0.1530912787137358,0.0154613702995864,1.3076923076923077,-448.5716397621274,-1.0,0.0,-0.11735409360528237,-0.04237688451901411,286.59119244478876,3660.396991605987,0.03634360570210024,1,1.726900791508368,0.0,0.07230040211059154,0.021534838436852173,0.2978522637247886,0.0,0.0,0.5026750148153898,2023-08-19,andrea lee,natalia silva,0.6476360809836138,0.3523639190163862,0.6476360809836138,0,0.0,0,275.0,-345.0,0.0,1.3076923076923077,3.75,0.19977092244777037,0.0264861952434845,0.0154613702995864,0.0405245803107438,0.0234602153813691,0.0196094724471568,0.011763076572451,250.0,-351.0,275.0,-325.0
129,0.0,0.0,0.0,-0.030049142343461177,0.0193403204872646,1.6756756756756757,-422.2490031303423,-1.0,0.0,-0.11535606768846185,-0.1999281160875829,-309.5672715340986,2928.5807169415457,0.03634360570210024,1,-1.3333333333333337,0.0,0.14054769362218852,0.05785363618039127,0.4116299221238719,0.0,0.0,0.2585855716693355,2023-08-26,seungwoo choi,jarno errens,0.5788416408595474,0.5788416408595474,0.4211583591404526,1,1.0,1,-250.0,200.0,0.0,2.5,1.6756756756756757,-0.0691800387544506,0.019218241105095,0.0284008065139526,0.0372453617958019,0.0455468459964057,-0.0014723824177861,-0.0017534240338267,-175.0,124.0,-148.0,150.0
130,0.0,0.0,0.0,-0.27337322090873056,0.0193403204872646,1.2,-422.2490031303423,-1.0,0.0,-0.11535606768846185,-0.1999281160875829,-309.5672715340986,2928.5807169415457,0.03634360570210024,1,-1.3333333333333337,0.0,0.14054769362218852,0.05785363618039127,0.4116299221238719,0.0,0.0,0.2585855716693355,2023-08-26,liang na,jj aldrich,0.6055223159093912,0.3944776840906087,0.6055223159093912,0,0.0,0,600.0,-1000.0,0.0,1.2,5.5,-0.0691800387544506,0.0381987763174568,0.013749275630595,0.045452873334275,0.0204303175489157,0.0100824297166697,0.0050690854348454,380.0,-602.0,450.0,-500.0
131,-266.6957339766548,0.07285978394918387,-1.0,0.15349579902487687,0.0193403204872646,1.3636363636363638,-422.2490031303423,-1.0,-0.07285978394918387,-0.11535606768846185,-0.1999281160875829,-309.5672715340986,2928.5807169415457,0.03634360570210024,1,-1.3333333333333337,0.1039685314512624,0.14054769362218852,0.05785363618039127,0.4116299221238719,0.26268009789698743,0.2349453993819984,0.2585855716693355,2023-08-26,song kenan,rolando bedoya,0.8458969192849096,0.1541030807150903,0.8458969192849096,0,1.0,0,188.0,-225.0,0.4020662513383053,1.3636363636363638,4.1,-0.0691800387544506,0.0231335246396969,0.0163963898902175,0.0697122631378697,0.0379800445544379,-0.0138235733641167,-0.0089406542781597,225.0,-400.0,310.0,-275.0
132,0.0,0.0,0.0,-0.022908792638805464,0.0193403204872646,1.1428571428571428,-422.2490031303423,-1.0,0.0,-0.11535606768846185,-0.1999281160875829,-309.5672715340986,2928.5807169415457,0.03634360570210024,1,-1.3333333333333337,0.0,0.14054769362218852,0.05785363618039127,0.4116299221238719,0.0,0.0,0.2585855716693355,2023-08-26,max holloway,chan sung jung,0.8549548064410453,0.8549548064410453,0.1450451935589547,1,1.0,1,-704.0,500.0,0.0,6.5,1.1428571428571428,-0.0691800387544506,0.0126281653033625,0.0296603919105678,0.0157872313305,0.0397683242250553,0.0087118834396522,0.0201342704065016,-800.0,500.0,-700.0,550.0
133,0.0,0.0,0.0,-0.05359020082575627,0.0193403204872646,1.1420454545454546,-422.2490031303423,-1.0,0.0,-0.11535606768846185,-0.1999281160875829,-309.5672715340986,2928.5807169415457,0.03634360570210024,1,-1.3333333333333337,0.0,0.14054769362218852,0.05785363618039127,0.4116299221238719,0.0,0.0,0.2585855716693355,2023-08-26,rinya nakamura,fernie garcia,0.8286971375854074,0.8286971375854074,0.1713028624145925,1,1.0,1,-602.0,450.0,0.0,8.5,1.1420454545454546,-0.0691800387544506,0.0123476023544248,0.0270204370136146,0.0225546312768784,0.0852885059780234,-0.0021004840363207,-0.004630566592886,-1600.0,500.0,-704.0,750.0
134,0.0,0.0,0.0,-0.14668535938109012,0.0193403204872646,1.4444444444444444,-422.2490031303423,-1.0,0.0,-0.11535606768846185,-0.1999281160875829,-309.5672715340986,2928.5807169415457,0.03634360570210024,1,-1.3333333333333337,0.0,0.14054769362218852,0.05785363618039127,0.4116299221238719,0.0,0.0,0.2585855716693355,2023-08-26,giga chikadze,alex caceres,0.5907562896592453,0.5907562896592453,0.4092437103407547,1,1.0,1,-180.0,150.0,0.0,3.2,1.4444444444444444,-0.0691800387544506,0.0188793207747618,0.023977822082381,0.0305348170019208,0.0464171349500311,0.0019838881455293,0.0028238041621629,-270.0,188.0,-225.0,220.0
135,-155.55326915368755,0.04249628373927798,-1.0,0.24357718441712806,0.0193403204872646,1.7936507936507935,-422.2490031303423,-1.0,-0.04249628373927798,-0.11535606768846185,-0.1999281160875829,-309.5672715340986,2928.5807169415457,0.03634360570210024,1,-1.3333333333333337,0.08569374617292738,0.14054769362218852,0.05785363618039127,0.4116299221238719,0.2752168118628002,0.2932962338466801,0.2585855716693355,2023-08-26,anthony smith,ryan spann,0.6933217930821157,0.3066782069178843,0.6933217930821157,0,1.0,0,110.0,-138.0,0.33139415172980985,1.7936507936507935,2.1,-0.0691800387544506,0.0294543564137525,0.0265680525498327,0.0354005882336351,0.0322362225882545,0.0175073705740373,0.0162052295102441,105.0,-138.0,110.0,-126.0
136,112.6817315962438,0.04617602893401125,0.6666666666666663,0.1376330932745043,0.0193403204872646,1.6666666666666663,-422.2490031303423,-1.0,0.030784019289340818,-0.11535606768846185,-0.1999281160875829,-309.5672715340986,2928.5807169415457,0.03634360570210024,1,-1.3333333333333337,0.055279008784243154,0.14054769362218852,0.05785363618039127,0.4116299221238719,0.16912572225869876,0.17396791743838386,0.2585855716693355,2023-08-26,erin blanchfield,taila santos,0.6825798559647027,0.6825798559647027,0.3174201440352973,1,1.0,1,-142.0,120.0,0.2137745289784799,2.45,1.6666666666666663,-0.0691800387544506,0.0193403204872646,0.0219819935623222,0.0381928960244635,0.0459821881506205,0.0037266099034956,0.0044366554026268,-170.0,120.0,-150.0,145.0
137,0.0,0.0,0.0,-0.019263022224523363,0.0350135352882691,1.2666666666666666,151.60227362667115,1.0583333333333331,0.0,0.05176646583434331,0.08233721337430983,89.52890174803416,3169.711892316251,0.02384237566397434,1,0.625,0.0,0.02384237566397434,0.0038363911257426114,0.160906412171811,0.0,0.0,1.0,2023-09-02,farid basharat,kleydson rodrigues,0.7742660350859026,0.7742660350859026,0.2257339649140973,1,1.0,1,-250.0,175.0,0.0,4.0,1.2666666666666666,0.048913196063946444,0.0316294610237879,0.0462926168982899,0.019897709612499,0.0365125467977574,0.0142112563876131,0.0252624278229132,-400.0,290.0,-375.0,300.0
138,89.52890174803416,0.048913196063946444,0.625,0.12563163663449023,0.0350135352882691,1.625,151.60227362667115,1.0583333333333331,0.030570747539966525,0.05176646583434331,0.08233721337430983,89.52890174803416,3169.711892316251,0.02384237566397434,1,0.625,0.17474788580717368,0.02384237566397434,0.0038363911257426114,0.160906412171811,0.160906412171811,0.13643870742037653,1.0,2023-09-02,benoit st denis,thiago moises,0.6926963917750709,0.6926963917750709,0.3073036082249291,1,1.0,1,-110.0,-120.0,0.17474788580717368,2.8,1.625,0.048913196063946444,0.0350135352882691,0.0342505339758,0.0522384918091374,0.0700441168865149,-0.0122399578338358,-0.0152325696386916,-220.0,130.0,-160.0,180.0
139,-122.73435511554212,0.038720981365235246,-1.0,0.15802462008292328,0.0303091129239294,1.9090909090909087,-261.05385995519833,-1.0,-0.038720981365235246,-0.08235886062327089,-0.05753508668618705,78.68421146054484,2987.3422438215975,0.03634360570210024,1,0.24692370795734164,0.029390083423008556,0.2197481726109745,0.11253310731028975,0.5121003099739528,0.16642416010023317,0.16873549892585127,0.16538752186322023,2023-09-09,tyson pedro,anton turkalj,0.6065843248053409,0.3934156751946591,0.6065843248053409,0,1.0,0,-125.0,-105.0,0.17770435817591437,1.9090909090909087,2.08,0.07275364724064652,0.0331297358984499,0.0346209416083251,0.0494942843272833,0.0469648121318131,0.0023334283831796,0.0022453261955748,-110.0,-134.0,108.0,-110.0
140,0.0,0.0,0.0,-0.08653441032333156,0.0303091129239294,1.2222222222222223,-261.05385995519833,-1.0,0.0,-0.08235886062327089,-0.05753508668618705,78.68421146054484,2987.3422438215975,0.03634360570210024,1,0.24692370795734164,0.0,0.2197481726109745,0.11253310731028975,0.5121003099739528,0.0,0.0,0.16538752186322023,2023-09-09,israel adesanya,sean strickland,0.7473809370081832,0.7473809370081832,0.2526190629918168,1,0.0,1,-430.0,300.0,0.0,6.4,1.2222222222222223,0.07275364724064652,0.0211528338556065,0.0401679208613745,0.0301203219194008,0.077159371567189,-0.00897543846499,-0.0165927433531917,-770.0,350.0,-450.0,540.0
141,0.0,0.009799540130219102,0.0,-0.005418403004098016,0.0303091129239294,1.4761904761904765,-261.05385995519833,-1.0,0.0,-0.08235886062327089,-0.05753508668618705,78.68421146054484,2987.3422438215975,0.03634360570210024,1,0.24692370795734164,0.0016207216575361157,0.2197481726109745,0.11253310731028975,0.5121003099739528,-0.007808725723540193,0.006799810821923145,0.16538752186322023,2023-09-09,tai tuivasa,alexander volkov,0.6737488237714173,0.3262511762285827,0.6737488237714173,0,0.0,0,140.0,-188.0,0.009799540130219102,1.4761904761904765,2.95,0.07275364724064652,0.0389594877010522,0.0304849567433922,0.0462926168982899,0.0316294610237879,0.0095031228422864,0.0068992828438807,175.0,-250.0,195.0,-210.0
142,0.0,0.0017032188498445674,0.0,-0.015931812033165182,0.0303091129239294,1.526315789473684,-261.05385995519833,-1.0,0.0,-0.08235886062327089,-0.05753508668618705,78.68421146054484,2987.3422438215975,0.03634360570210024,1,0.24692370795734164,0.00028169114476651717,0.2197481726109745,0.11253310731028975,0.5121003099739528,-0.021801093918493903,0.0012446789444839953,0.16538752186322023,2023-09-09,justin tafa,austen lane,0.6447343300472367,0.6447343300472367,0.3552656699527633,1,1.0,1,-225.0,163.0,0.0017032188498445674,2.7,1.526315789473684,0.07275364724064652,0.0303091129239294,0.042226716265892,0.0283827797999532,0.0387722873551137,0.0110442112995078,0.014498572863966,-215.0,160.0,-190.0,170.0
143,81.14073628073378,0.06783674934784613,0.37735849056603765,0.1406715445034683,0.0303091129239294,1.3773584905660377,-261.05385995519833,-1.0,0.025598773338809853,-0.08235886062327089,-0.05753508668618705,78.68421146054484,2987.3422438215975,0.03634360570210024,1,0.24692370795734164,0.06398115592441747,0.2197481726109745,0.11253310731028975,0.5121003099739528,0.23065577848876856,0.2359343955262552,0.16538752186322023,2023-09-09,jamie mullarkey,john makdessi,0.8281587925847099,0.8281587925847099,0.17184120741529,1,1.0,1,-188.0,140.0,0.386856004634567,3.45,1.3773584905660377,0.07275364724064652,0.0304849567433922,0.0389594877010522,0.0279000291438885,0.0446806160174017,0.0062897968176127,0.0095926729064294,-300.0,210.0,-265.0,245.0
144,120.27783029535318,0.04363787925803564,0.869565217391304,0.3955652463177298,0.0303091129239294,1.869565217391304,-261.05385995519833,-1.0,0.037945981963509234,-0.08235886062327089,-0.05753508668618705,78.68421146054484,2987.3422438215975,0.03634360570210024,1,0.24692370795734164,0.07733548794652091,0.2197481726109745,0.11253310731028975,0.5121003099739528,0.4376301157829496,0.422655979810807,0.16538752186322023,2023-09-09,shane young,gabriel miranda,0.746465131751344,0.2535348682486559,0.746465131751344,0,0.0,0,-155.0,128.0,0.4676017094595526,1.869565217391304,2.05,0.07275364724064652,0.0212949689549547,0.0251446595280174,0.0346209416083251,0.0331297358984499,0.0115921013486748,0.0110964976303382,-105.0,-125.0,105.0,-115.0
145,0.0,0.0,0.0,-0.007693060724014711,0.0303091129239294,1.3846153846153846,-261.05385995519833,-1.0,0.0,-0.08235886062327089,-0.05753508668618705,78.68421146054484,2987.3422438215975,0.03634360570210024,1,0.24692370795734164,0.0,0.2197481726109745,0.11253310731028975,0.5121003099739528,0.0,0.0,0.16538752186322023,2023-09-09,carlos ulberg,da woon jung,0.7166661228104338,0.7166661228104338,0.2833338771895661,1,1.0,1,-275.0,200.0,0.0,3.75,1.3846153846153846,0.07275364724064652,0.0262663073127574,0.040400359353909,0.0369237305897426,0.0634346923493256,-0.0044200456202917,-0.0066910654908193,-350.0,210.0,-260.0,275.0
146,0.0,0.0,0.0,-0.04179051269901812,0.0303091129239294,1.5,-261.05385995519833,-1.0,0.0,-0.08235886062327089,-0.05753508668618705,78.68421146054484,2987.3422438215975,0.03634360570210024,1,0.24692370795734164,0.0,0.2197481726109745,0.11253310731028975,0.5121003099739528,0.0,0.0,0.16538752186322023,2023-09-09,jack jenkins,chepe mariscal,0.6388063248673213,0.6388063248673213,0.3611936751326787,1,0.0,1,-225.0,163.0,0.0,2.88,1.5,0.07275364724064652,0.0303091129239294,0.042226716265892,0.0290887615654049,0.040577421308325,0.0059124538038086,0.0079764350850802,-225.0,165.0,-200.0,188.0
147,-105.25486721991689,0.03523361524365156,-1.0,0.1522790334852795,0.0263797618658524,2.1,-224.151904540954,-1.0,-0.03523361524365156,-0.07503388840182057,-0.07986011480023886,-14.417589998241908,2748.7727492824015,0.03634360570210024,1,-0.46967200251098573,0.1051942519179726,0.04443859311319635,0.010871241197671085,0.24463513437473777,0.145773200164868,0.13436517503919415,0.817838800826207,2023-09-16,kevin holland,jack della maddalena,0.5487043016596569,0.5487043016596569,0.4512956983403431,1,0.0,1,-162.0,136.0,0.12862467739571906,1.9523809523809523,2.1,0.08749616163715945,0.0190342109773964,0.0230152132689483,0.0568477761436551,0.0543071312272553,-0.0058975671206943,-0.0057168347376098,-115.0,-136.0,110.0,-105.0
148,64.08584617311857,0.06864787862124389,0.3125,0.04875380600817075,0.0263797618658524,1.3125,-224.151904540954,-1.0,0.021452462069138718,-0.07503388840182057,-0.07986011480023886,-14.417589998241908,2748.7727492824015,0.03634360570210024,1,-0.46967200251098573,0.08284655073461482,0.04443859311319635,0.010871241197671085,0.24463513437473777,0.08933014729644705,0.05528625790869389,0.817838800826207,2023-09-16,roman kopylov,josh fremd,0.7990505188633682,0.7990505188633682,0.2009494811366318,1,1.0,1,-240.0,175.0,0.1012993644357795,5.0,1.3125,0.08749616163715945,0.0284987596941501,0.0410199568833899,0.0421652280054822,0.0945973766077041,-0.0144952169263735,-0.0236000211688645,-590.0,255.0,-320.0,400.0
149,68.6311012039976,0.06202971006554007,0.37037037037037024,0.06614803277003434,0.0263797618658524,1.3703703703703702,-224.151904540954,-1.0,0.022973966690940758,-0.07503388840182057,-0.07986011480023886,-14.417589998241908,2748.7727492824015,0.03634360570210024,1,-0.46967200251098573,0.1608603243175319,0.04443859311319635,0.010871241197671085,0.24463513437473777,0.10820247755155082,0.1202433194074374,0.817838800826207,2023-09-16,daniel zellhuber,christos giagos,0.7779999158051603,0.7779999158051603,0.2220000841948397,1,1.0,1,-240.0,175.0,0.19668952384629543,3.5,1.3703703703703702,0.08749616163715945,0.0284987596941501,0.0410199568833899,0.0239977435591731,0.0385022564408268,0.0060862454044519,0.0093577700395637,-300.0,220.0,-270.0,250.0
150,0.0,0.03769888595847754,0.0,-0.004195536450934442,0.0263797618658524,1.1428571428571428,-224.151904540954,-1.0,0.0,-0.07503388840182057,-0.07986011480023886,-14.417589998241908,2748.7727492824015,0.03634360570210024,1,-0.46967200251098573,0.030831611684765205,0.04443859311319635,0.010871241197671085,0.24463513437473777,-0.010785009238355098,0.014665453380968675,0.817838800826207,2023-09-16,raul rosas jr,terrence mitchell,0.8713289056054324,0.8713289056054324,0.1286710943945676,1,1.0,1,-198.0,164.0,0.03769888595847754,6.5,1.1428571428571428,0.08749616163715945,0.0185656693505812,0.0246517396386398,0.0207102688625234,0.0541560412979042,0.0087118834396522,0.0201342704065016,-835.0,450.0,-700.0,550.0
151,100.76020111952296,0.03980027315816901,0.847457627118644,0.1476684508752798,0.0263797618658524,1.847457627118644,-224.151904540954,-1.0,0.03372904504929577,-0.07503388840182057,-0.07986011480023886,-14.417589998241908,2748.7727492824015,0.03634360570210024,1,-0.46967200251098573,0.15475989625706787,0.04443859311319635,0.010871241197671085,0.24463513437473777,0.16068123499945297,0.17390548373900344,0.817838800826207,2023-09-16,tracy cortez,jasmine jasudavicius,0.6212150330425826,0.6212150330425826,0.3787849669574173,1,1.0,1,-127.0,-104.0,0.18923031788260042,2.1,1.847457627118644,0.08749616163715945,0.0337616142008836,0.0355136730065102,0.0352269955557409,0.0373795583101833,0.0084762280706884,0.0089986517895125,-130.0,-103.0,-118.0,110.0
152,-142.63987127496415,0.047748084964141964,-1.0,0.004727883639894792,0.0263797618658524,1.4,-224.151904540954,-1.0,-0.04774808496414197,-0.07503388840182057,-0.07986011480023886,-14.417589998241908,2748.7727492824015,0.03634360570210024,1,-0.46967200251098573,0.03905262013159341,0.04443859311319635,0.010871241197671085,0.24463513437473777,0.007391992383072388,0.030541315170115223,0.817838800826207,2023-09-16,fernando padilla,kyle nelson,0.7176627740284963,0.7176627740284963,0.2823372259715037,1,0.0,1,-250.0,185.0,0.04775099945385473,3.2,1.4,0.08749616163715945,0.0263797618658524,0.038783145402318,0.0262663073127574,0.040400359353909,0.0107808807910866,0.0160048334946276,-275.0,200.0,-250.0,220.0
153,0.0,0.0,0.0,-0.11511927328478494,0.0287452808578468,1.7407407407407407,467.2368331273774,1.804347826086956,0.0,0.1699801605095783,0.16496818854855266,-13.776771946634682,3202.2328104631442,0.03634360570210024,1,0.6772575250836117,0.0,0.06748741716297164,0.0156364289999164,0.23169399063171806,0.0,0.0,0.5385241757635512,2023-09-23,ricardo ramos,charles jourdain,0.5083357366236342,0.4916642633763658,0.5083357366236342,0,0.0,0,-105.0,-125.0,0.0,1.7407407407407407,2.25,0.07534503665403272,0.0346209416083251,0.0331297358984499,0.0405383694346594,0.0356521067558167,0.010024087431617,0.0088884421192105,110.0,-150.0,125.0,-135.0
154,0.0,0.0,0.0,-0.01810892326700181,0.0287452808578468,1.7692307692307692,467.2368331273774,1.804347826086956,0.0,0.1699801605095783,0.16496818854855266,-13.776771946634682,3202.2328104631442,0.03634360570210024,1,0.6772575250836117,0.0,0.06748741716297164,0.0156364289999164,0.23169399063171806,0.0,0.0,0.5385241757635512,2023-09-23,rafael fiziev,mateusz gamrot,0.5549819129360425,0.5549819129360425,0.4450180870639575,1,0.0,1,-174.0,136.0,0.0,2.25,1.7692307692307692,0.07534503665403272,0.0262519436002324,0.0325133663094545,0.0391052434963937,0.0449283699489844,0.0045666922716053,0.005095143477187,-155.0,110.0,-130.0,125.0
155,76.17518962314361,0.0554248725312269,0.5,0.14245410562089733,0.0287452808578468,1.5,467.2368331273774,1.804347826086956,0.027712436265613448,0.1699801605095783,0.16496818854855266,-13.776771946634682,3202.2328104631442,0.03634360570210024,1,0.6772575250836117,0.161874754096255,0.06748741716297164,0.0156364289999164,0.23169399063171806,0.20199030864191503,0.21199145449967902,0.5385241757635512,2023-09-23,bryce mitchell,dan ige,0.7616360704139316,0.7616360704139316,0.2383639295860684,1,1.0,1,-125.0,-105.0,0.3005895768128506,2.85,1.5,0.07534503665403272,0.0331297358984499,0.0346209416083251,0.0290887615654049,0.040577421308325,0.0074736116073294,0.0100702480417933,-225.0,165.0,-200.0,185.0
156,58.13493238111291,0.06873559492611439,0.3076923076923077,0.05576311491497046,0.0287452808578468,1.3076923076923077,467.2368331273774,1.804347826086956,0.021149413823419814,0.1699801605095783,0.16496818854855266,-13.776771946634682,3202.2328104631442,0.03634360570210024,1,0.6772575250836117,0.0975968028675377,0.06748741716297164,0.0156364289999164,0.23169399063171806,0.100799300789334,0.10025819744994154,0.5385241757635512,2023-09-23,marina rodriguez,michelle waterson gomez,0.8073482643467421,0.8073482643467421,0.1926517356532578,1,1.0,1,-350.0,240.0,0.18123012347432543,4.25,1.3076923076923077,0.07534503665403272,0.0263895562040242,0.0455058686325771,0.0324036387667123,0.061002954639881,1.928457393773897e-13,-1.9287349495300532e-13,-420.0,250.0,-325.0,325.0
157,0.0,0.0,0.0,-0.006465609283620888,0.0287452808578468,1.289855072463768,467.2368331273774,1.804347826086956,0.0,0.1699801605095783,0.16496818854855266,-13.776771946634682,3202.2328104631442,0.03634360570210024,1,0.6772575250836117,0.0,0.06748741716297164,0.0156364289999164,0.23169399063171806,0.0,0.0,0.5385241757635512,2023-09-23,mizuki,hannah goldy,0.7702682354992153,0.7702682354992153,0.2297317645007847,1,1.0,1,-275.0,200.0,0.0,4.6,1.289855072463768,0.07534503665403272,0.0262663073127574,0.040400359353909,0.0360735620034744,0.0710692951393826,-0.0027180520567959,-0.0046097447189734,-460.0,250.0,-345.0,360.0
158,0.0,0.0,0.0,-0.02765202111726761,0.0287452808578468,1.6097560975609757,467.2368331273774,1.804347826086956,0.0,0.1699801605095783,0.16496818854855266,-13.776771946634682,3202.2328104631442,0.03634360570210024,1,0.6772575250836117,0.0,0.06748741716297164,0.0156364289999164,0.23169399063171806,0.0,0.0,0.5385241757635512,2023-09-23,tim means,andre fialho,0.604034350518061,0.3959656494819389,0.604034350518061,0,1.0,0,163.0,-225.0,0.0,1.6097560975609757,2.45,0.07534503665403272,0.042226716265892,0.0303091129239294,0.0392764126889053,0.0318698323703832,0.0161735070092879,0.0132018795089556,130.0,-175.0,145.0,-164.0
159,-240.78268071273007,0.08759643036172748,-1.0,0.016196032585525766,0.0287452808578468,1.1694915254237288,467.2368331273774,1.804347826086956,-0.08759643036172748,0.1699801605095783,0.16496818854855266,-13.776771946634682,3202.2328104631442,0.03634360570210024,1,0.6772575250836117,0.0847920000902735,0.06748741716297164,0.0156364289999164,0.23169399063171806,0.03822769955744054,0.06670834293039696,0.5385241757635512,2023-09-23,jacob malkoun,cody brundage,0.8689212452542902,0.8689212452542902,0.1310787547457098,1,0.0,1,-450.0,300.0,0.1574525414203558,5.6,1.1694915254237288,0.07534503665403272,0.0231736516692425,0.0450081665125755,0.0201574573220818,0.0465092093445847,0.010646791850098,0.0229971004894464,-650.0,400.0,-590.0,460.0
160,92.69578676183886,0.038780999558418905,0.869565217391304,0.06783164958111937,0.0287452808578468,1.869565217391304,467.2368331273774,1.804347826086956,0.0337226083116686,0.1699801605095783,0.16496818854855266,-13.776771946634682,3202.2328104631442,0.03634360570210024,1,0.6772575250836117,0.047696089126788514,0.06748741716297164,0.0156364289999164,0.23169399063171806,0.07271821808868507,0.08261648546376213,0.5385241757635512,2023-09-23,mohammed usman,jake collier,0.5711657660550175,0.5711657660550175,0.4288342339449825,1,1.0,1,-150.0,110.0,0.08856814842000771,2.1,1.869565217391304,0.07534503665403272,0.0356521067558167,0.0405383694346594,0.0435494356063789,0.0467047580747985,0.0053898078105479,0.0056843893101607,-137.0,-105.0,-115.0,110.0
161,0.0,0.0,0.0,-0.041750559657706354,0.0287452808578468,1.526315789473684,467.2368331273774,1.804347826086956,0.0,0.1699801605095783,0.16496818854855266,-13.776771946634682,3202.2328104631442,0.03634360570210024,1,0.6772575250836117,0.0,0.06748741716297164,0.0156364289999164,0.23169399063171806,0.0,0.0,0.5385241757635512,2023-09-23,bryan battle,aj fletcher,0.6278185988449511,0.6278185988449511,0.3721814011550489,1,1.0,1,-200.0,150.0,0.0,2.8,1.526315789473684,0.07534503665403272,0.0287452808578468,0.0379213858088197,0.0354073098582782,0.0490572451945121,0.0053092353063554,0.0070060356296052,-225.0,155.0,-190.0,180.0
162,-122.21187337909716,0.0381645809698082,-1.0,0.024196743172927693,0.0263895562040242,1.869565217391304,-319.84060714433406,-1.0,-0.0381645809698082,-0.09988049778868982,-0.3556687033769057,-819.0933844640771,2063.2988188547333,0.03634360570210023,1,-5.0,0.014140195696346647,0.12974388321748506,0.047099858572451025,0.36302180422254826,0.025899137010661245,0.047161316713593325,0.2801180664615899,2023-10-07,alexander hernandez,bill algeo,0.5478261649529614,0.5478261649529614,0.4521738350470385,1,0.0,1,105.0,-138.0,0.050479413466484026,2.05,1.869565217391304,-0.25578820558821586,0.0354005882336351,0.0322362225882545,0.0390285135619546,0.0403365658031246,0.0110964976303382,0.0115921013486748,-125.0,-110.0,-115.0,105.0
163,-225.9603311445456,0.07056336766216088,-1.0,0.020241202736665492,0.0263895562040242,1.2597402597402598,-319.84060714433406,-1.0,-0.07056336766216088,-0.09988049778868982,-0.3556687033769057,-819.0933844640771,2063.2988188547333,0.03634360570210023,1,-5.0,0.0353776882521194,0.12974388321748506,0.047099858572451025,0.36302180422254826,0.03894309930580453,0.06564386344768261,0.2801180664615899,2023-10-07,vanessa demopoulos,kanako murata,0.8098821918631262,0.1901178081368738,0.8098821918631262,0,1.0,0,180.0,-218.0,0.12629563204903255,1.2597402597402598,4.2,-0.25578820558821586,0.0248129186935715,0.0178645296442542,0.0504338719621719,0.0257962042679043,0.0204955383446889,0.0114141327402398,290.0,-455.0,320.0,-385.0
164,-219.20323473302955,0.0684532473768907,-1.0,0.1717563862583692,0.0263895562040242,1.4,-319.84060714433406,-1.0,-0.0684532473768907,-0.09988049778868982,-0.3556687033769057,-819.0933844640771,2063.2988188547333,0.03634360570210023,1,-5.0,0.12214737847209378,0.12974388321748506,0.047099858572451025,0.36302180422254826,0.2763881665336369,0.27097952659372726,0.2801180664615899,2023-10-07,nate maness,mateus mendonca,0.8369688473274066,0.1630311526725933,0.8369688473274066,0,1.0,0,150.0,-200.0,0.436056767116243,1.4,3.4,-0.25578820558821586,0.0379213858088197,0.0287452808578468,0.0512520515676035,0.0320812817657297,0.0050262223086338,0.003377139035904,200.0,-300.0,240.0,-250.0
165,-100.63737241130453,0.031427250411799126,-1.0,0.2092700210871401,0.0263895562040242,2.3,-319.84060714433406,-1.0,-0.031427250411799126,-0.09988049778868982,-0.3556687033769057,-819.0933844640771,2063.2988188547333,0.03634360570210023,1,-5.0,0.047119873476258754,0.12974388321748506,0.047099858572451025,0.36302180422254826,0.18457535907767772,0.19072002359654222,0.2801180664615899,2023-10-07,karolina kowalkiewicz,diana belbita,0.5257695743857131,0.4742304256142869,0.5257695743857131,0,1.0,0,-163.0,120.0,0.16821433216168472,2.3,1.7407407407407407,-0.25578820558821586,0.0339796305551364,0.0403376871081888,0.0498760773124432,0.0577006638542079,0.0043327197703345,0.0049179740317005,-163.0,105.0,-135.0,130.0
166,-151.08057279610023,0.04717975916755696,-1.0,0.15655546272052984,0.0263895562040242,1.6666666666666663,-319.84060714433406,-1.0,-0.04717975916755696,-0.09988049778868982,-0.3556687033769057,-819.0933844640771,2063.2988188547333,0.03634360570210023,1,-5.0,0.06385412956215335,0.12974388321748506,0.047099858572451025,0.36302180422254826,0.19350343140362555,0.18442824116462353,0.2801180664615899,2023-10-07,montana de la rosa,jj aldrich,0.693933277632318,0.693933277632318,0.3060667223676819,1,0.0,1,110.0,-135.0,0.22795434214133095,2.55,1.6666666666666663,-0.25578820558821586,0.0265532308486119,0.0241053304482471,0.0437184576507431,0.0536841397518541,-0.0035639612084824,-0.0042791760464192,-180.0,120.0,-150.0,155.0
167,0.0,0.0,0.0,-0.01871080413441578,0.0263895562040242,1.5882352941176472,-319.84060714433406,-1.0,0.0,-0.09988049778868982,-0.3556687033769057,-819.0933844640771,2063.2988188547333,0.03634360570210023,1,-5.0,0.0,0.12974388321748506,0.047099858572451025,0.36302180422254826,0.0,0.0,0.2801180664615899,2023-10-07,alex morono,joaquin buckley,0.6178487529524048,0.3821512470475952,0.6178487529524048,0,0.0,0,130.0,-175.0,0.0,1.5882352941176472,2.65,-0.25578820558821586,0.0392764126889053,0.0318698323703832,0.0438354898569455,0.0338481259622635,0.003894829625118,0.0030932905705493,140.0,-195.0,165.0,-170.0
168,0.0,0.0,0.0,-0.03859231074062977,0.0263895562040242,1.25,-319.84060714433406,-1.0,0.0,-0.09988049778868982,-0.3556687033769057,-819.0933844640771,2063.2988188547333,0.03634360570210023,1,-5.0,0.0,0.12974388321748506,0.047099858572451025,0.36302180422254826,0.0,0.0,0.2801180664615899,2023-10-07,drew dober,ricky glenn,0.7691261514074962,0.7691261514074962,0.2308738485925038,1,1.0,1,-350.0,240.0,0.0,4.6,1.25,-0.25578820558821586,0.0263895562040242,0.0455058686325771,0.0273349729556402,0.055998360377693,0.0061735975652481,0.0112177067825779,-500.0,300.0,-400.0,360.0
169,0.0,0.0,0.0,-0.1235704770163201,0.0339796305551364,1.2666666666666666,-207.19917663379758,-1.0,0.0,-0.10042131306448707,-0.16462810640378442,-132.4778008594222,1723.6218413615136,0.03634360570210024,1,-0.867207269381183,0.0,0.24218582368702057,0.12091433162512125,0.49926263141388566,0.0,0.0,0.15006495900052136,2023-10-14,ashley yoder,emily ducote,0.6919180444608,0.3080819555392001,0.6919180444608,0,0.0,0,275.0,-400.0,0.0,1.2666666666666666,4.3,-0.023695648626447685,0.0431680677672335,0.0234985988994331,0.0462547699698872,0.0245954324592625,0.0140808880534058,0.0079509356920042,280.0,-420.0,330.0,-375.0
170,0.0,0.0,0.0,-0.06108238631163421,0.0339796305551364,1.5319148936170213,-207.19917663379758,-1.0,0.0,-0.10042131306448707,-0.16462810640378442,-132.4778008594222,1723.6218413615136,0.03634360570210024,1,-0.867207269381183,0.0,0.24218582368702057,0.12091433162512125,0.49926263141388566,0.0,0.0,0.15006495900052136,2023-10-14,andre petroski,michel pereira,0.6129045533799055,0.3870954466200945,0.6129045533799055,0,0.0,0,110.0,-150.0,0.0,1.5319148936170213,2.7,-0.023695648626447685,0.0405383694346594,0.0356521067558167,0.0373723581540192,0.0276438959094966,0.013117781846808,0.0100303663013401,158.0,-210.0,170.0,-188.0
171,-123.39293324744476,0.05980371438197011,-1.0,0.3566777129949015,0.0339796305551364,1.625,-207.19917663379758,-1.0,-0.05980371438197011,-0.10042131306448707,-0.16462810640378442,-132.4778008594222,1723.6218413615136,0.03634360570210024,1,-0.867207269381183,0.08509100512530236,0.24218582368702057,0.12091433162512125,0.49926263141388566,0.4776354513527916,0.4234321009007324,0.15006495900052136,2023-10-14,sodiq yusuff,edson barboza,0.8348785926122471,0.8348785926122471,0.1651214073877529,1,0.0,1,-175.0,130.0,0.5670278104364573,2.65,1.625,-0.023695648626447685,0.0318698323703832,0.0392764126889053,0.0484270906365948,0.0637748728977669,-0.0032481481787822,-0.0040087458705644,-210.0,130.0,-160.0,165.0
172,-90.35753903774209,0.04379275469555906,-1.0,0.052498580682086626,0.0339796305551364,1.6756756756756757,-207.19917663379758,-1.0,-0.04379275469555906,-0.10042131306448707,-0.16462810640378442,-132.4778008594222,1723.6218413615136,0.03634360570210024,1,-0.867207269381183,0.015094866403294603,0.24218582368702057,0.12091433162512125,0.49926263141388566,0.06360958648901573,0.08301851672683866,0.15006495900052136,2023-10-14,jennifer maia,viviane araujo,0.6281039916973743,0.6281039916973743,0.3718960083026257,1,0.0,1,-150.0,110.0,0.10058888166718627,2.35,1.6756756756756757,-0.023695648626447685,0.0356521067558167,0.0405383694346594,0.036423892021262,0.0435897273182001,0.0102625313309884,0.0120435771110157,-167.0,120.0,-148.0,135.0
173,-99.19150580773267,0.0480742318569205,-1.0,0.01816648037140639,0.0339796305551364,1.5555555555555556,-207.19917663379758,-1.0,-0.0480742318569205,-0.10042131306448707,-0.16462810640378442,-132.4778008594222,1723.6218413615136,0.03634360570210024,1,-0.867207269381183,0.0076952081414296885,0.24218582368702057,0.12091433162512125,0.49926263141388566,0.024266315093248586,0.038389109558362486,0.15006495900052136,2023-10-14,darren elkins,tj brown,0.6545355945244755,0.3454644054755245,0.6545355945244755,0,1.0,0,150.0,-200.0,0.05127918064738187,1.5555555555555556,2.68,-0.023695648626447685,0.0379213858088197,0.0287452808578468,0.0424849594191082,0.0323449725536807,0.0089972730427578,0.0069941981725939,145.0,-200.0,168.0,-180.0
174,69.77611593323786,0.03787587582132402,0.8928571428571428,0.022998005123279597,0.0339796305551364,1.8928571428571428,-207.19917663379758,-1.0,0.03381774626903931,-0.10042131306448707,-0.16462810640378442,-132.4778008594222,1723.6218413615136,0.03634360570210024,1,-0.867207269381183,0.006274783590636196,0.24218582368702057,0.12091433162512125,0.49926263141388566,0.02431232532896292,0.03955333668728391,0.15006495900052136,2023-10-14,jonathan martinez,adrian yanez,0.540451776291544,0.540451776291544,0.459548223708456,1,1.0,1,-105.0,-125.0,0.04181378272734807,2.05,1.8928571428571428,-0.023695648626447685,0.0346209416083251,0.0331297358984499,0.0413302908951865,0.0425271514528219,0.0079040929445077,0.0082026718967256,-125.0,-112.0,-112.0,105.0
175,37.813067051257015,0.049481577804161,0.37037037037037024,0.003823795107151917,0.0339796305551364,1.3703703703703702,-207.19917663379758,-1.0,0.0183265102978374,-0.10042131306448707,-0.16462810640378442,-132.4778008594222,1723.6218413615136,0.03634360570210024,1,-0.867207269381183,0.007425904185684799,0.24218582368702057,0.12091433162512125,0.49926263141388566,0.006203125409248258,0.030503810841650984,0.15006495900052136,2023-10-14,chris gutierrez,alatengheili,0.7325200666998136,0.7325200666998136,0.2674799333001864,1,1.0,1,-175.0,145.0,0.049484598104338265,3.35,1.3703703703703702,-0.023695648626447685,0.0197703920738484,0.0247565095959103,0.0331191175513195,0.0533006355351002,0.0111348839931298,0.0171023084231671,-305.0,200.0,-270.0,235.0
176,72.87499424900243,0.040617598682516964,0.869565217391304,0.17014354776782536,0.0339796305551364,1.869565217391304,-207.19917663379758,-1.0,0.035319651028275605,-0.10042131306448707,-0.16462810640378442,-132.4778008594222,1723.6218413615136,0.03634360570210024,1,-0.867207269381183,0.027240872710246965,0.24218582368702057,0.12091433162512125,0.49926263141388566,0.18400506673799824,0.16785234980233457,0.15006495900052136,2023-10-14,christian rodriguez,cameron saaiman,0.6258907348525579,0.6258907348525579,0.3741092651474421,1,1.0,1,-163.0,120.0,0.18152720589589688,2.23,1.869565217391304,-0.023695648626447685,0.0339796305551364,0.0403376871081888,0.056786349620442,0.0632519095856794,-0.0080341770837868,-0.0086516087124379,-155.0,-105.0,-115.0,123.0
177,0.0,0.0,0.0,-0.08016996165880022,0.0318698323703832,1.3333333333333333,246.68814922611762,1.2787723785166243,0.0,0.14312196753741244,0.1508869617063272,13.383913547586292,1983.6939041352175,0.031183189773770843,1,0.22301790281329925,0.0,0.031183189773770843,0.007796625579869274,0.2500265571428892,0.0,0.0,1.0,2023-10-21,said nurmagomedov,muin gafurov,0.6898725287558999,0.6898725287558999,0.3101274712441001,1,1.0,1,-198.0,164.0,0.0,3.7,1.3333333333333333,0.12857513236895368,0.0185656693505812,0.0246517396386398,0.0328963273661757,0.0574046759783059,0.0077693340819139,0.0125009361883561,-360.0,225.0,-300.0,270.0
178,56.79814543249575,0.05601973989780213,0.5882352941176472,0.17474554237518453,0.0318698323703832,1.5882352941176472,246.68814922611762,1.2787723785166243,0.03295278817517773,0.14312196753741244,0.1508869617063272,13.383913547586292,1983.6939041352175,0.031183189773770843,1,0.22301790281329925,0.16718167914127324,0.031183189773770843,0.007796625579869274,0.2500265571428892,0.24056407791709516,0.121440630079458,1.0,2023-10-21,kamaru usman,khamzat chimaev,0.7396546007547458,0.2603453992452543,0.7396546007547458,0,0.0,0,-200.0,170.0,0.16718167914127324,1.5882352941176472,4.2,0.12857513236895368,0.0158443011302963,0.0211927359067407,0.1393363835339639,0.0765191894644662,-0.0745124372220023,-0.0577626950531299,145.0,-420.0,320.0,-170.0
179,0.0,0.0,0.0,-0.03933398874332941,0.0318698323703832,1.1669449081803005,246.68814922611762,1.2787723785166243,0.0,0.14312196753741244,0.1508869617063272,13.383913547586292,1983.6939041352175,0.031183189773770843,1,0.22301790281329925,0.0,0.031183189773770843,0.007796625579869274,0.2500265571428892,0.0,0.0,1.0,2023-10-21,ikram aliskerov,warlley alves,0.8232316748823257,0.8232316748823257,0.1767683251176742,1,1.0,1,-400.0,325.0,0.0,6.0,1.1669449081803005,0.12857513236895368,0.012482843450473,0.0228112741965859,0.0193305613455002,0.0461456291306901,0.0074805382028051,0.016124612011787,-700.0,425.0,-599.0,500.0
180,41.89273280851355,0.055901638716454385,0.4347826086956521,0.049235930251561755,0.0318698323703832,1.434782608695652,246.68814922611762,1.2787723785166243,0.0243050603115019,0.14312196753741244,0.1508869617063272,13.383913547586292,1983.6939041352175,0.031183189773770843,1,0.22301790281329925,0.12447573372253176,0.031183189773770843,0.007796625579869274,0.2500265571428892,0.07447484540575487,0.08229192702830328,1.0,2023-10-21,islam makhachev,alexander volkanovski,0.7312856483571492,0.7312856483571492,0.2687143516428508,1,1.0,1,-290.0,215.0,0.12447573372253176,3.2,1.434782608695652,0.12857513236895368,0.0236688803786396,0.0373811806714214,0.0335071987325586,0.0522530299613847,0.0038879195626169,0.0055817774070801,-286.0,190.0,-230.0,220.0
181,0.0,0.0,0.0,-0.02053224974524856,0.0318698323703832,1.2298850574712643,246.68814922611762,1.2787723785166243,0.0,0.14312196753741244,0.1508869617063272,13.383913547586292,1983.6939041352175,0.031183189773770843,1,0.22301790281329925,0.0,0.031183189773770843,0.007796625579869274,0.2500265571428892,0.0,0.0,1.0,2023-10-21,tim elliott,muhammad mokaev,0.7963896660949848,0.2036103339050151,0.7963896660949848,0,0.0,0,400.0,-649.0,0.0,1.2298850574712643,4.6,0.12857513236895368,0.0463733949129643,0.0201152566224162,0.0519045260331316,0.0249003894814613,0.0199385267373082,0.0105368897600506,320.0,-520.0,360.0,-435.0
182,0.0,0.0,0.0,-0.10937975349977691,0.0318698323703832,1.3875968992248062,246.68814922611762,1.2787723785166243,0.0,0.14312196753741244,0.1508869617063272,13.383913547586292,1983.6939041352175,0.031183189773770843,1,0.22301790281329925,0.0,0.031183189773770843,0.007796625579869274,0.2500265571428892,0.0,0.0,1.0,2023-10-21,mike breeden,anshul jubli,0.641843641332563,0.358156358667437,0.641843641332563,0,1.0,0,275.0,-400.0,0.0,1.3875968992248062,3.25,0.12857513236895368,0.0431680677672335,0.0234985988994331,0.0387829816191838,0.0247303060291531,0.0170409233821761,0.0113217753715841,210.0,-286.0,225.0,-258.0
183,-113.80989929484184,0.06602950633588037,-1.0,0.04606653877413208,0.0318698323703832,1.3174603174603174,246.68814922611762,1.2787723785166243,-0.06602950633588037,0.14312196753741244,0.1508869617063272,13.383913547586292,1983.6939041352175,0.031183189773770843,1,0.22301790281329925,0.16959201000267501,0.031183189773770843,0.007796625579869274,0.2500265571428892,0.08107103837385701,0.09636631109304414,1.0,2023-10-21,nathaniel wood,muhammad naimov,0.7940023125634978,0.7940023125634978,0.2059976874365021,1,0.0,1,-275.0,200.0,0.16959201000267501,3.85,1.3174603174603174,0.12857513236895368,0.0262663073127574,0.040400359353909,0.0331676104446071,0.0609500366142162,0.0071041905483018,0.0116722137702711,-400.0,240.0,-315.0,285.0
184,28.502934601418833,0.08268326009057753,0.19999999999999996,0.027460045154927448,0.0318698323703832,1.2,246.68814922611762,1.2787723785166243,0.016536652018115505,0.14312196753741244,0.1508869617063272,13.383913547586292,1983.6939041352175,0.031183189773770843,1,0.22301790281329925,0.17369951703090425,0.031183189773770843,0.007796625579869274,0.2500265571428892,0.06043295206702469,0.07892708229390576,1.0,2023-10-21,viktoriia dudakova,jinh yu frey,0.8562167042957729,0.8562167042957729,0.1437832957042271,1,1.0,1,-275.0,200.0,0.17369951703090425,5.3,1.2,0.12857513236895368,0.0262663073127574,0.040400359353909,0.0245334200524655,0.0548316593126138,0.0073418189481296,0.0146707596682225,-600.0,350.0,-500.0,430.0
185,0.0,0.02673411848127957,0.0,-0.005297077134361838,0.0318698323703832,1.425531914893617,246.68814922611762,1.2787723785166243,0.0,0.14312196753741244,0.1508869617063272,13.383913547586292,1983.6939041352175,0.031183189773770843,1,0.22301790281329925,0.02673411848127957,0.031183189773770843,0.007796625579869274,0.2500265571428892,-0.008028528528108704,0.01763868524832485,1.0,2023-10-21,abu azaitar,sedriques dumas,0.6977766772341044,0.3022233227658956,0.6977766772341044,0,0.0,0,130.0,-175.0,0.02673411848127957,1.425531914893617,3.05,0.12857513236895368,0.0392764126889053,0.0318698323703832,0.0324336545732737,0.0219881141342093,0.0173439193397179,0.0120174704327312,194.0,-250.0,205.0,-235.0
186,-88.16610075758548,0.04444541598569921,-1.0,0.20532542575396473,0.0154210319511368,1.7352941176470589,-255.69689847346186,-1.0,-0.04444541598569921,-0.1288993719950618,-0.169373256404825,-80.28779778032069,1647.7092078814348,0.03634360570210024,1,-0.5229217110573046,0.10603575782753076,0.1012524774874428,0.033650931326043465,0.33234674509783535,0.24088606380160482,0.25180308576620475,0.35894040920240716,2023-11-04,angela hill,denise gomes,0.6945943131463526,0.3054056868536474,0.6945943131463526,0,1.0,0,110.0,-150.0,0.29541326389845673,1.7352941176470589,2.25,0.11845519677831941,0.0405383694346594,0.0356521067558167,0.0405383694346594,0.0356521067558167,0.0109908024649661,0.0097248284201562,110.0,-150.0,125.0,-136.0
187,47.196864541751616,0.05948103238529496,0.3999999999999999,0.07512171147188462,0.0154210319511368,1.4,-255.69689847346186,-1.0,0.023792412954117978,-0.1288993719950618,-0.169373256404825,-80.28779778032069,1647.7092078814348,0.03634360570210024,1,-0.5229217110573046,0.07801088175079118,0.1012524774874428,0.033650931326043465,0.33234674509783535,0.11776480252247495,0.1386381641277237,0.35894040920240716,2023-11-04,vitor petrino,modestas bukauskas,0.7679440796227748,0.7679440796227748,0.2320559203772252,1,1.0,1,-275.0,200.0,0.21733658220353982,3.2,1.4,0.11845519677831941,0.0262663073127574,0.040400359353909,0.0262663073127574,0.040400359353909,0.0107808807910866,0.0160048334946276,-275.0,200.0,-250.0,220.0
188,51.62917533204819,0.05205357058810512,0.5,0.07529953552246538,0.0154210319511368,1.5,-255.69689847346186,-1.0,0.02602678529405256,-0.1288993719950618,-0.169373256404825,-80.28779778032069,1647.7092078814348,0.03634360570210024,1,-0.5229217110573046,0.06545238074183286,0.1012524774874428,0.033650931326043465,0.33234674509783535,0.1056144102298237,0.13000863950408745,0.35894040920240716,2023-11-04,rodrigo nascimento,dontale mayes,0.7168663570149769,0.7168663570149769,0.2831336429850231,1,1.0,1,-225.0,163.0,0.18234887759579096,2.75,1.5,0.11845519677831941,0.0303091129239294,0.042226716265892,0.0310750834453099,0.0429812949588945,0.0129435018925526,0.0173595284104776,-222.0,160.0,-200.0,175.0
189,-164.27174763236906,0.08281103616335535,-1.0,0.026491940976639372,0.0154210319511368,1.2,-255.69689847346186,-1.0,-0.08281103616335535,-0.1288993719950618,-0.169373256404825,-80.28779778032069,1647.7092078814348,0.03634360570210024,1,-0.5229217110573046,0.05482401649878088,0.1012524774874428,0.033650931326043465,0.33234674509783535,0.05875065955151629,0.06887308367509253,0.35894040920240716,2023-11-04,gabriel bonfim,nicolas dalby,0.8554099508138662,0.8554099508138662,0.1445900491861338,1,0.0,1,-350.0,240.0,0.15273849110665474,5.6,1.2,0.11845519677831941,0.0263895562040242,0.0455058686325771,0.0227641382476544,0.0529432003907186,0.0039890844425638,0.007915677462198,-654.0,380.0,-500.0,460.0
190,39.88828517044673,0.08445395600936259,0.23809523809523792,0.07861640071673345,0.0154210319511368,1.238095238095238,-255.69689847346186,-1.0,0.020108084764133935,-0.1288993719950618,-0.169373256404825,-80.28779778032069,1647.7092078814348,0.03634360570210024,1,-0.5229217110573046,0.12185072435506579,0.1012524774874428,0.033650931326043465,0.33234674509783535,0.16178220077415953,0.16496362041223203,0.35894040920240716,2023-11-04,jailton almeida,derrick lewis,0.8711901698096695,0.8711901698096695,0.1288098301903305,1,1.0,1,-500.0,350.0,0.3394734090425409,5.0,1.238095238095238,0.11845519677831941,0.0183207744122606,0.0372347811432948,0.0238024988898787,0.0500254819148462,0.0027031247490677,0.0049891829432399,-530.0,330.0,-420.0,400.0
191,33.435725565387315,0.049723089944611304,0.3389830508474576,0.0009089036847614307,0.0154210319511368,1.3389830508474576,-255.69689847346186,-1.0,0.016855284726986886,-0.1288993719950618,-0.169373256404825,-80.28779778032069,1647.7092078814348,0.03634360570210024,1,-0.5229217110573046,0.017848715650675476,0.1012524774874428,0.033650931326043465,0.33234674509783535,0.0015362142248323029,0.02942054402210598,0.35894040920240716,2023-11-04,caio borralho,abus magomedov,0.7475142445240623,0.7475142445240623,0.2524857554759376,1,1.0,1,-360.0,285.0,0.049726124986419554,3.5,1.3389830508474576,0.11845519677831941,0.0154210319511368,0.0269279234412967,0.0268586889264477,0.0452247318867654,0.0125333245801031,0.0200164041721571,-333.0,230.0,-295.0,250.0
192,0.0,0.0,0.0,-0.1628409067229317,0.0405383694346594,1.4,-163.3237077007672,-1.0,0.0,-0.09912168173822548,-0.04462891266150294,89.78823737067245,1574.17373755134,0.03634360570210023,1,1.12364199268224,0.0,0.18679626639751268,0.08020911843256,0.4293935846762087,0.0,0.0,0.19456280579376814,2023-11-11,dennis buzukja,jamall emmers,0.5979707809121917,0.4020292190878082,0.5979707809121917,0,0.0,0,240.0,-350.0,0.0,1.4,3.1,0.1017714126060622,0.0455058686325771,0.0263895562040242,0.0367206685581574,0.0244846045115223,0.0220105402839789,0.0148558191630255,195.0,-260.0,210.0,-250.0
193,-58.61886825986463,0.03557597904986806,-1.0,0.17064895331108476,0.0405383694346594,2.05,-163.3237077007672,-1.0,-0.03557597904986806,-0.09912168173822548,-0.04462891266150294,89.78823737067245,1574.17373755134,0.03634360570210023,1,1.12364199268224,0.032747950785191604,0.18679626639751268,0.08020911843256,0.4293935846762087,0.16722619959555698,0.1717606271762586,0.19456280579376814,2023-11-11,jiri prochazka,alex pereira,0.5710482699078463,0.5710482699078463,0.4289517300921537,1,0.0,1,-138.0,105.0,0.1683155763075479,1.925925925925926,2.05,0.1017714126060622,0.0322362225882545,0.0354005882336351,0.0380921227560495,0.036694202030275,0.0035674892898627,0.0034681579896869,-108.0,-125.0,105.0,-108.0
194,-57.80081196511537,0.03507949806230286,-1.0,0.07585956832303964,0.0405383694346594,2.1,-163.3237077007672,-1.0,-0.03507949806230286,-0.09912168173822548,-0.04462891266150294,89.78823737067245,1574.17373755134,0.03634360570210023,1,1.12364199268224,0.011354946454087451,0.18679626639751268,0.08020911843256,0.4293935846762087,0.07238972707513819,0.06115876370278028,0.19456280579376814,2023-11-11,sergei pavlovich,tom aspinall,0.5123140801538284,0.5123140801538284,0.4876859198461716,1,0.0,1,126.0,-162.0,0.05836134202404245,1.9523809523809523,2.1,0.1017714126060622,0.0330959581500014,0.0277025286432159,0.0539482046897022,0.0525535902843704,-0.0058975671206943,-0.0057168347376098,-118.0,-130.0,110.0,-105.0
195,0.0,0.0,0.0,-0.09398922064694004,0.0405383694346594,1.5,-163.3237077007672,-1.0,0.0,-0.09912168173822548,-0.04462891266150294,89.78823737067245,1574.17373755134,0.03634360570210023,1,1.12364199268224,0.0,0.18679626639751268,0.08020911843256,0.4293935846762087,0.0,0.0,0.19456280579376814,2023-11-11,jessica andrade,mackenzie dern,0.6040071862353733,0.3959928137646266,0.6040071862353733,0,1.0,0,150.0,-180.0,0.0,1.5,3.05,0.1017714126060622,0.023977822082381,0.0188793207747618,0.0543229674285924,0.0373212374231595,-0.0031457964422627,-0.0023186844320541,165.0,-250.0,205.0,-200.0
196,0.0,0.0,0.0,-0.020747878643184003,0.0405383694346594,1.4444444444444444,-163.3237077007672,-1.0,0.0,-0.09912168173822548,-0.04462891266150294,89.78823737067245,1574.17373755134,0.03634360570210023,1,1.12364199268224,0.0,0.18679626639751268,0.08020911843256,0.4293935846762087,0.0,0.0,0.19456280579376814,2023-11-11,matt frevola,benoit st denis,0.6779437763239495,0.3220562236760504,0.6779437763239495,0,0.0,0,140.0,-188.0,0.0,1.4444444444444444,2.95,0.1017714126060622,0.0389594877010522,0.0304849567433922,0.0424756094014026,0.0289529620271689,0.0183309337818654,0.0129598093732845,180.0,-250.0,195.0,-225.0
197,46.988855897279336,0.031369455993673495,0.9090909090909087,0.047945564108047733,0.0405383694346594,1.9090909090909087,-163.3237077007672,-1.0,0.028517687266975896,-0.09912168173822548,-0.04462891266150294,89.78823737067245,1574.17373755134,0.03634360570210023,1,1.12364199268224,0.006103701914753323,0.18679626639751268,0.08020911843256,0.4293935846762087,0.05038379450349067,0.02985321138042338,0.19456280579376814,2023-11-11,john castaneda,kyung ho kang,0.5489238669137394,0.5489238669137394,0.4510761330862606,1,1.0,1,-157.0,125.0,0.03137137075018901,2.2,1.9090909090909087,0.1017714126060622,0.0253734979718009,0.0299658881068846,0.0556298878253879,0.0600163706780133,-0.010505156280396,-0.0111398653646256,-145.0,-110.0,-110.0,120.0
198,0.0,0.0,0.0,-0.11305049717624455,0.0405383694346594,1.1428571428571428,-163.3237077007672,-1.0,0.0,-0.09912168173822548,-0.04462891266150294,89.78823737067245,1574.17373755134,0.03634360570210023,1,1.12364199268224,0.0,0.18679626639751268,0.08020911843256,0.4293935846762087,0.0,0.0,0.19456280579376814,2023-11-11,mateusz rebecki,roosevelt roberts,0.7760808149707861,0.7760808149707861,0.2239191850292139,1,1.0,1,-700.0,440.0,0.0,6.7,1.1428571428571428,0.1017714126060622,0.0178159844126093,0.0423692007725759,0.0222662126981324,0.0615127534337747,0.0073515603841003,0.0169021709591832,-920.0,450.0,-700.0,570.0
199,55.10781023205396,0.06354570268835741,0.5263157894736841,0.27425845579495095,0.0405383694346594,1.526315789473684,-163.3237077007672,-1.0,0.033445106678082835,-0.09912168173822548,-0.04462891266150294,89.78823737067245,1574.17373755134,0.03634360570210023,1,1.12364199268224,0.10003245302717483,0.18679626639751268,0.08020911843256,0.4293935846762087,0.39503693156691083,0.3569467445203556,0.19456280579376814,2023-11-11,jared gordon,mark madsen,0.8348589882794507,0.8348589882794507,0.1651410117205493,1,1.0,1,-188.0,140.0,0.5141396507881717,3.0,1.526315789473684,0.1017714126060622,0.0304849567433922,0.0389594877010522,0.048882055120245,0.0730045373545829,-0.0049335981742362,-0.0065606546993268,-270.0,155.0,-190.0,200.0
200,41.81289744319357,0.043139848532389787,0.5882352941176472,0.03423505174854774,0.0405383694346594,1.5882352941176472,-163.3237077007672,-1.0,0.025376381489641057,-0.09912168173822548,-0.04462891266150294,89.78823737067245,1574.17373755134,0.03634360570210023,1,1.12364199268224,0.008393922296338835,0.18679626639751268,0.08020911843256,0.4293935846762087,0.04480830950869707,0.03296230344642324,0.19456280579376814,2023-11-11,tabatha ricci,loopy godinez,0.6511850325824189,0.3488149674175811,0.6511850325824189,0,0.0,0,110.0,-150.0,0.04314248174050383,1.5882352941176472,2.8,0.1017714126060622,0.0405383694346594,0.0356521067558167,0.065883310614716,0.0477530530216476,-0.0073993665019633,-0.0058281467255499,140.0,-230.0,180.0,-170.0
201,62.298354023125576,0.03437188250381242,1.1,0.1379756975656542,0.0405383694346594,2.1,-163.3237077007672,-1.0,0.03780907075419367,-0.09912168173822548,-0.04462891266150294,89.78823737067245,1574.17373755134,0.03634360570210023,1,1.12364199268224,0.026231226844008637,0.18679626639751268,0.08020911843256,0.4293935846762087,0.13187840515844645,0.1410547431707128,0.19456280579376814,2023-11-11,diego lopes,pat sabatini,0.5418931893169782,0.5418931893169782,0.4581068106830218,1,1.0,1,110.0,-150.0,0.13482138447269876,1.869565217391304,2.1,0.1017714126060622,0.0405383694346594,0.0356521067558167,0.0397682082192976,0.0376443050362698,0.0056843893101607,0.0053898078105479,-105.0,-130.0,110.0,-115.0
202,43.02346209462021,0.053295102747051924,0.5128205128205128,0.12178610958941599,0.0304849567433922,1.5128205128205128,218.41589834265739,1.2768712768712769,0.027330821921565083,0.13874955040376155,0.24084831906965393,160.72120027017746,1953.3108361641748,0.03634360570210024,1,1.549226729554598,0.11920110669503736,0.07944755564365562,0.021472815730029918,0.27027660644893176,0.16963547921702488,0.18707419392993205,0.4574540450949985,2023-11-18,chase hooper,jordan leavitt,0.7415196317624954,0.7415196317624954,0.2584803682375046,1,1.0,1,-250.0,175.0,0.2605750413034016,2.75,1.5128205128205128,0.31548849456954653,0.0316294610237879,0.0462926168982899,0.0387831778135211,0.0535245144941712,0.0105863884816312,0.0140669243072746,-225.0,150.0,-195.0,175.0
203,0.0,0.0,0.0,-0.06356795606073362,0.0304849567433922,1.2298850574712643,218.41589834265739,1.2768712768712769,0.0,0.13874955040376155,0.24084831906965393,160.72120027017746,1953.3108361641748,0.03634360570210024,1,1.549226729554598,0.0,0.07944755564365562,0.021472815730029918,0.27027660644893176,0.0,0.0,0.4574540450949985,2023-11-18,brendan allen,paul craig,0.7613980170347306,0.7613980170347306,0.2386019829652693,1,1.0,1,-275.0,200.0,0.0,4.6,1.2298850574712643,0.31548849456954653,0.0262663073127574,0.040400359353909,0.0229549701164013,0.0455088724167607,0.0105368897600506,0.0199385267373082,-470.0,310.0,-435.0,360.0
204,32.6261167363421,0.06217760331923599,0.33333333333333326,0.015126491954676913,0.0304849567433922,1.3333333333333333,218.41589834265739,1.2768712768712769,0.020725867773078655,0.13874955040376155,0.24084831906965393,160.72120027017746,1953.3108361641748,0.03634360570210024,1,1.549226729554598,0.029396114461980878,0.07944755564365562,0.021472815730029918,0.27027660644893176,0.026028072507972375,0.03734553370579132,0.4574540450949985,2023-11-18,michael morales,jake matthews,0.7613448689660077,0.7613448689660077,0.2386551310339922,1,1.0,1,-250.0,175.0,0.0642602569092514,3.8,1.3333333333333333,0.31548849456954653,0.0316294610237879,0.0462926168982899,0.0332736403229043,0.0592303469179249,0.0050443462470817,0.0081135484897602,-375.0,230.0,-300.0,280.0
205,37.59765115660234,0.053739122362658716,0.4444444444444444,0.019740774401697192,0.0304849567433922,1.4444444444444444,218.41589834265739,1.2768712768712769,0.02388405438340387,0.13874955040376155,0.24084831906965393,160.72120027017746,1953.3108361641748,0.03634360570210024,1,1.549226729554598,0.03185721768360674,0.07944755564365562,0.021472815730029918,0.27027660644893176,0.029390807367454985,0.04677491854994707,0.4574540450949985,2023-11-18,luana pinheiro,amanda ribas,0.7059743822780981,0.2940256177219019,0.7059743822780981,0,0.0,0,240.0,-350.0,0.06964025791266316,1.4444444444444444,3.05,0.31548849456954653,0.0455058686325771,0.0263895562040242,0.038783145402318,0.0263797618658524,0.0118345224887278,0.0083420222779808,185.0,-250.0,205.0,-225.0
206,23.98207856275651,0.08363855155806096,0.18214936247723124,0.011442121903240843,0.0304849567433922,1.1821493624772312,218.41589834265739,1.2768712768712769,0.015234708844819842,0.13874955040376155,0.24084831906965393,160.72120027017746,1953.3108361641748,0.03634360570210024,1,1.549226729554598,0.04976697718105874,0.07944755564365562,0.021472815730029918,0.27027660644893176,0.026271782373712003,0.04738172010883834,0.4574540450949985,2023-11-18,christian leroy duncan,denis tiuliulin,0.8555958781585197,0.8555958781585197,0.1444041218414803,1,1.0,1,-385.0,295.0,0.10879120583735082,5.6,1.1821493624772312,0.31548849456954653,0.0167730992220773,0.0302058907296384,0.0226929585201978,0.0553558219676071,0.0079485465369132,0.0165396771038527,-720.0,400.0,-549.0,460.0
207,0.0,0.0,0.0,-0.10825648266593418,0.0304849567433922,1.2,218.41589834265739,1.2768712768712769,0.0,0.13874955040376155,0.24084831906965393,160.72120027017746,1953.3108361641748,0.03634360570210024,1,1.549226729554598,0.0,0.07944755564365562,0.021472815730029918,0.27027660644893176,0.0,0.0,0.4574540450949985,2023-11-18,jeka saragih,lucas alexander,0.7431195977783882,0.2568804022216117,0.7431195977783882,0,1.0,0,240.0,-298.0,0.0,1.2,5.3,0.31548849456954653,0.0263970780483009,0.0164642876034875,0.0469818316877542,0.0210943416515769,0.0146707596682225,0.0073418189481296,375.0,-602.0,430.0,-500.0
208,42.6289234711067,0.04739033201664229,0.5714285714285714,0.025948897129422388,0.0304849567433922,1.5714285714285714,218.41589834265739,1.2768712768712769,0.027080189723795594,0.13874955040376155,0.24084831906965393,160.72120027017746,1953.3108361641748,0.03634360570210024,1,1.549226729554598,0.031608710733916634,0.07944755564365562,0.021472815730029918,0.27027660644893176,0.03413878808639387,0.05252065266964327,0.4574540450949985,2023-11-18,lucie pudilova,ailin perez,0.6528765709005415,0.3471234290994584,0.6528765709005415,0,0.0,0,-105.0,-125.0,0.06909701875595509,1.5714285714285714,2.6,0.31548849456954653,0.0346209416083251,0.0331297358984499,0.0424849594191082,0.0323449725536807,0.0117264411987806,0.0092525797802403,145.0,-200.0,160.0,-175.0
209,-63.15712422306479,0.04012080923247202,-1.0,0.032098606529355866,0.0304849567433922,1.8,218.41589834265739,1.2768712768712769,-0.04012080923247202,0.13874955040376155,0.24084831906965393,160.72120027017746,1953.3108361641748,0.03634360570210024,1,1.549226729554598,0.01835454674850778,0.07944755564365562,0.021472815730029918,0.27027660644893176,0.03589520298367842,0.03587946492452199,0.4574540450949985,2023-11-18,jonathan pearce,joanderson brito,0.573388114738531,0.573388114738531,0.426611885261469,1,0.0,1,-163.0,120.0,0.040123258161803184,2.25,1.8,0.31548849456954653,0.0339796305551364,0.0403376871081888,0.0472907115587453,0.0527092884412548,5.018208071305708e-14,-5.0071058410594566e-14,-150.0,100.0,-125.0,125.0
210,44.02009247181438,0.05536859179836865,0.5050505050505052,0.1446117171519548,0.0304849567433922,1.5050505050505052,218.41589834265739,1.2768712768712769,0.027963935251701346,0.13874955040376155,0.24084831906965393,160.72120027017746,1953.3108361641748,0.03634360570210024,1,1.549226729554598,0.13574862864414816,0.07944755564365562,0.021472815730029918,0.27027660644893176,0.20450550355510733,0.20983912263516508,0.4574540450949985,2023-11-18,chad anheliger,jose johnson,0.760513825490225,0.239486174509775,0.760513825490225,0,0.0,0,140.0,-188.0,0.29674812169593456,1.5050505050505052,2.88,0.31548849456954653,0.0389594877010522,0.0304849567433922,0.0447437640681861,0.0321793128548906,0.0066811132708881,0.0049706391526762,160.0,-225.0,188.0,-198.0
211,-102.55391569420804,0.05250260931107047,-1.0,0.10857262420902325,0.0193403204872646,1.526315789473684,-159.9039384445067,-1.0,-0.05250260931107047,-0.08186302737075835,-0.14238218625359925,-118.21272884139452,1675.1941688782736,0.03634360570210024,1,-1.0909090909090913,0.0645062729439177,0.11957772472685463,0.04733183123218885,0.39582481888082893,0.1500446566746977,0.15357623771949838,0.3039329087847934,2023-12-02,wellington turman,jared gooden,0.7263062020679808,0.7263062020679808,0.2736937979320192,1,0.0,1,-175.0,130.0,0.21223852725205491,2.85,1.526315789473684,-0.057002659940031945,0.0318698323703832,0.0392764126889053,0.0354073098582782,0.0490572451945121,0.0026047361397324,0.0034448706358273,-225.0,155.0,-190.0,185.0
212,0.0,0.0,0.0,-0.050230595906814945,0.0193403204872646,1.7407407407407407,-159.9039384445067,-1.0,0.0,-0.08186302737075835,-0.14238218625359925,-118.21272884139452,1675.1941688782736,0.03634360570210024,1,-1.0909090909090913,0.0,0.11957772472685463,0.04733183123218885,0.39582481888082893,0.0,0.0,0.3039329087847934,2023-12-02,miesha tate,julia avila,0.5456122108620425,0.4543877891379574,0.5456122108620425,0,1.0,0,130.0,-175.0,0.0,1.7407407407407407,2.25,-0.057002659940031945,0.0392764126889053,0.0318698323703832,0.0391632570108818,0.0337961593137875,0.010024087431617,0.0088884421192105,115.0,-155.0,125.0,-135.0
213,0.0,0.0,0.0,-0.21077021171979027,0.0193403204872646,1.5681818181818183,-159.9039384445067,-1.0,0.0,-0.08186302737075835,-0.14238218625359925,-118.21272884139452,1675.1941688782736,0.03634360570210024,1,-1.0909090909090913,0.0,0.11957772472685463,0.04733183123218885,0.39582481888082893,0.0,0.0,0.3039329087847934,2023-12-02,veronica hardy,jamey lyn horth,0.503276966439554,0.4967230335604459,0.503276966439554,0,1.0,0,130.0,-175.0,0.0,1.5681818181818183,2.7,-0.057002659940031945,0.0392764126889053,0.0318698323703832,0.0539929637072302,0.0400693525773081,0.0045169354546639,0.0035345943359963,143.0,-215.0,170.0,-176.0
214,0.0,0.0,0.0,-0.06373219649069184,0.0193403204872646,1.3846153846153846,-159.9039384445067,-1.0,0.0,-0.08186302737075835,-0.14238218625359925,-118.21272884139452,1675.1941688782736,0.03634360570210024,1,-1.0909090909090913,0.0,0.11957772472685463,0.04733183123218885,0.39582481888082893,0.0,0.0,0.3039329087847934,2023-12-02,punahele soriano,dustin stoltzfus,0.6761934136456115,0.6761934136456115,0.3238065863543885,1,0.0,1,-275.0,200.0,0.0,3.9,1.3846153846153846,-0.057002659940031945,0.0262663073127574,0.040400359353909,0.0403787225592451,0.0716756068125715,-0.0085032903280842,-0.0128642310394371,-375.0,210.0,-260.0,290.0
215,68.68815490348581,0.03868148837089843,0.9090909090909087,0.18025999862835496,0.0193403204872646,1.9090909090909087,-159.9039384445067,-1.0,0.03516498942808947,-0.08186302737075835,-0.14238218625359925,-118.21272884139452,1675.1941688782736,0.03634360570210024,1,-1.0909090909090913,0.0631540203610908,0.11957772472685463,0.04733183123218885,0.39582481888082893,0.18991886093284238,0.19722162954719938,0.3039329087847934,2023-12-02,sean brady,kelvin gastelum,0.6182314278529479,0.6182314278529479,0.381768572147052,1,1.0,1,-110.0,-110.0,0.20778934605534422,2.05,1.9090909090909087,-0.057002659940031945,0.0238095238095238,0.0238095238095238,0.0390285135619546,0.0403365658031246,0.0057123740755625,0.0059020277827417,-125.0,-110.0,-110.0,105.0
216,0.0,0.0,0.0,-0.10466260096635668,0.0193403204872646,1.3076923076923077,-159.9039384445067,-1.0,0.0,-0.08186302737075835,-0.14238218625359925,-118.21272884139452,1675.1941688782736,0.03634360570210024,1,-1.0909090909090913,0.0,0.11957772472685463,0.04733183123218885,0.39582481888082893,0.0,0.0,0.3039329087847934,2023-12-02,clay guida,joaquim silva,0.6846697757316096,0.3153302242683904,0.6846697757316096,0,0.0,0,163.0,-225.0,0.0,1.3076923076923077,3.75,-0.057002659940031945,0.042226716265892,0.0303091129239294,0.0401929323625033,0.0232991311295601,0.0196094724471568,0.011763076572451,250.0,-350.0,275.0,-325.0
217,-84.34696805067229,0.04318153899985991,-1.0,0.28872279422689506,0.0193403204872646,1.8333333333333333,-159.9039384445067,-1.0,-0.04318153899985991,-0.08186302737075835,-0.14238218625359925,-118.21272884139452,1675.1941688782736,0.03634360570210024,1,-1.0909090909090913,0.10530283041824232,0.11957772472685463,0.04733183123218885,0.39582481888082893,0.3223910982360127,0.3102846909693803,0.3039329087847934,2023-12-02,rob font,deiveson figueiredo,0.7029397059419428,0.7029397059419428,0.2970602940580572,1,0.0,1,-142.0,120.0,0.3464673530723334,2.2,1.8333333333333333,-0.057002659940031945,0.0193403204872646,0.0219819935623222,0.0436704114276651,0.0481663232662122,4.1189274213593314e-14,-4.1133763062362056e-14,-145.0,100.0,-120.0,120.0
218,31.76390765910146,0.0663646512578886,0.2857142857142856,0.009392860059705826,0.0161132176026266,1.2857142857142856,-210.49492342737796,-1.0,0.018961328930825305,-0.1256540449686065,-0.1443957535962432,-31.396001007832638,1433.303244443063,0.03634360570210025,1,-0.15118397085610247,0.017019471760441503,0.14172460657882618,0.0637626579618222,0.4499053446047697,0.017352644146217042,0.035924895695872594,0.2564382190179953,2023-12-09,song yadong,chris gutierrez,0.7850833356019935,0.7850833356019935,0.2149166643980065,1,1.0,1,-340.0,270.0,0.06636870208199028,4.1,1.2857142857142856,0.12536887061809626,0.0159136481215457,0.0270838948759972,0.0234985988994331,0.0431680677672335,0.0079721434521814,0.0137080733499867,-400.0,275.0,-350.0,310.0
219,-57.0855549017098,0.034076978037677175,-1.0,0.008437335129656942,0.0161132176026266,1.5494505494505495,-210.49492342737796,-1.0,-0.034076978037677175,-0.1256540449686065,-0.1443957535962432,-31.396001007832638,1433.303244443063,0.03634360570210025,1,-0.15118397085610247,0.008739172954284035,0.14172460657882618,0.0637626579618222,0.4499053446047697,0.011332543322699205,0.025372630446076842,0.2564382190179953,2023-12-09,junyong park,andre muniz,0.6508354432397077,0.6508354432397077,0.3491645567602923,1,0.0,1,-250.0,205.0,0.034079058058310616,2.7,1.5494505494505495,0.12536887061809626,0.0169990228350114,0.0251555439097192,0.0309382953035842,0.0411928522373992,0.0068736474747453,0.0088867938176105,-205.0,150.0,-182.0,170.0
220,0.0,0.0,0.0,-0.01709221108117287,0.0161132176026266,1.2,-210.49492342737796,-1.0,0.0,-0.1256540449686065,-0.1443957535962432,-31.396001007832638,1433.303244443063,0.03634360570210025,1,-0.15118397085610247,0.0,0.14172460657882618,0.0637626579618222,0.4499053446047697,0.0,0.0,0.2564382190179953,2023-12-09,hyunsung park,shannon ross,0.8190898240990226,0.8190898240990226,0.1809101759009773,1,1.0,1,-345.0,275.0,0.0,6.0,1.2,0.12536887061809626,0.0154613702995864,0.0264861952434845,0.0256705297628697,0.0620954276839387,2.033928581113287e-13,-2.0328183580886621e-13,-700.0,370.0,-500.0,500.0
221,51.944860811255396,0.04341156773751991,0.7142857142857144,0.05158701211559774,0.0161132176026266,1.7142857142857144,-210.49492342737796,-1.0,0.031008262669657085,-0.1256540449686065,-0.1443957535962432,-31.396001007832638,1433.303244443063,0.03634360570210025,1,-0.15118397085610247,0.017155097604451466,0.14172460657882618,0.0637626579618222,0.4499053446047697,0.06113689321611367,0.056447855893629884,0.2564382190179953,2023-12-09,tim elliott,sumudaerji,0.613425757067432,0.613425757067432,0.386574242932568,1,1.0,1,-180.0,150.0,0.06689758519671993,2.43,1.7142857142857144,0.12536887061809626,0.0188793207747618,0.023977822082381,0.0431714906097131,0.0515744180896838,-0.0023774773989838,-0.0027665555228268,-170.0,115.0,-140.0,143.0
222,50.665775681740506,0.045367077401839484,0.6666666666666663,0.09914943780682223,0.0161132176026266,1.6666666666666663,-210.49492342737796,-1.0,0.030244718267892972,-0.1256540449686065,-0.1443957535962432,-31.396001007832638,1433.303244443063,0.03634360570210025,1,-0.15118397085610247,0.04015357907469226,0.14172460657882618,0.0637626579618222,0.4499053446047697,0.12152593080106668,0.12775055921554979,0.2564382190179953,2023-12-09,luana santos,stephanie egger,0.6594896626840935,0.6594896626840935,0.3405103373159065,1,1.0,1,-185.0,154.0,0.15658188248404004,2.45,1.6666666666666663,0.12536887061809626,0.0187287731158957,0.0240948213032229,0.0437184576507431,0.0536841397518541,0.0037266099034956,0.0044366554026268,-180.0,120.0,-150.0,145.0
223,25.811269646546993,0.08458951982529248,0.18214936247723124,0.016166080842069885,0.0161132176026266,1.1821493624772312,-210.49492342737796,-1.0,0.015407927108432137,-0.1256540449686065,-0.1443957535962432,-31.396001007832638,1433.303244443063,0.03634360570210025,1,-0.15118397085610247,0.03422258021540831,0.14172460657882618,0.0637626579618222,0.4499053446047697,0.0371285208838537,0.05810681833474269,0.2564382190179953,2023-12-09,tatsuro taira,carlos hernandez,0.8595919543640931,0.8595919543640931,0.1404080456359069,1,1.0,1,-325.0,260.0,0.13345350917839113,5.6,1.1821493624772312,0.12536887061809626,0.0159258302766661,0.0265578298540526,0.022603743223569,0.052396256776431,0.0079485465369132,0.0165396771038527,-650.0,380.0,-549.0,460.0
224,-134.4962599047672,0.08028696756676702,-1.0,0.2542891406463575,0.0161132176026266,1.434782608695652,-210.49492342737796,-1.0,-0.08028696756676702,-0.1256540449686065,-0.1443957535962432,-31.396001007832638,1433.303244443063,0.03634360570210025,1,-0.15118397085610247,0.1253528026787576,0.14172460657882618,0.0637626579618222,0.4499053446047697,0.43395837418026995,0.286438266777093,0.2564382190179953,2023-12-09,steve garcia,melquizael costa,0.8742015222686734,0.1257984777313266,0.8742015222686734,0,1.0,0,225.0,-275.0,0.48882262230171347,1.434782608695652,6.0,0.12536887061809626,0.0249124234230143,0.0161132176026266,0.1708091299956771,0.0641283463211095,-0.079428882979462,-0.0569347533841742,190.0,-810.0,500.0,-230.0
225,23.110351669305448,0.02660433540647634,0.606060606060606,0.005787366343816047,0.0149406726683033,1.606060606060606,-141.28828698523782,-1.0,0.016123839640288688,-0.09857529279516704,-0.10475972498313522,-8.864166720052918,1283.1507907377722,0.03634360570210024,1,0.23871524310852976,0.004849807946297186,0.19938036825940436,0.09404944404315527,0.4717086484703047,0.007408062998100319,0.020785248919759938,0.18228276945910388,2023-12-16,tagir ulanbekov,cody durden,0.6262449639499232,0.6262449639499232,0.3737550360500767,1,1.0,1,-125.0,105.0,0.026605959305359722,2.55,1.606060606060606,0.14760991148740554,0.0209693281226405,0.0223911054816955,0.0300383853541615,0.0380170058163911,0.0066124609957317,0.0081859111833285,-184.0,138.0,-165.0,155.0
226,0.0,0.0,0.0,-0.06928216963967126,0.0149406726683033,1.8,-141.28828698523782,-1.0,0.0,-0.09857529279516704,-0.10475972498313522,-8.864166720052918,1283.1507907377722,0.03634360570210024,1,0.23871524310852976,0.0,0.19938036825940436,0.09404944404315527,0.4717086484703047,0.0,0.0,0.18228276945910388,2023-12-16,leon edwards,colby covington,0.5170654613112937,0.5170654613112937,0.4829345386887063,1,1.0,1,165.0,-190.0,0.0,2.4,1.8,0.14760991148740554,0.0184412731607164,0.0140896311984247,0.0540345762905364,0.0633999313878737,-0.0130812168183127,-0.014696560959465,-170.0,105.0,-125.0,140.0
227,24.365855156273735,0.032299602318216304,0.5263157894736841,0.01700082834181743,0.0149406726683033,1.526315789473684,-141.28828698523782,-1.0,0.01699979069379805,-0.09857529279516704,-0.10475972498313522,-8.864166720052918,1283.1507907377722,0.03634360570210024,1,0.23871524310852976,0.005888020339233568,0.19938036825940436,0.09404944404315527,0.4717086484703047,0.023436435875962818,0.02343161371028329,0.18228276945910388,2023-12-16,alexandre pantoja,brandon royval,0.6663108875342942,0.6663108875342942,0.3336891124657057,1,1.0,1,-250.0,205.0,0.03230157384982335,2.9,1.526315789473684,0.14760991148740554,0.0169990228350114,0.0251555439097192,0.0371726935547459,0.0519538661600491,1.318944953254686e-13,-1.3183898417423734e-13,-230.0,155.0,-190.0,190.0
228,22.86831499836024,0.09557029007731331,0.1669449081803005,0.04133887044103024,0.0149406726683033,1.1669449081803005,-141.28828698523782,-1.0,0.015954973301721756,-0.09857529279516704,-0.10475972498313522,-8.864166720052918,1283.1507907377722,0.03634360570210024,1,0.23871524310852976,0.05195170517650338,0.19938036825940436,0.09404944404315527,0.4717086484703047,0.09952656669224066,0.11837875585863314,0.18228276945910388,2023-12-16,shavkat rakhmonov,stephen thompson,0.8923633524952462,0.8923633524952462,0.1076366475047537,1,1.0,1,-245.0,200.0,0.28500612170125617,6.0,1.1669449081803005,0.14760991148740554,0.0176336326648498,0.0258446282047153,0.0224612607845574,0.058124819801523,0.0074805382028051,0.016124612011787,-810.0,425.0,-599.0,500.0
229,-101.78169578639059,0.07101197613345234,-1.0,0.23985591279003315,0.0149406726683033,1.4444444444444444,-141.28828698523782,-1.0,-0.07101197613345234,-0.09857529279516704,-0.10475972498313522,-8.864166720052918,1283.1507907377722,0.03634360570210024,1,0.23871524310852976,0.09732847659700301,0.19938036825940436,0.09404944404315527,0.4717086484703047,0.37618273959234966,0.340444146528567,0.18228276945910388,2023-12-16,josh emmett,bryce mitchell,0.8583617857777153,0.1416382142222847,0.8583617857777153,0,1.0,0,105.0,-138.0,0.5339422748831956,1.4444444444444444,3.35,0.14760991148740554,0.0354005882336351,0.0322362225882545,0.061426947082126,0.0393056536504747,-0.0053995569573773,-0.0037852880483632,180.0,-290.0,235.0,-225.0
230,-39.50659119884721,0.027563316661714698,-1.0,0.3480985599284594,0.0149406726683033,2.56,-141.28828698523782,-1.0,-0.027563316661714698,-0.09857529279516704,-0.10475972498313522,-8.864166720052918,1283.1507907377722,0.03634360570210024,1,0.23871524310852976,0.04409128073952593,0.19938036825940436,0.09404944404315527,0.4717086484703047,0.2824411388297691,0.2981133113387149,0.18228276945910388,2023-12-16,irene aldana,karol rosa,0.5266009999720545,0.4733990000279456,0.5266009999720545,0,1.0,0,-130.0,110.0,0.24188397438968057,2.56,1.5714285714285714,0.14760991148740554,0.0198146558599141,0.0215932116349099,0.0276690712633215,0.0356666078359044,0.0119222790570989,0.0150663573065374,-190.0,145.0,-175.0,156.0
231,0.0,0.0,0.0,-0.04014429600149233,0.0149406726683033,1.5714285714285714,-141.28828698523782,-1.0,0.0,-0.09857529279516704,-0.10475972498313522,-8.864166720052918,1283.1507907377722,0.03634360570210024,1,0.23871524310852976,0.0,0.19938036825940436,0.09404944404315527,0.4717086484703047,0.0,0.0,0.18228276945910388,2023-12-16,cody garbrandt,brian kelleher,0.6108172661808685,0.6108172661808685,0.3891827338191315,1,1.0,1,-148.0,124.0,0.0,2.65,1.5714285714285714,0.14760991148740554,0.0200233728765578,0.0231793921004005,0.0323449725536807,0.0424849594191082,0.0060407793468502,0.0076813475828238,-200.0,145.0,-175.0,165.0
232,40.58455939488798,0.046720415418849845,0.606060606060606,0.0772158804594042,0.0149406726683033,1.606060606060606,-141.28828698523782,-1.0,0.028315403284151414,-0.09857529279516704,-0.10475972498313522,-8.864166720052918,1283.1507907377722,0.03634360570210024,1,0.23871524310852976,0.028551564735619022,0.19938036825940436,0.09404944404315527,0.4717086484703047,0.09858817198273209,0.12267783692253008,0.18228276945910388,2023-12-16,andre fili,lucas almeida,0.6707193217954781,0.6707193217954781,0.3292806782045219,1,1.0,1,-185.0,150.0,0.15663337143900877,2.46,1.606060606060606,0.14760991148740554,0.0215226119526049,0.0276001950649388,0.0314687124102657,0.0403703680495044,0.0130774919038434,0.0160680825707692,-190.0,140.0,-165.0,146.0
233,0.0,0.0,0.0,-0.0716527419629604,0.0149406726683033,1.3875968992248062,-141.28828698523782,-1.0,0.0,-0.09857529279516704,-0.10475972498313522,-8.864166720052918,1283.1507907377722,0.03634360570210024,1,0.23871524310852976,0.0,0.19938036825940436,0.09404944404315527,0.4717086484703047,0.0,0.0,0.18228276945910388,2023-12-16,alonzo menifield,dustin jacoby,0.6690323814903805,0.3309676185096195,0.6690323814903805,0,1.0,0,-110.0,-110.0,0.0,1.3875968992248062,3.4,0.14760991148740554,0.0238095238095238,0.0238095238095238,0.0446806160174017,0.0279000291438885,0.0088909621741966,0.0058970759460792,210.0,-300.0,240.0,-258.0
234,21.49503904635746,0.044990561061716776,0.33333333333333326,0.013452060742713934,0.0149406726683033,1.3333333333333333,-141.28828698523782,-1.0,0.014996853687238921,-0.09857529279516704,-0.10475972498313522,-8.864166720052918,1283.1507907377722,0.03634360570210024,1,0.23871524310852976,0.00820150464996645,0.19938036825940436,0.09404944404315527,0.4717086484703047,0.023264607026557225,0.02601602946713498,0.18228276945910388,2023-12-16,tony ferguson,paddy pimblett,0.7600890455570355,0.2399109544429645,0.7600890455570355,0,0.0,0,300.0,-380.0,0.04499330723525408,1.3333333333333333,3.95,0.14760991148740554,0.0267259939983634,0.0149406726683033,0.053537512894376,0.0300538183749737,0.0019506583992603,0.0012138985627648,240.0,-375.0,295.0,-300.0
235,-62.317263470299,0.04856581464947583,-1.0,0.07691891357448433,0.0178645296442542,1.5714285714285714,-89.19404833035534,-1.0,-0.04856581464947583,-0.06951174326056528,-0.05946481623072136,12.891722362828915,1206.8484647702458,0.03634360570210024,1,0.05329153605015691,0.07784406286062875,0.07287076077830015,0.024818325410059388,0.34058002338641596,0.1013289400256973,0.1184814684274649,0.4987405828336409,2024-01-13,ricky simon,mario bautista,0.6853120359110355,0.6853120359110355,0.3146879640889645,1,0.0,1,-110.0,-110.0,0.15608126857924912,2.6,1.5714285714285714,0.06417874350293933,0.0238095238095238,0.0238095238095238,0.0361183306746932,0.0472150026586399,0.0092525797802403,0.0117264411987806,-200.0,140.0,-175.0,160.0
236,0.0,0.0,0.0,-0.0225743047685196,0.0178645296442542,1.1923076923076923,-89.19404833035534,-1.0,0.0,-0.06951174326056528,-0.05946481623072136,12.891722362828915,1206.8484647702458,0.03634360570210024,1,0.05329153605015691,0.0,0.07287076077830015,0.024818325410059388,0.34058002338641596,0.0,0.0,0.4987405828336409,2024-01-13,magomed ankalaev,johnny walker,0.8197763895489836,0.8197763895489836,0.1802236104510164,1,1.0,1,-380.0,300.0,0.0,5.1,1.1923076923076923,0.06417874350293933,0.0149406726683033,0.0267259939983634,0.0203702672464597,0.0448072113337117,0.0114146253407002,0.0233734834512037,-588.0,375.0,-520.0,410.0
237,38.822137523112495,0.043870213707421626,0.6896551724137931,0.047010298049135424,0.0178645296442542,1.6896551724137931,-89.19404833035534,-1.0,0.030255319798221814,-0.06951174326056528,-0.05946481623072136,12.891722362828915,1206.8484647702458,0.03634360570210024,1,0.05329153605015691,0.03574786198062906,0.07287076077830015,0.024818325410059388,0.34058002338641596,0.05660188899995583,0.059530213943452384,0.4987405828336409,2024-01-13,jim miller,gabriel benitez,0.6196591559882638,0.6196591559882638,0.3803408440117362,1,1.0,1,-120.0,100.0,0.07167626459736696,2.43,1.6896551724137931,0.06417874350293933,0.0222254993026449,0.0232290461519004,0.0381928960244635,0.0459821881506205,0.0015438546424745,0.0018155137962591,-170.0,120.0,-145.0,143.0
238,0.0,0.0,0.0,-0.019273466460613536,0.0178645296442542,1.1612903225806452,-89.19404833035534,-1.0,0.0,-0.06951174326056528,-0.05946481623072136,12.891722362828915,1206.8484647702458,0.03634360570210024,1,0.05329153605015691,0.0,0.07287076077830015,0.024818325410059388,0.34058002338641596,0.0,0.0,0.4987405828336409,2024-01-13,andrei arlovski,waldo cortes acosta,0.8445145149922494,0.1554854850077506,0.8445145149922494,0,0.0,0,120.0,-142.0,0.0,1.1612903225806452,6.5,0.06417874350293933,0.0219819935623222,0.0193403204872646,0.0641035868646892,0.0247853020241994,0.0102346078084227,0.0047226571488422,400.0,-800.0,550.0,-620.0
239,29.708183557785002,0.06366944974326452,0.36363636363636376,0.07390129161823039,0.0178645296442542,1.3636363636363638,-89.19404833035534,-1.0,0.02315252717936893,-0.06951174326056528,-0.05946481623072136,12.891722362828915,1206.8484647702458,0.03634360570210024,1,0.05329153605015691,0.10345324286186719,0.07287076077830015,0.024818325410059388,0.34058002338641596,0.1227901097459324,0.12484123076768854,0.4987405828336409,2024-01-13,farid basharat,taylor lapilus,0.7875276138533689,0.7875276138533689,0.2124723861466311,1,1.0,1,-198.0,164.0,0.20742896492218055,3.7,1.3636363636363638,0.06417874350293933,0.0185656693505812,0.0246517396386398,0.0367071186546835,0.0652665655558427,0.0014132614949387,0.0021903421086648,-375.0,220.0,-275.0,270.0
240,0.0,0.0,0.0,-0.01124303865887094,0.0178645296442542,1.4444444444444444,-89.19404833035534,-1.0,0.0,-0.06951174326056528,-0.05946481623072136,12.891722362828915,1206.8484647702458,0.03634360570210024,1,0.05329153605015691,0.0,0.07287076077830015,0.024818325410059388,0.34058002338641596,0.0,0.0,0.4987405828336409,2024-01-13,marcus mcghee,gaston bolanos,0.6845240501592432,0.6845240501592432,0.3154759498407568,1,1.0,1,-120.0,100.0,0.0,3.1,1.4444444444444444,0.06417874350293933,0.0222254993026449,0.0232290461519004,0.0320074376552271,0.0485994850569588,0.0061511049596503,0.0087372325093323,-270.0,185.0,-225.0,210.0
241,47.93635654129288,0.037358318981147144,1.0,0.2345129111828026,0.0178645296442542,2.0,-89.19404833035534,-1.0,0.037358318981147144,-0.06951174326056528,-0.05946481623072136,12.891722362828915,1206.8484647702458,0.03634360570210024,1,0.05329153605015691,0.11696110600532483,0.07287076077830015,0.024818325410059388,0.34058002338641596,0.2367511412964642,0.23229584115316113,0.4987405828336409,2024-01-13,matthew semelsberger,preston parsons,0.6172564555914013,0.3827435444085986,0.6172564555914013,0,0.0,0,-134.0,108.0,0.2345129111828026,2.0,2.0,0.06417874350293933,0.0254964789661268,0.0279223244526766,0.0547328252090848,0.0559391115498085,0.0,0.0,-130.0,-120.0,100.0,100.0
242,-41.25769178906246,0.032153424279418134,-1.0,0.20106859549640244,0.0178645296442542,2.22,-89.19404833035534,-1.0,-0.032153424279418134,-0.06951174326056528,-0.05946481623072136,12.891722362828915,1206.8484647702458,0.03634360570210024,1,0.05329153605015691,0.09053666043710261,0.07287076077830015,0.024818325410059388,0.34058002338641596,0.18294765123596182,0.19951114845379334,0.4987405828336409,2024-01-13,phil hawes,brunno ferreira,0.5410218898632443,0.5410218898632443,0.4589781101367557,1,0.0,1,-218.0,180.0,0.18153056629703196,1.7518796992481205,2.22,0.06417874350293933,0.0178645296442542,0.0248129186935715,0.0419785626092642,0.0376630501333938,0.011226566499427,0.0100393345948003,105.0,-145.0,122.0,-133.0
243,0.0,0.0,0.0,-0.034843698464533335,0.0197976060171143,1.5208333333333337,-126.48979880781016,-1.0,0.0,-0.10481000929299827,-0.180404159934213,-91.23068464696067,989.1279813154749,0.03634360570210023,1,-2.192792792792793,0.0,0.08208914960580818,0.021528591771528036,0.2622586769982179,0.0,0.0,0.44273336825417375,2024-01-20,brad katona,garrett armfield,0.634623321557567,0.634623321557567,0.365376678442433,1,0.0,1,-130.0,110.0,0.0,2.95,1.5208333333333337,0.006308738818454132,0.0198146558599141,0.0215932116349099,0.0335868100922149,0.0479136923081421,-0.00149304451628,-0.0019896580609198,-238.0,165.0,-192.0,195.0
244,0.0,0.0,0.0,-0.09458122158221033,0.0197976060171143,1.625,-126.48979880781016,-1.0,0.0,-0.10481000929299827,-0.180404159934213,-91.23068464696067,989.1279813154749,0.03634360570210023,1,-2.192792792792793,0.0,0.08208914960580818,0.021528591771528036,0.2622586769982179,0.0,0.0,0.44273336825417375,2024-01-20,raquel pennington,mayra bueno silva,0.5571807867186398,0.4428192132813602,0.5571807867186398,0,1.0,0,105.0,-125.0,0.0,1.625,2.55,0.006308738818454132,0.0223911054816955,0.0209693281226405,0.0445306861063439,0.035641993511294,0.0041528607789635,0.0033886173507499,130.0,-182.0,155.0,-160.0
245,0.0,0.0,0.0,-0.2533811867104023,0.0197976060171143,1.3003003003003002,-126.48979880781016,-1.0,0.0,-0.10481000929299827,-0.180404159934213,-91.23068464696067,989.1279813154749,0.03634360570210023,1,-2.192792792792793,0.0,0.08208914960580818,0.021528591771528036,0.2622586769982179,0.0,0.0,0.44273336825417375,2024-01-20,neil magny,mike malott,0.5741895261557415,0.4258104738442586,0.5741895261557415,0,1.0,0,185.0,-225.0,0.0,1.3003003003003002,4.2,0.006308738818454132,0.0252599077377893,0.017924977552359,0.0485511303510214,0.0258078440079528,0.0044799502582534,0.0026684056198946,275.0,-420.0,320.0,-333.0
246,0.0,0.0,0.0,-0.05394021576427771,0.0197976060171143,1.5882352941176472,-126.48979880781016,-1.0,0.0,-0.10481000929299827,-0.180404159934213,-91.23068464696067,989.1279813154749,0.03634360570210023,1,-2.192792792792793,0.0,0.08208914960580818,0.021528591771528036,0.2622586769982179,0.0,0.0,0.44273336825417375,2024-01-20,chris curtis,marc andre barriault,0.5956672715558251,0.5956672715558251,0.4043327284441749,1,1.0,1,-120.0,100.0,0.0,2.6,1.5882352941176472,0.006308738818454132,0.0222254993026449,0.0232290461519004,0.0323449725536807,0.0424849594191082,0.0063172493997234,0.0079277648452907,-200.0,145.0,-170.0,160.0
247,33.37893925247837,0.051167184132633305,0.5405405405405406,0.09455243357724402,0.0197976060171143,1.5405405405405406,-126.48979880781016,-1.0,0.027657937368990974,-0.10481000929299827,-0.180404159934213,-91.23068464696067,989.1279813154749,0.03634360570210023,1,-2.192792792792793,0.08024943342607634,0.08208914960580818,0.021528591771528036,0.2622586769982179,0.12877159190670048,0.13309212707813906,0.44273336825417375,2024-01-20,arnold allen,movsar evloev,0.7104989481115443,0.2895010518884556,0.7104989481115443,0,0.0,0,124.0,-148.0,0.18125905834141925,1.5405405405405406,2.8,0.006308738818454132,0.0231793921004005,0.0200233728765578,0.0505486528676731,0.0369513471323268,0.0035498741145587,0.0027157900458423,150.0,-220.0,180.0,-185.0
248,-41.67555865395648,0.034532553067373274,-1.0,0.008062254357206922,0.0197976060171143,1.970873786407767,-126.48979880781016,-1.0,-0.034532553067373274,-0.10481000929299827,-0.180404159934213,-91.23068464696067,989.1279813154749,0.03634360570210023,1,-2.192792792792793,0.015289646739911948,0.08208914960580818,0.021528591771528036,0.2622586769982179,0.008176280608540585,0.034053041182438216,0.44273336825417375,2024-01-20,sean strickland,dricus du plessis,0.511479863048238,0.511479863048238,0.488520136951762,1,0.0,1,-163.0,130.0,0.03453466089579709,1.925925925925926,1.970873786407767,0.006308738818454132,0.0247612869285928,0.0297931848849301,0.0295086003293498,0.0291846444104065,0.0133836474646081,0.0132362843277373,-110.0,-115.0,-103.0,-108.0
249,0.0,0.0,0.0,-0.04296273890495883,0.0197976060171143,1.7142857142857144,-126.48979880781016,-1.0,0.0,-0.10481000929299827,-0.180404159934213,-91.23068464696067,989.1279813154749,0.03634360570210023,1,-2.192792792792793,0.0,0.08208914960580818,0.021528591771528036,0.2622586769982179,0.0,0.0,0.44273336825417375,2024-01-20,yohan lainesse,sam patterson,0.558271735638774,0.558271735638774,0.441728264361226,1,0.0,1,100.0,-120.0,0.0,2.23,1.7142857142857144,0.006308738818454132,0.0232290461519004,0.0222254993026449,0.0317390172665457,0.0365518649778248,0.0148658126750279,0.0168980139318478,-152.0,115.0,-140.0,123.0
250,25.626282923651587,0.07962769458549071,0.2666666666666666,0.0894597202485019,0.0197976060171143,1.2666666666666666,-126.48979880781016,-1.0,0.021234051889464183,-0.10481000929299827,-0.180404159934213,-91.23068464696067,989.1279813154749,0.03634360570210023,1,-2.192792792792793,0.15674324897030129,0.08208914960580818,0.021528591771528036,0.2622586769982179,0.1731786083728485,0.18288575497002119,0.44273336825417375,2024-01-20,jasmine jasudavicius,priscila cachoeira,0.8600997791435542,0.8600997791435542,0.1399002208564458,1,1.0,1,-192.0,160.0,0.3540353183415685,4.4,1.2666666666666666,0.006308738818454132,0.0182505690586025,0.0238990621321243,0.0243698925239813,0.0468551787010899,0.0060493342867347,0.0106970771965188,-440.0,290.0,-375.0,340.0
251,-64.73876119072517,0.05364282516036497,-1.0,0.11554254041345041,0.0197976060171143,1.5050505050505052,-126.48979880781016,-1.0,-0.05364282516036496,-0.10481000929299827,-0.180404159934213,-91.23068464696067,989.1279813154749,0.03634360570210023,1,-2.192792792792793,0.11041750698706086,0.08208914960580818,0.021528591771528036,0.2622586769982179,0.16224752889577493,0.1776067646177878,0.44273336825417375,2024-01-20,malcolm gordon,jimmy flick,0.7411994060465207,0.7411994060465207,0.2588005939534793,1,0.0,1,-105.0,-115.0,0.2493995594288932,2.8,1.5050505050505052,0.006308738818454132,0.0237995764494319,0.0232792664320201,0.0303226816346757,0.0417927029807088,0.0092209531274553,0.012351434216744,-220.0,160.0,-198.0,180.0
252,-43.82158697840898,0.03631076167193164,-1.0,0.009659332920434971,0.0197976060171143,1.5208333333333337,-126.48979880781016,-1.0,-0.03631076167193164,-0.10481000929299827,-0.180404159934213,-91.23068464696067,989.1279813154749,0.03634360570210023,1,-2.192792792792793,0.016076967079086547,0.08208914960580818,0.021528591771528036,0.2622586769982179,0.013325026271101874,0.026323336036014167,0.44273336825417375,2024-01-20,charles jourdain,sean woodson,0.6638855887696009,0.6638855887696009,0.3361144112303991,1,0.0,1,105.0,-125.0,0.036312978040220226,2.8,1.5208333333333337,0.006308738818454132,0.0223911054816955,0.0209693281226405,0.0328021299651515,0.044889323974915,0.0063138851626378,0.0083632185555616,-218.0,155.0,-192.0,180.0
253,0.0,0.0,0.0,-0.024942746685802653,0.0197976060171143,1.3355704697986577,-126.48979880781016,-1.0,0.0,-0.10481000929299827,-0.180404159934213,-91.23068464696067,989.1279813154749,0.03634360570210023,1,-2.192792792792793,0.0,0.08208914960580818,0.021528591771528036,0.2622586769982179,0.0,0.0,0.44273336825417375,2024-01-20,gillian robertson,polyana viana,0.7300679936875146,0.7300679936875146,0.2699320063124854,1,1.0,1,-135.0,114.0,0.0,3.5,1.3355704697986577,0.006308738818454132,0.0197976060171143,0.0219601987154369,0.0244710577765612,0.0404640071585036,0.0132320044983534,0.021225999808897,-320.0,230.0,-298.0,250.0
254,29.389496412517772,0.047540050578177645,0.625,0.12755947445418292,0.0303091129239294,1.625,-101.08395268191494,-1.0,0.02971253161136103,-0.10219501883616713,0.02579271651800652,126.59625030401303,1014.640278937573,0.03634360570210024,1,2.4653085072333214,0.0648505917516384,0.12227155387163466,0.05286349872772289,0.4323450308255754,0.16147756198265587,0.17235024304258525,0.2972368024393895,2024-02-03,roman dolidze,nassourdine imavov,0.6938827535102664,0.3061172464897336,0.6938827535102664,0,0.0,0,125.0,-150.0,0.21817820411004554,1.625,2.5,0.3243967909339526,0.0239067079634055,0.0205377364810389,0.0394941881497001,0.0314277976659026,0.0084564946909956,0.0069281206936196,135.0,-182.0,150.0,-160.0
255,27.858081454914313,0.05351213974752118,0.5263157894736841,0.14775515966895103,0.0303091129239294,1.526315789473684,-101.08395268191494,-1.0,0.028164284077642716,-0.10219501883616713,0.02579271651800652,126.59625030401303,1014.640278937573,0.03634360570210024,1,2.4653085072333214,0.09007959054649864,0.12227155387163466,0.05286349872772289,0.4323450308255754,0.2036873287552741,0.21983784878343066,0.2972368024393895,2024-02-03,renato moicano,drew dober,0.7519775184037956,0.7519775184037956,0.2480224815962044,1,1.0,1,-120.0,-110.0,0.30305665317089076,2.7,1.526315789473684,0.3243967909339526,0.0342505339758,0.0350135352882691,0.0275120581245014,0.0367759521615804,0.0110442112995078,0.014498572863966,-205.0,155.0,-190.0,170.0
256,20.339846949323423,0.06580292082251364,0.3125,0.039090335164396944,0.0303091129239294,1.3125,-101.08395268191494,-1.0,0.020563412757035514,-0.10219501883616713,0.02579271651800652,126.59625030401303,1014.640278937573,0.03634360570210024,1,2.4653085072333214,0.0470980998732304,0.12227155387163466,0.05286349872772289,0.4323450308255754,0.06906401435945753,0.08968470450280785,0.2972368024393895,2024-02-03,viviane araujo,natalia silva,0.7916878744109691,0.2083121255890309,0.7916878744109691,0,0.0,0,200.0,-275.0,0.1584531238618553,1.3125,3.8,0.3243967909339526,0.040400359353909,0.0262663073127574,0.0384120227667849,0.0219744506631668,0.0156231090990241,0.0094395475425798,260.0,-360.0,280.0,-320.0
257,23.488885367668328,0.06292971930845452,0.37735849056603765,0.09347563979586737,0.0303091129239294,1.3773584905660377,-101.08395268191494,-1.0,0.023747063889982833,-0.10219501883616713,0.02579271651800652,126.59625030401303,1014.640278937573,0.03634360570210024,1,2.4653085072333214,0.08264918761919746,0.12227155387163466,0.05286349872772289,0.4323450308255754,0.15097844834657081,0.17215494309654777,0.2972368024393895,2024-02-03,randy brown,muslim salikhov,0.7938932727285065,0.7938932727285065,0.2061067272714934,1,1.0,1,-270.0,220.0,0.2780583929745736,3.3,1.3773584905660377,0.3243967909339526,0.0166724502068655,0.0255572795228642,0.0232672650437236,0.0361554853807244,0.0115168679678883,0.0175408323226886,-280.0,210.0,-265.0,230.0
258,32.34620906074268,0.04741752738174519,0.6896551724137931,0.15667642483745475,0.0303091129239294,1.6896551724137931,-101.08395268191494,-1.0,0.03270174302189324,-0.10219501883616713,0.02579271651800652,126.59625030401303,1014.640278937573,0.03634360570210024,1,2.4653085072333214,0.05556302536968973,0.12227155387163466,0.05286349872772289,0.4323450308255754,0.19203702476784873,0.1525112877712294,0.2972368024393895,2024-02-03,jeongyeong lee,blake bilder,0.6845635983731875,0.6845635983731875,0.3154364016268125,1,1.0,1,-110.0,-110.0,0.18693185000541704,2.75,1.6896551724137931,0.3243967909339526,0.0238095238095238,0.0238095238095238,0.0618532887055095,0.0821331596287647,-0.0202051321177616,-0.0243217695519972,-222.0,120.0,-145.0,175.0
259,0.0,0.0,0.0,-0.0947476283536351,0.0303091129239294,1.6896551724137931,-101.08395268191494,-1.0,0.0,-0.10219501883616713,0.02579271651800652,126.59625030401303,1014.640278937573,0.03634360570210024,1,2.4653085072333214,0.0,0.12227155387163466,0.05286349872772289,0.4323450308255754,0.0,0.0,0.2972368024393895,2024-02-03,luana carolina,julija stoliarenko,0.5357616077090731,0.4642383922909269,0.5357616077090731,0,1.0,0,-125.0,-105.0,0.0,1.6896551724137931,2.4,0.3243967909339526,0.0331297358984499,0.0346209416083251,0.0419727244288765,0.0352142395505403,0.0045892256315728,0.0039141757289713,120.0,-165.0,140.0,-145.0
260,19.795437701559194,0.04903189808089323,0.40816326530612246,0.01533365344701465,0.0303091129239294,1.4081632653061225,-101.08395268191494,-1.0,0.020013019624854377,-0.10219501883616713,0.02579271651800652,126.59625030401303,1014.640278937573,0.03634360570210024,1,2.4653085072333214,0.014574974188925702,0.12227155387163466,0.05286349872772289,0.4323450308255754,0.023917371955627664,0.03143673250454066,0.2972368024393895,2024-02-03,molly mccann,diana belbita,0.7210340437522278,0.7210340437522278,0.2789659562477722,1,1.0,1,-250.0,175.0,0.049034890933123035,3.35,1.4081632653061225,0.3243967909339526,0.0316294610237879,0.0462926168982899,0.0331191175513195,0.0533006355351002,0.0034952866482546,0.0051571035745445,-305.0,200.0,-245.0,235.0
261,27.56024290112535,0.052940026469069146,0.5263157894736841,0.10497040142382785,0.0303091129239294,1.526315789473684,-101.08395268191494,-1.0,0.02786317182582586,-0.10219501883616713,0.02579271651800652,126.59625030401303,1014.640278937573,0.03634360570210024,1,2.4653085072333214,0.05582808685752136,0.12227155387163466,0.05286349872772289,0.4323450308255754,0.145888203659695,0.13514402395729333,0.2972368024393895,2024-02-03,themba gorimbo,pete rodriguez,0.7239461250707838,0.7239461250707838,0.2760538749292162,1,1.0,1,-325.0,250.0,0.18782360192057793,3.0,1.526315789473684,0.3243967909339526,0.0189025255882738,0.031517642478953,0.0403527617777185,0.0585483371233802,-0.0049335981742362,-0.0065606546993268,-250.0,160.0,-190.0,200.0
262,-54.18194954383806,0.05477749145442195,-1.0,0.158080786386036,0.0303091129239294,1.5208333333333337,-101.08395268191494,-1.0,-0.05477749145442195,-0.10219501883616713,0.02579271651800652,126.59625030401303,1014.640278937573,0.03634360570210024,1,2.4653085072333214,0.09396351774172249,0.12227155387163466,0.05286349872772289,0.4323450308255754,0.22024579342001369,0.22689668554860074,0.2972368024393895,2024-02-03,gilbert urbina,charles radtke,0.7614777773497221,0.7614777773497221,0.2385222226502779,1,0.0,1,-225.0,163.0,0.316123430781701,2.8,1.5208333333333337,0.3243967909339526,0.0303091129239294,0.042226716265892,0.0335629363891705,0.0460939263559275,0.0063138851626378,0.0083632185555616,-220.0,155.0,-192.0,180.0
263,29.181963718551586,0.04889352349926762,0.5882352941176472,0.07713345209598571,0.0193403204872646,1.5882352941176472,-69.88313532611231,-1.0,0.028760896176039785,-0.06887478920045116,-0.17272209922193155,-105.36766360711147,839.3894800043493,0.03634360570210023,1,-2.3117647058823527,0.027558563307436054,0.1546077618918918,0.07907101128579837,0.5114297647041041,0.10113941773363978,0.08940919275984721,0.23506973555126684,2024-02-10,dan ige,andre fili,0.6781951365048798,0.6781951365048798,0.3218048634951201,1,1.0,1,-192.0,160.0,0.1172356928160399,2.8,1.5882352941176472,-0.08734652294407877,0.0182505690586025,0.0238990621321243,0.0442201923124329,0.0599464743542338,-0.0058281467255499,-0.0073993665019633,-220.0,140.0,-170.0,180.0
264,0.0,0.0,0.0,-0.10226749077773184,0.0193403204872646,1.4081632653061225,-69.88313532611231,-1.0,0.0,-0.06887478920045116,-0.17272209922193155,-105.36766360711147,839.3894800043493,0.03634360570210023,1,-2.3117647058823527,0.0,0.1546077618918918,0.07907101128579837,0.5114297647041041,0.0,0.0,0.23506973555126684,2024-02-10,jack hermansson,joe pyfer,0.6375201877085672,0.3624798122914328,0.6375201877085672,0,1.0,0,160.0,-192.0,0.0,1.4081632653061225,3.25,-0.08734652294407877,0.0238990621321243,0.0182505690586025,0.040400359353909,0.0262663073127574,0.0106261171426896,0.0072111180858498,200.0,-275.0,225.0,-245.0
265,-33.033021325293895,0.03255638674218875,-1.0,0.45468366628317647,0.0193403204872646,2.3,-69.88313532611231,-1.0,-0.03255638674218875,-0.06887478920045116,-0.17272209922193155,-105.36766360711147,839.3894800043493,0.03634360570210023,1,-2.3117647058823527,0.08353570932784932,0.1546077618918918,0.07907101128579837,0.5114297647041041,0.40926894431938776,0.3947989672200475,0.23506973555126684,2024-02-10,michael johnson,darrius flowers,0.632471159253555,0.3675288407464449,0.632471159253555,0,1.0,0,142.0,-170.0,0.3553656498227984,2.3,1.7407407407407407,-0.08734652294407877,0.0236909605473527,0.0191618095781445,0.0337961593137875,0.0391632570108818,0.0043327197703345,0.0049179740317005,-155.0,115.0,-135.0,130.0
266,0.0,0.0,0.0,-0.0330477183839033,0.0193403204872646,1.434782608695652,-69.88313532611231,-1.0,0.0,-0.06887478920045116,-0.17272209922193155,-105.36766360711147,839.3894800043493,0.03634360570210023,1,-2.3117647058823527,0.0,0.1546077618918918,0.07907101128579837,0.5114297647041041,0.0,0.0,0.23506973555126684,2024-02-10,brad tavares,gregory rodrigues,0.673936438702128,0.3260635612978719,0.673936438702128,0,0.0,0,170.0,-205.0,0.0,1.434782608695652,3.1,-0.08734652294407877,0.0244151214085358,0.018086396502818,0.0437934152848635,0.0293059999198147,0.0115139753511245,0.0080363667798626,185.0,-260.0,210.0,-230.0
267,-54.97534309380129,0.05418210200699485,-1.0,0.0704399234938266,0.0193403204872646,1.4651162790697674,-69.88313532611231,-1.0,-0.05418210200699485,-0.06887478920045116,-0.17272209922193155,-105.36766360711147,839.3894800043493,0.03634360570210023,1,-2.3117647058823527,0.042552202700703264,0.1546077618918918,0.07907101128579837,0.5114297647041041,0.10245445457404828,0.12445528890726985,0.23506973555126684,2024-02-10,devin clark,marcin prachnio,0.7306177255592785,0.7306177255592785,0.2693822744407215,1,0.0,1,-130.0,110.0,0.18101948598748036,2.9,1.4651162790697674,-0.08734652294407877,0.0198146558599141,0.0215932116349099,0.0251381832517589,0.0361466857254175,0.0114635944419424,0.0159036743046366,-238.0,180.0,-215.0,190.0
268,-46.01023410219068,0.04534635087655683,-1.0,0.12136562896446473,0.0193403204872646,1.6896551724137931,-69.88313532611231,-1.0,-0.04534635087655683,-0.06887478920045116,-0.17272209922193155,-105.36766360711147,839.3894800043493,0.03634360570210023,1,-2.3117647058823527,0.04028746121071311,0.1546077618918918,0.07907101128579837,0.5114297647041041,0.14689162252839608,0.1416028076840241,0.23506973555126684,2024-02-10,max griffin,jeremiah wells,0.663665372244275,0.336334627755725,0.663665372244275,0,1.0,0,105.0,-125.0,0.17138514711914812,1.6896551724137931,2.48,-0.08734652294407877,0.0223911054816955,0.0209693281226405,0.0581154526266569,0.046779652268448,-0.0026740233503604,-0.002263435504149,120.0,-186.0,148.0,-145.0
269,-41.066154205277435,0.04047360927586838,-1.0,0.05566190176114638,0.0193403204872646,1.8,-69.88313532611231,-1.0,-0.04047360927586838,-0.06887478920045116,-0.17272209922193155,-105.36766360711147,839.3894800043493,0.03634360570210023,1,-2.3117647058823527,0.018701781930435972,0.1546077618918918,0.07907101128579837,0.5114297647041041,0.06218499956039593,0.0712129004779559,0.23506973555126684,2024-02-10,zac pauga,bogdan guskov,0.586478834311748,0.586478834311748,0.413521165688252,1,0.0,1,-130.0,110.0,0.07955844203669196,2.2,1.8,-0.08734652294407877,0.0198146558599141,0.0215932116349099,0.0353880398274212,0.0391936977254916,0.0048194573325072,0.0052815527685029,-142.0,105.0,-125.0,120.0
270,40.53512540090026,0.036318402458262414,1.1,0.2721694463962653,0.0193403204872646,2.1,-69.88313532611231,-1.0,0.03995024270408866,-0.06887478920045116,-0.17272209922193155,-105.36766360711147,839.3894800043493,0.03634360570210023,1,-2.3117647058823527,0.054006201302143154,0.1546077618918918,0.07907101128579837,0.5114297647041041,0.26309475597409776,0.23766984900831553,0.23506973555126684,2024-02-10,rodolfo vieira,armen petrosyan,0.605794974474412,0.605794974474412,0.394205025525588,1,1.0,1,-142.0,120.0,0.22974544628423607,2.0,2.1,-0.08734652294407877,0.0193403204872646,0.0219819935623222,0.0559391115498085,0.0547328252090848,-0.012024135947921,-0.0117853878616028,-120.0,-130.0,110.0,100.0
271,23.197505153079398,0.049745094822163556,0.5555555555555556,0.07421088413141236,0.0176336326648498,1.5555555555555556,129.67110327510701,1.0813397129186604,0.027636163790090866,0.15448264049536947,0.2964627596479751,119.17661838646117,1088.2372016659174,0.03634360570210024,1,2.374994888152783,0.019490129775960333,0.26180700316349315,0.14287405262536237,0.545722806872895,0.09955873940180499,0.10465408740708658,0.13881830991130667,2024-02-17,andrea lee,miranda maverick,0.6905641397987651,0.3094358602012349,0.6905641397987651,0,0.0,0,110.0,-130.0,0.1404002814067748,1.5555555555555556,2.75,0.3056288840612047,0.0215932116349099,0.0198146558599141,0.0517471752989666,0.0376938184898532,0.0036596750589859,0.0028338314345205,150.0,-222.0,175.0,-180.0
272,0.0,0.0,0.0,-0.04063344513334399,0.0176336326648498,1.7692307692307692,129.67110327510701,1.0813397129186604,0.0,0.15448264049536947,0.2964627596479751,119.17661838646117,1088.2372016659174,0.03634360570210024,1,2.374994888152783,0.0,0.26180700316349315,0.14287405262536237,0.545722806872895,0.0,0.0,0.13881830991130667,2024-02-17,amanda lemos,mackenzie dern,0.5422506614463708,0.5422506614463708,0.4577493385536292,1,1.0,1,-215.0,164.0,0.0,2.3600000000000003,1.7692307692307692,0.3056288840612047,0.0258805609682243,0.035447000359337,0.0436438662746148,0.0508672206028841,-0.005187483104473,-0.005866312031857,-162.0,110.0,-130.0,136.0
273,24.71424255353808,0.08096857137389613,0.36363636363636376,0.20885414812917436,0.0176336326648498,1.3636363636363638,129.67110327510701,1.0813397129186604,0.02944311686323496,0.15448264049536947,0.2964627596479751,119.17661838646117,1088.2372016659174,0.03634360570210024,1,2.374994888152783,0.08134048282455576,0.26180700316349315,0.14287405262536237,0.545722806872895,0.35890277268920884,0.3409779420187686,0.13881830991130667,2024-02-17,merab dvalishvili,henry cejudo,0.8864930419613944,0.8864930419613944,0.1135069580386055,1,1.0,1,114.0,-135.0,0.5859492373630363,3.5,1.3636363636363638,0.3056288840612047,0.0219601987154369,0.0197976060171143,0.0342079206668142,0.0574258422773859,0.0074711161397558,0.0115765029078631,-333.0,210.0,-275.0,250.0
274,20.49483982708533,0.058599275731630464,0.41666666666666674,0.07231013932688696,0.0176336326648498,1.4166666666666667,129.67110327510701,1.0813397129186604,0.024416364888179366,0.15448264049536947,0.2964627596479751,119.17661838646117,1088.2372016659174,0.03634360570210024,1,2.374994888152783,0.024782102126142916,0.26180700316349315,0.14287405262536237,0.545722806872895,0.11212834246239362,0.11512646927136642,0.13881830991130667,2024-02-17,geoff neal,ian machado garry,0.7569248042307437,0.2430751957692563,0.7569248042307437,0,0.0,0,163.0,-225.0,0.1785218545159973,1.4166666666666667,3.35,0.3056288840612047,0.042226716265892,0.0303091129239294,0.0504628147635978,0.0321099796736034,0.0026076909086582,0.0017821247190853,195.0,-290.0,235.0,-240.0
275,27.34363958424184,0.061893693508989794,0.5263157894736841,0.25650464467457407,0.0176336326648498,1.526315789473684,129.67110327510701,1.0813397129186604,0.0325756281626262,0.15448264049536947,0.2964627596479751,119.17661838646117,1088.2372016659174,0.03634360570210024,1,2.374994888152783,0.06662137546492342,0.26180700316349315,0.14287405262536237,0.545722806872895,0.367126114397628,0.33531022569355573,0.13881830991130667,2024-02-17,anthony hernandez,roman kopylov,0.8232271809936865,0.8232271809936865,0.1767728190063134,1,1.0,1,-180.0,150.0,0.4799177825136246,3.0,1.526315789473684,0.3056288840612047,0.0188793207747618,0.023977822082381,0.0435202695993494,0.062922307431463,-0.0049335981742362,-0.0065606546993268,-250.0,155.0,-190.0,200.0
276,23.426391268516532,0.054422248624524744,0.5128205128205128,0.1294572745015375,0.0176336326648498,1.5128205128205128,129.67110327510701,1.0813397129186604,0.027908845448474228,0.15448264049536947,0.2964627596479751,119.17661838646117,1088.2372016659174,0.03634360570210024,1,2.374994888152783,0.0351941763341237,0.26180700316349315,0.14287405262536237,0.545722806872895,0.18198756978295808,0.18034694373542826,0.13881830991130667,2024-02-17,robert whittaker,paulo costa,0.7465904017891519,0.7465904017891519,0.2534095982108481,1,1.0,1,-245.0,200.0,0.25352690402735667,2.94,1.5128205128205128,0.3056288840612047,0.0176336326648498,0.0258446282047153,0.0342356681559874,0.0490051753512268,0.0004928118166336,0.0006601917576773,-240.0,165.0,-195.0,194.0
277,-31.02537711397923,0.028509756022385865,-1.0,0.3800626648587214,0.0182505690586025,2.55,-83.49735198477438,-1.0,-0.028509756022385865,-0.07672716192476536,-0.11906386169594804,-46.07237168676193,958.6674779943811,0.03634360570210024,1,-1.168038150932888,0.06293427769365957,0.14455814301033781,0.07159240138372773,0.49524986896523654,0.30995656150749096,0.30694189877161976,0.25141168076226045,2024-02-24,cristian quinonez,raoni barcelos,0.5412010450426359,0.5412010450426359,0.4587989549573641,1,0.0,1,100.0,-120.0,0.25032360271745446,1.625,2.55,0.1666454351315521,0.0232290461519004,0.0222254993026449,0.0486526414585807,0.0380661544729848,0.0041528607789635,0.0033886173507499,133.0,-192.0,155.0,-160.0
278,-67.75592996108338,0.062262096772063916,-1.0,0.05938959564507429,0.0182505690586025,1.3703703703703702,-83.49735198477438,-1.0,-0.062262096772063916,-0.07672716192476536,-0.11906386169594804,-46.07237168676193,958.6674779943811,0.03634360570210024,1,-1.168038150932888,0.03810215525486503,0.14455814301033781,0.07159240138372773,0.49524986896523654,0.09814183873067336,0.09171075501824998,0.25141168076226045,2024-02-24,brandon moreno,brandon royval,0.7730680833085678,0.7730680833085678,0.2269319166914322,1,0.0,1,-250.0,205.0,0.1515528440816365,3.8,1.3703703703703702,0.1666454351315521,0.0169990228350114,0.0251555439097192,0.0369237305897426,0.0634346923493256,-0.0028029152223297,-0.0043094603110983,-350.0,210.0,-270.0,280.0
279,-52.47197487079516,0.0482174059023795,-1.0,0.26503192352217764,0.0182505690586025,1.7142857142857144,-83.49735198477438,-1.0,-0.0482174059023795,-0.07672716192476536,-0.11906386169594804,-46.07237168676193,958.6674779943811,0.03634360570210024,1,-1.168038150932888,0.09148489814722277,0.14455814301033781,0.07159240138372773,0.49524986896523654,0.32089261519411594,0.30054009777622653,0.25141168076226045,2024-02-24,yair rodriguez,brian ortega,0.7379352887212702,0.7379352887212702,0.2620647112787297,1,0.0,1,-162.0,123.0,0.3638848356999474,2.46,1.7142857142857144,0.1666454351315521,0.0304822956516311,0.0362688083089343,0.0410247737237094,0.0498843171853813,-0.0046898329323351,-0.0054727686936811,-175.0,120.0,-140.0,146.0
280,24.431361998926562,0.06061608378772601,0.37037037037037024,0.035560515725925945,0.0182505690586025,1.3703703703703702,-83.49735198477438,-1.0,0.02245040140286148,-0.07672716192476536,-0.11906386169594804,-46.07237168676193,958.6674779943811,0.03634360570210024,1,-1.168038150932888,0.02293849032973723,0.14455814301033781,0.07159240138372773,0.49524986896523654,0.05857649122873929,0.05538907056489904,0.25141168076226045,2024-02-24,daniel zellhuber,francisco prado,0.7556792952594595,0.7556792952594595,0.2443207047405404,1,1.0,1,-198.0,164.0,0.09123876130253587,3.75,1.3703703703703702,0.1666454351315521,0.0185656693505812,0.0246517396386398,0.0331787845086485,0.0570989932691293,-0.0014199998838179,-0.0021836037197856,-350.0,220.0,-270.0,275.0
281,18.103352942171913,0.08317742177191965,0.19999999999999996,0.02443279675593729,0.0182505690586025,1.2,-83.49735198477438,-1.0,0.016635484354383924,-0.07672716192476536,-0.11906386169594804,-46.07237168676193,958.6674779943811,0.03634360570210024,1,-1.168038150932888,0.024787912625054954,0.14455814301033781,0.07159240138372773,0.49524986896523654,0.0552694570490096,0.04358554584938348,0.25141168076226045,2024-02-24,yazmin jauregui,sam hughes,0.8536939972966144,0.8536939972966144,0.1463060027033855,1,1.0,1,-345.0,275.0,0.09859491233621268,6.5,1.2,0.1666454351315521,0.0154613702995864,0.0264861952434845,0.0275976286659479,0.0718175760124145,-0.0043578393639791,-0.0084626734565336,-800.0,375.0,-500.0,550.0
282,0.0,0.0,0.0,-0.14663003715094808,0.0182505690586025,1.2,-83.49735198477438,-1.0,0.0,-0.07672716192476536,-0.11906386169594804,-46.07237168676193,958.6674779943811,0.03634360570210024,1,-1.168038150932888,0.0,0.14455814301033781,0.07159240138372773,0.49524986896523654,0.0,0.0,0.25141168076226045,2024-02-24,erik silva,muhammad naimov,0.7111416357075433,0.2888583642924567,0.7111416357075433,0,0.0,0,205.0,-250.0,0.0,1.2,5.25,0.1666454351315521,0.0251555439097192,0.0169990228350114,0.0466753717462063,0.0209938011861243,0.0158744185389279,0.0079351052705959,375.0,-600.0,425.0,-500.0
283,23.839840320525763,0.07667394663048437,0.2857142857142856,0.08792438701469288,0.0182505690586025,1.2857142857142856,-83.49735198477438,-1.0,0.021906841894424097,-0.07672716192476536,-0.11906386169594804,-46.07237168676193,958.6674779943811,0.03634360570210024,1,-1.168038150932888,0.07258788218645473,0.14455814301033781,0.07159240138372773,0.49524986896523654,0.16754323527757833,0.15151691737388093,0.25141168076226045,2024-02-24,edgar chairez,daniel lacerda,0.846163412122539,0.846163412122539,0.153836587877461,1,1.0,1,-395.0,310.0,0.28872120009052077,4.85,1.2857142857142856,0.1666454351315521,0.0148515401766855,0.0270306968275025,0.0380145631173419,0.0821118857762301,-0.0059405224203454,-0.0100961327915673,-550.0,265.0,-350.0,385.0
284,0.0,0.0,0.0,-0.03815439638116236,0.0182505690586025,1.4878048780487805,-83.49735198477438,-1.0,0.0,-0.07672716192476536,-0.11906386169594804,-46.07237168676193,958.6674779943811,0.03634360570210024,1,-1.168038150932888,0.0,0.14455814301033781,0.07159240138372773,0.49524986896523654,0.0,0.0,0.25141168076226045,2024-02-24,claudio puelles,fares ziam,0.6464863893175794,0.3535136106824206,0.6464863893175794,0,0.0,0,110.0,-130.0,0.0,1.4878048780487805,2.8,0.1666454351315521,0.0215932116349099,0.0198146558599141,0.0376383386030122,0.0272201519630255,0.0168532200964144,0.0124207845874261,165.0,-220.0,180.0,-205.0
285,24.47359417444887,0.06409424644774467,0.3508771929824559,0.06932875967018687,0.0182505690586025,1.350877192982456,-83.49735198477438,-1.0,0.022489209279910397,-0.07672716192476536,-0.11906386169594804,-46.07237168676193,958.6674779943811,0.03634360570210024,1,-1.168038150932888,0.05608932820074566,0.14455814301033781,0.07159240138372773,0.49524986896523654,0.11616438946444632,0.13314817042249752,0.25141168076226045,2024-02-24,victor altamirano,felipe dos santos,0.7915810298857229,0.2084189701142771,0.7915810298857229,0,0.0,0,124.0,-148.0,0.22309754276606092,1.350877192982456,3.55,0.1666454351315521,0.0231793921004005,0.0200233728765578,0.0459379088371792,0.0272073367218593,0.0134209801883696,0.0085289009164409,230.0,-335.0,255.0,-285.0
286,14.332760823022726,0.02107299519050671,0.625,0.013171425913944657,0.0182505690586025,1.625,-83.49735198477438,-1.0,0.013170621994066696,-0.07672716192476536,-0.11906386169594804,-46.07237168676193,958.6674779943811,0.03634360570210024,1,-1.168038150932888,0.0052983205233613296,0.14455814301033781,0.07159240138372773,0.49524986896523654,0.016661503144345266,0.016659861632475046,0.25141168076226045,2024-02-24,manuel torres,chris duncan,0.6234901082547352,0.6234901082547352,0.3765098917452648,1,1.0,1,-192.0,160.0,0.021074281462568636,2.6,1.625,0.1666454351315521,0.0182505690586025,0.0238990621321243,0.0442451393201778,0.057204136042141,1.0114131754335177e-13,-1.0119682869458304e-13,-200.0,130.0,-160.0,160.0
287,0.0,0.0,0.0,-0.07766078349805658,0.0168967792200803,1.2222222222222223,-116.56657059676367,-1.0,0.0,-0.12159228645226544,-0.11979103398239012,1.7268021625265249,843.827709560144,0.024412655797047187,1,-0.16984126984127013,0.0,0.024412655797047187,0.002868243816062563,0.11749003631180058,0.0,0.0,1.0,2024-03-02,eryk anders,jamie pickett,0.7546411771379536,0.7546411771379536,0.2453588228620463,1,1.0,1,-125.0,105.0,0.0,5.1,1.2222222222222223,0.1313952469974639,0.0209693281226405,0.0223911054816955,0.02241127508864,0.0482957956184307,0.0049094193249951,0.009350830229372,-560.0,350.0,-450.0,410.0
288,9.813693211984436,0.03685250243082831,0.2777777777777777,0.0009378785066446738,0.0168967792200803,1.2777777777777777,-116.56657059676367,-1.0,0.01023680623078564,-0.12159228645226544,-0.11979103398239012,1.7268021625265249,843.827709560144,0.024412655797047187,1,-0.16984126984127013,0.03685475186636703,0.024412655797047187,0.002868243816062563,0.11749003631180058,0.001757630319479644,0.019665841707499424,1.0,2024-03-02,christian leroy duncan,claudio ribeiro,0.7833426875269394,0.7833426875269394,0.2166573124730606,1,1.0,1,185.0,-225.0,0.03685475186636703,4.2,1.2777777777777777,0.1313952469974639,0.0252599077377893,0.017924977552359,0.0253343334093399,0.0492577411827345,0.0075563999500413,0.0131475337973707,-450.0,290.0,-360.0,320.0
289,18.6969997356231,0.06826089397711312,0.2857142857142856,0.027141003429285937,0.0168967792200803,1.2857142857142856,-116.56657059676367,-1.0,0.019503112564889454,-0.12159228645226544,-0.11979103398239012,1.7268021625265249,843.827709560144,0.024412655797047187,1,-0.16984126984127013,0.11817270571862018,0.024412655797047187,0.002868243816062563,0.11749003631180058,0.050335989902895714,0.06371834183343553,1.0,2024-03-02,alex perez,muhammad mokaev,0.7988874471116669,0.2011125528883331,0.7988874471116669,0,0.0,0,250.0,-310.0,0.11817270571862018,1.2857142857142856,4.2,0.1313952469974639,0.0259280913458452,0.01588375534405,0.0485511303510214,0.0258078440079528,0.0100318132131314,0.0058412026598846,275.0,-420.0,320.0,-350.0
290,18.901616802459504,0.07393706852089396,0.2666666666666666,0.05181249940675023,0.0168967792200803,1.2666666666666666,-116.56657059676367,-1.0,0.019716551605571717,-0.12159228645226544,-0.11979103398239012,1.7268021625265249,843.827709560144,0.024412655797047187,1,-0.16984126984127013,0.21016393661456048,0.024412655797047187,0.002868243816062563,0.11749003631180058,0.09989149451616527,0.10900946966410678,1.0,2024-03-02,vitor petrino,tyson pedro,0.8303782890053292,0.8303782890053292,0.1696217109946708,1,1.0,1,-250.0,205.0,0.21016393661456048,4.5,1.2666666666666666,0.1313952469974639,0.0169990228350114,0.0251555439097192,0.0273349729556402,0.055998360377693,0.0042292757286304,0.0074666307041181,-500.0,300.0,-375.0,350.0
291,-45.68550758754051,0.04765521793137149,-1.0,0.0410185023606337,0.0168967792200803,1.5882352941176472,-116.56657059676367,-1.0,-0.04765521793137149,-0.12159228645226544,-0.11979103398239012,1.7268021625265249,843.827709560144,0.024412655797047187,1,-0.16984126984127013,0.06973145401335987,0.024412655797047187,0.002868243816062563,0.11749003631180058,0.053509782232023996,0.053453400326971066,1.0,2024-03-02,jairzinho rozenstruik,shamil gaziev,0.6554560940789175,0.3445439059210825,0.6554560940789175,0,1.0,0,154.0,-185.0,0.06973145401335987,1.5882352941176472,2.7,0.1313952469974639,0.0240948213032229,0.0187287731158957,0.0537315304607222,0.040354491044654,-1.1257661469699089e-13,1.1246559239452837e-13,140.0,-210.0,170.0,-170.0
292,0.0,0.0,0.0,-0.06333499015273164,0.0168967792200803,1.2222222222222223,-116.56657059676367,-1.0,0.0,-0.12159228645226544,-0.11979103398239012,1.7268021625265249,843.827709560144,0.024412655797047187,1,-0.16984126984127013,0.0,0.024412655797047187,0.002868243816062563,0.11749003631180058,0.0,0.0,1.0,2024-03-02,matt schnell,steve erceg,0.7663622807841286,0.2336377192158714,0.7663622807841286,0,0.0,0,225.0,-278.0,0.0,1.2222222222222223,4.75,0.1313952469974639,0.0262452639219628,0.0168967792200803,0.0372347811432948,0.0183207744122606,0.0188716541308099,0.0098364798404817,350.0,-500.0,375.0,-450.0
293,0.0,0.0,0.0,-0.09496621316624998,0.0190342109773964,1.6451612903225803,-108.48386016408683,-1.0,0.0,-0.1285616233444567,-0.048463986075195545,67.58860579809986,802.932455194157,0.03634360570210024,1,1.5256199056199058,0.0,0.33953883059044315,0.236182792811143,0.6955987696618718,0.0,0.0,0.10703814240892655,2024-03-09,gilbert burns,jack della maddalena,0.5501185763107109,0.4498814236892891,0.5501185763107109,0,0.0,0,-138.0,105.0,0.0,1.6451612903225803,2.42,0.25601821260021185,0.0322362225882545,0.0354005882336351,0.0427251140553781,0.0353350088477939,0.0114882637946394,0.0095780139561303,123.0,-170.0,142.0,-155.0
294,33.824582565940794,0.032856313395364434,1.2200000000000002,0.2437801811360213,0.0190342109773964,2.22,-108.48386016408683,-1.0,0.04008470234234462,-0.1285616233444567,-0.048463986075195545,67.58860579809986,802.932455194157,0.03634360570210024,1,1.5256199056199058,0.021875680135454684,0.33953883059044315,0.236182792811143,0.6955987696618718,0.22244635029292023,0.22397322928711458,0.10703814240892655,2024-03-09,curtis blaydes,jailton almeida,0.5602613428540636,0.5602613428540636,0.4397386571459364,1,1.0,1,-110.0,-120.0,0.2043727557591689,1.8,2.22,0.25601821260021185,0.0350135352882691,0.0342505339758,0.0419785626092642,0.0376630501333938,0.0031447684605442,0.0028612375454619,105.0,-145.0,122.0,-125.0
295,27.73555424059119,0.08217185192652866,0.3999999999999999,0.25410359158901286,0.0190342109773964,1.4,-108.48386016408683,-1.0,0.03286874077061146,-0.1285616233444567,-0.048463986075195545,67.58860579809986,802.932455194157,0.03634360570210024,1,1.5256199056199058,0.0686872444296771,0.33953883059044315,0.236182792811143,0.6955987696618718,0.42528890866466734,0.3834107427934411,0.10703814240892655,2024-03-09,sean omalley,marlon vera,0.8957882797064378,0.8957882797064378,0.1042117202935621,1,1.0,1,-198.0,164.0,0.6417081134243307,3.35,1.4,0.25601821260021185,0.0185656693505812,0.0246517396386398,0.0277407664845437,0.0437178295642163,0.0051427618442088,0.0076504151280726,-290.0,205.0,-250.0,235.0
296,-44.038936578835575,0.052189488541199286,-1.0,0.08023154282820721,0.0190342109773964,1.5128205128205128,-108.48386016408683,-1.0,-0.05218948854119929,-0.1285616233444567,-0.048463986075195545,67.58860579809986,802.932455194157,0.03634360570210024,1,1.5256199056199058,0.017675817036641964,0.33953883059044315,0.236182792811143,0.6955987696618718,0.11200775068437782,0.11828726810574841,0.10703814240892655,2024-03-09,dustin poirier,benoit st denis,0.7140513588186455,0.2859486411813546,0.7140513588186455,0,1.0,0,-175.0,145.0,0.1651356856429141,1.5128205128205128,2.88,0.25601821260021185,0.0197703920738484,0.0247565095959103,0.040577421308325,0.0290887615654049,0.0047131027594283,0.0035260686153362,165.0,-225.0,188.0,-195.0
297,0.0,0.010231500023805403,0.0,-0.005230685800259982,0.0190342109773964,1.6451612903225803,-108.48386016408683,-1.0,0.0,-0.1285616233444567,-0.048463986075195545,67.58860579809986,802.932455194157,0.03634360570210024,1,1.5256199056199058,0.0010951607566050182,0.33953883059044315,0.236182792811143,0.6955987696618718,-0.006490983239430874,0.008244939158796996,0.10703814240892655,2024-03-09,petr yan,song yadong,0.6046637007880774,0.6046637007880774,0.3953362992119226,1,1.0,1,-163.0,120.0,0.010231500023805403,2.45,1.6451612903225803,0.25601821260021185,0.0339796305551364,0.0403376871081888,0.0410247737237094,0.0498843171853813,0.0072661328558238,0.0087402697052005,-175.0,120.0,-155.0,145.0
298,0.0,0.0,0.0,-0.07240196672175231,0.0190342109773964,1.4587155963302751,-108.48386016408683,-1.0,0.0,-0.1285616233444567,-0.048463986075195545,67.58860579809986,802.932455194157,0.03634360570210024,1,1.5256199056199058,0.0,0.33953883059044315,0.236182792811143,0.6955987696618718,0.0,0.0,0.10703814240892655,2024-03-09,joanne wood,maryna moroz,0.6359005385366604,0.3640994614633396,0.6359005385366604,0,1.0,0,136.0,-162.0,0.0,1.4587155963302751,2.95,0.25601821260021185,0.0230152132689483,0.0190342109773964,0.0424756094014026,0.0289529620271689,0.0142900036616875,0.0102276383807385,180.0,-250.0,195.0,-218.0
299,24.38319739221349,0.04334391449101065,0.6666666666666663,0.01021066538699722,0.0190342109773964,1.6666666666666663,-108.48386016408683,-1.0,0.02889594299400709,-0.1285616233444567,-0.048463986075195545,67.58860579809986,802.932455194157,0.03634360570210024,1,1.5256199056199058,0.004639735278816835,0.33953883059044315,0.236182792811143,0.6955987696618718,0.012442412106852882,0.035571657458373894,0.10703814240892655,2024-03-09,michel pereira,michal oleksiejczuk,0.6061263992321985,0.6061263992321985,0.3938736007678015,1,1.0,1,-162.0,136.0,0.04334656015508262,2.35,1.6666666666666663,0.25601821260021185,0.0190342109773964,0.0230152132689483,0.0320795539605048,0.037850515969565,0.0117202576845929,0.013811657209024,-160.0,120.0,-150.0,135.0
300,-39.144974562608844,0.046389771417928036,-1.0,0.2712482582020934,0.0190342109773964,1.7407407407407407,-108.48386016408683,-1.0,-0.046389771417928036,-0.1285616233444567,-0.048463986075195545,67.58860579809986,802.932455194157,0.03634360570210024,1,1.5256199056199058,0.03987957928136569,0.33953883059044315,0.236182792811143,0.6955987696618718,0.32079002969266696,0.31503448839931525,0.10703814240892655,2024-03-09,ion cutelaba,philipe lins,0.7302915525841813,0.7302915525841813,0.2697084474158187,1,0.0,1,-130.0,110.0,0.37257353672124166,2.3,1.7407407407407407,0.25601821260021185,0.0198146558599141,0.0215932116349099,0.0348337488150867,0.0402991080659835,0.0043327197703345,0.0049179740317005,-155.0,114.0,-135.0,130.0
301,14.735935194934727,0.07858441673096049,0.22222222222222232,0.03225189430852565,0.0190342109773964,1.2222222222222223,-108.48386016408683,-1.0,0.01746320371799123,-0.1285616233444567,-0.048463986075195545,67.58860579809986,802.932455194157,0.03634360570210024,1,1.5256199056199058,0.02023113730807066,0.33953883059044315,0.236182792811143,0.6955987696618718,0.06712712662081793,0.09081109332720048,0.10703814240892655,2024-03-09,mateusz gamrot,rafael dos anjos,0.8445697317069755,0.8445697317069755,0.1554302682930245,1,1.0,1,-192.0,160.0,0.18900867347622677,4.75,1.2222222222222223,0.25601821260021185,0.0182505690586025,0.0238990621321243,0.0183207744122606,0.0372347811432948,0.0098364798404817,0.0188716541308099,-500.0,350.0,-450.0,375.0
302,23.708418019026038,0.05197811453485103,0.5405405405405406,0.14824779433193586,0.0190342109773964,1.5405405405405406,-108.48386016408683,-1.0,0.0280962781269465,-0.1285616233444567,-0.048463986075195545,67.58860579809986,802.932455194157,0.03634360570210024,1,1.5256199056199058,0.03329243655542073,0.33953883059044315,0.236182792811143,0.6955987696618718,0.20046642823478894,0.2300136476760955,0.10703814240892655,2024-03-09,katlyn cerminara,maycee barber,0.7453538314084496,0.2546461685915503,0.7453538314084496,0,0.0,0,164.0,-198.0,0.31103339245398076,1.5405405405405406,2.54,0.25601821260021185,0.0246517396386398,0.0185656693505812,0.0297283559070404,0.0230494218707374,0.0240948213032229,0.0187287731158957,150.0,-188.0,154.0,-185.0
303,26.384829526838047,0.06566286148062389,0.4761904761904765,0.2432062650352102,0.0190342109773964,1.4761904761904765,-108.48386016408683,-1.0,0.031268029276487586,-0.1285616233444567,-0.048463986075195545,67.58860579809986,802.932455194157,0.03634360570210024,1,1.5256199056199058,0.055764556361266926,0.33953883059044315,0.236182792811143,0.6955987696618718,0.36291830179257334,0.3491287200053428,0.10703814240892655,2024-03-09,pedro munhoz,kyler phillips,0.8421719859915938,0.1578280140084062,0.8421719859915938,0,0.0,0,136.0,-162.0,0.5209783644060735,1.4761904761904765,2.95,0.25601821260021185,0.0230152132689483,0.0190342109773964,0.0438579498434967,0.0306544323611931,0.0095031228422864,0.0068992828438807,170.0,-238.0,195.0,-210.0
304,0.0,0.0,0.0,-0.19343392444799937,0.0198146558599141,1.2127659574468086,185.5285321783621,2.98125,0.0,0.2310636853426226,0.31994260328891655,71.36376780161784,1059.824755174137,0.03634360570210024,1,2.491666666666667,0.0,0.04966006519935433,0.013647592755595012,0.27482027461720804,0.0,0.0,0.731847724246902,2024-03-16,natan levy,mike davis,0.6650632552797198,0.3349367447202802,0.6650632552797198,0,0.0,0,205.0,-250.0,0.0,1.2127659574468086,4.8,0.12788514993072975,0.0251555439097192,0.0169990228350114,0.0339755937071284,0.0167490439740309,0.0217756895668307,0.0111190472752744,360.0,-500.0,380.0,-470.0
305,0.0,0.0,0.0,-0.011167959615619838,0.0198146558599141,1.16,185.5285321783621,2.98125,0.0,0.2310636853426226,0.31994260328891655,71.36376780161784,1059.824755174137,0.03634360570210024,1,2.491666666666667,0.0,0.04966006519935433,0.013647592755595012,0.27482027461720804,0.0,0.0,0.731847724246902,2024-03-16,ovince st preux,kennedy nzechukwu,0.8524414141244657,0.1475585858755342,0.8524414141244657,0,1.0,0,240.0,-350.0,0.0,1.16,6.2,0.12788514993072975,0.0455058686325771,0.0263895562040242,0.0411312783846528,0.0170976822833321,0.0160433703410334,0.0073159177568531,455.0,-720.0,520.0,-625.0
306,0.0,0.0,0.0,-0.19901371049995137,0.0198146558599141,1.5319148936170213,185.5285321783621,2.98125,0.0,0.2310636853426226,0.31994260328891655,71.36376780161784,1059.824755174137,0.03634360570210024,1,2.491666666666667,0.0,0.04966006519935433,0.013647592755595012,0.27482027461720804,0.0,0.0,0.731847724246902,2024-03-16,christian rodriguez,isaac dulgarian,0.5228660500903095,0.4771339499096905,0.5228660500903095,0,1.0,0,-142.0,120.0,0.0,1.5319148936170213,2.8,0.12788514993072975,0.0193403204872646,0.0219819935623222,0.0475033563155244,0.035036326224158,0.0056345391289803,0.0042860957916545,150.0,-215.0,180.0,-188.0
307,0.0,0.0,0.0,-0.03992168300365839,0.0198146558599141,1.434782608695652,185.5285321783621,2.98125,0.0,0.2310636853426226,0.31994260328891655,71.36376780161784,1059.824755174137,0.03634360570210024,1,2.491666666666667,0.0,0.04966006519935433,0.013647592755595012,0.27482027461720804,0.0,0.0,0.731847724246902,2024-03-16,pannie kianzad,macy chiasson,0.6691454936641169,0.3308545063358831,0.6691454936641169,0,0.0,0,105.0,-138.0,0.0,1.434782608695652,3.1,0.12788514993072975,0.0354005882336351,0.0322362225882545,0.0473066042538332,0.0308543152863964,0.0115139753511245,0.0080363667798626,190.0,-275.0,210.0,-230.0
308,28.25022891737191,0.03518381743647506,1.0,0.03429622002284827,0.0198146558599141,2.0,185.5285321783621,2.98125,0.03518381743647506,0.2310636853426226,0.31994260328891655,71.36376780161784,1059.824755174137,0.03634360570210024,1,2.491666666666667,0.04782077069600836,0.04966006519935433,0.013647592755595012,0.27482027461720804,0.034267512617550795,0.06539725502605753,0.731847724246902,2024-03-16,tai tuivasa,marcin tybura,0.5171481100114241,0.4828518899885759,0.5171481100114241,0,0.0,0,-130.0,102.0,0.06534251472219535,2.0,1.8771929824561404,0.12788514993072975,0.0290750434156238,0.0311918528392191,0.031914850088227,0.0327704645970875,0.0161018996630522,0.0166083807107795,-120.0,-108.0,-114.0,100.0
309,-34.8811280607396,0.04344216980531071,-1.0,0.025721890365922206,0.0198146558599141,1.6896551724137931,185.5285321783621,2.98125,-0.0434421698053107,0.2310636853426226,0.31994260328891655,71.36376780161784,1059.824755174137,0.03634360570210024,1,2.491666666666667,0.033987823445611236,0.04966006519935433,0.013647592755595012,0.27482027461720804,0.0309284804197436,0.03862308207221013,0.731847724246902,2024-03-16,josiane nunes,chelsea chandler,0.6070598942981988,0.6070598942981988,0.3929401057018011,1,0.0,1,120.0,-142.0,0.046441113799439555,2.4,1.6896551724137931,0.12788514993072975,0.0219819935623222,0.0193403204872646,0.0421183708324365,0.0514162533881081,0.0039141757289713,0.0045892256315728,-177.0,120.0,-145.0,140.0
310,24.135631927855986,0.04809496843072759,0.625,0.1214020917712123,0.0198146558599141,1.625,185.5285321783621,2.98125,0.030059355269204745,0.2310636853426226,0.31994260328891655,71.36376780161784,1059.824755174137,0.03634360570210024,1,2.491666666666667,0.13812867000873655,0.04966006519935433,0.013647592755595012,0.27482027461720804,0.1545099470412599,0.14829715846480224,0.731847724246902,2024-03-16,jafel filho,ode osbourne,0.6900935949361306,0.6900935949361306,0.3099064050638693,1,1.0,1,-120.0,100.0,0.18873963180096787,2.64,1.625,0.12788514993072975,0.0222254993026449,0.0232290461519004,0.0416666264013282,0.0537973865586347,-0.002609289886697,-0.0032182159408086,-198.0,132.0,-160.0,164.0
311,34.24143343550831,0.029410670258621707,1.4500000000000002,0.22907786342598402,0.0198146558599141,2.45,185.5285321783621,2.98125,0.042645471875001485,0.2310636853426226,0.31994260328891655,71.36376780161784,1059.824755174137,0.03634360570210024,1,2.491666666666667,0.12198249058559503,0.04966006519935433,0.013647592755595012,0.27482027461720804,0.19148529283090657,0.19939968607524744,0.731847724246902,2024-03-16,jaqueline amorim,cory mckenna,0.501664434051422,0.501664434051422,0.498335565948578,1,1.0,1,-115.0,-105.0,0.16667742010282188,1.6578947368421053,2.45,0.12788514993072975,0.0232792664320201,0.0237995764494319,0.0413357875817744,0.033624340009932,0.0061736612443514,0.005164207236374,128.0,-175.0,145.0,-152.0
312,19.61760158162123,0.058637863610216126,0.41666666666666674,0.075482537326022,0.0198146558599141,1.4166666666666667,185.5285321783621,2.98125,0.024432443170923388,0.2310636853426226,0.31994260328891655,71.36376780161784,1059.824755174137,0.03634360570210024,1,2.491666666666667,0.1398652802124368,0.04966006519935433,0.013647592755595012,0.27482027461720804,0.11685284584915949,0.12345150528108832,0.731847724246902,2024-03-16,gerald meerschaert,bryan barberena,0.759164143994839,0.759164143994839,0.240835856005161,1,1.0,1,-130.0,110.0,0.19111254374175074,3.3,1.4166666666666667,0.12788514993072975,0.0198146558599141,0.0215932116349099,0.0297615367408775,0.0460636193697379,0.0036195154374515,0.0052931405340279,-280.0,195.0,-240.0,230.0
313,34.51715697112858,0.04071092508763059,0.8,0.04243389561093569,0.0237995764494319,1.8,-97.89487770676412,-1.0,0.03256874007010448,-0.09236892913553361,0.0029011932778146565,100.96963416213688,1062.8995116295098,0.03634360570210025,1,2.266516112026948,0.02905988898821117,0.06633717575094089,0.016879015077015773,0.25444277489875455,0.04746078007872582,0.04742430206942982,0.547861817912632,2024-03-23,kurt holobaugh,trey ogden,0.5791299420060754,0.4208700579939246,0.5791299420060754,0,0.0,0,-115.0,-105.0,0.05304236951377651,1.8,2.25,0.1746439384276871,0.0232792664320201,0.0237995764494319,0.0477321304259877,0.0424639480053847,-5.0071058410594566e-14,5.018208071305708e-14,104.0,-150.0,125.0,-125.0
314,-52.32089992357836,0.04936750124786588,-1.0,0.14279658245472804,0.0237995764494319,1.5882352941176472,-97.89487770676412,-1.0,-0.04936750124786588,-0.09236892913553361,0.0029011932778146565,100.96963416213688,1062.8995116295098,0.03634360570210025,1,2.266516112026948,0.1472685231503727,0.06633717575094089,0.016879015077015773,0.25444277489875455,0.1858030848327572,0.2065873814148761,0.547861817912632,2024-03-23,ricardo ramos,julian erosa,0.7195385889529768,0.7195385889529768,0.2804614110470231,1,0.0,1,-175.0,145.0,0.26880596226156017,2.5,1.5882352941176472,0.1746439384276871,0.0197703920738484,0.0247565095959103,0.0289737196445595,0.036815754039651,0.013195956174744,0.0164336734548856,-185.0,140.0,-170.0,150.0
315,0.0,0.0,0.0,-0.033317402125009665,0.0237995764494319,1.7462686567164178,-97.89487770676412,-1.0,0.0,-0.09236892913553361,0.0029011932778146565,100.96963416213688,1062.8995116295098,0.03634360570210025,1,2.266516112026948,0.0,0.06633717575094089,0.016879015077015773,0.25444277489875455,0.0,0.0,0.547861817912632,2024-03-23,mohammed usman,mick parkin,0.5535703765608919,0.4464296234391081,0.5535703765608919,0,0.0,0,142.0,-170.0,0.0,1.7462686567164178,2.2,0.1746439384276871,0.0236909605473527,0.0191618095781445,0.0314071494114639,0.0277193049085817,0.0143513715720592,0.0128436556229679,114.0,-145.0,120.0,-134.0
316,28.861657504397805,0.041938020733880366,0.6493506493506491,0.016848228496339046,0.0237995764494319,1.6493506493506491,-97.89487770676412,-1.0,0.0272324809960262,-0.09236892913553361,0.0029011932778146565,100.96963416213688,1062.8995116295098,0.03634360570210025,1,2.266516112026948,0.0229776427229352,0.06633717575094089,0.016879015077015773,0.25444277489875455,0.020845579384081707,0.03389804964999287,0.547861817912632,2024-03-23,payton talbott,cameron saaiman,0.616514280269434,0.616514280269434,0.383485719730566,1,1.0,1,-125.0,105.0,0.04194058058376951,2.45,1.6493506493506491,0.1746439384276871,0.0209693281226405,0.0223911054816955,0.0318698323703832,0.0392764126889053,0.0065726319279209,0.0078898459766267,-175.0,130.0,-154.0,145.0
317,27.22897365297465,0.04881472119619569,0.5263157894736841,0.015297503967125481,0.0237995764494319,1.526315789473684,-97.89487770676412,-1.0,0.02569195852431351,-0.09236892913553361,0.0029011932778146565,100.96963416213688,1062.8995116295098,0.03634360570210025,1,2.266516112026948,0.03680547161150678,0.06633717575094089,0.016879015077015773,0.25444277489875455,0.020880776395927024,0.04921701661173139,0.547861817912632,2024-03-23,edmen shahbazyan,aj dobson,0.6651949163922547,0.6651949163922547,0.3348050836077453,1,1.0,1,-135.0,114.0,0.06718020933040489,2.65,1.526315789473684,0.1746439384276871,0.0197976060171143,0.0219601987154369,0.0253063910146558,0.0335171383971089,0.0140896311984247,0.0184412731607164,-200.0,155.0,-190.0,165.0
318,29.17246817545997,0.04954634477017863,0.5555555555555556,0.0672325204700217,0.0237995764494319,1.5555555555555556,-97.89487770676412,-1.0,0.02752574709454368,-0.09236892913553361,0.0029011932778146565,100.96963416213688,1062.8995116295098,0.03634360570210025,1,2.266516112026948,0.07009240593630835,0.06633717575094089,0.016879015077015773,0.25444277489875455,0.09016636490154825,0.09539701039682967,0.547861817912632,2024-03-23,karl williams,justin tafa,0.6860780488735854,0.6860780488735854,0.3139219511264146,1,1.0,1,-290.0,215.0,0.12793811075092304,2.75,1.5555555555555556,0.1746439384276871,0.0236688803786396,0.0373811806714214,0.0344432164628334,0.0462019448274892,0.0028338314345205,0.0036596750589859,-210.0,148.0,-180.0,175.0
319,0.0,0.0,0.0,-0.1991521868983916,0.0237995764494319,1.4761904761904765,-97.89487770676412,-1.0,0.0,-0.09236892913553361,0.0029011932778146565,100.96963416213688,1062.8995116295098,0.03634360570210025,1,2.266516112026948,0.0,0.06633717575094089,0.016879015077015773,0.25444277489875455,0.0,0.0,0.547861817912632,2024-03-23,amanda ribas,rose namajunas,0.542509808875283,0.457490191124717,0.542509808875283,0,0.0,0,148.0,-182.0,0.0,1.4761904761904765,2.85,0.1746439384276871,0.0272257571530432,0.0213901202205553,0.0365518362890227,0.0261262263890399,0.0163683147761138,0.0119282330450517,170.0,-225.0,185.0,-210.0
320,33.51027778175424,0.04300142788766773,0.7352941176470589,0.13265336445420006,0.0237995764494319,1.7352941176470589,-97.89487770676412,-1.0,0.03161869697622628,-0.09236892913553361,0.0029011932778146565,100.96963416213688,1062.8995116295098,0.03634360570210025,1,2.266516112026948,0.10891310440770037,0.06633717575094089,0.016879015077015773,0.25444277489875455,0.1546873509995282,0.17047965977083027,0.547861817912632,2024-03-23,miles johns,cody gibson,0.6527154981600475,0.6527154981600475,0.3472845018399525,1,1.0,1,-105.0,-115.0,0.19879666888023367,2.25,1.7352941176470589,0.1746439384276871,0.0237995764494319,0.0232792664320201,0.0356521067558167,0.0405383694346594,0.0097248284201562,0.0109908024649661,-150.0,110.0,-136.0,125.0
321,34.19894878628336,0.07078532495934448,0.4545454545454546,0.2225889256301508,0.0188793207747618,1.4545454545454546,609.2203192863733,4.04,0.03217514770879294,0.5731683123575717,0.7449392054470674,182.57519837698965,1854.6950292928727,0.03634360570210024,1,3.033107546048723,0.026223604757737853,0.5675518477698774,1.0571366000453477,1.8626255983470603,0.35694528673242276,0.2553711439816762,0.06403574553568595,2024-03-30,nursulton ruziboev,sedriques dumas,0.8405298863707287,0.8405298863707287,0.1594701136292713,1,1.0,1,-298.0,240.0,0.4095151003297669,4.75,1.4545454545454546,0.25507567737914216,0.0164642876034875,0.0263970780483009,0.0691640474971022,0.16409421965947,-0.042433629601146,-0.0595400546093802,-667.0,175.0,-220.0,375.0
322,124.83668246460154,0.06524954779027926,1.7999999999999998,1.4254357859796531,0.0188793207747618,2.8,609.2203192863733,4.04,0.11744918602250268,0.5731683123575717,0.7449392054470674,182.57519837698965,1854.6950292928727,0.03634360570210024,1,3.033107546048723,0.04151444726397775,0.5675518477698774,1.0571366000453477,1.8626255983470603,1.4929993824091512,0.6189631861618075,0.06403574553568595,2024-03-30,erin blanchfield,manon fiorot,0.8662270664213048,0.1337729335786952,0.8662270664213048,0,0.0,0,-142.0,120.0,0.6483011467531445,2.8,8.0,0.25507567737914216,0.0193403204872646,0.0219819935623222,0.493501315860143,0.1444142277157778,-0.2553621545640944,-0.2624949882930483,-218.0,-2000.0,700.0,180.0
323,43.54649526702947,0.03303994494318629,1.2400000000000002,0.27786885821634366,0.0188793207747618,2.24,609.2203192863733,4.04,0.040969531729551006,0.5731683123575717,0.7449392054470674,182.57519837698965,1854.6950292928727,0.03634360570210024,1,3.033107546048723,0.014160230111506076,0.5675518477698774,1.0571366000453477,1.8626255983470603,0.2521776948276668,0.24365820854400963,0.06403574553568595,2024-03-30,vicente luque,joaquin buckley,0.570477168846582,0.429522831153418,0.570477168846582,0,0.0,0,-162.0,136.0,0.22113008903152132,2.24,1.819672131147541,0.25507567737914216,0.0190342109773964,0.0230152132689483,0.0495402552875916,0.0546231008223718,-0.0019197331954108,-0.0021021458264682,-148.0,-103.0,-122.0,124.0
324,0.0,0.0,0.0,-0.10004676456620654,0.0188793207747618,1.5714285714285714,609.2203192863733,4.04,0.0,0.5731683123575717,0.7449392054470674,182.57519837698965,1854.6950292928727,0.03634360570210024,1,3.033107546048723,0.0,0.5675518477698774,1.0571366000453477,1.8626255983470603,0.0,0.0,0.06403574553568595,2024-03-30,chris weidman,bruno silva,0.5726975134578686,0.4273024865421314,0.5726975134578686,0,1.0,0,200.0,-245.0,0.0,1.5714285714285714,2.7,0.25507567737914216,0.0258446282047153,0.0176336326648498,0.0669456582371837,0.050376632998151,0.0037745585963693,0.0029594481376373,130.0,-215.0,170.0,-175.0
325,65.1547170031333,0.07662379685268403,0.8,0.5974380494311348,0.0188793207747618,1.8,609.2203192863733,4.04,0.061299037482147226,0.5731683123575717,0.7449392054470674,182.57519837698965,1854.6950292928727,0.03634360570210024,1,3.033107546048723,0.04143853067389893,0.5675518477698774,1.0571366000453477,1.8626255983470603,0.8386076328250149,0.46101594353067193,0.06403574553568595,2024-03-30,chidi njokuani,rhys mckee,0.887465583017297,0.887465583017297,0.1125344169827029,1,1.0,1,-205.0,170.0,0.6471156121826676,5.75,1.8,0.25507567737914216,0.018086396502818,0.0244151214085358,0.1041634055743911,0.2927323815652983,-0.1255456184613709,-0.1449857825048127,-1000.0,105.0,-125.0,475.0
326,-78.17196231447078,0.07354595750507677,-1.0,0.39700421801003016,0.0188793207747618,1.606060606060606,609.2203192863733,4.04,-0.07354595750507677,0.5731683123575717,0.7449392054470674,182.57519837698965,1854.6950292928727,0.03634360570210024,1,3.033107546048723,0.03660417385391143,0.5675518477698774,1.0571366000453477,1.8626255983470603,0.5889114389041817,0.38534814274887336,0.06403574553568595,2024-03-30,nate landwehr,jamall emmers,0.8698328149873773,0.1301671850126227,0.8698328149873773,0,1.0,0,154.0,-185.0,0.5716209524493253,1.606060606060606,4.75,0.25507567737914216,0.0240948213032229,0.0187287731158957,0.2000767443343574,0.0862118258525178,-0.0933335152570593,-0.0734986595195047,140.0,-667.0,375.0,-165.0
327,25.694516280886344,0.08219154717747645,0.2941176470588236,0.1286419798417182,0.0188793207747618,1.2941176470588236,609.2203192863733,4.04,0.024173984463963672,0.5731683123575717,0.7449392054470674,182.57519837698965,1854.6950292928727,0.03634360570210024,1,3.033107546048723,0.02698974011015711,0.5675518477698774,1.0571366000453477,1.8626255983470603,0.24447017441340999,0.22178545725774337,0.06403574553568595,2024-03-30,julio arce,herbert burns,0.8721324389686004,0.8721324389686004,0.1278675610313996,1,1.0,1,-560.0,410.0,0.4214792829282549,4.75,1.2941176470588236,0.25507567737914216,0.0142495272616202,0.0303137525957772,0.0411894626643953,0.0987027111260836,-0.0062476934958605,-0.010498717987393,-667.0,270.0,-340.0,375.0
328,26.769345261067766,0.0566667179525405,0.4444444444444444,0.08655944349517025,0.0188793207747618,1.4444444444444444,609.2203192863733,4.04,0.02518520797890689,0.5731683123575717,0.7449392054470674,182.57519837698965,1854.6950292928727,0.03634360570210024,1,3.033107546048723,0.013832607627357852,0.5675518477698774,1.0571366000453477,1.8626255983470603,0.12927245068570203,0.14464054896396675,0.06403574553568595,2024-03-30,andre petroski,jacob malkoun,0.7522334608812717,0.2477665391187282,0.7522334608812717,0,0.0,0,160.0,-192.0,0.21601384526161554,1.4444444444444444,3.05,0.25507567737914216,0.0238990621321243,0.0182505690586025,0.0352098778312131,0.0239034226613976,0.0118345224887278,0.0083420222779808,190.0,-250.0,205.0,-225.0
329,-59.45354437154144,0.05593524479129209,-1.0,0.049903690614461094,0.0188793207747618,1.4504504504504503,609.2203192863733,4.04,-0.05593524479129209,0.5731683123575717,0.7449392054470674,182.57519837698965,1854.6950292928727,0.03634360570210024,1,3.033107546048723,0.005148268619181105,0.5675518477698774,1.0571366000453477,1.8626255983470603,0.07516477171584607,0.053377355168315946,0.06403574553568595,2024-03-30,bill algeo,kyle nelson,0.7238466438397838,0.7238466438397838,0.2761533561602162,1,0.0,1,-180.0,150.0,0.08039679363633034,3.5,1.4504504504504503,0.25507567737914216,0.0188793207747618,0.023977822082381,0.0590187011026709,0.095042923547189,-0.0102627977494976,-0.0145819227473967,-320.0,155.0,-222.0,250.0
330,-128.38194281027768,0.06921997459562126,-1.0,0.03857235588620134,0.0182505690586025,1.2857142857142856,343.2759223006585,1.8820861678004541,-0.06921997459562126,0.1850848343684498,0.15392511054101274,-57.79178489688623,2140.179166696645,0.03634360570210024,1,-0.23809523809523792,0.04357201335634102,0.1375938606445109,0.05585196587874292,0.4059190258716754,0.07134529893619236,0.08918451922792714,0.2641368265405242,2024-04-06,melissa mullins,nora cornolle,0.8077784990226011,0.8077784990226011,0.1922215009773988,1,0.0,1,-250.0,205.0,0.164960009276314,4.1,1.2857142857142856,0.02894820819819577,0.0169990228350114,0.0251555439097192,0.0234985988994331,0.0431680677672335,0.0079721434521814,0.0137080733499867,-400.0,275.0,-350.0,310.0
331,69.67377554264814,0.03944447101239756,0.9523809523809523,0.30364282804383214,0.0182505690586025,1.9523809523809523,343.2759223006585,1.8820861678004541,0.03756616286895005,0.1850848343684498,0.15392511054101274,-57.79178489688623,2140.179166696645,0.03634360570210024,1,-0.23809523809523792,0.08421341565135641,0.1375938606445109,0.05585196587874292,0.4059190258716754,0.31663235120798333,0.30574549632799136,0.2641368265405242,2024-04-06,norma dumont,germaine de randamie,0.6677194972907433,0.6677194972907433,0.3322805027092567,1,1.0,1,-175.0,130.0,0.3188249694460393,2.05,1.9523809523809523,0.02894820819819577,0.0318698323703832,0.0392764126889053,0.0447238463906429,0.0457154300951451,1.1102230246251564e-14,-1.1046719095020308e-14,-125.0,-115.0,-105.0,105.0
332,25.390265952065924,0.04106917668574274,0.33333333333333326,0.007241005894727093,0.0182505690586025,1.3333333333333333,343.2759223006585,1.8820861678004541,0.013689725561914242,0.1850848343684498,0.15392511054101274,-57.79178489688623,2140.179166696645,0.03634360570210024,1,-0.23809523809523792,0.010848544140990901,0.1375938606445109,0.05585196587874292,0.4059190258716754,0.01245843514901454,0.02387140108607448,0.2641368265405242,2024-04-06,ignacio bahamondes,christos giagos,0.7554307544210453,0.7554307544210453,0.2445692455789546,1,1.0,1,-275.0,200.0,0.04107168350236275,3.8,1.3333333333333333,0.02894820819819577,0.0262663073127574,0.040400359353909,0.0279281031220234,0.0487982395889739,0.0050443462470817,0.0081135484897602,-360.0,240.0,-300.0,280.0
333,-76.4899400065507,0.04124124926118636,-1.0,0.05023967601087598,0.0182505690586025,1.7751937984496124,343.2759223006585,1.8820861678004541,-0.04124124926118636,0.1850848343684498,0.15392511054101274,-57.79178489688623,2140.179166696645,0.03634360570210024,1,-0.23809523809523792,0.018659316570453947,0.1375938606445109,0.05585196587874292,0.4059190258716754,0.0570434517645582,0.06221682000948522,0.2641368265405242,2024-04-06,morgan charriere,chepe mariscal,0.5916197301545982,0.5916197301545982,0.4083802698454017,1,0.0,1,-110.0,-120.0,0.07064261661215654,2.26,1.7751937984496124,0.02894820819819577,0.0350135352882691,0.0342505339758,0.0398651767730872,0.0447138948240805,0.0027409814361623,0.0030556719626088,-148.0,105.0,-129.0,126.0
334,0.0,0.0,0.0,-0.047766830330659094,0.0182505690586025,1.5555555555555556,343.2759223006585,1.8820861678004541,0.0,0.1850848343684498,0.15392511054101274,-57.79178489688623,2140.179166696645,0.03634360570210024,1,-0.23809523809523792,0.0,0.1375938606445109,0.05585196587874292,0.4059190258716754,0.0,0.0,0.2641368265405242,2024-04-06,alexander hernandez,damon jackson,0.6121498947874334,0.6121498947874334,0.3878501052125666,1,0.0,1,-188.0,140.0,0.0,2.65,1.5555555555555556,0.02894820819819577,0.0304849567433922,0.0389594877010522,0.0269168059929674,0.0352453561691946,0.0088508769065202,0.0113647565166603,-196.0,150.0,-180.0,165.0
335,52.016056425228086,0.058895784356863094,0.4761904761904765,0.169373358633359,0.0182505690586025,1.4761904761904765,343.2759223006585,1.8820861678004541,0.028045611598506253,0.1850848343684498,0.15392511054101274,-57.79178489688623,2140.179166696645,0.03634360570210024,1,-0.23809523809523792,0.09875181818195213,0.1375938606445109,0.05585196587874292,0.4059190258716754,0.24691386687478656,0.25645771199018863,0.2641368265405242,2024-04-06,brendan allen,chris curtis,0.792156146170985,0.792156146170985,0.207843853829015,1,1.0,1,-278.0,225.0,0.3738661491293471,2.9,1.4761904761904765,0.02894820819819577,0.0168967792200803,0.0262452639219628,0.0316294610237879,0.0462926168982899,0.0093673137934979,0.0128796272521081,-250.0,175.0,-210.0,190.0
336,0.0,0.0,0.0,-0.12332685459185055,0.0182505690586025,1.6666666666666663,343.2759223006585,1.8820861678004541,0.0,0.1850848343684498,0.15392511054101274,-57.79178489688623,2140.179166696645,0.03634360570210024,1,-0.23809523809523792,0.0,0.1375938606445109,0.05585196587874292,0.4059190258716754,0.0,0.0,0.2641368265405242,2024-04-06,trevor peek,charlie campbell,0.5260038872448898,0.4739961127551102,0.5260038872448898,0,0.0,0,160.0,-192.0,0.0,1.6666666666666663,2.45,0.02894820819819577,0.0238990621321243,0.0182505690586025,0.044482386329139,0.0363256944789416,0.0044366554026268,0.0037266099034956,125.0,-175.0,145.0,-150.0
337,0.0,0.0,0.0,-0.09074502277295426,0.0263563125916101,1.7692307692307692,348.5081952843824,1.4027149321266972,0.0,0.16284066339282374,0.22906813107305196,141.7386465922998,2630.426008573327,0.03634360570210024,1,0.3336292036906616,0.0,0.25305992541238276,0.12716147310845116,0.5024954974646052,0.0,0.0,0.14361659849095124,2024-04-13,alex pereira,jamahal hill,0.513926726258765,0.513926726258765,0.486073273741235,1,1.0,1,-163.0,130.0,0.0,2.25,1.7692307692307692,0.21692361448757694,0.0247612869285928,0.0297931848849301,0.0391052434963937,0.0449283699489844,0.0045666922716053,0.005095143477187,-155.0,110.0,-130.0,125.0
338,37.32358722472529,0.07934958180843318,0.2197802197802201,0.03021244944602794,0.0263563125916101,1.21978021978022,348.5081952843824,1.4027149321266972,0.017439468529326,0.16284066339282374,0.22906813107305196,141.7386465922998,2630.426008573327,0.03634360570210024,1,0.3336292036906616,0.021720649678456577,0.25305992541238276,0.12716147310845116,0.5024954974646052,0.06412581551173109,0.07125596241225449,0.14361659849095124,2024-04-13,zhang weili,yan xiaonan,0.8445885846809776,0.8445885846809776,0.1554114153190223,1,1.0,1,-325.0,260.0,0.15124052447061068,5.3,1.21978021978022,0.21692361448757694,0.0159258302766661,0.0265578298540526,0.0240411371388507,0.0532535488514874,0.0029240086974625,0.0055750564053761,-590.0,350.0,-455.0,430.0
339,0.0,0.0,0.0,-0.12611437965339223,0.0263563125916101,1.6666666666666663,348.5081952843824,1.4027149321266972,0.0,0.16284066339282374,0.22906813107305196,141.7386465922998,2630.426008573327,0.03634360570210024,1,0.3336292036906616,0.0,0.25305992541238276,0.12716147310845116,0.5024954974646052,0.0,0.0,0.14361659849095124,2024-04-13,justin gaethje,max holloway,0.5243313722079648,0.5243313722079648,0.4756686277920352,1,0.0,1,-278.0,225.0,0.0,2.6,1.6666666666666663,0.21692361448757694,0.0168967792200803,0.0262452639219628,0.0464033330574505,0.0590580605395361,-0.0069767724048511,-0.0084078429797641,-195.0,125.0,-150.0,160.0
340,59.34196418555836,0.05406875833692331,0.5128205128205128,0.12523917925657074,0.0263563125916101,1.5128205128205128,348.5081952843824,1.4027149321266972,0.02772756837790939,0.16284066339282374,0.22906813107305196,141.7386465922998,2630.426008573327,0.03634360570210024,1,0.3336292036906616,0.03586821658751921,0.25305992541238276,0.12716147310845116,0.5024954974646052,0.1756769732879757,0.17804530237841093,0.14361659849095124,2024-04-13,charles oliveira,arman tsarukyan,0.7438021693390892,0.2561978306609108,0.7438021693390892,0,0.0,0,-120.0,100.0,0.24974979887007373,1.5128205128205128,2.9,0.21692361448757694,0.0222254993026449,0.0232290461519004,0.0460939263559275,0.0335629363891705,0.0033443979650807,0.0025001373943581,155.0,-220.0,190.0,-195.0
341,-0.0,0.0,-1.0,0.0007077134312324929,0.0263563125916101,1.9615384615384617,348.5081952843824,1.4027149321266972,-0.0,0.16284066339282374,0.22906813107305196,141.7386465922998,2630.426008573327,0.03634360570210024,1,0.3336292036906616,0.0,0.25305992541238276,0.12716147310845116,0.5024954974646052,0.0,0.0,0.14361659849095124,2024-04-13,jiri prochazka,aleksandar rakic,0.5101647166512165,0.4898352833487834,0.5101647166512165,0,1.0,0,142.0,-170.0,0.0,1.9615384615384617,2.1,0.21692361448757694,0.0236909605473527,0.0191618095781445,0.0559391115498085,0.0547328252090848,-0.0071040221477605,-0.0069015800931359,-120.0,-130.0,110.0,-104.0
342,22.454663987614925,0.035148049999298187,0.29850746268656714,0.0011141287977095016,0.0263563125916101,1.2985074626865671,348.5081952843824,1.4027149321266972,0.0104919552236711,0.16284066339282374,0.22906813107305196,141.7386465922998,2630.426008573327,0.03634360570210024,1,0.3336292036906616,0.005048151499204615,0.25305992541238276,0.12716147310845116,0.5024954974646052,0.002016336780378171,0.019422273758023377,0.14361659849095124,2024-04-13,deiveson figueiredo,cody garbrandt,0.7709729497637533,0.7709729497637533,0.2290270502362467,1,1.0,1,-148.0,124.0,0.03515019539696646,4.0,1.2985074626865671,0.21692361448757694,0.0200233728765578,0.0231793921004005,0.0277023560103685,0.0496785963705838,0.0074856184034898,0.0126293241252458,-380.0,250.0,-335.0,300.0
343,-121.00839526618716,0.0565412453074959,-1.0,0.07128129910091868,0.0263563125916101,1.4444444444444444,348.5081952843824,1.4027149321266972,-0.0565412453074959,0.16284066339282374,0.22906813107305196,141.7386465922998,2630.426008573327,0.03634360570210024,1,0.3336292036906616,0.023033649854064097,0.25305992541238276,0.12716147310845116,0.5024954974646052,0.10718665440348527,0.10665789661093027,0.14361659849095124,2024-04-13,jalin turner,renato moicano,0.7416562839929437,0.7416562839929437,0.2583437160070563,1,0.0,1,-130.0,110.0,0.1603829229774953,3.25,1.4444444444444444,0.21692361448757694,0.0198146558599141,0.0215932116349099,0.0359115607413974,0.0558982747281054,1.5698553568199713e-13,-1.571520691356909e-13,-286.0,185.0,-225.0,225.0
344,65.54695206271654,0.0428775937621349,0.7142857142857144,0.039891360937134746,0.0263563125916101,1.7142857142857144,348.5081952843824,1.4027149321266972,0.03062685268723922,0.16284066339282374,0.22906813107305196,141.7386465922998,2630.426008573327,0.03634360570210024,1,0.3336292036906616,0.00907870002716374,0.25305992541238276,0.12716147310845116,0.5024954974646052,0.04715793155918488,0.05347405709424213,0.14361659849095124,2024-04-13,jessica andrade,marina rodriguez,0.6066032938799952,0.6066032938799952,0.3933967061200047,1,1.0,1,-175.0,145.0,0.06321483813541062,2.3600000000000003,1.7142857142857144,0.21692361448757694,0.0197703920738484,0.0247565095959103,0.0352142395505403,0.0419727244288765,0.0032766908230941,0.003785456069561,-165.0,120.0,-140.0,136.0
345,78.07987439787185,0.06202087588828326,0.5882352941176472,0.3416814501467123,0.0263563125916101,1.5882352941176472,348.5081952843824,1.4027149321266972,0.036482868169578395,0.16284066339282374,0.22906813107305196,141.7386465922998,2630.426008573327,0.03634360570210024,1,0.3336292036906616,0.08391950025565781,0.25305992541238276,0.12716147310845116,0.5024954974646052,0.4698959785027817,0.42489138542154253,0.14361659849095124,2024-04-13,calvin kattar,aljamain sterling,0.8447623945368188,0.1552376054631812,0.8447623945368188,0,0.0,0,120.0,-142.0,0.5843300923252633,1.5882352941176472,2.65,0.21692361448757694,0.0219819935623222,0.0193403204872646,0.0472150026586399,0.0361183306746932,0.003894829625118,0.0030932905705493,140.0,-200.0,165.0,-170.0
346,0.0,0.0,0.0,-0.0753789691607466,0.0263563125916101,1.7407407407407407,348.5081952843824,1.4027149321266972,0.0,0.16284066339282374,0.22906813107305196,141.7386465922998,2630.426008573327,0.03634360570210024,1,0.3336292036906616,0.0,0.25305992541238276,0.12716147310845116,0.5024954974646052,0.0,0.0,0.14361659849095124,2024-04-13,sodiq yusuff,diego lopes,0.5311652730353158,0.4688347269646841,0.5311652730353158,0,0.0,0,140.0,-180.0,0.0,1.7407407407407407,2.4,0.21692361448757694,0.0331674969321992,0.0263563125916101,0.047551772529451,0.0402060159742787,-0.0047378872667526,-0.0041273609601977,115.0,-165.0,140.0,-135.0
347,0.0,0.013717656637712388,0.0,-0.00314538591388025,0.0241053304482471,1.3703703703703702,-266.3666985912645,-1.0,0.0,-0.10126371079174916,-0.20838591522576388,-281.77703263894136,2082.282277343121,0.027394771215291467,1,-2.5555555555555554,0.013717656637712388,0.027394771215291467,0.004363453114539192,0.1592805094171971,-0.005132288842544251,0.008407033447150424,1.0,2024-04-27,tim means,uros medic,0.7274344481168983,0.2725655518831017,0.7274344481168983,0,0.0,0,190.0,-230.0,0.013717656637712388,1.3703703703703702,3.5,-0.07603350304348358,0.0245558468550464,0.017241436321547,0.0563284552995652,0.0336940503268413,0.0093577700395637,0.0060862454044519,210.0,-330.0,250.0,-270.0
348,-125.49810698913599,0.04771018328593961,-1.0,0.016165611138888425,0.0241053304482471,1.5617977528089888,-266.3666985912645,-1.0,-0.04771018328593961,-0.10126371079174916,-0.20838591522576388,-281.77703263894136,2082.282277343121,0.027394771215291467,1,-2.5555555555555554,0.04923991451696596,0.027394771215291467,0.004363453114539192,0.1592805094171971,0.021464964872864332,0.037083373548850336,1.0,2024-04-27,ryan spann,bogdan guskov,0.6506384128874897,0.6506384128874897,0.3493615871125103,1,0.0,1,-162.0,136.0,0.04923991451696596,2.65,1.5617977528089888,-0.07603350304348358,0.0190342109773964,0.0230152132689483,0.0278740388872247,0.0363687167169306,0.0077428117520073,0.0099034485982031,-195.0,148.0,-178.0,165.0
349,-119.16894691250322,0.045304048288793065,-1.0,0.09598894598770974,0.0241053304482471,1.6666666666666663,-266.3666985912645,-1.0,-0.045304048288793065,-0.10126371079174916,-0.20838591522576388,-281.77703263894136,2082.282277343121,0.027394771215291467,1,-2.5555555555555554,0.15188490426920107,0.027394771215291467,0.004363453114539192,0.1592805094171971,0.11763271721680084,0.12393891952163907,1.0,2024-04-27,jonathan pearce,david onama,0.657593367592626,0.657593367592626,0.342406632407374,1,0.0,1,-170.0,140.0,0.15188490426920107,2.45,1.6666666666666663,-0.07603350304348358,0.0207243424765777,0.0255719538197184,0.0410247737237094,0.0498843171853813,0.0037266099034956,0.0044366554026268,-175.0,120.0,-150.0,145.0
350,0.0,0.0,0.0,-0.09104536152750758,0.0241053304482471,1.2666666666666666,-266.3666985912645,-1.0,0.0,-0.10126371079174916,-0.20838591522576388,-281.77703263894136,2082.282277343121,0.027394771215291467,1,-2.5555555555555554,0.0,0.027394771215291467,0.004363453114539192,0.1592805094171971,0.0,0.0,1.0,2024-04-27,rani yahya,victor henry,0.7175957672151256,0.2824042327848743,0.7175957672151256,0,0.0,0,440.0,-600.0,0.0,1.2666666666666666,4.5,-0.07603350304348358,0.0290584343395886,0.0132696079884536,0.0581363757924156,0.0283615145029429,0.0074666307041181,0.0042292757286304,295.0,-500.0,350.0,-375.0
351,0.0,0.0,0.0,-0.07458576718046273,0.0241053304482471,1.5714285714285714,-266.3666985912645,-1.0,0.0,-0.10126371079174916,-0.20838591522576388,-281.77703263894136,2082.282277343121,0.027394771215291467,1,-2.5555555555555554,0.0,0.027394771215291467,0.004363453114539192,0.1592805094171971,0.0,0.0,1.0,2024-04-27,matheus nicolau,alex perez,0.5888999663397055,0.5888999663397055,0.4111000336602944,1,0.0,1,-175.0,145.0,0.0,2.6,1.5714285714285714,-0.07603350304348358,0.0197703920738484,0.0247565095959103,0.0314687124102657,0.0403703680495044,0.0092525797802403,0.0117264411987806,-190.0,140.0,-175.0,160.0
352,-102.5312017056405,0.03897893397170699,-1.0,0.04659360382053068,0.0241053304482471,1.869565217391304,-266.3666985912645,-1.0,-0.03897893397170699,-0.10126371079174916,-0.20838591522576388,-281.77703263894136,2082.282277343121,0.027394771215291467,1,-2.5555555555555554,0.038981313202249124,0.027394771215291467,0.004363453114539192,0.1592805094171971,0.05005483444391892,0.03628580303835716,1.0,2024-04-27,dontale mayes,caio machado,0.5598058811133072,0.4401941188866928,0.5598058811133072,0,1.0,0,-185.0,154.0,0.038981313202249124,1.869565217391304,2.22,-0.07603350304348358,0.0187287731158957,0.0240948213032229,0.0542757467822744,0.0497561098628226,-0.0075990390485324,-0.0070667895707844,-105.0,-145.0,122.0,-115.0
353,0.0,0.0,0.0,-0.09329768672809077,0.0241053304482471,1.303030303030303,-266.3666985912645,-1.0,0.0,-0.10126371079174916,-0.20838591522576388,-281.77703263894136,2082.282277343121,0.027394771215291467,1,-2.5555555555555554,0.0,0.027394771215291467,0.004363453114539192,0.1592805094171971,0.0,0.0,1.0,2024-04-27,marnic mann,ketlen souza,0.6958413101854187,0.3041586898145813,0.6958413101854187,0,0.0,0,260.0,-325.0,0.0,1.303030303030303,4.1,-0.07603350304348358,0.0265578298540526,0.0159258302766661,0.0555138125575491,0.0302004731567365,0.0071018464476548,0.0042424530418517,250.0,-400.0,310.0,-330.0
354,65.42122296833834,0.055959662502956094,0.4444444444444444,0.0690363141759856,0.0241053304482471,1.4444444444444444,-266.3666985912645,-1.0,0.024870961112424927,-0.10126371079174916,-0.20838591522576388,-281.77703263894136,2082.282277343121,0.027394771215291467,1,-2.5555555555555554,0.17188659738440806,0.027394771215291467,0.004363453114539192,0.1592805094171971,0.10318192509746606,0.11500480465412984,1.0,2024-04-27,gabriel benitez,maheshate,0.7401020636602977,0.2598979363397022,0.7401020636602977,0,0.0,0,200.0,-245.0,0.17188659738440806,1.4444444444444444,3.1,-0.07603350304348358,0.0258446282047153,0.0176336326648498,0.0537938673115818,0.0358698935850557,0.0087372325093323,0.0061511049596503,175.0,-265.0,210.0,-225.0
355,0.0,0.0,0.0,-0.0331754086598271,0.0241053304482471,1.606060606060606,-266.3666985912645,-1.0,0.0,-0.10126371079174916,-0.20838591522576388,-281.77703263894136,2082.282277343121,0.027394771215291467,1,-2.5555555555555554,0.0,0.027394771215291467,0.004363453114539192,0.1592805094171971,0.0,0.0,1.0,2024-04-27,austin hubbard,michal figlak,0.601985122909919,0.398014877090081,0.601985122909919,0,1.0,0,110.0,-135.0,0.0,1.606060606060606,2.6,-0.07603350304348358,0.0265532308486119,0.0241053304482471,0.0503055588786056,0.0396494636101499,0.004020814170152,0.0032360798791947,130.0,-190.0,160.0,-165.0
356,-96.15633565370024,0.04617833840299044,-1.0,0.1255640023888263,0.0187287731158957,1.6666666666666663,-289.0091851824691,-1.0,-0.04617833840299044,-0.13879443163259741,-0.16736701789324968,-59.49618998841379,1733.7769021722384,0.03634360570210024,1,0.2275583241839798,0.04336714742369927,0.15784235986112843,0.059304665510757096,0.3757208493520626,0.15446980371457875,0.15310097815345597,0.230252549024709,2024-05-04,jose aldo,jonathan martinez,0.6753384014332959,0.324661598566704,0.6753384014332959,0,1.0,0,-107.0,-117.0,0.1883460035834193,1.6666666666666663,2.5,0.1564384372185949,0.0283489021487466,0.0277298173240821,0.0536841397518541,0.0437184576507431,-8.8484775062625e-14,8.8484775062625e-14,120.0,-180.0,150.0,-150.0
357,32.22681227600395,0.02785802036927601,0.5555555555555556,0.002093165410937403,0.0187287731158957,1.5555555555555556,-289.0091851824691,-1.0,0.015476677982931116,-0.13879443163259741,-0.16736701789324968,-59.49618998841379,1733.7769021722384,0.03634360570210024,1,0.2275583241839798,0.006414771727402757,0.15784235986112843,0.059304665510757096,0.3757208493520626,0.0027927979112109895,0.020880495393326922,0.230252549024709,2024-05-04,alexandre pantoja,steve erceg,0.6442027491927454,0.6442027491927454,0.3557972508072545,1,1.0,1,-250.0,205.0,0.027859720791687612,2.65,1.5555555555555556,0.1564384372185949,0.0169990228350114,0.0251555439097192,0.0287452808578468,0.0379213858088197,0.0088508769065202,0.0113647565166603,-200.0,150.0,-180.0,165.0
358,-192.85284952876884,0.09261609322960697,-1.0,0.1292042992988598,0.0187287731158957,1.2564102564102564,-289.0091851824691,-1.0,-0.09261609322960697,-0.13879443163259741,-0.16736701789324968,-59.49618998841379,1733.7769021722384,0.03634360570210024,1,0.2275583241839798,0.1151962742839483,0.15784235986112843,0.059304665510757096,0.3757208493520626,0.2631095991461696,0.2456825203176005,0.230252549024709,2024-05-04,anthony smith,vitor petrino,0.8987544422990925,0.1012455577009075,0.8987544422990925,0,1.0,0,260.0,-325.0,0.5003040130147974,1.2564102564102564,5.0,0.1564384372185949,0.0265578298540526,0.0159258302766661,0.0614630875901021,0.0285931975881342,-0.0026143101763705,-0.0014673224766905,310.0,-550.0,400.0,-390.0
359,0.0,0.0,0.0,-0.04147257666526752,0.0187287731158957,1.2061855670103092,-289.0091851824691,-1.0,0.0,-0.13879443163259741,-0.16736701789324968,-59.49618998841379,1733.7769021722384,0.03634360570210024,1,0.2275583241839798,0.0,0.15784235986112843,0.059304665510757096,0.3757208493520626,0.0,0.0,0.230252549024709,2024-05-04,michel pereira,ihor potieria,0.7946765817390518,0.7946765817390518,0.2053234182609482,1,1.0,1,-420.0,310.0,0.0,5.75,1.2061855670103092,0.1564384372185949,0.0179466280570474,0.0336481186596504,0.0266677709145538,0.062221117974335,0.0010086190232103,0.0019642535148795,-650.0,350.0,-485.0,475.0
360,0.0,0.0,0.0,-0.07041527622361035,0.0187287731158957,1.196078431372549,-289.0091851824691,-1.0,0.0,-0.13879443163259741,-0.16736701789324968,-59.49618998841379,1733.7769021722384,0.03634360570210024,1,0.2275583241839798,0.0,0.15784235986112843,0.059304665510757096,0.3757208493520626,0.0,0.0,0.230252549024709,2024-05-04,paul craig,caio borralho,0.7771937854523914,0.2228062145476085,0.7771937854523914,0,0.0,0,154.0,-185.0,0.0,1.196078431372549,5.75,0.1564384372185949,0.0240948213032229,0.0187287731158957,0.0493917099965039,0.021356589323224,0.0066491425724469,0.0033294746763058,390.0,-650.0,475.0,-510.0
361,0.0,0.0,0.0,-0.17448732787233412,0.0187287731158957,1.5,-289.0091851824691,-1.0,0.0,-0.13879443163259741,-0.16736701789324968,-59.49618998841379,1733.7769021722384,0.03634360570210024,1,0.2275583241839798,0.0,0.15784235986112843,0.059304665510757096,0.3757208493520626,0.0,0.0,0.230252549024709,2024-05-04,jack shore,joanderson brito,0.5503417814184439,0.4496582185815561,0.5503417814184439,0,0.0,0,-120.0,100.0,0.0,1.5,2.85,0.1564384372185949,0.0222254993026449,0.0232290461519004,0.042226716265892,0.0303091129239294,0.0100702480417933,0.0074736116073294,163.0,-225.0,185.0,-200.0
362,67.32294230274844,0.04041415460050453,0.8,0.048222281533277345,0.0187287731158957,1.8,-289.0091851824691,-1.0,0.032331323680403624,-0.13879443163259741,-0.16736701789324968,-59.49618998841379,1733.7769021722384,0.03634360570210024,1,0.2275583241839798,0.01620026471859316,0.15784235986112843,0.059304665510757096,0.3757208493520626,0.05386666978259064,0.06298618316115075,0.230252549024709,2024-05-04,alessandro costa,kevin borjas,0.5823457119629318,0.5823457119629318,0.4176542880370681,1,1.0,1,-130.0,110.0,0.07035867697106218,2.2,1.8,0.1564384372185949,0.0198146558599141,0.0215932116349099,0.0346130033343434,0.0382541153783375,0.0048194573325072,0.0052815527685029,-141.0,105.0,-125.0,120.0
363,49.221719949392465,0.057913960651810335,0.40816326530612246,0.054968768591710626,0.0187287731158957,1.4081632653061225,-289.0091851824691,-1.0,0.0236383512864532,-0.13879443163259741,-0.16736701789324968,-59.49618998841379,1733.7769021722384,0.03634360570210024,1,0.2275583241839798,0.03584544224114647,0.15784235986112843,0.059304665510757096,0.3757208493520626,0.08552325387818237,0.10006018190963084,0.230252549024709,2024-05-04,elves brener,myktybek orolbai,0.7491807197245481,0.2508192802754519,0.7491807197245481,0,0.0,0,142.0,-170.0,0.15567880743548163,1.4081632653061225,3.25,0.1564384372185949,0.0236909605473527,0.0191618095781445,0.0384617633833727,0.0248568245253791,0.0106261171426896,0.0072111180858498,205.0,-278.0,225.0,-245.0
364,0.0,0.004662270132774213,0.0,-0.008827016350335781,0.0187287731158957,1.5,-289.0091851824691,-1.0,0.0,-0.13879443163259741,-0.16736701789324968,-59.49618998841379,1733.7769021722384,0.03634360570210024,1,0.2275583241839798,0.001073499582313031,0.15784235986112843,0.059304665510757096,0.3757208493520626,-0.012414975102816592,0.0033148624424018005,0.230252549024709,2024-05-04,joaquim silva,drakkar klose,0.6607819890997761,0.3392180109002238,0.6607819890997761,0,0.0,0,120.0,-142.0,0.004662270132774213,1.5,2.85,0.1564384372185949,0.0219819935623222,0.0193403204872646,0.0528372761484838,0.037833208222788,0.0100702480417933,0.0074736116073294,154.0,-230.0,185.0,-200.0
365,33.69619499111735,0.08884103395303071,0.18214936247723124,0.036234759705981556,0.0187287731158957,1.1821493624772312,-289.0091851824691,-1.0,0.0161823376963626,-0.13879443163259741,-0.16736701789324968,-59.49618998841379,1733.7769021722384,0.03634360570210024,1,0.2275583241839798,0.058276655925695746,0.15784235986112843,0.059304665510757096,0.3757208493520626,0.08275939801003039,0.11081492035873443,0.230252549024709,2024-05-04,ismael bonfim,vinc pichel,0.876568386869929,0.876568386869929,0.123431613130071,1,1.0,1,-500.0,380.0,0.2530988524233099,5.3,1.1821493624772312,0.1564384372185949,0.0137953429848293,0.0278713236818374,0.0177969857358167,0.0393458714070402,0.0111750940163172,0.0234209463360391,-600.0,400.0,-549.0,430.0
366,47.04532567479305,0.08020569927657076,0.2816901408450705,0.11053249665773185,0.0187287731158957,1.2816901408450705,-289.0091851824691,-1.0,0.022593154725794585,-0.13879443163259741,-0.16736701789324968,-59.49618998841379,1733.7769021722384,0.03634360570210024,1,0.2275583241839798,0.09449488222687534,0.15784235986112843,0.059304665510757096,0.3757208493520626,0.20911990246515452,0.21691942941641548,0.230252549024709,2024-05-04,karolina kowalkiewicz,iasmin lucindo,0.8664594204692193,0.1335405795307806,0.8664594204692193,0,0.0,0,154.0,-185.0,0.4103966823695613,1.2816901408450705,4.2,0.1564384372185949,0.0240948213032229,0.0187287731158957,0.0500730218781067,0.0261689850082681,0.0116029923129925,0.0067120260020258,280.0,-435.0,320.0,-355.0
367,0.0,0.0,0.0,-0.15780520214775096,0.0154613702995864,1.617283950617284,410.2982546329346,3.3049999999999997,0.0,0.23664997158450687,0.3770250953642248,243.37914724884382,2387.4543040540166,0.03634360570210024,1,3.6707373271889394,0.0,0.10515818052180602,0.038466048942083206,0.3657922641035686,0.0,0.0,0.34560892478130967,2024-05-11,derrick lewis,rodrigo nascimento,0.5207464017254364,0.5207464017254364,0.4792535982745636,1,1.0,1,-162.0,136.0,0.0,2.45,1.617283950617284,0.15517476914483602,0.0190342109773964,0.0230152132689483,0.0276369667218073,0.034258584535446,0.0119288327341947,0.0145550432589505,-175.0,135.0,-162.0,145.0
368,56.39769905979038,0.04033572413297312,0.8064516129032251,0.05149231716114494,0.0154613702995864,1.806451612903225,410.2982546329346,3.3049999999999997,0.032528809784655714,0.23664997158450687,0.3770250953642248,243.37914724884382,2387.4543040540166,0.03634360570210024,1,3.6707373271889394,0.02485302375246364,0.10515818052180602,0.038466048942083206,0.3657922641035686,0.05730919153895216,0.06461188920213459,0.34560892478130967,2024-05-11,joaquin buckley,nursulton ruziboev,0.5820761041427769,0.5820761041427769,0.4179238958572231,1,1.0,1,-148.0,124.0,0.07191082744228854,2.2,1.806451612903225,0.15517476914483602,0.0200233728765578,0.0231793921004005,0.0414015851909125,0.0453752743132196,0.0038771838960715,0.0042396992208115,-142.0,100.0,-124.0,120.0
369,0.0,0.0,0.0,-0.08234083705153394,0.0154613702995864,1.4,410.2982546329346,3.3049999999999997,0.0,0.23664997158450687,0.3770250953642248,243.37914724884382,2387.4543040540166,0.03634360570210024,1,3.6707373271889394,0.0,0.10515818052180602,0.038466048942083206,0.3657922641035686,0.0,0.0,0.34560892478130967,2024-05-11,alonzo menifield,carlos ulberg,0.6554708306774758,0.3445291693225242,0.6554708306774758,0,0.0,0,185.0,-225.0,0.0,1.4,3.25,0.15517476914483602,0.0252599077377893,0.017924977552359,0.0352656719318592,0.0227647086791665,0.0131363950923042,0.0088416268857176,210.0,-278.0,225.0,-250.0
370,0.0,0.0,0.0,-0.06408813881664582,0.0154613702995864,1.2469135802469136,410.2982546329346,3.3049999999999997,0.0,0.23664997158450687,0.3770250953642248,243.37914724884382,2387.4543040540166,0.03634360570210024,1,3.6707373271889394,0.0,0.10515818052180602,0.038466048942083206,0.3657922641035686,0.0,0.0,0.34560892478130967,2024-05-11,diego ferreira,mateusz rebecki,0.7505827797609078,0.2494172202390922,0.7505827797609078,0,1.0,0,200.0,-245.0,0.0,1.2469135802469136,4.6,0.15517476914483602,0.0258446282047153,0.0176336326648498,0.0437938372896047,0.0218876077021852,0.0125213029448839,0.0068501994227442,320.0,-480.0,360.0,-405.0
371,0.0,0.0,0.0,-0.06141931666956363,0.0154613702995864,1.4761904761904765,410.2982546329346,3.3049999999999997,0.0,0.23664997158450687,0.3770250953642248,243.37914724884382,2387.4543040540166,0.03634360570210024,1,3.6707373271889394,0.0,0.10515818052180602,0.038466048942083206,0.3657922641035686,0.0,0.0,0.34560892478130967,2024-05-11,alex caceres,sean woodson,0.6358127209657793,0.3641872790342207,0.6358127209657793,0,0.0,0,150.0,-180.0,0.0,1.4761904761904765,3.25,0.15517476914483602,0.023977822082381,0.0188793207747618,0.068789348443151,0.0435907337861773,-0.0086522931456048,-0.0062360443233779,175.0,-298.0,225.0,-210.0
372,0.0,0.0,0.0,-0.061337281379049036,0.0154613702995864,1.8547008547008548,410.2982546329346,3.3049999999999997,0.0,0.23664997158450687,0.3770250953642248,243.37914724884382,2387.4543040540166,0.03634360570210024,1,3.6707373271889394,0.0,0.10515818052180602,0.038466048942083206,0.3657922641035686,0.0,0.0,0.34560892478130967,2024-05-11,jj aldrich,veronica hardy,0.5060992538186694,0.4939007461813306,0.5060992538186694,0,0.0,0,124.0,-148.0,0.0,1.8547008547008548,2.05,0.15517476914483602,0.0231793921004005,0.0200233728765578,0.0369492043071655,0.0355145638087763,0.0138119762853189,0.0131634086759039,-107.0,-125.0,105.0,-117.0
373,67.89721321900265,0.03560131595516578,1.1,0.33657650609193,0.0154613702995864,2.1,410.2982546329346,3.3049999999999997,0.039161447550682356,0.23664997158450687,0.3770250953642248,243.37914724884382,2387.4543040540166,0.03634360570210024,1,3.6707373271889394,0.10832396955390074,0.10515818052180602,0.038466048942083206,0.3657922641035686,0.32622618065194126,0.3233736314917846,0.34560892478130967,2024-05-11,chase hooper,viacheslav borshchev,0.636465002900919,0.636465002900919,0.363534997099081,1,1.0,1,164.0,-198.0,0.31342931789867606,1.869565217391304,2.1,0.15517476914483602,0.0246517396386398,0.0185656693505812,0.0454887562750946,0.0435381588387769,0.0056843893101607,0.0053898078105479,-110.0,-130.0,110.0,-115.0
374,0.0,0.0,0.0,-0.10084580244482866,0.0154613702995864,1.6896551724137931,410.2982546329346,3.3049999999999997,0.0,0.23664997158450687,0.3770250953642248,243.37914724884382,2387.4543040540166,0.03634360570210024,1,3.6707373271889394,0.0,0.10515818052180602,0.038466048942083206,0.3657922641035686,0.0,0.0,0.34560892478130967,2024-05-11,terrance mckinney,esteban ribovics,0.5321524842673463,0.4678475157326537,0.5321524842673463,0,0.0,0,164.0,-198.0,0.0,1.6896551724137931,2.4,0.15517476914483602,0.0246517396386398,0.0185656693505812,0.0459821881506205,0.0381928960244635,0.0045892256315728,0.0039141757289713,120.0,-170.0,140.0,-145.0
375,53.54326951061042,0.043235422747261734,0.7142857142857144,0.09584083389077791,0.0154613702995864,1.7142857142857144,410.2982546329346,3.3049999999999997,0.030882444819472672,0.23664997158450687,0.3770250953642248,243.37914724884382,2387.4543040540166,0.03634360570210024,1,3.6707373271889394,0.05231168929703255,0.10515818052180602,0.038466048942083206,0.3657922641035686,0.11323153840776788,0.12811411235902131,0.34560892478130967,2024-05-11,tabatha ricci,tecia pennington,0.6392404864362871,0.6392404864362871,0.3607595135637129,1,1.0,1,-156.0,122.0,0.1513609329681915,2.3,1.7142857142857144,0.15517476914483602,0.0275226920411544,0.0323027584092962,0.0320795539605048,0.037850515969565,0.0084369228080692,0.0096790192209161,-160.0,120.0,-140.0,130.0
376,65.54096545944036,0.03600230630943539,1.0499999999999998,0.1523098016723724,0.0154613702995864,2.05,410.2982546329346,3.3049999999999997,0.037802421624907157,0.23664997158450687,0.3770250953642248,243.37914724884382,2387.4543040540166,0.03634360570210024,1,3.6707373271889394,0.048012599582512895,0.10515818052180602,0.038466048942083206,0.3657922641035686,0.14926051324432626,0.14175983335833237,0.34560892478130967,2024-05-11,charles johnson,jake hadley,0.5621023422792061,0.5621023422792061,0.4378976577207939,1,1.0,1,130.0,-155.0,0.13892175849594665,1.9803921568627447,2.05,0.15517476914483602,0.023106086729758,0.0195196592207963,0.0527247549940719,0.0523803501110331,-0.0036493979808703,-0.003595228920844,-122.0,-125.0,105.0,-102.0
377,0.0,0.0,0.0,-0.08725942874622217,0.0154613702995864,1.434782608695652,410.2982546329346,3.3049999999999997,0.0,0.23664997158450687,0.3770250953642248,243.37914724884382,2387.4543040540166,0.03634360570210024,1,3.6707373271889394,0.0,0.10515818052180602,0.038466048942083206,0.3657922641035686,0.0,0.0,0.34560892478130967,2024-05-11,waldo cortes acosta,robelis despaigne,0.6361525193586937,0.3638474806413064,0.6361525193586937,0,1.0,0,275.0,-345.0,0.0,1.434782608695652,3.3,0.15517476914483602,0.0264861952434845,0.0154613702995864,0.0495815640458714,0.0320881274241828,-1.5998313784848508e-13,1.6009416015094757e-13,190.0,-280.0,230.0,-230.0
378,79.5595594019477,0.04065529644088221,0.819672131147541,0.07542234144874294,0.0148515401766855,1.819672131147541,-206.7509474562775,-1.0,0.033324013476132966,-0.0865989129530999,-0.04683544568530908,94.93346107259822,2275.636817670337,0.03634360570210024,1,0.6618640431837,0.014794644972054528,0.21176277693437617,0.10261711491736633,0.48458523449173824,0.08347480547901333,0.07788803622331782,0.17162414579292598,2024-05-18,themba gorimbo,ramiz brahimaj,0.5909978633186785,0.5909978633186785,0.4090021366813214,1,1.0,1,-250.0,205.0,0.0862037500824918,2.25,1.819672131147541,0.11531320984525983,0.0169990228350114,0.0251555439097192,0.0412226385794758,0.0456636010648967,-0.0028647477095564,-0.0031412582964496,-145.0,102.0,-122.0,125.0
379,-77.06915417820007,0.032280891846739344,-1.0,0.19947560992048874,0.0148515401766855,2.23,-206.7509474562775,-1.0,-0.032280891846739344,-0.0865989129530999,-0.04683544568530908,94.93346107259822,2275.636817670337,0.03634360570210024,1,0.6618640431837,0.029682902918810206,0.21176277693437617,0.10261711491736633,0.48458523449173824,0.1807842140323681,0.1908346704139963,0.17162414579292598,2024-05-18,luana pinheiro,angela hill,0.5378814394262281,0.5378814394262281,0.4621185605737719,1,0.0,1,120.0,-142.0,0.172952953569973,1.7692307692307692,2.23,0.11531320984525983,0.0219819935623222,0.0193403204872646,0.0423096855199633,0.0370553938451158,0.0071877762703446,0.0064601083075458,110.0,-152.0,123.0,-130.0
380,83.66567308263053,0.05431802110636055,0.6451612903225803,0.320884622218353,0.0148515401766855,1.6451612903225803,-206.7509474562775,-1.0,0.03504388458474872,-0.0865989129530999,-0.04683544568530908,94.93346107259822,2275.636817670337,0.03634360570210024,1,0.6618640431837,0.08693016540836648,0.21176277693437617,0.10261711491736633,0.48458523449173824,0.4130989441157711,0.3934476333038301,0.17162414579292598,2024-05-18,edson barboza,lerone murphy,0.8028906527209598,0.1971093472790401,0.8028906527209598,0,0.0,0,120.0,-142.0,0.5065147739366029,1.6451612903225803,2.45,0.11531320984525983,0.0219819935623222,0.0193403204872646,0.0392764126889053,0.0318698323703832,0.0087402697052005,0.0072661328558238,130.0,-175.0,145.0,-155.0
381,77.63624294857624,0.03967247299201922,0.819672131147541,0.035903285175489075,0.0148515401766855,1.819672131147541,-206.7509474562775,-1.0,0.032518420485261657,-0.0865989129530999,-0.04683544568530908,94.93346107259822,2275.636817670337,0.03634360570210024,1,0.6618640431837,0.010046346385703432,0.21176277693437617,0.10261711491736633,0.48458523449173824,0.03959741456511699,0.05307586949182071,0.17162414579292598,2024-05-18,khaos williams,carlston harris,0.5692801837450886,0.5692801837450886,0.4307198162549114,1,1.0,1,105.0,-125.0,0.05853690539456438,2.15,1.819672131147541,0.11531320984525983,0.0223911054816955,0.0209693281226405,0.0373951990502948,0.0409876392335334,0.0070500280313161,0.0076158005880007,-140.0,102.0,-122.0,115.0
382,0.0,0.0,0.0,-0.10993166188716758,0.0148515401766855,1.25,-206.7509474562775,-1.0,0.0,-0.0865989129530999,-0.04683544568530908,94.93346107259822,2275.636817670337,0.03634360570210024,1,0.6618640431837,0.0,0.21176277693437617,0.10261711491736633,0.48458523449173824,0.0,0.0,0.17162414579292598,2024-05-18,adrian yanez,vinicius salvador,0.7120546704902659,0.7120546704902659,0.287945329509734,1,1.0,1,-250.0,205.0,0.0,4.8,1.25,0.11531320984525983,0.0169990228350114,0.0251555439097192,0.0285931975881342,0.0614630875901021,0.0029652804861365,0.0053680528471968,-550.0,310.0,-400.0,380.0
383,0.0,0.0,0.0,-0.016457596356750953,0.0148515401766855,1.2083333333333333,-206.7509474562775,-1.0,0.0,-0.0865989129530999,-0.04683544568530908,94.93346107259822,2275.636817670337,0.03634360570210024,1,0.6618640431837,0.0,0.21176277693437617,0.10261711491736633,0.48458523449173824,0.0,0.0,0.17162414579292598,2024-05-18,victor martinez,tom nolan,0.8139661271530337,0.1860338728469663,0.8139661271530337,0,0.0,0,330.0,-425.0,0.0,1.2083333333333333,5.3,0.11531320984525983,0.0274724253232388,0.0146095237354543,0.0548316593126138,0.0245334200524655,0.010766245452921,0.0054992067266496,350.0,-600.0,430.0,-480.0
384,60.468097802538914,0.06711770730213847,0.37735849056603765,0.1251619410819913,0.0148515401766855,1.3773584905660377,-206.7509474562775,-1.0,0.02532743671778809,-0.0865989129530999,-0.04683544568530908,94.93346107259822,2275.636817670337,0.03634360570210024,1,0.6618640431837,0.05510295191221519,0.21176277693437617,0.10261711491736633,0.48458523449173824,0.20715008222275388,0.19399192656717268,0.17162414579292598,2024-05-18,abus magomedov,warlley alves,0.8168983955800759,0.8168983955800759,0.183101604419924,1,1.0,1,-185.0,154.0,0.32106759604036106,3.8,1.3773584905660377,0.11531320984525983,0.0187287731158957,0.0240948213032229,0.0403338993103272,0.070143648800863,-0.0042821249365645,-0.0065325830663193,-360.0,205.0,-265.0,280.0
385,-129.3269579848951,0.05416939614940126,-1.0,0.04912715456241579,0.0148515401766855,1.4587155963302751,-206.7509474562775,-1.0,-0.05416939614940126,-0.0865989129530999,-0.04683544568530908,94.93346107259822,2275.636817670337,0.03634360570210024,1,0.6618640431837,0.02105299013014255,0.21176277693437617,0.10261711491736633,0.48458523449173824,0.07224806038955837,0.0834124382762893,0.17162414579292598,2024-05-18,piera rodriguez,ariane carnelossi,0.7192129550144863,0.7192129550144863,0.2807870449855136,1,0.0,1,-120.0,100.0,0.12266916192284591,3.05,1.4587155963302751,0.11531320984525983,0.0222254993026449,0.0232290461519004,0.0289529620271689,0.0424756094014026,0.0055815253719485,0.0078219182820364,-250.0,180.0,-218.0,205.0
386,0.0,0.0,0.0,-0.03577408806741275,0.0148515401766855,1.2666666666666666,-206.7509474562775,-1.0,0.0,-0.0865989129530999,-0.04683544568530908,94.93346107259822,2275.636817670337,0.03634360570210024,1,0.6618640431837,0.0,0.21176277693437617,0.10261711491736633,0.48458523449173824,0.0,0.0,0.17162414579292598,2024-05-18,vanessa demopoulos,emily ducote,0.7612309831046742,0.2387690168953257,0.7612309831046742,0,1.0,0,240.0,-298.0,0.0,1.2666666666666666,4.2,0.11531320984525983,0.0263970780483009,0.0164642876034875,0.0418374743547801,0.0222650897477839,0.0176285719475658,0.0099403503581985,290.0,-420.0,320.0,-375.0
387,0.0,0.0,0.0,-0.08525282030951481,0.0148515401766855,1.2857142857142856,-206.7509474562775,-1.0,0.0,-0.0865989129530999,-0.04683544568530908,94.93346107259822,2275.636817670337,0.03634360570210024,1,0.6618640431837,0.0,0.21176277693437617,0.10261711491736633,0.48458523449173824,0.0,0.0,0.17162414579292598,2024-05-18,tamires vidal,melissa gatto,0.7114700286481552,0.2885299713518447,0.7114700286481552,0,0.0,0,310.0,-395.0,0.0,1.2857142857142856,4.1,0.11531320984525983,0.0270306968275025,0.0148515401766855,0.0431680677672335,0.0234985988994331,0.0137080733499867,0.0079721434521814,275.0,-400.0,310.0,-350.0
388,45.40652715194162,0.07981331080488695,0.25,0.07163613614561032,0.0316294610237879,1.25,314.05451206653186,1.2507817385866167,0.019953327701221737,0.1380073083841394,0.2705170448484665,301.5440349980163,2891.2353647348855,0.03634360570210024,1,1.7684581587020611,0.11448016424537742,0.09955360223618744,0.03448337327949045,0.3463799652139141,0.14217510363215313,0.15800390137712678,0.3650657021518549,2024-06-01,islam makhachev,dustin poirier,0.8573089089164883,0.8573089089164883,0.1426910910835117,1,1.0,1,-400.0,280.0,0.31358783794418893,4.5,1.25,0.4073804286209826,0.0222663835266408,0.0408915112102011,0.0273349729556402,0.055998360377693,0.0078796078673061,0.0143426143549159,-500.0,300.0,-400.0,350.0
389,62.255488377732185,0.04814900984814421,0.5681818181818183,0.045933379973938926,0.0316294610237879,1.5681818181818183,314.05451206653186,1.2507817385866167,0.027357391959172854,0.1380073083841394,0.2705170448484665,301.5440349980163,2891.2353647348855,0.03634360570210024,1,1.7684581587020611,0.035528079621503963,0.09955360223618744,0.03448337327949045,0.3463799652139141,0.060720208842361754,0.07362000586204923,0.3650657021518549,2024-06-01,randy brown,elizeu zaleski dos santos,0.6669720104181639,0.6669720104181639,0.3330279895818361,1,1.0,1,-163.0,120.0,0.09731968632519056,2.65,1.5681818181818183,0.4073804286209826,0.0339796305551364,0.0403376871081888,0.0278740388872247,0.0363687167169306,0.0066135317527271,0.0084261182336002,-195.0,148.0,-176.0,165.0
390,49.761710141835955,0.06013468486159508,0.36363636363636376,0.025198496397924985,0.0316294610237879,1.3636363636363638,314.05451206653186,1.2507817385866167,0.021867158131489126,0.1380073083841394,0.2705170448484665,301.5440349980163,2891.2353647348855,0.03634360570210024,1,1.7684581587020611,0.03076026424772841,0.09955360223618744,0.03448337327949045,0.3463799652139141,0.04158374838767883,0.05105873157948452,0.3650657021518549,2024-06-01,kevin holland,michal oleksiejczuk,0.7518122306918116,0.7518122306918116,0.2481877693081884,1,1.0,1,-200.0,165.0,0.0842595293570832,3.6,1.3636363636363638,0.4073804286209826,0.0188658503251424,0.0251593069075619,0.0336940503268413,0.0563284552995652,0.0043574687348652,0.0067536423762459,-330.0,210.0,-275.0,260.0
391,0.0,0.0,0.0,-0.01629007801331528,0.0316294610237879,1.2,314.05451206653186,1.2507817385866167,0.0,0.1380073083841394,0.2705170448484665,301.5440349980163,2891.2353647348855,0.03634360570210024,1,1.7684581587020611,0.0,0.09955360223618744,0.03448337327949045,0.3463799652139141,0.0,0.0,0.3650657021518549,2024-06-01,grant dawson,joe solecki,0.8197582683222373,0.8197582683222373,0.1802417316777627,1,1.0,1,-250.0,205.0,0.0,5.3,1.2,0.4073804286209826,0.0169990228350114,0.0251555439097192,0.0245334200524655,0.0548316593126138,0.0073418189481296,0.0146707596682225,-600.0,350.0,-500.0,430.0
392,65.43476159610407,0.05607124305671501,0.5128205128205128,0.1580766109660861,0.0316294610237879,1.5128205128205128,314.05451206653186,1.2507817385866167,0.028754483618828208,0.1380073083841394,0.2705170448484665,301.5440349980163,2891.2353647348855,0.03634360570210024,1,1.7684581587020611,0.11072148020989439,0.09955360223618744,0.03448337327949045,0.3463799652139141,0.2236560995810522,0.21436196021412762,0.3650657021518549,2024-06-01,sean strickland,paulo costa,0.7655082682657179,0.7655082682657179,0.234491731734282,1,1.0,1,-185.0,154.0,0.30329192678812106,3.0,1.5128205128205128,0.4073804286209826,0.0187287731158957,0.0240948213032229,0.046834147228101,0.0674515670576132,-0.0024120525335487,-0.0032376649805757,-250.0,150.0,-195.0,200.0
393,-76.55542855578662,0.03364132095303307,-1.0,0.018009053926805574,0.0316294610237879,1.925925925925926,314.05451206653186,1.2507817385866167,-0.03364132095303307,0.1380073083841394,0.2705170448484665,301.5440349980163,2891.2353647348855,0.03634360570210024,1,1.7684581587020611,0.012282042091393044,0.09955360223618744,0.03448337327949045,0.3463799652139141,0.018702434927597218,0.03239606745668805,0.3650657021518549,2024-06-01,cesar almeida,roman kopylov,0.5285816241543029,0.5285816241543029,0.4714183758456971,1,0.0,1,120.0,-163.0,0.03364337438164523,2.02,1.925925925925926,0.4073804286209826,0.0403376871081888,0.0339796305551364,0.0385298875248208,0.0401722473447147,0.0070614140965243,0.0072188600847398,-127.0,-108.0,-108.0,102.0
394,47.23886922247297,0.06912589622797327,0.3003003003003002,0.04972944631219381,0.0316294610237879,1.3003003003003002,314.05451206653186,1.2507817385866167,0.02075852739578776,0.1380073083841394,0.2705170448484665,301.5440349980163,2891.2353647348855,0.03634360570210024,1,1.7684581587020611,0.05993018279885552,0.09955360223618744,0.03448337327949045,0.3463799652139141,0.0910029889321758,0.08970828137052096,0.3650657021518549,2024-06-01,jailton almeida,alexandr romanov,0.8072977035149205,0.8072977035149205,0.1927022964850795,1,1.0,1,-285.0,230.0,0.16416273138123122,4.35,1.3003003003003002,0.4073804286209826,0.01683796867866,0.0264520746113833,0.035662171366254,0.0698719341678512,-0.0003968652221283,-0.0006649595236973,-455.0,250.0,-333.0,335.0
395,0.0,0.0,0.0,-0.09585885189406299,0.0316294610237879,1.3636363636363638,314.05451206653186,1.2507817385866167,0.0,0.1380073083841394,0.2705170448484665,301.5440349980163,2891.2353647348855,0.03634360570210024,1,1.7684581587020611,0.0,0.09955360223618744,0.03448337327949045,0.3463799652139141,0.0,0.0,0.3650657021518549,2024-06-01,niko price,alex morono,0.6630368419443537,0.3369631580556462,0.6630368419443537,0,1.0,0,225.0,-278.0,0.0,1.3636363636363638,3.4,0.4073804286209826,0.0262452639219628,0.0168967792200803,0.0446806160174017,0.0279000291438885,0.0166799230378363,0.0107710573543203,210.0,-300.0,240.0,-275.0
396,0.0,0.0,0.0,-0.036945221694936414,0.0316294610237879,1.6134969325153374,314.05451206653186,1.2507817385866167,0.0,0.1380073083841394,0.2705170448484665,301.5440349980163,2891.2353647348855,0.03634360570210024,1,1.7684581587020611,0.0,0.09955360223618744,0.03448337327949045,0.3463799652139141,0.0,0.0,0.3650657021518549,2024-06-01,phil rowe,jake matthews,0.5968742542346972,0.4031257457653028,0.5968742542346972,0,0.0,0,136.0,-162.0,0.0,1.6134969325153374,2.46,0.4073804286209826,0.0230152132689483,0.0190342109773964,0.0392764126889053,0.0318698323703832,0.0144598553006033,0.0118160728579176,130.0,-175.0,146.0,-163.0
397,47.76366936381892,0.07346200477829673,0.2857142857142856,0.06897034475298042,0.0316294610237879,1.2857142857142856,314.05451206653186,1.2507817385866167,0.020989144222370488,0.1380073083841394,0.2705170448484665,301.5440349980163,2891.2353647348855,0.03634360570210024,1,1.7684581587020611,0.08812547567240349,0.09955360223618744,0.03448337327949045,0.3463799652139141,0.12966504429752018,0.12840144916429255,0.3650657021518549,2024-06-01,mickey gall,bassil hafez,0.8314213792523182,0.1685786207476818,0.8314213792523182,0,0.0,0,200.0,-275.0,0.2413962066361038,1.2857142857142856,4.5,0.4073804286209826,0.040400359353909,0.0262663073127574,0.0560544392342521,0.0287940456142326,-1.968980534172715e-13,1.9706458687096529e-13,275.0,-450.0,350.0,-350.0
398,60.238437699897204,0.05426559999640444,0.4878048780487805,0.10896405006262933,0.0316294610237879,1.4878048780487805,314.05451206653186,1.2507817385866167,0.026471024388489972,0.1380073083841394,0.2705170448484665,301.5440349980163,2891.2353647348855,0.03634360570210024,1,1.7684581587020611,0.09189563574246062,0.09955360223618744,0.03448337327949045,0.3463799652139141,0.15515029680882503,0.17678869090504634,0.3650657021518549,2024-06-01,ailin perez,joselyne edwards,0.7453692795502919,0.7453692795502919,0.2546307204497081,1,1.0,1,-250.0,175.0,0.25172355332420454,2.8,1.4878048780487805,0.4073804286209826,0.0316294610237879,0.0462926168982899,0.0296533748621354,0.0422095328216678,0.0124207845874261,0.0168532200964144,-235.0,170.0,-205.0,180.0
399,0.0,0.0,0.0,-0.04457077218100863,0.0217506013680772,1.847457627118644,692.1166623906117,3.3083333333333336,0.0,0.23938440669083197,0.2925319798049246,153.66214293729772,3737.014170062795,0.03634360570210024,1,1.5833333333333333,0.0,0.15010462742166383,0.06610448144862317,0.440389364299389,0.0,0.0,0.24212182080174133,2024-06-08,thiago moises,ludovit klein,0.5171589398286284,0.4828410601713716,0.5171589398286284,0,0.0,0,-110.0,-120.0,0.0,1.847457627118644,2.1,0.09051045869579274,0.0350135352882691,0.0342505339758,0.0361628444859429,0.0340050418679098,0.0089986517895125,0.0084762280706884,-102.0,-130.0,110.0,-118.0
400,79.61987481951405,0.06884589524486437,0.3999999999999999,0.17247265255213634,0.0217506013680772,1.4,692.1166623906117,3.3083333333333336,0.027538358097945744,0.23938440669083197,0.2925319798049246,153.66214293729772,3737.014170062795,0.03634360570210024,1,1.5833333333333333,0.1043984816861554,0.15010462742166383,0.06610448144862317,0.440389364299389,0.27868686190316744,0.26684802860144463,0.24212182080174133,2024-06-08,raul rosas jr,ricky turcios,0.8374804661086689,0.8374804661086689,0.1625195338913311,1,1.0,1,-250.0,175.0,0.4311816313806796,3.5,1.4,0.09051045869579274,0.0316294610237879,0.0462926168982899,0.0360130542945663,0.0592250409435287,1.6997514507011152e-13,-1.7008616737257398e-13,-320.0,200.0,-250.0,250.0
401,0.0,0.0,0.0,-0.04691257980452629,0.0217506013680772,1.3703703703703702,692.1166623906117,3.3083333333333336,0.0,0.23938440669083197,0.2925319798049246,153.66214293729772,3737.014170062795,0.03634360570210024,1,1.5833333333333333,0.0,0.15010462742166383,0.06610448144862317,0.440389364299389,0.0,0.0,0.24212182080174133,2024-06-08,brunno ferreira,dustin stoltzfus,0.6954962255480485,0.6954962255480485,0.3045037744519515,1,1.0,1,-225.0,163.0,0.0,3.4,1.3703703703703702,0.09051045869579274,0.0303091129239294,0.042226716265892,0.0279000291438885,0.0446806160174017,0.0094013167680324,0.0144460600205209,-300.0,210.0,-270.0,240.0
402,120.90492242812314,0.03097610208113304,1.35,0.26835504494246876,0.0217506013680772,2.35,692.1166623906117,3.3083333333333336,0.041817737809529604,0.23938440669083197,0.2925319798049246,153.66214293729772,3737.014170062795,0.03634360570210024,1,1.5833333333333333,0.049093024389407464,0.15010462742166383,0.06610448144862317,0.440389364299389,0.23299408898764537,0.23353432237388275,0.24212182080174133,2024-06-08,julian marquez,zachary reese,0.5397255510393484,0.4602744489606515,0.5397255510393484,0,0.0,0,-110.0,-120.0,0.20276166859659758,2.35,1.7246376811594204,0.09051045869579274,0.0350135352882691,0.0342505339758,0.0423808635674742,0.0491942280076172,0.0024958579378502,0.0028679897288758,-160.0,110.0,-138.0,135.0
403,-146.56667692332297,0.05069344360927272,-1.0,0.06136350775939553,0.0217506013680772,1.5208333333333337,692.1166623906117,3.3083333333333336,-0.05069344360927273,0.23938440669083197,0.2925319798049246,153.66214293729772,3737.014170062795,0.03634360570210024,1,1.5833333333333333,0.03406692082602828,0.15010462742166383,0.06610448144862317,0.440389364299389,0.0845615436036818,0.10210246458671653,0.24212182080174133,2024-06-08,miguel baeza,punahele soriano,0.6978828544171366,0.6978828544171366,0.3021171455828634,1,0.0,1,-150.0,110.0,0.14070157209797124,2.75,1.5208333333333337,0.09051045869579274,0.0356521067558167,0.0405383694346594,0.0321793128548906,0.0447437640681861,0.009120070280944,0.0120505399307619,-225.0,160.0,-192.0,175.0
404,0.0,0.0,0.0,-0.10766706495196465,0.0217506013680772,1.4444444444444444,692.1166623906117,3.3083333333333336,0.0,0.23938440669083197,0.2925319798049246,153.66214293729772,3737.014170062795,0.03634360570210024,1,1.5833333333333333,0.0,0.15010462742166383,0.06610448144862317,0.440389364299389,0.0,0.0,0.24212182080174133,2024-06-08,dominick reyes,dustin jacoby,0.6177689550332552,0.3822310449667447,0.6177689550332552,0,1.0,0,175.0,-225.0,0.0,1.4444444444444444,3.0,0.09051045869579274,0.0326609013348426,0.0232831546092132,0.0462926168982899,0.0316294610237879,0.0150309735209291,0.0106100521200964,175.0,-250.0,200.0,-225.0
405,99.7040226129835,0.04138190497906805,0.8333333333333333,0.2384956348951297,0.0217506013680772,1.8333333333333333,692.1166623906117,3.3083333333333336,0.034484920815890045,0.23938440669083197,0.2925319798049246,153.66214293729772,3737.014170062795,0.03634360570210024,1,1.5833333333333333,0.07318719054223265,0.15010462742166383,0.06610448144862317,0.440389364299389,0.26340671562359863,0.2736873574577991,0.24212182080174133,2024-06-08,jared cannonier,nassourdine imavov,0.6755430735791617,0.3244569264208383,0.6755430735791617,0,0.0,0,100.0,-125.0,0.30227424484041504,1.8333333333333333,2.1,0.09051045869579274,0.0285427352714054,0.02701282028415,0.0336835053940868,0.0315338859102609,0.0111697656584019,0.0104752559866196,100.0,-130.0,110.0,-120.0
406,0.0,0.0,0.0,-0.04453418695731093,0.0217506013680772,1.6666666666666663,692.1166623906117,3.3083333333333336,0.0,0.23938440669083197,0.2925319798049246,153.66214293729772,3737.014170062795,0.03634360570210024,1,1.5833333333333333,0.0,0.15010462742166383,0.06610448144862317,0.440389364299389,0.0,0.0,0.24212182080174133,2024-06-08,andrea lee,montana de la rosa,0.5732794878256136,0.5732794878256136,0.4267205121743864,1,0.0,1,-138.0,105.0,0.0,2.45,1.6666666666666663,0.09051045869579274,0.0322362225882545,0.0354005882336351,0.0410247737237094,0.0498843171853813,0.0037266099034956,0.0044366554026268,-175.0,120.0,-150.0,145.0
407,0.0,0.0,0.0,-0.040177769458664525,0.0217506013680772,1.8,692.1166623906117,3.3083333333333336,0.0,0.23938440669083197,0.2925319798049246,153.66214293729772,3737.014170062795,0.03634360570210024,1,1.5833333333333333,0.0,0.15010462742166383,0.06610448144862317,0.440389364299389,0.0,0.0,0.24212182080174133,2024-06-08,john castaneda,daniel marcos,0.5332345725229641,0.4667654274770358,0.5332345725229641,0,0.0,0,120.0,-163.0,0.0,1.8,2.15,0.09051045869579274,0.0403376871081888,0.0339796305551364,0.0481663232662122,0.0436704114276651,0.0107683918506759,0.009903442774647,100.0,-145.0,115.0,-125.0
408,0.0,0.0,0.0,-0.0688852117468216,0.0217506013680772,1.5,692.1166623906117,3.3083333333333336,0.0,0.23938440669083197,0.2925319798049246,153.66214293729772,3737.014170062795,0.03634360570210024,1,1.5833333333333333,0.0,0.15010462742166383,0.06610448144862317,0.440389364299389,0.0,0.0,0.24212182080174133,2024-06-08,eduarda moura,denise gomes,0.6207431921687856,0.6207431921687856,0.3792568078312144,1,0.0,1,-163.0,120.0,0.0,2.8,1.5,0.09051045869579274,0.0339796305551364,0.0403376871081888,0.027676643367209,0.0380860847098888,0.0101556457621264,0.0136538780473972,-218.0,163.0,-200.0,180.0
409,0.0,0.0,0.0,-0.05150165998151224,0.0217506013680772,1.3703703703703702,692.1166623906117,3.3083333333333336,0.0,0.23938440669083197,0.2925319798049246,153.66214293729772,3737.014170062795,0.03634360570210024,1,1.5833333333333333,0.0,0.15010462742166383,0.06610448144862317,0.440389364299389,0.0,0.0,0.24212182080174133,2024-06-08,cody stamann,taylor lapilus,0.6921474373107884,0.3078525626892116,0.6921474373107884,0,0.0,0,150.0,-200.0,0.0,1.3703703703703702,3.35,0.09051045869579274,0.0379213858088197,0.0287452808578468,0.0405006081947943,0.0256697805562395,0.0171023084231671,0.0111348839931298,210.0,-290.0,235.0,-270.0
410,0.0,0.0,0.0,-0.021279641168122476,0.0217506013680772,1.4761904761904765,692.1166623906117,3.3083333333333336,0.0,0.23938440669083197,0.2925319798049246,153.66214293729772,3737.014170062795,0.03634360570210024,1,1.5833333333333333,0.0,0.15010462742166383,0.06610448144862317,0.440389364299389,0.0,0.0,0.24212182080174133,2024-06-08,charles radtke,carlos prates,0.6630041140474008,0.3369958859525993,0.6630041140474008,0,0.0,0,140.0,-188.0,0.0,1.4761904761904765,3.05,0.09051045869579274,0.0389594877010522,0.0304849567433922,0.0462926168982899,0.0316294610237879,0.0030677496110842,0.0022204576866419,175.0,-250.0,205.0,-210.0
411,0.0,0.0,0.0,-0.12193794659352077,0.0217506013680772,1.1540832049306626,692.1166623906117,3.3083333333333336,0.0,0.23938440669083197,0.2925319798049246,153.66214293729772,3737.014170062795,0.03634360570210024,1,1.5833333333333333,0.0,0.15010462742166383,0.06610448144862317,0.440389364299389,0.0,0.0,0.24212182080174133,2024-06-08,brad katona,jesse butler,0.7608308046205674,0.7608308046205674,0.2391691953794326,1,1.0,1,-549.0,350.0,0.0,6.25,1.1540832049306626,0.09051045869579274,0.0217506013680772,0.0463884159234824,0.018528771915647,0.0456423510790053,0.0081903246984511,0.0182983268369292,-750.0,450.0,-649.0,525.0
412,0.0,0.0,0.0,-0.08148054653187753,0.0158578460562508,1.7246376811594204,562.8032624076953,1.4375,0.0,0.15060238917912325,0.23352499665392062,309.88295915187285,4609.700391622363,0.03634360570210024,1,1.5694444444444444,0.0,0.10013392058646452,0.031633989963785455,0.31591682197712273,0.0,0.0,0.3629499922627911,2024-06-15,josh quinlan,adam fugitt,0.5325869099941214,0.5325869099941214,0.4674130900058786,1,0.0,1,-115.0,-105.0,0.0,2.25,1.7246376811594204,0.15946906350196813,0.0232792664320201,0.0237995764494319,0.0356521067558167,0.0405383694346594,0.0113706227318075,0.0129057544857461,-150.0,110.0,-138.0,125.0
413,102.67482275486502,0.05495019182822083,0.5,0.12900901062071096,0.0158578460562508,1.5,562.8032624076953,1.4375,0.027475095914110414,0.15060238917912325,0.23352499665392062,309.88295915187285,4609.700391622363,0.03634360570210024,1,1.5694444444444444,0.09754188331780315,0.10013392058646452,0.031633989963785455,0.31591682197712273,0.18301406900987038,0.1894435889939339,0.3629499922627911,2024-06-15,melquizael costa,shayilan nuerdanbieke,0.7526726737471406,0.7526726737471406,0.2473273262528593,1,1.0,1,-185.0,154.0,0.2687474456458418,2.9,1.5,0.15946906350196813,0.0187287731158957,0.0240948213032229,0.034794895473237,0.0495752532432117,0.0048908886268876,0.0066033642466755,-238.0,163.0,-200.0,190.0
414,0.0,0.0,0.0,-0.05138331450531958,0.0158578460562508,1.2857142857142856,562.8032624076953,1.4375,0.0,0.15060238917912325,0.23352499665392062,309.88295915187285,4609.700391622363,0.03634360570210024,1,1.5694444444444444,0.0,0.10013392058646452,0.031633989963785455,0.31591682197712273,0.0,0.0,0.3629499922627911,2024-06-15,jeka saragih,westin wilson,0.7378129776069737,0.7378129776069737,0.2621870223930262,1,0.0,1,-350.0,240.0,0.0,3.9,1.2857142857142856,0.15946906350196813,0.0263895562040242,0.0455058686325771,0.0255271203822416,0.0460650903852267,0.0125560338283826,0.0216320003596517,-385.0,260.0,-350.0,290.0
415,0.0,0.0,0.0,-0.09660586298088139,0.0158578460562508,1.1666666666666667,562.8032624076953,1.4375,0.0,0.15060238917912325,0.23352499665392062,309.88295915187285,4609.700391622363,0.03634360570210024,1,1.5694444444444444,0.0,0.10013392058646452,0.031633989963785455,0.31591682197712273,0.0,0.0,0.3629499922627911,2024-06-15,jimmy flick,nate maness,0.774337831730673,0.2256621682693269,0.774337831730673,0,0.0,0,275.0,-400.0,0.0,1.1666666666666667,6.0,0.15946906350196813,0.0431680677672335,0.0234985988994331,0.0571330034972966,0.0222320758677827,0.0162687076515015,0.0075408161580222,425.0,-800.0,500.0,-600.0
416,0.0,0.0,0.0,-0.12417487540800848,0.0158578460562508,1.4444444444444444,562.8032624076953,1.4375,0.0,0.15060238917912325,0.23352499665392062,309.88295915187285,4609.700391622363,0.03634360570210024,1,1.5694444444444444,0.0,0.10013392058646452,0.031633989963785455,0.31591682197712273,0.0,0.0,0.3629499922627911,2024-06-15,brady hiestand,garrett armfield,0.6063404708713788,0.3936595291286212,0.6063404708713788,0,1.0,0,160.0,-192.0,0.0,1.4444444444444444,3.3,0.15946906350196813,0.0238990621321243,0.0182505690586025,0.0631104324313512,0.0407856714647526,-0.0027399946247238,-0.0019220100372807,175.0,-285.0,230.0,-225.0
417,116.35354216846018,0.049816687600734474,0.625,0.19933052347597668,0.0158578460562508,1.625,562.8032624076953,1.4375,0.031135429750459048,0.15060238917912325,0.23352499665392062,309.88295915187285,4609.700391622363,0.03634360570210024,1,1.5694444444444444,0.12012917808497212,0.10013392058646452,0.031633989963785455,0.31591682197712273,0.25432949709531677,0.25940526650312545,0.3629499922627911,2024-06-15,douglas silva de andrade,miles johns,0.7380495529082933,0.2619504470917066,0.7380495529082933,0,0.0,0,-110.0,-110.0,0.3309799714721953,1.625,2.5,0.15946906350196813,0.0238095238095238,0.0238095238095238,0.04304922676037,0.0345905247924249,0.0084564946909956,0.0069281206936196,130.0,-180.0,150.0,-160.0
418,90.85459422854765,0.05470218407301282,0.4444444444444444,0.04048228600622156,0.0158578460562508,1.4444444444444444,562.8032624076953,1.4375,0.024312081810227915,0.15060238917912325,0.23352499665392062,309.88295915187285,4609.700391622363,0.03634360570210024,1,1.5694444444444444,0.03952497119985062,0.10013392058646452,0.031633989963785455,0.31591682197712273,0.060420217961327356,0.07296381136383018,0.3629499922627911,2024-06-15,alex perez,tatsuro taira,0.7203338903119996,0.2796661096880005,0.7203338903119996,0,0.0,0,142.0,-170.0,0.10889922039516914,1.4444444444444444,3.1,0.15946906350196813,0.0236909605473527,0.0191618095781445,0.0537938673115818,0.0358698935850557,0.0087372325093323,0.0061511049596503,175.0,-265.0,210.0,-225.0
419,0.0,0.0,0.0,-0.017792037451164866,0.0158578460562508,1.2531645569620251,562.8032624076953,1.4375,0.0,0.15060238917912325,0.23352499665392062,309.88295915187285,4609.700391622363,0.03634360570210024,1,1.5694444444444444,0.0,0.10013392058646452,0.031633989963785455,0.31591682197712273,0.0,0.0,0.3629499922627911,2024-06-15,asu almabayev,jose johnson,0.7837821115288686,0.7837821115288686,0.2162178884711314,1,1.0,1,-355.0,280.0,0.0,4.7,1.2531645569620251,0.15946906350196813,0.0158578460562508,0.0275198289003715,0.0273349729556402,0.055998360377693,0.003833783251115,0.0069119721754914,-500.0,300.0,-395.0,370.0
420,124.34132776564998,0.05286872935681222,0.510204081632653,0.10877991756024502,0.0356521067558167,1.510204081632653,-421.7330968559485,-1.0,0.026973841508577658,-0.0914881794969589,-0.07362763034930903,82.33178040051206,4270.299075166927,0.03634360570210024,1,0.3300092764378473,0.07719760550508242,0.11212428673631557,0.039083120419973014,0.3485696235632285,0.15165604517466932,0.17083014514134418,0.3241367839205975,2024-06-22,kelvin gastelum,daniel rodriguez,0.7341921075736758,0.7341921075736758,0.2658078924263242,1,1.0,1,-218.0,180.0,0.23816366834809224,2.75,1.510204081632653,0.11733385452196193,0.0178645296442542,0.0248129186935715,0.0303226816346757,0.0417927029807088,0.0110663576997609,0.0147321680987648,-220.0,160.0,-196.0,175.0
421,-249.46408215496047,0.05411720089408299,-1.0,0.03420754009150723,0.0356521067558167,1.4444444444444444,-421.7330968559485,-1.0,-0.05411720089408299,-0.0914881794969589,-0.07362763034930903,82.33178040051206,4270.299075166927,0.03634360570210024,1,0.3300092764378473,0.03492076493502829,0.11212428673631557,0.039083120419973014,0.3485696235632285,0.05083600606589667,0.07249463228781527,0.3241367839205975,2024-06-22,sergei pavlovich,alexander volkov,0.7159898354479666,0.7159898354479666,0.2840101645520334,1,0.0,1,-225.0,185.0,0.10773465606909548,3.0,1.4444444444444444,0.11733385452196193,0.017924977552359,0.0252599077377893,0.0316294610237879,0.0462926168982899,0.0106100521200964,0.0150309735209291,-250.0,175.0,-225.0,200.0
422,157.333253771299,0.0375439973198603,0.9090909090909087,0.053435286293049056,0.0356521067558167,1.9090909090909087,-421.7330968559485,-1.0,0.034130906654418446,-0.0914881794969589,-0.07362763034930903,82.33178040051206,4270.299075166927,0.03634360570210024,1,0.3300092764378473,0.01217013335277382,0.11212428673631557,0.039083120419973014,0.3485696235632285,0.05616246949832573,0.03572308550400513,0.3241367839205975,2024-06-22,robert whittaker,ikram aliskerov,0.5517994356773115,0.5517994356773115,0.4482005643226885,1,1.0,1,-115.0,-105.0,0.03754628896347379,2.2,1.9090909090909087,0.11733385452196193,0.0232792664320201,0.0237995764494319,0.0626565199086732,0.0678599120162093,-0.010505156280396,-0.0111398653646256,-150.0,-113.0,-110.0,120.0
423,94.54819042636494,0.07178745653268197,0.2857142857142856,0.06122913999519328,0.0356521067558167,1.2857142857142856,-421.7330968559485,-1.0,0.020510701866480553,-0.0914881794969589,-0.07362763034930903,82.33178040051206,4270.299075166927,0.03634360570210024,1,0.3300092764378473,0.07828307256908569,0.11212428673631557,0.039083120419973014,0.3485696235632285,0.11351476397837088,0.13027028204621352,0.3241367839205975,2024-06-22,rinat fakhretdinov,nicolas dalby,0.8254004422184837,0.8254004422184837,0.1745995577815162,1,1.0,1,-250.0,175.0,0.24151246156703518,4.1,1.2857142857142856,0.11733385452196193,0.0316294610237879,0.0462926168982899,0.0267982878510849,0.0489592879064907,0.0079721434521814,0.0137080733499867,-395.0,260.0,-350.0,310.0
424,145.1177644031181,0.05036952585182468,0.625,0.2136132469636376,0.0356521067558167,1.625,-421.7330968559485,-1.0,0.03148095365739042,-0.0914881794969589,-0.07362763034930903,82.33178040051206,4270.299075166927,0.03634360570210024,1,0.3300092764378473,0.11455900576636592,0.11212428673631557,0.039083120419973014,0.3485696235632285,0.27314747454420174,0.2763960988927208,0.3241367839205975,2024-06-22,kyung ho kang,muin gafurov,0.7468389212083923,0.2531610787916076,0.7468389212083923,0,0.0,0,-105.0,-115.0,0.353427970687921,1.625,2.5,0.11733385452196193,0.0237995764494319,0.0232792664320201,0.0537976062394936,0.0420019516087009,0.0084564946909956,0.0069281206936196,130.0,-195.0,150.0,-160.0
425,-189.54467381095952,0.04111865364513422,-1.0,0.10892339254150529,0.0356521067558167,1.8,-421.7330968559485,-1.0,-0.04111865364513422,-0.0914881794969589,-0.07362763034930903,82.33178040051206,4270.299075166927,0.03634360570210024,1,0.3300092764378473,0.045923673732303855,0.11212428673631557,0.039083120419973014,0.3485696235632285,0.12197492236663182,0.12651992132010662,0.3241367839205975,2024-06-22,johnny walker,volkan oezdemir,0.6160685514119474,0.6160685514119474,0.3839314485880526,1,0.0,1,-150.0,110.0,0.14167992036211968,2.22,1.8,0.11733385452196193,0.0356521067558167,0.0405383694346594,0.0436704114276651,0.0481663232662122,0.0028612375454619,0.0031447684605442,-145.0,100.0,-125.0,122.0
426,-180.12570351809194,0.04218105110379202,-1.0,0.15180709995163477,0.0316294610237879,1.7692307692307692,-367.62639784931844,-1.0,-0.04218105110379202,-0.08608914536857067,-0.01125520191787717,319.56331950859055,4222.235996826199,0.03634360570210024,1,1.918360341257105,0.08848047646034701,0.088021380876325,0.031134234157769704,0.35371217592592713,0.17333097240775455,0.18768239133148545,0.41289520046459,2024-06-29,charles jourdain,jean silva,0.6510214043204893,0.6510214043204893,0.3489785956795107,1,0.0,1,-198.0,164.0,0.21429281900295455,2.2,1.7692307692307692,0.24449488514945705,0.0185656693505812,0.0246517396386398,0.0356521067558167,0.0405383694346594,0.0093759838689014,0.0103868619809008,-150.0,110.0,-130.0,120.0
427,0.0,0.0,0.0,-0.13768539585494294,0.0316294610237879,1.6896551724137931,-367.62639784931844,-1.0,0.0,-0.08608914536857067,-0.01125520191787717,319.56331950859055,4222.235996826199,0.03634360570210024,1,1.918360341257105,0.0,0.088021380876325,0.031134234157769704,0.35371217592592713,0.0,0.0,0.41289520046459,2024-06-29,alex pereira,jiri prochazka,0.5103494595960542,0.5103494595960542,0.4896505404039458,1,1.0,1,-135.0,114.0,0.0,2.3,1.6896551724137931,0.24449488514945705,0.0197976060171143,0.0219601987154369,0.0348337488150867,0.0402991080659835,0.0123272894741075,0.0142920539154221,-155.0,114.0,-145.0,130.0
428,135.87006835596125,0.043908094264778645,0.7246376811594204,0.15039018667631165,0.0316294610237879,1.7246376811594204,-367.62639784931844,-1.0,0.03181745961215845,-0.08608914536857067,-0.01125520191787717,319.56331950859055,4222.235996826199,0.03634360570210024,1,1.918360341257105,0.09091912079180786,0.088021380876325,0.031134234157769704,0.35371217592592713,0.1771053067830927,0.18698351369690067,0.41289520046459,2024-06-29,anthony smith,roman dolidze,0.6670329653837437,0.3329670346162562,0.6670329653837437,0,0.0,0,142.0,-170.0,0.22019902553845527,1.7246376811594204,2.3,0.24449488514945705,0.0236909605473527,0.0191618095781445,0.0425964476448598,0.0369448028175892,0.0077928439724531,0.0068216974963082,112.0,-155.0,130.0,-138.0
429,69.56212435722072,0.017430037510737257,0.9345794392523368,0.00034524457370271877,0.0316294610237879,1.9345794392523368,-367.62639784931844,-1.0,0.01628975468293202,-0.08608914536857067,-0.01125520191787717,319.56331950859055,4222.235996826199,0.03634360570210024,1,1.918360341257105,0.007197218115433424,0.088021380876325,0.031134234157769704,0.35371217592592713,0.00035689061154362824,0.016862290529699776,0.41289520046459,2024-06-29,mayra bueno silva,macy chiasson,0.5170866723158752,0.4829133276841247,0.5170866723158752,0,0.0,0,-238.0,195.0,0.017431101420736082,1.9345794392523368,2.0,0.24449488514945705,0.0176285795524632,0.0254964831293137,0.047778051138082,0.0469480113299158,0.0085196281071092,0.0083885844532772,-117.0,-125.0,100.0,-107.0
430,118.01806593410957,0.050299259189869064,0.5494505494505495,0.09247314609172286,0.0316294610237879,1.5494505494505495,-367.62639784931844,-1.0,0.027636955598829158,-0.08608914536857067,-0.01125520191787717,319.56331950859055,4222.235996826199,0.03634360570210024,1,1.918360341257105,0.07602059857506871,0.088021380876325,0.031134234157769704,0.35371217592592713,0.12451698233243269,0.13673462267559405,0.41289520046459,2024-06-29,ian machado garry,michael page,0.705071321236502,0.705071321236502,0.294928678763498,1,1.0,1,-105.0,-115.0,0.18411596572091482,2.7,1.5494505494505495,0.24449488514945705,0.0237995764494319,0.0232792664320201,0.0364408339561979,0.0493246550350975,0.0068736474747453,0.0088867938176105,-215.0,148.0,-182.0,170.0
431,97.59494292902309,0.06856307336638344,0.33333333333333326,0.09200914251215536,0.0316294610237879,1.3333333333333333,-367.62639784931844,-1.0,0.022854357788794473,-0.08608914536857067,-0.01125520191787717,319.56331950859055,4222.235996826199,0.03634360570210024,1,1.918360341257105,0.12141901007837165,0.088021380876325,0.031134234157769704,0.35371217592592713,0.15908531827596897,0.17007784141529367,0.41289520046459,2024-06-29,joe pyfer,marc andre barriault,0.8190068568841166,0.8190068568841166,0.1809931431158834,1,1.0,1,-162.0,136.0,0.2940673806373891,3.75,1.3333333333333333,0.24449488514945705,0.0190342109773964,0.0230152132689483,0.0232991311295601,0.0401929323625033,0.0063886951127187,0.0102779715539479,-350.0,250.0,-300.0,275.0
432,0.0,0.0,0.0,-0.11124376078599564,0.0316294610237879,1.0714285714285714,-367.62639784931844,-1.0,0.0,-0.08608914536857067,-0.01125520191787717,319.56331950859055,4222.235996826199,0.03634360570210024,1,1.918360341257105,0.0,0.088021380876325,0.031134234157769704,0.35371217592592713,0.0,0.0,0.41289520046459,2024-06-29,payton talbott,yanis ghemmouri,0.8295058232664041,0.8295058232664041,0.1704941767335959,1,1.0,1,-298.0,240.0,0.0,11.0,1.0714285714285714,0.24449488514945705,0.0164642876034875,0.0263970780483009,0.013954759939476,0.0560732512650057,0.0059966140007255,0.0182458102416986,-2000.0,750.0,-1400.0,1000.0
433,115.80812738573886,0.05098455064922552,0.5319148936170213,0.09785059818660014,0.0316294610237879,1.5319148936170213,-367.62639784931844,-1.0,0.027119441834694422,-0.08608914536857067,-0.01125520191787717,319.56331950859055,4222.235996826199,0.03634360570210024,1,1.918360341257105,0.08818821535636237,0.088021380876325,0.031134234157769704,0.35371217592592713,0.13331984388240947,0.15676149907538509,0.41289520046459,2024-06-29,michelle waterson gomez,gillian robertson,0.7166524738162529,0.2833475261837471,0.7166524738162529,0,0.0,0,225.0,-278.0,0.2135849853840222,1.5319148936170213,2.65,0.24449488514945705,0.0262452639219628,0.0168967792200803,0.0379213858088197,0.0287452808578468,0.0170556976162982,0.0130805707275174,150.0,-200.0,165.0,-188.0
434,97.91508887152432,0.057323320420886927,0.3999999999999999,0.03377827210180795,0.0316294610237879,1.4,-367.62639784931844,-1.0,0.022929328168354766,-0.08608914536857067,-0.01125520191787717,319.56331950859055,4222.235996826199,0.03634360570210024,1,1.918360341257105,0.04621440772163224,0.088021380876325,0.031134234157769704,0.35371217592592713,0.05293758705249786,0.07141851980586365,0.41289520046459,2024-06-29,andrei arlovski,martin buday,0.7384130515012914,0.2615869484987085,0.7384130515012914,0,0.0,0,225.0,-278.0,0.11192769416944481,1.4,3.25,0.24449488514945705,0.0262452639219628,0.0168967792200803,0.0393551302004455,0.0253558275217287,0.0131363950923042,0.0088416268857176,205.0,-280.0,225.0,-250.0
435,101.80360193372496,0.053639827168762706,0.4444444444444444,0.02166622132157331,0.0316294610237879,1.4444444444444444,-367.62639784931844,-1.0,0.023839923186116756,-0.08608914536857067,-0.01125520191787717,319.56331950859055,4222.235996826199,0.03634360570210024,1,1.918360341257105,0.03322042698062263,0.088021380876325,0.031134234157769704,0.35371217592592713,0.03219169909572654,0.05415077181992911,0.41289520046459,2024-06-29,cub swanson,andre fili,0.7073073839918584,0.2926926160081416,0.7073073839918584,0,0.0,0,130.0,-155.0,0.0804572853916514,1.4444444444444444,3.0,0.24449488514945705,0.023106086729758,0.0195196592207963,0.0462926168982899,0.0316294610237879,0.0150309735209291,0.0106100521200964,175.0,-250.0,200.0,-225.0
436,-236.8829967406202,0.055472226317394506,-1.0,0.0513037189140671,0.0316294610237879,1.4444444444444444,-367.62639784931844,-1.0,-0.055472226317394506,-0.08608914536857067,-0.01125520191787717,319.56331950859055,4222.235996826199,0.03634360570210024,1,1.918360341257105,0.0500016888787115,0.088021380876325,0.031134234157769704,0.35371217592592713,0.07690597958235586,0.08078552990614789,0.41289520046459,2024-06-29,ricky simon,vinicius oliveira,0.7278256515558926,0.7278256515558926,0.2721743484441074,1,0.0,1,-175.0,145.0,0.12110019400189095,3.2,1.4444444444444444,0.24449488514945705,0.0197703920738484,0.0247565095959103,0.0371730307149528,0.0561930626511406,0.0019838881455293,0.0028238041621629,-270.0,175.0,-225.0,220.0
437,0.0,0.0,0.0,-0.03789242114548497,0.0316294610237879,1.3636363636363638,-367.62639784931844,-1.0,0.0,-0.08608914536857067,-0.01125520191787717,319.56331950859055,4222.235996826199,0.03634360570210024,1,1.918360341257105,0.0,0.088021380876325,0.031134234157769704,0.35371217592592713,0.0,0.0,0.41289520046459,2024-06-29,dan ige,diego lopes,0.7055455578266443,0.2944544421733557,0.7055455578266443,0,0.0,0,175.0,-250.0,0.0,1.3636363636363638,3.5,0.24449488514945705,0.0462926168982899,0.0316294610237879,0.0525855440880185,0.0318998629780337,0.0115765029078631,0.0074711161397558,210.0,-320.0,250.0,-275.0
438,80.8329772605606,0.0670060651807777,0.2857142857142856,0.013513248033055286,0.0191618095781445,1.2857142857142856,-310.6880088609159,-1.0,0.019144590051650763,-0.0735837620385161,-0.14740268556436872,-311.68091615781526,3599.8670718074677,0.03634360570210023,1,-1.1661375661375661,0.044888004316455545,0.05804968253243847,0.015074216940680478,0.2596778532295491,0.02505015730543449,0.0386768792998481,0.6260775962347639,2024-07-13,gabriel bonfim,ange loosa,0.7882880818034875,0.7882880818034875,0.2117119181965124,1,1.0,1,-430.0,300.0,0.07169718991130236,4.2,1.2857142857142856,0.01341127214347937,0.0211528338556065,0.0401679208613745,0.032549170769477,0.0634104251901188,0.0058412026598846,0.0100318132131314,-450.0,260.0,-350.0,320.0
439,95.33890856560737,0.05645048538101165,0.3999999999999999,0.015223573658608047,0.0191618095781445,1.4,-310.6880088609159,-1.0,0.022580194152404653,-0.0735837620385161,-0.14740268556436872,-311.68091615781526,3599.8670718074677,0.03634360570210023,1,-1.1661375661375661,0.041905458288350336,0.05804968253243847,0.015074216940680478,0.2596778532295491,0.023850137172624335,0.04272363175482045,0.6260775962347639,2024-07-13,rose namajunas,tracy cortez,0.7251596954704344,0.7251596954704344,0.2748403045295656,1,1.0,1,-200.0,163.0,0.06693332989452126,3.25,1.4,0.01341127214347937,0.0201101736544746,0.0267846298943212,0.0320812817657297,0.0512520515676035,0.0088416268857176,0.0131363950923042,-300.0,200.0,-250.0,225.0
440,0.0,0.0,0.0,-0.08186581241449126,0.0191618095781445,1.5714285714285714,-310.6880088609159,-1.0,0.0,-0.0735837620385161,-0.14740268556436872,-311.68091615781526,3599.8670718074677,0.03634360570210023,1,-1.1661375661375661,0.0,0.05804968253243847,0.015074216940680478,0.2596778532295491,0.0,0.0,0.6260775962347639,2024-07-13,santiago ponzinibbio,muslim salikhov,0.5842672102816874,0.5842672102816874,0.4157327897183126,1,0.0,1,-148.0,124.0,0.0,2.6,1.5714285714285714,0.01341127214347937,0.0200233728765578,0.0231793921004005,0.0314687124102657,0.0403703680495044,0.0092525797802403,0.0117264411987806,-190.0,140.0,-175.0,160.0
441,145.76133867563053,0.037284094467484354,0.925925925925926,0.08106390494691318,0.0191618095781445,1.925925925925926,-310.6880088609159,-1.0,0.034522309692115144,-0.0735837620385161,-0.14740268556436872,-311.68091615781526,3599.8670718074677,0.03634360570210023,1,-1.1661375661375661,0.06591647545480947,0.05804968253243847,0.015074216940680478,0.2596778532295491,0.08419874954668512,0.10136492261687365,0.6260775962347639,2024-07-13,drew dober,jean silva,0.5613216429532049,0.4386783570467951,0.5613216429532049,0,0.0,0,-155.0,130.0,0.10528483346350632,1.925925925925926,2.0,0.01341127214347937,0.0195196592207963,0.023106086729758,0.0392859653867084,0.038094986994244,0.0097005466611789,0.0095302225695902,-110.0,-124.0,100.0,-108.0
442,-241.05329754235808,0.05709138421527238,-1.0,0.07932430454209327,0.0191618095781445,1.4444444444444444,-310.6880088609159,-1.0,-0.05709138421527238,-0.0735837620385161,-0.14740268556436872,-311.68091615781526,3599.8670718074677,0.03634360570210023,1,-1.1661375661375661,0.108509123953302,0.05804968253243847,0.015074216940680478,0.2596778532295491,0.11958083454084256,0.11496953830488937,0.6260775962347639,2024-07-13,julian erosa,christian rodriguez,0.7472245185291415,0.2527754814708585,0.7472245185291415,0,1.0,0,142.0,-170.0,0.17331577524236105,1.4444444444444444,3.3,0.01341127214347937,0.0236909605473527,0.0191618095781445,0.0608497914257953,0.0396286774737261,-0.0027399946247238,-0.0019220100372807,175.0,-280.0,230.0,-225.0
443,0.0,0.01589384049867521,0.0,-0.005973537516494876,0.0191618095781445,1.9523809523809523,-310.6880088609159,-1.0,0.0,-0.0735837620385161,-0.14740268556436872,-311.68091615781526,3599.8670718074677,0.03634360570210023,1,-1.1661375661375661,0.009950777454349318,0.05804968253243847,0.015074216940680478,0.2596778532295491,-0.006117447821071307,0.015519944800018805,0.6260775962347639,2024-07-13,montel jackson,damon blackshear,0.5091355051744783,0.5091355051744783,0.4908644948255217,1,1.0,1,-150.0,120.0,0.01589384049867521,1.9615384615384617,1.9523809523809523,0.01341127214347937,0.0253013906679012,0.0292440638775533,0.0399483203920599,0.0403899459927181,0.0109873407442177,0.0110117027756292,-120.0,-115.0,-105.0,-104.0
444,-153.26576309123487,0.03629966757103174,-1.0,0.21217628606981687,0.0191618095781445,2.0,-310.6880088609159,-1.0,-0.03629966757103174,-0.0735837620385161,-0.14740268556436872,-311.68091615781526,3599.8670718074677,0.03634360570210023,1,-1.1661375661375661,0.14443346733157725,0.05804968253243847,0.015074216940680478,0.2596778532295491,0.21321181022790364,0.2295753525413489,0.6260775962347639,2024-07-13,josh fremd,andre petroski,0.6060881430349084,0.6060881430349084,0.3939118569650915,1,0.0,1,120.0,-142.0,0.23069579266244533,1.9090909090909087,2.0,0.01341127214347937,0.0219819935623222,0.0193403204872646,0.0372029765125536,0.0365534557344445,0.0120365301632248,0.0117729936462989,-112.0,-120.0,100.0,-110.0
445,3.301359734680883,0.0035185429751513468,0.22222222222222232,0.002153283550107271,0.0191618095781445,1.2222222222222223,-310.6880088609159,-1.0,0.0007818984389225219,-0.0735837620385161,-0.14740268556436872,-311.68091615781526,3599.8670718074677,0.03634360570210023,1,-1.1661375661375661,0.00220301538951999,0.05804968253243847,0.015074216940680478,0.2596778532295491,0.00457888147566996,0.0016547454231446647,0.6260775962347639,2024-07-13,evan elder,darrius flowers,0.8199435956319059,0.8199435956319059,0.1800564043680941,1,1.0,1,-425.0,330.0,0.0035187577430800016,5.6,1.2222222222222223,0.01341127214347937,0.0146095237354543,0.0274724253232388,0.0282557770293627,0.0647600707049687,-0.0011259653141498,-0.0021207879326033,-625.0,333.0,-450.0,460.0
446,-242.59643976070166,0.05745686407464157,-1.0,0.03786317175898424,0.0191618095781445,1.4081632653061225,-310.6880088609159,-1.0,-0.05745686407464157,-0.0735837620385161,-0.14740268556436872,-311.68091615781526,3599.8670718074677,0.03634360570210023,1,-1.1661375661375661,0.06143138507461846,0.05804968253243847,0.015074216940680478,0.2596778532295491,0.05920232417241003,0.06275385055244366,0.6260775962347639,2024-07-13,joshua van,charles johnson,0.7370332669013077,0.7370332669013077,0.2629667330986923,1,0.0,1,-210.0,170.0,0.09812104033759927,3.4,1.4081632653061225,0.01341127214347937,0.0202306563835465,0.0275590688255333,0.0320812817657297,0.0512520515676035,0.0017214526135309,0.0025411219815246,-300.0,200.0,-245.0,240.0
447,0.0,0.0,0.0,-0.056125380636406125,0.0191618095781445,1.2564102564102564,-310.6880088609159,-1.0,0.0,-0.0735837620385161,-0.14740268556436872,-311.68091615781526,3599.8670718074677,0.03634360570210023,1,-1.1661375661375661,0.0,0.05804968253243847,0.015074216940680478,0.2596778532295491,0.0,0.0,0.6260775962347639,2024-07-13,luana santos,mariya agapova,0.7512471460240849,0.7512471460240849,0.248752853975915,1,1.0,1,-170.0,142.0,0.0,4.4,1.2564102564102564,0.01341127214347937,0.0191618095781445,0.0236909605473527,0.0221920743449993,0.0426227404698154,0.0082785373332109,0.014912557286455,-440.0,300.0,-390.0,340.0
448,-151.8832898374848,0.04219136062744264,-1.0,0.0583990774689741,0.0316294610237879,1.7246376811594204,-242.89053212297236,-1.0,-0.04219136062744264,-0.06747208362919321,-0.011818902618645877,200.34405376121,3557.3205934457055,0.03634360570210024,1,1.3742054671369157,0.03045106882068613,0.12509908749814547,0.0558412111451732,0.44637584703406424,0.06834886416871447,0.08955778738964364,0.29051855156528633,2024-07-20,kurt holobaugh,kaynan kruschewsky,0.613693582734111,0.386306417265889,0.613693582734111,0,1.0,0,120.0,-163.0,0.10481626270205006,1.7246376811594204,2.25,0.13982778400907658,0.0403376871081888,0.0339796305551364,0.0491942280076172,0.0423808635674742,0.0129057544857461,0.0113706227318075,110.0,-160.0,125.0,-138.0
449,124.87492470250079,0.03746386074499859,0.925925925925926,0.11388523756036284,0.0316294610237879,1.925925925925926,-242.89053212297236,-1.0,0.03468875994907278,-0.06747208362919321,-0.011818902618645877,200.34405376121,3557.3205934457055,0.03634360570210024,1,1.3742054671369157,0.04068505143367708,0.12509908749814547,0.0558412111451732,0.44637584703406424,0.11839086573629806,0.13471322551459095,0.29051855156528633,2024-07-20,amanda lemos,virna jandiroba,0.5783634887332653,0.4216365112667347,0.5783634887332653,0,0.0,0,110.0,-150.0,0.14004286891308623,1.925925925925926,2.0,0.13982778400907658,0.0405383694346594,0.0356521067558167,0.0403365658031246,0.0390285135619546,0.0097005466611789,0.0095302225695902,-110.0,-125.0,100.0,-108.0
450,-115.93343830560919,0.03220492201324529,-1.0,0.3651265369708151,0.0316294610237879,2.26,-242.89053212297236,-1.0,-0.03220492201324529,-0.06747208362919321,-0.011818902618645877,200.34405376121,3557.3205934457055,0.03634360570210024,1,1.3742054671369157,0.08814881519658187,0.12509908749814547,0.0558412111451732,0.44637584703406424,0.3305447901697399,0.335162708016551,0.29051855156528633,2024-07-20,cody durden,bruno silva,0.604038290695051,0.604038290695051,0.395961709304949,1,0.0,1,-150.0,110.0,0.30341888571881015,1.72992700729927,2.26,0.13982778400907658,0.0356521067558167,0.0405383694346594,0.0491942280076172,0.0423808635674742,0.0109137713479807,0.0096231764881719,110.0,-160.0,126.0,-137.0
451,102.8061991409663,0.04655008122720412,0.6134969325153374,0.057389728625469094,0.0316294610237879,1.6134969325153374,-242.89053212297236,-1.0,0.028558332041229522,-0.06747208362919321,-0.011818902618645877,200.34405376121,3557.3205934457055,0.03634360570210024,1,1.3742054671369157,0.03082521995667165,0.12509908749814547,0.0558412111451732,0.44637584703406424,0.07311902727611384,0.08327911089590186,0.29051855156528633,2024-07-20,steve garcia,seungwoo choi,0.6553404021519067,0.6553404021519067,0.3446595978480933,1,1.0,1,-138.0,105.0,0.10610413617508518,2.55,1.6134969325153374,0.13982778400907658,0.0322362225882545,0.0354005882336351,0.0396494636101499,0.0503055588786056,0.0053420528861958,0.006586672976773,-190.0,130.0,-163.0,155.0
452,101.75756565655956,0.03533379275775168,0.8,0.028268759594273107,0.0316294610237879,1.8,-242.89053212297236,-1.0,0.028267034206201344,-0.06747208362919321,-0.011818902618645877,200.34405376121,3557.3205934457055,0.03634360570210024,1,1.3742054671369157,0.010265748864876013,0.12509908749814547,0.0558412111451732,0.44637584703406424,0.03161080338621259,0.03160006561830281,0.29051855156528633,2024-07-20,luana carolina,lucie pudilova,0.5712604219968184,0.5712604219968184,0.4287395780031816,1,1.0,1,105.0,-138.0,0.03533594949295022,2.25,1.8,0.13982778400907658,0.0354005882336351,0.0322362225882545,0.0472907115587453,0.0527092884412548,5.018208071305708e-14,-5.0071058410594566e-14,-150.0,100.0,-125.0,125.0
453,93.79187224481785,0.05210851977249572,0.5,0.07103413416383308,0.0316294610237879,1.5,-242.89053212297236,-1.0,0.02605425988624786,-0.06747208362919321,-0.011818902618645877,200.34405376121,3557.3205934457055,0.03634360570210024,1,1.3742054671369157,0.04864268441354285,0.12509908749814547,0.0558412111451732,0.44637584703406424,0.09983397600540352,0.11913308476028835,0.29051855156528633,2024-07-20,brian kelleher,cody gibson,0.7140227561092221,0.2859772438907779,0.7140227561092221,0,0.0,0,175.0,-250.0,0.16743400430526964,1.5,2.8,0.13982778400907658,0.0462926168982899,0.0316294610237879,0.0392828753414365,0.0284452615406929,0.0136538780473972,0.0101556457621264,163.0,-220.0,180.0,-200.0
454,93.63379069587792,0.0598237974638296,0.4347826086956521,0.12280038445756858,0.0316294610237879,1.434782608695652,-242.89053212297236,-1.0,0.026010346723404167,-0.06747208362919321,-0.011818902618645877,200.34405376121,3557.3205934457055,0.03634360570210024,1,1.3742054671369157,0.08605399161098419,0.12509908749814547,0.0558412111451732,0.44637584703406424,0.18665622837311613,0.1948742200411237,0.29051855156528633,2024-07-20,miranda maverick,dione barbosa,0.7825578437128509,0.7825578437128509,0.2174421562871491,1,1.0,1,-175.0,130.0,0.2962082495156797,3.15,1.434782608695652,0.13982778400907658,0.0318698323703832,0.0392764126889053,0.0268500650832099,0.0401997433459088,0.0059277888164889,0.0085022256135255,-260.0,190.0,-230.0,215.0
455,139.65280319909948,0.035267161615947916,1.1,0.13375445084608795,0.0316294610237879,2.1,-242.89053212297236,-1.0,0.038793877777542715,-0.06747208362919321,-0.011818902618645877,200.34405376121,3557.3205934457055,0.03634360570210024,1,1.3742054671369157,0.031817022179031595,0.12509908749814547,0.0558412111451732,0.44637584703406424,0.12792997503656506,0.11450424511180547,0.29051855156528633,2024-07-20,mohammed usman,thomas petersen,0.5398830718314704,0.4601169281685296,0.5398830718314704,0,0.0,0,-150.0,110.0,0.10951803940782613,2.1,1.9615384615384617,0.13982778400907658,0.0356521067558167,0.0405383694346594,0.0575050111410532,0.0607120431225127,-0.0069015800931359,-0.0071040221477605,-140.0,-115.0,-104.0,110.0
456,-188.3563737355179,0.05232314693246312,-1.0,0.1039025971070775,0.0316294610237879,1.526315789473684,-242.89053212297236,-1.0,-0.05232314693246312,-0.06747208362919321,-0.011818902618645877,200.34405376121,3557.3205934457055,0.03634360570210024,1,1.3742054671369157,0.05910076938509959,0.12509908749814547,0.0558412111451732,0.44637584703406424,0.14353240770930858,0.147263696460845,0.29051855156528633,2024-07-20,jeongyeong lee,hyder amil,0.7232465291391198,0.7232465291391198,0.2767534708608802,1,0.0,1,-250.0,175.0,0.20343199794529562,2.85,1.526315789473684,0.13982778400907658,0.0316294610237879,0.0462926168982899,0.0387831778135211,0.0535245144941712,0.0026047361397324,0.0034448706358273,-225.0,150.0,-190.0,185.0
457,66.66269778723782,0.07495832443110419,0.25,0.03795424132082301,0.0316294610237879,1.25,-352.5615532257663,-1.0,0.018739581107776047,-0.09910873759181395,-0.15313704906675402,-192.1960250389033,3012.563015181036,0.03634360570210024,1,-1.85,0.04064556905721364,0.1468287427133637,0.06167890536219478,0.4200737827102638,0.07561604153627745,0.08242190578868094,0.2475237819958013,2024-07-27,nathaniel wood,daniel pineda,0.8303633930566584,0.8303633930566584,0.1696366069433416,1,1.0,1,-350.0,240.0,0.16420874281043066,4.8,1.25,0.06826039827030311,0.0263895562040242,0.0455058686325771,0.0244045177844269,0.0498926709705931,0.0029652804861365,0.0053680528471968,-500.0,315.0,-400.0,380.0
458,-140.20614980891037,0.03941341414862565,-1.0,0.0038759502818584424,0.0316294610237879,1.4,-352.5615532257663,-1.0,-0.039413414148625654,-0.09910873759181395,-0.15313704906675402,-192.1960250389033,3012.563015181036,0.03634360570210024,1,-1.85,0.009756352811952952,0.1468287427133637,0.06167890536219478,0.4200737827102638,0.006072166133776426,0.025159680233182456,0.2475237819958013,2024-07-27,leon edwards,belal muhammad,0.7170542502013275,0.7170542502013275,0.2829457497986725,1,0.0,1,-298.0,240.0,0.039415819899351924,3.25,1.4,0.06826039827030311,0.0164642876034875,0.0263970780483009,0.0298434802109398,0.0466596320747645,0.0088416268857176,0.0131363950923042,-286.0,198.0,-250.0,225.0
459,0.0,0.0,0.0,-0.160657619924035,0.0316294610237879,1.25,-352.5615532257663,-1.0,0.0,-0.09910873759181395,-0.15313704906675402,-192.1960250389033,3012.563015181036,0.03634360570210024,1,-1.85,0.0,0.1468287427133637,0.06167890536219478,0.4200737827102638,0.0,0.0,0.2475237819958013,2024-07-27,tom aspinall,curtis blaydes,0.671473904060772,0.671473904060772,0.328526095939228,1,1.0,1,-198.0,164.0,0.0,4.2,1.25,0.06826039827030311,0.0185656693505812,0.0246517396386398,0.0211528338556065,0.0401679208613745,0.013467421863802,0.024627816231436,-430.0,300.0,-400.0,320.0
460,-148.18731521766952,0.0416570031643203,-1.0,0.2528216726206579,0.0316294610237879,1.8333333333333333,-352.5615532257663,-1.0,-0.0416570031643203,-0.09910873759181395,-0.15313704906675402,-192.1960250389033,3012.563015181036,0.03634360570210024,1,-1.85,0.07897945092188777,0.1468287427133637,0.06167890536219478,0.4200737827102638,0.2796714046772023,0.2884452652313861,0.2475237819958013,2024-07-27,christian leroy duncan,gregory rodrigues,0.6833572759749044,0.6833572759749044,0.3166427240250956,1,0.0,1,-125.0,-105.0,0.3190782327462477,2.1,1.8333333333333333,0.06826039827030311,0.0331297358984499,0.0346209416083251,0.0382576321409336,0.0415743006321754,0.0104752559866196,0.0111697656584019,-138.0,100.0,-120.0,110.0
461,88.56328877126411,0.062240165346947,0.3999999999999999,0.1082405449340118,0.0316294610237879,1.4,-352.5615532257663,-1.0,0.024896066138778792,-0.09910873759181395,-0.15313704906675402,-192.1960250389033,3012.563015181036,0.03634360570210024,1,-1.85,0.07017253589355406,0.1468287427133637,0.06167890536219478,0.4200737827102638,0.17139765021905945,0.17903393022923908,0.2475237819958013,2024-07-27,arnold allen,giga chikadze,0.7916003892385799,0.7916003892385799,0.2083996107614201,1,1.0,1,-218.0,180.0,0.2834981565316596,3.35,1.4,0.06826039827030311,0.0178645296442542,0.0248129186935715,0.0298859964891874,0.0470370804338894,0.0051427618442088,0.0076504151280726,-290.0,200.0,-250.0,235.0
462,0.0,0.0,0.0,-0.02812388490026871,0.0316294610237879,1.2173913043478262,-352.5615532257663,-1.0,0.0,-0.09910873759181395,-0.15313704906675402,-192.1960250389033,3012.563015181036,0.03634360570210024,1,-1.85,0.0,0.1468287427133637,0.06167890536219478,0.4200737827102638,0.0,0.0,0.2475237819958013,2024-07-27,mick parkin,lukasz brzeski,0.7983268088319221,0.7983268088319221,0.2016731911680779,1,1.0,1,-200.0,150.0,0.0,5.3,1.2173913043478262,0.06826039827030311,0.0287452808578468,0.0379213858088197,0.0230725937328416,0.0514615677578416,0.003465229786032,0.0066425869255583,-600.0,360.0,-460.0,430.0
463,0.0,0.0,0.0,-0.02623476609599501,0.0316294610237879,1.2222222222222223,-352.5615532257663,-1.0,0.0,-0.09910873759181395,-0.15313704906675402,-192.1960250389033,3012.563015181036,0.03634360570210024,1,-1.85,0.0,0.1468287427133637,0.06167890536219478,0.4200737827102638,0.0,0.0,0.2475237819958013,2024-07-27,sam patterson,kiefer crosbie,0.7967170095578222,0.7967170095578222,0.2032829904421778,1,1.0,1,-275.0,200.0,0.0,4.85,1.2222222222222223,0.06826039827030311,0.0262663073127574,0.040400359353909,0.0225655293610897,0.0460619216193023,0.0083601951560139,0.0160071900361134,-500.0,325.0,-450.0,385.0
464,102.18711900404841,0.05745173442749366,0.5,0.18071954477064395,0.0316294610237879,1.5,-352.5615532257663,-1.0,0.02872586721374683,-0.09910873759181395,-0.15313704906675402,-192.1960250389033,3012.563015181036,0.03634360570210024,1,-1.85,0.0941379664279059,0.1468287427133637,0.06167890536219478,0.4200737827102638,0.2572839395874842,0.2671408645174844,0.2475237819958013,2024-07-27,muhammad mokaev,manel kape,0.7871463631804293,0.7871463631804293,0.2128536368195707,1,1.0,1,120.0,-142.0,0.3803188754990126,2.8,1.5,0.06826039827030311,0.0219819935623222,0.0193403204872646,0.0303226816346757,0.0417927029807088,0.0101556457621264,0.0136538780473972,-220.0,160.0,-200.0,180.0
465,0.0,0.0,0.0,-0.07248661580513649,0.0316294610237879,1.4444444444444444,-352.5615532257663,-1.0,0.0,-0.09910873759181395,-0.15313704906675402,-192.1960250389033,3012.563015181036,0.03634360570210024,1,-1.85,0.0,0.1468287427133637,0.06167890536219478,0.4200737827102638,0.0,0.0,0.2475237819958013,2024-07-27,jake hadley,caolan loughran,0.642124650596444,0.3578753494035561,0.642124650596444,0,1.0,0,150.0,-186.0,0.0,1.4444444444444444,3.05,0.06826039827030311,0.0283132845779334,0.0220363657717169,0.0462926168982899,0.0316294610237879,0.0118345224887278,0.0083420222779808,175.0,-250.0,205.0,-225.0
466,-161.21566557487375,0.04531940862229581,-1.0,0.024226456161559884,0.0316294610237879,1.6289308176100628,-352.5615532257663,-1.0,-0.04531940862229581,-0.09910873759181395,-0.15313704906675402,-192.1960250389033,3012.563015181036,0.03634360570210024,1,-1.85,0.013335486372467134,0.1468287427133637,0.06167890536219478,0.4200737827102638,0.030455992345323375,0.04285574640370412,0.2475237819958013,2024-07-27,oban elliott,preston parsons,0.6287722259833515,0.3712277740166486,0.6287722259833515,0,1.0,0,-110.0,-120.0,0.053875576176730125,1.6289308176100628,2.5,0.06826039827030311,0.0350135352882691,0.0342505339758,0.0495190070936725,0.0394271344840477,0.0076332407565121,0.0062663731431017,128.0,-186.0,150.0,-159.0
467,0.0,0.0,0.0,-0.06669863885756117,0.0316294610237879,1.2985074626865671,-352.5615532257663,-1.0,0.0,-0.09910873759181395,-0.15313704906675402,-192.1960250389033,3012.563015181036,0.03634360570210024,1,-1.85,0.0,0.1468287427133637,0.06167890536219478,0.4200737827102638,0.0,0.0,0.2475237819958013,2024-07-27,molly mccann,bruna brasil,0.7187493240982,0.7187493240982,0.2812506759018,1,0.0,1,-250.0,175.0,0.0,3.8,1.2985074626865671,0.06826039827030311,0.0316294610237879,0.0462926168982899,0.0270265375564874,0.0481614323683246,0.0123704967454446,0.0209023405201332,-375.0,250.0,-335.0,280.0
468,96.62177642270943,0.04361920904980245,0.7352941176470589,0.16658644943610795,0.0172648620833434,1.7352941176470589,575.4180959460978,1.3663101604278078,0.0320729478307371,0.19100616088242017,0.24651830210164818,167.23382353055302,3755.214934657687,0.03634360570210024,1,0.42854238984269966,0.05206093631133742,0.170273139121653,0.09191928398079478,0.5398343182897586,0.1947216599050738,0.20866783687125384,0.2134429769109634,2024-08-03,marlon vera,deiveson figueiredo,0.6722701573021639,0.3277298426978361,0.6722701573021639,0,0.0,0,-105.0,-115.0,0.24391028022933903,1.7352941176470589,2.25,0.23892409774637308,0.0237995764494319,0.0232792664320201,0.0336603803563935,0.0293025826065694,0.0109908024649661,0.0097248284201562,116.0,-150.0,125.0,-136.0
469,86.18994043701262,0.04348745862047516,0.6578947368421053,0.012756808460710534,0.0172648620833434,1.6578947368421053,575.4180959460978,1.3663101604278078,0.02861017014504945,0.19100616088242017,0.24651830210164818,167.23382353055302,3755.214934657687,0.03634360570210024,1,0.42854238984269966,0.012103287352839122,0.170273139121653,0.09191928398079478,0.5398343182897586,0.015617217758221856,0.046319071361444565,0.2134429769109634,2024-08-03,joel alvarez,elves brener,0.6108691860556666,0.6108691860556666,0.3891308139443333,1,1.0,1,-120.0,-110.0,0.05670501568148548,2.3200000000000003,1.6578947368421053,0.23892409774637308,0.0342505339758,0.0350135352882691,0.0329579201220419,0.0395327235274406,0.0156975365234555,0.0185115494097682,-166.0,123.0,-152.0,132.0
470,0.0,0.0,0.0,-0.030541657934411853,0.0172648620833434,1.2941176470588236,575.4180959460978,1.3663101604278078,0.0,0.19100616088242017,0.24651830210164818,167.23382353055302,3755.214934657687,0.03634360570210024,1,0.42854238984269966,0.0,0.170273139121653,0.09191928398079478,0.5398343182897586,0.0,0.0,0.2134429769109634,2024-08-03,cory sandhagen,umar nurmagomedov,0.7491269006870453,0.2508730993129546,0.7491269006870453,0,0.0,0,225.0,-278.0,0.0,1.2941176470588236,3.9,0.23892409774637308,0.0262452639219628,0.0168967792200803,0.0417702567695023,0.0228762078769623,0.0183459837094261,0.010791545428103,275.0,-395.0,290.0,-340.0
471,0.0,0.0,0.0,-0.09598920504757641,0.0172648620833434,1.8,575.4180959460978,1.3663101604278078,0.0,0.19100616088242017,0.24651830210164818,167.23382353055302,3755.214934657687,0.03634360570210024,1,0.42854238984269966,0.0,0.170273139121653,0.09191928398079478,0.5398343182897586,0.0,0.0,0.2134429769109634,2024-08-03,mackenzie dern,loopy godinez,0.5022282194180131,0.5022282194180131,0.4977717805819869,1,1.0,1,124.0,-148.0,0.0,2.22,1.8,0.23892409774637308,0.0231793921004005,0.0200233728765578,0.0436704114276651,0.0481663232662122,0.0028612375454619,0.0031447684605442,-145.0,100.0,-125.0,122.0
472,55.97558463624902,0.08175516035959003,0.2272727272727273,0.05315693133044394,0.0172648620833434,1.2272727272727273,575.4180959460978,1.3663101604278078,0.01858071826354319,0.19100616088242017,0.24651830210164818,167.23382353055302,3755.214934657687,0.03634360570210024,1,0.42854238984269966,0.05319104404927614,0.170273139121653,0.09191928398079478,0.5398343182897586,0.11110380362372665,0.11923056996802917,0.2134429769109634,2024-08-03,tony ferguson,michael chiesa,0.8581278699729543,0.1418721300270456,0.8581278699729543,0,0.0,0,350.0,-455.0,0.2492049390384229,1.2272727272727273,5.1,0.23892409774637308,0.0277332659130896,0.0143087761289523,0.0581989253131667,0.0260122855074861,0.0071159069716245,0.0037773392157393,340.0,-599.0,410.0,-440.0
473,105.36068182964914,0.09617786368997276,0.36363636363636376,0.237977434830642,0.0172648620833434,1.3636363636363638,575.4180959460978,1.3663101604278078,0.034973768614535564,0.19100616088242017,0.24651830210164818,167.23382353055302,3755.214934657687,0.03634360570210024,1,0.42854238984269966,0.11755986459480647,0.170273139121653,0.09191928398079478,0.5398343182897586,0.46109937722381245,0.2842617668117891,0.2134429769109634,2024-08-03,shamil gaziev,dontale mayes,0.907850118875804,0.907850118875804,0.0921498811241959,1,1.0,1,-275.0,220.0,0.5507787901770408,8.5,1.3636363636363638,0.23892409774637308,0.0180098262235651,0.0278235071097681,0.0537337628339733,0.204330753295059,-0.0615341415116038,-0.0874854663315334,-1450.0,210.0,-275.0,750.0
474,78.59142981689172,0.058697765390105856,0.4444444444444444,0.09891087798433201,0.0172648620833434,1.4444444444444444,575.4180959460978,1.3663101604278078,0.026087895728935936,0.19100616088242017,0.24651830210164818,167.23382353055302,3755.214934657687,0.03634360570210024,1,0.42854238984269966,0.04247237840405467,0.170273139121653,0.09191928398079478,0.5398343182897586,0.15046636525503487,0.13080650413217548,0.2134429769109634,2024-08-03,azamat murzakanov,alonzo menifield,0.760784453989153,0.760784453989153,0.239215546010847,1,1.0,1,-200.0,165.0,0.19898700354882978,3.5,1.4444444444444444,0.23892409774637308,0.0188658503251424,0.0251593069075619,0.0502019244081837,0.0835493817569155,-0.0090510283739019,-0.01292699360412,-335.0,175.0,-225.0,250.0
475,-105.81324920441237,0.03512399530605459,-1.0,0.0896162426998206,0.0172648620833434,2.05,575.4180959460978,1.3663101604278078,-0.03512399530605459,0.19100616088242017,0.24651830210164818,167.23382353055302,3755.214934657687,0.03634360570210024,1,0.42854238984269966,0.020441064808094895,0.170273139121653,0.09191928398079478,0.5398343182897586,0.08753303946873227,0.09804746469349972,0.2134429769109634,2024-08-03,jai herbert,rolando bedoya,0.5315201183901564,0.4684798816098435,0.5315201183901564,0,1.0,0,-145.0,120.0,0.09576827077623537,2.05,1.9090909090909087,0.23892409774637308,0.021635497208127,0.0247466920312049,0.0461226903215928,0.0485022841317077,0.0057123740755625,0.0059020277827417,-133.0,-110.0,-110.0,105.0
476,0.0,0.0,0.0,-0.0592915137324142,0.0172648620833434,1.289855072463768,575.4180959460978,1.3663101604278078,0.0,0.19100616088242017,0.24651830210164818,167.23382353055302,3755.214934657687,0.03634360570210024,1,0.42854238984269966,0.0,0.170273139121653,0.09191928398079478,0.5398343182897586,0.0,0.0,0.2134429769109634,2024-08-03,mohammad yahya,kaue fernandes,0.7293133208141958,0.2706866791858042,0.7293133208141958,0,0.0,0,260.0,-350.0,0.0,1.289855072463768,4.0,0.23892409774637308,0.0351697471818625,0.0203858083736931,0.0555138125575491,0.0302004731567365,0.0159520015964056,0.0093288972799989,250.0,-400.0,300.0,-345.0
477,-149.6923404075465,0.04968936405751863,-1.0,0.08533429406525311,0.0172648620833434,1.5714285714285714,575.4180959460978,1.3663101604278078,-0.04968936405751863,0.19100616088242017,0.24651830210164818,167.23382353055302,3755.214934657687,0.03634360570210024,1,0.42854238984269966,0.030442567860113214,0.170273139121653,0.09191928398079478,0.5398343182897586,0.11338498879497681,0.10734144862356255,0.2134429769109634,2024-08-03,viktoriia dudakova,sam hughes,0.6906672780415247,0.6906672780415247,0.3093327219584753,1,0.0,1,-190.0,160.0,0.14262623348254821,2.8,1.5714285714285714,0.23892409774637308,0.0172648620833434,0.0225229363251446,0.0477530530216476,0.065883310614716,-0.0028453830411125,-0.0036481234523939,-230.0,140.0,-175.0,180.0
478,64.33762129367074,0.08566436597261716,0.19999999999999996,0.04191157321590233,0.0237995764494319,1.2,-339.73327552447216,-1.0,0.01713287319452343,-0.09046972848051935,-0.0896533414156639,3.0657088984065126,3418.5473680316213,0.03394817398330945,1,-0.1103448275862069,0.242908440999543,0.03394817398330945,0.005093027431505582,0.15002360462773515,0.09241912210315736,0.11015766735318545,1.0,2024-08-10,youssef zalal,jarno errens,0.8682596443465853,0.8682596443465853,0.1317403556534147,1,1.0,1,-258.0,210.0,0.242908440999543,5.3,1.2,0.08296786313188106,0.0172934134973199,0.0259576227254229,0.0240411371388507,0.0532535488514874,0.0073418189481296,0.0146707596682225,-590.0,350.0,-500.0,430.0
479,-174.92961163167564,0.04658311566062773,-1.0,0.055534106811712114,0.0237995764494319,1.625,-339.73327552447216,-1.0,-0.04658311566062773,-0.09046972848051935,-0.0896533414156639,3.0657088984065126,3418.5473680316213,0.03394817398330945,1,-0.1103448275862069,0.08417533550057624,0.03394817398330945,0.005093027431505582,0.15002360462773515,0.07038501602003795,0.06641473337549413,1.0,2024-08-10,jhonata diniz,karl williams,0.649559450345669,0.3504405496543309,0.649559450345669,0,1.0,0,200.0,-245.0,0.08417533550057624,1.625,2.63,0.08296786313188106,0.0258446282047153,0.0176336326648498,0.0668979879403213,0.0516617310292335,-0.0024221271243294,-0.0019651206089258,124.0,-205.0,163.0,-160.0
480,0.0,0.008822057959659487,0.0,-0.0014065529886502781,0.0237995764494319,1.4166666666666667,-339.73327552447216,-1.0,0.0,-0.09046972848051935,-0.0896533414156639,3.0657088984065126,3418.5473680316213,0.03394817398330945,1,-0.1103448275862069,0.008822057959659487,0.03394817398330945,0.005093027431505582,0.15002360462773515,-0.0021712556509285593,0.005714984315135035,1.0,2024-08-10,karol rosa,pannie kianzad,0.7048894920080115,0.7048894920080115,0.2951105079919884,1,1.0,1,-155.0,130.0,0.008822057959659487,3.3,1.4166666666666667,0.08296786313188106,0.0195196592207963,0.023106086729758,0.033043503103694,0.051020824381686,0.0036195154374515,0.0052931405340279,-280.0,188.0,-240.0,230.0
481,0.0,0.0,0.0,-0.08562422825033772,0.0237995764494319,1.5555555555555556,-339.73327552447216,-1.0,0.0,-0.09046972848051935,-0.0896533414156639,3.0657088984065126,3418.5473680316213,0.03394817398330945,1,-0.1103448275862069,0.0,0.03394817398330945,0.005093027431505582,0.15002360462773515,0.0,0.0,1.0,2024-08-10,damon jackson,chepe mariscal,0.5878129961247829,0.412187003875217,0.5878129961247829,0,0.0,0,190.0,-245.0,0.0,1.5555555555555556,2.6,0.08296786313188106,0.0326337911497175,0.0223387225934109,0.0379213858088197,0.0287452808578468,0.0154220321682451,0.0120504953042823,150.0,-200.0,160.0,-180.0
482,113.65769923641142,0.043886612819891625,0.6896551724137931,0.09212490435019827,0.0237995764494319,1.6896551724137931,-339.73327552447216,-1.0,0.030266629530959745,-0.09046972848051935,-0.0896533414156639,3.0657088984065126,3418.5473680316213,0.03394817398330945,1,-0.1103448275862069,0.15546773285213067,0.03394817398330945,0.005093027431505582,0.15002360462773515,0.11061455477260758,0.1294807003290629,1.0,2024-08-10,yana santos,chelsea chandler,0.6463596372684847,0.6463596372684847,0.3536403627315153,1,1.0,1,-105.0,-115.0,0.15546773285213067,2.3200000000000003,1.6896551724137931,0.08296786313188106,0.0237995764494319,0.0232792664320201,0.0301197302765585,0.0353206659031373,0.0105778254586148,0.0122933919938833,-157.0,120.0,-145.0,132.0
483,0.0,0.0,0.0,-0.08838736012677267,0.0232792664320201,1.4,837.918414830504,3.4800000000000004,0.0,0.24510949377687644,0.2562167951780168,37.97083597080241,4294.436618832928,0.03634360570210024,1,1.3655455888923258,0.0,0.10391674250315709,0.03900366484762136,0.37533571499738255,0.0,0.0,0.34973773067411235,2024-08-17,kai kara france,steve erceg,0.6511518856237338,0.3488481143762661,0.6511518856237338,0,1.0,0,172.0,-205.0,0.0,1.4,3.4,0.07374020815370204,0.022861479381002,0.0169167269835109,0.0546959456716461,0.0342871051758115,0.0050262223086338,0.003377139035904,195.0,-300.0,240.0,-250.0
484,130.84031677847187,0.038273659157693325,1.0,0.30235540521910065,0.0232792664320201,2.0,837.918414830504,3.4800000000000004,0.038273659157693325,0.24510949377687644,0.2562167951780168,37.97083597080241,4294.436618832928,0.03634360570210024,1,1.3655455888923258,0.10453384574389223,0.10391674250315709,0.03900366484762136,0.37533571499738255,0.3075198434197238,0.2938725574548676,0.34973773067411235,2024-08-17,dricus du plessis,israel adesanya,0.6511777026095503,0.6511777026095503,0.3488222973904497,1,1.0,1,144.0,-186.0,0.29889210278343536,2.02,2.0,0.07374020815370204,0.0337659075685295,0.0264198083548913,0.0465338790464816,0.0464319786252584,-0.0024698783521157,-0.0024806166973891,-120.0,-121.0,100.0,102.0
485,-267.1438696090423,0.07814543455130246,-1.0,0.07351064097618293,0.0232792664320201,1.2597402597402598,837.918414830504,3.4800000000000004,-0.07814543455130245,0.24510949377687644,0.2562167951780168,37.97083597080241,4294.436618832928,0.03634360570210024,1,1.3655455888923258,0.10784715494849809,0.10391674250315709,0.03900366484762136,0.37533571499738255,0.1432786087241456,0.15821041103863803,0.34973773067411235,2024-08-17,mateusz gamrot,dan hooker,0.852168240774908,0.852168240774908,0.1478317592250919,1,0.0,1,-295.0,220.0,0.308365799539629,4.4,1.2597402597402598,0.07374020815370204,0.0228866584861963,0.0364487845517783,0.0253343334093399,0.0492577411827345,0.0075571298180011,0.0135300304444168,-450.0,290.0,-385.0,340.0
486,0.0,0.0,0.0,-0.04790562974366197,0.0232792664320201,1.4444444444444444,837.918414830504,3.4800000000000004,0.0,0.24510949377687644,0.2562167951780168,37.97083597080241,4294.436618832928,0.03634360570210024,1,1.3655455888923258,0.0,0.10391674250315709,0.03900366484762136,0.37533571499738255,0.0,0.0,0.34973773067411235,2024-08-17,tai tuivasa,jairzinho rozenstruik,0.659142256331311,0.340857743668689,0.659142256331311,0,0.0,0,132.0,-170.0,0.0,1.4444444444444444,2.95,0.07374020815370204,0.0333769876637669,0.0272871247244832,0.0513452487166904,0.0345133371418953,0.0183309337818654,0.0129598093732845,175.0,-260.0,195.0,-225.0
487,0.0,0.022945859691076858,0.0,-0.0007818316866945174,0.0232792664320201,1.2857142857142856,837.918414830504,3.4800000000000004,0.0,0.24510949377687644,0.2562167951780168,37.97083597080241,4294.436618832928,0.03634360570210024,1,1.3655455888923258,0.00802503289672381,0.10391674250315709,0.03900366484762136,0.37533571499738255,-0.0014491656349622031,0.012379399395154896,0.34973773067411235,2024-08-17,li jingliang,carlos prates,0.7771696864659043,0.2228303135340957,0.7771696864659043,0,0.0,0,200.0,-265.0,0.022945859691076858,1.2857142857142856,4.2,0.07374020815370204,0.0357494745355933,0.0236112560580139,0.0558182489476436,0.0296518365224418,0.0100318132131314,0.0058412026598846,260.0,-420.0,320.0,-350.0
488,136.32663776648363,0.032160103421868855,1.2400000000000002,0.169959957190725,0.0232792664320201,2.24,837.918414830504,3.4800000000000004,0.03987852824311739,0.24510949377687644,0.2562167951780168,37.97083597080241,4294.436618832928,0.03634360570210024,1,1.3655455888923258,0.05124602459241552,0.10391674250315709,0.03900366484762136,0.37533571499738255,0.15322254148233305,0.16253303471770297,0.34973773067411235,2024-08-17,casey oneill,luana santos,0.5223035523172879,0.5223035523172879,0.4776964476827121,1,1.0,1,140.0,-166.0,0.1465270118086483,1.7692307692307692,2.24,0.07374020815370204,0.0224151110016604,0.018311706040946,0.0551905946218716,0.0479988988115243,0.0061374951931404,0.0055084675397788,105.0,-160.0,124.0,-130.0
489,-136.95014211859646,0.04006091692608358,-1.0,0.08848747580417987,0.0232792664320201,1.8333333333333333,837.918414830504,3.4800000000000004,-0.04006091692608358,0.24510949377687644,0.2562167951780168,37.97083597080241,4294.436618832928,0.03634360570210024,1,1.3655455888923258,0.03850917286264578,0.10391674250315709,0.03900366484762136,0.37533571499738255,0.09703412532455281,0.10041047324166284,0.34973773067411235,2024-08-17,josh culibao,ricardo ramos,0.5937204413477345,0.5937204413477345,0.4062795586522655,1,0.0,1,-166.0,140.0,0.11010871714761841,2.18,1.8333333333333333,0.07374020815370204,0.018311706040946,0.0224151110016604,0.0459416887491485,0.0495867665354043,0.0020042009922551,0.0021659407925654,-140.0,-105.0,-120.0,118.0
490,51.9199742212098,0.08338063738416666,0.18214936247723124,0.019229231947800823,0.0232792664320201,1.1821493624772312,837.918414830504,3.4800000000000004,0.01518772994247115,0.24510949377687644,0.2562167951780168,37.97083597080241,4294.436618832928,0.03634360570210024,1,1.3655455888923258,0.029163134877393488,0.10391674250315709,0.03900366484762136,0.37533571499738255,0.04554011180401332,0.03520947619847098,0.34973773067411235,2024-08-17,jack jenkins,herbert burns,0.8621831253302661,0.8621831253302661,0.1378168746697339,1,1.0,1,-535.0,400.0,0.08338572684503368,7.0,1.1821493624772312,0.07374020815370204,0.0137943173646942,0.0287253676746758,0.0280950765476558,0.0849484017132136,-0.0037289297398875,-0.0074971323336321,-1050.0,400.0,-549.0,600.0
491,0.0,0.0,0.0,-0.022819869935018763,0.0232792664320201,1.0896860986547086,837.918414830504,3.4800000000000004,0.0,0.24510949377687644,0.2562167951780168,37.97083597080241,4294.436618832928,0.03634360570210024,1,1.3655455888923258,0.0,0.10391674250315709,0.03900366484762136,0.37533571499738255,0.0,0.0,0.34973773067411235,2024-08-17,tom nolan,alex reyes,0.8967537819114848,0.8967537819114848,0.1032462180885152,1,1.0,1,-1100.0,700.0,0.0,9.1,1.0896860986547086,0.07374020815370204,0.010809779385279,0.0308568872813876,0.0145173846298943,0.051659085958341,0.007267945429165,0.0203176377119734,-1600.0,700.0,-1115.0,810.0
492,122.9779189322759,0.03813215966735923,0.9433962264150944,0.06227731671731451,0.0232792664320201,1.9433962264150944,837.918414830504,3.4800000000000004,0.03597373553524456,0.24510949377687644,0.2562167951780168,37.97083597080241,4294.436618832928,0.03634360570210024,1,1.3655455888923258,0.016993405017852226,0.10391674250315709,0.03900366484762136,0.37533571499738255,0.0642350603852771,0.04710810954108836,0.34973773067411235,2024-08-17,junior tafa,valter walker,0.5466087163691036,0.4533912836308963,0.5466087163691036,0,0.0,0,-105.0,-115.0,0.048588995488412945,1.9433962264150944,2.14,0.07374020815370204,0.0237995764494319,0.0232792664320201,0.0674835314406031,0.0635237101657169,-0.0092564643899055,-0.0088907091878096,-117.0,-145.0,114.0,-106.0
493,-284.6289603016565,0.06627853326637484,-1.0,0.05132655288943078,0.0178645296442542,1.3174603174603174,602.7521638109158,1.28395061728395,-0.06627853326637484,0.14035651642117425,0.16648810420191534,112.22044747386165,5009.409230117705,0.03634360570210023,1,0.9788359788359782,0.17046299986059887,0.04140221255139573,0.007915116747000602,0.19117617777491874,0.09003363676814509,0.11070391256660696,0.8778179585688601,2024-08-24,edmen shahbazyan,gerald meerschaert,0.7979948533980017,0.7979948533980017,0.2020051466019983,1,0.0,1,-148.0,124.0,0.19418946513524418,3.75,1.3174603174603174,0.13113022219234516,0.0200233728765578,0.0231793921004005,0.0248211057667622,0.0428117444747838,0.0097218056138841,0.0159810056310957,-350.0,245.0,-315.0,275.0
494,69.7730030935535,0.028432776229190628,0.5714285714285714,0.020592468933756047,0.0178645296442542,1.5714285714285714,602.7521638109158,1.28395061728395,0.01624730070239464,0.14035651642117425,0.16648810420191534,112.22044747386165,5009.409230117705,0.03634360570210023,1,0.9788359788359782,0.0249603250432924,0.04140221255139573,0.007915116747000602,0.19117617777491874,0.027292516435357173,0.021454115486820337,0.8778179585688601,2024-08-24,dennis buzukja,francis marshall,0.6494679347760266,0.3505320652239734,0.6494679347760266,0,0.0,0,114.0,-146.0,0.02843451173405721,1.5714285714285714,2.8,0.13113022219234516,0.0323203113680271,0.0284653432174907,0.0599464743542338,0.0442201923124329,-0.0036481234523939,-0.0028453830411125,140.0,-220.0,180.0,-175.0
495,94.89089940735713,0.05965984624765325,0.37037037037037024,0.03599752632984543,0.0178645296442542,1.3703703703703702,602.7521638109158,1.28395061728395,0.022096239350982674,0.14035651642117425,0.16648810420191534,112.22044747386165,5009.409230117705,0.03634360570210023,1,0.9788359788359782,0.11667636892737901,0.04140221255139573,0.007915116747000602,0.19117617777491874,0.05842530515902406,0.0818936281488981,0.8778179585688601,2024-08-24,jacqueline cavalcanti,josiane nunes,0.7559981948893467,0.7559981948893467,0.2440018051106532,1,1.0,1,145.0,-175.0,0.13291636128930526,3.35,1.3703703703703702,0.13113022219234516,0.0247565095959103,0.0197703920738484,0.0320812817657297,0.0512520515676035,0.0111348839931298,0.0171023084231671,-300.0,200.0,-270.0,235.0
496,0.0,0.0,0.0,-0.14951060948409284,0.0178645296442542,1.4444444444444444,602.7521638109158,1.28395061728395,0.0,0.14035651642117425,0.16648810420191534,112.22044747386165,5009.409230117705,0.03634360570210023,1,0.9788359788359782,0.0,0.04140221255139573,0.007915116747000602,0.19117617777491874,0.0,0.0,0.8778179585688601,2024-08-24,viacheslav borshchev,james llontop,0.5888003472802434,0.5888003472802434,0.4111996527197565,1,1.0,1,-198.0,164.0,0.0,3.1,1.4444444444444444,0.13113022219234516,0.0185656693505812,0.0246517396386398,0.0339551827402024,0.0503515719576135,0.0061511049596503,0.0087372325093323,-258.0,175.0,-225.0,210.0
497,131.20804977905146,0.04582954462652279,0.6666666666666663,0.08222501773323465,0.0178645296442542,1.6666666666666663,602.7521638109158,1.28395061728395,0.030553029751015176,0.14035651642117425,0.16648810420191534,112.22044747386165,5009.409230117705,0.03634360570210023,1,0.9788359788359782,0.09460718757925853,0.04140221255139573,0.007915116747000602,0.19117617777491874,0.1012482234200862,0.08752582944981935,0.8778179585688601,2024-08-24,angela hill,tabatha ricci,0.6493350106399409,0.3506649893600591,0.6493350106399409,0,0.0,0,124.0,-148.0,0.10777540679789714,1.6666666666666663,2.6,0.13113022219234516,0.0231793921004005,0.0200233728765578,0.0624136696846838,0.0496660314361131,-0.0084078429797641,-0.0069767724048511,120.0,-192.0,160.0,-150.0
498,100.97745549555607,0.06348658835535334,0.37037037037037024,0.0822633518537289,0.0178645296442542,1.3703703703703702,602.7521638109158,1.28395061728395,0.02351355124272345,0.14035651642117425,0.16648810420191534,112.22044747386165,5009.409230117705,0.03634360570210023,1,0.9788359788359782,0.20236588441090844,0.04140221255139573,0.007915116747000602,0.19117617777491874,0.13529712992853116,0.1401685739614301,0.8778179585688601,2024-08-24,jared cannonier,caio borralho,0.7897597432446131,0.2102402567553868,0.7897597432446131,0,0.0,0,122.0,-145.0,0.23053285984355254,1.3703703703703702,3.6,0.13113022219234516,0.0225925289248723,0.0196946562194557,0.0634346923493256,0.0369237305897426,0.0045494022130446,0.0029581052944629,210.0,-350.0,260.0,-270.0
499,0.0,0.0,0.0,-0.1498162304231539,0.0178645296442542,1.1176470588235294,602.7521638109158,1.28395061728395,0.0,0.14035651642117425,0.16648810420191534,112.22044747386165,5009.409230117705,0.03634360570210023,1,0.9788359788359782,0.0,0.04140221255139573,0.007915116747000602,0.19117617777491874,0.0,0.0,0.8778179585688601,2024-08-24,neil magny,michael morales,0.760690741200336,0.239309258799664,0.760690741200336,0,0.0,0,180.0,-218.0,0.0,1.1176470588235294,7.0,0.13113022219234516,0.0248129186935715,0.0178645296442542,0.0397504191246762,0.0142680261981168,0.0269612026888202,0.0106327822735858,590.0,-1000.0,600.0,-850.0
500,74.58122574780106,0.029776455594564644,0.5,0.006284549848579846,0.0222254993026449,1.5,-536.7944649421476,-1.0,0.014888227797282322,-0.10715723956326374,-0.12634156519751133,-96.10213790578351,4376.512627269774,0.03634360570210024,1,-1.1124031007751938,0.005141082821750053,0.21051009177346988,0.09060211714838219,0.4303932243109714,0.008848239575926509,0.021150313595941182,0.17264543184566006,2024-09-07,steve garcia,kyle nelson,0.6708563665657199,0.6708563665657199,0.3291436334342801,1,1.0,1,-150.0,110.0,0.02977827311611714,2.88,1.5,0.043905439194590445,0.0356521067558167,0.0405383694346594,0.0303091129239294,0.042226716265892,0.0059124538038086,0.0079764350850802,-225.0,163.0,-200.0,188.0
501,0.0,0.0,0.0,-0.009857455308489527,0.0222254993026449,1.5376344086021505,-536.7944649421476,-1.0,0.0,-0.10715723956326374,-0.12634156519751133,-96.10213790578351,4376.512627269774,0.03634360570210024,1,-1.1124031007751938,0.0,0.21051009177346988,0.09060211714838219,0.4303932243109714,0.0,0.0,0.17264543184566006,2024-09-07,gilbert burns,sean brady,0.6439388577364369,0.3560611422635631,0.6439388577364369,0,0.0,0,-110.0,-110.0,0.0,1.5376344086021505,2.75,0.043905439194590445,0.0238095238095238,0.0238095238095238,0.0443857673709329,0.0330335874677767,0.0079219800842499,0.0060640339017639,150.0,-210.0,175.0,-186.0
502,0.0,0.0,0.0,-0.0253234873269651,0.0222254993026449,1.3636363636363638,-536.7944649421476,-1.0,0.0,-0.10715723956326374,-0.12634156519751133,-96.10213790578351,4376.512627269774,0.03634360570210024,1,-1.1124031007751938,0.0,0.21051009177346988,0.09060211714838219,0.4303932243109714,0.0,0.0,0.17264543184566006,2024-09-07,jessica andrade,natalia silva,0.7147627759602255,0.2852372240397745,0.7147627759602255,0,0.0,0,124.0,-148.0,0.0,1.3636363636363638,3.4,0.043905439194590445,0.0231793921004005,0.0200233728765578,0.0446806160174017,0.0279000291438885,0.0166799230378363,0.0107710573543203,210.0,-300.0,240.0,-275.0
503,-180.99724285828086,0.036131454737234156,-1.0,0.1409122849262484,0.0222254993026449,2.05,-536.7944649421476,-1.0,-0.036131454737234156,-0.10715723956326374,-0.12634156519751133,-96.10213790578351,4376.512627269774,0.03634360570210024,1,-1.1124031007751938,0.021358882978887127,0.21051009177346988,0.09060211714838219,0.4303932243109714,0.13804836634625892,0.12628187756200965,0.17264543184566006,2024-09-07,trevor peek,yanal ashmouz,0.5565425780128042,0.5565425780128042,0.4434574219871958,1,0.0,1,-110.0,-110.0,0.12371530917760594,2.0,2.05,0.043905439194590445,0.0238095238095238,0.0238095238095238,0.0555555555555555,0.0555555555555555,-0.006129654151011,-0.0060654678002084,-125.0,-125.0,105.0,100.0
504,0.0,0.0054449046105833525,0.0,-0.012627866470430127,0.0222254993026449,1.3636363636363638,-536.7944649421476,-1.0,0.0,-0.10715723956326374,-0.12634156519751133,-96.10213790578351,4376.512627269774,0.03634360570210024,1,-1.1124031007751938,0.0009400379078525884,0.21051009177346988,0.09060211714838219,0.4303932243109714,-0.02068178525625763,0.0033245451258068813,0.17264543184566006,2024-09-07,matt schnell,cody durden,0.7240728979216845,0.2759271020783155,0.7240728979216845,0,0.0,0,240.0,-305.0,0.0054449046105833525,1.3636363636363638,3.4,0.043905439194590445,0.0291858792151209,0.0180181875967891,0.0444361792747264,0.0270999653035868,0.0166799230378363,0.0107710573543203,220.0,-315.0,240.0,-275.0
505,152.82355981755416,0.07870883895026186,0.3875968992248062,0.2238469456351881,0.0222254993026449,1.3875968992248062,-536.7944649421476,-1.0,0.030507301918706146,-0.10715723956326374,-0.12634156519751133,-96.10213790578351,4376.512627269774,0.03634360570210024,1,-1.1124031007751938,0.10078660611254897,0.21051009177346988,0.09060211714838219,0.4303932243109714,0.37486739966065,0.34859506029042875,0.17264543184566006,2024-09-07,jaqueline amorim,vanessa demopoulos,0.8819902569102752,0.8819902569102752,0.1180097430897247,1,1.0,1,-500.0,380.0,0.5837780069538662,3.45,1.3875968992248062,0.043905439194590445,0.0137953429848293,0.0278713236818374,0.0289551118662008,0.0467119530481759,0.0041963581206815,0.006329105404539,-305.0,210.0,-258.0,245.0
506,0.0,0.0,0.0,-0.2311504534592834,0.0222254993026449,1.3355704697986577,-536.7944649421476,-1.0,0.0,-0.10715723956326374,-0.12634156519751133,-96.10213790578351,4376.512627269774,0.03634360570210024,1,-1.1124031007751938,0.0,0.21051009177346988,0.09060211714838219,0.4303932243109714,0.0,0.0,0.17264543184566006,2024-09-07,andre petroski,dylan budka,0.575671268515411,0.575671268515411,0.424328731484589,1,1.0,1,-250.0,205.0,0.0,3.5,1.3355704697986577,0.043905439194590445,0.0169990228350114,0.0251555439097192,0.0289517490752811,0.0488555011457621,0.0132320044983534,0.021225999808897,-335.0,225.0,-298.0,250.0
507,0.0,0.0,0.0,-0.08185414007539071,0.0222254993026449,1.0476190476190477,-536.7944649421476,-1.0,0.0,-0.10715723956326374,-0.12634156519751133,-96.10213790578351,4376.512627269774,0.03634360570210024,1,-1.1124031007751938,0.0,0.21051009177346988,0.09060211714838219,0.4303932243109714,0.0,0.0,0.17264543184566006,2024-09-07,isaac dulgarian,brendon marotte,0.8764119572007634,0.8764119572007634,0.1235880427992366,1,1.0,1,-900.0,600.0,0.0,14.0,1.0476190476190477,0.043905439194590445,0.0118464798437456,0.031010663013397,0.0094907990557043,0.0483536411695978,0.0056253287556775,0.0203486972183483,-3335.0,1050.0,-2100.0,1300.0
508,-142.50968061285786,0.028448400613001894,-1.0,0.2859962199585584,0.0222254993026449,2.5,-536.7944649421476,-1.0,-0.02844840061300189,-0.10715723956326374,-0.12634156519751133,-96.10213790578351,4376.512627269774,0.03634360570210024,1,-1.1124031007751938,0.03559035529744116,0.21051009177346988,0.09060211714838219,0.4303932243109714,0.23579065773941904,0.2500408296171556,0.17264543184566006,2024-09-07,felipe dos santos,andre lima,0.5143984879834234,0.5143984879834234,0.4856015120165766,1,0.0,1,-120.0,100.0,0.20614710112491066,1.6097560975609757,2.5,0.043905439194590445,0.0222254993026449,0.0232290461519004,0.0438312885628124,0.0344784041085822,0.0117021336127724,0.0095099875993489,135.0,-188.0,150.0,-164.0
509,167.08066976200595,0.036358731470553116,1.0499999999999998,0.1877361621061795,0.0234985988994331,2.05,988.5921999450279,2.9136363636363627,0.038176668044080764,0.2258858328855656,0.2781346880625667,228.66777444253495,5593.772601657337,0.03634360570210024,1,1.4910058027079298,0.053487158127750664,0.11473041748114023,0.048114548851920916,0.41937046781713444,0.1844340280476865,0.17187272766661235,0.3167739340622074,2024-09-14,sean omalley,merab dvalishvili,0.5793834937103315,0.4206165062896684,0.5793834937103315,0,0.0,0,164.0,-198.0,0.16884961916483623,2.05,2.0,0.07887549635027728,0.0246517396386398,0.0185656693505812,0.0502289057254486,0.0507811952846522,-0.0060654678002084,-0.006129654151011,-125.0,-120.0,100.0,105.0
510,122.8506841924935,0.052772448282862254,0.5319148936170213,0.1272608367697765,0.0234985988994331,1.5319148936170213,988.5921999450279,2.9136363636363627,0.028070451214288434,0.2258858328855656,0.2781346880625667,228.66777444253495,5593.772601657337,0.03634360570210024,1,1.4910058027079298,0.07872672615312637,0.11473041748114023,0.048114548851920916,0.41937046781713444,0.17502249122605426,0.18070645524119433,0.3167739340622074,2024-09-14,brian ortega,diego lopes,0.735850824002493,0.264149175997507,0.735850824002493,0,0.0,0,120.0,-150.0,0.2485265285042872,1.5319148936170213,2.8,0.07887549635027728,0.0292440638775533,0.0253013906679012,0.0535245144941712,0.0387831778135211,0.0056345391289803,0.0042860957916545,150.0,-225.0,180.0,-188.0
511,0.0,0.0,0.0,-0.07110323697387982,0.0234985988994331,1.8,988.5921999450279,2.9136363636363627,0.0,0.2258858328855656,0.2781346880625667,228.66777444253495,5593.772601657337,0.03634360570210024,1,1.4910058027079298,0.0,0.11473041748114023,0.048114548851920916,0.41937046781713444,0.0,0.0,0.3167739340622074,2024-09-14,alexa grasso,valentina shevchenko,0.5160537572367334,0.5160537572367334,0.4839462427632666,1,0.0,1,-117.0,-107.0,0.0,2.1,1.8,0.07887549635027728,0.0277298173240821,0.0283489021487466,0.0322362225882545,0.0354005882336351,0.0152771619636649,0.0164688697823669,-138.0,105.0,-125.0,110.0
512,0.0,0.0,0.0,-0.11056517266521826,0.0234985988994331,1.3636363636363638,988.5921999450279,2.9136363636363627,0.0,0.2258858328855656,0.2781346880625667,228.66777444253495,5593.772601657337,0.03634360570210024,1,1.4910058027079298,0.0,0.11473041748114023,0.048114548851920916,0.41937046781713444,0.0,0.0,0.3167739340622074,2024-09-14,edgar chairez,joshua van,0.6522522067121732,0.3477477932878268,0.6522522067121732,0,0.0,0,180.0,-230.0,0.0,1.3636363636363638,3.4,0.07887549635027728,0.0317371253854357,0.0223754287271183,0.0446806160174017,0.0279000291438885,0.0166799230378363,0.0107710573543203,210.0,-300.0,240.0,-275.0
513,-225.0580954804602,0.05142407086366834,-1.0,0.09069054563852386,0.0234985988994331,1.526315789473684,988.5921999450279,2.9136363636363627,-0.05142407086366834,0.2258858328855656,0.2781346880625667,228.66777444253495,5593.772601657337,0.03634360570210024,1,1.4910058027079298,0.06061598204340468,0.11473041748114023,0.048114548851920916,0.41937046781713444,0.12462067285576808,0.13925462574751835,0.3167739340622074,2024-09-14,daniel zellhuber,esteban ribovics,0.7145903574873088,0.7145903574873088,0.2854096425126912,1,0.0,1,-175.0,130.0,0.1913540715490216,2.75,1.526315789473684,0.07887549635027728,0.0318698323703832,0.0392764126889053,0.0263550910265553,0.0356796484275389,0.0081200172756494,0.0106887601538178,-210.0,160.0,-190.0,175.0
514,0.0,0.0,0.0,-0.06270595466557222,0.0234985988994331,1.7692307692307692,988.5921999450279,2.9136363636363627,0.0,0.2258858328855656,0.2781346880625667,228.66777444253495,5593.772601657337,0.03634360570210024,1,1.4910058027079298,0.0,0.11473041748114023,0.048114548851920916,0.41937046781713444,0.0,0.0,0.3167739340622074,2024-09-14,manuel torres,ignacio bahamondes,0.5297748951890244,0.5297748951890244,0.4702251048109755,1,0.0,1,130.0,-175.0,0.0,2.2,1.7692307692307692,0.07887549635027728,0.0392764126889053,0.0318698323703832,0.0365052006871935,0.0407684272105676,0.0093759838689014,0.0103868619809008,-145.0,106.0,-130.0,120.0
515,163.7945159684957,0.04116838746053026,0.9090909090909087,0.3013418842755432,0.0234985988994331,1.9090909090909087,988.5921999450279,2.9136363636363627,0.037425806782300224,0.2258858328855656,0.2781346880625667,228.66777444253495,5593.772601657337,0.03634360570210024,1,1.4910058027079298,0.10257557587469061,0.11473041748114023,0.048114548851920916,0.41937046781713444,0.3226025650980327,0.30247271804447207,0.3167739340622074,2024-09-14,irene aldana,norma dumont,0.6816552727157609,0.3183447272842391,0.6816552727157609,0,0.0,0,-110.0,-120.0,0.3238131829828746,1.9090909090909087,2.15,0.07887549635027728,0.0350135352882691,0.0342505339758,0.0526742444901628,0.050095727408673,-0.0056777667067514,-0.0053964304139573,-112.0,-135.0,115.0,-110.0
516,0.0,0.05044879792576328,0.0,-0.0063347885617977134,0.0234985988994331,1.1,988.5921999450279,2.9136363636363627,0.0,0.2258858328855656,0.2781346880625667,228.66777444253495,5593.772601657337,0.03634360570210024,1,1.4910058027079298,0.015980864187653362,0.11473041748114023,0.048114548851920916,0.41937046781713444,-0.01904077811156975,0.01678410757081306,0.3167739340622074,2024-09-14,raul rosas jr,aoriqileng,0.9033320103983656,0.9033320103983656,0.0966679896016342,1,1.0,1,-455.0,350.0,0.05044879792576328,7.6,1.1,0.07887549635027728,0.0143087761289523,0.0277332659130896,0.013749275630595,0.0381987763174568,0.0108947816893208,0.0297750747700092,-1000.0,600.0,-1000.0,660.0
517,0.0,0.0,0.0,-0.005514479850486087,0.0234985988994331,1.5319148936170213,988.5921999450279,2.9136363636363627,0.0,0.2258858328855656,0.2781346880625667,228.66777444253495,5593.772601657337,0.03634360570210024,1,1.4910058027079298,0.0,0.11473041748114023,0.048114548851920916,0.41937046781713444,0.0,0.0,0.3167739340622074,2024-09-14,ronaldo rodriguez,ode osbourne,0.6491780478753771,0.6491780478753771,0.3508219521246228,1,1.0,1,-163.0,120.0,0.0,2.9,1.5319148936170213,0.07887549635027728,0.0339796305551364,0.0403376871081888,0.0405360611177055,0.0564336358519914,-0.0010320760563085,-0.0013625599590171,-230.0,150.0,-188.0,190.0
518,0.0,0.0,0.0,-0.0331314060717032,0.0234985988994331,1.2,988.5921999450279,2.9136363636363627,0.0,0.2258858328855656,0.2781346880625667,228.66777444253495,5593.772601657337,0.03634360570210024,1,1.4910058027079298,0.0,0.11473041748114023,0.048114548851920916,0.41937046781713444,0.0,0.0,0.3167739340622074,2024-09-14,yazmin jauregui,ketlen souza,0.8057238282735807,0.8057238282735807,0.1942761717264193,1,0.0,1,-400.0,275.0,0.0,5.0,1.2,0.07887549635027728,0.0234985988994331,0.0431680677672335,0.0202357153423898,0.0430723840747737,0.011067822828091,0.0222655105052422,-549.0,360.0,-500.0,400.0
519,0.0,0.0,0.0,-0.05591353326125509,0.0356521067558167,1.1923076923076923,940.670601854941,1.75,0.0,0.16816389739837417,0.17564714871792164,41.859606202600744,6576.302809714879,0.03634360570210023,1,0.22707889125799552,0.0,0.1282961188985321,0.04651357697454383,0.36254858973037896,0.0,0.0,0.2832790735536121,2024-09-28,morgan charriere,gabriel miranda,0.7918144559744312,0.7918144559744312,0.2081855440255687,1,1.0,1,-549.0,350.0,0.0,5.75,1.1923076923076923,0.09843099235011218,0.0217506013680772,0.0463884159234824,0.0221465445651335,0.0520649582177977,0.0041842441589012,0.0084384767387144,-670.0,390.0,-520.0,475.0
520,-277.1621285685488,0.049548336749768926,-1.0,0.009117193072809837,0.0356521067558167,1.3875968992248062,940.670601854941,1.75,-0.049548336749768926,0.16816389739837417,0.17564714871792164,41.859606202600744,6576.302809714879,0.03634360570210023,1,0.22707889125799552,0.014036863672764459,0.1282961188985321,0.04651357697454383,0.36254858973037896,0.014522875867451534,0.031107428757149055,0.2832790735536121,2024-09-28,renato moicano,benoit st denis,0.7272408821586172,0.2727591178413829,0.7272408821586172,0,1.0,0,200.0,-250.0,0.04955136112483758,1.3875968992248062,3.35,0.09843099235011218,0.0284008065139526,0.019218241105095,0.0446806160174017,0.0279000291438885,0.0115281282070229,0.0076497255409967,210.0,-300.0,235.0,-258.0
521,150.96761100324932,0.05397702829697448,0.5,0.11241382552602575,0.0356521067558167,1.5,940.670601854941,1.75,0.02698851414848724,0.16816389739837417,0.17564714871792164,41.859606202600744,6576.302809714879,0.03634360570210023,1,0.22707889125799552,0.0685043962627443,0.1282961188985321,0.04651357697454383,0.36254858973037896,0.1588310722432106,0.17115445559682965,0.2832790735536121,2024-09-28,nassourdine imavov,brendan allen,0.7416092170173505,0.7416092170173505,0.2583907829826495,1,1.0,1,-188.0,140.0,0.24182653311939567,2.85,1.5,0.09843099235011218,0.0304849567433922,0.0389594877010522,0.0290887615654049,0.040577421308325,0.0074736116073294,0.0100702480417933,-225.0,165.0,-200.0,185.0
522,0.0,0.0,0.0,-0.05218607066157427,0.0356521067558167,1.3333333333333333,940.670601854941,1.75,0.0,0.16816389739837417,0.17564714871792164,41.859606202600744,6576.302809714879,0.03634360570210023,1,0.22707889125799552,0.0,0.1282961188985321,0.04651357697454383,0.36254858973037896,0.0,0.0,0.2832790735536121,2024-09-28,william gomis,joanderson brito,0.7108604470038193,0.2891395529961806,0.7108604470038193,0,1.0,0,200.0,-275.0,0.0,1.3333333333333333,3.6,0.09843099235011218,0.040400359353909,0.0262663073127574,0.0455058686325771,0.0263895562040242,0.0171315547320204,0.0106462230457573,240.0,-350.0,260.0,-300.0
523,-216.29940728070375,0.03866789422519929,-1.0,0.013190730095625214,0.0356521067558167,1.8333333333333333,940.670601854941,1.75,-0.03866789422519929,0.16816389739837417,0.17564714871792164,41.859606202600744,6576.302809714879,0.03634360570210023,1,0.22707889125799552,0.01339506980557185,0.1282961188985321,0.04651357697454383,0.36254858973037896,0.014404210734944826,0.04330218940376307,0.2832790735536121,2024-09-28,daniel barez,victor altamirano,0.5526494891430683,0.4473505108569316,0.5526494891430683,0,1.0,0,-138.0,105.0,0.04728577242765079,1.8333333333333333,2.06,0.09843099235011218,0.0322362225882545,0.0354005882336351,0.0356937238337675,0.0332717934076118,0.0158831719407466,0.0150082667176822,100.0,-132.0,106.0,-120.0
524,196.32569683027063,0.04211662735923933,0.8333333333333333,0.2879570303971364,0.0356521067558167,1.8333333333333333,940.670601854941,1.75,0.035097189466032776,0.16816389739837417,0.17564714871792164,41.859606202600744,6576.302809714879,0.03634360570210023,1,0.22707889125799552,0.10337046980295465,0.1282961188985321,0.04651357697454383,0.36254858973037896,0.31946887967742404,0.32891306448792185,0.2832790735536121,2024-09-28,fares ziam,matt frevola,0.7025220165802563,0.7025220165802563,0.2974779834197437,1,1.0,1,105.0,-138.0,0.36490683376720107,2.0700000000000003,1.8333333333333333,0.09843099235011218,0.0354005882336351,0.0322362225882545,0.0332717934076118,0.0356937238337675,0.0138550876683796,0.0146912452257791,-132.0,100.0,-120.0,107.0
525,0.0,0.0,0.0,-0.10917665242762417,0.0356521067558167,1.1052631578947367,940.670601854941,1.75,0.0,0.16816389739837417,0.17564714871792164,41.859606202600744,6576.302809714879,0.03634360570210023,1,0.22707889125799552,0.0,0.1282961188985321,0.04651357697454383,0.36254858973037896,0.0,0.0,0.2832790735536121,2024-09-28,ludovit klein,roosevelt roberts,0.8059830287559592,0.8059830287559592,0.1940169712440408,1,1.0,1,-649.0,400.0,0.0,8.0,1.1052631578947367,0.09843099235011218,0.0201152566224162,0.0463733949129643,0.0151287132617989,0.0443950962620107,0.0082053587534497,0.021556546008455,-1100.0,600.0,-950.0,700.0
526,0.0,0.0,0.0,-0.031402378731893166,0.0356521067558167,1.1821493624772312,940.670601854941,1.75,0.0,0.16816389739837417,0.17564714871792164,41.859606202600744,6576.302809714879,0.03634360570210023,1,0.22707889125799552,0.0,0.1282961188985321,0.04651357697454383,0.36254858973037896,0.0,0.0,0.2832790735536121,2024-09-28,oumar sy,da woon jung,0.8193529954949009,0.8193529954949009,0.180647004505099,1,1.0,1,-400.0,275.0,0.0,5.55,1.1821493624772312,0.09843099235011218,0.0234985988994331,0.0431680677672335,0.0190436891848228,0.0430252763324186,0.0084638178279577,0.0176331574215598,-625.0,400.0,-549.0,455.0
527,114.16126007283209,0.0683689253171781,0.29850746268656714,0.04641108867637417,0.0356521067558167,1.2985074626865671,940.670601854941,1.75,0.02040863442303824,0.16816389739837417,0.17564714871792164,41.859606202600744,6576.302809714879,0.03634360570210023,1,0.22707889125799552,0.05158785363934387,0.1282961188985321,0.04651357697454383,0.36254858973037896,0.08413873849291664,0.10045203174427664,0.2832790735536121,2024-09-28,taylor lapilus,vince morales,0.8058568154174376,0.8058568154174376,0.1941431845825624,1,1.0,1,-345.0,265.0,0.1821096524787264,4.0,1.2985074626865671,0.09843099235011218,0.0181504065839109,0.0311030950322194,0.0247646694026397,0.0455056008676303,0.0074856184034898,0.0126293241252458,-400.0,270.0,-335.0,300.0
528,73.86657414550123,0.022184642351688495,0.5952380952380951,0.010282856906615345,0.0356521067558167,1.5952380952380951,940.670601854941,1.75,0.013205144256957435,0.16816389739837417,0.17564714871792164,41.859606202600744,6576.302809714879,0.03634360570210023,1,0.22707889125799552,0.006284828527995754,0.1282961188985321,0.04651357697454383,0.36254858973037896,0.013314683617846653,0.0171341230220825,0.2832790735536121,2024-09-28,kevin jousset,bryan battle,0.633311641642953,0.3666883583570471,0.633311641642953,0,0.0,0,110.0,-150.0,0.022185996477450058,1.5952380952380951,2.65,0.09843099235011218,0.0405383694346594,0.0356521067558167,0.0438354898569455,0.0338481259622635,0.0023501995862997,0.0018739626215289,140.0,-195.0,165.0,-168.0
529,-291.15883451053924,0.044273939770599256,-1.0,0.0651332591399203,0.0405383694346594,1.6756756756756757,-530.166217679361,-1.0,-0.044273939770599256,-0.08061767120823118,-0.07201067993793481,56.602180874041494,6102.73877290956,0.03634360570210024,1,-0.4435676709708274,0.02174529957692849,0.1838576832444868,0.09350625315075672,0.5085795246664548,0.07909443032337625,0.09058912690696512,0.19767248809380417,2024-10-05,raquel pennington,julianna pena,0.6356440417447912,0.6356440417447912,0.3643559582552088,1,0.0,1,-175.0,130.0,0.11000670749188629,2.4,1.6756756756756757,0.15471791780718058,0.0318698323703832,0.0392764126889053,0.0354157473745215,0.0434257650953095,0.0061659960735584,0.0072748641414951,-175.0,126.0,-148.0,140.0
530,235.21776812891028,0.042920973976094935,0.8333333333333333,0.3114734642711934,0.0405383694346594,1.8333333333333333,-530.166217679361,-1.0,0.03576747831341245,-0.08061767120823118,-0.07201067993793481,56.602180874041494,6102.73877290956,0.03634360570210024,1,-0.4435676709708274,0.07667220134123282,0.1838576832444868,0.09350625315075672,0.5085795246664548,0.34729857338865466,0.3478642171611996,0.19767248809380417,2024-10-05,jose aldo,mario bautista,0.7153491623297419,0.2846508376702581,0.7153491623297419,0,0.0,0,130.0,-175.0,0.38787492422743486,1.8333333333333333,2.1,0.15471791780718058,0.0392764126889053,0.0318698323703832,0.0415743006321754,0.0382576321409336,0.0111697656584019,0.0104752559866196,100.0,-138.0,110.0,-120.0
531,154.95948906291662,0.05301745684163208,0.4444444444444444,0.016237185603525495,0.0405383694346594,1.4444444444444444,-530.166217679361,-1.0,0.02356331415183648,-0.08061767120823118,-0.07201067993793481,56.602180874041494,6102.73877290956,0.03634360570210024,1,-0.4435676709708274,0.016857042731344644,0.1838576832444868,0.09350625315075672,0.5085795246664548,0.023999247751809144,0.057696342733845496,0.19767248809380417,2024-10-05,stephen thompson,joaquin buckley,0.7035488208024407,0.2964511791975592,0.7035488208024407,0,0.0,0,110.0,-150.0,0.08527763723672688,1.4444444444444444,2.88,0.15471791780718058,0.0405383694346594,0.0356521067558167,0.0355103612200028,0.0250956993860578,0.0231335246396969,0.0163963898902175,175.0,-230.0,188.0,-225.0
532,116.6804154975386,0.07540585952520011,0.23529411764705888,0.026987732680190668,0.0405383694346594,1.2352941176470589,-530.166217679361,-1.0,0.01774255518240003,-0.08061767120823118,-0.07201067993793481,56.602180874041494,6102.73877290956,0.03634360570210024,1,-0.4435676709708274,0.030881941936386333,0.1838576832444868,0.09350625315075672,0.5085795246664548,0.05467030807670753,0.07712110646862147,0.19767248809380417,2024-10-05,alex pereira,khalil rountree jr,0.8313710216934876,0.8313710216934876,0.1686289783065123,1,1.0,1,-535.0,400.0,0.15622782024037413,4.6,1.2352941176470589,0.15471791780718058,0.0137943173646942,0.0287253676746758,0.0216778006593748,0.0442136722088421,0.0093751228896418,0.0175399909819938,-500.0,330.0,-425.0,360.0
533,0.0,0.0,0.0,-0.10146284450121495,0.0405383694346594,1.1,-530.166217679361,-1.0,0.0,-0.08061767120823118,-0.07201067993793481,56.602180874041494,6102.73877290956,0.03634360570210024,1,-0.4435676709708274,0.0,0.1838576832444868,0.09350625315075672,0.5085795246664548,0.0,0.0,0.19767248809380417,2024-10-05,ketlen vieira,kayla harrison,0.81685195954435,0.18314804045565,0.81685195954435,0,0.0,0,400.0,-649.0,0.0,1.1,8.0,0.15471791780718058,0.0463733949129643,0.0201152566224162,0.0452522488615325,0.0153003672466389,0.0248869924637374,0.0092039166271715,600.0,-1115.0,700.0,-1000.0
534,185.9076878935255,0.05795213073502779,0.4878048780487805,0.17136229954558424,0.0405383694346594,1.4878048780487805,-530.166217679361,-1.0,0.028269332065867216,-0.08061767120823118,-0.07201067993793481,56.602180874041494,6102.73877290956,0.03634360570210024,1,-0.4435676709708274,0.07314403664957689,0.1838576832444868,0.09350625315075672,0.5085795246664548,0.2467346657338859,0.256990935755817,0.19767248809380417,2024-10-05,ryan spann,ovince st preux,0.7873090865798189,0.7873090865798189,0.2126909134201811,1,1.0,1,-330.0,260.0,0.37002638735880566,2.85,1.4878048780487805,0.15471791780718058,0.0168781542964829,0.028341483946411,0.0279273931712014,0.039412674168866,0.0097499130769943,0.0132584274464453,-230.0,170.0,-205.0,185.0
535,0.0,0.0,0.0,-0.0342350270325604,0.0405383694346594,1.25,-530.166217679361,-1.0,0.0,-0.08061767120823118,-0.07201067993793481,56.602180874041494,6102.73877290956,0.03634360570210024,1,-0.4435676709708274,0.0,0.1838576832444868,0.09350625315075672,0.5085795246664548,0.0,0.0,0.19767248809380417,2024-10-05,cesar almeida,ihor potieria,0.7726119783739517,0.7726119783739517,0.2273880216260483,1,1.0,1,-333.0,250.0,0.0,4.8,1.25,0.15471791780718058,0.0203904788832838,0.0343769246139117,0.0273349729556402,0.055998360377693,0.0029652804861365,0.0053680528471968,-500.0,300.0,-400.0,380.0
536,-279.2398981547993,0.04246153290604116,-1.0,0.025825810805263805,0.0405383694346594,1.7092198581560285,-530.166217679361,-1.0,-0.04246153290604116,-0.08061767120823118,-0.07201067993793481,56.602180874041494,6102.73877290956,0.03634360570210024,1,-0.4435676709708274,0.011343621614981945,0.1838576832444868,0.09350625315075672,0.5085795246664548,0.03056246958925188,0.04849210351301694,0.19767248809380417,2024-10-05,roman dolidze,kevin holland,0.60017194740059,0.3998280525994099,0.60017194740059,0,1.0,0,120.0,-163.0,0.05738594037223281,1.7092198581560285,2.3,0.15471791780718058,0.0403376871081888,0.0339796305551364,0.0470514301288811,0.0400101526151578,0.0106131954393935,0.009231653920159,114.0,-163.0,130.0,-141.0
537,182.14044888115768,0.04985366663800236,0.5555555555555556,0.10849820250585596,0.0405383694346594,1.5555555555555556,-530.166217679361,-1.0,0.027696481465556866,-0.08061767120823118,-0.07201067993793481,56.602180874041494,6102.73877290956,0.03634360570210024,1,-0.4435676709708274,0.04517609886841139,0.1838576832444868,0.09350625315075672,0.5085795246664548,0.14457120921752925,0.17151544173077107,0.19767248809380417,2024-10-05,marina rodriguez,iasmin lucindo,0.7126059873251931,0.2873940126748069,0.7126059873251931,0,0.0,0,-110.0,-120.0,0.22854014387158103,1.5555555555555556,2.55,0.15471791780718058,0.0350135352882691,0.0342505339758,0.0345679350283574,0.0264490141241851,0.0196241763171906,0.0153898292850502,150.0,-195.0,155.0,-180.0
538,-247.90489592466866,0.03769669723213624,-1.0,0.22098802721514144,0.0405383694346594,1.925925925925926,-530.166217679361,-1.0,-0.03769669723213624,-0.08061767120823118,-0.07201067993793481,56.602180874041494,6102.73877290956,0.03634360570210024,1,-0.4435676709708274,0.0529661663044184,0.1838576832444868,0.09350625315075672,0.5085795246664548,0.23039439903436224,0.25700947764817017,0.19767248809380417,2024-10-05,austin hubbard,alexander hernandez,0.6339745525924773,0.6339745525924773,0.3660254474075227,1,0.0,1,170.0,-215.0,0.2679491051849545,1.925925925925926,1.925925925925926,0.15471791780718058,0.030627829052614,0.0222822238574388,0.0281350736591113,0.028384730524244,0.0192307692307691,0.0192307692307691,-114.0,-110.0,-108.0,-108.0
539,0.0,0.0,0.0,-0.04744538654883568,0.0405383694346594,1.606060606060606,-530.166217679361,-1.0,0.0,-0.08061767120823118,-0.07201067993793481,56.602180874041494,6102.73877290956,0.03634360570210024,1,-0.4435676709708274,0.0,0.1838576832444868,0.09350625315075672,0.5085795246664548,0.0,0.0,0.19767248809380417,2024-10-05,carla esparza,tecia pennington,0.5931000423375175,0.4068999576624825,0.5931000423375175,0,0.0,0,-150.0,110.0,0.0,1.606060606060606,2.55,0.15471791780718058,0.0356521067558167,0.0405383694346594,0.0487259744496954,0.0378228895964638,0.0081859111833285,0.0066124609957317,135.0,-195.0,155.0,-165.0
540,-291.4265101745902,0.04775339745300106,-1.0,0.06473495898017823,0.0264490141241851,1.5714285714285714,1078.5231880399074,1.5900383141762453,-0.04775339745300106,0.1767277329364874,0.20280450792416777,159.1397457897553,7340.401706739222,0.03634360570210024,1,0.7134616017786375,0.038573229858876665,0.14217310903908048,0.05606123550663632,0.39431673039678855,0.08485611503715565,0.11511480611182275,0.25562925329367403,2024-10-12,jonathan pearce,pat sabatini,0.6775586102601134,0.6775586102601134,0.3224413897398865,1,0.0,1,-175.0,130.0,0.1508952100038514,2.5,1.5714285714285714,0.1661802533735078,0.0318698323703832,0.0392764126889053,0.0320588510464232,0.0408869939582454,0.016106388422954,0.0202572479406822,-188.0,138.0,-175.0,150.0
541,216.92687108084385,0.03838948863538113,0.925925925925926,0.2625888504871927,0.0264490141241851,1.925925925925926,1078.5231880399074,1.5900383141762453,0.035545822810538086,0.1767277329364874,0.20280450792416777,159.1397457897553,7340.401706739222,0.03634360570210024,1,0.7134616017786375,0.07869994906101996,0.14217310903908048,0.05606123550663632,0.39431673039678855,0.2749423609219133,0.2940346582064263,0.25562925329367403,2024-10-12,julia polastri,cory mckenna,0.6555749800606577,0.6555749800606577,0.3444250199393422,1,1.0,1,-148.0,124.0,0.3078675388164877,1.9433962264150944,1.925925925925926,0.1661802533735078,0.0200233728765578,0.0231793921004005,0.0413302908951865,0.0425271514528219,0.0168595314338778,0.0169343445930078,-125.0,-112.0,-108.0,-106.0
542,153.11003611132668,0.07275735063310852,0.3448275862068966,0.1402785455250405,0.0264490141241851,1.3448275862068966,1078.5231880399074,1.5900383141762453,0.025088741597623632,0.1767277329364874,0.20280450792416777,159.1397457897553,7340.401706739222,0.03634360570210024,1,0.7134616017786375,0.10790527471446332,0.14217310903908048,0.05606123550663632,0.39431673039678855,0.2409660148994154,0.24573531960205314,0.25562925329367403,2024-10-12,themba gorimbo,niko price,0.8478994312878506,0.8478994312878506,0.1521005687121494,1,1.0,1,-275.0,200.0,0.42211630055695826,3.65,1.3448275862068966,0.1661802533735078,0.0262663073127574,0.040400359353909,0.0347210131005414,0.0637864495860257,0.0067924760058721,0.0107698703235974,-400.0,235.0,-290.0,265.0
543,147.8831361713063,0.05331096605692699,0.4545454545454546,0.02548392503172814,0.0264490141241851,1.4545454545454546,1078.5231880399074,1.5900383141762453,0.02423225729860318,0.1767277329364874,0.20280450792416777,159.1397457897553,7340.401706739222,0.03634360570210024,1,0.7134616017786375,0.020841834278635032,0.14217310903908048,0.05606123550663632,0.39431673039678855,0.03751828288544537,0.05537946451643734,0.25562925329367403,2024-10-12,daniel rodriguez,alex morono,0.7050201984593131,0.7050201984593131,0.2949798015406869,1,1.0,1,-200.0,150.0,0.08153149144746494,3.0,1.4545454545454546,0.1661802533735078,0.0287452808578468,0.0379213858088197,0.0344163075551738,0.0502397771009109,0.0086648508293025,0.0121684825040307,-250.0,170.0,-220.0,200.0
544,121.61541690292762,0.06675882120882078,0.29850746268656714,0.027326215649314867,0.0264490141241851,1.2985074626865671,1078.5231880399074,1.5900383141762453,0.019928006330991274,0.1767277329364874,0.20280450792416777,159.1397457897553,7340.401706739222,0.03634360570210024,1,0.7134616017786375,0.02855696831648622,0.14217310903908048,0.05606123550663632,0.39431673039678855,0.04964886400202736,0.06148536047858651,0.25562925329367403,2024-10-12,grant dawson,rafa garcia,0.7911592695230356,0.7911592695230356,0.2088407304769644,1,1.0,1,-350.0,240.0,0.11171244272140943,4.1,1.2985074626865671,0.1661802533735078,0.0263895562040242,0.0455058686325771,0.0287822221795802,0.0529079186654902,0.0052198123039929,0.008797569249133,-400.0,255.0,-335.0,310.0
545,185.54604075388872,0.04408541297678214,0.6896551724137931,0.11105994136547942,0.0264490141241851,1.6896551724137931,1078.5231880399074,1.5900383141762453,0.03040373308743596,0.1767277329364874,0.20280450792416777,159.1397457897553,7340.401706739222,0.03634360570210024,1,0.7134616017786375,0.04745305457397119,0.14217310903908048,0.05606123550663632,0.39431673039678855,0.13334893639036172,0.1546042775744144,0.25562925329367403,2024-10-12,chidi njokuani,jared gooden,0.6575660877469164,0.6575660877469164,0.3424339122530836,1,1.0,1,-188.0,140.0,0.18563233261670484,2.3,1.6896551724137931,0.1661802533735078,0.0304849567433922,0.0389594877010522,0.0429775317630093,0.0521017009309022,0.0123272894741075,0.0142920539154221,-175.0,118.0,-145.0,130.0
546,0.0,0.0,0.0,-0.04399372132792212,0.0264490141241851,1.4444444444444444,1078.5231880399074,1.5900383141762453,0.0,0.1767277329364874,0.20280450792416777,159.1397457897553,7340.401706739222,0.03634360570210024,1,0.7134616017786375,0.0,0.14217310903908048,0.05606123550663632,0.39431673039678855,0.0,0.0,0.25562925329367403,2024-10-12,brad tavares,junyong park,0.6618505006191309,0.3381494993808691,0.6618505006191309,0,0.0,0,130.0,-175.0,0.0,1.4444444444444444,3.0,0.1661802533735078,0.0392764126889053,0.0318698323703832,0.0506686087569083,0.0354418810663973,0.0150309735209291,0.0106100521200964,163.0,-240.0,200.0,-225.0
547,-374.5152450559477,0.06136838868451069,-1.0,0.026814318107657942,0.0264490141241851,1.3448275862068966,1078.5231880399074,1.5900383141762453,-0.06136838868451069,0.1767277329364874,0.20280450792416777,159.1397457897553,7340.401706739222,0.03634360570210024,1,0.7134616017786375,0.02985884145773903,0.14217310903908048,0.05606123550663632,0.39431673039678855,0.04502833114909176,0.06955739475538267,0.25562925329367403,2024-10-12,brandon royval,tatsuro taira,0.7635285955159508,0.2364714044840492,0.7635285955159508,0,1.0,0,150.0,-195.0,0.1168052602470984,1.3448275862068966,3.5,0.1661802533735078,0.0345679350283574,0.0264490141241851,0.0423944108580914,0.0251661696113856,0.0179688001034806,0.0113352292005486,235.0,-333.0,250.0,-290.0
548,237.7955695314856,0.04697339322779705,0.6896551724137931,0.21653046986554902,0.018086396502818,1.6896551724137931,1261.3500351812227,1.879553181155901,0.03239544360537728,0.1718366494878853,0.33080094228787016,1166.8617661796025,9768.613508100047,0.03634360570210024,1,3.5224773573206924,0.12363342945128611,0.09578203842333888,0.030829354986524313,0.3218698985112874,0.2632091062023538,0.2680464670570383,0.37944072083189784,2024-10-19,anthony hernandez,michel pereira,0.7199874209408351,0.7199874209408351,0.2800125790591649,1,1.0,1,-170.0,142.0,0.3258306835919673,2.3600000000000003,1.6896551724137931,0.27093217409081105,0.0191618095781445,0.0236909605473527,0.0436438662746148,0.0508672206028841,0.007181325799075,0.0083842224541245,-162.0,110.0,-145.0,136.0
549,0.0,0.0,0.0,-0.06404369365925705,0.018086396502818,1.1694915254237288,1261.3500351812227,1.879553181155901,0.0,0.1718366494878853,0.33080094228787016,1166.8617661796025,9768.613508100047,0.03634360570210024,1,3.5224773573206924,0.0,0.09578203842333888,0.030829354986524313,0.3218698985112874,0.0,0.0,0.37944072083189784,2024-10-19,rob font,kyler phillips,0.8003104648420846,0.1996895351579154,0.8003104648420846,0,1.0,0,185.0,-225.0,0.0,1.1694915254237288,5.75,0.27093217409081105,0.0252599077377893,0.017924977552359,0.053946641168098,0.0232463412880422,0.0197895780960465,0.0091959291503302,375.0,-650.0,475.0,-590.0
550,0.0,0.0,0.0,-0.09803833624278022,0.018086396502818,1.3636363636363638,1261.3500351812227,1.879553181155901,0.0,0.1718366494878853,0.33080094228787016,1166.8617661796025,9768.613508100047,0.03634360570210024,1,3.5224773573206924,0.0,0.09578203842333888,0.030829354986524313,0.3218698985112874,0.0,0.0,0.37944072083189784,2024-10-19,charles johnson,sumudaerji,0.6614385534219611,0.6614385534219611,0.3385614465780389,1,1.0,1,-198.0,164.0,0.0,3.5,1.3636363636363638,0.27093217409081105,0.0185656693505812,0.0246517396386398,0.0289551118662008,0.0467119530481759,0.0074711161397558,0.0115765029078631,-305.0,210.0,-275.0,250.0
551,218.26536403503098,0.04400750145257984,0.6756756756756757,0.03418705230068464,0.018086396502818,1.6756756756756757,1261.3500351812227,1.879553181155901,0.029734798278770163,0.1718366494878853,0.33080094228787016,1166.8617661796025,9768.613508100047,0.03634360570210024,1,3.5224773573206924,0.022561762542548505,0.09578203842333888,0.030829354986524313,0.3218698985112874,0.04153297225743315,0.048943805273023326,0.37944072083189784,2024-10-19,darren elkins,daniel pineda,0.6171761441149247,0.6171761441149247,0.3828238558850753,1,1.0,1,124.0,-148.0,0.05946057263723141,2.43,1.6756756756756757,0.27093217409081105,0.0231793921004005,0.0200233728765578,0.0381928960244635,0.0459821881506205,0.003800039300007,0.0044967879932361,-170.0,120.0,-148.0,143.0
552,105.5864663357473,0.029487794351848236,0.4878048780487805,0.00030697480975278024,0.018086396502818,1.4878048780487805,1261.3500351812227,1.879553181155901,0.014384289927730845,0.1718366494878853,0.33080094228787016,1166.8617661796025,9768.613508100047,0.03634360570210024,1,3.5224773573206924,0.011189552900717723,0.09578203842333888,0.030829354986524313,0.3218698985112874,0.00043620097774732655,0.020753191871576652,0.37944072083189784,2024-10-19,brad katona,jean matsumoto,0.6723374748721289,0.3276625251278711,0.6723374748721289,0,0.0,0,185.0,-225.0,0.02948959425384127,1.4878048780487805,2.85,0.27093217409081105,0.0252599077377893,0.017924977552359,0.039412674168866,0.0279273931712014,0.0132584274464453,0.0097499130769943,170.0,-230.0,185.0,-205.0
553,229.7794307988875,0.044450808657359495,0.704225352112676,0.1337181790956018,0.018086396502818,1.704225352112676,1261.3500351812227,1.879553181155901,0.03130338637842218,0.1718366494878853,0.33080094228787016,1166.8617661796025,9768.613508100047,0.03634360570210024,1,3.5224773573206924,0.07623168707792982,0.09578203842333888,0.030829354986524313,0.3218698985112874,0.15963930334406282,0.16828376683057222,0.37944072083189784,2024-10-19,melissa martinez,alice ardelean,0.6652395926924606,0.6652395926924606,0.3347604073075394,1,1.0,1,-155.0,130.0,0.2009053928392215,2.35,1.704225352112676,0.27093217409081105,0.0195196592207963,0.023106086729758,0.0320795539605048,0.037850515969565,0.0057014828312239,0.0066072915665253,-160.0,120.0,-142.0,135.0
554,193.39653658076543,0.05269372012793471,0.5,0.07614006505751603,0.018086396502818,1.5,1261.3500351812227,1.879553181155901,0.026346860063967355,0.1718366494878853,0.33080094228787016,1166.8617661796025,9768.613508100047,0.03634360570210024,1,3.5224773573206924,0.06243263604871544,0.09578203842333888,0.030829354986524313,0.3218698985112874,0.10750041492469838,0.11653887962499052,0.37944072083189784,2024-10-19,jessica penne,elise reed,0.717426710038344,0.282573289961656,0.717426710038344,0,0.0,0,130.0,-155.0,0.16453857643912376,1.5,2.9,0.27093217409081105,0.023106086729758,0.0195196592207963,0.0451039386561572,0.0320938951956691,0.0066033642466755,0.0048908886268876,163.0,-230.0,190.0,-200.0
555,0.0,0.0,0.0,-0.1502600706563396,0.018086396502818,1.2857142857142856,1261.3500351812227,1.879553181155901,0.0,0.1718366494878853,0.33080094228787016,1166.8617661796025,9768.613508100047,0.03634360570210024,1,3.5224773573206924,0.0,0.09578203842333888,0.030829354986524313,0.3218698985112874,0.0,0.0,0.37944072083189784,2024-10-19,austen lane,robelis despaigne,0.6609088339339582,0.3390911660660419,0.6609088339339582,0,1.0,0,300.0,-380.0,0.0,1.2857142857142856,4.4,0.27093217409081105,0.0267259939983634,0.0149406726683033,0.0609516538381139,0.0316409387544786,0.0031886539522886,0.0018618510982165,260.0,-440.0,340.0,-350.0
556,182.03839889768568,0.05331895627329169,0.4651162790697674,0.03461304198808823,0.018086396502818,1.4651162790697674,1261.3500351812227,1.879553181155901,0.02479951454571706,0.1718366494878853,0.33080094228787016,1166.8617661796025,9768.613508100047,0.03634360570210024,1,3.5224773573206924,0.03298218730220649,0.09578203842333888,0.030829354986524313,0.3218698985112874,0.050586077381306695,0.05947634639601444,0.37944072083189784,2024-10-19,matheus nicolau,asu almabayev,0.706164457229965,0.293835542770035,0.706164457229965,0,0.0,0,180.0,-218.0,0.08692316214742399,1.4651162790697674,3.05,0.27093217409081105,0.0248129186935715,0.0178645296442542,0.0462926168982899,0.0316294610237879,0.0060607300877454,0.0043478049109536,175.0,-250.0,205.0,-215.0
557,0.0,0.0,0.0,-0.021124109125427004,0.018086396502818,1.4,1261.3500351812227,1.879553181155901,0.0,0.1718366494878853,0.33080094228787016,1166.8617661796025,9768.613508100047,0.03634360570210024,1,3.5224773573206924,0.0,0.09578203842333888,0.030829354986524313,0.3218698985112874,0.0,0.0,0.37944072083189784,2024-10-19,joselyne edwards,tamires vidal,0.6991970649104093,0.6991970649104093,0.3008029350895906,1,1.0,1,-205.0,170.0,0.0,3.1,1.4,0.27093217409081105,0.018086396502818,0.0244151214085358,0.0236112560580139,0.0357494745355933,0.0148558191630255,0.0220105402839789,-265.0,200.0,-250.0,210.0
558,227.80885320628227,0.06413134738085494,0.36363636363636376,0.0781835292509136,0.0222254993026449,1.3636363636363638,1685.0662430799143,1.7637767637767632,0.023320489956674528,0.17249799489791182,0.30983225509353596,1341.5653092719006,12795.245060451862,0.03634360570210024,1,2.6949515710117704,0.04134571405686491,0.1889928960443201,0.0956608704174598,0.5061611966358073,0.13019747980131124,0.1291102308781046,0.1923014381110781,2024-10-26,lerone murphy,dan ige,0.7906679214506699,0.7906679214506699,0.2093320785493301,1,1.0,1,-170.0,142.0,0.2150047054405417,3.75,1.3636363636363638,0.41009566321605495,0.0191618095781445,0.0236909605473527,0.0369237305897426,0.0634346923493256,1.7985612998927538e-13,-1.799671522917379e-13,-350.0,210.0,-275.0,275.0
559,342.16931366372773,0.05184057940284012,0.6756756756756757,0.3065647569213137,0.0222254993026449,1.6756756756756757,1685.0662430799143,1.7637767637767632,0.035027418515432514,0.17249799489791182,0.30983225509353596,1341.5653092719006,12795.245060451862,0.03634360570210024,1,2.6949515710117704,0.08725020857263209,0.1889928960443201,0.0956608704174598,0.5061611966358073,0.38488154036027167,0.36139245895100064,0.1923014381110781,2024-10-26,ismail naurdiev,bruno silva,0.7797241291304614,0.7797241291304614,0.2202758708695386,1,1.0,1,124.0,-148.0,0.4537158402436605,2.48,1.6756756756756757,0.41009566321605495,0.0231793921004005,0.0200233728765578,0.0409948617227687,0.0508237806277884,8.58202398035246e-14,-8.576472865229334e-14,-182.0,124.0,-148.0,148.0
560,280.4336456601548,0.04765464939419009,0.6024096385542168,0.07553491312875077,0.0222254993026449,1.6024096385542168,1685.0662430799143,1.7637767637767632,0.02870762011698198,0.17249799489791182,0.30983225509353596,1341.5653092719006,12795.245060451862,0.03634360570210024,1,2.6949515710117704,0.024961582693533737,0.1889928960443201,0.0956608704174598,0.5061611966358073,0.09738002624903776,0.10068561638576003,0.1923014381110781,2024-10-26,shara magomedov,armen petrosyan,0.6711984796217016,0.6711984796217016,0.3288015203782983,1,1.0,1,-250.0,205.0,0.12980445148369252,2.63,1.6024096385542168,0.41009566321605495,0.0169990228350114,0.0251555439097192,0.0398410606730592,0.052458154094815,0.0019080041588147,0.0023802830992543,-205.0,138.0,-166.0,163.0
561,239.13975836660114,0.055080944279215706,0.4444444444444444,0.05338263916899938,0.0222254993026449,1.4444444444444444,1685.0662430799143,1.7637767637767632,0.024480419679651425,0.17249799489791182,0.30983225509353596,1341.5653092719006,12795.245060451862,0.03634360570210024,1,2.6949515710117704,0.02756380247153028,0.1889928960443201,0.0956608704174598,0.5061611966358073,0.07955136374546953,0.09618536751395844,0.1923014381110781,2024-10-26,robert whittaker,khamzat chimaev,0.7292649040400765,0.2707350959599235,0.7292649040400765,0,0.0,0,155.0,-195.0,0.14333643441402003,1.4444444444444444,3.05,0.41009566321605495,0.0301763491444724,0.022997462753168,0.0462926168982899,0.0316294610237879,0.0118345224887278,0.0083420222779808,175.0,-250.0,205.0,-225.0
562,230.92057950723836,0.06264343810785093,0.37735849056603765,0.0843835490257368,0.0222254993026449,1.3773584905660377,1685.0662430799143,1.7637767637767632,0.023639033248245626,0.17249799489791182,0.30983225509353596,1341.5653092719006,12795.245060451862,0.03634360570210024,1,2.6949515710117704,0.04635241857786656,0.1889928960443201,0.0956608704174598,0.5061611966358073,0.13697603687487955,0.148492000481585,0.1923014381110781,2024-10-26,ilia topuria,max holloway,0.7872921657310145,0.7872921657310145,0.2127078342689855,1,1.0,1,-188.0,146.0,0.24104041567849455,3.45,1.3773584905660377,0.41009566321605495,0.0259404355440567,0.0333414072743715,0.0289551118662008,0.0467119530481759,0.0062897968176127,0.0095926729064294,-305.0,210.0,-265.0,245.0
563,291.5346050032349,0.045959776311418774,0.6493506493506491,0.11774830441978307,0.0222254993026449,1.6493506493506491,1685.0662430799143,1.7637767637767632,0.02984401059183036,0.17249799489791182,0.30983225509353596,1341.5653092719006,12795.245060451862,0.03634360570210024,1,2.6949515710117704,0.03894672932057267,0.1889928960443201,0.0956608704174598,0.5061611966358073,0.1458441379214351,0.16351369944320818,0.1923014381110781,2024-10-26,abus magomedov,brunno ferreira,0.6776899168529394,0.6776899168529394,0.3223100831470605,1,1.0,1,100.0,-120.0,0.2025295790979788,2.4,1.6493506493506491,0.41009566321605495,0.0232290461519004,0.0222254993026449,0.0277713639757349,0.0334666366862975,0.010464777488587,0.0125011017765047,-165.0,128.0,-154.0,140.0
564,169.75816019719642,0.09992302595701007,0.17391304347826075,0.05947771073016159,0.0222254993026449,1.1739130434782608,1685.0662430799143,1.7637767637767632,0.017377917557740867,0.17249799489791182,0.30983225509353596,1341.5653092719006,12795.245060451862,0.03634360570210024,1,2.6949515710117704,0.0657664835267191,0.1889928960443201,0.0956608704174598,0.5061611966358073,0.14397464082041034,0.14128313714083549,0.1923014381110781,2024-10-26,farid basharat,victor hugo,0.9025180498812488,0.9025180498812488,0.0974819501187511,1,1.0,1,-278.0,225.0,0.3419968366993217,6.75,1.1739130434782608,0.41009566321605495,0.0168967792200803,0.0262452639219628,0.0241479924861317,0.0663281979900586,2.0095036745715333e-13,-2.00756078427844e-13,-900.0,425.0,-575.0,575.0
565,0.0,0.0,0.0,-0.02270555563363244,0.0222254993026449,1.1398601398601398,1685.0662430799143,1.7637767637767632,0.0,0.17249799489791182,0.30983225509353596,1341.5653092719006,12795.245060451862,0.03634360570210024,1,2.6949515710117704,0.0,0.1889928960443201,0.0956608704174598,0.5061611966358073,0.0,0.0,0.1923014381110781,2024-10-26,kennedy nzechukwu,chris barnett,0.8573810156097581,0.8573810156097581,0.1426189843902419,1,1.0,1,-752.0,475.0,0.0,6.5,1.1398601398601398,0.41009566321605495,0.016385327243285,0.0401568242161964,0.0157872313305,0.0397683242250553,0.0093319616366217,0.0218148057064646,-800.0,500.0,-715.0,550.0
566,188.127003065373,0.04718286347678516,0.40816326530612246,0.009584199942767602,0.0222254993026449,1.4081632653061225,1685.0662430799143,1.7637767637767632,0.019258311623177617,0.17249799489791182,0.30983225509353596,1341.5653092719006,12795.245060451862,0.03634360570210024,1,2.6949515710117704,0.009073886326854203,0.1889928960443201,0.0956608704174598,0.5061611966358073,0.014892104818756673,0.030367607892256312,0.1923014381110781,2024-10-26,geoff neal,rafael dos anjos,0.7169510985100813,0.7169510985100813,0.2830489014899187,1,1.0,1,-170.0,142.0,0.04718574346601038,3.25,1.4081632653061225,0.41009566321605495,0.0191618095781445,0.0236909605473527,0.0320812817657297,0.0512520515676035,0.0072111180858498,0.0106261171426896,-300.0,200.0,-245.0,225.0
567,-628.3266093979082,0.06432096109411078,-1.0,0.11136156577776263,0.0222254993026449,1.3846153846153846,1685.0662430799143,1.7637767637767632,-0.06432096109411078,0.17249799489791182,0.30983225509353596,1341.5653092719006,12795.245060451862,0.03634360570210024,1,2.6949515710117704,0.05721454382266394,0.1889928960443201,0.0956608704174598,0.5061611966358073,0.18039059551331546,0.18367301028808564,0.1923014381110781,2024-10-26,mateusz rebecki,myktybek orolbai,0.8026500197283841,0.1973499802716159,0.8026500197283841,0,1.0,0,100.0,-120.0,0.29752530394294496,1.3846153846153846,3.5,0.41009566321605495,0.0232290461519004,0.0222254993026449,0.0549582859365597,0.0326169740524933,0.0047789276446945,0.0031575802918132,215.0,-335.0,250.0,-260.0
568,364.1298685579019,0.046956059089291145,0.606060606060606,0.078225258064135,0.0232290461519004,1.606060606060606,2389.145485785236,2.104347826086957,0.028458217629873415,0.18672135426071032,0.33216350893087876,1860.9680111249486,17045.358557362044,0.03634360570210024,1,3.0129117259552043,0.0421453945755494,0.1309556625765184,0.05882338080312733,0.4491854696909833,0.10005772613383913,0.1187251617068146,0.27752603428556893,2024-11-02,brandon moreno,amir albazi,0.6713478021908765,0.6713478021908765,0.3286521978091234,1,1.0,1,-150.0,125.0,0.1518610485825002,2.5,1.606060606060606,0.24539968930397926,0.0205377364810389,0.0239067079634055,0.0263563125916101,0.0331674969321992,0.0101395688732146,0.0125019405607477,-180.0,140.0,-165.0,150.0
569,438.82486157945965,0.04732838692174828,0.7246376811594204,0.2655503586633574,0.0232290461519004,1.7246376811594204,2389.145485785236,2.104347826086957,0.034295932551991516,0.18672135426071032,0.33216350893087876,1860.9680111249486,17045.358557362044,0.03634360570210024,1,3.0129117259552043,0.10170205036130363,0.1309556625765184,0.05882338080312733,0.4491854696909833,0.31821153620213644,0.30581370959229,0.27752603428556893,2024-11-02,erin blanchfield,rose namajunas,0.7338065104854761,0.7338065104854761,0.2661934895145239,1,1.0,1,-120.0,-110.0,0.3664594949555406,2.38,1.7246376811594204,0.24539968930397926,0.0342505339758,0.0350135352882691,0.0448808699216718,0.0525217274809254,7.127631818093505e-14,-7.144285163462882e-14,-164.0,110.0,-138.0,138.0
570,-516.1588179835903,0.04033989310442814,-1.0,0.0483105405319294,0.0232290461519004,1.6666666666666663,2389.145485785236,2.104347826086957,-0.04033989310442814,0.18672135426071032,0.33216350893087876,1860.9680111249486,17045.358557362044,0.03634360570210024,1,3.0129117259552043,0.011196053909675471,0.1309556625765184,0.05882338080312733,0.4491854696909833,0.05957742497156363,0.032713078770093426,0.27752603428556893,2024-11-02,caio machado,brendson ribeiro,0.6289863243191578,0.6289863243191578,0.3710136756808422,1,0.0,1,-165.0,140.0,0.040342355406393866,2.7,1.6666666666666663,0.24539968930397926,0.0176933967696582,0.0216147793309708,0.0553744896402191,0.0713021124462188,-0.0133895480633008,-0.0162400815663286,-205.0,120.0,-150.0,170.0
571,0.0,0.0,0.0,-0.08448901046096297,0.0232290461519004,1.4444444444444444,2389.145485785236,2.104347826086957,0.0,0.18672135426071032,0.33216350893087876,1860.9680111249486,17045.358557362044,0.03634360570210024,1,3.0129117259552043,0.0,0.1309556625765184,0.05882338080312733,0.4491854696909833,0.0,0.0,0.27752603428556893,2024-11-02,ariane da silva,jasmine jasudavicius,0.6338153004501026,0.3661846995498974,0.6338153004501026,0,0.0,0,140.0,-165.0,0.0,1.4444444444444444,3.1,0.24539968930397926,0.0216147793309708,0.0176933967696582,0.0513452487166904,0.0345133371418953,0.0087372325093323,0.0061511049596503,175.0,-260.0,210.0,-225.0
572,0.0,0.0,0.0,-0.043241880843629454,0.0232290461519004,1.4444444444444444,2389.145485785236,2.104347826086957,0.0,0.18672135426071032,0.33216350893087876,1860.9680111249486,17045.358557362044,0.03634360570210024,1,3.0129117259552043,0.0,0.1309556625765184,0.05882338080312733,0.4491854696909833,0.0,0.0,0.27752603428556893,2024-11-02,marc andre barriault,dustin stoltzfus,0.662371005569795,0.662371005569795,0.337628994430205,1,0.0,1,-210.0,175.0,0.0,3.35,1.4444444444444444,0.24539968930397926,0.0173530992925162,0.0237026191825569,0.0418982321541995,0.0653278750719078,-0.0037852880483632,-0.0053995569573773,-290.0,175.0,-225.0,235.0
573,0.0,0.0,0.0,-0.0905574581370549,0.0232290461519004,1.289855072463768,2389.145485785236,2.104347826086957,0.0,0.18672135426071032,0.33216350893087876,1860.9680111249486,17045.358557362044,0.03634360570210024,1,3.0129117259552043,0.0,0.1309556625765184,0.05882338080312733,0.4491854696909833,0.0,0.0,0.27752603428556893,2024-11-02,mike malott,trevin giles,0.7050734313319462,0.7050734313319462,0.2949265686680538,1,1.0,1,-275.0,210.0,0.0,4.1,1.289855072463768,0.24539968930397926,0.0219964606154342,0.0339175178791893,0.0274047537839571,0.0503730239938207,0.0070835082018325,0.0120998296989622,-400.0,260.0,-345.0,310.0
574,413.35791894085736,0.04264337653746061,0.7575757575757576,0.14224348265394932,0.0232290461519004,1.7575757575757576,2389.145485785236,2.104347826086957,0.03230558828595501,0.18672135426071032,0.33216350893087876,1860.9680111249486,17045.358557362044,0.03634360570210024,1,3.0129117259552043,0.055368035231449106,0.1309556625765184,0.05882338080312733,0.4491854696909833,0.16376722606142471,0.17328491863362527,0.27752603428556893,2024-11-02,alexandr romanov,rodrigo nascimento,0.6498971539237988,0.6498971539237988,0.3501028460762012,1,1.0,1,105.0,-138.0,0.19950573420609782,2.25,1.7575757575757576,0.24539968930397926,0.0354005882336351,0.0322362225882545,0.0389967843209849,0.0440950031186286,0.006323860750538,0.0070861009352857,-150.0,107.0,-132.0,125.0
575,423.8075374949612,0.04140283514429173,0.8,0.1642782666457574,0.0232290461519004,1.8,2389.145485785236,2.104347826086957,0.03312226811543338,0.18672135426071032,0.33216350893087876,1860.9680111249486,17045.358557362044,0.03634360570210024,1,3.0129117259552043,0.06130189982297911,0.1309556625765184,0.05882338080312733,0.4491854696909833,0.18413024190835234,0.19707212170705285,0.27752603428556893,2024-11-02,serhiy sidey,garrett armfield,0.646821259247643,0.646821259247643,0.353178740752357,1,1.0,1,-165.0,140.0,0.22088702409771271,2.16,1.8,0.24539968930397926,0.0176933967696582,0.0216147793309708,0.0361546531011737,0.0401275912027509,0.0088643203638199,0.0096541981546985,-143.0,105.0,-125.0,116.0
576,318.9770952831538,0.06232336578473653,0.3999999999999999,0.08481949187652282,0.0232290461519004,1.4,2389.145485785236,2.104347826086957,0.024929346313894606,0.18672135426071032,0.33216350893087876,1860.9680111249486,17045.358557362044,0.03634360570210024,1,3.0129117259552043,0.04517511648463306,0.1309556625765184,0.05882338080312733,0.4491854696909833,0.1373103694731509,0.10055134446510977,0.27752603428556893,2024-11-02,chad anheliger,cody gibson,0.7748710656260878,0.2251289343739122,0.7748710656260878,0,0.0,0,110.0,-130.0,0.16277794117920028,1.4,4.1,0.24539968930397926,0.0215932116349099,0.0198146558599141,0.0846856908214269,0.0466274404917043,-0.0249974687145423,-0.0168143779753531,200.0,-395.0,310.0,-250.0
577,0.0,0.0,0.0,-0.038915288825268596,0.0232290461519004,1.3333333333333333,2389.145485785236,2.104347826086957,0.0,0.18672135426071032,0.33216350893087876,1860.9680111249486,17045.358557362044,0.03634360570210024,1,3.0129117259552043,0.0,0.1309556625765184,0.05882338080312733,0.4491854696909833,0.0,0.0,0.27752603428556893,2024-11-02,jack shore,youssef zalal,0.7208135333810486,0.2791864666189513,0.7208135333810486,0,0.0,0,200.0,-250.0,0.0,1.3333333333333333,3.5,0.24539968930397926,0.0284008065139526,0.019218241105095,0.0396451033729031,0.0235256614688303,0.022024663419782,0.0136896222945035,240.0,-333.0,250.0,-300.0
578,418.02954725220474,0.04508555893087912,0.7246376811594204,0.14995755447873677,0.0232290461519004,1.7246376811594204,2389.145485785236,2.104347826086957,0.03267069487744865,0.18672135426071032,0.33216350893087876,1860.9680111249486,17045.358557362044,0.03634360570210024,1,3.0129117259552043,0.05244395749952394,0.1309556625765184,0.05882338080312733,0.4491854696909833,0.17797679509417683,0.1592196607481557,0.27752603428556893,2024-11-02,charles jourdain,victor henry,0.666782111420444,0.666782111420444,0.333217888579556,1,1.0,1,100.0,-120.0,0.18896950563405565,2.5,1.7246376811594204,0.24539968930397926,0.0232290461519004,0.0222254993026449,0.0539136387157048,0.065133980331914,-0.0093106569391772,-0.0108574102877134,-180.0,110.0,-138.0,150.0
579,388.8492244782841,0.05703154075194516,0.3999999999999999,0.027806123972772268,0.0143410473189259,1.4,1650.345088844346,0.6550091074681237,0.022812616300778056,0.09682079043925697,0.17095516967437588,1263.6470754900572,19959.350721696446,0.026677204227634994,1,1.434559001031448,0.09744548583583997,0.026677204227634994,0.00278483776625256,0.1043901655694392,0.043571115238743914,0.062187558085017774,1.0,2024-11-09,cody stamann,damon blackshear,0.7341472314091231,0.2658527685908769,0.7341472314091231,0,0.0,0,190.0,-230.0,0.09744548583583997,1.4,3.25,0.2378238816278387,0.0245558468550464,0.017241436321547,0.0458364775506229,0.0288678179463681,0.0131363950923042,0.0088416268857176,205.0,-295.0,225.0,-250.0
580,357.9075837191202,0.03485562283564467,0.6024096385542168,0.002103575246623579,0.0143410473189259,1.6024096385542168,1650.345088844346,0.6550091074681237,0.02099736315400281,0.09682079043925697,0.17095516967437588,1263.6470754900572,19959.350721696446,0.026677204227634994,1,1.434559001031448,0.034857750383885874,0.026677204227634994,0.00278483776625256,0.1043901655694392,0.002692656187937368,0.02723180968629162,1.0,2024-11-09,matthew semelsberger,charles radtke,0.6253729078606749,0.3746270921393251,0.6253729078606749,0,0.0,0,155.0,-180.0,0.034857750383885874,1.6024096385542168,2.48,0.2378238816278387,0.0196241763171906,0.0153898292850502,0.0375340314077538,0.0294822856085632,0.0150684210627405,0.0122175357648121,140.0,-186.0,148.0,-166.0
581,281.8675278591111,0.09078440460720973,0.18214936247723124,0.041063462566321596,0.0143410473189259,1.1821493624772312,1650.345088844346,0.6550091074681237,0.016536321422078268,0.09682079043925697,0.17095516967437588,1263.6470754900572,19959.350721696446,0.026677204227634994,1,1.434559001031448,0.24556904161870963,0.026677204227634994,0.00278483776625256,0.1043901655694392,0.09554393582981649,0.10554217868854483,1.0,2024-11-09,karolina kowalkiewicz,denise gomes,0.88065306771789,0.1193469322821099,0.88065306771789,0,0.0,0,320.0,-420.0,0.24556904161870963,1.1821493624772312,6.0,0.2378238816278387,0.0298469378562083,0.0159406079313374,0.0529538435701206,0.0220461564298792,0.0084720287660942,0.0041114329699099,400.0,-700.0,500.0,-549.0
582,235.02273943354183,0.05515231343303914,0.25,0.013788919966906177,0.0143410473189259,1.25,1650.345088844346,0.6550091074681237,0.013788078358259785,0.09682079043925697,0.17095516967437588,1263.6470754900572,19959.350721696446,0.026677204227634994,1,1.434559001031448,0.05515567986857799,0.026677204227634994,0.00278483776625256,0.1043901655694392,0.027583540121183553,0.027572140924871504,1.0,2024-11-09,luana pinheiro,gillian robertson,0.8110311359735249,0.188968864026475,0.8110311359735249,0,0.0,0,200.0,-240.0,0.05515567986857799,1.25,5.0,0.2378238816278387,0.0232317930546551,0.0159838932198544,0.0656539004854084,0.0304999456684377,-2.0172752357439094e-13,2.0183854587685346e-13,300.0,-550.0,400.0,-400.0
583,0.0,0.0,0.0,-0.2733110730769778,0.0143410473189259,1.12987012987013,1650.345088844346,0.6550091074681237,0.0,0.09682079043925697,0.17095516967437588,1263.6470754900572,19959.350721696446,0.026677204227634994,1,1.434559001031448,0.0,0.026677204227634994,0.00278483776625256,0.1043901655694392,0.0,0.0,1.0,2024-11-09,neil magny,carlos prates,0.643161464058307,0.3568385359416929,0.643161464058307,0,0.0,0,430.0,-600.0,0.0,1.12987012987013,6.7,0.2378238816278387,0.03148105510695,0.0143410473189259,0.0416586460225981,0.0163123684701554,0.0242809145068091,0.010030288100842,500.0,-820.0,570.0,-770.0
584,0.0,0.0,0.0,-0.019532397311846528,0.0198146558599141,1.3636363636363638,4000.766794916547,2.61290322580645,0.0,0.20044573847623143,0.18350325413987845,-338.16098696611743,23621.956529646875,0.03634360570210024,1,-0.011399024619543674,0.0,0.07752749587263832,0.02167321502355,0.2795552052803901,0.0,0.0,0.46878343345185924,2024-11-16,viviane araujo,karine silva,0.7190095753046458,0.2809904246953542,0.7190095753046458,0,1.0,0,190.0,-230.0,0.0,1.3636363636363638,3.65,0.069062162468251,0.0245558468550464,0.017241436321547,0.0634346923493256,0.0369237305897426,0.004440781532958,0.0028651545401012,210.0,-350.0,265.0,-275.0
585,0.0,0.0,0.0,-0.014103334001446588,0.0198146558599141,1.4166666666666667,4000.766794916547,2.61290322580645,0.0,0.20044573847623143,0.18350325413987845,-338.16098696611743,23621.956529646875,0.03634360570210024,1,-0.011399024619543674,0.0,0.07752749587263832,0.02167321502355,0.2795552052803901,0.0,0.0,0.46878343345185924,2024-11-16,charles oliveira,michael chandler,0.69592705835192,0.69592705835192,0.3040729416480799,1,1.0,1,-198.0,164.0,0.0,3.15,1.4166666666666667,0.069062162468251,0.0185656693505812,0.0246517396386398,0.0262663073127574,0.040400359353909,0.0094934904644795,0.0138491799370142,-275.0,200.0,-240.0,215.0
586,347.1730122772506,0.09549307810550403,0.18214936247723124,0.05831364438666936,0.0198146558599141,1.1821493624772312,4000.766794916547,2.61290322580645,0.017394003297906007,0.20044573847623143,0.18350325413987845,-338.16098696611743,23621.956529646875,0.03634360570210024,1,-0.011399024619543674,0.16571151117140237,0.07752749587263832,0.02167321502355,0.2795552052803901,0.13500990395750925,0.15268099375549057,0.46878343345185924,2024-11-16,jon jones,stipe miocic,0.8952452862377219,0.8952452862377219,0.104754713762278,1,1.0,1,-298.0,240.0,0.3534926777407542,5.6,1.1821493624772312,0.069062162468251,0.0164642876034875,0.0263970780483009,0.0209632697544978,0.0491666003753723,0.0079485465369132,0.0165396771038527,-670.0,400.0,-549.0,460.0
587,0.0,0.0,0.0,-0.16711099544107277,0.0198146558599141,1.10989010989011,4000.766794916547,2.61290322580645,0.0,0.20044573847623143,0.18350325413987845,-338.16098696611743,23621.956529646875,0.03634360570210024,1,-0.011399024619543674,0.0,0.07752749587263832,0.02167321502355,0.2795552052803901,0.0,0.0,0.46878343345185924,2024-11-16,mauricio ruffy,james llontop,0.7504247466818057,0.7504247466818057,0.2495752533181943,1,1.0,1,-700.0,500.0,0.0,7.5,1.10989010989011,0.069062162468251,0.0124693401840167,0.0291973264826498,0.013749275630595,0.0381987763174568,0.0095375835676442,0.02478584877559,-1000.0,600.0,-910.0,650.0
588,0.0,0.0,0.0,-0.02051561677106334,0.0198146558599141,1.9090909090909087,4000.766794916547,2.61290322580645,0.0,0.20044573847623143,0.18350325413987845,-338.16098696611743,23621.956529646875,0.03634360570210024,1,-0.011399024619543674,0.0,0.07752749587263832,0.02167321502355,0.2795552052803901,0.0,0.0,0.46878343345185924,2024-11-16,jonathan martinez,marcus mcghee,0.5130632483580145,0.4869367516419854,0.5130632483580145,0,0.0,0,124.0,-148.0,0.0,1.9090909090909087,2.1,0.069062162468251,0.0231793921004005,0.0200233728765578,0.0524337629194944,0.0494348326199872,-2.159383782895929e-14,2.164934898019056e-14,-110.0,-137.0,110.0,-110.0
589,-1122.355298694284,0.05623205455647655,-1.0,0.1155965108960807,0.0198146558599141,1.4761904761904765,4000.766794916547,2.61290322580645,-0.05623205455647655,0.20044573847623143,0.18350325413987845,-338.16098696611743,23621.956529646875,0.03634360570210024,1,-0.011399024619543674,0.11622523719938962,0.07752749587263832,0.02167321502355,0.2795552052803901,0.168223059181519,0.17036774886141207,0.46878343345185924,2024-11-16,jim miller,damon jackson,0.7557266686715384,0.2442733313284616,0.7557266686715384,0,1.0,0,-140.0,118.0,0.2479294891962626,1.4761904761904765,3.05,0.069062162468251,0.0197565162227272,0.0222924134408813,0.0543229674285924,0.0373212374231595,0.0030677496110842,0.0022204576866419,165.0,-250.0,205.0,-210.0
590,0.0,0.0,0.0,-0.1357777320108405,0.0198146558599141,1.3389830508474576,4000.766794916547,2.61290322580645,0.0,0.20044573847623143,0.18350325413987845,-338.16098696611743,23621.956529646875,0.03634360570210024,1,-0.011399024619543674,0.0,0.07752749587263832,0.02167321502355,0.2795552052803901,0.0,0.0,0.46878343345185924,2024-11-16,bassil hafez,oban elliott,0.6454318203969672,0.3545681796030328,0.6454318203969672,0,0.0,0,120.0,-142.0,0.0,1.3389830508474576,3.5,0.069062162468251,0.0219819935623222,0.0193403204872646,0.0395272783320708,0.0242625903358466,0.0200164041721571,0.0125333245801031,225.0,-310.0,250.0,-295.0
591,-936.3462786572328,0.046912662226000906,-1.0,0.026300431251941425,0.0198146558599141,1.5882352941176472,4000.766794916547,2.61290322580645,-0.046912662226000906,0.20044573847623143,0.18350325413987845,-338.16098696611743,23621.956529646875,0.03634360570210024,1,-0.011399024619543674,0.028469891230806798,0.07752749587263832,0.02167321502355,0.2795552052803901,0.03417216744764121,0.04674163463265234,0.46878343345185924,2024-11-16,mickey gall,ramiz brahimaj,0.646189160417889,0.646189160417889,0.353810839582111,1,0.0,1,120.0,-142.0,0.060731436307743275,2.6,1.5882352941176472,0.069062162468251,0.0219819935623222,0.0193403204872646,0.0361183306746932,0.0472150026586399,0.0063172493997234,0.0079277648452907,-200.0,140.0,-170.0,160.0
592,657.4586839327635,0.04084545531786393,0.8064516129032251,0.12016141082857412,0.0198146558599141,1.806451612903225,4000.766794916547,2.61290322580645,0.03293988332085798,0.20044573847623143,0.18350325413987845,-338.16098696611743,23621.956529646875,0.03634360570210024,1,-0.011399024619543674,0.07503359744232772,0.07752749587263832,0.02167321502355,0.2795552052803901,0.1339491254361112,0.14358486023401254,0.46878343345185924,2024-11-16,veronica hardy,eduarda moura,0.6200893524229609,0.3799106475770391,0.6200893524229609,0,0.0,0,-135.0,114.0,0.16006025829415993,1.806451612903225,2.18,0.069062162468251,0.0197976060171143,0.0219601987154369,0.0434863681280953,0.0398469652052378,0.0064085691553548,0.0058784557463489,100.0,-140.0,118.0,-124.0
593,715.9088941753853,0.03586834582736049,1.0,0.14704264073968187,0.0198146558599141,2.0,4000.766794916547,2.61290322580645,0.03586834582736049,0.20044573847623143,0.18350325413987845,-338.16098696611743,23621.956529646875,0.03634360570210024,1,-0.011399024619543674,0.0783305498122684,0.07752749587263832,0.02167321502355,0.2795552052803901,0.14726455866677254,0.1668414565989829,0.46878343345185924,2024-11-16,marcin tybura,jhonata diniz,0.5735213203698409,0.5735213203698409,0.426478679630159,1,1.0,1,-130.0,110.0,0.16709325505700148,1.9090909090909087,2.0,0.069062162468251,0.0198146558599141,0.0215932116349099,0.0434647008446087,0.0432742482796613,0.0120365301632248,0.0117729936462989,-118.0,-120.0,100.0,-110.0
594,566.403047215841,0.06474011691467763,0.37037037037037024,0.10028568783427155,0.0217506013680772,1.3703703703703702,3359.991784410622,1.3220164609053495,0.02397782107951022,0.14224019844391994,0.19597721896794457,1269.3735628512518,28251.321876908747,0.03634360570210023,1,1.0648148148148147,0.19559992861313963,0.0532949221290745,0.009874780512062017,0.18528557914291297,0.16471670677122927,0.17463360473698772,0.6819337424694979,2024-11-23,petr yan,deiveson figueiredo,0.8029111776087928,0.8029111776087928,0.1970888223912071,1,1.0,1,-260.0,196.0,0.2868312805651915,3.5,1.3703703703703702,0.10759336411477838,0.0240218871271901,0.0360381729328698,0.0345444993467652,0.0581510883432608,0.0060862454044519,0.0093577700395637,-335.0,210.0,-270.0,250.0
595,702.9705156354107,0.042853247200100746,0.6944444444444444,0.07489738891587433,0.0217506013680772,1.6944444444444444,3359.991784410622,1.3220164609053495,0.029759199444514405,0.14224019844391994,0.19597721896794457,1269.3735628512518,28251.321876908747,0.03634360570210023,1,1.0648148148148147,0.10041754713388752,0.0532949221290745,0.009874780512062017,0.18528557914291297,0.08922553749128422,0.12360753148620338,0.6819337424694979,2024-11-23,xiao long,quang le,0.6343656721470734,0.6343656721470734,0.3656343278529266,1,1.0,1,-110.0,-120.0,0.1472541111842388,2.22,1.6944444444444444,0.10759336411477838,0.0350135352882691,0.0342505339758,0.0253013906679012,0.0292440638775533,0.0189368345931199,0.02167755028356,-150.0,120.0,-144.0,122.0
596,0.0,0.0,0.0,-0.045019163874516765,0.0217506013680772,1.3773584905660377,3359.991784410622,1.3220164609053495,0.0,0.14224019844391994,0.19597721896794457,1269.3735628512518,28251.321876908747,0.03634360570210023,1,1.0648148148148147,0.0,0.0532949221290745,0.009874780512062017,0.18528557914291297,0.0,0.0,0.6819337424694979,2024-11-23,volkan oezdemir,carlos ulberg,0.6933422508856248,0.3066577491143752,0.6933422508856248,0,0.0,0,205.0,-265.0,0.0,1.3773584905660377,3.4,0.10759336411477838,0.0324758675621523,0.0214203821571381,0.043567383603786,0.0269793536096178,0.0121654747939023,0.0079795695251951,215.0,-305.0,240.0,-265.0
597,0.0,0.0,0.0,-0.13097020184249528,0.0217506013680772,1.1052631578947367,3359.991784410622,1.3220164609053495,0.0,0.14224019844391994,0.19597721896794457,1269.3735628512518,28251.321876908747,0.03634360570210023,1,1.0648148148148147,0.0,0.0532949221290745,0.009874780512062017,0.18528557914291297,0.0,0.0,0.6819337424694979,2024-11-23,wang cong,gabriella fernandes,0.7862650554758377,0.7862650554758377,0.2137349445241623,1,0.0,1,-549.0,350.0,0.0,7.4,1.1052631578947367,0.10759336411477838,0.0217506013680772,0.0463884159234824,0.013749275630595,0.0381987763174568,0.0108731605849623,0.0290238793120777,-1000.0,600.0,-950.0,640.0
598,0.0,0.0,0.0,-0.026274980752972604,0.0223754287271183,1.1,-2658.7059321560373,-1.0,0.0,-0.09410908076231059,-0.08450362163822539,271.3669174900208,25863.98286224273,0.03634360570210024,1,-0.39901764901764913,0.0,0.17067551020331984,0.0825873884720974,0.48388540554947745,0.0,0.0,0.21293978063288257,2024-12-07,clay guida,chase hooper,0.885204562951843,0.114795437048157,0.885204562951843,0,0.0,0,500.0,-700.0,0.0,1.1,9.0,0.1809675221237294,0.0291973264826498,0.0124693401840167,0.0567447622579458,0.0171468633578176,0.0146453515639771,0.0055566686380429,600.0,-1350.0,800.0,-1000.0
599,0.0,0.0017729325283380734,0.0,-0.024540127432195247,0.0223754287271183,1.7462686567164178,-2658.7059321560373,-1.0,0.0,-0.09410908076231059,-0.08450362163822539,271.3669174900208,25863.98286224273,0.03634360570210024,1,-0.39901764901764913,0.00037752786366121124,0.17067551020331984,0.0825873884720974,0.48388540554947745,-0.02829441637877868,0.0015376881993838262,0.21293978063288257,2024-12-07,nate landwehr,dooho choi,0.55859667916276,0.55859667916276,0.44140332083724,1,0.0,1,-163.0,120.0,0.0017729325283380734,2.18,1.7462686567164178,0.1809675221237294,0.0339796305551364,0.0403376871081888,0.0303908195281207,0.0337117445744432,0.0148368617152148,0.0165283072646333,-140.0,108.0,-134.0,118.0
600,562.114674156868,0.06963926743396374,0.2857142857142856,0.03327542465849645,0.0223754287271183,1.2857142857142856,-2658.7059321560373,-1.0,0.01989693355256106,-0.09410908076231059,-0.08450362163822539,271.3669174900208,25863.98286224273,0.03634360570210024,1,-0.39901764901764913,0.02179189612523115,0.17067551020331984,0.0825873884720974,0.48388540554947745,0.06267444945323113,0.0543339522415754,0.21293978063288257,2024-12-07,shavkat rakhmonov,ian machado garry,0.8036586636232751,0.8036586636232751,0.1963413363767249,1,1.0,1,-290.0,215.0,0.10233830456884581,4.7,1.2857142857142856,0.1809675221237294,0.0236688803786396,0.0373811806714214,0.0353346933991691,0.0715029134384376,-0.0034969080241817,-0.0059593567512318,-485.0,260.0,-350.0,370.0
601,0.0,0.0,0.0,-0.008790437585596694,0.0223754287271183,1.125,-2658.7059321560373,-1.0,0.0,-0.09410908076231059,-0.08450362163822539,271.3669174900208,25863.98286224273,0.03634360570210024,1,-0.39901764901764913,0.0,0.17067551020331984,0.0825873884720974,0.48388540554947745,0.0,0.0,0.21293978063288257,2024-12-07,bryce mitchell,kron gracie,0.8810751665905807,0.8810751665905807,0.1189248334094192,1,1.0,1,-500.0,380.0,0.0,7.5,1.125,0.1809675221237294,0.0137953429848293,0.0278713236818374,0.019638207040137,0.0561193687174385,0.0064969485463198,0.0157252736759022,-1000.0,500.0,-800.0,650.0
602,575.5033824964415,0.08148339182200602,0.25,0.08137481033512867,0.0223754287271183,1.25,-2658.7059321560373,-1.0,0.020370847955501505,-0.09410908076231059,-0.08450362163822539,271.3669174900208,25863.98286224273,0.03634360570210024,1,-0.39901764901764913,0.07592940561417268,0.17067551020331984,0.0825873884720974,0.48388540554947745,0.16137391237250873,0.17980835131826833,0.21293978063288257,2024-12-07,dominick reyes,anthony smith,0.8650998482681029,0.8650998482681029,0.134900151731897,1,1.0,1,-275.0,200.0,0.35657689412706906,4.4,1.25,0.1809675221237294,0.0262663073127574,0.040400359353909,0.0231736516692425,0.0450081665125755,0.0096600984648791,0.0176126288078482,-450.0,300.0,-400.0,340.0
603,623.642724785004,0.07174315114819113,0.3076923076923077,0.08742468531755115,0.0223754287271183,1.3076923076923077,-2658.7059321560373,-1.0,0.022074815737904964,-0.09410908076231059,-0.08450362163822539,271.3669174900208,25863.98286224273,0.03634360570210024,1,-0.39901764901764913,0.06472663322772315,0.17067551020331984,0.0825873884720974,0.48388540554947745,0.15717231869064738,0.16907688303689222,0.21293978063288257,2024-12-07,ciryl gane,alexander volkov,0.8315600534781273,0.8315600534781273,0.1684399465218726,1,1.0,1,-240.0,188.0,0.3039668446888967,3.95,1.3076923076923077,0.1809675221237294,0.0216965726234765,0.031408002539922,0.0255271203822416,0.0460650903852267,0.0067057716349189,0.0111646676800476,-385.0,260.0,-325.0,295.0
604,956.9119863947141,0.04471025559598464,0.7575757575757576,0.2471589970103435,0.0223754287271183,1.7575757575757576,-2658.7059321560373,-1.0,0.03387140575453382,-0.09410908076231059,-0.08450362163822539,271.3669174900208,25863.98286224273,0.03634360570210024,1,-0.39901764901764913,0.07184955303249495,0.17067551020331984,0.0825873884720974,0.48388540554947745,0.2873898270726209,0.2901832240250649,0.21293978063288257,2024-12-07,michael chiesa,max griffin,0.7095904638162299,0.7095904638162299,0.2904095361837701,1,1.0,1,120.0,-163.0,0.33741723983630234,2.24,1.7575757575757576,0.1809675221237294,0.0403376871081888,0.0339796305551364,0.037565991906196,0.0422999890818046,0.0072647813393789,0.0081293073305718,-148.0,107.0,-132.0,124.0
605,-1051.2237402279923,0.03720971871009021,-1.0,0.09278042011241672,0.0223754287271183,1.9090909090909087,-2658.7059321560373,-1.0,-0.03720971871009021,-0.09410908076231059,-0.08450362163822539,271.3669174900208,25863.98286224273,0.03634360570210024,1,-0.39901764901764913,0.028208923576485998,0.17067551020331984,0.0825873884720974,0.48388540554947745,0.09711350534719455,0.12656289962055248,0.21293978063288257,2024-12-07,chris weidman,eryk anders,0.5724087914874565,0.5724087914874565,0.4275912085125435,1,0.0,1,100.0,-120.0,0.1324737138952886,1.9615384615384617,1.9090909090909087,0.1809675221237294,0.0232290461519004,0.0222254993026449,0.0291846444104065,0.0295086003293498,0.0166951174351361,0.0169183279430149,-115.0,-110.0,-110.0,-104.0
606,0.0,0.0,0.0,-0.1442020334838392,0.0223754287271183,1.5714285714285714,-2658.7059321560373,-1.0,0.0,-0.09410908076231059,-0.08450362163822539,271.3669174900208,25863.98286224273,0.03634360570210024,1,-0.39901764901764913,0.0,0.17067551020331984,0.0825873884720974,0.48388540554947745,0.0,0.0,0.21293978063288257,2024-12-07,cody durden,joshua van,0.5445987059648296,0.4554012940351704,0.5445987059648296,0,0.0,0,140.0,-188.0,0.0,1.5714285714285714,2.6,0.1809675221237294,0.0389594877010522,0.0304849567433922,0.0403703680495044,0.0314687124102657,0.0117264411987806,0.0092525797802403,140.0,-190.0,160.0,-175.0
607,0.0,0.0,0.0,-0.08218537788325411,0.0223754287271183,1.1821493624772312,-2658.7059321560373,-1.0,0.0,-0.09410908076231059,-0.08450362163822539,271.3669174900208,25863.98286224273,0.03634360570210024,1,-0.39901764901764913,0.0,0.17067551020331984,0.0825873884720974,0.48388540554947745,0.0,0.0,0.21293978063288257,2024-12-07,kennedy nzechukwu,lukasz brzeski,0.7763948036087728,0.7763948036087728,0.2236051963912272,1,1.0,1,-500.0,380.0,0.0,5.7,1.1821493624772312,0.1809675221237294,0.0137953429848293,0.0278713236818374,0.0201574573220818,0.0465092093445847,0.00694303865279,0.0144123529077756,-650.0,400.0,-549.0,470.0
608,-1395.5821101150145,0.049398825166325946,-1.0,0.24475386340617433,0.0223754287271183,1.6666666666666663,-2658.7059321560373,-1.0,-0.049398825166325946,-0.09410908076231059,-0.08450362163822539,271.3669174900208,25863.98286224273,0.03634360570210024,1,-0.39901764901764913,0.07942068493497598,0.17067551020331984,0.0825873884720974,0.48388540554947745,0.30478400148730933,0.299511991658195,0.21293978063288257,2024-12-07,vicente luque,themba gorimbo,0.7468523180437048,0.2531476819562951,0.7468523180437048,0,1.0,0,175.0,-250.0,0.37297251222354116,1.6666666666666663,2.45,0.1809675221237294,0.0462926168982899,0.0316294610237879,0.044482386329139,0.0363256944789416,0.0044366554026268,0.0037266099034956,125.0,-175.0,145.0,-150.0
609,0.0,0.0,0.0,-0.07421532154573496,0.0223754287271183,1.5319148936170213,-2658.7059321560373,-1.0,0.0,-0.09410908076231059,-0.08450362163822539,271.3669174900208,25863.98286224273,0.03634360570210024,1,-0.39901764901764913,0.0,0.17067551020331984,0.0825873884720974,0.48388540554947745,0.0,0.0,0.21293978063288257,2024-12-07,randy brown,bryan battle,0.6043316651020897,0.3956683348979103,0.6043316651020897,0,0.0,0,175.0,-250.0,0.0,1.5319148936170213,2.65,0.1809675221237294,0.0462926168982899,0.0316294610237879,0.0379213858088197,0.0287452808578468,0.0170556976162982,0.0130805707275174,150.0,-200.0,165.0,-188.0
610,0.0,0.0,0.0,-0.074360036949697,0.0223754287271183,1.4444444444444444,-2658.7059321560373,-1.0,0.0,-0.09410908076231059,-0.08450362163822539,271.3669174900208,25863.98286224273,0.03634360570210024,1,-0.39901764901764913,0.0,0.17067551020331984,0.0825873884720974,0.48388540554947745,0.0,0.0,0.21293978063288257,2024-12-07,movsar evloev,aljamain sterling,0.6408276667271329,0.6408276667271329,0.3591723332728671,1,1.0,1,-230.0,180.0,0.0,3.0,1.4444444444444444,0.1809675221237294,0.0223754287271183,0.0317371253854357,0.0316294610237879,0.0462926168982899,0.0106100521200964,0.0150309735209291,-250.0,175.0,-225.0,200.0
611,-1759.585961418391,0.06803228917952557,-1.0,0.07995781068381064,0.019218241105095,1.3278688524590163,-3015.8169040289977,-1.0,-0.06803228917952557,-0.11660295786971027,-0.18135756308473877,-1674.8119995327904,21173.353958680942,0.03634360570210024,1,-0.980975284966537,0.17999490162671283,0.052980777093995006,0.01192999719220755,0.2251759571408727,0.13917086321227168,0.1507520022429041,0.6859772108971111,2024-12-14,vitor petrino,dustin jacoby,0.8133015611322525,0.8133015611322525,0.1866984388677475,1,0.0,1,-250.0,205.0,0.26239195525361275,3.8,1.3278688524590163,0.0931459327057384,0.0169990228350114,0.0251555439097192,0.0263895562040242,0.0455058686325771,0.0061997638895923,0.0100445506003362,-350.0,240.0,-305.0,280.0
612,0.0,0.0,0.0,-0.040062651604409305,0.019218241105095,1.4444444444444444,-3015.8169040289977,-1.0,0.0,-0.11660295786971027,-0.18135756308473877,-1674.8119995327904,21173.353958680942,0.03634360570210024,1,-0.980975284966537,0.0,0.052980777093995006,0.01192999719220755,0.2251759571408727,0.0,0.0,0.6859772108971111,2024-12-14,adrian yanez,daniel marcos,0.6645720104277166,0.3354279895722833,0.6645720104277166,0,0.0,0,110.0,-150.0,0.0,1.4444444444444444,3.3,0.0931459327057384,0.0405383694346594,0.0356521067558167,0.0608497914257953,0.0396286774737261,-0.0027399946247238,-0.0019220100372807,175.0,-280.0,230.0,-225.0
613,0.0,0.0,0.0,-0.17593117636734124,0.019218241105095,1.4878048780487805,-3015.8169040289977,-1.0,0.0,-0.11660295786971027,-0.18135756308473877,-1674.8119995327904,21173.353958680942,0.03634360570210024,1,-0.980975284966537,0.0,0.052980777093995006,0.01192999719220755,0.2251759571408727,0.0,0.0,0.6859772108971111,2024-12-14,colby covington,joaquin buckley,0.5538823240809674,0.4461176759190327,0.5538823240809674,0,0.0,0,-115.0,-105.0,0.0,1.4878048780487805,2.8,0.0931459327057384,0.0232792664320201,0.0237995764494319,0.0365518362890227,0.0261262263890399,0.0168532200964144,0.0124207845874261,170.0,-225.0,180.0,-205.0
614,-1256.2309426106071,0.04857066869018472,-1.0,0.10597686275724844,0.019218241105095,1.6134969325153374,-3015.8169040289977,-1.0,-0.04857066869018472,-0.11660295786971027,-0.18135756308473877,-1674.8119995327904,21173.353958680942,0.03634360570210024,1,-0.980975284966537,0.1072682657139668,0.052980777093995006,0.01192999719220755,0.2251759571408727,0.13640085555988515,0.12149419716213296,0.6859772108971111,2024-12-14,cub swanson,billy quarantillo,0.6854533407963175,0.3145466592036825,0.6854533407963175,0,1.0,0,110.0,-150.0,0.15637292902731115,1.6134969325153374,2.75,0.0931459327057384,0.0405383694346594,0.0356521067558167,0.0637748728977669,0.0484270906365948,-0.0092139988360202,-0.0073777744097455,130.0,-210.0,175.0,-163.0
615,463.24985365799904,0.08149505995926573,0.2197802197802201,0.0427812248612319,0.019218241105095,1.21978021978022,-3015.8169040289977,-1.0,0.017911002188849636,-0.11660295786971027,-0.18135756308473877,-1674.8119995327904,21173.353958680942,0.03634360570210024,1,-0.980975284966537,0.1441723759537502,0.052980777093995006,0.01192999719220755,0.2251759571408727,0.09081806575484029,0.09900413510382171,0.6859772108971111,2024-12-14,joel alvarez,drakkar klose,0.8548927158772259,0.8548927158772259,0.145107284122774,1,1.0,1,-275.0,200.0,0.21017079527351012,5.25,1.21978021978022,0.0931459327057384,0.0262663073127574,0.040400359353909,0.0260593898783069,0.0583561945372773,0.0035396458966782,0.006756364399332,-600.0,340.0,-455.0,425.0
616,396.07986807180464,0.09938756754817582,0.15408320493066263,0.03589834439040995,0.019218241105095,1.1540832049306626,-3015.8169040289977,-1.0,0.015313954938085649,-0.11660295786971027,-0.18135756308473877,-1674.8119995327904,21173.353958680942,0.03634360570210024,1,-0.980975284966537,0.15959735719451346,0.052980777093995006,0.01192999719220755,0.2251759571408727,0.09181331765100012,0.09096718304878929,0.6859772108971111,2024-12-14,miranda maverick,jamey lyn horth,0.8975941595585795,0.8975941595585795,0.1024058404414205,1,1.0,1,-350.0,240.0,0.23265693766385379,7.5,1.1540832049306626,0.0931459327057384,0.0263895562040242,0.0455058686325771,0.0233197907598717,0.067589300149219,-5.625455961966175e-05,-0.0001217605716665,-1000.0,450.0,-649.0,650.0
617,0.0,0.0,0.0,-0.03624546326873118,0.019218241105095,1.925925925925926,-3015.8169040289977,-1.0,0.0,-0.11660295786971027,-0.18135756308473877,-1674.8119995327904,21173.353958680942,0.03634360570210024,1,-0.980975284966537,0.0,0.052980777093995006,0.01192999719220755,0.2251759571408727,0.0,0.0,0.6859772108971111,2024-12-14,davey grant,ramon taveras,0.5004110094566203,0.4995889905433796,0.5004110094566203,0,1.0,0,122.0,-145.0,0.0,1.925925925925926,2.0,0.0931459327057384,0.0225925289248723,0.0196946562194557,0.0350135352882691,0.0342505339758,0.0097005466611789,0.0095302225695902,-110.0,-120.0,100.0,-108.0
618,0.0,0.0,0.0,-0.09654095710399424,0.019218241105095,1.4444444444444444,-3015.8169040289977,-1.0,0.0,-0.11660295786971027,-0.18135756308473877,-1674.8119995327904,21173.353958680942,0.03634360570210024,1,-0.980975284966537,0.0,0.052980777093995006,0.01192999719220755,0.2251759571408727,0.0,0.0,0.6859772108971111,2024-12-14,michael johnson,ottman azaitar,0.6254716450818502,0.6254716450818502,0.3745283549181498,1,1.0,1,-200.0,150.0,0.0,3.2,1.4444444444444444,0.0931459327057384,0.0287452808578468,0.0379213858088197,0.0384251901257095,0.0585445068439872,0.0019838881455293,0.0028238041621629,-275.0,175.0,-225.0,220.0
619,481.6751827664041,0.02886626306800713,0.6451612903225803,0.0008012721463197536,0.019218241105095,1.6451612903225803,-3015.8169040289977,-1.0,0.018623395527746528,-0.11660295786971027,-0.18135756308473877,-1674.8119995327904,21173.353958680942,0.03634360570210024,1,-0.980975284966537,0.019802807295851307,0.052980777093995006,0.01192999719220755,0.2251759571408727,0.0009924971615575423,0.023306005572291972,0.6859772108971111,2024-12-14,sean woodson,fernando padilla,0.608330185030116,0.608330185030116,0.3916698149698839,1,1.0,1,-185.0,155.0,0.028868025032425613,2.4,1.6451612903225803,0.0931459327057384,0.0180457488714349,0.0232339208912069,0.0310991248045032,0.0374054700158809,0.0111557920389869,0.0133540118825816,-166.0,125.0,-155.0,140.0
620,0.0,0.0,0.0,-0.08313456809580838,0.019218241105095,1.3846153846153846,-3015.8169040289977,-1.0,0.0,-0.11660295786971027,-0.18135756308473877,-1674.8119995327904,21173.353958680942,0.03634360570210024,1,-0.980975284966537,0.0,0.052980777093995006,0.01192999719220755,0.2251759571408727,0.0,0.0,0.6859772108971111,2024-12-14,miles johns,felipe lima,0.6621805897085828,0.3378194102914171,0.6621805897085828,0,0.0,0,200.0,-250.0,0.0,1.3846153846153846,3.25,0.0931459327057384,0.0284008065139526,0.019218241105095,0.0371082554027841,0.0240939303895655,0.0179963086130015,0.0119182213015283,205.0,-275.0,225.0,-260.0
621,0.0,0.02633716517823415,0.0,-0.003060418067031001,0.0146095237354543,1.5405405405405406,-1602.7515320740445,-1.0,0.0,-0.07569662960349871,-0.08851263771959969,-271.35787617953383,19299.244550427364,0.03634360570210024,1,-0.3757294429708222,0.011572765958435477,0.08271035204432914,0.0265585586929401,0.3211031997385995,-0.0041315238497393325,0.019509202676134364,0.43940818535776094,2025-01-11,mackenzie dern,amanda ribas,0.6471362198512255,0.3528637801487745,0.6471362198512255,0,1.0,0,140.0,-165.0,0.02633716517823415,1.5405405405405406,2.65,0.13787274678996442,0.0216147793309708,0.0176933967696582,0.034385576481825,0.0259818775864164,0.0149498953839405,0.0115314021996411,154.0,-200.0,165.0,-185.0
622,0.0,0.0,0.0,-0.14479791478053045,0.0146095237354543,1.4444444444444444,-1602.7515320740445,-1.0,0.0,-0.07569662960349871,-0.08851263771959969,-271.35787617953383,19299.244550427364,0.03634360570210024,1,-0.3757294429708222,0.0,0.08271035204432914,0.0265585586929401,0.3211031997385995,0.0,0.0,0.43940818535776094,2025-01-11,punahele soriano,uros medic,0.5920629820750174,0.4079370179249825,0.5920629820750174,0,1.0,0,135.0,-165.0,0.0,1.4444444444444444,2.98,0.13787274678996442,0.0264262245034301,0.0217471998241491,0.0410199568833899,0.0284987596941501,0.0163382855845826,0.0115398765217674,175.0,-240.0,198.0,-225.0
623,-634.5031403790049,0.029967058672764623,-1.0,0.275038273131999,0.0146095237354543,2.35,-1602.7515320740445,-1.0,-0.029967058672764623,-0.07569662960349871,-0.08851263771959969,-271.35787617953383,19299.244550427364,0.03634360570210024,1,-0.3757294429708222,0.09974145074681366,0.08271035204432914,0.0265585586929401,0.3211031997385995,0.23880504843720002,0.2614310498063258,0.43940818535776094,2025-01-11,santiago ponzinibbio,carlston harris,0.5425694779285102,0.4574305220714897,0.5425694779285102,0,1.0,0,105.0,-138.0,0.2269904250090502,2.35,1.6493506493506491,0.13787274678996442,0.0354005882336351,0.0322362225882545,0.029248781260161,0.0349675263021539,0.0145464880906527,0.0172846394013895,-163.0,125.0,-154.0,135.0
624,502.3166286102553,0.0616823974574516,0.3846153846153846,0.08947899200839182,0.0146095237354543,1.3846153846153846,-1602.7515320740445,-1.0,0.023723999022096764,-0.07569662960349871,-0.08851263771959969,-271.35787617953383,19299.244550427364,0.03634360570210024,1,-0.3757294429708222,0.1182289258502324,0.08271035204432914,0.0265585586929401,0.3211031997385995,0.14272144896976183,0.1686892619108243,0.43940818535776094,2025-01-11,cesar almeida,abdul razak alhassan,0.7868459386727275,0.7868459386727275,0.2131540613272725,1,1.0,1,-250.0,175.0,0.2690640042446451,3.2,1.3846153846153846,0.13787274678996442,0.0316294610237879,0.0462926168982899,0.0219964606154342,0.0339175178791893,0.0138401786029276,0.0208820436192945,-275.0,210.0,-260.0,220.0
625,366.50648829950677,0.04154351613992545,0.41666666666666674,0.007165366317734956,0.0146095237354543,1.4166666666666667,-1602.7515320740445,-1.0,0.017309798391635607,-0.07569662960349871,-0.08851263771959969,-271.35787617953383,19299.244550427364,0.03634360570210024,1,-0.3757294429708222,0.01825567527841856,0.08271035204432914,0.0265585586929401,0.3211031997385995,0.011018870965524981,0.027016622839127303,0.43940818535776094,2025-01-11,chris curtis,roman kopylov,0.7109402585772246,0.2890597414227753,0.7109402585772246,0,0.0,0,185.0,-225.0,0.041546051909695327,1.4166666666666667,3.2,0.13787274678996442,0.0252599077377893,0.017924977552359,0.0485994850569588,0.0320074376552271,0.0109104014608949,0.0074719514802815,185.0,-270.0,220.0,-240.0
626,-968.2483916950396,0.04572957093073409,-1.0,0.13487326002379152,0.0146095237354543,1.6756756756756757,-1602.7515320740445,-1.0,-0.04572957093073409,-0.07569662960349871,-0.08851263771959969,-271.35787617953383,19299.244550427364,0.03634360570210024,1,-0.3757294429708222,0.09099481493235861,0.08271035204432914,0.0265585586929401,0.3211031997385995,0.16457566907322696,0.1697105062206814,0.43940818535776094,2025-01-11,jose johnson,felipe bunes,0.6772630745303272,0.6772630745303272,0.3227369254696728,1,0.0,1,-210.0,175.0,0.20708493370070408,2.43,1.6756756756756757,0.13787274678996442,0.0173530992925162,0.0237026191825569,0.0399498994374801,0.0493358148482338,0.003800039300007,0.0044967879932361,-180.0,124.0,-148.0,143.0
627,187.26245414504834,0.012824163759799341,0.6896551724137931,0.0023160026053926086,0.0146095237354543,1.6896551724137931,-1602.7515320740445,-1.0,0.008844250868827133,-0.07569662960349871,-0.08851263771959969,-271.35787617953383,19299.244550427364,0.03634360570210024,1,-0.3757294429708222,0.005635386483118716,0.08271035204432914,0.0265585586929401,0.3211031997385995,0.002784639377742943,0.010666591092728418,0.43940818535776094,2025-01-11,thiago moises,trey ogden,0.5932074301133956,0.5932074301133956,0.4067925698866044,1,1.0,1,-165.0,140.0,0.012824946532414845,2.4,1.6896551724137931,0.13787274678996442,0.0176933967696582,0.0216147793309708,0.0391145562608968,0.0476995305531898,0.0039141757289713,0.0045892256315728,-175.0,122.0,-145.0,140.0
628,275.3080848397002,0.09751929903628671,0.1333333333333333,0.008990062958643727,0.0146095237354543,1.1333333333333333,-1602.7515320740445,-1.0,0.013002573204838226,-0.07569662960349871,-0.08851263771959969,-271.35787617953383,19299.244550427364,0.03634360570210024,1,-0.3757294429708222,0.04967221950399444,0.08271035204432914,0.0265585586929401,0.3211031997385995,0.02410111794339726,0.04216683149104053,0.43940818535776094,2025-01-11,fatima kline,viktoriia dudakova,0.8902853496693915,0.8902853496693915,0.1097146503306084,1,1.0,1,-375.0,280.0,0.11304345517267027,7.25,1.1333333333333333,0.13787274678996442,0.0189279748542016,0.0337036040931668,0.019638207040137,0.0561193687174385,0.0060508280351412,0.0142331476240879,-1000.0,500.0,-750.0,625.0
629,0.0,0.0,0.0,-0.0044474295340638514,0.0146095237354543,1.1388888888888888,-1602.7515320740445,-1.0,0.0,-0.07569662960349871,-0.08851263771959969,-271.35787617953383,19299.244550427364,0.03634360570210024,1,-0.3757294429708222,0.0,0.08271035204432914,0.0265585586929401,0.3211031997385995,0.0,0.0,0.43940818535776094,2025-01-11,nurullo aliev,joe solecki,0.8741437204091147,0.8741437204091147,0.1258562795908853,1,1.0,1,-425.0,330.0,0.0,8.5,1.1388888888888888,0.13787274678996442,0.0146095237354543,0.0274724253232388,0.0217521192131283,0.0708404733794641,-0.0013322115613033,-0.0029719491273624,-1250.0,500.0,-720.0,750.0
630,0.0,0.0,0.0,-0.01696941885707269,0.0132696079884536,1.1197604790419162,2254.659583631141,0.8855067450709098,0.0,0.11682631295436968,0.23283867177418852,2238.9508837356125,23792.855017794118,0.03634360570210024,1,1.1106650072584778,0.0,0.12248269327609786,0.036454322872233234,0.29762835791060444,0.0,0.0,0.29672441656859444,2025-01-18,islam makhachev,renato moicano,0.8778936205928816,0.8778936205928816,0.1221063794071184,1,1.0,1,-600.0,440.0,0.0,8.5,1.1197604790419162,0.3096969854781571,0.0132696079884536,0.0290584343395886,0.0191899753141833,0.0604316721953952,0.0031312700783584,0.0075639170874167,-1205.0,540.0,-835.0,750.0
631,0.0,0.0,0.0,-0.1478685577990842,0.0132696079884536,1.4,2254.659583631141,0.8855067450709098,0.0,0.11682631295436968,0.23283867177418852,2238.9508837356125,23792.855017794118,0.03634360570210024,1,1.1106650072584778,0.0,0.12248269327609786,0.036454322872233234,0.29762835791060444,0.0,0.0,0.29672441656859444,2025-01-18,merab dvalishvili,umar nurmagomedov,0.608665315857797,0.3913346841422029,0.608665315857797,0,1.0,0,142.0,-170.0,0.0,1.4,3.4,0.3096969854781571,0.0236909605473527,0.0191618095781445,0.0504218093515865,0.0316552425747116,0.0050262223086338,0.003377139035904,200.0,-298.0,240.0,-250.0
632,-0.0,0.0,-1.0,0.020913832349174155,0.0132696079884536,1.9090909090909087,2254.659583631141,0.8855067450709098,-0.0,0.11682631295436968,0.23283867177418852,2238.9508837356125,23792.855017794118,0.03634360570210024,1,1.1106650072584778,0.0,0.12248269327609786,0.036454322872233234,0.29762835791060444,0.0,0.0,0.29672441656859444,2025-01-18,jiri prochazka,jamahal hill,0.534764388373377,0.4652356116266229,0.534764388373377,0,1.0,0,-145.0,125.0,0.0,1.9090909090909087,2.35,0.3096969854781571,0.0168598017385772,0.0194213773997447,0.0690095433076899,0.062643117756736,-0.0263194153515246,-0.0243391459453344,-110.0,-155.0,135.0,-110.0
633,0.0,0.0,0.0,-0.12633194652401164,0.0132696079884536,1.1540832049306626,2254.659583631141,0.8855067450709098,0.0,0.11682631295436968,0.23283867177418852,2238.9508837356125,23792.855017794118,0.03634360570210024,1,1.1106650072584778,0.0,0.12248269327609786,0.036454322872233234,0.29762835791060444,0.0,0.0,0.29672441656859444,2025-01-18,rinya nakamura,muin gafurov,0.7570234535459498,0.7570234535459498,0.2429765464540502,1,0.0,1,-345.0,275.0,0.0,6.5,1.1540832049306626,0.3096969854781571,0.0154613702995864,0.0264861952434845,0.0199005970902305,0.0508064736168402,0.006315456104737,0.0140193492767972,-800.0,450.0,-649.0,550.0
634,338.24810857368465,0.07624025222598396,0.2298850574712643,0.02322201258918069,0.0132696079884536,1.2298850574712643,2254.659583631141,0.8855067450709098,0.01752649476459401,0.11682631295436968,0.23283867177418852,2238.9508837356125,23792.855017794118,0.03634360570210024,1,1.1106650072584778,0.036309217281280115,0.12248269327609786,0.036454322872233234,0.29762835791060444,0.04801946181280328,0.059176076916188335,0.29672441656859444,2025-01-18,jailton almeida,serghei spivac,0.831965561637932,0.831965561637932,0.168034438362068,1,1.0,1,-230.0,190.0,0.12236679981098365,5.0,1.2298850574712643,0.3096969854781571,0.017241436321547,0.0245558468550464,0.0267777008844969,0.0574713833645872,0.0045472864299478,0.0085368257195849,-550.0,320.0,-435.0,400.0
635,533.7366035240256,0.06775678059403138,0.40816326530612246,0.1757624912168786,0.0132696079884536,1.4081632653061225,2254.659583631141,0.8855067450709098,0.027655828813890358,0.11682631295436968,0.23283867177418852,2238.9508837356125,23792.855017794118,0.03634360570210024,1,1.1106650072584778,0.12978794880314043,0.12248269327609786,0.036454322872233234,0.29762835791060444,0.2800703789273889,0.27449858165775265,0.29672441656859444,2025-01-18,grant dawson,diego ferreira,0.8349617691250297,0.8349617691250297,0.1650382308749702,1,1.0,1,-298.0,240.0,0.4374023220065446,3.35,1.4081632653061225,0.3096969854781571,0.0164642876034875,0.0263970780483009,0.0321099796736034,0.0504628147635978,0.0034952866482546,0.0051571035745445,-290.0,195.0,-245.0,235.0
636,0.0,0.0,0.0,-0.0518989302117942,0.0132696079884536,1.4081632653061225,2254.659583631141,0.8855067450709098,0.0,0.11682631295436968,0.23283867177418852,2238.9508837356125,23792.855017794118,0.03634360570210024,1,1.1106650072584778,0.0,0.12248269327609786,0.036454322872233234,0.29762835791060444,0.0,0.0,0.29672441656859444,2025-01-18,karol rosa,ailin perez,0.6732891655017693,0.6732891655017693,0.3267108344982307,1,0.0,1,-170.0,142.0,0.0,3.25,1.4081632653061225,0.3096969854781571,0.0191618095781445,0.0236909605473527,0.0262663073127574,0.040400359353909,0.0072111180858498,0.0106261171426896,-275.0,200.0,-245.0,225.0
637,386.29393350107557,0.06665332392661437,0.3003003003003002,0.028150430974321655,0.0132696079884536,1.3003003003003002,2254.659583631141,0.8855067450709098,0.020016013191175477,0.11682631295436968,0.23283867177418852,2238.9508837356125,23792.855017794118,0.03634360570210024,1,1.1106650072584778,0.03332688709606461,0.12248269327609786,0.036454322872233234,0.29762835791060444,0.05102756238225571,0.06196146698311141,0.29672441656859444,2025-01-18,tagir ulanbekov,clayton carpenter,0.7907022944906447,0.7907022944906447,0.2092977055093553,1,1.0,1,-230.0,190.0,0.11231595795676745,4.1,1.3003003003003002,0.3096969854781571,0.017241436321547,0.0245558468550464,0.0302004731567365,0.0555138125575491,0.0048326244501729,0.0081229323571273,-400.0,250.0,-333.0,310.0
638,419.8390994405373,0.06417480954311029,0.3389830508474576,0.055319940345160634,0.0132696079884536,1.3389830508474576,2254.659583631141,0.8855067450709098,0.02175417272647806,0.11682631295436968,0.23283867177418852,2238.9508837356125,23792.855017794118,0.03634360570210024,1,1.1106650072584778,0.05738236971907152,0.12248269327609786,0.036454322872233234,0.29762835791060444,0.09403956077958919,0.11376176090046335,0.29672441656859444,2025-01-18,ricky turcios,benardo sopaj,0.7881503351944871,0.2118496648055129,0.7881503351944871,0,0.0,0,240.0,-298.0,0.19338607312016168,1.3389830508474576,3.6,0.3096969854781571,0.0263970780483009,0.0164642876034875,0.0455058686325771,0.0263895562040242,0.0151370549415202,0.0094761658742321,240.0,-350.0,260.0,-295.0
639,560.8331386962893,0.03487181918841711,0.8333333333333333,0.04572237406602747,0.0132696079884536,1.8333333333333333,2254.659583631141,0.8855067450709098,0.02905984932368092,0.11682631295436968,0.23283867177418852,2238.9508837356125,23792.855017794118,0.03634360570210024,1,1.1106650072584778,0.010347951792223089,0.12248269327609786,0.036454322872233234,0.29762835791060444,0.050217126536071084,0.03175250742211092,0.29672441656859444,2025-01-18,kevin holland,reinier de ridder,0.5703940222178332,0.4296059777821668,0.5703940222178332,0,0.0,0,-148.0,124.0,0.03487394772526557,1.8333333333333333,2.3,0.3096969854781571,0.0200233728765578,0.0231793921004005,0.0632519095856794,0.056786349620442,-0.010346788412234,-0.0094160574375683,-105.0,-155.0,130.0,-120.0
640,0.0,0.0,0.0,-0.026146602479162145,0.0132696079884536,1.0833333333333333,2254.659583631141,0.8855067450709098,0.0,0.11682631295436968,0.23283867177418852,2238.9508837356125,23792.855017794118,0.03634360570210024,1,1.1106650072584778,0.0,0.12248269327609786,0.036454322872233234,0.29762835791060444,0.0,0.0,0.29672441656859444,2025-01-18,payton talbott,raoni barcelos,0.8989415977115427,0.8989415977115427,0.1010584022884573,1,0.0,1,-600.0,440.0,0.0,8.5,1.0833333333333333,0.3096969854781571,0.0132696079884536,0.0290584343395886,0.0125016251704618,0.038424300755464,0.0102805641242914,0.0304434177761611,-1250.0,700.0,-1200.0,750.0
641,0.0,0.0,0.0,-0.0555031241770656,0.040400359353909,1.5319148936170213,7102.1324395692955,4.875,0.0,0.2984985380803513,0.43325668248708726,3206.280992336432,34101.26844969984,0.03634360570210024,1,3.673314780457638,0.0,0.1888053372413065,0.11862557258850984,0.6282956526641936,0.0,0.0,0.1924924699329371,2025-02-01,shara magomedov,michael page,0.6165465717177488,0.6165465717177488,0.3834534282822511,1,0.0,1,100.0,-120.0,0.0,2.8,1.5319148936170213,0.2579793527048361,0.0232290461519004,0.0222254993026449,0.0369513471323268,0.0505486528676731,0.0042860957916545,0.0056345391289803,-220.0,150.0,-188.0,180.0
642,604.9858382667794,0.0635680163030377,0.3999999999999999,0.11634521733778325,0.040400359353909,1.4,7102.1324395692955,4.875,0.025427206521215075,0.2984985380803513,0.43325668248708726,3206.280992336432,34101.26844969984,0.03634360570210024,1,3.673314780457638,0.05444883091413255,0.1888053372413065,0.11862557258850984,0.6282956526641936,0.1862189740991134,0.1767255816462781,0.1924924699329371,2025-02-01,sergei pavlovich,jairzinho rozenstruik,0.7973894409555595,0.7973894409555595,0.2026105590444404,1,1.0,1,-192.0,160.0,0.28286213446740077,3.6,1.4,0.2579793527048361,0.0182505690586025,0.0238990621321243,0.0360130542945663,0.0592250409435287,-0.0031876352856864,-0.0047488726508215,-320.0,200.0,-250.0,260.0
643,0.0,0.0,0.0,-0.03662255450681581,0.040400359353909,1.2857142857142856,7102.1324395692955,4.875,0.0,0.2984985380803513,0.43325668248708726,3206.280992336432,34101.26844969984,0.03634360570210024,1,3.673314780457638,0.0,0.1888053372413065,0.11862557258850984,0.6282956526641936,0.0,0.0,0.1924924699329371,2025-02-01,muhammad naimov,kaan ofli,0.7492935687169211,0.7492935687169211,0.2507064312830789,1,1.0,1,-198.0,164.0,0.0,4.2,1.2857142857142856,0.2579793527048361,0.0185656693505812,0.0246517396386398,0.0258078440079528,0.0485511303510214,0.0058412026598846,0.0100318132131314,-420.0,275.0,-350.0,320.0
644,-1205.882576145442,0.05068255050701527,-1.0,0.1589470174801032,0.040400359353909,1.625,7102.1324395692955,4.875,-0.05068255050701527,0.2984985380803513,0.43325668248708726,3206.280992336432,34101.26844969984,0.03634360570210024,1,3.673314780457638,0.03993066621436527,0.1888053372413065,0.11862557258850984,0.6282956526641936,0.20571279853822247,0.1602816784784008,0.1924924699329371,2025-02-01,said nurmagomedov,vinicius oliveira,0.7131981646031404,0.7131981646031404,0.2868018353968595,1,0.0,1,-278.0,225.0,0.20744014676665956,3.0,1.625,0.2579793527048361,0.0168967792200803,0.0262452639219628,0.0548402011941338,0.0765740666406596,-0.0227476540877556,-0.0285343971942956,-240.0,135.0,-160.0,200.0
645,1045.9064711650717,0.029305897936806734,1.5,0.4409359938758276,0.040400359353909,2.5,7102.1324395692955,4.875,0.043958846905210104,0.2984985380803513,0.43325668248708726,3206.280992336432,34101.26844969984,0.03634360570210024,1,3.673314780457638,0.05754971486642588,0.1888053372413065,0.11862557258850984,0.6282956526641936,0.36762186704264616,0.35859451859924873,0.1924924699329371,2025-02-01,israel adesanya,nassourdine imavov,0.576374397550331,0.4236256024496689,0.576374397550331,0,0.0,0,-215.0,164.0,0.29897125267536834,2.5,1.6451612903225803,0.2579793527048361,0.0258805609682243,0.035447000359337,0.0345905247924249,0.04304922676037,0.0035517953286672,0.0042913419262347,-180.0,130.0,-155.0,150.0
646,0.0,0.0,0.0,-0.07688676853999502,0.040400359353909,1.3076923076923077,7102.1324395692955,4.875,0.0,0.2984985380803513,0.43325668248708726,3206.280992336432,34101.26844969984,0.03634360570210024,1,3.673314780457638,0.0,0.1888053372413065,0.11862557258850984,0.6282956526641936,0.0,0.0,0.1924924699329371,2025-02-01,shamil gaziev,thomas petersen,0.7059101181752979,0.7059101181752979,0.2940898818247021,1,1.0,1,-375.0,295.0,0.0,3.8,1.3076923076923077,0.2579793527048361,0.015345730437938,0.0272925107346134,0.0270265375564874,0.0481614323683246,0.010449007760749,0.017414769329034,-375.0,250.0,-325.0,280.0
647,373.5943482136276,0.08636075467354529,0.1818181818181821,0.02407854288785355,0.040400359353909,1.181818181818182,7102.1324395692955,4.875,0.015701955395190075,0.2984985380803513,0.43325668248708726,3206.280992336432,34101.26844969984,0.03634360570210024,1,3.673314780457638,0.03376695472694345,0.1888053372413065,0.11862557258850984,0.6282956526641936,0.05537798158183508,0.07627307049822533,0.1924924699329371,2025-02-01,terrance mckinney,damir hadzovic,0.8665279978281836,0.8665279978281836,0.1334720021718164,1,1.0,1,-455.0,350.0,0.17541961375791792,5.6,1.181818181818182,0.2579793527048361,0.0143087761289523,0.0277332659130896,0.0201574573220818,0.0465092093445847,0.0080204202305079,0.0167048544947668,-650.0,400.0,-550.0,460.0
648,548.134945181882,0.05644260071736933,0.40816326530612246,0.03166291104229696,0.040400359353909,1.4081632653061225,7102.1324395692955,4.875,0.02303779621117116,0.2984985380803513,0.43325668248708726,3206.280992336432,34101.26844969984,0.03634360570210024,1,3.673314780457638,0.021522002633667686,0.1888053372413065,0.11862557258850984,0.6282956526641936,0.049014533942935506,0.07222622199030651,0.1924924699329371,2025-02-01,jasmine jasudavicius,mayra bueno silva,0.73263018320395,0.73263018320395,0.26736981679605,1,1.0,1,100.0,-120.0,0.11180698466368989,3.15,1.4081632653061225,0.2579793527048361,0.0232290461519004,0.0222254993026449,0.0262663073127574,0.040400359353909,0.0111716325197332,0.016433612476816,-275.0,200.0,-245.0,215.0
649,814.1134218223498,0.041060062168083326,0.8333333333333333,0.13378760636347853,0.040400359353909,1.8333333333333333,7102.1324395692955,4.875,0.03421671847340277,0.2984985380803513,0.43325668248708726,3206.280992336432,34101.26844969984,0.03634360570210024,1,3.673314780457638,0.028827935348567518,0.1888053372413065,0.11862557258850984,0.6282956526641936,0.14738947235043312,0.1359406098515915,0.1924924699329371,2025-02-01,hamdy abdelwahab,jamal pogues,0.6184296034709883,0.6184296034709883,0.3815703965290117,1,1.0,1,105.0,-138.0,0.14976136655429145,2.26,1.8333333333333333,0.2579793527048361,0.0354005882336351,0.0322362225882545,0.0533667010142747,0.0588284209369449,-0.0057650986321442,-0.0063024798071157,-150.0,-105.0,-120.0,126.0
650,1025.4285438321638,0.031924571413008924,1.35,0.4724267972539572,0.040400359353909,2.35,7102.1324395692955,4.875,0.04309817140756205,0.2984985380803513,0.43325668248708726,3206.280992336432,34101.26844969984,0.03634360570210024,1,3.673314780457638,0.06798352846248422,0.1888053372413065,0.11862557258850984,0.6282956526641936,0.4178222813566941,0.39933086992196065,0.1924924699329371,2025-02-01,fares ziam,mike davis,0.626564594576152,0.626564594576152,0.373435405423848,1,1.0,1,200.0,-275.0,0.3531750020464134,1.7246376811594204,2.35,0.2579793527048361,0.040400359353909,0.0262663073127574,0.0491942280076172,0.0423808635674742,0.0028679897288758,0.0024958579378502,110.0,-160.0,135.0,-138.0
651,1427.4608060467428,0.03348757089554673,1.25,0.27988089718633513,0.0198146558599141,2.25,-2448.9963678423555,-1.0,0.04185946361943341,-0.07181540391832292,-0.029683943189240274,1436.736252500434,33089.00833435792,0.03634360570210024,1,1.1944444444444446,0.1553546031098002,0.04880358474172536,0.013040954037462629,0.26721303581441774,0.2531657006389473,0.23063022780139342,0.7446913150834129,2025-02-08,tom nolan,viacheslav borshchev,0.5688359543050379,0.5688359543050379,0.4311640456949621,1,1.0,1,118.0,-148.0,0.20861610705423483,1.869565217391304,2.25,0.07555486629288127,0.0296509827604756,0.0258388071181867,0.0600069249753648,0.0545561818207518,-0.0107326831945299,-0.0099391514307929,-106.0,-150.0,125.0,-115.0
652,880.4250999187163,0.05163591502277188,0.5,0.045121253751015944,0.0198146558599141,1.5,-2448.9963678423555,-1.0,0.02581795751138594,-0.07181540391832292,-0.029683943189240274,1436.736252500434,33089.00833435792,0.03634360570210024,1,1.1944444444444446,0.07699962861496082,0.04880358474172536,0.013040954037462629,0.26721303581441774,0.06361450036486092,0.07333940455300464,0.7446913150834129,2025-02-08,jack jenkins,gabriel santos,0.6967475025006773,0.3032524974993226,0.6967475025006773,0,0.0,0,150.0,-186.0,0.10339804836630341,1.5,2.9,0.07555486629288127,0.0283132845779334,0.0220363657717169,0.0516926587965664,0.0358107593057031,0.0066033642466755,0.0048908886268876,165.0,-245.0,190.0,-200.0
653,435.878069539936,0.028759213397338845,0.4444444444444444,0.001079622894617327,0.0198146558599141,1.4444444444444444,-2448.9963678423555,-1.0,0.012781872621039485,-0.07181540391832292,-0.029683943189240274,1436.736252500434,33089.00833435792,0.03634360570210024,1,1.1944444444444446,0.021418043699272526,0.04880358474172536,0.013040954037462629,0.26721303581441774,0.0016073486672369874,0.01931814860741501,0.7446913150834129,2025-02-08,jake matthews,francisco prado,0.6930551235424274,0.6930551235424274,0.3069448764575726,1,1.0,1,-225.0,172.0,0.028760968827565136,3.05,1.4444444444444444,0.07555486629288127,0.0249751139777943,0.0349796371534273,0.0316294610237879,0.0462926168982899,0.0083420222779808,0.0118345224887278,-250.0,175.0,-225.0,205.0
654,-1307.0277230049612,0.03832783302277618,-1.0,0.1302913429760263,0.0198146558599141,2.05,-2448.9963678423555,-1.0,-0.03832783302277618,-0.07181540391832292,-0.029683943189240274,1436.736252500434,33089.00833435792,0.03634360570210024,1,1.1944444444444446,0.040226989533730884,0.04880358474172536,0.013040954037462629,0.26721303581441774,0.12783157103699608,0.055057777674910435,0.7446913150834129,2025-02-08,zhang weili,tatiana suarez,0.5513616307200129,0.4486383692799872,0.5513616307200129,0,1.0,0,-225.0,172.0,0.05401834118237978,2.05,2.3,0.07555486629288127,0.0249751139777943,0.0349796371534273,0.0886381648929234,0.0823020060472476,-0.0394743339185829,-0.0379381793369844,-125.0,-160.0,130.0,105.0
655,0.0,0.026880993752855742,0.0,-0.00433454101767039,0.0198146558599141,1.4761904761904765,-2448.9963678423555,-1.0,0.0,-0.07181540391832292,-0.029683943189240274,1436.736252500434,33089.00833435792,0.03634360570210024,1,1.1944444444444446,0.02001804258856315,0.04880358474172536,0.013040954037462629,0.26721303581441774,-0.006221602017097492,0.018727776173611994,0.7446913150834129,2025-02-08,dricus du plessis,sean strickland,0.6744830528589973,0.6744830528589973,0.3255169471410026,1,1.0,1,-130.0,110.0,0.026880993752855742,2.85,1.4761904761904765,0.07555486629288127,0.0198146558599141,0.0215932116349099,0.0261262263890399,0.0365518362890227,0.0119282330450517,0.0163683147761138,-225.0,170.0,-210.0,185.0
656,0.0,0.0,0.0,-0.05102751280891776,0.0188793207747618,1.1540832049306626,4285.686403945611,0.7851239669421488,0.0,0.12951994090120786,0.06897068052345168,-2003.5149812787822,35371.17975702474,0.03634360570210024,1,-1.7848484848484845,0.0,0.1896482614495154,0.06649765040025188,0.3506367519111354,0.0,0.0,0.19163690415255905,2025-02-15,julia avila,jacqueline cavalcanti,0.8222738907703769,0.177726109229623,0.8222738907703769,0,0.0,0,300.0,-380.0,0.0,1.1540832049306626,6.75,0.15866250804731064,0.0267259939983634,0.0149406726683033,0.0555307550210646,0.0210242689023801,0.0100709354653388,0.0045658642181898,450.0,-850.0,575.0,-649.0
657,-1808.3346061342208,0.054650613516771356,-1.0,0.04732482209923061,0.0188793207747618,1.4444444444444444,4285.686403945611,0.7851239669421488,-0.054650613516771356,0.12951994090120786,0.06897068052345168,-2003.5149812787822,35371.17975702474,0.03634360570210024,1,-1.7848484848484845,0.026113354240432127,0.1896482614495154,0.06649765040025188,0.3506367519111354,0.07035716529338369,0.09165669023754032,0.19163690415255905,2025-02-15,ismael bonfim,nazim sadykhov,0.7250710306840827,0.7250710306840827,0.2749289693159172,1,0.0,1,-166.0,140.0,0.13626474689678617,3.0,1.4444444444444444,0.15866250804731064,0.018311706040946,0.0224151110016604,0.0300964866612525,0.043684804511343,0.0106100521200964,0.0150309735209291,-245.0,175.0,-225.0,200.0
658,-1869.059284657797,0.05648580536990776,-1.0,0.0797752057730795,0.0188793207747618,1.4444444444444444,4285.686403945611,0.7851239669421488,-0.05648580536990776,0.12951994090120786,0.06897068052345168,-2003.5149812787822,35371.17975702474,0.03634360570210024,1,-1.7848484848484845,0.037479490199576644,0.1896482614495154,0.06649765040025188,0.3506367519111354,0.11932504827054062,0.13075275338215342,0.19163690415255905,2025-02-15,jared cannonier,gregory rodrigues,0.7475366809198243,0.2524633190801756,0.7475366809198243,0,1.0,0,-130.0,110.0,0.19557553575244477,1.4444444444444444,3.1,0.15866250804731064,0.0198146558599141,0.0215932116349099,0.0503515719576135,0.0339551827402024,0.0087372325093323,0.0061511049596503,175.0,-258.0,210.0,-225.0
659,812.2657208756275,0.10801076707221037,0.2272727272727273,0.13821990609716037,0.0188793207747618,1.2272727272727273,4285.686403945611,0.7851239669421488,0.02454790160732054,0.12951994090120786,0.06897068052345168,-2003.5149812787822,35371.17975702474,0.03634360570210024,1,-1.7848484848484845,0.1202162149210421,0.1896482614495154,0.06649765040025188,0.3506367519111354,0.29834991593961624,0.29062206029569115,0.19163690415255905,2025-02-15,calvin kattar,youssef zalal,0.9274384420050936,0.0725615579949063,0.9274384420050936,0,0.0,0,195.0,-238.0,0.6273124451297748,1.2272727272727273,4.7,0.15866250804731064,0.0254964831293137,0.0176285795524632,0.0406441165125948,0.0199619440934658,0.0180678596791669,0.0095129125824563,340.0,-500.0,370.0,-440.0
660,0.0,0.0,0.0,-0.09577376990975528,0.0188793207747618,1.2222222222222223,4285.686403945611,0.7851239669421488,0.0,0.12951994090120786,0.06897068052345168,-2003.5149812787822,35371.17975702474,0.03634360570210024,1,-1.7848484848484845,0.0,0.1896482614495154,0.06649765040025188,0.3506367519111354,0.0,0.0,0.19163690415255905,2025-02-15,edmen shahbazyan,dylan budka,0.7398214609829274,0.7398214609829274,0.2601785390170725,1,1.0,1,-310.0,250.0,0.0,6.2,1.2222222222222223,0.15866250804731064,0.01588375534405,0.0259280913458452,0.0313537611495187,0.0776419015553762,-0.0071841083272498,-0.0133437509102869,-720.0,333.0,-450.0,520.0
661,0.0,0.0,0.0,-0.03627373512547727,0.0188793207747618,1.3703703703703702,4285.686403945611,0.7851239669421488,0.0,0.12951994090120786,0.06897068052345168,-2003.5149812787822,35371.17975702474,0.03634360570210024,1,-1.7848484848484845,0.0,0.1896482614495154,0.06649765040025188,0.3506367519111354,0.0,0.0,0.19163690415255905,2025-02-15,rodolfo vieira,andre petroski,0.7032597068003275,0.7032597068003275,0.2967402931996725,1,0.0,1,-166.0,140.0,0.0,3.35,1.3703703703703702,0.15866250804731064,0.018311706040946,0.0224151110016604,0.026805501978502,0.0426105862207629,0.0111348839931298,0.0171023084231671,-295.0,210.0,-270.0,235.0
662,-1179.3774713254943,0.03564257530501117,-1.0,0.09596424388426472,0.0188793207747618,2.0,4285.686403945611,0.7851239669421488,-0.03564257530501117,0.12951994090120786,0.06897068052345168,-2003.5149812787822,35371.17975702474,0.03634360570210024,1,-1.7848484848484845,0.022462828340028062,0.1896482614495154,0.06649765040025188,0.3506367519111354,0.09596602617691721,0.11721338985824772,0.19163690415255905,2025-02-15,angela hill,ketlen souza,0.5479821219421324,0.4520178780578676,0.5479821219421324,0,1.0,0,-148.0,124.0,0.1172155667999404,2.0,1.9090909090909087,0.15866250804731064,0.0200233728765578,0.0231793921004005,0.0365534557344445,0.0372029765125536,0.0117729936462989,0.0120365301632248,-120.0,-112.0,-110.0,100.0
663,547.569800227895,0.08274194782370177,0.19999999999999996,0.02612481774774561,0.0188793207747618,1.2,4285.686403945611,0.7851239669421488,0.01654838956474035,0.12951994090120786,0.06897068052345168,-2003.5149812787822,35371.17975702474,0.03634360570210024,1,-1.7848484848484845,0.028926782464089897,0.1896482614495154,0.06649765040025188,0.3506367519111354,0.05793446828260178,0.06806709677309888,0.19163690415255905,2025-02-15,rafael estevam,jesus aguilar,0.855104014789788,0.855104014789788,0.1448959852102119,1,1.0,1,-310.0,250.0,0.15094578255690122,5.6,1.2,0.15866250804731064,0.01588375534405,0.0259280913458452,0.0266677709145538,0.062221117974335,0.0039890844425638,0.007915677462198,-650.0,350.0,-500.0,460.0
664,856.6554236909412,0.05695673660195962,0.4545454545454546,0.10401936414703111,0.0188793207747618,1.4545454545454546,4285.686403945611,0.7851239669421488,0.025889425728163468,0.12951994090120786,0.06897068052345168,-2003.5149812787822,35371.17975702474,0.03634360570210024,1,-1.7848484848484845,0.046814546501298696,0.1896482614495154,0.06649765040025188,0.3506367519111354,0.15416759074111194,0.1648248858038598,0.19163690415255905,2025-02-15,gabriel bonfim,khaos williams,0.7590133128510839,0.7590133128510839,0.2409866871489161,1,1.0,1,-198.0,164.0,0.24428774148861426,3.05,1.4545454545454546,0.15866250804731064,0.0185656693505812,0.0246517396386398,0.0316294610237879,0.0462926168982899,0.0063868308469887,0.0089820216120277,-250.0,175.0,-220.0,205.0
665,636.7654360442657,0.05773205074112918,0.33333333333333326,0.01615660802374619,0.0188793207747618,1.3333333333333333,4285.686403945611,0.7851239669421488,0.01924401691370972,0.12951994090120786,0.06897068052345168,-2003.5149812787822,35371.17975702474,0.03634360570210024,1,-1.7848484848484845,0.01106426678366038,0.1896482614495154,0.06649765040025188,0.3506367519111354,0.027896938008640498,0.03343775751340981,0.19163690415255905,2025-02-15,dontale mayes,valter walker,0.7621174560178097,0.2378825439821903,0.7621174560178097,0,0.0,0,150.0,-180.0,0.05773557464094857,1.3333333333333333,3.9,0.15866250804731064,0.023977822082381,0.0188793207747618,0.0606298738329164,0.0342964764125827,0.0039518831764959,0.0024583732337605,225.0,-370.0,290.0,-300.0
666,0.0,0.0,0.0,-0.1996034378171042,0.0252682230395382,1.5494505494505495,5039.092044493806,1.3005313005313002,0.0,0.14246321663876754,0.1401680514102645,-81.18270186945404,40329.08909964909,0.03634360570210024,1,0.06953106953106936,0.0,0.06191775585744524,0.014030900779187764,0.22660544757938983,0.0,0.0,0.586965809706912,2025-02-22,ion cutelaba,ibo aslan,0.5165679940329327,0.4834320059670672,0.5165679940329327,0,1.0,0,130.0,-155.0,0.0,1.5494505494505495,2.85,0.05428407739848991,0.023106086729758,0.0195196592207963,0.0553560221736402,0.0401774765856648,-0.0021116063501587,-0.0016211297453994,148.0,-225.0,185.0,-182.0
667,-1954.5492524033054,0.05525824317508467,-1.0,0.015244851667985726,0.0252682230395382,1.4166666666666667,5039.092044493806,1.3005313005313002,-0.05525824317508467,0.14246321663876754,0.1401680514102645,-81.18270186945404,40329.08909964909,0.03634360570210024,1,0.06953106953106936,0.03915777140667942,0.06191775585744524,0.014030900779187764,0.22660544757938983,0.023397372614081435,0.04346716079179079,0.586965809706912,2025-02-22,ricky simon,javid basharat,0.7166434247068134,0.2833565752931865,0.7166434247068134,0,1.0,0,180.0,-218.0,0.06671218452439667,1.4166666666666667,3.15,0.05428407739848991,0.0248129186935715,0.0178645296442542,0.044044767293463,0.0292048521890331,0.0138491799370142,0.0094934904644795,188.0,-265.0,215.0,-240.0
668,1164.3692124473844,0.04279416142123396,0.7692307692307692,0.18800466799805715,0.0252682230395382,1.7692307692307692,5039.092044493806,1.3005313005313002,0.03291858570864151,0.14246321663876754,0.1401680514102645,-81.18270186945404,40329.08909964909,0.03634360570210024,1,0.06953106953106936,0.15282025185275674,0.06191775585744524,0.014030900779187764,0.22660544757938983,0.21526411661811487,0.22738672029888085,0.586965809706912,2025-02-22,andre fili,melquizael costa,0.6714808993032497,0.3285191006967502,0.6714808993032497,0,0.0,0,-110.0,-110.0,0.2603563092185285,1.7692307692307692,2.2,0.05428407739848991,0.0238095238095238,0.0238095238095238,0.0332391315109068,0.0297282041837015,0.0103868619809008,0.0093759838689014,110.0,-142.0,120.0,-130.0
669,0.0,0.0,0.0,-0.041497224027278484,0.0252682230395382,1.2127659574468086,5039.092044493806,1.3005313005313002,0.0,0.14246321663876754,0.1401680514102645,-81.18270186945404,40329.08909964909,0.03634360570210024,1,0.06953106953106936,0.0,0.06191775585744524,0.014030900779187764,0.22660544757938983,0.0,0.0,0.586965809706912,2025-02-22,jean silva,melsik baghdasaryan,0.7903443942231212,0.7903443942231212,0.2096556057768788,1,1.0,1,-380.0,300.0,0.0,5.0,1.2127659574468086,0.05428407739848991,0.0149406726683033,0.0267259939983634,0.02241127508864,0.0482957956184307,0.0083252332680924,0.0162361702406793,-560.0,350.0,-470.0,400.0
670,0.0,0.0,0.0,-0.020403922816870923,0.0252682230395382,1.6134969325153374,5039.092044493806,1.3005313005313002,0.0,0.14246321663876754,0.1401680514102645,-81.18270186945404,40329.08909964909,0.03634360570210024,1,0.06953106953106936,0.0,0.06191775585744524,0.014030900779187764,0.22660544757938983,0.0,0.0,0.586965809706912,2025-02-22,rob font,jean matsumoto,0.6071260858587454,0.3928739141412546,0.6071260858587454,0,1.0,0,130.0,-175.0,0.0,1.6134969325153374,2.7,0.05428407739848991,0.0392764126889053,0.0318698323703832,0.0605287612420775,0.0463849949945583,-0.0054676326143178,-0.004390133897441,130.0,-205.0,170.0,-163.0
671,708.997338086467,0.06674815915234061,0.3003003003003002,0.038091021811353154,0.0252682230395382,1.3003003003003002,5039.092044493806,1.3005313005313002,0.020044492237940116,0.14246321663876754,0.1401680514102645,-81.18270186945404,40329.08909964909,0.03634360570210024,1,0.06953106953106936,0.10500685248643514,0.06191775585744524,0.014030900779187764,0.22660544757938983,0.06808760347900594,0.10008279168787498,0.586965809706912,2025-02-22,brendan allen,anthony hernandez,0.798347136866468,0.201652863133532,0.798347136866468,0,0.0,0,164.0,-198.0,0.17889773262750672,1.3003003003003002,3.7,0.05428407739848991,0.0246517396386398,0.0185656693505812,0.0434596724355623,0.0248633089308972,0.0246822708864464,0.0146411171667336,250.0,-360.0,270.0,-333.0
672,0.0,0.0,0.0,-0.02264707145040573,0.0252682230395382,1.4,5039.092044493806,1.3005313005313002,0.0,0.14246321663876754,0.1401680514102645,-81.18270186945404,40329.08909964909,0.03634360570210024,1,0.06953106953106936,0.0,0.06191775585744524,0.014030900779187764,0.22660544757938983,0.0,0.0,0.586965809706912,2025-02-22,henry cejudo,song yadong,0.6981092346782817,0.3018907653217183,0.6981092346782817,0,0.0,0,165.0,-215.0,0.0,1.4,3.15,0.05428407739848991,0.034629950066182,0.0252682230395382,0.040400359353909,0.0262663073127574,0.0189616252113446,0.012784406534687,200.0,-275.0,215.0,-250.0
673,1383.4166216540073,0.039791706605458936,0.8620689655172411,0.20313829117597804,0.0195518024772611,1.862068965517241,-2742.5019578164456,-1.0,0.034303195349533556,-0.06800307220031677,-0.12445225156842503,-2276.543984338511,35310.04315749413,0.03634360570210024,1,-1.737931034482759,0.10256297524633341,0.09041885474287108,0.030654963146928102,0.33903286249425807,0.21969258498077732,0.23593805583360863,0.40194720233354525,2025-03-01,cody brundage,julian marquez,0.6461298230389513,0.6461298230389513,0.3538701769610487,1,1.0,1,116.0,-143.0,0.25516529198584703,2.05,1.862068965517241,-0.014507923823148666,0.0273123130264201,0.0241280161916868,0.0331297358984499,0.0346209416083251,0.0121359726176876,0.01270594246813,-125.0,-105.0,-116.0,105.0
674,0.0,0.0,0.0,-0.10716356966492005,0.0195518024772611,1.3355704697986577,-2742.5019578164456,-1.0,0.0,-0.06800307220031677,-0.12445225156842503,-2276.543984338511,35310.04315749413,0.03634360570210024,1,-1.737931034482759,0.0,0.09041885474287108,0.030654963146928102,0.33903286249425807,0.0,0.0,0.40194720233354525,2025-03-01,ricardo ramos,chepe mariscal,0.6685056689443564,0.3314943310556436,0.6685056689443564,0,0.0,0,310.0,-420.0,0.0,1.3355704697986577,3.5,-0.014507923823148666,0.0336481186596504,0.0179466280570474,0.0367642267496208,0.0220593026621438,0.021225999808897,0.0132320044983534,240.0,-325.0,250.0,-298.0
675,-2070.996017127536,0.05135241244874921,-1.0,0.010446322131122732,0.0195518024772611,1.4761904761904765,-2742.5019578164456,-1.0,-0.05135241244874921,-0.06800307220031677,-0.12445225156842503,-2276.543984338511,35310.04315749413,0.03634360570210024,1,-1.737931034482759,0.0228362120561902,0.09041885474287108,0.030654963146928102,0.33903286249425807,0.014992006742988166,0.03958755703487516,0.40194720233354525,2025-03-01,hyder amil,william gomis,0.684495895637212,0.315504104362788,0.684495895637212,0,1.0,0,150.0,-186.0,0.056813959454406586,1.4761904761904765,2.85,-0.014507923823148666,0.0283132845779334,0.0220363657717169,0.0355103612200028,0.0250956993860578,0.0163683147761138,0.0119282330450517,175.0,-230.0,185.0,-210.0
676,980.0706482394567,0.06075457381505702,0.3999999999999999,0.09669606366098787,0.0195518024772611,1.4,-2742.5019578164456,-1.0,0.024301829526022802,-0.06800307220031677,-0.12445225156842503,-2276.543984338511,35310.04315749413,0.03634360570210024,1,-1.737931034482759,0.11022022751428466,0.09041885474287108,0.030654963146928102,0.33903286249425807,0.15159598405725253,0.17490949724534896,0.40194720233354525,2025-03-01,danny silva,lucas almeida,0.78335433118642,0.78335433118642,0.21664566881358,1,1.0,1,-190.0,150.0,0.2742156852302739,3.15,1.4,-0.014507923823148666,0.0240435734387988,0.0311288403543048,0.0240939303895655,0.0371082554027841,0.012784406534687,0.0189616252113446,-275.0,205.0,-250.0,215.0
677,-1137.7386766977968,0.02821136559485784,-1.0,0.25713645230376103,0.0195518024772611,2.48,-2742.5019578164456,-1.0,-0.028211365594857842,-0.06800307220031677,-0.12445225156842503,-2276.543984338511,35310.04315749413,0.03634360570210024,1,-1.737931034482759,0.07966810965529075,0.09041885474287108,0.030654963146928102,0.33903286249425807,0.21320679765439224,0.23904414057810336,0.40194720233354525,2025-03-01,andrea lee,jj aldrich,0.5069098597999037,0.5069098597999037,0.4930901402000963,1,0.0,1,150.0,-190.0,0.19820540905066503,1.5882352941176472,2.48,-0.014507923823148666,0.0311288403543048,0.0240435734387988,0.0346383144891551,0.0274184230994973,0.0182089277723384,0.014646508308904,140.0,-182.0,148.0,-170.0
678,-1431.2965604066424,0.03549042620005757,-1.0,0.017746296247790394,0.0195518024772611,1.5,-2742.5019578164456,-1.0,-0.03549042620005757,-0.06800307220031677,-0.12445225156842503,-2276.543984338511,35310.04315749413,0.03634360570210024,1,-1.737931034482759,0.014266148257326269,0.09041885474287108,0.030654963146928102,0.33903286249425807,0.025100071643900407,0.025094034390492993,0.40194720233354525,2025-03-01,danny barlow,sam patterson,0.6784975308318603,0.6784975308318603,0.3215024691681397,1,0.0,1,-345.0,260.0,0.03549259249598628,3.0,1.5,-0.014507923823148666,0.0195518024772611,0.0335068741769209,0.0388539630756615,0.0559063490759549,1.4011014570769478e-13,-1.4011014570769478e-13,-245.0,160.0,-200.0,200.0
679,0.0,0.0,0.0,-0.05353062522818686,0.0223911054816955,1.6756756756756757,-2742.355432840396,-1.0,0.0,-0.07766502636682177,-0.0923897557717628,-519.9308307708909,32047.756893882844,0.03634360570210024,1,0.28000000000000025,0.0,0.13489570662316652,0.051212063750380774,0.37964191027548827,0.0,0.0,0.26942003279338406,2025-03-08,joshua van,rei tsuruya,0.564828497847695,0.564828497847695,0.435171502152305,1,1.0,1,-165.0,132.0,0.0,2.3200000000000003,1.6756756756756757,-0.024015702091402975,0.0242769274131875,0.0293990647793954,0.0294527858551745,0.03446766869028,0.0128179920981376,0.0149906842088701,-156.0,120.0,-148.0,132.0
680,0.0,0.02041428326437058,0.0,-0.0068368584860602905,0.0223911054816955,1.1428571428571428,-2742.355432840396,-1.0,0.0,-0.07766502636682177,-0.0923897557717628,-519.9308307708909,32047.756893882844,0.03634360570210024,1,0.28000000000000025,0.005500016866540153,0.13489570662316652,0.051212063750380774,0.37964191027548827,-0.017575500167571454,0.007941143321222248,0.26942003279338406,2025-03-08,alex morono,carlos leal,0.8690177488246973,0.1309822511753026,0.8690177488246973,0,0.0,0,430.0,-600.0,0.02041428326437058,1.1428571428571428,6.5,-0.024015702091402975,0.03148105510695,0.0143410473189259,0.0397683242250553,0.0157872313305,0.0201342704065016,0.0087118834396522,500.0,-800.0,550.0,-700.0
681,1356.3821208813501,0.03255380823244053,1.1800000000000002,0.12496528314235833,0.0223911054816955,2.18,-2742.355432840396,-1.0,0.03841349371427982,-0.07766502636682177,-0.0923897557717628,-519.9308307708909,32047.756893882844,0.03634360570210024,1,0.28000000000000025,0.033995339050827425,0.13489570662316652,0.051212063750380774,0.37964191027548827,0.11528999844807898,0.13676886298924415,0.26942003279338406,2025-03-08,brunno ferreira,armen petrosyan,0.5160391207075038,0.5160391207075038,0.4839608792924962,1,1.0,1,105.0,-125.0,0.1261797005158045,1.7692307692307692,2.18,-0.024015702091402975,0.0223911054816955,0.0209693281226405,0.0361007496976405,0.0326694768395762,0.0125604538807027,0.0113725337539204,106.0,-140.0,118.0,-130.0
682,0.0,0.0180403156256548,0.0,-0.0007067243998770123,0.0223911054816955,1.4444444444444444,-2742.355432840396,-1.0,0.0,-0.07766502636682177,-0.0923897557717628,-519.9308307708909,32047.756893882844,0.03634360570210024,1,0.28000000000000025,0.004860422427466915,0.13489570662316652,0.051212063750380774,0.37964191027548827,-0.0010542490344541283,0.012093472052107935,0.26942003279338406,2025-03-08,mairon santos,francis marshall,0.6918184215693159,0.6918184215693159,0.308181578430684,1,1.0,1,-370.0,290.0,0.0180403156256548,3.1,1.4444444444444444,-0.024015702091402975,0.015767051259426,0.027877247704022,0.0332802337799202,0.0509302925358691,0.0061511049596503,0.0087372325093323,-275.0,185.0,-225.0,210.0
683,0.0,0.0,0.0,-0.17106872629346614,0.0223911054816955,1.196078431372549,-2742.355432840396,-1.0,0.0,-0.07766502636682177,-0.0923897557717628,-519.9308307708909,32047.756893882844,0.03634360570210024,1,0.28000000000000025,0.0,0.13489570662316652,0.051212063750380774,0.37964191027548827,0.0,0.0,0.26942003279338406,2025-03-08,king green,mauricio ruffy,0.6930409009677578,0.3069590990322421,0.6930409009677578,0,0.0,0,430.0,-600.0,0.0,1.196078431372549,5.0,-0.024015702091402975,0.03148105510695,0.0143410473189259,0.0358095419078984,0.0167569392300113,0.0241707558183639,0.0118948179521278,390.0,-560.0,400.0,-510.0
684,0.0,0.0,0.0,-0.035417902480028685,0.0223911054816955,1.7575757575757576,-2742.355432840396,-1.0,0.0,-0.07766502636682177,-0.0923897557717628,-519.9308307708909,32047.756893882844,0.03634360570210024,1,0.28000000000000025,0.0,0.13489570662316652,0.051212063750380774,0.37964191027548827,0.0,0.0,0.26942003279338406,2025-03-08,jalin turner,ignacio bahamondes,0.548813952037225,0.4511860479627749,0.548813952037225,0,0.0,0,-120.0,100.0,0.0,1.7575757575757576,2.25,-0.024015702091402975,0.0222254993026449,0.0232290461519004,0.0440950031186286,0.0389967843209849,0.0070861009352857,0.006323860750538,107.0,-150.0,125.0,-132.0
685,-1616.1817845309188,0.045771164235688666,-1.0,0.11993214332334112,0.0223911054816955,1.6493506493506491,-2742.355432840396,-1.0,-0.045771164235688666,-0.07766502636682177,-0.0923897557717628,-519.9308307708909,32047.756893882844,0.03634360570210024,1,0.28000000000000025,0.057154754693229996,0.13489570662316652,0.051212063750380774,0.37964191027548827,0.14829612591551453,0.17156483220723395,0.26942003279338406,2025-03-08,justin gaethje,rafael fiziev,0.6790139766606085,0.3209860233393915,0.6790139766606085,0,1.0,0,112.0,-139.0,0.2121399589356501,1.6493506493506491,2.3600000000000003,-0.024015702091402975,0.0280921080037501,0.0251959633627927,0.0318399293099752,0.0265284250359655,0.0163137821969503,0.0137142439607969,128.0,-163.0,136.0,-154.0
686,1332.7478920908113,0.034312872046226406,1.1,0.1100595028125615,0.0223911054816955,2.1,-2742.355432840396,-1.0,0.03774415925084905,-0.07766502636682177,-0.0923897557717628,-519.9308307708909,32047.756893882844,0.03634360570210024,1,0.28000000000000025,0.02955954696211028,0.13489570662316652,0.051212063750380774,0.37964191027548827,0.10510287345505037,0.11488963402259739,0.26942003279338406,2025-03-08,alex pereira,magomed ankalaev,0.5285997632440769,0.4714002367559232,0.5285997632440769,0,0.0,0,-170.0,142.0,0.10971547533282072,2.1,1.869565217391304,-0.024015702091402975,0.0191618095781445,0.0236909605473527,0.0443557580239308,0.0476712967003978,0.0053898078105479,0.0056843893101607,-138.0,-105.0,-115.0,110.0
687,-1592.8790592121336,0.045111218134381244,-1.0,0.286227459023895,0.0223911054816955,1.7692307692307692,-2742.355432840396,-1.0,-0.045111218134381244,-0.07766502636682177,-0.0923897557717628,-519.9308307708909,32047.756893882844,0.03634360570210024,1,0.28000000000000025,0.10382113576620017,0.13489570662316652,0.051212063750380774,0.37964191027548827,0.33173945127148347,0.33248347433443465,0.26942003279338406,2025-03-08,amanda lemos,iasmin lucindo,0.7269981290135059,0.2730018709864941,0.7269981290135059,0,1.0,0,-125.0,105.0,0.38535046815104396,1.7692307692307692,2.2,-0.024015702091402975,0.0209693281226405,0.0223911054816955,0.0332391315109068,0.0297282041837015,0.0103868619809008,0.0093759838689014,110.0,-142.0,120.0,-130.0
688,-1445.3413954506977,0.045099611814846834,-1.0,0.16020051502067872,0.0124693401840167,1.6896551724137931,-3004.9955084974736,-1.0,-0.045099611814846834,-0.09376617272927004,-0.16597045818326941,-2313.9853869262934,26728.775998459078,0.03634360570210024,1,-1.7062949024974343,0.08651738165602316,0.10703341685096818,0.040462557119340034,0.37803667592598234,0.1929872026631649,0.2115096283058129,0.33955382133324363,2025-03-15,marvin vettori,roman dolidze,0.6866492843999935,0.6866492843999935,0.3133507156000065,1,0.0,1,-138.0,110.0,0.25479725516360363,2.3,1.6896551724137931,0.03224569885774392,0.0265680525498327,0.0294543564137525,0.0320566948578776,0.0381656187104434,0.0123272894741075,0.0142920539154221,-163.0,122.0,-145.0,130.0
689,0.0,0.0,0.0,-0.02697442095139141,0.0124693401840167,1.2222222222222223,-3004.9955084974736,-1.0,0.0,-0.09376617272927004,-0.16597045818326941,-2313.9853869262934,26728.775998459078,0.03634360570210024,1,-1.7062949024974343,0.0,0.10703341685096818,0.040462557119340034,0.37803667592598234,0.0,0.0,0.33955382133324363,2025-03-15,daniel barez,andre lima,0.796111837403407,0.203888162596593,0.796111837403407,0,0.0,0,250.0,-310.0,0.0,1.2222222222222223,4.9,0.03224569885774392,0.0259280913458452,0.01588375534405,0.0489255335114361,0.0232911899754952,0.0146199500714314,0.0076435007634478,333.0,-530.0,390.0,-450.0
690,0.0,0.0,0.0,-0.19389235734755245,0.0124693401840167,1.510204081632653,-3004.9955084974736,-1.0,0.0,-0.09376617272927004,-0.16597045818326941,-2313.9853869262934,26728.775998459078,0.03634360570210024,1,-1.7062949024974343,0.0,0.10703341685096818,0.040462557119340034,0.37803667592598234,0.0,0.0,0.33955382133324363,2025-03-15,chidi njokuani,elizeu zaleski dos santos,0.5337739795941883,0.4662260204058117,0.5337739795941883,0,1.0,0,175.0,-225.0,0.0,1.510204081632653,2.75,0.03224569885774392,0.0326609013348426,0.0232831546092132,0.0356796484275389,0.0263550910265553,0.0147321680987648,0.0110663576997609,160.0,-210.0,175.0,-196.0
691,606.3793826871208,0.0747384152202963,0.2531645569620251,0.042936385937968696,0.0124693401840167,1.2531645569620251,-3004.9955084974736,-1.0,0.018921117777290188,-0.09376617272927004,-0.16597045818326941,-2313.9853869262934,26728.775998459078,0.03634360570210024,1,-1.7062949024974343,0.0672796883784204,0.10703341685096818,0.040462557119340034,0.37803667592598234,0.08440036729909153,0.10079906374538783,0.33955382133324363,2025-03-15,damon blackshear,cody gibson,0.832242166556561,0.832242166556561,0.1677578334434389,1,1.0,1,-360.0,285.0,0.19814145549665607,4.5,1.2531645569620251,0.03224569885774392,0.0154210319511368,0.0269279234412967,0.0237998545504096,0.0476887913705324,0.0071910542461325,0.0130109659558875,-480.0,310.0,-395.0,350.0
692,857.9185173955021,0.04952450377220092,0.5405405405405406,0.04620083355769661,0.0124693401840167,1.5405405405405406,-3004.9955084974736,-1.0,0.026770002039027525,-0.09376617272927004,-0.16597045818326941,-2313.9853869262934,26728.775998459078,0.03634360570210024,1,-1.7062949024974343,0.03384732016435393,0.10703341685096818,0.040462557119340034,0.37803667592598234,0.06264296102806516,0.07351791814577785,0.33955382133324363,2025-03-15,alexander hernandez,kurt holobaugh,0.6791128217830662,0.6791128217830662,0.3208871782169338,1,1.0,1,-175.0,145.0,0.09968175304714248,2.75,1.5405405405405406,0.03224569885774392,0.0197703920738484,0.0247565095959103,0.0360703011526564,0.0499381785566106,0.0055380849517432,0.0072210857021642,-225.0,154.0,-185.0,175.0
693,-1602.6255645908836,0.050007417676610835,-1.0,0.1463199551194176,0.0124693401840167,1.606060606060606,-3004.9955084974736,-1.0,-0.050007417676610835,-0.09376617272927004,-0.16597045818326941,-2313.9853869262934,26728.775998459078,0.03634360570210024,1,-1.7062949024974343,0.07775398457914465,0.10703341685096818,0.040462557119340034,0.37803667592598234,0.19006129152186807,0.17628847257468067,0.33955382133324363,2025-03-15,stephanie luciano,sam hughes,0.7137463871498261,0.7137463871498261,0.2862536128501739,1,0.0,1,-265.0,215.0,0.22898868955103183,2.75,1.606060606060606,0.03224569885774392,0.0172604852694011,0.0262272294511902,0.0460260643152898,0.062948294659069,-0.0060881745917034,-0.0076339523379706,-225.0,140.0,-165.0,175.0
694,-1559.6541130467756,0.0486665609144232,-1.0,0.19739260018716454,0.0124693401840167,1.6451612903225803,-3004.9955084974736,-1.0,-0.0486665609144232,-0.09376617272927004,-0.16597045818326941,-2313.9853869262934,26728.775998459078,0.03634360570210024,1,-1.7062949024974343,0.10773745949001716,0.10703341685096818,0.040462557119340034,0.37803667592598234,0.24777899014680288,0.25276939988224884,0.33955382133324363,2025-03-15,josiane nunes,priscila cachoeira,0.7278268746235708,0.7278268746235708,0.2721731253764292,1,0.0,1,-225.0,185.0,0.31729125906164335,2.46,1.6451612903225803,0.03224569885774392,0.017924977552359,0.0252599077377893,0.0318698323703832,0.0392764126889053,0.006509668171641,0.0078375341239113,-175.0,130.0,-155.0,146.0
695,829.3377860794409,0.051756370271127575,0.5,0.04318156610831925,0.0124693401840167,1.5,-3004.9955084974736,-1.0,0.025878185135563787,-0.09376617272927004,-0.16597045818326941,-2313.9853869262934,26728.775998459078,0.03634360570210024,1,-1.7062949024974343,0.0315439983579198,0.10703341685096818,0.040462557119340034,0.37803667592598234,0.060996251546539954,0.06576629278635794,0.33955382133324363,2025-03-15,waldo cortes acosta,ryan spann,0.6954543774055462,0.6954543774055462,0.3045456225944538,1,1.0,1,-210.0,162.0,0.09289837538586264,2.95,1.5,0.03224569885774392,0.0250883977791257,0.034010346372561,0.0338035762665641,0.0479170979289979,0.0024015108457864,0.0032482066683378,-235.0,163.0,-200.0,195.0
696,0.0,0.0,0.0,-0.07894332645426369,0.0124693401840167,1.2083333333333333,-3004.9955084974736,-1.0,0.0,-0.09376617272927004,-0.16597045818326941,-2313.9853869262934,26728.775998459078,0.03634360570210024,1,-1.7062949024974343,0.0,0.10703341685096818,0.040462557119340034,0.37803667592598234,0.0,0.0,0.33955382133324363,2025-03-15,suyoung you,aj cunningham,0.7622537987964715,0.7622537987964715,0.2377462012035285,1,1.0,1,-700.0,500.0,0.0,5.1,1.2083333333333333,0.03224569885774392,0.0124693401840167,0.0291973264826498,0.0230234205593512,0.0513063673364004,0.0079771687963349,0.0156874694727661,-599.0,360.0,-480.0,410.0
697,-1178.5613980282817,0.044093354596417965,-1.0,0.1398818238722105,0.0225925289248723,1.7246376811594204,-2629.9605171124194,-1.0,-0.044093354596417965,-0.09839434911886864,-0.183639399885884,-2278.495866928826,21820.319614417833,0.03634360570210024,1,-1.984126984126984,0.05834207341389566,0.12222370620864102,0.04616121882425073,0.3776781138141203,0.16501183638394895,0.16632421595404806,0.2973531635512686,2025-03-22,nathan fletcher,caolan loughran,0.6609398810687607,0.6609398810687607,0.3390601189312393,1,0.0,1,-170.0,143.0,0.1962046501107311,2.3600000000000003,1.7246376811594204,-0.06197319597167939,0.0183915924350601,0.0227606709394255,0.0436438662746148,0.0508672206028841,0.0016558696470265,0.0019048766854045,-162.0,110.0,-138.0,136.0
698,0.0,0.014408016835659109,0.0,-0.011698152428031239,0.0225925289248723,1.8,-2629.9605171124194,-1.0,0.0,-0.09839434911886864,-0.183639399885884,-2278.495866928826,21820.319614417833,0.03634360570210024,1,-1.984126984126984,0.004284269386583175,0.12222370620864102,0.04616121882425073,0.3776781138141203,-0.013041411425754537,0.012923998149182608,0.2973531635512686,2025-03-22,leon edwards,sean brady,0.5490565819844271,0.4509434180155729,0.5490565819844271,0,0.0,0,107.0,-132.0,0.014408016835659109,1.8,2.12,-0.06197319597167939,0.0271301064603605,0.0249271982206321,0.0354005882336351,0.0322362225882545,0.0141625145840943,0.0130911541790084,105.0,-138.0,112.0,-125.0
699,0.0,0.0,0.0,-0.03846549063758864,0.0225925289248723,1.7936507936507935,-2629.9605171124194,-1.0,0.0,-0.09839434911886864,-0.183639399885884,-2278.495866928826,21820.319614417833,0.03634360570210024,1,-1.984126984126984,0.0,0.12222370620864102,0.04616121882425073,0.3776781138141203,0.0,0.0,0.2973531635512686,2025-03-22,gunnar nelson,kevin holland,0.5360767618569197,0.5360767618569197,0.4639232381430803,1,0.0,1,-163.0,120.0,0.0,2.14,1.7936507936507935,-0.06197319597167939,0.0339796305551364,0.0403376871081888,0.0295973674672263,0.032761821461,0.0118836358359611,0.0129282076840124,-139.0,108.0,-126.0,114.0
700,0.0,0.019189216913778888,0.0,-0.009365962520667903,0.0225925289248723,1.9803921568627447,-2629.9605171124194,-1.0,0.0,-0.09839434911886864,-0.183639399885884,-2278.495866928826,21820.319614417833,0.03634360570210024,1,-1.984126984126984,0.005705974355383663,0.12222370620864102,0.04616121882425073,0.3776781138141203,-0.009455777637059138,0.01900694932916342,0.2973531635512686,2025-03-22,nathaniel wood,morgan charriere,0.5002211476380787,0.5002211476380787,0.4997788523619213,1,1.0,1,140.0,-188.0,0.019189216913778888,1.9090909090909087,1.9803921568627447,-0.06197319597167939,0.0389594877010522,0.0304849567433922,0.0350135352882691,0.0342505339758,0.0145073443220182,0.0142526745370105,-110.0,-120.0,-102.0,-110.0
701,-1929.3053940914806,0.0721808358977121,-1.0,0.1176727179449244,0.0225925289248723,1.3333333333333333,-2629.9605171124194,-1.0,-0.0721808358977121,-0.09839434911886864,-0.183639399885884,-2278.495866928826,21820.319614417833,0.03634360570210024,1,-1.984126984126984,0.10497106483394243,0.12222370620864102,0.04616121882425073,0.3776781138141203,0.2063626766130917,0.20129902522818374,0.2973531635512686,2025-03-22,jordan vucenic,chris duncan,0.8382545384586934,0.8382545384586934,0.1617454615413066,1,0.0,1,-275.0,200.0,0.3530181538352582,4.0,1.3333333333333333,-0.06197319597167939,0.0262663073127574,0.040400359353909,0.0331676104446071,0.0609500366142162,1.8740564655672642e-13,-1.872946242542639e-13,-400.0,240.0,-300.0,300.0
702,0.0,0.0,0.0,-0.04608472363493743,0.0225925289248723,1.4081632653061225,-2629.9605171124194,-1.0,0.0,-0.09839434911886864,-0.183639399885884,-2278.495866928826,21820.319614417833,0.03634360570210024,1,-1.984126984126984,0.0,0.12222370620864102,0.04616121882425073,0.3776781138141203,0.0,0.0,0.2973531635512686,2025-03-22,loneer kavanagh,felipe dos santos,0.677418094809972,0.677418094809972,0.322581905190028,1,1.0,1,-360.0,280.0,0.0,3.25,1.4081632653061225,-0.06197319597167939,0.0166620402445679,0.029104550144448,0.0310041577081886,0.0491646186631192,0.0072111180858498,0.0106261171426896,-295.0,200.0,-245.0,225.0
703,-0.0,0.0,-1.0,0.0041602434386095455,0.0225925289248723,1.9090909090909087,-2629.9605171124194,-1.0,-0.0,-0.09839434911886864,-0.183639399885884,-2278.495866928826,21820.319614417833,0.03634360570210024,1,-1.984126984126984,0.0,0.12222370620864102,0.04616121882425073,0.3776781138141203,0.0,0.0,0.2973531635512686,2025-03-22,jai herbert,chris padilla,0.5259886989440337,0.5259886989440337,0.4740113010559663,1,0.0,1,-138.0,105.0,0.0,2.14,1.9090909090909087,-0.06197319597167939,0.0322362225882545,0.0354005882336351,0.0477974581862765,0.0504801507296302,-0.0043410113797444,-0.0045597451845634,-135.0,-110.0,-110.0,114.0
704,0.0,0.0,0.4444444444444444,0.02419218460495054,0.0225925289248723,1.4444444444444444,-2629.9605171124194,-1.0,0.0,-0.09839434911886864,-0.183639399885884,-2278.495866928826,21820.319614417833,0.03634360570210024,1,-1.984126984126984,0.0,0.12222370620864102,0.04616121882425073,0.3776781138141203,0.0,0.0,0.2973531635512686,2025-03-22,jan blachowicz,carlos ulberg,0.7090561278034273,0.2909438721965726,0.7090561278034273,0,0.0,0,164.0,-198.0,0.0,1.4444444444444444,3.95,-0.06197319597167939,0.0246517396386398,0.0185656693505812,0.0895515693665253,0.050799307826457,-0.032068469936923,-0.0224592807933594,185.0,-375.0,295.0,-225.0
705,829.3709251909356,0.05430099452245068,0.5714285714285714,0.2062326924485538,0.0225925289248723,1.5714285714285714,-2629.9605171124194,-1.0,0.031029139727114668,-0.09839434911886864,-0.183639399885884,-2278.495866928826,21820.319614417833,0.03634360570210024,1,-1.984126984126984,0.10581817757028068,0.12222370620864102,0.04616121882425073,0.3776781138141203,0.27804053322019817,0.26395938836591143,0.2973531635512686,2025-03-22,shauna bannon,puja tomar,0.7676026224672615,0.7676026224672615,0.2323973775327384,1,1.0,1,-163.0,120.0,0.35586699770233277,2.8,1.5714285714285714,-0.06197319597167939,0.0339796305551364,0.0403376871081888,0.0434748123750833,0.0587264454865519,-0.0028453830411125,-0.0036481234523939,-218.0,140.0,-175.0,180.0
706,0.0,0.0,0.0,-0.05433330341104736,0.0225925289248723,1.6666666666666663,-2629.9605171124194,-1.0,0.0,-0.09839434911886864,-0.183639399885884,-2278.495866928826,21820.319614417833,0.03634360570210024,1,-1.984126984126984,0.0,0.12222370620864102,0.04616121882425073,0.3776781138141203,0.0,0.0,0.2973531635512686,2025-03-22,marcin tybura,mick parkin,0.5674000179533717,0.4325999820466283,0.5674000179533717,0,1.0,0,-145.0,122.0,0.0,1.6666666666666663,2.5,-0.06197319597167939,0.0196946562194557,0.0225925289248723,0.0536841397518541,0.0437184576507431,-8.8484775062625e-14,8.8484775062625e-14,120.0,-180.0,150.0,-150.0
707,498.6108311016724,0.06169704512875138,0.37037037037037024,0.07135278930714517,0.0286060063614704,1.3703703703703702,3427.531318356083,1.4162859446385379,0.022850757455093094,0.15707979438079966,0.26643046542955995,2386.066592335016,27633.917525108933,0.03634360570210024,1,1.6054717404503573,0.08208597651351253,0.103816246851868,0.033189309134323296,0.31969282401125554,0.11557895485323268,0.14475663313234519,0.35007628193261253,2025-03-29,edgar chairez,cj vergara,0.7817979813862952,0.7817979813862952,0.2182020186137048,1,1.0,1,-250.0,175.0,0.23448025687531027,3.25,1.3703703703703702,0.335776466822752,0.0316294610237879,0.0462926168982899,0.0227647086791665,0.0352656719318592,0.0147674711771943,0.0226545662448432,-278.0,210.0,-270.0,225.0
708,517.1177469920693,0.05450748839150274,0.4347826086956521,0.019279750523625905,0.0286060063614704,1.434782608695652,3427.531318356083,1.4162859446385379,0.023698907996305536,0.15707979438079966,0.26643046542955995,2386.066592335016,27633.917525108933,0.03634360570210024,1,1.6054717404503573,0.02194243859241807,0.103816246851868,0.033189309134323296,0.31969282401125554,0.02908052171193273,0.04155482140310567,0.35007628193261253,2025-03-29,brandon moreno,steve erceg,0.7104070988497999,0.7104070988497999,0.2895929011502001,1,1.0,1,-188.0,150.0,0.06267902090162696,3.15,1.434782608695652,0.335776466822752,0.0230494218707374,0.0297283559070404,0.031600329657312,0.0486769919993199,0.0059277888164889,0.0085022256135255,-278.0,190.0,-230.0,215.0
709,724.9438419011042,0.04053247169372151,0.819672131147541,0.16439460365475622,0.0286060063614704,1.819672131147541,3427.531318356083,1.4162859446385379,0.03322333745387009,0.15707979438079966,0.26643046542955995,2386.066592335016,27633.917525108933,0.03634360570210024,1,1.6054717404503573,0.07772653403298287,0.103816246851868,0.033189309134323296,0.31969282401125554,0.1817920696408745,0.20077943965833245,0.35007628193261253,2025-03-29,manuel torres,drew dober,0.6398925299363976,0.6398925299363976,0.3601074700636024,1,1.0,1,-110.0,-120.0,0.22202742100633008,2.1,1.819672131147541,0.335776466822752,0.0350135352882691,0.0342505339758,0.0352269955557409,0.0373795583101833,0.0124289360305124,0.0133110897095132,-130.0,-103.0,-122.0,110.0
710,0.0,0.0,0.0,-0.12444728956696277,0.0286060063614704,1.5714285714285714,3427.531318356083,1.4162859446385379,0.0,0.15707979438079966,0.26643046542955995,2386.066592335016,27633.917525108933,0.03634360570210024,1,1.6054717404503573,0.0,0.103816246851868,0.033189309134323296,0.31969282401125554,0.0,0.0,0.35007628193261253,2025-03-29,ronaldo rodriguez,kevin borjas,0.5571699066392055,0.5571699066392055,0.4428300933607945,1,0.0,1,-150.0,110.0,0.0,2.7,1.5714285714285714,0.335776466822752,0.0356521067558167,0.0405383694346594,0.0398410606730592,0.052458154094815,0.0029594481376373,0.0037745585963693,-205.0,138.0,-175.0,170.0
711,-780.6275942391327,0.0357752593927786,-1.0,0.0069884147384466355,0.0286060063614704,1.5128205128205128,3427.531318356083,1.4162859446385379,-0.0357752593927786,0.15707979438079966,0.26643046542955995,2386.066592335016,27633.917525108933,0.03634360570210024,1,1.6054717404503573,0.012524834248614074,0.103816246851868,0.033189309134323296,0.31969282401125554,0.009704068172810516,0.025765236397149574,0.35007628193261253,2025-03-29,christian rodriguez,melquizael costa,0.665636409742363,0.665636409742363,0.3343635902576369,1,0.0,1,-175.0,130.0,0.03577744307460688,2.8,1.5128205128205128,0.335776466822752,0.0318698323703832,0.0392764126889053,0.0387831778135211,0.0535245144941712,0.007787088324373,0.0103727179710265,-225.0,150.0,-195.0,180.0
712,500.57504482320815,0.05161674396868214,0.4444444444444444,0.014515885108704829,0.0286060063614704,1.4444444444444444,3427.531318356083,1.4162859446385379,0.022940775097192063,0.15707979438079966,0.26643046542955995,2386.066592335016,27633.917525108933,0.03634360570210024,1,1.6054717404503573,0.018070900774276182,0.103816246851868,0.033189309134323296,0.31969282401125554,0.021653911293016626,0.034603838962588104,0.35007628193261253,2025-03-29,loopy godinez,julia polastri,0.7023571512291034,0.7023571512291034,0.2976428487708966,1,1.0,1,-188.0,140.0,0.05161989459701448,3.1,1.4444444444444444,0.335776466822752,0.0304849567433922,0.0389594877010522,0.0358017288678883,0.054674461608302,0.0061511049596503,0.0087372325093323,-275.0,180.0,-225.0,210.0
713,503.4927115117445,0.07037718957590954,0.3278688524590163,0.09813257726758062,0.0286060063614704,1.3278688524590163,3427.531318356083,1.4162859446385379,0.023074488385544104,0.15707979438079966,0.26643046542955995,2386.066592335016,27633.917525108933,0.03634360570210024,1,1.6054717404503573,0.10712816176743716,0.103816246851868,0.033189309134323296,0.31969282401125554,0.172244715541054,0.17434450479126418,0.35007628193261253,2025-03-29,rafa garcia,vinc pichel,0.8269887310286719,0.8269887310286719,0.1730112689713281,1,1.0,1,-400.0,275.0,0.30601376698824356,3.95,1.3278688524590163,0.335776466822752,0.0234985988994331,0.0431680677672335,0.0316384133613824,0.056342733535711,0.0023871417868579,0.0038638349282537,-375.0,235.0,-305.0,295.0
714,0.0,0.0,0.0,-0.1018454226358674,0.0286060063614704,1.2083333333333333,3427.531318356083,1.4162859446385379,0.0,0.15707979438079966,0.26643046542955995,2386.066592335016,27633.917525108933,0.03634360570210024,1,1.6054717404503573,0.0,0.103816246851868,0.033189309134323296,0.31969282401125554,0.0,0.0,0.35007628193261253,2025-03-29,jamall emmers,gabriel miranda,0.7433003398875581,0.7433003398875581,0.2566996601124419,1,1.0,1,-218.0,180.0,0.0,4.8,1.2083333333333333,0.335776466822752,0.0178645296442542,0.0248129186935715,0.0183207744122606,0.0372347811432948,0.0120569579898318,0.0238625822400532,-500.0,350.0,-480.0,380.0
715,421.9540102443506,0.09282078745696323,0.20833333333333326,0.07800758689725365,0.0286060063614704,1.2083333333333333,3427.531318356083,1.4162859446385379,0.019337664053534,0.15707979438079966,0.26643046542955995,2386.066592335016,27633.917525108933,0.03634360570210024,1,1.6054717404503573,0.13643965435902305,0.103816246851868,0.033189309134323296,0.31969282401125554,0.17136533814174054,0.17741559171384083,0.35007628193261253,2025-03-29,raul rosas jr,vince morales,0.8921442098460031,0.8921442098460031,0.1078557901539969,1,1.0,1,-333.0,225.0,0.3897426401063264,5.4,1.2083333333333333,0.335776466822752,0.0286060063614704,0.0481394191137471,0.0245334200524655,0.0548316593126138,0.0043244115333445,0.0084469805483925,-600.0,350.0,-480.0,440.0
716,970.7843294646175,0.03653538090376935,0.9615384615384617,0.1052325274952356,0.0164642876034875,1.9615384615384617,4986.81841284543,1.6671278361925843,0.03513017394593207,0.1804600599359201,0.269213829363179,2452.6143443954074,35073.35028234977,0.03634360570210024,1,1.9385346423715728,0.04805137250110325,0.09757483224763254,0.02561662077792659,0.2625330752597643,0.10732092882005927,0.1264972770408352,0.3724690564659623,2025-04-05,vanessa demopoulos,talita alencar,0.5634518767622769,0.4365481232377231,0.5634518767622769,0,0.0,0,-150.0,110.0,0.1290076898119304,1.9615384615384617,1.9523809523809523,0.1533280572703941,0.0356521067558167,0.0405383694346594,0.0316973620927953,0.03148824562989,0.0109873407442177,0.0110117027756292,-112.0,-115.0,-105.0,-104.0
717,0.0,0.0,0.0,-0.17123658279309895,0.0164642876034875,1.5050505050505052,4986.81841284543,1.6671278361925843,0.0,0.1804600599359201,0.269213829363179,2452.6143443954074,35073.35028234977,0.03634360570210024,1,1.9385346423715728,0.0,0.09757483224763254,0.02561662077792659,0.2625330752597643,0.0,0.0,0.3724690564659623,2025-04-05,victor henry,pedro falcao,0.5506548879428402,0.5506548879428402,0.4493451120571597,1,1.0,1,-150.0,110.0,0.0,2.75,1.5050505050505052,0.1533280572703941,0.0356521067558167,0.0405383694346594,0.0296963421125906,0.0413992289829804,0.0120133819417151,0.0160525118959904,-225.0,164.0,-198.0,175.0
718,0.0,0.0,0.0,-0.13690854387770993,0.0164642876034875,1.1,4986.81841284543,1.6671278361925843,0.0,0.1804600599359201,0.269213829363179,2452.6143443954074,35073.35028234977,0.03634360570210024,1,1.9385346423715728,0.0,0.09757483224763254,0.02561662077792659,0.2625330752597643,0.0,0.0,0.3724690564659623,2025-04-05,diana belbita,dione barbosa,0.7846285964748091,0.2153714035251909,0.7846285964748091,0,0.0,0,300.0,-450.0,0.0,1.1,8.5,0.1533280572703941,0.0450081665125755,0.0231736516692425,0.0522561121800998,0.0165269566029687,0.0194505298689539,0.0072874380454844,600.0,-1250.0,750.0,-1000.0
719,769.0071165996106,0.04508197318600987,0.617283950617284,0.0141873023172423,0.0164642876034875,1.617283950617284,4986.81841284543,1.6671278361925843,0.027828378509882637,0.1804600599359201,0.269213829363179,2452.6143443954074,35073.35028234977,0.03634360570210024,1,1.9385346423715728,0.020953102058316665,0.09757483224763254,0.02561662077792659,0.2625330752597643,0.01793248407443684,0.04450589089809444,0.3724690564659623,2025-04-05,brad tavares,gerald meerschaert,0.6270929121198215,0.6270929121198215,0.3729070878801784,1,1.0,1,-210.0,162.0,0.05625461147597759,2.43,1.617283950617284,0.1533280572703941,0.0250883977791257,0.034010346372561,0.0279262694204129,0.0347917138139991,0.0134558796003779,0.0163873648315009,-177.0,136.0,-162.0,143.0
720,0.0,0.0,0.0,-0.05132299402675,0.0164642876034875,1.5208333333333337,4986.81841284543,1.6671278361925843,0.0,0.1804600599359201,0.269213829363179,2452.6143443954074,35073.35028234977,0.03634360570210024,1,1.9385346423715728,0.0,0.09757483224763254,0.02561662077792659,0.2625330752597643,0.0,0.0,0.3724690564659623,2025-04-05,pat sabatini,joanderson brito,0.6237876203659725,0.3762123796340276,0.6237876203659725,0,1.0,0,200.0,-265.0,0.0,1.5208333333333337,2.88,0.1533280572703941,0.0357494745355933,0.0236112560580139,0.0532071204242985,0.0372906171322624,0.002714334669385,0.0020421341281796,160.0,-240.0,188.0,-192.0
721,712.8228983311791,0.07171070318061491,0.3597122302158271,0.14582439735633912,0.0164642876034875,1.359712230215827,4986.81841284543,1.6671278361925843,0.025795216971444195,0.1804600599359201,0.269213829363179,2452.6143443954074,35073.35028234977,0.03634360570210024,1,1.9385346423715728,0.15053902102812236,0.09757483224763254,0.02561662077792659,0.2625330752597643,0.24769532802774188,0.2379420855650694,0.3724690564659623,2025-04-05,josh emmett,lerone murphy,0.8426962499075723,0.1573037500924277,0.8426962499075723,0,0.0,0,240.0,-298.0,0.40416517403205876,1.359712230215827,3.8,0.1533280572703941,0.0263970780483009,0.0164642876034875,0.0619138065905053,0.0357662910895922,-0.0008477377585157,-0.0005446320549068,215.0,-355.0,280.0,-278.0
722,0.0,0.0,0.0,-0.08224027273623707,0.0403376871081888,1.6666666666666663,-2709.268788449014,-1.0,0.0,-0.07724579393296284,-0.11028915643083317,-1158.9414273944662,31205.14006650629,0.03634360570210024,1,-1.2034632034632038,0.0,0.17556111017942203,0.08798853114288056,0.5011846362383845,0.0,0.0,0.2070139888324776,2025-04-12,michael chandler,paddy pimblett,0.5506558363582579,0.4493441636417421,0.5506558363582579,0,0.0,0,-135.0,114.0,0.0,1.6666666666666663,2.42,0.07367003328469857,0.0197976060171143,0.0219601987154369,0.044391576818822,0.0370195493684234,0.0071772430987384,0.0060458973971294,120.0,-168.0,142.0,-150.0
723,-909.9716179839032,0.025944815954517902,-1.0,0.3924873037684784,0.0403376871081888,2.72,-2709.268788449014,-1.0,-0.025944815954517902,-0.07724579393296284,-0.11028915643083317,-1158.9414273944662,31205.14006650629,0.03634360570210024,1,-1.2034632034632038,0.05077754087880639,0.17556111017942203,0.08798853114288056,0.5011846362383845,0.3040681947237268,0.31661142896204303,0.2070139888324776,2025-04-12,bryce mitchell,jean silva,0.5119438616795876,0.5119438616795876,0.4880561383204124,1,0.0,1,285.0,-400.0,0.24528555372118943,1.5208333333333337,2.72,0.07367003328469857,0.0386737104929581,0.0210665492473015,0.0325117397689544,0.0242347923874137,0.0143236140780609,0.0108576913208109,160.0,-205.0,172.0,-192.0
724,-1799.297170465111,0.05130097797844494,-1.0,0.2924938588960212,0.0403376871081888,1.6756756756756757,-2709.268788449014,-1.0,-0.05130097797844494,-0.07724579393296284,-0.11028915643083317,-1158.9414273944662,31205.14006650629,0.03634360570210024,1,-1.2034632034632038,0.08918421785177472,0.17556111017942203,0.08798853114288056,0.5011846362383845,0.36633426264485097,0.343975513040597,0.2070139888324776,2025-04-12,nikita krylov,dominick reyes,0.7713269803089159,0.7713269803089159,0.2286730196910841,1,0.0,1,-188.0,140.0,0.430812518297715,2.5,1.6756756756756757,0.07367003328469857,0.0304849567433922,0.0389594877010522,0.0440096630322472,0.0551966861741018,-0.0014723824177861,-0.0017534240338267,-188.0,124.0,-148.0,150.0
725,1071.6769369297429,0.04583295842723007,0.6666666666666663,0.1452119211983222,0.0403376871081888,1.6666666666666663,-2709.268788449014,-1.0,0.030555305618153367,-0.07724579393296284,-0.11028915643083317,-1158.9414273944662,31205.14006650629,0.03634360570210024,1,-1.2034632034632038,0.04938133199019239,0.17556111017942203,0.08798853114288056,0.5011846362383845,0.1778320469741104,0.19478492854259014,0.2070139888324776,2025-04-12,alexander volkanovski,diego lopes,0.6871271527189935,0.6871271527189935,0.3128728472810065,1,1.0,1,-130.0,110.0,0.2385410390316828,2.3600000000000003,1.6666666666666663,0.07367003328469857,0.0198146558599141,0.0215932116349099,0.0333527731951945,0.0395132920372828,0.0108860271118729,0.012842786447449,-162.0,120.0,-150.0,136.0
726,478.65042412480517,0.10508286879043134,0.1298701298701299,0.026197362974126767,0.0403376871081888,1.12987012987013,-2709.268788449014,-1.0,0.01364712581693914,-0.07724579393296284,-0.11028915643083317,-1158.9414273944662,31205.14006650629,0.03634360570210024,1,-1.2034632034632038,0.0546391802498175,0.17556111017942203,0.08798853114288056,0.5011846362383845,0.0704168802643427,0.09819407391633991,0.2070139888324776,2025-04-12,jim miller,chase hooper,0.9082436430920432,0.0917563569079569,0.9082436430920432,0,0.0,0,300.0,-450.0,0.26393955576612405,1.12987012987013,6.75,0.07367003328469857,0.0450081665125755,0.0231736516692425,0.0443733716688528,0.0170301371030769,0.0234894225954378,0.0097161968170781,500.0,-850.0,575.0,-770.0
727,0.0,0.0,0.0,-0.16182799250099572,0.0403376871081888,1.3636363636363638,-2709.268788449014,-1.0,0.0,-0.07724579393296284,-0.11028915643083317,-1158.9414273944662,31205.14006650629,0.03634360570210024,1,-1.2034632034632038,0.0,0.17556111017942203,0.08798853114288056,0.5011846362383845,0.0,0.0,0.2070139888324776,2025-04-12,darren elkins,julian erosa,0.6146594721659364,0.3853405278340635,0.6146594721659364,0,0.0,0,200.0,-275.0,0.0,1.3636363636363638,3.3,0.07367003328469857,0.040400359353909,0.0262663073127574,0.0426105862207629,0.026805501978502,0.0220870652884608,0.0142765710751753,210.0,-295.0,230.0,-275.0
728,0.0,0.0,0.0,-0.03302722558660148,0.0403376871081888,1.8,-2709.268788449014,-1.0,0.0,-0.07724579393296284,-0.11028915643083317,-1158.9414273944662,31205.14006650629,0.03634360570210024,1,-1.2034632034632038,0.0,0.17556111017942203,0.08798853114288056,0.5011846362383845,0.0,0.0,0.2070139888324776,2025-04-12,yan xiaonan,virna jandiroba,0.5372070968963325,0.4627929031036675,0.5372070968963325,0,0.0,0,140.0,-188.0,0.0,1.8,2.2,0.07367003328469857,0.0389594877010522,0.0304849567433922,0.0391936977254916,0.0353880398274212,0.0052815527685029,0.0048194573325072,105.0,-142.0,120.0,-125.0
729,0.0,0.0,0.0,-0.0797189394285337,0.0403376871081888,1.5319148936170213,-2709.268788449014,-1.0,0.0,-0.07724579393296284,-0.11028915643083317,-1158.9414273944662,31205.14006650629,0.03634360570210024,1,-1.2034632034632038,0.0,0.17556111017942203,0.08798853114288056,0.5011846362383845,0.0,0.0,0.2070139888324776,2025-04-12,dan ige,sean woodson,0.6007390256508183,0.3992609743491817,0.6007390256508183,0,1.0,0,-163.0,120.0,0.0,1.5319148936170213,2.7,0.07367003328469857,0.0339796305551364,0.0403376871081888,0.0411928522373992,0.0309382953035842,0.013117781846808,0.0100303663013401,150.0,-205.0,170.0,-188.0
730,748.5360858063212,0.0839565627565999,0.2857142857142856,0.13090772317376725,0.0262663073127574,1.2857142857142856,5092.493647589847,1.7760651962086986,0.023987589359028533,0.1631940647193512,0.3198948489479407,4889.869920384514,41187.50363448065,0.03634360570210024,1,2.6682890842451314,0.11872395877981325,0.14163458770188703,0.05354115621073002,0.37802317272546193,0.24971250969338016,0.24255188268553848,0.2566012037864394,2025-04-26,anthony smith,zhang mingyang,0.879594895801819,0.1204051041981809,0.879594895801819,0,0.0,0,350.0,-549.0,0.4626788846969838,1.2857142857142856,4.4,0.434354061107675,0.0463884159234824,0.0217506013680772,0.064614263825235,0.0329833337723625,0.0031886539522886,0.0018618510982165,260.0,-455.0,340.0,-350.0
731,0.0,0.0,0.0,-0.01941315650908293,0.0262663073127574,1.25,5092.493647589847,1.7760651962086986,0.0,0.1631940647193512,0.3198948489479407,4889.869920384514,41187.50363448065,0.03634360570210024,1,2.6682890842451314,0.0,0.14163458770188703,0.05354115621073002,0.37802317272546193,0.0,0.0,0.2566012037864394,2025-04-26,ikram aliskerov,andre muniz,0.7844694747927337,0.7844694747927337,0.2155305252072663,1,1.0,1,-649.0,400.0,0.0,4.6,1.25,0.434354061107675,0.0201152566224162,0.0463733949129643,0.0258075013481793,0.0517787055483724,0.0061735975652481,0.0112177067825779,-480.0,300.0,-400.0,360.0
732,937.1851426281955,0.04775252966668272,0.6289308176100628,0.1503485253457285,0.0262663073127574,1.6289308176100628,5092.493647589847,1.7760651962086986,0.030033037526215542,0.1631940647193512,0.3198948489479407,4889.869920384514,41187.50363448065,0.03634360570210024,1,2.6682890842451314,0.06625709388583545,0.14163458770188703,0.05354115621073002,0.37802317272546193,0.18974417305886523,0.20459942970102493,0.2566012037864394,2025-04-26,ian machado garry,carlos prates,0.706198515559733,0.706198515559733,0.293801484440267,1,1.0,1,-138.0,110.0,0.2582103782372705,2.45,1.6289308176100628,0.434354061107675,0.0265680525498327,0.0294543564137525,0.033624340009932,0.0413357875817744,0.0099707853216415,0.0120920938840948,-175.0,128.0,-159.0,145.0
733,796.285535475224,0.05052518132848309,0.5050505050505052,0.027526471026667887,0.0262663073127574,1.5050505050505052,5092.493647589847,1.7760651962086986,0.02551776834771874,0.1631940647193512,0.3198948489479407,4889.869920384514,41187.50363448065,0.03634360570210024,1,2.6682890842451314,0.020473797531492085,0.14163458770188703,0.05354115621073002,0.37802317272546193,0.038472568901591266,0.05708724251245364,0.2566012037864394,2025-04-26,giga chikadze,david onama,0.682718930413692,0.317281069586308,0.682718930413692,0,0.0,0,130.0,-175.0,0.0797883923745414,1.5050505050505052,2.8,0.434354061107675,0.0392764126889053,0.0318698323703832,0.0392828753414365,0.0284452615406929,0.012351434216744,0.0092209531274553,163.0,-220.0,180.0,-198.0
734,665.1630598587799,0.06352113511282466,0.3355704697986577,0.04300293058184307,0.0262663073127574,1.3355704697986577,5092.493647589847,1.7760651962086986,0.02131581715195458,0.1631940647193512,0.3198948489479407,4889.869920384514,41187.50363448065,0.03634360570210024,1,2.6682890842451314,0.04159698474639711,0.14163458770188703,0.05354115621073002,0.37802317272546193,0.07333211766338171,0.09506200893568427,0.2566012037864394,2025-04-26,randy brown,nicolas dalby,0.7809418927472092,0.7809418927472092,0.2190581072527908,1,1.0,1,-200.0,150.0,0.16210751988917746,3.6,1.3355704697986577,0.434354061107675,0.0287452808578468,0.0379213858088197,0.0251661696113856,0.0423944108580914,0.010183118578769,0.0163383777919736,-333.0,235.0,-298.0,260.0
735,-1257.543468636074,0.040299241277428045,-1.0,0.03183620670364701,0.0262663073127574,1.8,5092.493647589847,1.7760651962086986,-0.040299241277428045,0.1631940647193512,0.3198948489479407,4889.869920384514,41187.50363448065,0.03634360570210024,1,2.6682890842451314,0.01285464502000782,0.14163458770188703,0.05354115621073002,0.37802317272546193,0.03555579615951333,0.04485514932030139,0.2566012037864394,2025-04-26,michel pereira,abus magomedov,0.5732423370575817,0.5732423370575817,0.4267576629424183,1,0.0,1,-175.0,130.0,0.05009580949084834,2.2,1.8,0.434354061107675,0.0318698323703832,0.0392764126889053,0.0412941575850406,0.0465107204637399,0.0048194573325072,0.0052815527685029,-150.0,105.0,-125.0,120.0
736,969.8348155395391,0.04413264722193354,0.704225352112676,0.1339255894127387,0.0262663073127574,1.704225352112676,5092.493647589847,1.7760651962086986,0.031079329029530655,0.1631940647193512,0.3198948489479407,4889.869920384514,41187.50363448065,0.03634360570210024,1,2.6682890842451314,0.05371755957434968,0.14163458770188703,0.05354115621073002,0.37802317272546193,0.15954480701793686,0.175726993217912,0.2566012037864394,2025-04-26,chris gutierrez,john castaneda,0.6653612962669789,0.6653612962669789,0.334638703733021,1,1.0,1,-110.0,-110.0,0.20934258601162684,2.3,1.704225352112676,0.434354061107675,0.0238095238095238,0.0238095238095238,0.0287788618675385,0.0336097299328179,0.010017946999888,0.0115415211998963,-155.0,120.0,-142.0,130.0
737,562.657143543282,0.09015456145111239,0.19999999999999996,0.061166849237343085,0.0262663073127574,1.2,5092.493647589847,1.7760651962086986,0.018030912290222474,0.1631940647193512,0.3198948489479407,4889.869920384514,41187.50363448065,0.03634360570210024,1,2.6682890842451314,0.08835050611124894,0.14163458770188703,0.05354115621073002,0.37802317272546193,0.1347411102953058,0.15630264980273462,0.2566012037864394,2025-04-26,damon blackshear,alatengheili,0.8843057076977859,0.8843057076977859,0.115694292302214,1,1.0,1,-345.0,265.0,0.34431056755594996,5.1,1.2,0.434354061107675,0.0181504065839109,0.0311030950322194,0.0174145458604676,0.0372558696346901,0.0097801183165366,0.0196316463893458,-560.0,385.0,-500.0,410.0
738,0.0,0.0,0.0,-0.060846447393183914,0.0262663073127574,1.125,5092.493647589847,1.7760651962086986,0.0,0.1631940647193512,0.3198948489479407,4889.869920384514,41187.50363448065,0.03634360570210024,1,2.6682890842451314,0.0,0.14163458770188703,0.05354115621073002,0.37802317272546193,0.0,0.0,0.2566012037864394,2025-04-26,jaqueline amorim,polyana viana,0.8348031578727254,0.8348031578727254,0.1651968421272746,1,1.0,1,-350.0,240.0,0.0,7.1,1.125,0.434354061107675,0.0263895562040242,0.0455058686325771,0.0182475675347912,0.0494091981417761,0.0086289068865667,0.0211050524248573,-910.0,500.0,-800.0,610.0
739,564.4372357424603,0.04974188210607667,0.36363636363636376,0.004131899398686856,0.0262663073127574,1.3636363636363638,5092.493647589847,1.7760651962086986,0.01808795712948243,0.1631940647193512,0.3198948489479407,4889.869920384514,41187.50363448065,0.03634360570210024,1,2.6682890842451314,0.012764605916739022,0.14163458770188703,0.05354115621073002,0.37802317272546193,0.006765520738343808,0.030380661879531094,0.2566012037864394,2025-04-26,chelsea chandler,joselyne edwards,0.7363633928923703,0.2636366071076297,0.7363633928923703,0,0.0,0,150.0,-188.0,0.04974491829493744,1.3636363636363638,3.4,0.434354061107675,0.0297283559070404,0.0230494218707374,0.0446806160174017,0.0279000291438885,0.0166799230378363,0.0107710573543203,210.0,-300.0,240.0,-275.0
740,903.314370426786,0.04486880274139009,0.6451612903225803,0.06238539807151716,0.0262663073127574,1.6451612903225803,5092.493647589847,1.7760651962086986,0.028947614671864557,0.1631940647193512,0.3198948489479407,4889.869920384514,41187.50363448065,0.03634360570210024,1,2.6682890842451314,0.03211908088404159,0.14163458770188703,0.05354115621073002,0.37802317272546193,0.07723687539844579,0.10110268143305703,0.2566012037864394,2025-04-26,matt schnell,jimmy flick,0.645763673337589,0.645763673337589,0.354236326662411,1,1.0,1,-275.0,200.0,0.12517120110930277,2.38,1.6451612903225803,0.434354061107675,0.0262663073127574,0.040400359353909,0.0318698323703832,0.0392764126889053,0.0127638795893915,0.0152473248924012,-175.0,130.0,-155.0,138.0
741,0.0,0.0,0.0,-0.05575762520266392,0.01588375534405,1.7246376811594204,8741.363644367311,2.204545454545455,0.0,0.21223339297139063,0.36096751149255485,6125.987047161727,56054.85432600969,0.03634360570210024,1,2.9485635038913727,0.0,0.1393281397631331,0.052897575277255915,0.37966182113093044,0.0,0.0,0.26084899837094455,2025-05-03,cameron smotherman,serhiy sidey,0.54750188118501,0.45249811881499,0.54750188118501,0,0.0,0,-138.0,105.0,0.0,1.7246376811594204,2.2,0.39956581570412963,0.0322362225882545,0.0354005882336351,0.0341708802857051,0.0304969621599151,0.0182148717700892,0.0161625155484744,110.0,-143.0,120.0,-138.0
742,823.3563415537474,0.09595411449382983,0.20833333333333326,0.08935171001295594,0.01588375534405,1.2083333333333333,8741.363644367311,2.204545454545455,0.019990440519547875,0.21223339297139063,0.36096751149255485,6125.987047161727,56054.85432600969,0.03634360570210024,1,2.9485635038913727,0.11948831462477072,0.1393281397631331,0.052897575277255915,0.37966182113093044,0.19519442533486858,0.20968710331283313,0.26084899837094455,2025-05-03,cory sandhagen,deiveson figueiredo,0.9015324496658946,0.9015324496658946,0.0984675503341053,1,1.0,1,-400.0,300.0,0.4580746538073741,5.0,1.2083333333333333,0.39956581570412963,0.0176478677640649,0.032352132235935,0.0198242189441048,0.0411076806974722,0.0092856808663582,0.0183005260301934,-520.0,350.0,-480.0,400.0
743,0.0,0.0,0.0,-0.0789720626847257,0.01588375534405,1.3003003003003002,8741.363644367311,2.204545454545455,0.0,0.21223339297139063,0.36096751149255485,6125.987047161727,56054.85432600969,0.03634360570210024,1,2.9485635038913727,0.0,0.1393281397631331,0.052897575277255915,0.37966182113093044,0.0,0.0,0.26084899837094455,2025-05-03,reinier de ridder,bo nickal,0.7083194067574743,0.2916805932425257,0.7083194067574743,0,1.0,0,170.0,-205.0,0.0,1.3003003003003002,4.4,0.39956581570412963,0.0244151214085358,0.018086396502818,0.0661786373319945,0.0343504631971059,-0.0023002877252181,-0.0013738672191445,250.0,-440.0,340.0,-333.0
744,0.0,0.0,0.0,-0.10879779741304813,0.01588375534405,1.7246376811594204,8741.363644367311,2.204545454545455,0.0,0.21223339297139063,0.36096751149255485,6125.987047161727,56054.85432600969,0.03634360570210024,1,2.9485635038913727,0.0,0.1393281397631331,0.052897575277255915,0.37966182113093044,0.0,0.0,0.26084899837094455,2025-05-03,santiago ponzinibbio,daniel rodriguez,0.5167474956176443,0.5167474956176443,0.4832525043823557,1,0.0,1,-105.0,-125.0,0.0,2.3,1.7246376811594204,0.39956581570412963,0.0346209416083251,0.0331297358984499,0.0391052434963937,0.0449283699489844,0.0068216974963082,0.0077928439724531,-155.0,110.0,-138.0,130.0
745,1033.8416606217218,0.05647692943574062,0.4444444444444444,0.07974254471431463,0.01588375534405,1.4444444444444444,8741.363644367311,2.204545454545455,0.02510085752699583,0.21223339297139063,0.36096751149255485,6125.987047161727,56054.85432600969,0.03634360570210024,1,2.9485635038913727,0.05099688919759835,0.1393281397631331,0.052897575277255915,0.37966182113093044,0.1192758864956229,0.13070492406396972,0.26084899837094455,2025-05-03,montel jackson,daniel marcos,0.7475140694176025,0.7475140694176025,0.2524859305823975,1,1.0,1,-205.0,170.0,0.19550348867001358,3.1,1.4444444444444444,0.39956581570412963,0.018086396502818,0.0244151214085358,0.0318135991253311,0.0487419564302244,0.0061511049596503,0.0087372325093323,-275.0,188.0,-225.0,210.0
746,740.1046529266285,0.09865066309009449,0.18214936247723124,0.0665971883114358,0.01588375534405,1.1821493624772312,8741.363644367311,2.204545454545455,0.017969155389816836,0.21223339297139063,0.36096751149255485,6125.987047161727,56054.85432600969,0.03634360570210024,1,2.9485635038913727,0.10059848969856165,0.1393281397631331,0.052897575277255915,0.37966182113093044,0.15580282977113882,0.16484768016119453,0.26084899837094455,2025-05-03,jeremy stephens,mason jones,0.9022524751663764,0.0977475248336234,0.9022524751663764,0,0.0,0,340.0,-440.0,0.38565794895445193,1.1821493624772312,5.9,0.39956581570412963,0.0276226725358547,0.0144648695516874,0.0498139219159136,0.0211538200195702,0.0103822398599826,0.0050260806330836,400.0,-675.0,490.0,-549.0
747,0.0,0.0,0.0,-0.08188054971765912,0.01588375534405,1.7936507936507935,8741.363644367311,2.204545454545455,0.0,0.21223339297139063,0.36096751149255485,6125.987047161727,56054.85432600969,0.03634360570210024,1,2.9485635038913727,0.0,0.1393281397631331,0.052897575277255915,0.37966182113093044,0.0,0.0,0.26084899837094455,2025-05-03,gaston bolanos,quang le,0.5118719059096237,0.5118719059096237,0.4881280940903763,1,0.0,1,-218.0,180.0,0.0,2.14,1.7936507936507935,0.39956581570412963,0.0178645296442542,0.0248129186935715,0.0297794791233773,0.0324934840317861,0.0118836358359611,0.0129282076840124,-135.0,105.0,-126.0,114.0
748,0.0,0.0,0.0,-0.06075707362697061,0.01588375534405,1.303030303030303,8741.363644367311,2.204545454545455,0.0,0.21223339297139063,0.36096751149255485,6125.987047161727,56054.85432600969,0.03634360570210024,1,2.9485635038913727,0.0,0.1393281397631331,0.052897575277255915,0.37966182113093044,0.0,0.0,0.26084899837094455,2025-05-03,ryan loder,azamat bekoev,0.7208143388444179,0.2791856611555821,0.7208143388444179,0,0.0,0,188.0,-240.0,0.0,1.303030303030303,4.0,0.39956581570412963,0.031408002539922,0.0216965726234765,0.0479064388849135,0.0260661638548124,0.0109232239303671,0.0065186365347491,265.0,-400.0,300.0,-330.0
749,860.2140493192879,0.052213291254143215,0.3999999999999999,0.006581473689461714,0.01588375534405,1.4,8741.363644367311,2.204545454545455,0.02088531650165728,0.21223339297139063,0.36096751149255485,6125.987047161727,56054.85432600969,0.03634360570210024,1,2.9485635038913727,0.013620616061723205,0.1393281397631331,0.052897575277255915,0.37966182113093044,0.010289979268144652,0.0333976744850348,0.26084899837094455,2025-05-03,marina rodriguez,gillian robertson,0.7189867669210441,0.2810132330789558,0.7189867669210441,0,0.0,0,200.0,-275.0,0.052216478295054776,1.4,3.2,0.39956581570412963,0.040400359353909,0.0262663073127574,0.0414870536027404,0.027225726974447,0.0160048334946276,0.0107808807910866,195.0,-270.0,220.0,-250.0
750,989.6731520912352,0.06607832298854045,0.36363636363636376,0.10317383493384386,0.01588375534405,1.3636363636363638,8741.363644367311,2.204545454545455,0.02402848108674199,0.21223339297139063,0.36096751149255485,6125.987047161727,56054.85432600969,0.03634360570210024,1,2.9485635038913727,0.07599629498543276,0.1393281397631331,0.052897575277255915,0.37966182113093044,0.171806010965587,0.1749582658518375,0.26084899837094455,2025-05-03,thomas petersen,dontale mayes,0.8089941456181521,0.8089941456181521,0.1910058543818479,1,1.0,1,-350.0,240.0,0.2913421000657284,3.65,1.3636363636363638,0.39956581570412963,0.0263895562040242,0.0455058686325771,0.035365498219968,0.0599424196685949,0.0028651545401012,0.004440781532958,-340.0,210.0,-275.0,265.0
751,1678.7971906491064,0.030192494441781043,1.35,0.26617382505510223,0.01588375534405,2.35,8741.363644367311,2.204545454545455,0.04075986749640441,0.21223339297139063,0.36096751149255485,6125.987047161727,56054.85432600969,0.03634360570210024,1,2.9485635038913727,0.056347237029602856,0.1393281397631331,0.052897575277255915,0.37966182113093044,0.23102628913839518,0.24887850845289844,0.26084899837094455,2025-05-03,yana santos,miesha tate,0.5387973723638733,0.5387973723638733,0.4612026276361267,1,1.0,1,-110.0,-120.0,0.2160147724603234,1.6666666666666663,2.35,0.39956581570412963,0.0350135352882691,0.0342505339758,0.037850515969565,0.0320795539605048,0.013811657209024,0.0117202576845929,120.0,-160.0,135.0,-150.0
752,0.0,0.0,0.0,-0.026972354163161183,0.01588375534405,1.4444444444444444,8741.363644367311,2.204545454545455,0.0,0.21223339297139063,0.36096751149255485,6125.987047161727,56054.85432600969,0.03634360570210024,1,2.9485635038913727,0.0,0.1393281397631331,0.052897575277255915,0.37966182113093044,0.0,0.0,0.26084899837094455,2025-05-03,juliana miller,ivana petrovic,0.6736345240408884,0.3263654759591116,0.6736345240408884,0,1.0,0,250.0,-310.0,0.0,1.4444444444444444,3.1,0.39956581570412963,0.0259280913458452,0.01588375534405,0.0513452487166904,0.0345133371418953,0.0087372325093323,0.0061511049596503,175.0,-260.0,210.0,-225.0
753,0.0,0.0,0.0,-0.029813903092567512,0.0316294610237879,1.1,-4779.884663116377,-1.0,0.0,-0.08527155623876967,0.004672642769970731,5041.808972904569,56316.778635797884,0.03634360570210024,1,2.385145666366324,0.0,0.12901698933292413,0.05314488806202485,0.4119216262664927,0.0,0.0,0.2816962780639436,2025-05-10,benoit st denis,kyle prepolec,0.8819873608249386,0.8819873608249386,0.1180126391750614,1,1.0,1,-1205.0,650.0,0.0,10.0,1.1,0.1722644649701474,0.0139988626122002,0.0427061182307116,0.0182642150323125,0.0719613488774618,0.002544258574178,0.006546650516731,-1800.0,600.0,-1000.0,900.0
754,-2896.105919928364,0.05166556857118722,-1.0,0.1103853632324569,0.0316294610237879,1.5319148936170213,-4779.884663116377,-1.0,-0.05166556857118722,-0.08527155623876967,0.004672642769970731,5041.808972904569,56316.778635797884,0.03634360570210024,1,2.385145666366324,0.06472657690099613,0.12901698933292413,0.05314488806202485,0.4119216262664927,0.15089301814926945,0.16809077385121046,0.2816962780639436,2025-05-10,belal muhammad,jack della maddalena,0.7248348898878538,0.7248348898878538,0.2751651101121461,1,0.0,1,-230.0,176.0,0.22977434187576856,2.7,1.5319148936170213,0.1722644649701474,0.0245429674409793,0.0347455701084278,0.0309382953035842,0.0411928522373992,0.0100303663013401,0.013117781846808,-205.0,150.0,-188.0,170.0
755,0.0,0.0,0.0,-0.18893186801348577,0.0316294610237879,1.5555555555555556,-4779.884663116377,-1.0,0.0,-0.08527155623876967,0.004672642769970731,5041.808972904569,56316.778635797884,0.03634360570210024,1,2.385145666366324,0.0,0.12901698933292413,0.05314488806202485,0.4119216262664927,0.0,0.0,0.2816962780639436,2025-05-10,jose aldo,aiemann zahabi,0.5214009419913306,0.5214009419913306,0.4785990580086694,1,0.0,1,-188.0,140.0,0.0,2.6,1.5555555555555556,0.1722644649701474,0.0304849567433922,0.0389594877010522,0.0276690712633215,0.0356666078359044,0.0120504953042823,0.0154220321682451,-190.0,145.0,-180.0,160.0
756,0.0,0.0,0.0,-0.04115310204235212,0.0316294610237879,1.434782608695652,-4779.884663116377,-1.0,0.0,-0.08527155623876967,0.004672642769970731,5041.808972904569,56316.778635797884,0.03634360570210024,1,2.385145666366324,0.0,0.12901698933292413,0.05314488806202485,0.4119216262664927,0.0,0.0,0.2816962780639436,2025-05-10,alexa grasso,natalia silva,0.6682872319098758,0.3317127680901242,0.6682872319098758,0,0.0,0,150.0,-186.0,0.0,1.434782608695652,3.05,0.1722644649701474,0.0283132845779334,0.0220363657717169,0.038783145402318,0.0263797618658524,0.0146209632380343,0.010217586190679,185.0,-250.0,205.0,-230.0
757,1213.8197350142095,0.05954888852044036,0.36363636363636376,0.01915649049689644,0.0316294610237879,1.3636363636363638,-4779.884663116377,-1.0,0.021654141280160136,-0.08527155623876967,0.004672642769970731,5041.808972904569,56316.778635797884,0.03634360570210024,1,2.385145666366324,0.022112534318474552,0.12901698933292413,0.05314488806202485,0.4119216262664927,0.03149139270781612,0.047750892339952035,0.2816962780639436,2025-05-10,jessica andrade,jasmine jasudavicius,0.7473814263643906,0.2526185736356093,0.7473814263643906,0,0.0,0,200.0,-275.0,0.07849778658933904,1.3636363636363638,3.5,0.1722644649701474,0.040400359353909,0.0262663073127574,0.0488555011457621,0.0289517490752811,0.0115765029078631,0.0074711161397558,225.0,-335.0,250.0,-275.0
758,2260.5344918256155,0.03360598766758245,1.2000000000000002,0.38496708551777126,0.0316294610237879,2.2,-4779.884663116377,-1.0,0.04032718520109895,-0.08527155623876967,0.004672642769970731,5041.808972904569,56316.778635797884,0.03634360570210024,1,2.385145666366324,0.09360417145337031,0.12901698933292413,0.05314488806202485,0.4119216262664927,0.35820418986764724,0.35711412829971906,0.2816962780639436,2025-05-10,valentina shevchenko,manon fiorot,0.6295304934171687,0.6295304934171687,0.3704695065828313,1,1.0,1,-107.0,-117.0,0.3322875690679969,1.7751937984496124,2.2,0.1722644649701474,0.0283489021487466,0.0277298173240821,0.0355941556155383,0.0319519346578248,0.0093793761870276,0.0084848556510033,108.0,-142.0,120.0,-129.0
759,1628.2385362812172,0.04705652098272684,0.617283950617284,0.10915149321864176,0.0316294610237879,1.617283950617284,-4779.884663116377,-1.0,0.029047235174522745,-0.08527155623876967,0.004672642769970731,5041.808972904569,56316.778635797884,0.03634360570210024,1,2.385145666366324,0.05683865937980359,0.12901698933292413,0.05314488806202485,0.4119216262664927,0.1384274866728419,0.15909995785184244,0.2816962780639436,2025-05-10,marc andre barriault,bruno silva,0.6858112286313739,0.6858112286313739,0.3141887713686261,1,1.0,1,-150.0,110.0,0.20177284474770912,2.45,1.617283950617284,0.1722644649701474,0.0356521067558167,0.0405383694346594,0.0318698323703832,0.0392764126889053,0.0119288327341947,0.0145550432589505,-175.0,130.0,-162.0,145.0
760,0.0,0.0,0.0,-0.08946864123158854,0.0316294610237879,1.7692307692307692,-4779.884663116377,-1.0,0.0,-0.08527155623876967,0.004672642769970731,5041.808972904569,56316.778635797884,0.03634360570210024,1,2.385145666366324,0.0,0.12901698933292413,0.05314488806202485,0.4119216262664927,0.0,0.0,0.2816962780639436,2025-05-10,daniel santos,jeongyeong lee,0.5146481593038847,0.4853518406961152,0.5146481593038847,0,1.0,0,-143.0,116.0,0.0,1.7692307692307692,2.2,0.1722644649701474,0.0241280161916868,0.0273123130264201,0.0419785626092642,0.0376630501333938,0.0103868619809008,0.0093759838689014,105.0,-145.0,120.0,-130.0
761,1685.8763677559741,0.042707174445419674,0.704225352112676,0.039230450831977515,0.0316294610237879,1.704225352112676,-4779.884663116377,-1.0,0.030075474961563146,-0.08527155623876967,0.004672642769970731,5041.808972904569,56316.778635797884,0.03634360570210024,1,2.385145666366324,0.021988724565840147,0.12901698933292413,0.05314488806202485,0.4119216262664927,0.04657563938583197,0.06574812979890976,0.2816962780639436,2025-05-10,brad katona,bekzat almakhan,0.6097963802402513,0.3902036197597487,0.6097963802402513,0,0.0,0,140.0,-188.0,0.07805827154325702,1.704225352112676,2.3,0.1722644649701474,0.0389594877010522,0.0304849567433922,0.0403376871081888,0.0339796305551364,0.0115415211998963,0.010017946999888,120.0,-163.0,130.0,-142.0
762,1149.4457619559166,0.04101146192516529,0.5,0.005898298919376266,0.0316294610237879,1.5,-4779.884663116377,-1.0,0.020505730962582645,-0.08527155623876967,0.004672642769970731,5041.808972904569,56316.778635797884,0.03634360570210024,1,2.385145666366324,0.011553481350819675,0.12901698933292413,0.05314488806202485,0.4119216262664927,0.008278004470511456,0.029223543861564023,0.2816962780639436,2025-05-10,mike malott,charles radtke,0.6705988659462508,0.6705988659462508,0.3294011340537491,1,1.0,1,-200.0,150.0,0.04101396521894086,2.8,1.5,0.1722644649701474,0.0287452808578468,0.0379213858088197,0.0321793128548906,0.0447437640681861,0.0101556457621264,0.0136538780473972,-225.0,160.0,-200.0,180.0
763,0.0,0.0,0.0,-0.015637296883575458,0.0316294610237879,1.3333333333333333,-4779.884663116377,-1.0,0.0,-0.08527155623876967,0.004672642769970731,5041.808972904569,56316.778635797884,0.03634360570210024,1,2.385145666366324,0.0,0.12901698933292413,0.05314488806202485,0.4119216262664927,0.0,0.0,0.2816962780639436,2025-05-10,navajo stirling,ivan erslan,0.7382720273373184,0.7382720273373184,0.2617279726626815,1,1.0,1,-250.0,175.0,0.0,3.85,1.3333333333333333,0.1722644649701474,0.0316294610237879,0.0462926168982899,0.0328963273661757,0.0574046759783059,0.0037347281819457,0.0060055315583139,-360.0,225.0,-300.0,285.0
764,1631.7058581591457,0.05128346185457859,0.5649717514124295,0.1607461215117757,0.0197976060171143,1.5649717514124295,9709.23224899957,1.8691148775894542,0.028973707262473787,0.17240389958718047,0.3249529846010285,8591.07305181839,74617.08393661585,0.03634360570210024,1,3.2666499333537686,0.11293846896562863,0.1004030801523678,0.03256967169605301,0.3243891686054506,0.21364838848865386,0.23474794646573685,0.3619769995795607,2025-05-17,luana santos,tainara lisboa,0.7417042003883909,0.7417042003883909,0.2582957996116091,1,1.0,1,-105.0,-115.0,0.3120045447550745,2.54,1.5649717514124295,0.2902325380040608,0.0237995764494319,0.0232792664320201,0.0304849567433922,0.0389594877010522,0.0144215909832456,0.0182683660934193,-188.0,140.0,-177.0,154.0
765,1231.467552119483,0.0612270309037661,0.3571428571428572,0.03539916120065928,0.0197976060171143,1.3571428571428572,9709.23224899957,1.8691148775894542,0.02186679675134504,0.17240389958718047,0.3249529846010285,8591.07305181839,74617.08393661585,0.03634360570210024,1,3.2666499333537686,0.04279996904528682,0.1004030801523678,0.03256967169605301,0.3243891686054506,0.05886356401078831,0.07110643357074596,0.3619769995795607,2025-05-17,tecia pennington,luana pinheiro,0.7629256977268015,0.7629256977268015,0.2370743022731984,1,1.0,1,-395.0,310.0,0.11823947127856009,3.6,1.3571428571428572,0.2902325380040608,0.0148515401766855,0.0270306968275025,0.0272073367218593,0.0459379088371792,0.0057068304929865,0.0089130525479491,-335.0,230.0,-280.0,260.0
766,0.0,0.0,0.0,-0.056103265638591526,0.0197976060171143,1.1869158878504673,9709.23224899957,1.8691148775894542,0.0,0.17240389958718047,0.3249529846010285,8591.07305181839,74617.08393661585,0.03634360570210024,1,3.2666499333537686,0.0,0.1004030801523678,0.03256967169605301,0.3243891686054506,0.0,0.0,0.3619769995795607,2025-05-17,elise reed,denise gomes,0.7952515793438638,0.2047484206561361,0.7952515793438638,0,0.0,0,350.0,-455.0,0.0,1.1869158878504673,5.5,0.2902325380040608,0.0277332659130896,0.0143087761289523,0.0463733949129643,0.0201152566224162,0.0163801797418052,0.0079576871157466,400.0,-649.0,450.0,-535.0
767,1922.0351389959246,0.04095479575831091,0.8333333333333333,0.2134329620794736,0.0197976060171143,1.8333333333333333,9709.23224899957,1.8691148775894542,0.03412899646525909,0.17240389958718047,0.3249529846010285,8591.07305181839,74617.08393661585,0.03634360570210024,1,3.2666499333537686,0.09877502558812391,0.1004030801523678,0.03256967169605301,0.3243891686054506,0.23514631437027533,0.24767917395758074,0.3619769995795607,2025-05-17,jared gordon,thiago moises,0.661872524770622,0.661872524770622,0.338127475229378,1,1.0,1,102.0,-122.0,0.2728765244831907,2.1,1.8333333333333333,0.2902325380040608,0.0228889497481168,0.0217101047519275,0.0352269955557409,0.0373795583101833,0.0104752559866196,0.0111697656584019,-130.0,-103.0,-120.0,110.0
768,0.0,0.0,0.0,-0.17764190951062114,0.0197976060171143,1.4166666666666667,9709.23224899957,1.8691148775894542,0.0,0.17240389958718047,0.3249529846010285,8591.07305181839,74617.08393661585,0.03634360570210024,1,3.2666499333537686,0.0,0.1004030801523678,0.03256967169605301,0.3243891686054506,0.0,0.0,0.3619769995795607,2025-05-17,dustin stoltzfus,nursulton ruziboev,0.5804880638748556,0.4195119361251443,0.5804880638748556,0,0.0,0,225.0,-278.0,0.0,1.4166666666666667,3.15,0.2902325380040608,0.0262452639219628,0.0168967792200803,0.0370881563047484,0.0245097107541832,0.0138491799370142,0.0094934904644795,198.0,-265.0,215.0,-240.0
769,1585.4346424295995,0.04504333325405979,0.625,0.03504694538311437,0.0197976060171143,1.625,9709.23224899957,1.8691148775894542,0.028152083283787373,0.17240389958718047,0.3249529846010285,8591.07305181839,74617.08393661585,0.03634360570210024,1,3.2666499333537686,0.032717133594226316,0.1004030801523678,0.03256967169605301,0.3243891686054506,0.044007679663798996,0.07198068455600401,0.3619769995795607,2025-05-17,julian erosa,melquizael costa,0.6369519663896088,0.3630480336103911,0.6369519663896088,0,0.0,0,170.0,-205.0,0.09038456485419664,1.625,2.4,0.2902325380040608,0.0244151214085358,0.018086396502818,0.0330243423820023,0.0272264311076575,0.0175441148904891,0.0145071671607929,130.0,-167.0,140.0,-160.0
770,574.7276125849268,0.048475005600606205,0.21052631578947367,0.001569731652656281,0.0197976060171143,1.2105263157894737,9709.23224899957,1.8691148775894542,0.010205264336969727,0.17240389958718047,0.3249529846010285,8591.07305181839,74617.08393661585,0.03634360570210024,1,3.2666499333537686,0.017547908121223876,0.1004030801523678,0.03256967169605301,0.3243891686054506,0.0033646196127886004,0.022616938622462286,0.3619769995795607,2025-05-17,gilbert burns,michael morales,0.8273836913652378,0.1726163086347621,0.8273836913652378,0,0.0,0,300.0,-430.0,0.04847796446074175,1.2105263157894737,5.1,0.2902325380040608,0.0401679208613745,0.0211528338556065,0.0449676886197574,0.0209084642129172,0.0146676997367495,0.0074976881575387,360.0,-560.0,410.0,-475.0
771,1645.7022475293102,0.04324891063273921,0.6756756756756757,0.03448930677728762,0.0197976060171143,1.6756756756756757,9709.23224899957,1.8691148775894542,0.029222236914012975,0.17240389958718047,0.3249529846010285,8591.07305181839,74617.08393661585,0.03634360570210024,1,3.2666499333537686,0.030451541859509747,0.1004030801523678,0.03256967169605301,0.3243891686054506,0.041698750421199346,0.0695808509860036,0.3619769995795607,2025-05-17,sodiq yusuff,mairon santos,0.6173565217864458,0.3826434782135542,0.6173565217864458,0,0.0,0,114.0,-135.0,0.08412562647593484,1.6756756756756757,2.3,0.2902325380040608,0.0219601987154369,0.0197976060171143,0.033917245551122,0.0283324936729433,0.0169922552640634,0.0145645469799758,126.0,-163.0,130.0,-148.0
772,-5804.938673853898,0.07779637540894731,-1.0,0.060892351038313086,0.027494176423819,1.25,-7438.9256331177285,-1.0,-0.07779637540894731,-0.0996946709876359,-0.21168587726781524,-8356.457239171003,58821.70106432712,0.03634360570210024,1,-1.915866741953699,0.15955734908868266,0.06341831724073092,0.015397392254411882,0.24279093051246686,0.12020591557160411,0.1410393883926055,0.5730774212148011,2025-05-31,billy ray goff,ramiz brahimaj,0.8487138808306505,0.8487138808306505,0.1512861191693495,1,0.0,1,-340.0,270.0,0.27842197787247547,4.4,1.25,-0.06400528868356377,0.0159136481215457,0.0270838948759972,0.0221920743449993,0.0426227404698154,0.0096600984648791,0.0176126288078482,-440.0,300.0,-400.0,340.0
773,2211.2901680683417,0.04563816594223896,0.6493506493506491,0.10270348722617267,0.027494176423819,1.6493506493506491,-7438.9256331177285,-1.0,0.02963517268976555,-0.0996946709876359,-0.21168587726781524,-8356.457239171003,58821.70106432712,0.03634360570210024,1,-1.915866741953699,0.1031312762681419,0.06341831724073092,0.015397392254411882,0.24279093051246686,0.12709956768432654,0.14541801462545872,0.5730774212148011,2025-05-31,mateusz gamrot,ludovit klein,0.6685682560347662,0.6685682560347662,0.3314317439652338,1,1.0,1,-148.0,118.0,0.1799604598790958,2.4,1.6493506493506491,-0.06400528868356377,0.0258388071181867,0.0296509827604756,0.0260063028537178,0.0314178152758967,0.010464777488587,0.0125011017765047,-165.0,130.0,-154.0,140.0
774,0.0,0.0,0.0,-0.0634608990995083,0.027494176423819,1.5494505494505495,-7438.9256331177285,-1.0,0.0,-0.0996946709876359,-0.21168587726781524,-8356.457239171003,58821.70106432712,0.03634360570210024,1,-1.915866741953699,0.0,0.06341831724073092,0.015397392254411882,0.24279093051246686,0.0,0.0,0.5730774212148011,2025-05-31,dustin jacoby,bruno lopes,0.6044330367513812,0.6044330367513812,0.3955669632486188,1,1.0,1,-137.0,112.0,0.0,2.65,1.5494505494505495,-0.06400528868356377,0.0235793575275391,0.0261778274099657,0.0323449725536807,0.0424849594191082,0.009938216573356,0.0128103449146674,-200.0,145.0,-182.0,165.0
775,-4033.5387742924822,0.05405650504539695,-1.0,0.09034760688769361,0.027494176423819,1.4761904761904765,-7438.9256331177285,-1.0,-0.05405650504539695,-0.0996946709876359,-0.21168587726781524,-8356.457239171003,58821.70106432712,0.03634360570210024,1,-1.915866741953699,0.12882049953937946,0.06341831724073092,0.015397392254411882,0.24279093051246686,0.129722784167686,0.1565568495927106,0.5730774212148011,2025-05-31,rayanne dos santos,alice ardelean,0.7386225724077923,0.7386225724077923,0.2613774275922077,1,0.0,1,-305.0,240.0,0.22478725346796538,2.8,1.4761904761904765,-0.06400528868356377,0.0180181875967891,0.0291858792151209,0.0232831546092132,0.0326609013348426,0.01458799501071,0.0199742169708566,-225.0,175.0,-210.0,180.0
776,-2565.018074727805,0.03437574801109465,-1.0,0.05578336032797859,0.027494176423819,2.04,-7438.9256331177285,-1.0,-0.03437574801109465,-0.0996946709876359,-0.21168587726781524,-8356.457239171003,58821.70106432712,0.03634360570210024,1,-1.915866741953699,0.049526504055408614,0.06341831724073092,0.015397392254411882,0.24279093051246686,0.05467604869485141,0.08817225052317032,0.5730774212148011,2025-05-31,jafel filho,allan nascimento,0.5175408629058719,0.5175408629058719,0.4824591370941281,1,0.0,1,-110.0,-120.0,0.08642201249252336,1.8333333333333333,2.04,-0.06400528868356377,0.0350135352882691,0.0342505339758,0.0366998845897121,0.0349666030002738,0.018294548065504,0.0173560758204138,-105.0,-127.0,104.0,-120.0
777,1835.74811563484,0.05658517383963618,0.4347826086956521,0.07037237698934812,0.027494176423819,1.434782608695652,-7438.9256331177285,-1.0,0.02460224949549399,-0.0996946709876359,-0.21168587726781524,-8356.457239171003,58821.70106432712,0.03634360570210024,1,-1.915866741953699,0.10516532052282555,0.06341831724073092,0.015397392254411882,0.24279093051246686,0.10614431966536805,0.12166473504470493,0.5730774212148011,2025-05-31,kurt holobaugh,jordan leavitt,0.7460171112350003,0.2539828887649997,0.7460171112350003,0,0.0,0,132.0,-165.0,0.18350979576179716,1.434782608695652,3.1,-0.06400528868356377,0.0293990647793954,0.0242769274131875,0.0401997433459088,0.0268500650832099,0.0115139753511245,0.0080363667798626,190.0,-260.0,210.0,-230.0
778,0.0,0.010106545848443794,0.0,-0.007098160955494093,0.027494176423819,1.7142857142857144,-7438.9256331177285,-1.0,0.0,-0.0996946709876359,-0.21168587726781524,-8356.457239171003,58821.70106432712,0.03634360570210024,1,-1.915866741953699,0.005791833232215324,0.06341831724073092,0.015397392254411882,0.24279093051246686,-0.008374735329305525,0.008565988812243876,0.5730774212148011,2025-05-31,ketlen vieira,macy chiasson,0.5791927394426284,0.4208072605573715,0.5791927394426284,0,1.0,0,-124.0,100.0,0.010106545848443794,1.7142857142857144,2.3,-0.06400528868356377,0.0260772521476094,0.027494176423819,0.0391632570108818,0.0337961593137875,0.0096790192209161,0.0084369228080692,115.0,-155.0,130.0,-140.0
779,0.0,0.0,0.0,-0.14832874665418216,0.0287452808578468,1.1612903225806452,-6188.270070191143,-1.0,0.0,-0.10520386112981808,-0.0771104642999899,1652.5013902056687,54285.93238434165,0.03634360570210024,1,0.2777777777777777,0.0,0.15662596027787046,0.06785767345279121,0.43324665548677094,0.0,0.0,0.23204075261612425,2025-06-07,azamat murzakanov,brendson ribeiro,0.7333835792700097,0.7333835792700097,0.2666164207299902,1,1.0,1,-425.0,330.0,0.0,6.5,1.1612903225806452,0.13644174705674392,0.0146095237354543,0.0274724253232388,0.0199005970902305,0.0508064736168402,0.0047226571488422,0.0102346078084227,-800.0,450.0,-620.0,550.0
780,0.0,0.0,0.0,-0.0684591853657689,0.0287452808578468,1.2,-6188.270070191143,-1.0,0.0,-0.10520386112981808,-0.0771104642999899,1652.5013902056687,54285.93238434165,0.03634360570210024,1,0.2777777777777777,0.0,0.15662596027787046,0.06785767345279121,0.43324665548677094,0.0,0.0,0.23204075261612425,2025-06-07,ariane da silva,wang cong,0.7762840121951926,0.2237159878048073,0.7762840121951926,0,0.0,0,280.0,-360.0,0.0,1.2,5.6,0.13644174705674392,0.029104550144448,0.0166620402445679,0.062221117974335,0.0266677709145538,0.007915677462198,0.0039890844425638,350.0,-650.0,460.0,-500.0
781,-2893.3152944309613,0.04918788885868578,-1.0,0.16800696173678792,0.0287452808578468,1.6134969325153374,-6188.270070191143,-1.0,-0.04918788885868578,-0.10520386112981808,-0.0771104642999899,1652.5013902056687,54285.93238434165,0.03634360570210024,1,0.2777777777777777,0.06738750860901793,0.15662596027787046,0.06785767345279121,0.43324665548677094,0.21524553978062091,0.2266774153225825,0.23204075261612425,2025-06-07,serghei spivac,waldo cortes acosta,0.7238978508102526,0.7238978508102526,0.2761021491897474,1,0.0,1,-142.0,120.0,0.29041238596782265,2.5,1.6134969325153374,0.13644174705674392,0.0193403204872646,0.0219819935623222,0.0345905247924249,0.04304922676037,0.0088741300258541,0.0108977330920164,-180.0,130.0,-163.0,150.0
782,0.0,0.0,0.0,-0.14480490245329883,0.0287452808578468,1.1785714285714286,-6188.270070191143,-1.0,0.0,-0.10520386112981808,-0.0771104642999899,1652.5013902056687,54285.93238434165,0.03634360570210024,1,0.2777777777777777,0.0,0.15662596027787046,0.06785767345279121,0.43324665548677094,0.0,0.0,0.23204075261612425,2025-06-07,julianna pena,kayla harrison,0.7256200827668979,0.2743799172331021,0.7256200827668979,0,0.0,0,440.0,-590.0,0.0,1.1785714285714286,6.0,0.13644174705674392,0.027560503448079,0.0126971455052221,0.0620954276839387,0.0256705297628697,0.0102348505570248,0.0049166645944902,370.0,-700.0,500.0,-560.0
783,0.0,0.04512996139628123,0.0,-0.0020719644228831824,0.0287452808578468,1.1540832049306626,-6188.270070191143,-1.0,0.0,-0.10520386112981808,-0.0771104642999899,1652.5013902056687,54285.93238434165,0.03634360570210024,1,0.2777777777777777,0.010471990207929731,0.15662596027787046,0.06785767345279121,0.43324665548677094,-0.005147335052986094,0.01816623038069769,0.23204075261612425,2025-06-07,bruno silva,joshua van,0.8646933178765671,0.1353066821234329,0.8646933178765671,0,0.0,0,240.0,-350.0,0.04512996139628123,1.1540832049306626,6.25,0.13644174705674392,0.0455058686325771,0.0263895562040242,0.0456423510790053,0.018528771915647,0.0182983268369292,0.0081903246984511,450.0,-750.0,525.0,-649.0
784,1122.001560003639,0.06866862982415023,0.2777777777777777,0.019024517037766142,0.0287452808578468,1.2777777777777777,-6188.270070191143,-1.0,0.019074619395597275,-0.10520386112981808,-0.0771104642999899,1652.5013902056687,54285.93238434165,0.03634360570210024,1,0.2777777777777777,0.019425653264208573,0.15662596027787046,0.06785767345279121,0.43324665548677094,0.03589267125811142,0.044373044402149314,0.23204075261612425,2025-06-07,kelvin gastelum,joe pyfer,0.7974974481165127,0.2025025518834873,0.7974974481165127,0,0.0,0,295.0,-385.0,0.08371655860100286,1.2777777777777777,4.4,0.13644174705674392,0.0302058907296384,0.0167730992220773,0.0526454284599316,0.0269146511001477,0.0062684585779847,0.0036129643469164,285.0,-455.0,340.0,-360.0
785,1593.2846936551123,0.06094503382014716,0.4444444444444444,0.146966513235118,0.0287452808578468,1.4444444444444444,-6188.270070191143,-1.0,0.027086681697843184,-0.10520386112981808,-0.0771104642999899,1652.5013902056687,54285.93238434165,0.03634360570210024,1,0.2777777777777777,0.07772496784822437,0.15662596027787046,0.06785767345279121,0.43324665548677094,0.22267396371856965,0.22107785208922381,0.23204075261612425,2025-06-07,merab dvalishvili,sean omalley,0.7940537399320048,0.7940537399320048,0.2059462600679952,1,1.0,1,-295.0,225.0,0.3349625743405874,3.2,1.4444444444444444,0.13644174705674392,0.0210227498202285,0.0335050009100539,0.0384251901257095,0.0585445068439872,0.0019838881455293,0.0028238041621629,-275.0,175.0,-225.0,220.0
786,1830.5304309778787,0.05601597227113231,0.5555555555555556,0.22359337323065115,0.0287452808578468,1.5555555555555556,-6188.270070191143,-1.0,0.031119984595073504,-0.10520386112981808,-0.0771104642999899,1652.5013902056687,54285.93238434165,0.03634360570210024,1,0.2777777777777777,0.0944804974982155,0.15662596027787046,0.06785767345279121,0.43324665548677094,0.3057445326452619,0.29776807567109886,0.23204075261612425,2025-06-07,vicente luque,kevin holland,0.78659573993399,0.2134042600660099,0.78659573993399,0,0.0,0,150.0,-200.0,0.40717200074988097,1.5555555555555556,2.75,0.13644174705674392,0.0379213858088197,0.0287452808578468,0.0535245144941712,0.0387831778135211,0.0036596750589859,0.0028338314345205,150.0,-225.0,175.0,-180.0
787,1099.5865387737515,0.0658302454071045,0.3076923076923077,0.03639981856851038,0.0232831546092132,1.3076923076923077,7692.561842667368,1.4554140127388533,0.020255460125262924,0.14170451726249114,0.25402298156183084,6097.312558467046,68075.80678547606,0.03177354163573131,1,2.0059253054321884,0.16484223456365585,0.03177354163573131,0.004809909388388716,0.1513809648144378,0.0644463277756019,0.09310425648203449,1.0,2025-06-14,michael chiesa,court mcgee,0.7925410377288609,0.7925410377288609,0.2074589622711391,1,1.0,1,-275.0,200.0,0.16484223456365585,3.7,1.3076923076923077,0.3101018819615949,0.0262663073127574,0.040400359353909,0.0232991311295601,0.0401929323625033,0.0131127952225691,0.0218633574006421,-350.0,250.0,-325.0,270.0
788,1221.6158492371242,0.056258398611823884,0.3999999999999999,0.010858338395074829,0.0232831546092132,1.4,7692.561842667368,1.4554140127388533,0.022503359444729545,0.14170451726249114,0.25402298156183084,6097.312558467046,68075.80678547606,0.03177354163573131,1,2.0059253054321884,0.05634781775621241,0.03177354163573131,0.004809909388388716,0.1513809648144378,0.017010886118533127,0.0359677719759916,1.0,2025-06-14,cody garbrandt,raoni barcelos,0.7220416702821963,0.2779583297178037,0.7220416702821963,0,0.0,0,130.0,-175.0,0.05634781775621241,1.4,3.25,0.3101018819615949,0.0392764126889053,0.0318698323703832,0.0417593540829637,0.027023714700105,0.0131363950923042,0.0088416268857176,200.0,-278.0,225.0,-250.0
789,0.0,0.0,0.0,-0.2341767362981726,0.0232831546092132,1.4081632653061225,7692.561842667368,1.4554140127388533,0.0,0.14170451726249114,0.25402298156183084,6097.312558467046,68075.80678547606,0.03177354163573131,1,2.0059253054321884,0.0,0.03177354163573131,0.004809909388388716,0.1513809648144378,0.0,0.0,1.0,2025-06-14,rose namajunas,miranda maverick,0.5438455061070948,0.5438455061070948,0.4561544938929052,1,1.0,1,-200.0,150.0,0.0,3.1,1.4081632653061225,0.3101018819615949,0.0287452808578468,0.0379213858088197,0.0262794313579834,0.0392185459103655,0.0132522178647124,0.0194733548328098,-258.0,190.0,-245.0,210.0
790,1579.8206040846712,0.045689891275190894,0.6369426751592355,0.08225596985973405,0.0232831546092132,1.6369426751592355,7692.561842667368,1.4554140127388533,0.029101841576554703,0.14170451726249114,0.25402298156183084,6097.312558467046,68075.80678547606,0.03177354163573131,1,2.0059253054321884,0.15295937446929456,0.03177354163573131,0.004809909388388716,0.1513809648144378,0.10264346870087407,0.12257790832046311,1.0,2025-06-14,edmen shahbazyan,andre petroski,0.6611446975407714,0.6611446975407714,0.3388553024592285,1,1.0,1,-200.0,150.0,0.15295937446929456,2.42,1.6369426751592355,0.3101018819615949,0.0287452808578468,0.0379213858088197,0.0381749230308436,0.0466192066063353,0.0109410459718248,0.0131770361582841,-175.0,123.0,-157.0,142.0
791,0.0,0.0,0.0,-0.01324737704879575,0.0232831546092132,1.1540832049306626,7692.561842667368,1.4554140127388533,0.0,0.14170451726249114,0.25402298156183084,6097.312558467046,68075.80678547606,0.03177354163573131,1,2.0059253054321884,0.0,0.03177354163573131,0.004809909388388716,0.1513809648144378,0.0,0.0,1.0,2025-06-14,alonzo menifield,oumar sy,0.8550099496599887,0.1449900503400113,0.8550099496599887,0,1.0,0,275.0,-400.0,0.0,1.1540832049306626,6.5,0.3101018819615949,0.0431680677672335,0.0234985988994331,0.0508064736168402,0.0199005970902305,0.0140193492767972,0.006315456104737,450.0,-800.0,550.0,-649.0
792,793.7086764668569,0.09064952148660031,0.16129032258064524,0.019294579755348262,0.0232831546092132,1.1612903225806452,7692.561842667368,1.4554140127388533,0.014620890562354896,0.14170451726249114,0.25402298156183084,6097.312558467046,68075.80678547606,0.03177354163573131,1,2.0059253054321884,0.18630227797747861,0.03177354163573131,0.004809909388388716,0.1513809648144378,0.04653864023607271,0.07723956142262367,1.0,2025-06-14,jamey lyn horth,vanessa demopoulos,0.877725888122661,0.877725888122661,0.122274111877339,1,1.0,1,-395.0,310.0,0.18630227797747861,5.7,1.1612903225806452,0.3101018819615949,0.0148515401766855,0.0270306968275025,0.0187807734661513,0.0447420262599213,0.01138081024879,0.0251688973535489,-699.0,430.0,-620.0,470.0
793,0.0,0.0,0.0,-0.11365387109291905,0.0232831546092132,1.0606060606060606,7692.561842667368,1.4554140127388533,0.0,0.14170451726249114,0.25402298156183084,6097.312558467046,68075.80678547606,0.03177354163573131,1,2.0059253054321884,0.0,0.03177354163573131,0.004809909388388716,0.1513809648144378,0.0,0.0,1.0,2025-06-14,malcolm wellmaker,kris moutinho,0.8356977786838192,0.8356977786838192,0.1643022213161807,1,1.0,1,-1350.0,800.0,0.0,11.0,1.0606060606060606,0.3101018819615949,0.010205843867648,0.0319397500020839,0.0117480058120583,0.0458961044636308,0.0077629731397265,0.0260032606265073,-2000.0,850.0,-1650.0,1000.0
794,0.0,0.0,0.0,-0.06858539947577172,0.0232831546092132,1.2564102564102564,7692.561842667368,1.4554140127388533,0.0,0.14170451726249114,0.25402298156183084,6097.312558467046,68075.80678547606,0.03177354163573131,1,2.0059253054321884,0.0,0.03177354163573131,0.004809909388388716,0.1513809648144378,0.0,0.0,1.0,2025-06-14,ricky simon,cameron smotherman,0.741329988172345,0.741329988172345,0.258670011827655,1,1.0,1,-500.0,350.0,0.0,4.6,1.2564102564102564,0.3101018819615949,0.0183207744122606,0.0372347811432948,0.0253574811559106,0.051878291201813,0.0047614445397781,0.0085482271549867,-500.0,310.0,-390.0,360.0
795,0.0,0.0,0.0,-0.057962775943317224,0.0232831546092132,1.6134969325153374,7692.561842667368,1.4554140127388533,0.0,0.14170451726249114,0.25402298156183084,6097.312558467046,68075.80678547606,0.03177354163573131,1,2.0059253054321884,0.0,0.03177354163573131,0.004809909388388716,0.1513809648144378,0.0,0.0,1.0,2025-06-14,phil rowe,ange loosa,0.5838481654799973,0.4161518345200027,0.5838481654799973,0,1.0,0,124.0,-148.0,0.0,1.6134969325153374,2.54,0.3101018819615949,0.0231793921004005,0.0200233728765578,0.0487942920054106,0.0389250062402033,0.0074365977835063,0.0060360527359392,128.0,-185.0,154.0,-163.0
796,1402.5808899046424,0.05167382518087525,0.5,0.05838830271604939,0.0232831546092132,1.5,7692.561842667368,1.4554140127388533,0.025836912590437626,0.14170451726249114,0.25402298156183084,6097.312558467046,68075.80678547606,0.03177354163573131,1,2.0059253054321884,0.1428901184410903,0.03177354163573131,0.004809909388388716,0.1513809648144378,0.08201387871925471,0.10172804433783947,1.0,2025-06-14,cody durden,jose ochoa,0.7055922018106996,0.2944077981893004,0.7055922018106996,0,0.0,0,-105.0,-125.0,0.1428901184410903,1.5,2.8,0.3101018819615949,0.0346209416083251,0.0331297358984499,0.0451039386561572,0.0320938951956691,0.0136538780473972,0.0101556457621264,163.0,-230.0,180.0,-200.0
797,0.0,0.0,0.0,-0.09507346101714415,0.0232831546092132,1.5050505050505052,7692.561842667368,1.4554140127388533,0.0,0.14170451726249114,0.25402298156183084,6097.312558467046,68075.80678547606,0.03177354163573131,1,2.0059253054321884,0.0,0.03177354163573131,0.004809909388388716,0.1513809648144378,0.0,0.0,1.0,2025-06-14,kamaru usman,joaquin buckley,0.6012599151631055,0.3987400848368945,0.6012599151631055,0,1.0,0,175.0,-225.0,0.0,1.5050505050505052,2.85,0.3101018819615949,0.0326609013348426,0.0232831546092132,0.0470848745538345,0.0331955415474772,0.0087722830975124,0.0065344400862858,164.0,-235.0,185.0,-198.0
798,0.0,0.0,0.0,-0.20808612933696913,0.0304849567433922,1.5714285714285714,-4715.266359371718,-1.0,0.0,-0.06926493540106994,-0.13852987080213988,-4715.266359371718,58645.27406673262,0.004469286670509344,1,-2.0,0.0,0.004469286670509344,0.00017866404726666731,0.03997596494438022,0.0,0.0,1.0,2025-06-21,ismail naurdiev,junyong park,0.5039451904219288,0.4960548095780712,0.5039451904219288,0,0.0,0,163.0,-225.0,0.0,1.5714285714285714,2.6,-0.06926493540106994,0.042226716265892,0.0303091129239294,0.0422999956327704,0.0330404853872238,0.0117264411987806,0.0092525797802403,138.0,-190.0,160.0,-175.0
799,-1594.8750316617768,0.023427926997437256,-1.0,0.017084386079175895,0.0304849567433922,1.8,-4715.266359371718,-1.0,-0.023427926997437256,-0.06926493540106994,-0.13852987080213988,-4715.266359371718,58645.27406673262,0.004469286670509344,1,-2.0,0.023429357011903313,0.004469286670509344,0.00017866404726666731,0.03997596494438022,0.019097653325769424,0.020959443233692504,1.0,2025-06-21,rafael fiziev,ignacio bahamondes,0.5650468811550977,0.4349531188449023,0.5650468811550977,0,1.0,0,-130.0,110.0,0.023429357011903313,1.8,2.24,-0.06926493540106994,0.0198146558599141,0.0215932116349099,0.0465107204637399,0.0412941575850406,0.001040291565848,0.0009438354182791,105.0,-150.0,124.0,-125.0
800,0.0,0.0,0.0,-0.14289710929825658,0.0304849567433922,1.4,-4715.266359371718,-1.0,0.0,-0.06926493540106994,-0.13852987080213988,-4715.266359371718,58645.27406673262,0.004469286670509344,1,-2.0,0.0,0.004469286670509344,0.00017866404726666731,0.03997596494438022,0.0,0.0,1.0,2025-06-21,daria zhelezniakova,melissa mullins,0.6122163505012453,0.3877836494987546,0.6122163505012453,0,1.0,0,175.0,-250.0,0.0,1.4,3.25,-0.06926493540106994,0.0462926168982899,0.0316294610237879,0.0486769919993199,0.031600329657312,0.0131363950923042,0.0088416268857176,190.0,-278.0,225.0,-250.0
801,0.0,0.042507977065380884,0.0,-0.0029108688537064498,0.0304849567433922,1.4,-4715.266359371718,-1.0,0.0,-0.06926493540106994,-0.13852987080213988,-4715.266359371718,58645.27406673262,0.004469286670509344,1,-2.0,0.042507977065380884,0.004469286670509344,0.00017866404726666731,0.03997596494438022,-0.004532582187746148,0.027299040888481566,1.0,2025-06-21,muhammad naimov,bogdan grad,0.7122065222473526,0.7122065222473526,0.2877934777526474,1,1.0,1,-220.0,180.0,0.042507977065380884,3.1,1.4,-0.06926493540106994,0.0186488351072455,0.0259940220356115,0.0248568245253791,0.0384617633833727,0.0148558191630255,0.0220105402839789,-278.0,205.0,-250.0,210.0
802,0.0,0.0,0.0,-0.02957117308249882,0.0304849567433922,1.2531645569620251,-4715.266359371718,-1.0,0.0,-0.06926493540106994,-0.13852987080213988,-4715.266359371718,58645.27406673262,0.004469286670509344,1,-2.0,0.0,0.004469286670509344,0.00017866404726666731,0.03997596494438022,0.0,0.0,1.0,2025-06-21,tagir ulanbekov,azat maksum,0.7743825992574,0.7743825992574,0.2256174007425999,1,1.0,1,-280.0,230.0,0.0,5.0,1.2531645569620251,-0.06926493540106994,0.0155809523110568,0.0242914559824041,0.0285931975881342,0.0614630875901021,-0.0007234568631249,-0.0012967451570771,-550.0,310.0,-395.0,400.0
803,-3120.3913277099414,0.04583700840363269,-1.0,0.032028344932402364,0.0304849567433922,1.6134969325153374,-4715.266359371718,-1.0,-0.04583700840363269,-0.06926493540106994,-0.13852987080213988,-4715.266359371718,58645.27406673262,0.004469286670509344,1,-2.0,0.07382222998969015,0.004469286670509344,0.00017866404726666731,0.03997596494438022,0.040705763160974066,0.05808523565664935,1.0,2025-06-21,hamdy abdelwahab,mohammed usman,0.6396221301292075,0.6396221301292075,0.3603778698707924,1,0.0,1,-150.0,110.0,0.07382222998969015,2.5,1.6134969325153374,-0.06926493540106994,0.0356521067558167,0.0405383694346594,0.03633966705048,0.0451139670347328,0.0088741300258541,0.0108977330920164,-180.0,128.0,-163.0,150.0
804,0.0,0.0,0.0,-0.21275190852395146,0.0304849567433922,1.4081632653061225,-4715.266359371718,-1.0,0.0,-0.06926493540106994,-0.13852987080213988,-4715.266359371718,58645.27406673262,0.004469286670509344,1,-2.0,0.0,0.004469286670509344,0.00017866404726666731,0.03997596494438022,0.0,0.0,1.0,2025-06-21,irina alekseeva,klaudia sygula,0.5590602388742953,0.5590602388742953,0.4409397611257046,1,0.0,1,-188.0,140.0,0.0,3.25,1.4081632653061225,-0.06926493540106994,0.0304849567433922,0.0389594877010522,0.027023714700105,0.0417593540829637,0.0072111180858498,0.0106261171426896,-278.0,200.0,-245.0,225.0
805,0.0,0.005262201209789346,0.0,-0.013009476359821887,0.0187287731158957,1.25,12553.884797199702,2.3076687116564414,0.0,0.2140647306535664,0.31465023414343857,5898.8644193038435,77098.02328323617,0.03634360570210024,1,2.1396874087058135,0.0020120307800321007,0.09505190864458227,0.040237969356363465,0.42332626382938954,-0.025483448831461943,0.0026863900052202347,0.38235534899142437,2025-06-28,ilia topuria,charles oliveira,0.7895924189121425,0.7895924189121425,0.2104075810878575,1,1.0,1,-295.0,220.0,0.005262201209789346,4.3,1.25,0.14483253234028062,0.0228866584861963,0.0364487845517783,0.021698457612498,0.0409899088733367,0.011520645283363,0.0210374942515207,-425.0,295.0,-400.0,330.0
806,0.0,0.0,0.0,-0.04069744660370345,0.0187287731158957,1.4081632653061225,12553.884797199702,2.3076687116564414,0.0,0.2140647306535664,0.31465023414343857,5898.8644193038435,77098.02328323617,0.03634360570210024,1,2.1396874087058135,0.0,0.09505190864458227,0.040237969356363465,0.42332626382938954,0.0,0.0,0.38235534899142437,2025-06-28,alexandre pantoja,kai kara france,0.6812438422669352,0.6812438422669352,0.3187561577330647,1,1.0,1,-215.0,164.0,0.0,3.25,1.4081632653061225,0.14483253234028062,0.0258805609682243,0.035447000359337,0.0285181268606408,0.0437982573201501,0.0072111180858498,0.0106261171426896,-275.0,195.0,-245.0,225.0
807,2663.511526515288,0.043254596123359954,1.0499999999999998,0.3759266916441769,0.0187287731158957,2.05,12553.884797199702,2.3076687116564414,0.04541732592952794,0.2140647306535664,0.31465023414343857,5898.8644193038435,77098.02328323617,0.03634360570210024,1,2.1396874087058135,0.0951769763256196,0.09505190864458227,0.040237969356363465,0.42332626382938954,0.384209655628742,0.2435564420660954,0.38235534899142437,2025-06-28,brandon royval,joshua van,0.6711837520215498,0.3288162479784502,0.6711837520215498,0,0.0,0,105.0,-125.0,0.24892283206362117,2.05,2.8,0.14483253234028062,0.0223911054816955,0.0209693281226405,0.1511321360020587,0.1187091338392111,-0.0806500382022228,-0.0744022266061394,-125.0,-250.0,180.0,105.0
808,0.0,0.005889982615809358,0.0,-0.011149811315109726,0.0187287731158957,1.8,12553.884797199702,2.3076687116564414,0.0,0.2140647306535664,0.31465023414343857,5898.8644193038435,77098.02328323617,0.03634360570210024,1,2.1396874087058135,0.0022520663586212096,0.09505190864458227,0.040237969356363465,0.42332626382938954,-0.012442045495128564,0.00527824744261411,0.38235534899142437,2025-06-28,hyder amil,jose delgado,0.5493612159360501,0.4506387840639498,0.5493612159360501,0,0.0,0,105.0,-132.0,0.005889982615809358,1.8,2.16,0.14483253234028062,0.0295309116986126,0.0272394835915472,0.0415743006321754,0.0382576321409336,0.0096541981546985,0.0088643203638199,100.0,-138.0,116.0,-125.0
809,0.0,0.0,0.0,-0.11332703653692588,0.0187287731158957,1.6666666666666663,12553.884797199702,2.3076687116564414,0.0,0.2140647306535664,0.31465023414343857,5898.8644193038435,77098.02328323617,0.03634360570210024,1,2.1396874087058135,0.0,0.09505190864458227,0.040237969356363465,0.42332626382938954,0.0,0.0,0.38235534899142437,2025-06-28,payton talbott,felipe lima,0.5320037780778446,0.4679962219221554,0.5320037780778446,0,1.0,0,125.0,-162.0,0.0,1.6666666666666663,2.46,0.14483253234028062,0.03414572103594,0.0286193340955273,0.044482386329139,0.0363256944789416,0.0035363819198038,0.0029676831208466,125.0,-175.0,146.0,-150.0
810,0.0,0.0,0.0,-0.09022538362147783,0.0187287731158957,1.0454545454545454,12553.884797199702,2.3076687116564414,0.0,0.2140647306535664,0.31465023414343857,5898.8644193038435,77098.02328323617,0.03634360570210024,1,2.1396874087058135,0.0,0.09505190864458227,0.040237969356363465,0.42332626382938954,0.0,0.0,0.38235534899142437,2025-06-28,niko price,jacobe smith,0.8702191982751082,0.1297808017248917,0.8702191982751082,0,0.0,0,950.0,-1667.0,0.0,1.0454545454545454,13.0,0.14483253234028062,0.0298842127241991,0.0087607868715643,0.0517511611515738,0.0100288881029875,0.02647661171449,0.0069682043390215,1000.0,-3333.0,1200.0,-2200.0
811,0.0,0.0,0.0,-0.11614418967144002,0.0187287731158957,1.5208333333333337,12553.884797199702,2.3076687116564414,0.0,0.2140647306535664,0.31465023414343857,5898.8644193038435,77098.02328323617,0.03634360570210024,1,2.1396874087058135,0.0,0.09505190864458227,0.040237969356363465,0.42332626382938954,0.0,0.0,0.38235534899142437,2025-06-28,jack hermansson,gregory rodrigues,0.5811654643256283,0.4188345356743716,0.5811654643256283,0,0.0,0,164.0,-198.0,0.0,1.5208333333333337,2.95,0.14483253234028062,0.0246517396386398,0.0185656693505812,0.0504484899489768,0.0356594319798406,-0.0019896580609198,-0.00149304451628,160.0,-235.0,195.0,-192.0
812,1781.2237580458839,0.04950773564995211,0.6134969325153374,0.17755909096450723,0.0187287731158957,1.6134969325153374,12553.884797199702,2.3076687116564414,0.030372843957025837,0.2140647306535664,0.31465023414343857,5898.8644193038435,77098.02328323617,0.03634360570210024,1,2.1396874087058135,0.11685821662833897,0.09505190864458227,0.040237969356363465,0.42332626382938954,0.22774592750920133,0.23827823651840663,0.38235534899142437,2025-06-28,terrance mckinney,viacheslav borshchev,0.7298179917384588,0.7298179917384588,0.2701820082615411,1,1.0,1,-205.0,160.0,0.30562725730550694,2.5,1.6134969325153374,0.14483253234028062,0.0242347923874137,0.0325117397689544,0.0345905247924249,0.04304922676037,0.0088741300258541,0.0108977330920164,-180.0,130.0,-163.0,150.0
813,1454.129134742671,0.05207020056696856,0.4761904761904765,0.033541333484031655,0.0187287731158957,1.4761904761904765,12553.884797199702,2.3076687116564414,0.024795333603318377,0.2140647306535664,0.31465023414343857,5898.8644193038435,77098.02328323617,0.03634360570210024,1,2.1396874087058135,0.03960591235137991,0.09505190864458227,0.040237969356363465,0.42332626382938954,0.04814434922504442,0.07216520602526291,0.38235534899142437,2025-06-28,viviane araujo,tracy cortez,0.7001409033278923,0.2998590966721077,0.7001409033278923,0,0.0,0,154.0,-185.0,0.1035840415358442,1.4761904761904765,2.85,0.14483253234028062,0.0240948213032229,0.0187287731158957,0.0447437640681861,0.0321793128548906,0.0163683147761138,0.0119282330450517,160.0,-225.0,185.0,-210.0
814,-4613.860364580035,0.059844081185194936,-1.0,0.09512208840078923,0.0262663073127574,1.4081632653061225,15356.955295582156,2.414529914529915,-0.05984408118519494,0.1991874063899807,0.2172048070186372,1389.1059731715532,93844.08455198987,0.03634360570210024,1,0.5356125356125359,0.058397011430595704,0.16590780136545327,0.06904967485572988,0.416193055946964,0.14755051179255066,0.17185812696686503,0.219059052093906,2025-07-12,derrick lewis,tallison teixeira,0.7776953961107054,0.2223046038892946,0.7776953961107054,0,1.0,0,175.0,-250.0,0.26658113815612666,1.4081632653061225,3.1,0.18917946201152158,0.0462926168982899,0.0316294610237879,0.0501960845108052,0.0327875984728777,0.0194733548328098,0.0132522178647124,186.0,-275.0,210.0,-245.0
815,0.0,0.0,0.0,-0.05300753877067449,0.0262663073127574,1.4444444444444444,15356.955295582156,2.414529914529915,0.0,0.1991874063899807,0.2172048070186372,1389.1059731715532,93844.08455198987,0.03634360570210024,1,0.5356125356125359,0.0,0.16590780136545327,0.06904967485572988,0.416193055946964,0.0,0.0,0.219059052093906,2025-07-12,kennedy nzechukwu,valter walker,0.6556101654664561,0.6556101654664561,0.3443898345335439,1,0.0,1,-220.0,180.0,0.0,3.0,1.4444444444444444,0.18917946201152158,0.0186488351072455,0.0259940220356115,0.0300964866612525,0.043684804511343,0.0106100521200964,0.0150309735209291,-245.0,175.0,-225.0,200.0
816,2663.044652170835,0.046630382042652595,0.7407407407407407,0.3012288079402595,0.0262663073127574,1.7407407407407407,15356.955295582156,2.414529914529915,0.034541023735298215,0.1991874063899807,0.2172048070186372,1389.1059731715532,93844.08455198987,0.03634360570210024,1,0.5356125356125359,0.09313266701370852,0.16590780136545327,0.06904967485572988,0.416193055946964,0.35627179673568515,0.359464407473047,0.219059052093906,2025-07-12,calvin kattar,steve garcia,0.7475144215827023,0.2524855784172976,0.7475144215827023,0,0.0,0,110.0,-150.0,0.4251486807940012,1.7407407407407407,2.2,0.18917946201152158,0.0405383694346594,0.0356521067558167,0.0382112465106747,0.0334868666968724,0.0153265296136339,0.0136870100382037,112.0,-150.0,120.0,-135.0
817,1811.5801305680839,0.05639304521973087,0.41666666666666674,0.04455907616957727,0.0262663073127574,1.4166666666666667,15356.955295582156,2.414529914529915,0.023497102174887867,0.1991874063899807,0.2172048070186372,1389.1059731715532,93844.08455198987,0.03634360570210024,1,0.5356125356125359,0.030839283984167177,0.16590780136545327,0.06904967485572988,0.416193055946964,0.06828943653130436,0.091859849805514,0.219059052093906,2025-07-12,nate landwehr,morgan charriere,0.7373358184726427,0.2626641815273572,0.7373358184726427,0,0.0,0,190.0,-230.0,0.1407806876245727,1.4166666666666667,3.1,0.18917946201152158,0.0245558468550464,0.017241436321547,0.0473066042538332,0.0308543152863964,0.016879670166691,0.0115833279357756,190.0,-275.0,210.0,-240.0
818,0.0,0.0,0.0,-0.05655641249952051,0.0262663073127574,1.1540832049306626,15356.955295582156,2.414529914529915,0.0,0.1991874063899807,0.2172048070186372,1389.1059731715532,93844.08455198987,0.03634360570210024,1,0.5356125356125359,0.0,0.16590780136545327,0.06904967485572988,0.416193055946964,0.0,0.0,0.219059052093906,2025-07-12,vitor petrino,austen lane,0.8174831619329922,0.8174831619329922,0.1825168380670078,1,1.0,1,-400.0,275.0,0.0,5.6,1.1540832049306626,0.18917946201152158,0.0234985988994331,0.0431680677672335,0.018727478533753,0.0437100839038092,0.013773168478388,0.0312869116284208,-670.0,420.0,-649.0,460.0
819,1205.0279129611522,0.06251926374476414,0.25,0.002794694891294275,0.0262663073127574,1.25,15356.955295582156,2.414529914529915,0.015629815936191036,0.1991874063899807,0.2172048070186372,1389.1059731715532,93844.08455198987,0.03634360570210024,1,0.5356125356125359,0.013696246606088579,0.16590780136545327,0.06904967485572988,0.416193055946964,0.005478526015237489,0.031894150244204784,0.219059052093906,2025-07-12,stephen thompson,gabriel bonfim,0.8022357559130354,0.1977642440869645,0.8022357559130354,0,0.0,0,310.0,-400.0,0.06252307985071207,1.25,4.33,0.18917946201152158,0.0283951552837894,0.0155072837406008,0.0471061398406671,0.0242402353031762,0.0199931618252625,0.0109537203918276,295.0,-450.0,333.0,-400.0
820,1201.3088898866463,0.09348947005865865,0.16666666666666674,0.035501538264938626,0.0262663073127574,1.1666666666666667,15356.955295582156,2.414529914529915,0.01558157834310978,0.1991874063899807,0.2172048070186372,1389.1059731715532,93844.08455198987,0.03634360570210024,1,0.5356125356125359,0.059230299295787735,0.16590780136545327,0.06904967485572988,0.416193055946964,0.0845696872501308,0.11350504620812021,0.219059052093906,2025-07-12,lauren murphy,eduarda moura,0.8875727470842331,0.1124272529157669,0.8875727470842331,0,0.0,0,240.0,-350.0,0.2703850798660306,1.1666666666666667,5.6,0.18917946201152158,0.0455058686325771,0.0263895562040242,0.0437100839038092,0.018727478533753,0.0244802089248735,0.011234076789412,420.0,-670.0,460.0,-600.0
821,2658.764858275903,0.035864933170188976,0.9615384615384617,0.13313965705440312,0.0262663073127574,1.9615384615384617,15356.955295582156,2.414529914529915,0.03448551266364325,0.1991874063899807,0.2172048070186372,1389.1059731715532,93844.08455198987,0.03634360570210024,1,0.5356125356125359,0.038655111985590546,0.16590780136545327,0.06904967485572988,0.416193055946964,0.13556451466072275,0.17330342352754163,0.219059052093906,2025-07-12,jake matthews,chidi njokuani,0.5776790408512643,0.5776790408512643,0.4223209591487357,1,1.0,1,105.0,-138.0,0.17645977929741025,1.869565217391304,1.9615384615384617,0.18917946201152158,0.0354005882336351,0.0322362225882545,0.0349203653219798,0.0338599534583387,0.0226154983832237,0.0220721441156362,-108.0,-122.0,-104.0,-115.0
822,0.0,0.0,0.0,-0.04700230840433425,0.0262663073127574,1.0909090909090908,15356.955295582156,2.414529914529915,0.0,0.1991874063899807,0.2172048070186372,1389.1059731715532,93844.08455198987,0.03634360570210024,1,0.5356125356125359,0.0,0.16590780136545327,0.06904967485572988,0.416193055946964,0.0,0.0,0.219059052093906,2025-07-12,fatima kline,melissa martinez,0.873581217296027,0.873581217296027,0.126418782703973,1,1.0,1,-800.0,450.0,0.0,8.5,1.0909090909090908,0.18917946201152158,0.0199005970902305,0.0508064736168402,0.016175158964133,0.0500536314025883,0.0089897184225991,0.025324007067597,-1205.0,600.0,-1100.0,750.0
823,0.0,0.0,0.0,-0.2229491060005598,0.0262663073127574,1.1111111111111112,15356.955295582156,2.414529914529915,0.0,0.1991874063899807,0.2172048070186372,1389.1059731715532,93844.08455198987,0.03634360570210024,1,0.5356125356125359,0.0,0.16590780136545327,0.06904967485572988,0.416193055946964,0.0,0.0,0.219059052093906,2025-07-12,mitch ramirez,mike davis,0.6993458045994961,0.3006541954005038,0.6993458045994961,0,0.0,0,600.0,-900.0,0.0,1.1111111111111112,7.5,0.18917946201152158,0.031010663013397,0.0118464798437456,0.0520598246415479,0.0183214070300062,0.024029602697809,0.0093037306355241,520.0,-1000.0,650.0,-900.0
824,-3536.7601061110317,0.0458735510392787,-1.0,0.03439237830097086,0.0262663073127574,1.6134969325153374,15356.955295582156,2.414529914529915,-0.0458735510392787,0.1991874063899807,0.2172048070186372,1389.1059731715532,93844.08455198987,0.03634360570210024,1,0.5356125356125359,0.016996292772433336,0.16590780136545327,0.06904967485572988,0.416193055946964,0.04371136336174191,0.06104651219772162,0.219059052093906,2025-07-12,junior tafa,tuco tokkos,0.641087291494518,0.641087291494518,0.3589127085054819,1,0.0,1,-163.0,120.0,0.0775877217123508,2.5,1.6134969325153374,0.18917946201152158,0.0339796305551364,0.0403376871081888,0.0345905247924249,0.04304922676037,0.0088741300258541,0.0108977330920164,-180.0,130.0,-163.0,150.0
825,0.0,0.0,0.0,-0.11588052316285932,0.0262663073127574,1.3278688524590163,15356.955295582156,2.414529914529915,0.0,0.1991874063899807,0.2172048070186372,1389.1059731715532,93844.08455198987,0.03634360570210024,1,0.5356125356125359,0.0,0.16590780136545327,0.06904967485572988,0.416193055946964,0.0,0.0,0.219059052093906,2025-07-12,max griffin,chris curtis,0.6658183714452541,0.3341816285547458,0.6658183714452541,0,0.0,0,200.0,-275.0,0.0,1.3278688524590163,3.5,0.18917946201152158,0.040400359353909,0.0262663073127574,0.0452247318867654,0.0268586889264477,0.0239948278272387,0.0148058776401334,230.0,-333.0,250.0,-305.0
826,3241.7198022388097,0.03799804536946789,0.9090909090909087,0.17379147062388034,0.0262663073127574,1.9090909090909087,5810.62983420164,1.6295025728987986,0.03454367760860716,0.06191791269467321,0.09646159030328037,3241.7198022388097,102896.43418843031,0.03634360570210024,1,0.9090909090909087,0.1778447928275976,0.04387024467580061,0.008009305419061322,0.1825680590169892,0.1825680590169892,0.20435574820192604,0.8284340780562784,2025-07-19,max holloway,dustin poirier,0.6148431512791755,0.6148431512791755,0.3851568487208244,1,1.0,1,-130.0,110.0,0.21467585356322821,1.9803921568627447,1.9090909090909087,0.03799804536946789,0.0198146558599141,0.0215932116349099,0.0361951414397327,0.0371639319193405,0.0142526745370105,0.0145073443220182,-122.0,-110.0,-110.0,-102.0
827,0.0,0.0,0.0,-0.1281271705995986,0.0262663073127574,1.3773584905660377,5810.62983420164,1.6295025728987986,0.0,0.06191791269467321,0.09646159030328037,3241.7198022388097,102896.43418843031,0.03634360570210024,1,0.9090909090909087,0.0,0.04387024467580061,0.008009305419061322,0.1825680590169892,0.0,0.0,0.8284340780562784,2025-07-19,marvin vettori,brendan allen,0.6330035610715243,0.3669964389284756,0.6330035610715243,0,0.0,0,200.0,-275.0,0.0,1.3773584905660377,3.0,0.03799804536946789,0.040400359353909,0.0262663073127574,0.040400359353909,0.0262663073127574,0.0357494745355933,0.0236112560580139,200.0,-275.0,200.0,-265.0
828,-5490.254820221373,0.05335709505897239,-1.0,0.15067050601141657,0.0227647086791665,1.526315789473684,-10029.402730106362,-1.0,-0.05335709505897239,-0.09747084832638514,-0.26250185914767366,-16981.10254402284,75885.92891430111,0.03634360570210024,1,-2.063722107200368,0.11744704580034031,0.097625103082762,0.03222143648023582,0.33005277805361183,0.20717409659674046,0.22943960360542712,0.3722772581483456,2025-07-26,nikita krylov,bogdan guskov,0.7538875729040316,0.7538875729040316,0.2461124270959683,1,0.0,1,-205.0,160.0,0.3154827302223759,2.64,1.526315789473684,-0.10291530005017303,0.0242347923874137,0.0325117397689544,0.0242347923874137,0.0325117397689544,0.0147140031176822,0.0192462894633001,-205.0,160.0,-190.0,164.0
829,1944.902852368674,0.06615545074015558,0.2857142857142856,0.007718244988034362,0.0227647086791665,1.2857142857142856,-10029.402730106362,-1.0,0.01890155735433016,-0.09747084832638514,-0.26250185914767366,-16981.10254402284,75885.92891430111,0.03634360570210024,1,-2.063722107200368,0.025964090741782662,0.097625103082762,0.03222143648023582,0.33005277805361183,0.014209169404020375,0.037884056809882015,0.3722772581483456,2025-07-26,petr yan,marcus mcghee,0.7837808572129157,0.7837808572129157,0.2162191427870843,1,1.0,1,-400.0,285.0,0.06974396145207573,4.0,1.2857142857142856,-0.10291530005017303,0.0210665492473015,0.0386737104929581,0.0222663835266408,0.0408915112102011,0.0102074894135011,0.0175702883642767,-400.0,280.0,-350.0,300.0
830,3491.4715059958085,0.03664645190298986,0.925925925925926,0.023437940883325625,0.0227647086791665,1.925925925925926,-10029.402730106362,-1.0,0.0339318999101758,-0.09747084832638514,-0.26250185914767366,-16981.10254402284,75885.92891430111,0.03634360570210024,1,-2.063722107200368,0.020870310379918183,0.097625103082762,0.03222143648023582,0.33005277805361183,0.024313143282928985,0.05404316139323159,0.3722772581483456,2025-07-26,asu almabayev,jose ochoa,0.5314004693048037,0.5314004693048037,0.4685995306951963,1,1.0,1,-127.0,100.0,0.05606120149193145,1.9523809523809523,1.925925925925926,-0.10291530005017303,0.0288521678768416,0.0306191977619249,0.0342505339758,0.0350135352882691,0.0156607617640093,0.0157651294179794,-120.0,-110.0,-108.0,-105.0
831,0.0,0.0,0.0,-0.09346791432985951,0.0227647086791665,1.6666666666666663,-10029.402730106362,-1.0,0.0,-0.09747084832638514,-0.26250185914767366,-16981.10254402284,75885.92891430111,0.03634360570210024,1,-2.063722107200368,0.0,0.097625103082762,0.03222143648023582,0.33005277805361183,0.0,0.0,0.3722772581483456,2025-07-26,robert whittaker,reinier de ridder,0.5439192514020844,0.5439192514020844,0.4560807485979156,1,0.0,1,-196.0,152.0,0.0,2.3600000000000003,1.6666666666666663,-0.10291530005017303,0.0255185535659392,0.0334690054216196,0.0333527731951945,0.0395132920372828,0.0108860271118729,0.012842786447449,-162.0,120.0,-150.0,136.0
832,3289.237615858688,0.04411375326741275,0.7246376811594204,0.16037028736988113,0.0227647086791665,1.7246376811594204,-10029.402730106362,-1.0,0.03196648787493678,-0.09747084832638514,-0.26250185914767366,-16981.10254402284,75885.92891430111,0.03634360570210024,1,-2.063722107200368,0.08702037901028535,0.097625103082762,0.03222143648023582,0.33005277805361183,0.18900599399894813,0.19833656801010263,0.3722772581483456,2025-07-26,bryce mitchell,said nurmagomedov,0.6728197464581663,0.6728197464581663,0.3271802535418336,1,1.0,1,-143.0,112.0,0.2337515308969245,2.3,1.7246376811594204,-0.10291530005017303,0.0283253158583008,0.0318501636043904,0.0391052434963937,0.0449283699489844,0.0068216974963082,0.0077928439724531,-155.0,110.0,-138.0,130.0
833,-5104.830258909729,0.04961134269785723,-1.0,0.12120706960319616,0.0227647086791665,1.5714285714285714,-10029.402730106362,-1.0,-0.04961134269785723,-0.09747084832638514,-0.26250185914767366,-16981.10254402284,75885.92891430111,0.03634360570210024,1,-2.063722107200368,0.08879077382065272,0.097625103082762,0.03222143648023582,0.33005277805361183,0.15975128129815644,0.1809609783910808,0.3722772581483456,2025-07-26,amanda ribas,tabatha ricci,0.7134954079293067,0.7134954079293067,0.2865045920706933,1,0.0,1,-186.0,148.0,0.23850711231270333,2.55,1.5714285714285714,-0.10291530005017303,0.0234706207943237,0.0301048360069394,0.0338481259622635,0.0438354898569455,0.012604303483754,0.0159161956249804,-195.0,140.0,-175.0,155.0
834,-6894.5864242568805,0.06700510546003069,-1.0,0.04589552275808095,0.0227647086791665,1.3125,-10029.402730106362,-1.0,-0.06700510546003069,-0.09747084832638514,-0.26250185914767366,-16981.10254402284,75885.92891430111,0.03634360570210024,1,-2.063722107200368,0.05757012399317851,0.097625103082762,0.03222143648023582,0.33005277805361183,0.08197818487914943,0.08657702951462398,0.3722772581483456,2025-07-26,davey grant,damon blackshear,0.7968727792442521,0.2031272207557478,0.7968727792442521,0,1.0,0,275.0,-375.0,0.1546431395770028,1.3125,4.1,-0.10291530005017303,0.0359542671329921,0.0201860837442008,0.0526416870213007,0.0289909660399236,0.0036166730177031,0.0021905279114489,250.0,-390.0,310.0,-320.0
835,0.0,0.0,0.0,-0.10193476494844733,0.0227647086791665,1.3125,-10029.402730106362,-1.0,0.0,-0.09747084832638514,-0.26250185914767366,-16981.10254402284,75885.92891430111,0.03634360570210024,1,-2.063722107200368,0.0,0.097625103082762,0.03222143648023582,0.33005277805361183,0.0,0.0,0.3722772581483456,2025-07-26,mohammad yahya,steven nguyen,0.6842401790868973,0.3157598209131027,0.6842401790868973,0,0.0,0,295.0,-420.0,0.0,1.3125,4.0,-0.10291530005017303,0.0397123677409444,0.0211444969133886,0.0555138125575491,0.0302004731567365,0.0074169490611285,0.0044878128436333,250.0,-400.0,300.0,-320.0
836,-8217.043014858029,0.07985741274387091,-1.0,0.01814900266985031,0.0227647086791665,1.2040816326530612,-10029.402730106362,-1.0,-0.07985741274387091,-0.09747084832638514,-0.26250185914767366,-16981.10254402284,75885.92891430111,0.03634360570210024,1,-2.063722107200368,0.05235747096967023,0.097625103082762,0.03222143648023582,0.33005277805361183,0.039272333238182605,0.06499474052078855,0.3722772581483456,2025-07-26,muslim salikhov,carlos leal,0.8455813750986892,0.1544186249013107,0.8455813750986892,0,1.0,0,350.0,-500.0,0.14064106744013555,1.2040816326530612,5.0,-0.10291530005017303,0.0372347811432948,0.0183207744122606,0.0465639027982264,0.0218121655778418,0.0203095132306039,0.0101989613456673,350.0,-550.0,400.0,-490.0
837,0.0,0.0,0.0,-0.060961592533759906,0.0227647086791665,1.359712230215827,-10029.402730106362,-1.0,0.0,-0.09747084832638514,-0.26250185914767366,-16981.10254402284,75885.92891430111,0.03634360570210024,1,-2.063722107200368,0.0,0.097625103082762,0.03222143648023582,0.33005277805361183,0.0,0.0,0.3722772581483456,2025-07-26,ibo aslan,billy elekana,0.6906155483481873,0.6906155483481873,0.3093844516518127,1,0.0,1,-278.0,210.0,0.0,3.35,1.359712230215827,-0.10291530005017303,0.0227647086791665,0.0352656719318592,0.0279000291438885,0.0446806160174017,0.0132899980866393,0.0206672000496631,-300.0,210.0,-278.0,235.0
838,1707.7733866895355,0.05626120056519783,0.3999999999999999,0.021099108822029755,0.0242347923874137,1.4,-4900.687245846903,-1.0,0.022504480226079124,-0.0645796568080666,0.05032440626232164,8719.601562123853,79704.84323057806,0.03634360570210024,1,2.377694316041773,0.029864541789201494,0.12116687705831261,0.05234392368780372,0.4319986200734773,0.03285099294763834,0.06394805934658176,0.299946706430418,2025-08-02,piera rodriguez,ketlen souza,0.7293565063014499,0.7293565063014499,0.2706434936985501,1,1.0,1,-200.0,154.0,0.0995661600842732,3.1,1.4,0.2985168366277109,0.0259818775864164,0.034385576481825,0.0285181268606408,0.0437982573201501,0.0148558191630255,0.0220105402839789,-275.0,195.0,-250.0,210.0
839,1671.3258649835188,0.07047739738400112,0.3125,0.08599778545440401,0.0242347923874137,1.3125,-4900.687245846903,-1.0,0.02202418668250035,-0.0645796568080666,0.05032440626232164,8719.601562123853,79704.84323057806,0.03634360570210024,1,2.377694316041773,0.0919429162324343,0.12116687705831261,0.05234392368780372,0.4319986200734773,0.15247384026317767,0.1728884998881402,0.299946706430418,2025-08-02,tatsuro taira,hyunsung park,0.8274268841557364,0.8274268841557364,0.1725731158442636,1,1.0,1,-375.0,265.0,0.3065308411838265,3.75,1.3125,0.2985168366277109,0.0228071890758546,0.0406390978743977,0.0248633089308972,0.0434596724355623,0.0107595431885676,0.0178118853828609,-360.0,250.0,-320.0,275.0
840,0.0,0.0,0.0,-0.07808364563582948,0.0242347923874137,1.4444444444444444,-4900.687245846903,-1.0,0.0,-0.0645796568080666,0.05032440626232164,8719.601562123853,79704.84323057806,0.03634360570210024,1,2.377694316041773,0.0,0.12116687705831261,0.05234392368780372,0.4319986200734773,0.0,0.0,0.299946706430418,2025-08-02,mateusz rebecki,chris duncan,0.6382497837905796,0.6382497837905796,0.3617502162094204,1,0.0,1,-240.0,180.0,0.0,3.05,1.4444444444444444,0.2985168366277109,0.0258005171254122,0.0372246929586213,0.0358698935850557,0.0537938673115818,0.0083420222779808,0.0118345224887278,-265.0,175.0,-225.0,205.0
841,0.0,0.0,0.0,-0.09140844356965067,0.0242347923874137,1.4,-4900.687245846903,-1.0,0.0,-0.0645796568080666,0.05032440626232164,8719.601562123853,79704.84323057806,0.03634360570210024,1,2.377694316041773,0.0,0.12116687705831261,0.05234392368780372,0.4319986200734773,0.0,0.0,0.299946706430418,2025-08-02,elves brener,esteban ribovics,0.648993968878821,0.351006031121179,0.648993968878821,0,0.0,0,215.0,-295.0,0.0,1.4,3.3,0.2985168366277109,0.0394827004794245,0.0248130600188676,0.0495815640458714,0.0320881274241828,0.0103527252811037,0.0069632920349136,190.0,-280.0,230.0,-250.0
842,3258.8818912488277,0.03067462983937681,1.4,0.39662695855528984,0.0242347923874137,2.4,-4900.687245846903,-1.0,0.04294448177512754,-0.0645796568080666,0.05032440626232164,8719.601562123853,79704.84323057806,0.03634360570210024,1,2.377694316041773,0.08599267351406124,0.12116687705831261,0.05234392368780372,0.4319986200734773,0.3413864954734028,0.3330835971441083,0.299946706430418,2025-08-02,neil magny,elizeu zaleski dos santos,0.5819278993980375,0.5819278993980375,0.4180721006019625,1,1.0,1,165.0,-220.0,0.28669317472239,1.6993006993006992,2.4,0.2985168366277109,0.0376383386030122,0.0272201519630255,0.0554899659112729,0.0459899495221307,0.002770830802842,0.0023732021189688,115.0,-175.0,140.0,-143.0
843,0.0,0.0,0.0,-0.035173346973366354,0.0242347923874137,1.2666666666666666,-4900.687245846903,-1.0,0.0,-0.0645796568080666,0.05032440626232164,8719.601562123853,79704.84323057806,0.03634360570210024,1,2.377694316041773,0.0,0.12116687705831261,0.05234392368780372,0.4319986200734773,0.0,0.0,0.299946706430418,2025-08-02,danny silva,kevin vallejos,0.7617052523894476,0.2382947476105523,0.7617052523894476,0,0.0,0,320.0,-435.0,0.0,1.2666666666666666,4.4,0.2985168366277109,0.0335608122449174,0.0176185379998535,0.0461758524205337,0.0236439673992862,0.0106970771965188,0.0060493342867347,300.0,-455.0,340.0,-375.0
844,0.0,0.0,0.0,-0.06780449916067749,0.0242347923874137,1.2857142857142856,-4900.687245846903,-1.0,0.0,-0.0645796568080666,0.05032440626232164,8719.601562123853,79704.84323057806,0.03634360570210024,1,2.377694316041773,0.0,0.12116687705831261,0.05234392368780372,0.4319986200734773,0.0,0.0,0.299946706430418,2025-08-02,rinya nakamura,nathan fletcher,0.7250409450972509,0.7250409450972509,0.2749590549027491,1,1.0,1,-420.0,295.0,0.0,4.1,1.2857142857142856,0.2985168366277109,0.0211444969133886,0.0397123677409444,0.0258078440079528,0.0485511303510214,0.0079721434521814,0.0137080733499867,-420.0,275.0,-350.0,310.0
845,1371.4660902582862,0.0406636480205174,0.4444444444444444,0.015324752904309236,0.0242347923874137,1.4444444444444444,-4900.687245846903,-1.0,0.018072732453563285,-0.0645796568080666,0.05032440626232164,8719.601562123853,79704.84323057806,0.03634360570210024,1,2.377694316041773,0.012197671782003079,0.12116687705831261,0.05234392368780372,0.4319986200734773,0.022947755079430802,0.027157270633076273,0.299946706430418,2025-08-02,rodolfo vieira,tresean gore,0.7029171366260603,0.7029171366260603,0.2970828633739397,1,1.0,1,-215.0,165.0,0.04066613008412116,3.2,1.4444444444444444,0.2985168366277109,0.0252682230395382,0.034629950066182,0.0371730307149528,0.0561930626511406,0.0019838881455293,0.0028238041621629,-270.0,175.0,-225.0,220.0
846,-2572.914466383456,0.03390502696868979,-1.0,0.21403932484397414,0.0242347923874137,2.1,-4900.687245846903,-1.0,-0.03390502696868979,-0.0645796568080666,0.05032440626232164,8719.601562123853,79704.84323057806,0.03634360570210024,1,2.377694316041773,0.06572796212253812,0.12116687705831261,0.05234392368780372,0.4319986200734773,0.2049886761263923,0.2288072447809742,0.299946706430418,2025-08-02,nick klein,andrey pulyaev,0.5781139642114163,0.5781139642114163,0.4218860357885837,1,0.0,1,-113.0,-113.0,0.21913213485404873,1.8,2.1,0.2985168366277109,0.0305164319248826,0.0305164319248826,0.0386616051459952,0.0358064799603876,0.0164688697823669,0.0152771619636649,100.0,-135.0,110.0,-125.0
847,1056.1705411281682,0.0903269803768592,0.15408320493066263,0.007839834270436774,0.0242347923874137,1.1540832049306626,-4900.687245846903,-1.0,0.013917870628175538,-0.0645796568080666,0.05032440626232164,8719.601562123853,79704.84323057806,0.03634360570210024,1,2.377694316041773,0.028119618894944045,0.12116687705831261,0.05234392368780372,0.4319986200734773,0.01959033044184443,0.03751720301474092,0.299946706430418,2025-08-02,rafael estevam,felipe bunes,0.8732817789606321,0.8732817789606321,0.1267182210393679,1,1.0,1,-500.0,340.0,0.0937487169957216,6.5,1.1540832049306626,0.2985168366277109,0.0199619440934658,0.0406441165125948,0.0219458148326149,0.0598723669855667,0.006315456104737,0.0140193492767972,-900.0,450.0,-649.0,550.0
848,2226.8982541989712,0.0440180074104483,0.6666666666666663,0.06517929243011117,0.0242347923874137,1.6666666666666663,-4900.687245846903,-1.0,0.029345338273632178,-0.0645796568080666,0.05032440626232164,8719.601562123853,79704.84323057806,0.03634360570210024,1,2.377694316041773,0.03864907542957197,0.12116687705831261,0.05234392368780372,0.4319986200734773,0.0793604928047191,0.10582792896870642,0.299946706430418,2025-08-02,karol rosa,nora cornolle,0.6391075754580668,0.6391075754580668,0.3608924245419331,1,1.0,1,-205.0,160.0,0.12885314157812844,2.3200000000000003,1.6666666666666663,0.2985168366277109,0.0242347923874137,0.0325117397689544,0.030779782581692,0.0361687727389563,0.0142727727856458,0.0167617099729749,-158.0,120.0,-150.0,132.0
849,-4711.905624843505,0.05911692983590016,-1.0,0.07456292229531508,0.0183207744122606,1.4,-11990.822576277274,-1.0,-0.05911692983590017,-0.150440325710058,-0.15606921133298762,-448.64944613846137,67265.37120816232,0.03634360570210024,1,-0.39183516241627614,0.061392228354137865,0.13415655815887753,0.03643578627991324,0.27159154036110145,0.11637201994678202,0.14520167987937194,0.27090442838478024,2025-08-09,andre fili,christian rodriguez,0.7675449444966537,0.2324550555033463,0.7675449444966537,0,1.0,0,163.0,-200.0,0.2266195082899832,1.4,3.1,0.20526956009509123,0.0267846298943212,0.0201101736544746,0.044044767293463,0.0292048521890331,0.0220105402839789,0.0148558191630255,188.0,-265.0,210.0,-250.0
850,0.0,0.0,0.0,-0.06236685925218871,0.0183207744122606,1.4651162790697674,-11990.822576277274,-1.0,0.0,-0.150440325710058,-0.15606921133298762,-448.64944613846137,67265.37120816232,0.03634360570210024,1,-0.39183516241627614,0.0,0.13415655815887753,0.03643578627991324,0.27159154036110145,0.0,0.0,0.27090442838478024,2025-08-09,cody brundage,eric mcconico,0.6399718262246966,0.6399718262246966,0.3600281737753034,1,0.0,1,-150.0,120.0,0.0,2.9,1.4651162790697674,0.20526956009509123,0.0253013906679012,0.0292440638775533,0.03087828030891,0.0434499072268247,0.0114635944419424,0.0159036743046366,-230.0,165.0,-215.0,190.0
851,0.0,0.0,0.0,-0.013406091511307894,0.0183207744122606,1.2,-11990.822576277274,-1.0,0.0,-0.150440325710058,-0.15606921133298762,-448.64944613846137,67265.37120816232,0.03634360570210024,1,-0.39183516241627614,0.0,0.13415655815887753,0.03643578627991324,0.27159154036110145,0.0,0.0,0.27090442838478024,2025-08-09,steve erceg,ode osbourne,0.8221615904072435,0.8221615904072435,0.1778384095927565,1,1.0,1,-385.0,295.0,0.0,5.4,1.2,0.20526956009509123,0.0167730992220773,0.0302058907296384,0.0203288459001433,0.0451473445760469,0.0061859464257068,0.0123325720928117,-600.0,380.0,-500.0,440.0
852,0.0,0.0,0.0,-0.053446843252127896,0.0183207744122606,1.4444444444444444,-11990.822576277274,-1.0,0.0,-0.150440325710058,-0.15606921133298762,-448.64944613846137,67265.37120816232,0.03634360570210024,1,-0.39183516241627614,0.0,0.13415655815887753,0.03643578627991324,0.27159154036110145,0.0,0.0,0.27090442838478024,2025-08-09,miles johns,jean matsumoto,0.6553060315946807,0.3446939684053193,0.6553060315946807,0,0.0,0,240.0,-305.0,0.0,1.4444444444444444,3.2,0.20526956009509123,0.0291858792151209,0.0180181875967891,0.0585445068439872,0.0384251901257095,0.0028238041621629,0.0019838881455293,175.0,-275.0,220.0,-225.0
853,0.0,0.0,0.0,-0.1001366172898695,0.0183207744122606,1.3333333333333333,-11990.822576277274,-1.0,0.0,-0.150440325710058,-0.15606921133298762,-448.64944613846137,67265.37120816232,0.03634360570210024,1,-0.39183516241627614,0.0,0.13415655815887753,0.03643578627991324,0.27159154036110145,0.0,0.0,0.27090442838478024,2025-08-09,uros medic,gilbert urbina,0.6748975370325979,0.6748975370325979,0.3251024629674021,1,1.0,1,-300.0,240.0,0.0,3.7,1.3333333333333333,0.20526956009509123,0.016916169849521,0.0272014772093025,0.0279281031220234,0.0487982395889739,0.0077693340819139,0.0125009361883561,-360.0,240.0,-300.0,270.0
854,1145.0847614153215,0.09323900280547023,0.15408320493066263,0.01917305924173171,0.0183207744122606,1.1540832049306626,-11990.822576277274,-1.0,0.014366564376805899,-0.150440325710058,-0.15606921133298762,-448.64944613846137,67265.37120816232,0.03634360570210024,1,-0.39183516241627614,0.04680931364031982,0.13415655815887753,0.03643578627991324,0.27159154036110145,0.04774222785440825,0.06939128051142279,0.27090442838478024,2025-08-09,julius walker,rafael cerqueira,0.8831018897835565,0.8831018897835565,0.1168981102164434,1,1.0,1,-649.0,400.0,0.17278903087488115,6.3,1.1540832049306626,0.20526956009509123,0.0201152566224162,0.0463733949129643,0.018528771915647,0.0456423510790053,0.0078046091079427,0.0174142011575963,-750.0,450.0,-649.0,530.0
855,0.0,0.0,0.0,-0.06356736094576285,0.0183207744122606,1.2222222222222223,-11990.822576277274,-1.0,0.0,-0.150440325710058,-0.15606921133298762,-448.64944613846137,67265.37120816232,0.03634360570210024,1,-0.39183516241627614,0.0,0.13415655815887753,0.03643578627991324,0.27159154036110145,0.0,0.0,0.27090442838478024,2025-08-09,gabriella fernandes,julija stoliarenko,0.766172159226194,0.766172159226194,0.233827840773806,1,1.0,1,-400.0,275.0,0.0,4.5,1.2222222222222223,0.20526956009509123,0.0234985988994331,0.0431680677672335,0.0196470059537602,0.0382680519612975,0.013801037942408,0.0266030024616323,-455.0,320.0,-450.0,350.0
856,0.0,0.0,0.0,-0.06703636652734236,0.0183207744122606,1.1540832049306626,-11990.822576277274,-1.0,0.0,-0.150440325710058,-0.15606921133298762,-448.64944613846137,67265.37120816232,0.03634360570210024,1,-0.39183516241627614,0.0,0.13415655815887753,0.03643578627991324,0.27159154036110145,0.0,0.0,0.27090442838478024,2025-08-09,elijah smith,toshiomi kazama,0.808402400699272,0.808402400699272,0.1915975993007279,1,1.0,1,-500.0,350.0,0.0,6.75,1.1540832049306626,0.20526956009509123,0.0183207744122606,0.0372347811432948,0.0210242689023801,0.0555307550210646,0.0045658642181898,0.0100709354653388,-850.0,450.0,-649.0,575.0
857,1819.7292378584425,0.09132339587415784,0.25,0.12166564842797356,0.0183207744122606,1.25,-11990.822576277274,-1.0,0.02283084896853946,-0.150440325710058,-0.15606921133298762,-448.64944613846137,67265.37120816232,0.03634360570210024,1,-0.39183516241627614,0.13824649524706373,0.13415655815887753,0.03643578627991324,0.27159154036110145,0.24525228824063433,0.25315874422410234,0.27090442838478024,2025-08-09,joselyne edwards,priscila cachoeira,0.8973325187423788,0.8973325187423788,0.1026674812576211,1,1.0,1,-230.0,180.0,0.5103146377906556,4.4,1.25,0.20526956009509123,0.0223754287271183,0.0317371253854357,0.0231736516692425,0.0450081665125755,0.0096600984648791,0.0176126288078482,-450.0,300.0,-400.0,340.0
858,1298.4421794312798,0.07982409125136332,0.20408163265306123,0.017934935143386926,0.0183207744122606,1.2040816326530612,-11990.822576277274,-1.0,0.016290630867625167,-0.150440325710058,-0.15606921133298762,-448.64944613846137,67265.37120816232,0.03634360570210024,1,-0.39183516241627614,0.037832256456624386,0.13415655815887753,0.03643578627991324,0.27159154036110145,0.038808606902090384,0.06453835592792417,0.27090442838478024,2025-08-09,eryk anders,christian leroy duncan,0.8454035902038298,0.1545964097961702,0.8454035902038298,0,0.0,0,350.0,-500.0,0.1396516722970995,1.2040816326530612,5.0,0.20526956009509123,0.0372347811432948,0.0183207744122606,0.0383636065488307,0.0180795043099804,0.0203095132306039,0.0101989613456673,375.0,-549.0,400.0,-490.0
859,1779.4178331975118,0.05290739651732088,0.5,0.08374208419006302,0.0405383694346594,1.5,12775.867461315582,2.0658036677454152,0.02645369825866044,0.1899323118544731,0.2615458758326839,4817.112964533831,84858.35163401173,0.03634360570210024,1,2.2617234596103812,0.03472321367434536,0.19048634476343565,0.09190919431569505,0.4824975482092261,0.11819233176928856,0.12894669451613813,0.1907937587192155,2025-08-16,jared cannonier,michael page,0.7224947227933753,0.2775052772066246,0.7224947227933753,0,0.0,0,150.0,-200.0,0.18199344626071495,1.5,2.88,0.15910608405029145,0.0379213858088197,0.0287452808578468,0.042226716265892,0.0303091129239294,0.0079764350850802,0.0059124538038086,163.0,-225.0,188.0,-200.0
860,1707.1986737327766,0.050760105625511406,0.5,0.029110498434678334,0.0405383694346594,1.5,12775.867461315582,2.0658036677454152,0.025380052812755703,0.1899323118544731,0.2615458758326839,4817.112964533831,84858.35163401173,0.03634360570210024,1,2.2617234596103812,0.01642081244758329,0.19048634476343565,0.09190919431569505,0.4824975482092261,0.04085841124060666,0.06131950539453064,0.1907937587192155,2025-08-16,karine silva,dione barbosa,0.6860736656231189,0.6860736656231189,0.3139263343768811,1,1.0,1,-163.0,120.0,0.08606577362810502,2.8,1.5,0.15910608405029145,0.0339796305551364,0.0403376871081888,0.03087828030891,0.0434499072268247,0.0101556457621264,0.0136538780473972,-230.0,165.0,-200.0,180.0
861,1977.4011129021746,0.0529146266391526,0.5555555555555556,0.12121882997556582,0.0405383694346594,1.5555555555555556,12775.867461315582,2.0658036677454152,0.029397014799529223,0.1899323118544731,0.2615458758326839,4817.112964533831,84858.35163401173,0.03634360570210024,1,2.2617234596103812,0.03310171459641495,0.19048634476343565,0.09190919431569505,0.4824975482092261,0.16590521760940888,0.12676412682838725,0.1907937587192155,2025-08-16,dricus du plessis,khamzat chimaev,0.7207835335557209,0.279216466444279,0.7207835335557209,0,0.0,0,185.0,-225.0,0.1734947454184263,1.5555555555555556,3.2,0.15910608405029145,0.0252599077377893,0.017924977552359,0.0799904167733019,0.0533429165600314,-0.0253278176654002,-0.0193150394774569,150.0,-275.0,220.0,-180.0
862,0.0,0.0,0.0,-0.05006904351145619,0.0405383694346594,1.5405405405405406,12775.867461315582,2.0658036677454152,0.0,0.1899323118544731,0.2615458758326839,4817.112964533831,84858.35163401173,0.03634360570210024,1,2.2617234596103812,0.0,0.19048634476343565,0.09190919431569505,0.4824975482092261,0.0,0.0,0.1907937587192155,2025-08-16,geoff neal,carlos prates,0.6166218489487039,0.3833781510512962,0.6166218489487039,0,0.0,0,235.0,-290.0,0.0,1.5405405405405406,2.65,0.15910608405029145,0.0258037648952937,0.016293441381017,0.0443857673709329,0.0330335874677767,0.0149498953839405,0.0115314021996411,150.0,-210.0,165.0,-185.0
863,0.0,0.0,0.0,-0.08414042370236119,0.0405383694346594,1.3333333333333333,12775.867461315582,2.0658036677454152,0.0,0.1899323118544731,0.2615458758326839,4817.112964533831,84858.35163401173,0.03634360570210024,1,2.2617234596103812,0.0,0.19048634476343565,0.09190919431569505,0.4824975482092261,0.0,0.0,0.1907937587192155,2025-08-16,tim elliott,kai asakura,0.6868946822232291,0.3131053177767709,0.6868946822232291,0,1.0,0,225.0,-333.0,0.0,1.3333333333333333,3.65,0.15910608405029145,0.0481394191137471,0.0286060063614704,0.0376784900464091,0.0222915249460947,0.0147846812209487,0.0091879215187772,245.0,-335.0,265.0,-300.0
864,2056.1647006828907,0.04157241598020652,0.7352941176470589,0.038160976528914536,0.0405383694346594,1.7352941176470589,12775.867461315582,2.0658036677454152,0.030567952926622448,0.1899323118544731,0.2615458758326839,4817.112964533831,84858.35163401173,0.03634360570210024,1,2.2617234596103812,0.015114435327278044,0.19048634476343565,0.09190919431569505,0.4824975482092261,0.04431510347868645,0.06821744896774563,0.1907937587192155,2025-08-16,jessica andrade,loopy godinez,0.5982622576607304,0.4017377423392695,0.5982622576607304,0,0.0,0,200.0,-275.0,0.07921870939982596,1.7352941176470589,2.22,0.15910608405029145,0.040400359353909,0.0262663073127574,0.0395673085007323,0.0353612136327586,0.0141495107588835,0.0125721261322447,107.0,-145.0,122.0,-136.0
865,0.0,0.0,0.0,-0.05356852393807243,0.0405383694346594,1.4761904761904765,12775.867461315582,2.0658036677454152,0.0,0.1899323118544731,0.2615458758326839,4817.112964533831,84858.35163401173,0.03634360570210024,1,2.2617234596103812,0.0,0.19048634476343565,0.09190919431569505,0.4824975482092261,0.0,0.0,0.1907937587192155,2025-08-16,gerald meerschaert,michal oleksiejczuk,0.6411309999129186,0.3588690000870814,0.6411309999129186,0,0.0,0,163.0,-225.0,0.0,1.4761904761904765,2.8,0.15910608405029145,0.042226716265892,0.0303091129239294,0.040577421308325,0.0290887615654049,0.0199742169708566,0.01458799501071,165.0,-225.0,180.0,-210.0
866,-5251.741058922408,0.07807495840125736,-1.0,0.11973682025211724,0.0405383694346594,1.3003003003003002,12775.867461315582,2.0658036677454152,-0.07807495840125736,0.1899323118544731,0.2615458758326839,4817.112964533831,84858.35163401173,0.03634360570210024,1,2.2617234596103812,0.0784253158345893,0.19048634476343565,0.09190919431569505,0.4824975482092261,0.22038920147897637,0.2233209784112133,0.1907937587192155,2025-08-16,chase hooper,alexander hernandez,0.8611370927112126,0.8611370927112126,0.1388629072887873,1,0.0,1,-278.0,210.0,0.4110475959017354,4.1,1.3003003003003002,0.15910608405029145,0.0227647086791665,0.0352656719318592,0.0302004731567365,0.0555138125575491,0.0048326244501729,0.0081229323571273,-400.0,250.0,-333.0,310.0
867,2548.6717029408856,0.03902649768935736,0.970873786407767,0.38177331949919135,0.0405383694346594,1.970873786407767,12775.867461315582,2.0658036677454152,0.037889803581900354,0.1899323118544731,0.2615458758326839,4817.112964533831,84858.35163401173,0.03634360570210024,1,2.2617234596103812,0.07860532449701498,0.19048634476343565,0.09190919431569505,0.4824975482092261,0.39607738062784315,0.3971122954161825,0.1907937587192155,2025-08-16,edson barboza,drakkar klose,0.7010968074306242,0.2989031925693758,0.7010968074306242,0,0.0,0,-150.0,110.0,0.4119910683907416,1.970873786407767,1.9090909090909087,0.15910608405029145,0.0356521067558167,0.0405383694346594,0.0361951414397327,0.0371639319193405,0.0154784823892178,0.0157202039818824,-122.0,-110.0,-110.0,-103.0
868,-2733.223516838694,0.03220924592816627,-1.0,0.17023909842981633,0.0294867742267166,2.18,-6439.473788719353,-1.0,-0.03220924592816627,-0.07588497377950922,-0.07644514155452842,-47.534914026621664,78371.34293126575,0.03634360570210024,1,-0.2753623188405796,0.10980102820794956,0.05710085678797902,0.013684640383295633,0.23965735635295315,0.15720456378179834,0.18681647814002106,0.6364809172136864,2025-08-23,xiao long,suyoung you,0.5368069258852368,0.5368069258852368,0.4631930741147632,1,0.0,1,132.0,-170.0,0.17251267907390527,1.7352941176470589,2.18,0.011466481923176675,0.0333769876637669,0.0272871247244832,0.0256281517431981,0.0228214606599026,0.0184741115379448,0.0165126712330085,115.0,-140.0,118.0,-136.0
869,0.0,0.0,0.0,-0.13924202383176582,0.0294867742267166,1.4081632653061225,-6439.473788719353,-1.0,0.0,-0.07588497377950922,-0.07644514155452842,-47.534914026621664,78371.34293126575,0.03634360570210024,1,-0.2753623188405796,0.0,0.05710085678797902,0.013684640383295633,0.23965735635295315,0.0,0.0,0.6364809172136864,2025-08-23,michel pereira,kyle daukaus,0.6112629106122243,0.6112629106122243,0.3887370893877757,1,0.0,1,-295.0,220.0,0.0,3.15,1.4081632653061225,0.011466481923176675,0.0228866584861963,0.0364487845517783,0.027023714700105,0.0417593540829637,0.0111716325197332,0.016433612476816,-278.0,200.0,-245.0,215.0
870,0.0,0.0,0.0,-0.0319433517907553,0.0294867742267166,1.4,-6439.473788719353,-1.0,0.0,-0.07588497377950922,-0.07644514155452842,-47.534914026621664,78371.34293126575,0.03634360570210024,1,-0.2753623188405796,0.0,0.05710085678797902,0.013684640383295633,0.23965735635295315,0.0,0.0,0.6364809172136864,2025-08-23,charles johnson,loneer kavanagh,0.6914690344351748,0.3085309655648252,0.6914690344351748,0,1.0,0,186.0,-245.0,0.0,1.4,3.15,0.011466481923176675,0.0354748016149017,0.0243204755716798,0.040400359353909,0.0262663073127574,0.0189616252113446,0.012784406534687,200.0,-275.0,215.0,-250.0
871,0.0,0.015269994593894961,0.0,-0.008754761682007062,0.0294867742267166,1.4,-6439.473788719353,-1.0,0.0,-0.07588497377950922,-0.07644514155452842,-47.534914026621664,78371.34293126575,0.03634360570210024,1,-0.2753623188405796,0.009719060164970298,0.05710085678797902,0.013684640383295633,0.23965735635295315,-0.013690256723278605,0.009764985876982959,0.6364809172136864,2025-08-23,sergei pavlovich,waldo cortes acosta,0.7080323130842807,0.7080323130842807,0.2919676869157193,1,1.0,1,-265.0,200.0,0.015269994593894961,3.2,1.4,0.011466481923176675,0.0236112560580139,0.0357494745355933,0.027023714700105,0.0417593540829637,0.0107808807910866,0.0160048334946276,-278.0,200.0,-250.0,220.0
872,0.0,0.0,0.0,-0.12108254622434458,0.0294867742267166,1.2857142857142856,-6439.473788719353,-1.0,0.0,-0.07588497377950922,-0.07644514155452842,-47.534914026621664,78371.34293126575,0.03634360570210024,1,-0.2753623188405796,0.0,0.05710085678797902,0.013684640383295633,0.23965735635295315,0.0,0.0,0.6364809172136864,2025-08-23,johnny walker,zhang mingyang,0.6836024640477321,0.3163975359522679,0.6836024640477321,0,1.0,0,280.0,-390.0,0.0,1.2857142857142856,4.1,0.011466481923176675,0.0380841981132931,0.0209920639704876,0.0455056008676303,0.0247646694026397,0.0137080733499867,0.0079721434521814,270.0,-400.0,310.0,-350.0
873,2685.6886028120725,0.043675727851342945,0.7246376811594204,0.15557769946837358,0.0294867742267166,1.7246376811594204,-6439.473788719353,-1.0,0.03164907815314707,-0.07588497377950922,-0.07644514155452842,-47.534914026621664,78371.34293126575,0.03634360570210024,1,-0.2753623188405796,0.1498207249397119,0.05710085678797902,0.013684640383295633,0.23965735635295315,0.1828795479057362,0.2002482423016955,0.6364809172136864,2025-08-23,maheshate,gauge young,0.6700408509522502,0.3299591490477498,0.6700408509522502,0,0.0,0,-102.0,-125.0,0.23538918589355357,1.7246376811594204,2.25,0.011466481923176675,0.0310192763783439,0.0294867742267166,0.0392125885477683,0.033402621682121,0.0129057544857461,0.0113706227318075,118.0,-159.0,125.0,-138.0
874,0.0,0.0,0.0,-0.16602916302358217,0.0202306563835465,1.6134969325153374,-5814.32587717833,-1.0,0.0,-0.07418943786988166,-0.050002433984041215,1895.5679760170592,74452.58503010448,0.03634360570210024,1,0.6819148936170212,0.0,0.06344551689021215,0.016743034891376452,0.2638962642600746,0.0,0.0,0.5728317378986794,2025-09-06,benoit st denis,mauricio ruffy,0.5168716594188445,0.4831283405811555,0.5168716594188445,0,1.0,0,175.0,-225.0,0.0,1.6134969325153374,2.6,0.04216558041912472,0.0326609013348426,0.0232831546092132,0.0537976062394936,0.0420019516087009,0.0024264795177794,0.0019607682154757,130.0,-195.0,160.0,-163.0
875,3027.4518190459357,0.03359093644062252,1.15,0.2550249523388345,0.0202306563835465,2.15,-5814.32587717833,-1.0,0.038629576906715896,-0.07418943786988166,-0.050002433984041215,1895.5679760170592,74452.58503010448,0.03634360570210024,1,0.6819148936170212,0.13582946252063832,0.06344551689021215,0.016743034891376452,0.2638962642600746,0.23970082871913323,0.25227838932013086,0.5728317378986794,2025-09-06,nassourdine imavov,caio borralho,0.583732535971551,0.583732535971551,0.416267464028449,1,1.0,1,-150.0,110.0,0.2371193031637912,1.8,2.15,0.04216558041912472,0.0356521067558167,0.0405383694346594,0.0444336839153992,0.040628556748501,0.0107683918506759,0.009903442774647,100.0,-141.0,115.0,-125.0
876,0.0,0.013010867324855032,0.0,-0.0060960263112122826,0.0202306563835465,1.1785714285714286,-5814.32587717833,-1.0,0.0,-0.07418943786988166,-0.050002433984041215,1895.5679760170592,74452.58503010448,0.03634360570210024,1,0.6819148936170212,0.007453037741265849,0.06344551689021215,0.016743034891376452,0.2638962642600746,-0.014152848309462658,0.005604143265704215,0.5728317378986794,2025-09-06,oumar sy,brendson ribeiro,0.8433124625238199,0.8433124625238199,0.1566875374761801,1,1.0,1,-400.0,275.0,0.013010867324855032,5.75,1.1785714285714286,0.04216558041912472,0.0234985988994331,0.0431680677672335,0.0201574573220818,0.0465092093445847,0.0072379008629356,0.0151599911001737,-650.0,400.0,-560.0,475.0
877,-3181.7590780079513,0.040598501429259144,-1.0,0.08636493929898997,0.0202306563835465,1.7751937984496124,-5814.32587717833,-1.0,-0.040598501429259144,-0.07418943786988166,-0.050002433984041215,1895.5679760170592,74452.58503010448,0.03634360570210024,1,0.6819148936170212,0.0826166757083082,0.06344551689021215,0.016743034891376452,0.2638962642600746,0.09766217888774704,0.1275415547021964,0.5728317378986794,2025-09-06,andreas gustafsson,rinat fakhretdinov,0.611969769299431,0.611969769299431,0.3880302307005689,1,0.0,1,110.0,-135.0,0.14422503196378617,2.12,1.7751937984496124,0.04216558041912472,0.0265532308486119,0.0241053304482471,0.0334110966260284,0.0366169145784532,0.0167443216164536,0.0182725688836698,-138.0,104.0,-129.0,112.0
878,0.0,0.0,0.0,-0.1253724159440156,0.0202306563835465,1.5128205128205128,-5814.32587717833,-1.0,0.0,-0.07418943786988166,-0.050002433984041215,1895.5679760170592,74452.58503010448,0.03634360570210024,1,0.6819148936170212,0.0,0.06344551689021215,0.016743034891376452,0.2638962642600746,0.0,0.0,0.5728317378986794,2025-09-06,brad tavares,robert bryczek,0.5781436572573456,0.5781436572573456,0.4218563427426544,1,0.0,1,-310.0,230.0,0.0,2.8,1.5128205128205128,0.04216558041912472,0.0224810447667491,0.0366468192391635,0.03087828030891,0.0434499072268247,0.007787088324373,0.0103727179710265,-230.0,165.0,-195.0,180.0
879,0.0,0.0,0.0,-0.05429272043971167,0.0202306563835465,1.4,-5814.32587717833,-1.0,0.0,-0.07418943786988166,-0.050002433984041215,1895.5679760170592,74452.58503010448,0.03634360570210024,1,0.6819148936170212,0.0,0.06344551689021215,0.016743034891376452,0.2638962642600746,0.0,0.0,0.5728317378986794,2025-09-06,shauna bannon,sam hughes,0.6755051996859203,0.3244948003140797,0.6755051996859203,0,0.0,0,175.0,-250.0,0.0,1.4,3.3,0.04216558041912472,0.0462926168982899,0.0316294610237879,0.0491646186631192,0.0310041577081886,0.0103527252811037,0.0069632920349136,200.0,-295.0,230.0,-250.0
880,2049.875234979075,0.04917314540776135,0.5319148936170213,0.043043921738680324,0.0202306563835465,1.5319148936170213,-5814.32587717833,-1.0,0.026155928408383697,-0.07418943786988166,-0.050002433984041215,1895.5679760170592,74452.58503010448,0.03634360570210024,1,0.6819148936170212,0.06811859805066234,0.06344551689021215,0.016743034891376452,0.2638962642600746,0.0584291295966585,0.08760341680042324,0.5728317378986794,2025-09-06,sam patterson,trey waters,0.6808758933571941,0.6808758933571941,0.3191241066428059,1,1.0,1,-210.0,170.0,0.11891554455509401,2.62,1.5319148936170213,0.04216558041912472,0.0202306563835465,0.0275590688255333,0.0259768566564504,0.0338870889217809,0.0149724626013379,0.0194847044894169,-194.0,150.0,-188.0,162.0
881,0.0,0.0,0.0,-0.05922853722203908,0.0253013906679012,1.25,-9695.543759505836,-1.0,0.0,-0.13022440732696516,-0.13773526842381842,-559.2030244627717,64197.83824613588,0.03634360570210024,1,0.23809523809523792,0.0,0.14107940918655767,0.05239994675806471,0.3714216487026335,0.0,0.0,0.2576109859805334,2025-09-13,jose daniel medina,dusko todorovic,0.7526171702223687,0.2473828297776312,0.7526171702223687,0,0.0,0,200.0,-275.0,0.0,1.25,4.25,0.0589053092589948,0.040400359353909,0.0262663073127574,0.0560544392342521,0.0287940456142326,0.0228112741965859,0.012482843450473,275.0,-450.0,325.0,-400.0
882,0.0,0.011766173366318716,0.0,-0.013111978361735221,0.0253013906679012,1.5405405405405406,-9695.543759505836,-1.0,0.0,-0.13022440732696516,-0.13773526842381842,-559.2030244627717,64197.83824613588,0.03634360570210024,1,0.23809523809523792,0.003031095522115256,0.14107940918655767,0.05239994675806471,0.3714216487026335,-0.017690014308749405,0.008721180655195464,0.2576109859805334,2025-09-13,jesus aguilar,luis gurule,0.640611522817821,0.359388477182179,0.640611522817821,0,1.0,0,163.0,-225.0,0.011766173366318716,1.5405405405405406,2.63,0.0589053092589948,0.042226716265892,0.0303091129239294,0.0379213858088197,0.0287452808578468,0.0165606854183398,0.0127902584813331,150.0,-200.0,163.0,-185.0
883,-3205.420822840441,0.0430531837349146,-1.0,0.28977061510809765,0.0253013906679012,1.8333333333333333,-9695.543759505836,-1.0,-0.0430531837349146,-0.13022440732696516,-0.13773526842381842,-559.2030244627717,64197.83824613588,0.03634360570210024,1,0.23809523809523792,0.09031535957240296,0.14107940918655767,0.05239994675806471,0.3714216487026335,0.3233128138483001,0.3142162641679932,0.2576109859805334,2025-09-13,claudio puelles,joaquim silva,0.7035112446044169,0.7035112446044169,0.296488755395583,1,0.0,1,-110.0,-120.0,0.35058815224296264,2.18,1.8333333333333333,0.0589053092589948,0.0350135352882691,0.0342505339758,0.0459416887491485,0.0495867665354043,0.0020042009922551,0.0021659407925654,-140.0,-105.0,-120.0,118.0
884,1545.267365872712,0.08717122359205057,0.23809523809523792,0.09345264439818124,0.0253013906679012,1.238095238095238,-9695.543759505836,-1.0,0.0207550532362025,-0.13022440732696516,-0.13773526842381842,-559.2030244627717,64197.83824613588,0.03634360570210024,1,0.23809523809523792,0.10917609597761872,0.14107940918655767,0.05239994675806471,0.3714216487026335,0.19044219935326195,0.2079656400887064,0.2576109859805334,2025-09-13,tatiana suarez,amanda lemos,0.8831732897062234,0.8831732897062234,0.1168267102937765,1,1.0,1,-275.0,200.0,0.423802174282539,4.5,1.238095238095238,0.0589053092589948,0.0262663073127574,0.040400359353909,0.0218876077021852,0.0437938372896047,0.010446821991816,0.0194677079227138,-480.0,320.0,-420.0,350.0
885,0.0,0.0,0.0,-0.1623499518708421,0.0253013906679012,1.4545454545454546,-9695.543759505836,-1.0,0.0,-0.13022440732696516,-0.13773526842381842,-559.2030244627717,64197.83824613588,0.03634360570210024,1,0.23809523809523792,0.0,0.14107940918655767,0.05239994675806471,0.3714216487026335,0.0,0.0,0.2576109859805334,2025-09-13,kelvin gastelum,dustin stoltzfus,0.575884408088796,0.575884408088796,0.4241155919112039,1,1.0,1,-225.0,175.0,0.0,2.94,1.4545454545454546,0.0589053092589948,0.0232831546092132,0.0326609013348426,0.0284987596941501,0.0410199568833899,0.0115070841666315,0.0161289702551372,-240.0,175.0,-220.0,194.0
886,0.0,0.0,0.0,-0.04639991592825943,0.0253013906679012,1.5882352941176472,-9695.543759505836,-1.0,0.0,-0.13022440732696516,-0.13773526842381842,-559.2030244627717,64197.83824613588,0.03634360570210024,1,0.23809523809523792,0.0,0.14107940918655767,0.05239994675806471,0.3714216487026335,0.0,0.0,0.2576109859805334,2025-09-13,rafa garcia,jared gordon,0.6004148677488736,0.3995851322511264,0.6004148677488736,0,1.0,0,150.0,-200.0,0.0,1.5882352941176472,2.52,0.0589053092589948,0.0379213858088197,0.0287452808578468,0.0375277844284696,0.02916726310949,0.0146837005057448,0.0117713259492816,143.0,-190.0,152.0,-170.0
887,0.0,0.0,0.0,-0.06096748872601693,0.0253013906679012,1.8333333333333333,-9695.543759505836,-1.0,0.0,-0.13022440732696516,-0.13773526842381842,-559.2030244627717,64197.83824613588,0.03634360570210024,1,0.23809523809523792,0.0,0.14107940918655767,0.05239994675806471,0.3714216487026335,0.0,0.0,0.2576109859805334,2025-09-13,rob font,david martinez,0.5121995516039908,0.5121995516039908,0.4878004483960092,1,0.0,1,-225.0,175.0,0.0,2.15,1.8333333333333333,0.0589053092589948,0.0232831546092132,0.0326609013348426,0.0419094711100993,0.0447537359475032,0.0050930545995517,0.0054777699247609,-135.0,-105.0,-120.0,115.0
888,0.0,0.0,0.0,-0.07732929761360108,0.0253013906679012,1.4761904761904765,-9695.543759505836,-1.0,0.0,-0.13022440732696516,-0.13773526842381842,-559.2030244627717,64197.83824613588,0.03634360570210024,1,0.23809523809523792,0.0,0.14107940918655767,0.05239994675806471,0.3714216487026335,0.0,0.0,0.2576109859805334,2025-09-13,diego lopes,jean silva,0.6250349919391733,0.3749650080608267,0.6250349919391733,0,1.0,0,150.0,-200.0,0.0,1.4761904761904765,3.0,0.0589053092589948,0.0379213858088197,0.0287452808578468,0.0455189865069233,0.031085568358501,0.0062340144725243,0.0045186736995186,176.0,-250.0,200.0,-210.0
889,1100.9504325049572,0.014787269401858835,1.0,0.002706877331960955,0.0253013906679012,2.0,-9695.543759505836,-1.0,0.014787269401858835,-0.13022440732696516,-0.13773526842381842,-559.2030244627717,64197.83824613588,0.03634360570210024,1,0.23809523809523792,0.0038095955698334806,0.14107940918655767,0.05239994675806471,0.3714216487026335,0.002706689914316554,0.014789195968433396,0.2576109859805334,2025-09-13,alexander hernandez,diego ferreira,0.5013534386659805,0.5013534386659805,0.4986465613340195,1,1.0,1,-150.0,120.0,0.014788172000247521,1.9523809523809523,2.0,0.0589053092589948,0.0253013906679012,0.0292440638775533,0.0434647008446087,0.0432742482796613,0.0061313183241084,0.0060638036271111,-118.0,-120.0,100.0,-105.0
890,1045.9148644331437,0.03665712910693252,0.4444444444444444,0.005303310779622372,0.015057561985822,1.4444444444444444,-5129.982900858629,-1.0,0.0162920573808589,-0.07990896642329552,0.0005478999897328279,5165.156895774557,64233.01224105181,0.03634360570210024,1,1.2598673064815675,0.0348222029900473,0.03826103609818979,0.007780749162398522,0.20335960433561406,0.007898555827908412,0.024614121668630185,0.9498855600468105,2025-09-27,jimmy crute,ivan erslan,0.6959792151551232,0.6959792151551232,0.3040207848448768,1,1.0,1,-235.0,195.0,0.03665936661710202,3.06,1.4444444444444444,0.22344573501171525,0.0165952941823782,0.0238802939785123,0.0288236400728919,0.0415575915986622,0.0078978110149948,0.0112072669136124,-241.0,175.0,-225.0,206.0
891,1518.226233013398,0.054393114025782605,0.4347826086956521,0.02465802078629692,0.015057561985822,1.434782608695652,-5129.982900858629,-1.0,0.023649180011209824,-0.07990896642329552,0.0005478999897328279,5165.156895774557,64233.01224105181,0.03634360570210024,1,1.2598673064815675,0.08309766908407692,0.03826103609818979,0.007780749162398522,0.20335960433561406,0.037045737266066074,0.05822875818256564,0.9498855600468105,2025-09-27,carlos ulberg,dominick reyes,0.7141555902449949,0.7141555902449949,0.2858444097550051,1,1.0,1,-175.0,145.0,0.08748176894065203,3.05,1.434782608695652,0.22344573501171525,0.0197703920738484,0.0247565095959103,0.0258820327636691,0.0391284153440624,0.010217586190679,0.0146209632380343,-265.0,195.0,-230.0,205.0
892,1884.068317740155,0.04636959784558826,0.6329113924050631,0.10825137604480906,0.015057561985822,1.6329113924050631,-5129.982900858629,-1.0,0.029347846737714078,-0.07990896642329552,0.0005478999897328279,5165.156895774557,64233.01224105181,0.03634360570210024,1,1.2598673064815675,0.18537029907115674,0.03826103609818979,0.007780749162398522,0.20335960433561406,0.1356229638728761,0.15576470590331068,0.9498855600468105,2025-09-27,tom nolan,charlie campbell,0.6786965791282165,0.6786965791282165,0.3213034208717835,1,1.0,1,-160.0,135.0,0.19515013899360853,2.42,1.6329113924050631,0.22344573501171525,0.0185737585076675,0.0223427717705648,0.0410247737237094,0.0498843171853813,0.0116122408128435,0.0140140004582179,-175.0,120.0,-158.0,142.0
893,1468.9039492126647,0.06063436981303433,0.37735849056603765,0.053577824660246076,0.015057561985822,1.3773584905660377,-5129.982900858629,-1.0,0.022880894269069554,-0.07990896642329552,0.0005478999897328279,5165.156895774557,64233.01224105181,0.03634360570210024,1,1.2598673064815675,0.14846572542180006,0.03826103609818979,0.007780749162398522,0.20335960433561406,0.08689582673383736,0.09636982627938186,0.9498855600468105,2025-09-27,jack jenkins,ramon taveras,0.7649263658492198,0.7649263658492198,0.2350736341507802,1,1.0,1,-300.0,240.0,0.15629853917821812,3.5,1.3773584905660377,0.22344573501171525,0.016916169849521,0.0272014772093025,0.0345444993467652,0.0581510883432608,0.0046492144156145,0.0070924685589452,-335.0,210.0,-265.0,250.0
894,0.0,0.0,0.0,-0.08586474297092023,0.015057561985822,1.6329113924050631,-5129.982900858629,-1.0,0.0,-0.07990896642329552,0.0005478999897328279,5165.156895774557,64233.01224105181,0.03634360570210024,1,1.2598673064815675,0.0,0.03826103609818979,0.007780749162398522,0.20335960433561406,0.0,0.0,0.9498855600468105,2025-09-27,colby thicknesse,josias musasa,0.5598192659325373,0.4401807340674627,0.5598192659325373,0,1.0,0,120.0,-140.0,0.0,1.6329113924050631,2.69,0.22344573501171525,0.0201102033293715,0.0177685845494162,0.0531061579115492,0.0415403963623343,-0.0087492050040015,-0.0071004823248937,130.0,-194.0,169.0,-158.0
895,1401.1984902043785,0.058930892798084826,0.37037037037037024,0.015920089383955616,0.015057561985822,1.3703703703703702,-5129.982900858629,-1.0,0.02182625659188326,-0.07990896642329552,0.0005478999897328279,5165.156895774557,64233.01224105181,0.03634360570210024,1,1.2598673064815675,0.06085038918067619,0.03826103609818979,0.007780749162398522,0.20335960433561406,0.025977613035276337,0.039258918638030126,0.9498855600468105,2025-09-27,navajo stirling,rodolfo bellato,0.7413470922531569,0.7413470922531569,0.2586529077468431,1,1.0,1,-210.0,175.0,0.06406075820089051,3.5,1.3703703703703702,0.22344573501171525,0.0173530992925162,0.0237026191825569,0.0318998629780337,0.0525855440880185,0.0060862454044519,0.0093577700395637,-320.0,210.0,-270.0,250.0
896,-2153.154958829184,0.03353936857770728,-1.0,0.1335134290486486,0.015057561985822,2.15,-5129.982900858629,-1.0,-0.03353936857770728,-0.07990896642329552,0.0005478999897328279,5165.156895774557,64233.01224105181,0.03634360570210024,1,1.2598673064815675,0.1187916882686322,0.03826103609818979,0.007780749162398522,0.20335960433561406,0.12480363871107274,0.13378655518411528,0.9498855600468105,2025-09-27,jamie mullarkey,rolando bedoya,0.5272155483947203,0.4727844516052797,0.5272155483947203,0,1.0,0,-105.0,-115.0,0.12505894737759582,2.15,1.8333333333333333,0.22344573501171525,0.0237995764494319,0.0232792664320201,0.0358064799603876,0.0386616051459952,0.0050930545995517,0.0054777699247609,-135.0,100.0,-120.0,115.0
897,0.0,0.0,0.0,-0.017632003428066978,0.015057561985822,1.3125,-5129.982900858629,-1.0,0.0,-0.07990896642329552,0.0005478999897328279,5165.156895774557,64233.01224105181,0.03634360570210024,1,1.2598673064815675,0.0,0.03826103609818979,0.007780749162398522,0.20335960433561406,0.0,0.0,0.9498855600468105,2025-09-27,jake matthews,neil magny,0.7484708545309966,0.7484708545309966,0.2515291454690034,1,0.0,1,-480.0,360.0,0.0,3.85,1.3125,0.22344573501171525,0.015057561985822,0.0299199492585557,0.0270265375564874,0.0481614323683246,0.0081537862806081,0.0134912353644134,-375.0,250.0,-320.0,285.0
898,-3763.030312699505,0.058584054856056146,-1.0,0.24041322223317596,0.0316294610237879,1.5555555555555556,-7196.701952222783,-1.0,-0.058584054856056146,-0.11204054895036225,-0.09968617525596626,793.5586367426663,57829.86892557169,0.03634360570210024,1,0.16181423940044626,0.0627270255109059,0.23634736132997358,0.12663303670802076,0.5357920477530678,0.33498483804554025,0.29275925855293644,0.1537719968506843,2025-10-04,magomed ankalaev,alex pereira,0.7974085000070417,0.7974085000070417,0.2025914999929583,1,0.0,1,-180.0,150.0,0.40792229271637226,3.1,1.5555555555555556,0.2164542013222221,0.0188793207747618,0.023977822082381,0.0533429165600314,0.0799904167733019,-0.0149723996155494,-0.0195898123660174,-275.0,150.0,-180.0,210.0
899,1295.7424702222131,0.08069012646391784,0.25,0.0755451820704498,0.0316294610237879,1.25,-7196.701952222783,-1.0,0.02017253161597946,-0.11204054895036225,-0.09968617525596626,793.5586367426663,57829.86892557169,0.03634360570210024,1,0.16181423940044626,0.04968004315710918,0.23634736132997358,0.12663303670802076,0.5357920477530678,0.15053632367413744,0.16213253642099415,0.1537719968506843,2025-10-04,merab dvalishvili,cory sandhagen,0.8604361456563598,0.8604361456563598,0.1395638543436401,1,1.0,1,-385.0,285.0,0.3230760097714638,4.6,1.25,0.2164542013222221,0.0191102367691805,0.0344444559607698,0.0258075013481793,0.0517787055483724,0.0061735975652481,0.0112177067825779,-480.0,300.0,-400.0,360.0
900,1907.5953552907104,0.05345649409430611,0.5555555555555556,0.18528640412460035,0.0316294610237879,1.5555555555555556,-7196.701952222783,-1.0,0.02969805227461451,-0.11204054895036225,-0.09968617525596626,793.5586367426663,57829.86892557169,0.03634360570210024,1,0.16181423940044626,0.053763797369834415,0.23634736132997358,0.12663303670802076,0.5357920477530678,0.2503001624789677,0.25881837313930506,0.1537719968506843,2025-10-04,jiri prochazka,khalil rountree jr,0.7619698312229574,0.7619698312229574,0.2380301687770426,1,1.0,1,-215.0,165.0,0.3496332132699047,2.65,1.5555555555555556,0.2164542013222221,0.0252682230395382,0.034629950066182,0.0287452808578468,0.0379213858088197,0.0088508769065202,0.0113647565166603,-200.0,150.0,-180.0,165.0
901,1549.1002353326191,0.10490845421367632,0.2298850574712643,0.13478574333746787,0.0316294610237879,1.2298850574712643,-7196.701952222783,-1.0,0.024116886026132482,-0.11204054895036225,-0.09968617525596626,793.5586367426663,57829.86892557169,0.03634360570210024,1,0.16181423940044626,0.09306563420134381,0.23634736132997358,0.12663303670802076,0.5357920477530678,0.2882020009166432,0.2830473241651009,0.1537719968506843,2025-10-04,josh emmett,youssef zalal,0.9226762586014926,0.0773237413985074,0.9226762586014926,0,0.0,0,240.0,-350.0,0.6052183499425609,1.2298850574712643,4.7,0.2164542013222221,0.0455058686325771,0.0263895562040242,0.0460619216193023,0.0225655293610897,0.0169013791735856,0.0089486904227555,325.0,-500.0,370.0,-435.0
902,0.0,0.0,0.0,-0.0352200538045751,0.0316294610237879,1.3003003003003002,-7196.701952222783,-1.0,0.0,-0.11204054895036225,-0.09968617525596626,793.5586367426663,57829.86892557169,0.03634360570210024,1,0.16181423940044626,0.0,0.23634736132997358,0.12663303670802076,0.5357920477530678,0.0,0.0,0.1537719968506843,2025-10-04,punahele soriano,nikolay veretennikov,0.7419670255960197,0.7419670255960197,0.2580329744039803,1,1.0,1,-220.0,185.0,0.0,4.2,1.3003003003003002,0.2164542013222221,0.0160111168297911,0.0223660761526648,0.0307772938688427,0.056917189865245,0.0026684056198946,0.0044799502582534,-405.0,250.0,-333.0,320.0
903,-3334.998147593466,0.05192031373334915,-1.0,0.05974202032925152,0.0316294610237879,1.5,-7196.701952222783,-1.0,-0.05192031373334915,-0.11204054895036225,-0.09968617525596626,793.5586367426663,57829.86892557169,0.03634360570210024,1,0.16181423940044626,0.02134247985007275,0.23634736132997358,0.12663303670802076,0.5357920477530678,0.08410025807669433,0.09859393559708382,0.1537719968506843,2025-10-04,macy chiasson,yana santos,0.706494680219501,0.706494680219501,0.293505319780499,1,0.0,1,-225.0,163.0,0.13879302010233194,2.85,1.5,0.2164542013222221,0.0303091129239294,0.042226716265892,0.0335629363891705,0.0460939263559275,0.0074736116073294,0.0100702480417933,-220.0,155.0,-200.0,185.0
904,0.0,0.0,0.0,-0.015450842501098044,0.0316294610237879,1.2,-7196.701952222783,-1.0,0.0,-0.11204054895036225,-0.09968617525596626,793.5586367426663,57829.86892557169,0.03634360570210024,1,0.16181423940044626,0.0,0.23634736132997358,0.12663303670802076,0.5357920477530678,0.0,0.0,0.1537719968506843,2025-10-04,chris gutierrez,farid basharat,0.820457631249085,0.179542368750915,0.820457631249085,0,0.0,0,225.0,-333.0,0.0,1.2,5.3,0.2164542013222221,0.0481394191137471,0.0286060063614704,0.0548316593126138,0.0245334200524655,0.0146707596682225,0.0073418189481296,350.0,-600.0,430.0,-500.0
905,0.0,0.0,0.0,-0.030432895526539633,0.0316294610237879,1.1540832049306626,-7196.701952222783,-1.0,0.0,-0.11204054895036225,-0.09968617525596626,793.5586367426663,57829.86892557169,0.03634360570210024,1,0.16181423940044626,0.0,0.23634736132997358,0.12663303670802076,0.5357920477530678,0.0,0.0,0.1537719968506843,2025-10-04,veronica hardy,brogan walker,0.840118892928272,0.840118892928272,0.1598811070717279,1,1.0,1,-549.0,350.0,0.0,7.25,1.1540832049306626,0.2164542013222221,0.0217506013680772,0.0463884159234824,0.0223424093307764,0.0619147968776492,0.0013907199692106,0.0030289660489285,-925.0,450.0,-649.0,625.0
906,2095.5406813272884,0.042411258489671394,0.7692307692307692,0.14436939386547482,0.0316294610237879,1.7692307692307692,-7196.701952222783,-1.0,0.032624044992054915,-0.11204054895036225,-0.09968617525596626,793.5586367426663,57829.86892557169,0.03634360570210024,1,0.16181423940044626,0.03015832386417424,0.23634736132997358,0.12663303670802076,0.5357920477530678,0.16509512798642717,0.17150264504919122,0.1537719968506843,2025-10-04,daniel santos,joosang yoo,0.6468174834891814,0.6468174834891814,0.3531825165108185,1,1.0,1,102.0,-130.0,0.19612364072672203,2.25,1.7692307692307692,0.2164542013222221,0.0311918528392191,0.0290750434156238,0.0404361667800966,0.0466492510446207,0.0045666922716053,0.005095143477187,-157.0,110.0,-130.0,125.0
907,1043.6083548628062,0.04549223665005575,0.3571428571428572,0.008855593009283291,0.0316294610237879,1.3571428571428572,-7196.701952222783,-1.0,0.016247227375019914,-0.11204054895036225,-0.09968617525596626,793.5586367426663,57829.86892557169,0.03634360570210024,1,0.16181423940044626,0.006995859064234046,0.23634736132997358,0.12663303670802076,0.5357920477530678,0.014716157927120423,0.027377072536103914,0.1537719968506843,2025-10-04,edmen shahbazyan,andre muniz,0.7433672790594719,0.7433672790594719,0.2566327209405281,1,1.0,1,-250.0,175.0,0.045495013445309984,3.6,1.3571428571428572,0.2164542013222221,0.0316294610237879,0.0462926168982899,0.0235256614688303,0.0396451033729031,0.0057068304929865,0.0089130525479491,-333.0,240.0,-280.0,260.0
908,757.4983954246408,0.0687683830149724,0.19047619047619047,0.008003252989157966,0.015235001794708,1.1904761904761905,-4121.762380471973,-1.0,0.013098739621899504,-0.07127393606540544,-0.027214980107957226,2547.923648016766,56256.03019311648,0.03634360570210024,1,1.0989830508474576,0.023146867132094504,0.10798193711187855,0.03575414811690678,0.3311123051984372,0.01813087521943977,0.030357296836402557,0.3365711587896886,2025-10-11,vicente luque,joel alvarez,0.8467227325108927,0.1532772674891073,0.8467227325108927,0,0.0,0,330.0,-400.0,0.0687725805601726,1.1904761904761905,5.75,0.25499265838426377,0.0210374942515207,0.011520645283363,0.0465092093445847,0.0201574573220818,0.0093160134839013,0.0045970299943595,400.0,-650.0,475.0,-525.0
909,2008.7393845807126,0.03890356579617922,0.8928571428571428,0.1020243502450684,0.015235001794708,1.8928571428571428,-4121.762380471973,-1.0,0.034735326603731444,-0.07127393606540544,-0.027214980107957226,2547.923648016766,56256.03019311648,0.03634360570210024,1,1.0989830508474576,0.03777586154851667,0.10798193711187855,0.03575414811690678,0.3311123051984372,0.1082144345999839,0.10581716524060918,0.3365711587896886,2025-10-11,jafel filho,clayton carpenter,0.5822015435256965,0.5822015435256965,0.4177984564743034,1,1.0,1,-150.0,130.0,0.1122373696081353,2.13,1.8928571428571428,0.25499265838426377,0.0160173649636899,0.0187652437319623,0.048421780262274,0.0506955571739555,-0.0010785554887406,-0.001135989643689,-133.0,-112.0,-112.0,113.0
910,-2067.6568560475866,0.03575413353795954,-1.0,0.15388679261453664,0.015235001794708,2.05,-4121.762380471973,-1.0,-0.03575413353795953,-0.07127393606540544,-0.027214980107957226,2547.923648016766,56256.03019311648,0.03634360570210024,1,1.0989830508474576,0.04932748201209197,0.10798193711187855,0.03575414811690678,0.3311123051984372,0.15074802663364403,0.14961039209733182,0.3365711587896886,2025-10-11,charles oliveira,mateusz gamrot,0.5628716061534326,0.4371283938465674,0.5628716061534326,0,1.0,0,-125.0,-102.0,0.14655885010906408,2.05,1.9523809523809523,0.25499265838426377,0.0294867742267166,0.0310192763783439,0.0502289057254486,0.0507811952846522,1.1102230246251564e-14,-1.1046719095020308e-14,-125.0,-120.0,-105.0,105.0
911,-4133.109659629976,0.07147015437557673,-1.0,0.08372050089557637,0.015235001794708,1.303030303030303,-4121.762380471973,-1.0,-0.07147015437557672,-0.07127393606540544,-0.027214980107957226,2547.923648016766,56256.03019311648,0.03634360570210024,1,1.0989830508474576,0.10563219598527096,0.10798193711187855,0.03575414811690678,0.3311123051984372,0.15022081903565976,0.17491260302921596,0.3365711587896886,2025-10-11,deiveson figueiredo,montel jackson,0.8316924774314889,0.168307522568511,0.8316924774314889,0,1.0,0,190.0,-225.0,0.3138480325085632,1.303030303030303,3.75,0.25499265838426377,0.021738976024301,0.0153963024902878,0.0401929323625033,0.0232991311295601,0.0213747626241244,0.0127337645076586,250.0,-350.0,275.0,-330.0
912,0.0,0.022061737985507687,0.0,-0.00039616667388209237,0.015235001794708,1.8333333333333333,-4121.762380471973,-1.0,0.0,-0.07127393606540544,-0.027214980107957226,2547.923648016766,56256.03019311648,0.03634360570210024,1,1.0989830508474576,0.007425344718696812,0.10798193711187855,0.03575414811690678,0.3311123051984372,-0.00043310459157734724,0.020180172475072714,0.3365711587896886,2025-10-11,jhonata diniz,mario pinto,0.5452384545415189,0.5452384545415189,0.4547615454584811,1,0.0,1,-170.0,145.0,0.022061737985507687,2.1,1.8333333333333333,0.25499265838426377,0.0168726862316835,0.0209202087040684,0.0358064799603876,0.0386616051459952,0.0104752559866196,0.0111697656584019,-135.0,100.0,-120.0,110.0
913,1101.4721932841587,0.09523384833378906,0.19999999999999996,0.07729153568913555,0.015235001794708,1.2,-4121.762380471973,-1.0,0.019046769666757807,-0.07127393606540544,-0.027214980107957226,2547.923648016766,56256.03019311648,0.03634360570210024,1,1.0989830508474576,0.13878324689326746,0.10798193711187855,0.03575414811690678,0.3311123051984372,0.17219822050512695,0.18508167572302225,0.3365711587896886,2025-10-11,julia polastri,karolina kowalkiewicz,0.897742946407613,0.897742946407613,0.102257053592387,1,1.0,1,-400.0,330.0,0.41234444267991543,5.3,1.2,0.25499265838426377,0.011520645283363,0.0210374942515207,0.0245334200524655,0.0548316593126138,0.0073418189481296,0.0146707596682225,-600.0,350.0,-500.0,430.0
914,1485.2113406390554,0.06163782287179885,0.41666666666666674,0.11325074775979038,0.015235001794708,1.4166666666666667,-4121.762380471973,-1.0,0.02568242619658286,-0.07127393606540544,-0.027214980107957226,2547.923648016766,56256.03019311648,0.03634360570210024,1,1.0989830508474576,0.08860648922834848,0.10798193711187855,0.03575414811690678,0.3311123051984372,0.1774250762554178,0.16804078780427797,0.3365711587896886,2025-10-11,lucas almeida,michael aswell jr,0.7858240572422049,0.214175942757795,0.7858240572422049,0,0.0,0,115.0,-140.0,0.26326227579029,1.4166666666666667,3.5,0.25499265838426377,0.0256281517431981,0.0228214606599026,0.0558536211124209,0.0339199932513573,-0.0049942469423515,-0.0034091144021863,205.0,-320.0,250.0,-240.0
915,1218.4169938759114,0.0621535237536146,0.3389830508474576,0.029748542655832377,0.015235001794708,1.3389830508474576,-4121.762380471973,-1.0,0.021068991102920202,-0.07127393606540544,-0.027214980107957226,2547.923648016766,56256.03019311648,0.03634360570210024,1,1.0989830508474576,0.04230292079371868,0.10798193711187855,0.03575414811690678,0.3311123051984372,0.05039763338130854,0.07419062134142365,0.3365711587896886,2025-10-11,vitor petrino,thomas petersen,0.7690527090720773,0.7690527090720773,0.2309472909279226,1,1.0,1,-225.0,190.0,0.12568789597373756,3.55,1.3389830508474576,0.25499265838426377,0.0153963024902878,0.021738976024301,0.0235256614688303,0.0396451033729031,0.0109828680414668,0.0175427158415782,-333.0,240.0,-295.0,255.0
916,2177.35185588985,0.0355198025274459,1.06,0.11828217281722564,0.015235001794708,2.06,-4121.762380471973,-1.0,0.03765099067909266,-0.07127393606540544,-0.027214980107957226,2547.923648016766,56256.03019311648,0.03634360570210024,1,1.0989830508474576,0.03685919362578191,0.10798193711187855,0.03575414811690678,0.3311123051984372,0.11515099585718008,0.1124917123023402,0.3365711587896886,2025-10-11,lucas rocha,stewart nicoll,0.5428554236976824,0.5428554236976824,0.4571445763023176,1,1.0,1,170.0,-200.0,0.10951382096531308,1.9523809523809523,2.06,0.25499265838426377,0.0211927359067407,0.0158443011302963,0.0559391115498085,0.0547328252090848,-0.0011979506991676,-0.0011700341457293,-120.0,-130.0,106.0,-105.0
917,0.0,0.0,0.0,-0.02660237612111621,0.015235001794708,1.2857142857142856,-4121.762380471973,-1.0,0.0,-0.07127393606540544,-0.027214980107957226,2547.923648016766,56256.03019311648,0.03634360570210024,1,1.0989830508474576,0.0,0.10798193711187855,0.03575414811690678,0.3311123051984372,0.0,0.0,0.3365711587896886,2025-10-11,luan lacerda,saimon oliveira,0.7570870407946875,0.7570870407946875,0.2429129592053125,1,1.0,1,-200.0,150.0,0.0,4.1,1.2857142857142856,0.25499265838426377,0.0287452808578468,0.0379213858088197,0.0261726437626684,0.047523501362048,0.0079721434521814,0.0137080733499867,-390.0,260.0,-350.0,310.0
918,0.0,0.0,0.0,-0.08469603123597447,0.015235001794708,1.5,-4121.762380471973,-1.0,0.0,-0.07127393606540544,-0.027214980107957226,2547.923648016766,56256.03019311648,0.03634360570210024,1,1.0989830508474576,0.0,0.10798193711187855,0.03575414811690678,0.3311123051984372,0.0,0.0,0.3365711587896886,2025-10-11,ricardo ramos,kaan ofli,0.6102026458426837,0.6102026458426837,0.3897973541573163,1,0.0,1,-155.0,135.0,0.0,3.05,1.5,0.25499265838426377,0.015235001794708,0.0181400503538111,0.0385181509057216,0.0559957002621218,-0.0023186844320541,-0.0031457964422627,-250.0,163.0,-200.0,205.0
919,-2065.822050982458,0.03672178864898351,-1.0,0.11958031758174514,0.0136896222945035,1.9523809523809523,10999.843960270631,2.4314574314574315,-0.03672178864898351,0.19553181983353987,0.0991387054306012,-5422.693954260249,61833.18019912686,0.03634360570210024,1,-1.7186147186147187,0.0754600559464905,0.0707448299948729,0.02295251585382308,0.3244408934969032,0.12255058765852705,0.14332703686581244,0.5137280802672672,2025-10-18,kevin holland,mike malott,0.573443577297967,0.573443577297967,0.426556422702033,1,0.0,1,110.0,-150.0,0.14688715459593404,1.9523809523809523,1.9523809523809523,-0.0632428631952488,0.0405383694346594,0.0356521067558167,0.0403899459927181,0.0399483203920599,0.0121951219512195,0.0121951219512195,-115.0,-120.0,-105.0,-105.0
920,1582.9681013956608,0.04924261751020905,0.5714285714285714,0.10124617575020722,0.0136896222945035,1.5714285714285714,10999.843960270631,2.4314574314574315,0.02813863857726231,0.19553181983353987,0.0991387054306012,-5422.693954260249,61833.18019912686,0.03634360570210024,1,-1.7186147186147187,0.10151144131086176,0.0707448299948729,0.02295251585382308,0.3244408934969032,0.1335563830590422,0.14979443125324785,0.5137280802672672,2025-10-18,charles jourdain,davey grant,0.7007930209319501,0.7007930209319501,0.2992069790680499,1,1.0,1,-200.0,170.0,0.19759761089572989,2.6,1.5714285714285714,-0.0632428631952488,0.0158443011302963,0.0211927359067407,0.0314687124102657,0.0403703680495044,0.0092525797802403,0.0117264411987806,-190.0,140.0,-175.0,160.0
921,-2940.561834145755,0.052271051193113933,-1.0,0.022747402410569884,0.0136896222945035,1.4761904761904765,10999.843960270631,2.4314574314574315,-0.052271051193113933,0.19553181983353987,0.0991387054306012,-5422.693954260249,61833.18019912686,0.03634360570210024,1,-1.7186147186147187,0.03129837814131862,0.0707448299948729,0.02295251585382308,0.3244408934969032,0.03284717685535353,0.0421912400703308,0.5137280802672672,2025-10-18,reinier de ridder,brendan allen,0.6928288855039343,0.6928288855039343,0.3071711144960657,1,0.0,1,-175.0,140.0,0.06092401669972104,3.0,1.4761904761904765,-0.0632428631952488,0.0236091506105913,0.0294211524197116,0.0342356681559874,0.0490051753512268,0.0045186736995186,0.0062340144725243,-240.0,165.0,-210.0,200.0
922,1797.632066654268,0.0421799106662521,0.7575757575757576,0.15788153206430983,0.0136896222945035,1.7575757575757576,10999.843960270631,2.4314574314574315,0.03195447777746371,0.19553181983353987,0.0991387054306012,-5422.693954260249,61833.18019912686,0.03634360570210024,1,-1.7186147186147187,0.12179244262749402,0.0707448299948729,0.02295251585382308,0.3244408934969032,0.18116482383560722,0.2066067432048587,0.5137280802672672,2025-10-18,marlon vera,aiemann zahabi,0.6587946647952108,0.3412053352047893,0.6587946647952108,0,0.0,0,105.0,-138.0,0.23707569686307872,1.7575757575757576,2.15,-0.0632428631952488,0.0354005882336351,0.0322362225882545,0.0337117445744432,0.0303908195281207,0.0178827412183016,0.016199055092845,108.0,-140.0,115.0,-132.0
923,2048.663909461706,0.038237627105049465,0.9523809523809523,0.1345362721782405,0.0136896222945035,1.9523809523809523,10999.843960270631,2.4314574314574315,0.03641678771909473,0.19553181983353987,0.0991387054306012,-5422.693954260249,61833.18019912686,0.03634360570210024,1,-1.7186147186147187,0.06529581689771508,0.0707448299948729,0.02295251585382308,0.3244408934969032,0.13852276310557537,0.12344408892834748,0.5137280802672672,2025-10-18,kyle nelson,matt frevola,0.5811039442864159,0.5811039442864159,0.4188960557135841,1,1.0,1,-170.0,145.0,0.12710190352792258,2.12,1.9523809523809523,-0.0632428631952488,0.0168726862316835,0.0209202087040684,0.0564627941134108,0.0579572685825139,-0.0079137459606215,-0.0081930188806118,-132.0,-120.0,-105.0,112.0
924,-3013.9121965145814,0.053574917856243714,-1.0,0.09382944930973491,0.0136896222945035,1.5,10999.843960270631,2.4314574314574315,-0.05357491785624371,0.19553181983353987,0.0991387054306012,-5422.693954260249,61833.18019912686,0.03634360570210024,1,-1.7186147186147187,0.09939075249224764,0.0707448299948729,0.02295251585382308,0.3244408934969032,0.13291664927854496,0.1365753923335997,0.5137280802672672,2025-10-18,bruno silva,hyunsung park,0.7292196328731566,0.2707803671268433,0.7292196328731566,0,1.0,0,250.0,-300.0,0.19346957332085013,1.5,2.95,-0.0632428631952488,0.022024663419782,0.0136896222945035,0.0502397771009109,0.0344163075551738,0.0032482066683378,0.0024015108457864,170.0,-250.0,195.0,-200.0
925,-2831.6619501290893,0.05033526077841826,-1.0,0.07111419451218448,0.0136896222945035,1.5319148936170213,10999.843960270631,2.4314574314574315,-0.05033526077841826,0.19553181983353987,0.0991387054306012,-5422.693954260249,61833.18019912686,0.03634360570210024,1,-1.7186147186147187,0.08117798559048357,0.0707448299948729,0.02295251585382308,0.3244408934969032,0.09696463229663854,0.11589051846552552,0.5137280802672672,2025-10-18,cody gibson,aoriqileng,0.6991995436398982,0.6991995436398982,0.3008004563601018,1,0.0,1,145.0,-170.0,0.15801741954274856,2.7,1.5319148936170213,-0.0632428631952488,0.0209202087040684,0.0168726862316835,0.0287452808578468,0.0379213858088197,0.0100303663013401,0.013117781846808,-200.0,150.0,-188.0,170.0
926,0.0,0.0,0.0,-0.05090752030819368,0.0136896222945035,1.4,10999.843960270631,2.4314574314574315,0.0,0.19553181983353987,0.0991387054306012,-5422.693954260249,61833.18019912686,0.03634360570210024,1,-1.7186147186147187,0.0,0.0707448299948729,0.02295251585382308,0.3244408934969032,0.0,0.0,0.5137280802672672,2025-10-18,danny barlow,djorden santos,0.6779231997798617,0.6779231997798617,0.3220768002201383,1,0.0,1,-200.0,170.0,0.0,3.1,1.4,-0.0632428631952488,0.0158443011302963,0.0211927359067407,0.0262663073127574,0.040400359353909,0.0148558191630255,0.0220105402839789,-275.0,200.0,-250.0,210.0
927,0.0,0.0,0.0,-0.05875103741203663,0.0136896222945035,1.3333333333333333,10999.843960270631,2.4314574314574315,0.0,0.19553181983353987,0.0991387054306012,-5422.693954260249,61833.18019912686,0.03634360570210024,1,-1.7186147186147187,0.0,0.0707448299948729,0.02295251585382308,0.3244408934969032,0.0,0.0,0.5137280802672672,2025-10-18,stephanie luciano,ravena oliveira,0.7059367219409726,0.7059367219409726,0.2940632780590274,1,1.0,1,-325.0,275.0,0.0,3.65,1.3333333333333333,-0.0632428631952488,0.011763076572451,0.0196094724471568,0.0280783251686388,0.0470558429887851,0.0091879215187772,0.0147846812209487,-330.0,225.0,-300.0,265.0
928,0.0,0.0,0.0,-0.1836226687836954,0.0136896222945035,1.3448275862068966,10999.843960270631,2.4314574314574315,0.0,0.19553181983353987,0.0991387054306012,-5422.693954260249,61833.18019912686,0.03634360570210024,1,-1.7186147186147187,0.0,0.0707448299948729,0.02295251585382308,0.3244408934969032,0.0,0.0,0.5137280802672672,2025-10-18,kyle prepolec,drew dober,0.6070498103916111,0.3929501896083889,0.6070498103916111,0,0.0,0,250.0,-300.0,0.0,1.3448275862068966,4.0,-0.0632428631952488,0.022024663419782,0.0136896222945035,0.0609500366142162,0.0331676104446071,-0.0039284272585102,-0.0024818291517462,240.0,-400.0,300.0,-290.0
929,2082.4213478667325,0.04243435142527465,0.7936507936507935,0.13711465413589186,0.0237995764494319,1.7936507936507935,-5064.537823836207,-1.0,0.03367805668672591,-0.08190647493023047,-0.1624386672653313,-4979.561560487033,51789.080814803616,0.03634360570210024,1,-1.7952196382428942,0.0675971816066972,0.08470382138054075,0.028336627867614973,0.33453777416144803,0.1550321933479528,0.13933671318596758,0.42906689579945634,2025-10-25,ludovit klein,mateusz rebecki,0.6339665770846123,0.6339665770846123,0.3660334229153876,1,1.0,1,130.0,-150.0,0.15754462128975752,2.35,1.7936507936507935,0.06085110771201514,0.0187652437319623,0.0160173649636899,0.04131702533772,0.0472953426864125,-0.0079938284456921,-0.0089521327668853,-155.0,108.0,-126.0,135.0
930,0.0,0.007463153450830378,0.0,-0.010225051429180398,0.0237995764494319,1.5494505494505495,-5064.537823836207,-1.0,0.0,-0.08190647493023047,-0.1624386672653313,-4979.561560487033,51789.080814803616,0.03634360570210024,1,-1.7952196382428942,0.003202192084022791,0.08470382138054075,0.028336627867614973,0.33453777416144803,-0.013714925502777595,0.005564093501138667,0.42906689579945634,2025-10-25,alexander volkov,jailton almeida,0.6387909242549261,0.3612090757450739,0.6387909242549261,0,1.0,0,210.0,-250.0,0.007463153450830378,1.5494505494505495,2.66,0.06085110771201514,0.0220105402839789,0.0148558191630255,0.0365900432683323,0.0278394869330098,0.0120147449784062,0.0093151755676396,150.0,-198.0,166.0,-182.0
931,-2440.686925524124,0.03947212350495582,-1.0,0.24676974681043073,0.0237995764494319,1.9090909090909087,-5064.537823836207,-1.0,-0.03947212350495582,-0.08190647493023047,-0.1624386672653313,-4979.561560487033,51789.080814803616,0.03634360570210024,1,-1.7952196382428942,0.12017427360036981,0.08470382138054075,0.028336627867614973,0.33453777416144803,0.2614151039121229,0.26439165079338844,0.42906689579945634,2025-10-25,aleksandar rakic,azamat murzakanov,0.6530698673768924,0.6530698673768924,0.3469301326231075,1,0.0,1,115.0,-135.0,0.2800828373777376,2.05,1.9090909090909087,0.06085110771201514,0.0208335315063746,0.0187508326697758,0.0408635304988034,0.0424173589494868,0.0057123740755625,0.0059020277827417,-127.0,-110.0,-110.0,105.0
932,1013.4933668783742,0.0917883058293521,0.1785714285714286,0.04094519155719717,0.0237995764494319,1.1785714285714286,-5064.537823836207,-1.0,0.016390768898098592,-0.08190647493023047,-0.1624386672653313,-4979.561560487033,51789.080814803616,0.03634360570210024,1,-1.7952196382428942,0.10877551777683246,0.08470382138054075,0.028336627867614973,0.33453777416144803,0.09600898513273644,0.10811779481761051,0.42906689579945634,2025-10-25,umar nurmagomedov,mario bautista,0.88322622313944,0.88322622313944,0.11677377686056,1,1.0,1,-430.0,300.0,0.2535164535920608,6.0,1.1785714285714286,0.06085110771201514,0.0211528338556065,0.0401679208613745,0.0198537758182704,0.0474539164894218,0.0049166645944902,0.0102348505570248,-700.0,420.0,-560.0,500.0
933,-1965.173385008427,0.031781858521263265,-1.0,0.1364993029007735,0.0237995764494319,2.25,-5064.537823836207,-1.0,-0.031781858521263265,-0.08190647493023047,-0.1624386672653313,-4979.561560487033,51789.080814803616,0.03634360570210024,1,-1.7952196382428942,0.05298105921570356,0.08470382138054075,0.028336627867614973,0.33453777416144803,0.12243940158008902,0.13765908021586076,0.42906689579945634,2025-10-25,virna jandiroba,mackenzie dern,0.5051108012892327,0.5051108012892327,0.4948891987107673,1,0.0,1,-215.0,164.0,0.12347971781180396,1.7462686567164178,2.25,0.06085110771201514,0.0258805609682243,0.035447000359337,0.0447138948240805,0.0398651767730872,0.0090511155819305,0.0080429015120865,105.0,-148.0,125.0,-134.0
934,1072.3272820832337,0.07457173152195425,0.2325581395348837,0.016273143129621304,0.0237995764494319,1.2325581395348837,-5064.537823836207,-1.0,0.017342263144640522,-0.08190647493023047,-0.1624386672653313,-4979.561560487033,51789.080814803616,0.03634360570210024,1,-1.7952196382428942,0.04546632663468482,0.08470382138054075,0.028336627867614973,0.33453777416144803,0.03324703028247047,0.0518660822748057,0.42906689579945634,2025-10-25,hamdy abdelwahab,chris barnett,0.824523493482523,0.824523493482523,0.175476506517477,1,1.0,1,-230.0,195.0,0.1059655897012748,4.75,1.2325581395348837,0.06085110771201514,0.0148153165095695,0.0211374313075851,0.0195324196052418,0.0390006695084,0.0075956458130015,0.0142514246934533,-480.0,333.0,-430.0,375.0
935,-4741.943246782822,0.07668929903834677,-1.0,0.028074550142188265,0.0237995764494319,1.2298850574712643,-5064.537823836207,-1.0,-0.07668929903834677,-0.08190647493023047,-0.1624386672653313,-4979.561560487033,51789.080814803616,0.03634360570210024,1,-1.7952196382428942,0.06678801908211249,0.08470382138054075,0.028336627867614973,0.33453777416144803,0.057740106031122396,0.07568482014296601,0.42906689579945634,2025-10-25,jaqueline amorim,mizuki,0.8359110828258914,0.8359110828258914,0.1640889171741085,1,0.0,1,-400.0,330.0,0.1556587556298654,4.8,1.2298850574712643,0.06085110771201514,0.011520645283363,0.0210374942515207,0.0316056977958929,0.0648855302742824,0.007423685477514,0.0139937600053522,-500.0,280.0,-435.0,380.0
936,0.0,0.0,0.0,-0.06262485646615368,0.0237995764494319,1.5,-5064.537823836207,-1.0,0.0,-0.08190647493023047,-0.1624386672653313,-4979.561560487033,51789.080814803616,0.03634360570210024,1,-1.7952196382428942,0.0,0.08470382138054075,0.028336627867614973,0.33453777416144803,0.0,0.0,0.42906689579945634,2025-10-25,ikram aliskerov,junyong park,0.6249167623558975,0.6249167623558975,0.3750832376441024,1,1.0,1,-350.0,285.0,0.0,2.9,1.5,0.06085110771201514,0.0137757898776073,0.0237422476404303,0.0477530530216476,0.065883310614716,0.0048908886268876,0.0066033642466755,-230.0,140.0,-200.0,190.0
937,0.0,0.0,0.0,-0.12673672513291695,0.0237995764494319,1.6666666666666663,-5064.537823836207,-1.0,0.0,-0.08190647493023047,-0.1624386672653313,-4979.561560487033,51789.080814803616,0.03634360570210024,1,-1.7952196382428942,0.0,0.08470382138054075,0.028336627867614973,0.33453777416144803,0.0,0.0,0.42906689579945634,2025-10-25,nathaniel wood,jose delgado,0.5239579649202499,0.47604203507975,0.5239579649202499,0,1.0,0,-115.0,-105.0,0.0,1.6666666666666663,2.3600000000000003,0.06085110771201514,0.0232792664320201,0.0237995764494319,0.0395132920372828,0.0333527731951945,0.012842786447449,0.0108860271118729,120.0,-162.0,136.0,-150.0
938,0.0,0.0,0.0,-0.04482797735336652,0.0160173649636899,1.625,-4333.244728157694,-1.0,0.0,-0.08367101056790838,0.036652481069899934,6231.443032349802,53687.27911899572,0.03634360570210024,1,2.9775257001063453,0.0,0.09415819067433953,0.041057388587487316,0.43604691523322237,0.0,0.0,0.3859845377424482,2025-11-01,ketlen vieira,norma dumont,0.5877981677825437,0.4122018322174562,0.5877981677825437,0,0.0,0,110.0,-150.0,0.0,1.625,2.46,0.24253021891229112,0.0405383694346594,0.0356521067558167,0.0385096915225427,0.0313094135234744,0.0120126133750463,0.0098760670502194,130.0,-174.0,146.0,-160.0
939,1336.4469697423096,0.05161114847824423,0.5,0.0467612945541514,0.0160173649636899,1.5,-4333.244728157694,-1.0,0.025805574239122116,-0.08367101056790838,0.036652481069899934,6231.443032349802,53687.27911899572,0.03634360570210024,1,2.9775257001063453,0.042196171820840386,0.09415819067433953,0.041057388587487316,0.43604691523322237,0.06587684771921427,0.07759913154706315,0.3859845377424482,2025-11-01,talita alencar,ariane carnelossi,0.6978408630361009,0.6978408630361009,0.302159136963899,1,1.0,1,-310.0,230.0,0.1093208864470011,2.88,1.5,0.24253021891229112,0.0224810447667491,0.0366468192391635,0.0290887615654049,0.040577421308325,0.0059124538038086,0.0079764350850802,-225.0,165.0,-200.0,188.0
940,0.0,0.0,0.0,-0.07694092548797882,0.0160173649636899,1.5555555555555556,-4333.244728157694,-1.0,0.0,-0.08367101056790838,0.036652481069899934,6231.443032349802,53687.27911899572,0.03634360570210024,1,2.9775257001063453,0.0,0.09415819067433953,0.041057388587487316,0.43604691523322237,0.0,0.0,0.3859845377424482,2025-11-01,phil rowe,seokhyeon ko,0.5933951193291565,0.4066048806708435,0.5933951193291565,0,0.0,0,170.0,-200.0,0.0,1.5555555555555556,2.65,0.24253021891229112,0.0211927359067407,0.0158443011302963,0.039118599946652,0.0300616145120127,0.0113647565166603,0.0088508769065202,145.0,-195.0,165.0,-180.0
941,1016.9119525972343,0.06872475390744813,0.2857142857142856,0.03370310010191005,0.0160173649636899,1.2857142857142856,-4333.244728157694,-1.0,0.019635643973556598,-0.08367101056790838,0.036652481069899934,6231.443032349802,53687.27911899572,0.03634360570210024,1,2.9775257001063453,0.05732172616253693,0.09415819067433953,0.041057388587487316,0.43604691523322237,0.06231842151243304,0.08031612712903138,0.3859845377424482,2025-11-01,alice ardelean,montserrat conejo ruiz,0.8039913000792634,0.8039913000792634,0.1960086999207365,1,1.0,1,-500.0,385.0,0.14850783012656688,4.1,1.2857142857142856,0.24253021891229112,0.0130934159671677,0.0264254843764749,0.0222663835266408,0.0408915112102011,0.0079721434521814,0.0137080733499867,-400.0,280.0,-350.0,310.0
942,1902.0592889666611,0.03672703317072521,1.0,0.24095970555827484,0.0160173649636899,2.0,-4333.244728157694,-1.0,0.03672703317072521,-0.08367101056790838,0.036652481069899934,6231.443032349802,53687.27911899572,0.03634360570210024,1,2.9775257001063453,0.09858263176339033,0.09415819067433953,0.041057388587487316,0.43604691523322237,0.24277934462669717,0.25349137639209945,0.3859845377424482,2025-11-01,timmy cuamba,changho lee,0.6204798527791374,0.6204798527791374,0.3795201472208626,1,1.0,1,155.0,-180.0,0.2554056500293556,1.925925925925926,2.0,0.24253021891229112,0.0196241763171906,0.0153898292850502,0.0403899459927181,0.0399483203920599,0.0097005466611789,0.0095302225695902,-115.0,-120.0,100.0,-108.0
943,1046.6181221655977,0.06264865349349713,0.3225806451612905,0.014215062272191964,0.0160173649636899,1.3225806451612905,-4333.244728157694,-1.0,0.020209243062418437,-0.08367101056790838,0.036652481069899934,6231.443032349802,53687.27911899572,0.03634360570210024,1,2.9775257001063453,0.03351562870997348,0.09415819067433953,0.041057388587487316,0.43604691523322237,0.024642164333812132,0.05008957885052253,0.3859845377424482,2025-11-01,allan nascimento,cody durden,0.7668455348887304,0.7668455348887304,0.2331544651112695,1,1.0,1,-300.0,250.0,0.08683153192094213,3.65,1.3225806451612905,0.24253021891229112,0.0136896222945035,0.022024663419782,0.0216282284600793,0.0368133299814789,0.0114222609203347,0.0186479027950011,-340.0,250.0,-310.0,265.0
944,0.0,0.0,0.0,-0.08325748805540983,0.0160173649636899,1.6134969325153374,-4333.244728157694,-1.0,0.0,-0.08367101056790838,0.036652481069899934,6231.443032349802,53687.27911899572,0.03634360570210024,1,2.9775257001063453,0.0,0.09415819067433953,0.041057388587487316,0.43604691523322237,0.0,0.0,0.3859845377424482,2025-11-01,charles radtke,daniel frunza,0.5681712146272555,0.5681712146272555,0.4318287853727445,1,1.0,1,-175.0,150.0,0.0,2.55,1.6134969325153374,0.24253021891229112,0.016106388422954,0.0202572479406822,0.0371812767736244,0.0467241389395716,0.0053420528861958,0.006586672976773,-185.0,130.0,-163.0,155.0
945,-2431.185439191033,0.04694397739718316,-1.0,0.3010503357011891,0.0160173649636899,1.847457627118644,-4333.244728157694,-1.0,-0.04694397739718316,-0.08367101056790838,0.036652481069899934,6231.443032349802,53687.27911899572,0.03634360570210024,1,2.9775257001063453,0.10453251268402437,0.09415819067433953,0.041057388587487316,0.43604691523322237,0.34193611598484275,0.23843808427838684,0.3859845377424482,2025-11-01,isaac dulgarian,yadier del valle,0.7042382551043134,0.7042382551043134,0.2957617448956866,1,0.0,1,-240.0,205.0,0.2708204667871299,2.9,1.847457627118644,0.24253021891229112,0.0137453826296485,0.0200058227705441,0.1074235827583591,0.1353533582247985,-0.0531066462373979,-0.0607813638859808,-235.0,-118.0,-118.0,190.0
946,0.0,0.0,0.0,-0.02678699071174545,0.0160173649636899,1.7246376811594204,-4333.244728157694,-1.0,0.0,-0.08367101056790838,0.036652481069899934,6231.443032349802,53687.27911899572,0.03634360570210024,1,2.9775257001063453,0.0,0.09415819067433953,0.041057388587487316,0.43604691523322237,0.0,0.0,0.3859845377424482,2025-11-01,jeremiah wells,themba gorimbo,0.5642999801755425,0.4357000198244575,0.5642999801755425,0,1.0,0,155.0,-180.0,0.0,1.7246376811594204,2.35,0.24253021891229112,0.0196241763171906,0.0153898292850502,0.0541581140915472,0.0460925124748687,0.0028679897288758,0.0024958579378502,110.0,-166.0,135.0,-138.0
947,1933.5147016286107,0.033940371410140016,1.1,0.11724858720943543,0.0160173649636899,2.1,-4333.244728157694,-1.0,0.03733440855115402,-0.08367101056790838,0.036652481069899934,6231.443032349802,53687.27911899572,0.03634360570210024,1,2.9775257001063453,0.04834187234313188,0.09415819067433953,0.041057388587487316,0.43604691523322237,0.11195179834410937,0.1311686666122532,0.3859845377424482,2025-11-01,waldo cortes acosta,ante delija,0.5320231367663978,0.5320231367663978,0.4679768632336022,1,1.0,1,145.0,-170.0,0.1252430281945347,1.8333333333333333,2.1,0.24253021891229112,0.0209202087040684,0.0168726862316835,0.0415743006321754,0.0382576321409336,0.0111697656584019,0.0104752559866196,100.0,-138.0,110.0,-120.0
948,1427.0774364404201,0.03582223584941959,0.7692307692307692,0.008157421543377397,0.0160173649636899,1.7692307692307692,-4333.244728157694,-1.0,0.027555566038015067,-0.08367101056790838,0.036652481069899934,6231.443032349802,53687.27911899572,0.03634360570210024,1,2.9775257001063453,0.013827673119428594,0.09415819067433953,0.041057388587487316,0.43604691523322237,0.009271070762763785,0.031521161096885617,0.3859845377424482,2025-11-01,steve garcia,david onama,0.5698281078288655,0.5698281078288655,0.4301718921711345,1,1.0,1,-150.0,130.0,0.035824422398638256,2.18,1.7692307692307692,0.24253021891229112,0.0160173649636899,0.0187652437319623,0.0265680525498327,0.0294543564137525,0.0113725337539204,0.0125604538807027,-138.0,110.0,-130.0,118.0
